"SampleID","L1","L2","L3","L4","L5","L6","L7","L8","L9","L10","MG1","MG2","MG3","MG4","MG5","MG6","MG7","MG8","MG9","MG10","MG11","MG12","MG13","MG14","MG15","MG16","MG17","MG18","MG19","MG20","MG21","MG22","MG23","MG24","MG25","MG26","MG27","MG28","MG29","MG30","MG31","MG32","MG33","MG34","MG35","MG36","MG37","MG38","MG39","MG40","MG41","MG42","MG43","MG44","MG45","MG46","MG47","MG48","MG49","MG50","MG51","MG52","MG53","MG54","MG55","MG56","MG57","MG58","MG59","MG60","MG61","MG62","MG63","MG64","MG65","MG66","MG67","MG68","MG69","MG70","MG71","MG72","MG73","MG74","MG75","MG76","MG77","MG78","MG79","MG80","MG81","MG82","MG83","MG84","MG85"
1216932,28082,38808,44887,36624,41212,62574,60490,60907,42343,54642,48592,47827,43245,60308,62250,59825,32701,56700,33978,45093,57043,59439,60171,49066,51910,55626,66380,69943,45981,67710,39901,68556,53420,59575,35089,58259,29831,62310,49089,66385,57797,67915,44192,55517,58559,63789,37555,47589,67938,55824,56770,36829,35628,64644,69964,33637,63480,43297,65260,49345,36423,28370,64721,40754,45870,69269,45260,59405,64252,66124,42288,34743,32175,66492,65441,51821,33999,51093,40169,53565,53140,30601,66674,54833,39930,40949,63422,69899,44481,67444,33497,67545,50834,34617,46640
238834,27602,38221,43851,36130,40451,61043,58595,59711,41483,52714,47081,46241,42025,59036,60721,58867,32148,55365,33143,44388,55837,57921,58118,47927,50308,54591,64586,67887,45058,66059,38992,66186,51739,58071,34595,56662,29404,60519,47857,65081,56605,66383,43405,54125,57144,62099,36598,46628,66135,54107,55275,35958,34656,62610,68458,32830,62435,42137,63135,48156,35498,27263,63274,39947,44871,67430,44430,57687,62381,64078,41627,33787,31449,64452,63494,50607,33257,50094,39494,52118,51729,30419,65236,53230,38632,40055,61753,67821,43229,65730,32699,65082,49690,33710,45690
1155388,20670,28329,32539,26683,30163,45384,43738,44664,30735,39469,35719,34808,31472,43755,45352,43483,23800,41252,24546,33018,41666,43555,43813,35747,37553,40127,48526,51290,33461,49646,29151,49481,39103,43299,25659,42937,21892,45342,35857,48244,42275,49811,32274,40522,42902,46654,27500,34504,49001,40710,41111,27012,25639,46859,50385,24589,46220,31716,47062,36012,26662,20406,47335,30191,33609,50385,33574,43551,47334,48324,31029,25326,23534,48222,47173,37964,24722,37344,29544,38775,38993,22730,48789,39896,28737,29703,46095,51008,32791,48846,24603,49142,37550,25122,34309
2058152,17820,24619,28123,23344,26329,39406,38334,38642,26715,34431,31059,30090,27421,38011,39468,37656,20736,36047,21249,28251,36161,37653,37775,31257,32527,35412,42082,44484,29362,43132,25470,43441,34097,37645,22452,37049,18965,39541,31230,42360,36786,43528,28035,35164,36956,40486,23929,30152,42830,35181,35885,23111,22440,40521,44271,21379,40107,27662,40823,31078,22988,17849,40920,26012,29611,43281,29104,37352,41090,41822,26595,22147,20363,42022,41212,33118,21570,32438,25854,33835,33814,19586,41819,34557,24930,25857,40131,44100,28077,42298,21550,42269,31993,21870,29838
102684,16724,23284,26788,22017,24845,37557,36246,36842,25538,32525,29388,28384,25912,35952,37296,35992,19851,34265,20383,27159,34395,35571,35830,29659,31009,33267,40135,41975,27725,40699,24116,41004,32063,35707,20871,34786,17885,37152,29525,40027,34460,41138,26515,33602,35302,38119,22534,28401,40712,33714,33613,22110,21391,38128,41767,20176,38193,26139,38821,29671,21911,16976,38819,24484,27393,41522,27509,35961,38799,39261,25119,20931,19299,39794,38864,31088,20512,31040,24395,31974,31669,18813,40267,32919,23883,24566,38091,41808,26700,40030,20310,40350,30474,20738,27919
68892,16131,22630,25376,21046,23559,36217,34609,35391,24095,31119,28107,27334,24652,34247,35619,34272,18939,32754,19288,25711,32927,34220,34505,28175,29506,31685,38025,39863,26517,38870,23083,39118,30646,34024,20070,33361,17221,35613,27768,38009,33070,39135,25275,31826,33473,36780,21796,26760,38660,31990,32626,20779,20074,36886,40175,19422,36344,24848,36464,28306,20755,16048,37680,23236,26392,39337,26263,34226,36798,37630,24292,19957,18245,38125,37232,29349,19148,29501,23094,30309,30431,17610,38403,31272,22824,23518,36359,40316,25491,38289,19348,38219,29312,19845,27210
59310,15741,21827,25024,20737,23110,34879,33754,33938,23457,30274,27131,26328,24229,33770,34731,33429,18160,31913,18638,25451,32234,33363,33295,27398,28590,31217,37341,38959,25646,38141,22219,38098,29689,33476,19845,32782,16810,34680,27307,37063,32296,38271,24852,31127,32770,35711,20954,26146,37613,31103,31310,20400,19348,35961,39198,18957,35590,24539,35834,27649,20343,16140,36364,22717,25959,38391,25694,33105,36185,36595,23498,19582,18180,37214,36274,28875,19003,28623,22558,29997,29694,17169,37879,31009,22050,22726,35074,38672,25138,37324,18742,37262,28139,19359,26239
1316412,15066,21298,24010,20017,22410,34048,32867,33093,23057,29154,26425,26002,23449,32947,33826,32355,17622,31137,18237,24481,31249,32243,32614,26435,28249,30268,36255,37827,25200,36951,21882,36943,29439,32469,19460,31829,16278,33692,26567,36135,31404,36798,24143,29927,31889,34812,20497,25391,37046,30002,30687,20269,19141,34741,38034,18514,34395,23724,34694,26582,19821,15386,35383,22175,24842,37552,24821,32471,35126,35623,23091,18926,17626,35643,35298,28149,18376,27986,21948,28724,28986,16859,36460,29972,21702,22407,34797,37750,24122,36422,18590,36451,27455,18710,25392
2725997,14897,20597,23628,19786,21940,33068,32214,33023,22357,28811,25724,25434,23063,32200,32953,31549,17483,30170,17794,24033,30168,31474,32219,25765,27463,29010,35512,37107,24640,36346,21238,36245,28479,31544,18819,30995,16054,32835,26034,35035,30665,36400,23642,29428,30972,33850,19839,25192,35535,29762,29860,19379,18717,34358,37087,17758,34130,23035,34283,26121,19177,14950,34577,21576,24543,36574,24358,31683,34139,34693,22571,18882,17056,35331,34504,27450,17850,27634,21530,28398,28191,16410,35911,28938,20934,21785,33624,37040,23677,35416,17659,35632,27008,18357,24785
2697371,14529,19778,23217,19129,21330,32412,31337,31877,21777,28200,24858,24952,22526,31118,32378,31042,17210,29538,17587,23387,29380,30813,31130,25140,26482,28412,34480,35962,24046,35160,20475,35522,27672,30682,18064,30330,15496,31995,25447,34049,29945,35090,22914,28547,30273,32914,19378,24602,34897,28811,28893,18985,18326,33150,36257,17532,32936,22460,33510,25364,18982,14703,33732,21137,23853,35607,23625,30766,33264,33974,21990,17844,16591,34550,33526,27043,17467,26861,20962,27468,27385,16242,34631,28251,20643,21315,32490,35890,23095,34525,17531,35011,26452,17851,24132
571,14622,20082,22833,19019,21222,32420,31237,31724,21667,28148,25251,24742,22431,31253,32291,30609,16812,29543,17458,23280,29611,30703,30833,25607,26580,28668,34455,36023,23814,34890,20268,35423,27471,30594,18376,29870,15689,31779,25107,34180,29870,35173,22719,28389,29935,33028,19155,24645,34766,28852,29155,19005,18293,33432,36145,17377,32766,22581,33671,25678,18837,14613,33569,20965,24022,35641,23609,30369,33019,34228,21921,17867,16799,33997,33647,27018,17564,26564,20985,27502,27264,16223,34332,28332,20411,21120,32707,35453,23196,34599,17400,34740,26195,17898,24377
704125,14234,20110,22757,18824,21213,32247,30956,31272,21597,27763,25242,24657,22399,31181,31903,30933,16799,29464,17464,23401,29638,30397,30707,25098,26484,28302,34246,35793,23892,35007,20821,35260,27537,30603,18061,29930,15393,32312,25198,34022,29541,35223,22741,28704,30600,32859,19213,24197,34828,28424,29421,19043,18278,33317,35965,17497,32938,22505,33577,25430,18435,14511,33675,20845,23787,35362,23438,30840,32742,33950,21887,18160,16637,34194,33528,26430,17279,26268,20847,27380,27505,15919,34243,28237,20306,21116,32553,36328,23170,34461,17608,34444,26219,17771,24140
254785,14424,19695,22644,18641,21048,31466,30383,30876,21393,28037,24577,24141,22137,30701,31649,30173,16933,28896,17164,23025,29412,29770,30605,24966,26232,28157,34278,35806,23751,34313,20405,34833,26788,30401,17850,29367,15258,31576,24874,33668,29341,34539,22519,28194,29694,32487,19216,23786,34573,28599,28650,18729,17857,32839,35494,17352,32367,22205,32910,24734,18335,14376,33110,20672,23231,34998,23128,30270,32894,33336,21388,17482,16237,33729,32669,26478,17341,26010,20542,27089,26930,15640,34355,27916,20130,20787,32015,35243,22788,34117,17007,34253,25848,17402,23882
151276,12897,17953,20514,16952,18899,28963,27417,27930,19313,24978,22637,21902,19682,27538,28540,27215,15105,26273,15607,20896,26262,27224,27464,22300,23628,25638,30283,31872,21047,30930,18476,31139,24819,27351,16060,26622,13933,28506,22481,30687,26545,31453,20505,25436,27044,29443,17095,21554,31276,25384,25904,16805,16272,29269,32000,15731,29064,20025,29933,22519,16657,12931,30081,18902,21208,31283,20693,27407,29979,30241,19732,16009,15006,30647,29687,23797,15573,23554,18624,24658,24293,14281,30504,25233,18033,18919,28796,32048,20381,30715,15194,30737,23202,15731,21578
33043,12934,17848,20413,16910,18819,28375,27621,28203,19430,24537,22255,21894,19694,27359,28380,27282,15059,26075,15559,20787,26008,27369,27292,22261,23603,25216,30728,32001,20968,31057,18260,31132,24387,27254,16172,26533,13782,28442,22428,30212,26274,31076,20413,25481,26731,29293,17016,21970,30835,25547,26063,16828,16240,29661,32119,15569,29169,19889,29347,22445,16644,13067,29839,18770,21138,31790,20913,27270,29145,30137,19279,15740,14678,30405,29475,23674,15531,23753,18513,24186,24246,14514,30441,25331,18287,18758,28854,32143,20568,30796,15270,30736,23159,15816,21450
2598457,12673,17546,20330,16730,18783,28579,27630,27328,19150,24918,22247,21672,19583,27211,28262,27178,15034,25656,15278,20323,25927,26907,27011,22382,23305,25133,30641,31942,20862,30715,18349,30973,24374,27093,15838,26395,13588,28525,22226,30013,26311,30609,20078,25071,26517,29089,16769,21252,30652,25465,25590,16693,16114,29002,31904,15558,29002,20138,28767,22001,16405,12825,29536,18581,20885,31582,20983,26749,29049,29885,19159,15808,14699,29877,29742,23316,15397,23280,18167,24294,24140,14242,30443,25122,18111,18755,28684,31625,20228,30375,15240,30351,23046,15547,20965
2849865,12277,17162,19700,16126,18364,27989,26687,26929,18594,23977,21598,21044,19260,26723,27581,26278,14707,25102,14982,20178,25149,26449,26786,21809,22832,24421,29605,31144,20277,29739,17808,30520,23697,26306,15642,25936,13470,27361,21551,29564,25519,30371,19523,24501,25835,28428,16591,21066,29616,24853,25606,16328,15827,28708,31029,15036,28321,19134,28783,22012,16095,12528,28842,18081,20327,30565,20344,26103,28364,29153,18892,15534,14393,29747,28727,23082,14896,22604,17942,23481,23312,13778,29640,24287,17512,18144,28012,30620,19900,29655,15126,29643,22728,15350,20928
1259973,12303,16810,19401,16031,17857,27379,26528,26720,18620,23766,21288,20867,18813,26087,26829,26337,14254,24707,14834,19722,24940,25968,25951,21466,22215,24093,28990,30831,20312,29581,17418,29909,23004,25711,15431,25513,13135,27222,20902,28983,25211,29895,19310,24082,25347,27676,16584,20610,29319,24310,24888,15819,15659,28022,30750,14554,28019,19004,28231,21468,15746,12206,28424,17642,20077,29807,19900,25893,28202,28692,18429,15078,14223,28696,28594,22514,14535,22468,17549,23336,22959,13391,28989,24085,17070,17747,27425,30519,19387,29306,14702,29141,22250,15011,20380
1680,12254,16710,19469,15900,17926,27308,26328,26681,18345,23437,21005,20671,18855,25977,26982,26219,14335,24864,15009,19509,24977,25893,26129,21344,22237,23985,28939,30106,20197,29681,17243,30003,23289,26053,15414,25562,12931,26975,21139,28872,25370,29429,19076,24066,25569,27715,16426,20592,29374,24210,24436,15894,15396,27964,30660,14865,27615,18898,28116,21300,16052,12379,28422,17742,20158,30103,19957,25740,27819,28507,18585,15334,13942,28764,28005,22430,14822,22209,17632,23404,23200,13433,29225,23977,17356,17668,27316,30321,19620,29210,14712,29180,22006,15022,20309
2507159,11888,16535,19179,15652,17547,26475,25716,25672,17969,23252,20728,20346,18410,25443,26227,25442,13842,24209,14180,19372,24339,25577,25639,20740,21819,23677,28524,29415,19471,28667,17284,29216,22804,25400,14994,24709,12582,26282,20929,28184,24691,28840,18724,23424,24959,26902,15970,20076,29027,23697,24224,15421,14831,27027,29740,14475,26896,18489,27405,20922,15200,11837,27445,17237,19722,28919,19689,25343,27507,28106,18050,14725,13848,28272,27582,21941,14491,21933,17076,22706,22166,13058,28677,23427,16768,17602,26656,29474,19101,28353,14203,28574,21449,14571,19887
2742673,12099,16193,18929,15683,17449,26295,25590,25987,17687,23174,20501,20158,17990,25727,26425,25401,13862,24244,14202,19162,24351,24854,25337,20727,22026,23622,27861,29468,19583,28802,16975,29381,22749,25171,15139,24282,12865,26124,20604,28088,24410,28925,18779,23359,24966,27237,15814,20415,28575,23589,24027,15591,14849,27290,29250,14437,26898,18472,27437,20966,15303,11977,27567,17243,19644,29641,19528,25275,27201,28186,18082,14762,13811,28080,27409,21921,14483,21879,17044,22761,22547,13347,28078,23374,17025,17386,27208,29483,19068,28710,14347,28453,21288,14650,19818
1977566,11704,16441,18864,15594,17450,26407,25280,25764,18025,23011,20594,20041,18380,25501,26106,24948,13807,23965,14314,18978,23946,25087,25114,20834,21538,23268,27830,29535,19431,28582,16828,28892,22623,25074,15013,24743,12632,26255,20722,28097,24280,28720,18658,23485,24538,26774,15786,20016,28481,23617,23596,15388,14998,27202,29628,14344,26756,18487,27157,20599,15279,11883,27665,17100,19721,29383,19251,25037,26826,28071,17950,14728,13496,27883,27479,21947,14250,21615,17306,22433,22343,12923,28046,23052,16795,17246,26896,29815,19034,28103,14267,28417,21397,14394,19850
33038,11911,16391,18873,15547,17383,26391,25553,25765,17866,22824,20592,20293,18331,25838,26286,25302,14145,23884,14290,19122,24303,25481,25308,20590,21955,23317,28013,29315,19501,28653,17040,28710,22612,25177,14958,24569,12827,26534,20661,28036,24443,28880,18774,23314,24600,27100,15815,20215,28468,23495,23867,15554,14912,27055,29387,14334,26839,18152,27568,20693,15381,12066,27485,17193,19346,28840,19323,25129,27310,27795,17919,14736,13760,28054,27269,21750,14262,21880,17113,22611,22486,13050,28312,23249,16654,17333,26302,29264,18884,28197,14259,28413,21760,14533,19735
1912897,11671,16394,18726,15166,17478,26392,25270,25412,17765,22482,20351,19987,17857,25059,25870,24624,13956,23760,14145,18675,23733,24920,24889,20311,21513,23428,27875,29127,18986,28314,16866,28113,22195,24533,14708,24352,12646,26113,20538,27853,24114,28432,18335,23206,24638,26500,15754,19934,28356,23201,23756,15238,14976,26656,29161,14025,26468,18214,26907,20138,15152,11728,27232,16948,19096,28800,19170,24714,26898,27150,17713,14633,13488,27484,27069,21377,14118,21629,16997,22130,22003,12793,28002,22867,16583,17122,26158,28817,18541,27856,14140,27967,21371,14550,19749
1349,11493,15762,18247,15258,16867,25404,24896,25131,17250,22010,19946,19525,17833,24859,25533,24608,13625,23273,13762,18700,23502,24614,24655,20122,21019,22853,27111,28433,18918,27930,16636,28230,21984,24386,14510,23646,12381,25653,20001,27293,23650,27892,18248,22946,24417,26113,15329,19368,27581,22867,23408,14821,14453,26678,28695,14025,26153,17908,26548,20384,14790,11567,26835,16519,18919,28447,18751,24335,26513,27134,17454,14406,13345,27088,26707,21564,14057,21121,16490,21917,21831,12769,27282,22411,16601,16777,26131,28485,18402,27466,13762,27588,20866,14402,19201
29466,11012,15289,17663,14423,16138,24656,23802,24117,16799,21272,19189,18685,16901,23434,24220,23361,13046,22171,13050,17734,22468,23089,23760,19021,20365,21699,26231,27620,18092,26610,15918,26966,21186,23396,14044,22968,11850,24748,19225,26175,22727,26989,17505,21721,23291,25087,14740,18866,26739,21790,22398,14453,13840,24952,27467,13404,25270,17136,25556,19514,14026,10931,25606,15794,17961,27278,17928,23355,25222,25765,16627,13726,12798,26326,25619,20286,13379,20333,15614,20770,21266,12200,25949,21609,15700,16096,24882,27350,17423,26421,13138,26334,20033,13659,18221
1502,10694,14718,16820,14014,15780,23622,22837,22965,15922,20449,18096,17893,16257,22839,23400,22573,12752,21353,12955,17098,21580,22423,22630,18488,19399,20513,25161,26256,17630,25546,15203,25628,20128,22519,13516,22113,11424,23531,18570,24886,21662,25505,16815,20675,21970,24068,14186,17687,25399,20964,21095,13674,13265,24016,26582,12692,23710,16197,24406,18571,13648,10770,24442,15140,17077,26015,17203,22741,23941,25155,16025,13091,12220,24975,24651,19534,12684,19554,15229,20252,20203,11598,25361,20801,15031,15417,23819,26204,16943,25244,12658,25205,18921,12956,17728
36839,10428,14651,16565,13817,15805,23640,22394,23052,16031,20316,18358,17881,16571,22436,22981,22476,12374,21393,12723,16931,21482,22397,22375,18295,19452,21108,24923,26033,17500,25466,15128,25742,20161,22469,13391,22185,11103,23315,18551,24807,22052,25732,16653,21103,22053,24196,14235,17754,25567,20667,21089,13668,13228,23903,26435,12859,24129,16306,24351,18606,13800,10795,24572,15445,17471,26075,17041,22386,23911,24928,16266,13211,12000,24830,24303,19325,12573,19232,15266,20075,19995,11868,25302,20628,15057,15438,24061,26213,16699,25310,12443,25218,19353,13071,17606
2682455,10367,14269,16831,13919,15368,23433,22765,23005,16007,20505,18231,17805,16166,22440,23420,22175,12482,21430,12823,16942,21467,22312,22357,18545,19353,20782,24990,26476,17298,25439,15175,25288,19955,22479,13330,21814,11264,23331,18180,24858,21530,25613,16671,20949,22244,24027,14077,18062,25491,20631,21059,13490,13211,24280,26367,12843,23955,16188,24251,18365,13690,10533,24323,15214,17379,25750,17179,22285,24150,24473,15825,12861,11960,24774,24514,19427,12619,19174,15198,19875,19997,11780,25204,20640,14975,15383,23501,26153,16867,25355,12544,25341,19069,13064,17505
1329812,10080,14162,16369,13347,14818,22601,21813,21986,15413,19597,17724,17161,15653,21927,22480,21801,11858,20681,12383,16323,20831,21501,21701,17751,18755,19958,24244,25228,16830,24730,14564,24761,19279,21520,12889,20947,10804,22754,17615,23942,20618,24903,16316,20138,21002,22996,13612,17205,24611,20128,20706,13091,12945,23226,25287,12424,23321,15894,23617,17935,13040,10195,23404,14892,16556,24867,16636,21373,23330,23810,15397,12556,11700,23989,23468,18838,12209,18870,14400,19429,19263,11220,24144,19791,14407,14754,22648,25148,15994,23973,12145,24305,18568,12530,16965
1501,9920,13817,16082,13449,14721,22598,21536,21834,15145,19494,17420,17278,15386,21768,21998,20978,11656,20574,12036,16358,20456,21428,21419,17367,18480,19917,23770,24909,16522,24396,14216,24446,19280,21266,12523,21012,10741,22203,17430,23649,20588,24179,15737,20036,21030,23090,13103,16864,24214,19746,20565,13291,12648,22788,25038,12147,22613,15498,23047,17692,12919,9959,23419,14759,16437,24902,16430,21308,23022,23557,15314,12481,11563,23768,23430,18550,12120,18517,14359,18828,19029,11095,23922,19407,14089,14788,22702,24911,15904,24059,11896,23770,18256,12460,16969
1686399,9897,13600,15633,12941,14775,22195,21590,21514,14958,19569,17141,16873,15223,21114,22012,20707,11656,20063,12026,15938,20324,21050,21290,17485,18277,19444,23299,24609,16375,24046,14206,24204,18799,20980,12411,20582,10736,22160,17342,23446,20314,24278,15867,19603,20922,22428,13342,16696,24032,19806,20222,12946,12559,22798,24700,11991,22448,15445,22833,17561,12638,9930,22873,14282,15994,24436,15966,20937,22425,23322,15184,12261,11200,23653,22954,18220,12057,18168,14138,19038,18740,10940,23986,19238,14120,14468,22192,24657,15528,23979,11798,23985,17873,12155,16579
1338,10131,13835,15561,12923,14431,21948,21130,21303,14738,18975,17057,16678,15088,21083,21758,20989,11590,19698,11834,15939,19999,20851,21043,17210,18171,19297,23442,24397,16106,24037,13947,23887,18529,21056,12377,20532,10373,21724,17030,22996,20168,24070,15572,19570,20427,22173,13306,16742,23216,19547,19597,12932,12432,22564,24562,11812,22170,15219,22606,17223,12695,9815,22979,14269,16270,24250,16172,20713,22545,23167,14764,12119,11185,23002,22673,18226,11880,17925,13934,18726,18537,11092,23534,19230,14114,14236,22003,24610,15711,23456,11809,23281,17688,11942,16428
2850492,9784,13185,15201,12484,14004,21259,20809,20351,14409,18479,16520,16166,14593,20589,21088,20224,11221,19311,11629,15176,19368,20044,20515,16797,17567,19042,22761,23682,15587,23047,13604,23140,17906,20294,12008,20059,10283,20978,17028,22247,19699,23098,15005,19060,19980,21424,12839,16326,22937,18903,19140,12414,11959,21861,23736,11376,21692,14685,22149,16953,12246,9523,22195,13854,15549,23696,15578,20290,21713,22531,14312,11777,10966,22555,21859,17742,11689,17510,13668,18422,18295,10618,22845,18720,13473,14008,21880,23638,15247,22972,11424,22721,17270,11599,16038
197614,8823,12373,14039,11891,13291,19832,19523,19171,13669,17208,15467,15206,13549,19138,19855,18965,10387,18042,10723,14435,18141,18778,19095,15655,16324,17735,21242,22341,14718,21491,12664,21720,16943,18828,11195,18443,9612,19707,15352,20995,18321,21823,14295,17492,18745,20477,12021,15042,21661,17601,17936,11489,11243,20603,22142,10893,20412,13703,20515,15729,11526,8989,20894,13050,14568,21887,14324,18825,20326,21045,13156,11138,10241,21048,20530,16196,10682,16212,13054,16939,16932,9907,21259,17297,12662,12819,20153,22314,14191,21310,10699,21136,16225,10947,14895
1303,8913,12588,14220,11621,13157,19893,19226,19331,13327,17351,15520,15287,13584,18935,19611,19013,10417,18153,10810,14460,18124,18690,19160,15515,16539,17930,21117,22292,14380,21162,12442,21892,16863,19197,11299,18508,9724,19665,15465,20927,18572,21684,14213,17557,18590,20165,11811,15139,21608,17602,17975,11715,11330,20461,22295,10791,20238,13809,20571,15650,11567,8986,20645,13151,14396,21926,14441,18870,20492,20743,13433,11025,10167,21074,20963,16702,10855,16318,12967,16993,17201,9711,21232,17415,12594,13056,19989,22128,14186,21346,10916,21609,16048,10677,14825
1827481,8942,12173,13798,11474,12692,19276,19175,19103,13162,16820,14984,14718,13404,18816,19550,18728,10187,17847,10525,14203,18209,18364,18929,15543,16160,17465,20506,21745,14283,21144,12445,21225,16609,18707,11112,18061,9555,19555,15458,20614,18014,21263,13916,17264,18468,20040,11691,14647,21307,17431,17789,11517,11225,20422,21973,10723,19666,13713,20167,15397,11396,8830,20308,12692,14291,21489,14322,18903,20089,20502,13230,10909,10134,20570,20374,16066,10517,16126,12733,16605,16688,9612,20876,17273,12380,12752,19813,21982,14044,21130,10286,20881,15907,10740,14341
1328,8226,11618,13310,10934,12398,18636,18009,18122,12425,15983,14380,14078,12807,17674,18359,17708,9568,16830,10063,13086,16947,17766,17700,14482,15207,16436,19704,20884,13836,20112,11954,20456,15818,17728,10319,17501,8722,18656,14422,19787,17036,20476,13163,16642,17516,18879,11310,14010,19861,16707,17020,11027,10443,18994,20717,10058,18825,12901,19143,14559,10743,8232,19162,12097,13485,20718,13576,17830,19038,19523,12554,10342,9720,19862,19367,15448,10098,15053,12058,15885,16030,9365,19733,16047,11784,12081,18770,20613,13384,20026,9910,19755,15192,10232,13866
885040,8167,11455,13239,10851,12178,18399,17624,18194,12611,15891,14270,13957,12751,17561,18174,17785,9709,16752,10135,13396,17088,17690,17644,14479,15013,16497,19607,20709,13744,20210,11869,20426,15884,17492,10625,17272,9037,18262,14609,19730,17022,20148,13023,16110,17372,18883,11041,13938,19999,16580,16808,10767,10481,19026,20545,9931,18790,12938,19077,14506,10639,8205,19321,11935,13854,20314,13293,17753,18929,19234,12465,10353,9620,19639,19191,15155,9954,15307,11980,15670,15845,9066,19652,16065,11900,12165,18682,20528,13335,19754,10022,19682,14962,10145,13707
39778,7956,11101,12443,10350,11637,17586,16881,17079,11860,15436,13650,13609,12124,16954,17624,16808,9263,16264,9360,12538,16332,16826,16970,13847,14608,15754,18636,19471,12993,19134,11338,19316,14954,16794,9968,16441,8600,17414,13651,18741,16271,19332,12605,15747,16648,17529,10516,13202,18947,15744,16089,10436,9982,18252,19892,9605,17934,12278,18402,13800,10264,7851,18224,11284,13098,19104,12939,16579,18182,18419,11848,9684,9200,18735,18334,14433,9653,14384,11555,14936,15084,8935,18742,15362,11303,11721,17596,19694,12724,19007,9316,18820,14383,9705,13507
246787,7844,10757,12245,10196,11280,17100,17002,16975,11786,14978,13397,13072,12160,16838,17201,16507,9055,15959,9415,12598,15704,16233,16797,13567,14122,15294,18590,19603,12870,18793,11120,19000,14965,16596,9934,16139,8334,17244,13367,18163,16108,18942,12381,15428,16463,17769,10516,13213,18888,15566,15698,10320,9662,17750,19372,9328,17621,11955,17890,13678,9786,7680,17956,11153,12718,19079,12622,16548,17779,18289,11818,9654,9031,18458,17767,14604,9415,14354,11185,14945,14870,8816,18581,15175,11062,11264,17369,19126,12507,18701,9392,18655,14111,9511,13033
42895,7573,10459,11951,9865,11220,16572,16337,16460,11520,14428,12941,12731,11578,16290,16643,15898,8738,15170,9112,12256,15205,15876,16005,13215,13805,15194,17828,18760,12422,18181,10914,18283,14331,16116,9427,15540,7989,16586,13191,17963,15517,18306,11963,14847,15710,17265,10172,12734,18020,15046,15243,9736,9653,17457,18886,8969,17220,11693,17266,13229,9646,7541,17302,11043,12465,18428,12274,15849,17418,17350,11415,9296,8681,17684,17244,13625,8989,13811,10920,14425,14326,8392,17991,14947,10760,11038,16987,18721,12074,17899,9151,18087,13729,9182,12595
823,7599,10532,11951,9935,11104,16788,16410,16344,11401,14464,12997,12813,11631,16009,16445,16135,8812,15399,9017,12024,15249,16012,16102,13075,13777,14908,17754,18620,12428,18197,10840,18287,14245,15977,9372,15527,7953,16648,13237,17737,15435,18176,11733,14780,15381,17178,9972,12774,18122,15129,15110,9883,9567,17274,18782,9022,17242,11508,17320,13100,9903,7618,17557,11046,12124,18472,12088,16059,17253,17646,11441,9298,8620,17675,17359,13911,9160,13779,10940,14146,14276,8465,17973,14573,10664,10990,17017,18503,11889,17973,9045,18033,13773,9222,12602
182773,7628,10389,11778,9822,10979,16719,15977,16342,11318,14478,12955,12742,11390,16069,16384,15719,8885,15268,9096,12117,15006,15643,15946,13145,13794,14799,17951,18503,12375,17963,10608,18419,14269,15889,9164,15440,8013,16542,13000,17569,15422,18045,11758,14690,15804,17253,9879,12601,17985,14968,14860,9819,9482,17274,18480,8953,16936,11515,17054,13014,9693,7558,17347,10941,12252,18299,12091,15879,17264,17598,11065,9359,8621,17678,17097,13641,8990,13831,10924,14085,14049,8141,17960,14742,10458,10858,16707,18373,11706,17904,8888,17970,13307,9124,12491
400065,7441,10380,11838,9743,10777,16488,15946,16017,11240,14089,12960,12787,11593,15933,16375,15830,8597,14925,8904,11968,15093,15888,15813,13135,13362,14465,17442,18477,12182,17903,10580,17909,14214,15862,9357,15304,7915,16328,12995,17421,15314,17981,11718,14492,15421,16848,9815,12584,17818,14853,14841,9545,9227,17127,18088,8980,16668,11408,17184,12952,9492,7424,17334,10806,12013,18191,12260,15905,16992,17171,11155,9202,8663,17328,17031,13672,8918,13781,10720,14147,14042,8011,17811,14544,10333,10725,16627,18487,11701,17605,8844,17577,13295,9147,12357
1334,7286,10361,11831,9704,10865,16360,15914,16318,10926,14424,12664,12598,11402,15874,16403,15642,8597,15116,8985,12092,14922,15748,15549,12869,13429,14455,17642,18451,12058,18137,10713,18144,14325,15632,9188,15281,7885,16342,12768,17393,15142,17798,11879,14664,15439,16771,9780,12491,17672,14406,15030,9780,9397,16880,18474,8985,16805,11277,17116,12805,9662,7358,17061,10559,12090,18135,11990,15721,16906,17374,11297,9116,8537,17507,17074,13392,8847,13456,10518,13890,13898,8108,17713,14691,10407,10802,16516,18532,11699,17759,8834,17623,13303,8975,12243
2027919,7408,10149,11745,9799,10812,16495,15904,16081,11351,14208,12724,12417,11402,15950,16212,15685,8624,14735,8991,11711,14996,15347,15814,13011,13270,14546,17504,18431,12242,17852,10448,17904,13997,15723,9290,15397,7937,16124,12966,17532,15036,17741,11520,14509,15235,16848,9824,12372,17571,14639,14916,9608,9309,17029,18414,8827,16785,11383,17233,12914,9556,7347,17125,10733,12026,18023,12076,15606,16727,17165,11031,9065,8423,17341,17075,13669,8806,13655,10724,14007,14013,7959,17580,14479,10449,10626,16546,18154,11669,17417,8898,17346,13510,9247,12500
1343,7347,9986,11526,9627,10723,16415,15630,15973,11017,14135,12782,12301,11479,15732,16073,15516,8553,14804,8837,12017,15168,15606,15768,12747,13337,14439,17521,18067,12113,17767,10501,17669,13990,15812,9336,15413,7888,16218,12839,17570,15204,17995,11676,14345,15378,16805,9899,12326,17520,14551,15038,9599,9233,16850,18356,8958,16619,11336,17112,12854,9550,7224,17046,10698,11939,18032,11766,15542,16774,16978,10930,9285,8486,17221,16901,13767,8747,13467,10712,13850,13953,8129,17401,14350,10397,10879,16602,18047,11761,17654,8851,17637,13283,9029,12152
2742672,7233,10115,11487,9335,10823,16418,15736,15802,10875,14361,12718,12506,11174,15421,16114,15590,8649,14930,9029,11807,14890,15586,15849,12933,13413,14321,17261,18040,12107,17606,10364,17819,14085,15954,9206,15202,7698,16180,12772,17533,15239,17908,11459,14691,15250,16564,9778,12534,17439,14414,14690,9638,9288,16767,18333,8994,16733,11339,16893,12887,9313,7540,17059,10511,12023,17973,11748,15385,16962,17406,11102,9188,8278,17352,17059,13501,8782,13536,10738,13850,14011,8076,17257,14175,10270,10912,16673,18179,11572,17470,8658,17497,13172,8951,12179
332101,7392,10192,11702,9543,10986,16295,15426,15973,11137,13825,12597,12601,11086,15818,16163,15657,8729,15117,8850,11651,14987,15518,15510,12968,13500,14446,17543,18180,11894,17589,10316,18014,13800,15442,9294,15174,7845,16217,12673,17563,15038,17667,11569,14403,15269,16633,9658,12134,17590,14178,14665,9586,9117,16703,18235,8993,16484,11344,16879,12772,9593,7358,17100,10672,12172,17816,11918,15440,16705,17107,10896,8964,8363,17158,16741,13435,8823,13341,10532,14081,13951,8078,17351,14238,10349,10410,16514,18212,11542,17485,8922,17512,13142,8937,11919
376805,7207,10075,11503,9569,10693,16375,15722,15842,11005,14098,12848,12455,11063,15606,16044,15622,8417,14763,8831,11910,14847,15197,15499,12760,13430,14452,17367,18027,11744,17681,10277,17899,13850,15536,9214,15117,7999,16264,12862,17231,15151,17750,11313,14359,15270,16564,9711,12036,17596,14408,14804,9576,9299,16705,18287,8659,16406,11179,16897,12846,9352,7342,16885,10657,11657,17849,11731,15207,16905,17189,11007,9122,8292,17092,16825,13170,8813,13451,10553,13845,13857,8085,17364,14105,10340,10543,16716,18287,11597,17292,8703,17395,13061,9139,12184
299767,6937,9751,11117,9373,10551,15770,15182,15156,10620,13538,12170,12035,10728,14938,15310,15083,8222,14345,8440,11320,14417,14980,14975,12209,12833,13958,16702,17352,11627,17035,10176,17010,13515,15117,8674,14516,7473,15637,12199,16579,14493,17122,11017,13903,14679,16068,9346,11816,16797,13904,14061,9204,8856,16268,17447,8459,15903,10969,16248,12321,9238,7015,16456,10317,11447,17262,11474,14781,16134,16625,10552,8733,7949,16919,16224,12892,8602,12897,10019,13078,13237,7843,16748,13800,9799,10097,16067,17486,11097,16875,8434,16780,12801,8678,11804
1691,6820,9586,10895,8846,10081,15169,14766,14831,10314,13322,11947,11717,10423,14545,15150,14485,8097,13881,8254,11214,13864,14238,14660,12121,12623,13501,16147,17222,11440,16605,9949,16693,12936,14478,8538,14357,7345,14966,11999,16359,14249,16727,11039,13619,14408,15641,9102,11762,16664,13595,13880,8982,8788,15778,17388,8198,15733,10636,15967,12141,8976,6813,15744,9942,11252,17118,11020,14325,15799,15938,10293,8475,8054,16265,15865,12713,8189,12793,9929,13070,12850,7530,16230,13351,9630,10158,15319,17021,10937,16259,8186,16490,12245,8416,11395
2798729,6814,9418,10645,8786,10024,14941,14570,14709,10303,12882,11638,11624,10304,14449,14788,14170,8010,13797,8147,10946,13690,14204,14440,11682,12345,13464,16048,16736,11112,16231,9686,16530,12959,14374,8485,14126,7211,14879,11781,16123,13725,16323,10815,13353,14122,15350,9093,11254,16272,13579,13494,8789,8506,15369,16999,8239,15386,10527,15684,11821,8652,6741,15651,9853,11202,16524,11078,14294,15441,15852,10172,8368,7793,15888,15750,12387,8152,12427,9654,12646,13041,7453,16150,13285,9655,9625,15239,16679,10790,16147,8068,16252,12355,8402,11291
2715212,6431,8822,10218,8514,9487,14496,13849,14193,9704,12314,11251,11017,9739,13827,14103,13843,7569,13068,7950,10316,13246,13829,13827,11246,11921,12751,15286,16099,10642,15588,9049,15265,12262,13700,8101,13353,6926,13973,11180,15270,13471,15832,10292,12769,13460,14694,8692,10814,15495,12942,13081,8527,8014,15175,15806,7672,14569,9901,14768,11223,8400,6475,14930,9307,10542,15891,10428,13840,14866,15149,9819,8070,7445,15507,14971,11728,7881,11829,9355,12356,12277,7074,15530,12696,9050,9281,14609,16096,10422,15459,7844,15321,11580,7834,10902
371601,6436,8807,10236,8362,9495,14579,13893,13967,9735,12515,10896,10908,10149,13894,14293,13740,7494,12997,7604,10359,13141,13743,13510,11234,11921,12770,15320,16094,10612,15802,9165,15650,12321,13903,8196,13282,6886,14293,11405,15220,13440,15764,10036,12703,13439,14709,8597,10933,15579,12727,12923,8391,8272,14746,16323,7798,14804,10093,14998,11186,8269,6463,14793,9049,10491,15726,10536,13572,14748,15010,9835,7994,7498,15150,15101,11888,7748,11786,9359,12071,12528,6955,15359,12353,9280,9405,14617,15836,10162,15352,7725,15241,11640,7840,10752
2420308,6261,8931,10198,8289,9386,14366,13799,13814,9622,12394,10959,10862,9954,13559,14100,13640,7363,12937,7769,10361,12977,13650,13599,11199,11930,12588,15321,15839,10639,15328,9072,15561,12032,13631,7869,13406,6926,14310,11182,15099,13247,15692,10240,12867,13519,14682,8392,10811,15253,12535,12920,8409,8012,14552,15787,7750,14502,9929,14916,11392,8333,6398,14822,9285,10445,15513,10737,13626,14591,14953,9861,8059,7265,15159,14888,11844,7965,11811,9205,12472,12002,7119,15425,12593,9116,9147,14466,15632,10252,15555,7590,15449,11704,7953,10687
623,6152,8824,10037,8403,9432,14123,13744,13961,9634,12355,11085,10871,9825,13626,14047,13610,7531,12886,7702,10200,12885,13395,13701,11108,11810,12515,15152,15896,10505,15313,9087,15608,12137,13335,8073,13473,6916,13868,11107,14939,13194,15335,10116,12455,13110,14483,8647,10756,15201,12421,12692,8235,7884,14307,15750,7602,14541,9867,14797,11090,8143,6483,14708,9243,10362,15736,10494,13207,14535,14657,9879,7946,7334,14900,14754,11659,7578,11380,9082,12170,11957,6999,15006,12368,8932,9178,14607,15729,10390,15214,7632,15094,11646,7666,10655
2897413,6517,8763,9930,8295,9384,14009,13775,13870,9658,12142,10977,10785,9863,13528,13957,13595,7398,12993,7711,10136,12756,13580,13532,11120,11350,12410,14921,15722,10465,15257,9035,15462,12079,13244,7913,13145,6863,14095,10964,14912,12912,15575,9800,12524,13310,14209,8445,10577,15132,12585,12853,8321,7947,14804,15595,7530,14485,9784,14650,11126,8230,6295,14438,9073,10181,15727,10304,13533,14375,14772,9629,7889,7287,14816,14846,11726,7718,11501,9074,12111,11986,7144,14915,12442,8912,9207,14171,15547,10157,15207,7665,15210,11264,7909,10418
1839799,6250,8646,9998,8265,9359,14199,13730,13680,9362,12208,10904,10766,9741,13443,13872,13514,7365,12935,7592,9976,13113,13293,13394,11094,11332,12460,14840,15764,10407,15327,8931,15431,11969,13566,7975,13059,6757,14322,11050,15026,13164,15336,10030,12511,13388,14410,8357,10814,15326,12560,12728,8123,7893,14486,15975,7599,14231,9699,14712,10952,8139,6273,14869,9118,10262,15762,10094,13292,14431,14679,9487,7972,7359,15042,14758,11510,7465,11559,8988,11967,12088,6915,15064,12328,8871,9234,14163,15718,9953,15014,7623,15002,11424,7816,10576
550,6397,8720,10080,8112,9346,14043,13700,13664,9476,12347,10937,10533,9725,13509,14022,13393,7473,12699,7489,10039,12642,13362,13527,11100,11523,12849,14896,15828,10223,15335,8995,15317,12119,13437,7926,13048,6623,14098,10927,14742,12906,15389,9995,12216,13278,14380,8390,10717,15145,12480,12530,8105,7816,14453,15739,7548,14420,9924,14395,11127,8089,6298,14667,9076,10300,15564,10150,13489,14359,14813,9507,7767,7260,14792,14546,11625,7569,11483,9028,11964,12123,7050,14642,12205,8815,9183,14056,15660,9928,15109,7510,15159,11336,7706,10624
2781599,6230,8643,9846,8071,9170,13684,13739,13705,9472,12022,10765,10630,9773,13208,13778,13178,7314,12685,7479,10020,12803,13431,13270,10977,11330,12303,14924,15560,10219,14984,9018,15329,11895,13334,7856,12700,6668,14048,10938,14761,12726,15034,9853,12235,12895,14331,8428,10595,14988,12459,12480,8165,7969,14031,15548,7403,14028,9595,14373,11069,8146,6177,14549,9053,10392,15205,10301,13252,14495,14793,9345,7835,7192,14667,14504,11482,7530,11329,9112,11956,11895,7062,14811,12390,8892,8978,14243,15454,9975,14947,7449,15033,11335,7678,10538
360422,6285,8458,9794,8011,8940,14005,13215,13292,9503,11776,10736,10450,9441,13268,13663,12952,7196,12555,7492,10043,12664,12998,13237,10785,11359,12225,14554,15348,10315,15130,8756,15099,11750,12982,7998,12626,6654,13683,10752,14754,12963,15187,9745,12223,12990,14036,8399,10469,14717,12404,12453,7989,7826,13991,15306,7559,14309,9565,14295,10849,7973,6267,14442,9061,10161,15169,10105,13090,14189,14510,9277,7644,7089,14477,14487,11375,7459,11292,8870,11925,11644,6883,14760,12042,8816,9182,13940,15316,10094,14723,7541,14863,11297,7727,10274
2742639,6282,8582,9809,8173,9135,13845,13167,13354,9329,12006,10705,10498,9557,13093,13619,13165,7376,12729,7422,10004,12610,13013,13000,10755,11359,12236,14840,15621,10326,14965,8914,15144,11780,12981,7796,12674,6632,13413,10798,14576,12824,15089,9771,12115,12847,13974,8163,10306,14938,12228,12555,8168,7907,14067,15521,7541,14019,9586,14287,11036,7969,6226,14315,9026,10092,15150,10109,12887,14328,14419,9485,7606,7174,14773,14505,11267,7587,11334,9018,11542,11778,6781,14663,12280,8660,9121,14020,15495,9853,14722,7425,14927,11111,7533,10401
2912630,6070,8661,9622,8063,8901,13742,13218,13428,9343,11625,10476,10266,9445,13203,13588,12951,7204,12516,7227,9730,12676,13008,13171,10644,11094,11894,14450,15290,10267,14729,8655,14921,11573,13066,7690,12724,6545,13645,10729,14308,12606,14990,9641,12131,12759,14076,8301,10440,14740,12122,12505,7889,7735,13877,15273,7271,13902,9455,14237,10681,7973,6113,14219,8909,10094,15293,9950,13016,14083,14190,9205,7671,7010,14609,14162,11037,7266,11119,8890,11563,11646,6928,14346,12129,8570,9046,13814,15095,10005,14550,7248,14500,11057,7579,10289
576,6013,8397,9548,8245,8982,13580,13209,13128,9214,11739,10530,10599,9478,13170,13469,13222,7385,12616,7376,9743,12369,12795,13058,10596,11265,11954,14443,15309,10180,14681,8697,14653,11639,12958,7800,12801,6579,13532,10759,14470,12362,14969,9624,12122,12702,13995,8179,10294,14574,12305,12172,8032,7804,14337,15315,7379,13749,9443,14194,10979,7854,6039,14105,8770,10050,14923,10138,12958,14024,14256,9281,7790,7108,14642,14091,11353,7325,11212,8632,11591,11645,6685,14478,11904,8624,8800,13907,15282,9666,14659,7221,14646,11048,7603,10233
28116,6123,8341,9723,8119,9037,13620,12881,13259,9290,11921,10643,10492,9582,13014,13578,12952,7097,12482,7495,9773,12445,12822,13118,10640,11051,12305,14748,15235,10271,14892,8799,14986,11612,13027,7589,12859,6603,13394,10632,14482,12708,14922,9664,12182,12930,13741,8252,10193,14715,12115,12364,8097,7678,13797,15359,7485,13883,9607,14071,10896,7806,6001,14036,8820,10030,15230,10074,12971,13923,14340,9324,7790,6951,14529,14226,11453,7361,11071,8729,11702,11657,6795,14691,11982,8723,8862,13993,15326,9634,14721,7135,14724,11075,7461,10288
2912629,6142,8553,9615,7961,9139,13395,13352,13206,9194,11840,10587,10483,9203,13098,13414,12965,7194,11995,7392,9912,12447,12843,12942,10828,11182,11921,14423,15257,10002,14815,8618,14936,11655,12993,7619,12792,6498,13242,10639,14418,12707,14906,9664,12025,12874,14037,8293,10312,14816,12300,12355,7912,7680,13862,15309,7381,13940,9493,14065,10847,7839,6047,14179,8901,9860,14874,9930,12993,14039,14213,9290,7532,7013,14370,14168,11234,7514,11035,8680,11573,11586,6807,14633,11791,8648,9001,13821,15058,9629,14607,7312,14627,11184,7610,10273
2686210,5995,8553,9679,8042,8975,13558,13306,13208,9177,11561,10477,10411,9370,13030,13401,13079,7179,12353,7251,9751,12412,12861,13044,10627,11171,12034,14458,14974,9985,14788,8730,14820,11551,12911,7744,12562,6407,13470,10565,14271,12576,14903,9735,12174,12513,13949,8274,10297,14585,12273,12163,7941,7768,13989,15214,7454,13797,9366,14197,10602,7892,6132,14020,8869,10016,15101,9944,13024,14025,14183,9172,7475,7050,14450,14182,11263,7478,11208,8710,11638,11410,6593,14599,11744,8587,8798,13638,15253,9797,14603,7304,14615,10947,7474,10130
1940319,6045,8421,9584,7956,8850,13761,12992,13210,9071,11545,10624,10470,9380,12927,13383,13236,7192,12453,7344,9904,12467,12911,13046,10751,11200,11904,14534,14981,10155,14893,8680,14760,11380,12850,7558,12401,6460,13445,10429,14322,12618,14632,9594,11853,12562,13809,8038,10210,14462,12035,12431,7890,7794,13957,15222,7320,13878,9292,14114,10684,7861,6078,14137,8805,9949,15089,9955,13075,13886,14222,9431,7549,7084,14514,14038,11200,7287,11188,8964,11380,11524,6843,14705,11952,8585,9025,13734,15267,9539,14282,7261,14346,11026,7405,10327
2212991,6031,8389,9516,7999,8930,13489,12893,13210,9095,11779,10485,10204,9186,13009,13255,12663,7051,12294,7325,9617,12322,13089,12789,10562,11154,11810,14309,14972,9991,14528,8723,14587,11460,12698,7522,12464,6580,13602,10528,14286,12410,14574,9734,11980,12739,13833,7966,10177,14787,12040,12241,7911,7714,13649,14902,7383,13548,9454,13936,10725,7794,6002,14000,8920,9849,14761,9847,12873,13926,14099,9151,7574,7149,14321,14268,11081,7360,11006,8710,11326,11630,6615,14377,11745,8529,8862,13574,14963,9547,14359,7314,14276,10911,7516,10100
248315,6180,8372,9443,7910,8773,13270,12786,12988,9102,11637,10456,10272,9080,12924,13331,12728,7068,12216,7287,9477,12251,12594,12797,10371,10982,12202,14316,14930,9928,14622,8631,14769,11463,12838,7537,12539,6539,13239,10466,14211,12281,14436,9515,11933,12585,13512,8096,10031,14570,11885,11919,7769,7545,13787,14827,7152,13555,9342,14029,10490,7819,6062,14095,8826,9751,14578,9968,12755,13607,14094,9125,7557,7012,14280,13836,11046,7143,11055,8767,11379,11411,6683,14269,11776,8527,8778,13394,15084,9600,14456,7306,14493,10670,7449,10070
1302,6108,8351,9488,7901,8812,13223,12632,13019,9101,11696,10355,10149,9290,12661,13315,12874,7103,12204,7196,9609,12174,12731,12875,10465,11084,11486,14101,14816,9913,14311,8504,14665,11251,12725,7520,12467,6474,13253,10535,14033,12392,14598,9385,11981,12599,13585,8063,10260,14320,11769,12021,7811,7697,13680,14878,7217,13427,9239,13670,10520,7761,6047,13908,8470,9803,14653,9841,12756,13744,13999,9139,7318,6788,14126,13793,10961,7099,10939,8561,11322,11469,6581,14357,11753,8375,8589,13503,14675,9591,14069,7224,14270,10882,7467,10035
1463165,5822,8296,9413,7910,8742,13277,12842,12900,8846,11185,10260,10167,9211,12692,12912,12571,7122,11932,7097,9464,12107,12540,12622,10346,10839,11714,13951,14781,9647,14477,8401,14476,11323,12609,7471,12194,6358,13284,10288,13904,12077,14335,9431,11859,12459,13369,7734,9982,14308,11839,11969,7641,7528,13580,14754,7083,13317,9111,13661,10572,7519,5999,13757,8408,9583,14628,9626,12477,13555,13849,9062,7294,6854,13864,13786,10768,7141,10931,8386,11111,11229,6553,14065,11460,8390,8507,13298,14757,9456,13882,7112,13836,10756,7321,9792
333367,5849,8080,9220,7492,8616,13006,12448,12431,8762,11115,10047,9955,9043,12357,12895,12315,6755,11537,7052,9343,11833,12359,12290,10114,10606,11347,13750,14246,9523,14148,8299,14058,11126,12177,7193,11787,6216,12627,10112,13681,12006,14092,9166,11391,12149,12842,7688,9823,14079,11531,11749,7609,7338,13149,14503,6946,12996,8925,13345,10369,7491,5801,13189,8338,9387,14010,9380,12162,13313,13592,8742,7154,6678,13622,13357,10697,7033,10818,8286,10861,10649,6419,13644,11263,8181,8280,12979,14424,9071,13930,7002,13705,10408,7073,9527
137838,5769,8065,9154,7485,8450,13108,12479,12538,8694,11347,10080,9669,8892,12275,12734,12147,6779,11815,6846,9319,11831,12032,12519,10219,10646,11351,13559,14365,9550,13970,8305,14176,11035,12270,7139,12184,6200,12962,10082,13598,11972,14188,9038,11461,11935,13112,7766,9624,13886,11516,11840,7422,7284,13208,14476,6851,13028,8885,13271,10144,7643,5866,13373,8455,9527,14178,9387,12098,13272,13431,8689,7326,6605,13579,13309,10718,7093,10605,8346,10950,11308,6375,13599,11281,8175,8480,13112,14150,9335,14070,7161,13805,10498,7169,9765
2857061,5690,7855,9070,7537,8513,12746,12331,12647,8558,11159,9976,9817,8760,12504,12576,12430,6710,11614,6931,9230,11711,12200,12197,10025,10487,11346,13750,14164,9352,13733,8172,14051,10911,12019,7220,11759,6185,12663,9955,13611,11760,13882,9155,11100,11908,13375,7644,9728,13730,11533,11584,7547,7277,13156,14265,7029,13186,9039,13184,9997,7628,5656,13426,8366,9340,13780,9391,12279,13254,13429,8710,7044,6573,13658,13171,10682,7081,10742,8273,10910,10705,6209,13540,11147,8099,8450,12899,14140,9206,13625,6984,13717,10276,7087,9567
2565914,5539,7845,8831,7295,8358,12384,12075,12060,8584,10862,9535,9506,8525,12126,12272,12101,6549,11387,6862,9122,11189,11884,12008,9747,10278,11158,13213,13783,9314,13620,7967,13599,10534,11920,7117,11658,6048,12438,9964,13322,11447,13611,8935,11072,11776,12796,7386,9511,13379,11161,11074,7253,7142,12700,13849,6814,12464,8640,12908,9773,7214,5657,12996,8231,9138,13612,9282,11740,13073,13234,8547,6870,6467,13329,13345,10335,6675,10354,8175,10565,10585,6101,13347,11127,7937,8357,12540,14114,8932,13329,6659,13567,10315,6745,9440
2382163,5596,7684,9045,7346,8288,12643,12064,12406,8512,10767,9660,9560,8536,12014,12284,11910,6610,11380,6776,9113,11199,11947,12079,9812,10300,10925,13334,13914,9189,13449,7961,13716,10646,11930,7029,11693,5961,12507,9827,13292,11557,13869,8895,11174,11639,12700,7535,9414,13508,11241,11519,7244,7097,12802,13990,6861,12455,8613,13175,9862,7327,5672,13050,8070,9395,13761,9133,11715,12825,13292,8575,6938,6428,13259,13079,10332,6706,10188,8152,10530,10674,5991,13242,11123,8068,8264,12640,13847,8987,13455,6778,13288,10082,6903,9447
2985571,5631,7704,8775,7290,8128,12450,11866,12117,8362,10869,9607,9564,8546,11964,12523,11644,6518,11226,6748,8911,11248,11594,11902,9757,10253,11076,13070,13948,9255,13564,8125,13490,10540,11894,7107,11735,5996,12425,9849,13233,11532,13511,8885,11080,11524,12600,7319,9441,13392,11081,11288,7331,7033,12891,13972,6627,12845,8449,12918,9872,7195,5479,13025,8104,9146,13682,8992,11835,12816,13188,8379,6933,6238,13153,12986,10192,6684,10233,8089,10488,10716,6019,13211,10992,8016,8046,12662,13647,8805,13308,6782,13440,10283,6844,9427
1548,5526,7325,8666,7170,8041,12115,11953,11763,8156,10494,9503,9272,8523,11539,12193,11492,6360,11038,6541,8653,11127,11497,11608,9538,9990,10657,12769,13394,8832,13347,7759,13314,10295,11501,6944,11236,5923,12105,9437,12690,11332,13235,8766,10906,11450,12343,7389,9148,13285,10745,11007,7024,6835,12589,13367,6642,12269,8397,12290,9306,7205,5356,12564,7834,8868,13462,8973,11746,12645,12595,8379,6657,6225,12830,12733,9992,6451,9964,7910,10290,10149,6066,12898,10787,7686,8087,12123,13514,8662,13043,6522,13018,9788,6680,9069
2873296,5315,7409,8479,7028,7831,11980,11348,11591,8136,10413,9417,9116,8352,11492,11890,11352,6334,10674,6435,8580,10998,11559,11288,9301,9718,10605,12691,13383,8935,12868,7721,13109,10172,11380,6595,11124,5596,11694,9261,12481,11046,12736,8505,10585,10934,12181,7139,9143,12893,10579,10715,6988,6941,12337,13326,6307,12061,8313,12420,9517,6953,5377,12327,7811,8735,13038,8922,11561,12153,12377,8127,6751,6182,12700,12240,9789,6332,9842,7592,10260,10225,5877,12804,10476,7627,7719,12058,13092,8470,12848,6448,12586,9745,6461,8796
2500132,5228,7459,8749,7107,7879,11758,11608,11640,8118,10367,9289,9213,8130,11345,11879,11389,6185,10816,6565,8586,10853,11321,11358,9389,9782,10597,12800,13347,8897,12933,7677,13331,9935,11360,6597,11276,5809,11831,9400,12821,11260,13004,8635,10393,11082,12197,7023,9074,12826,10653,10674,6974,6809,12184,13376,6509,12078,8308,12203,9273,6943,5353,12295,7624,8724,13152,8853,11317,12306,12544,8017,6522,6172,12587,12299,9676,6365,9741,7731,10142,10105,5904,12810,10519,7490,7837,11944,13271,8480,12779,6346,12583,9552,6479,8901
564,5294,7181,8376,6798,7661,11750,11014,11291,7965,10328,9043,8895,8106,11156,11490,11143,6109,10666,6249,8399,10549,11195,10960,9206,9720,10262,12326,13128,8578,12716,7593,12740,10140,11251,6608,10947,5589,11406,8986,12233,10951,12785,8279,10183,10765,11967,6986,8704,12799,10643,10756,6854,6499,12014,13166,6354,11911,8039,12089,9167,6805,5307,11994,7691,8620,12838,8711,11018,12134,12316,7999,6442,5991,12369,12060,9596,6280,9623,7536,9888,10023,5795,12429,10319,7470,7703,11616,13003,8284,12336,6251,12551,9401,6516,8782
1156431,5290,7277,8252,7044,7693,11611,11247,11324,7827,10198,9046,8903,7985,11273,11440,10877,6023,10709,6246,8367,10652,10963,11096,8878,9548,10315,12345,13054,8510,12648,7369,12549,9595,11019,6496,10879,5469,11558,9265,12289,10639,12657,8242,10257,10854,11848,6926,8832,12348,10411,10489,6858,6513,12004,13004,6279,11953,8084,11990,9050,6684,5124,11980,7468,8616,12830,8355,10910,11954,12154,7877,6339,5999,12471,12126,9738,6214,9565,7404,9903,9643,5784,12494,10166,7349,7579,11806,12797,8213,12640,6034,12457,9369,6450,8641
158836,5179,7183,8035,6800,7745,11647,11022,11176,7823,9956,9117,8836,8003,11152,11563,10866,6041,10453,6299,8237,10754,10945,11068,9110,9391,10324,12448,12860,8324,12330,7446,12657,9969,10896,6459,10719,5639,11305,8967,12001,10509,12316,8071,10326,10692,11829,7037,8539,12446,10308,10312,6696,6365,11866,12960,6019,11735,7966,11911,9099,6619,5237,12058,7685,8414,12707,8433,11072,11807,12071,7803,6334,5931,12250,11870,9453,6129,9509,7336,9964,9761,5696,12282,10038,7410,7636,11686,12784,8272,12352,6210,12273,9245,6228,8621
2596949,5158,7183,8229,6850,7527,11601,10982,11255,7961,9883,8998,8689,7798,11089,11141,11033,6066,10378,6054,8384,10356,10811,11060,9096,9388,10137,12240,12721,8528,12394,7406,12813,9795,10979,6538,10645,5516,11308,9018,12181,10615,12385,8314,10195,10737,11633,6896,8701,12420,10188,10339,6745,6642,12065,12813,6144,11810,8159,11780,9089,6627,5268,12092,7516,8347,12910,8452,10950,11848,12442,7656,6388,6002,12227,11793,9484,6131,9379,7411,9907,9587,5641,12099,10065,7354,7644,11768,12699,8244,12504,6181,12452,9388,6392,8734
45634,5049,7095,8008,6677,7410,11299,10952,10922,7748,9823,8737,8703,7819,10791,11126,10836,6038,10314,6145,8082,10487,10705,10717,8652,9230,10011,12097,12527,8312,12207,7158,12265,9516,10743,6399,10535,5482,11224,8856,11850,10564,12260,7930,9983,10477,11322,6770,8705,12230,10118,10013,6691,6370,11632,12565,6122,11237,7833,11682,8892,6542,5160,11755,7172,8245,12521,8344,10923,11652,11815,7577,6191,5813,12021,11638,9317,6149,9325,7457,9733,9571,5617,12084,9915,7132,7549,11478,12514,8149,12105,6091,12098,9229,6087,8461
1314,5103,7135,7850,6470,7485,11140,10963,10827,7627,9790,8539,8546,7698,10586,11211,10549,5884,10183,6024,8029,10075,10717,10918,8828,9199,10040,11729,12401,8225,12029,7179,12374,9627,10551,6378,10445,5239,11005,8826,11801,10255,12288,7897,9816,10479,11311,6743,8513,12062,10033,10202,6692,6358,11533,12342,6106,11384,7866,11572,8632,6469,4955,11725,7219,8257,12329,8079,10481,11421,11952,7636,6332,5795,11744,11782,9249,6147,9141,7111,9601,9485,5552,11865,9870,7196,7293,11475,12640,8110,12247,5957,12015,9067,6120,8367
1322,5129,7031,7922,6650,7347,11082,10880,10875,7686,9576,8650,8504,7696,10831,11061,10716,5849,10262,5981,7976,10141,10872,10756,8729,9197,9954,11925,12461,8236,12206,7108,12340,9644,10776,6287,10340,5283,11046,8689,11958,10373,11989,7923,9998,10370,11435,6753,8428,12053,10163,10134,6494,6303,11410,12579,5989,11267,7764,11575,8787,6504,5092,11799,7291,8268,12124,8142,10777,11546,11795,7515,6135,5749,11714,11578,9152,6152,9098,7169,9386,9331,5490,12037,9741,7016,7291,11179,12488,7980,12031,5963,12139,9167,6101,8229
2860337,4929,6936,7909,6718,7189,11184,10753,10816,7591,9362,8582,8363,7660,10546,10911,10618,5777,10114,5986,7822,10240,10494,10557,8463,9142,9777,11967,12238,8040,12030,6942,11921,9381,10332,6123,10156,5422,10964,8621,11645,10193,11952,7829,9689,10263,11196,6653,8251,12047,9770,10003,6577,6233,11274,12440,5956,11242,7583,11490,8571,6515,4866,11525,7161,8103,12062,8145,10493,11526,11591,7383,6252,5805,11699,11565,9073,5989,9061,7065,9698,9191,5500,11840,9783,6980,7200,11110,12269,7996,11965,5945,11760,8939,6141,8207
2044467,4898,6738,7881,6424,7253,10783,10585,10581,7403,9494,8524,8317,7426,10588,10930,10653,5803,9908,5924,7880,10055,10277,10497,8529,8947,9601,11674,12087,8040,11814,6985,11897,9292,10454,6288,10142,5298,11048,8495,11483,9965,11825,7745,9570,10236,11065,6443,8246,11818,9708,9793,6374,6342,11361,12264,5885,11058,7530,11564,8620,6388,4877,11264,7035,8032,12098,7884,10542,11312,11535,7424,6157,5644,11605,11337,9008,5881,9050,7045,9178,9278,5454,11908,9571,6960,7070,11214,12190,7994,11714,5961,11713,8975,6129,8110
1307,4991,6938,7778,6323,7183,10821,10628,10688,7251,9547,8690,8308,7344,10519,10654,10360,5655,10038,5756,7888,10007,10259,10458,8534,8998,9703,11749,12196,8024,11971,7077,11837,9384,10536,6204,10115,5176,10881,8455,11715,10189,11994,7853,9778,10353,11078,6588,8285,11923,9594,9998,6513,6123,11093,12115,5840,11221,7533,11356,8739,6269,4885,11501,7033,8088,12051,8105,10398,11277,11508,7383,6017,5561,11565,11168,8897,5830,8940,6988,9220,9238,5437,11744,9501,7066,7111,11226,12231,7731,11826,5878,11793,8807,5893,8104
438033,4857,6807,7732,6368,7173,10859,10351,10799,7287,9400,8472,8234,7383,10431,10634,10293,5661,9781,5928,7941,9975,10439,10435,8407,9020,9626,11549,12157,8019,11966,6775,11834,9357,10373,6083,9859,5111,10891,8533,11521,10023,11919,7688,9590,10133,11024,6580,8283,11886,9467,9952,6330,6146,11257,12078,5934,10977,7520,10989,8566,6271,4934,11501,7054,8006,11865,8074,10118,11220,11528,7450,6136,5721,11563,11322,8977,5960,9024,7020,9164,9297,5495,11560,9422,6843,7084,11138,12264,7615,11721,5778,11651,8897,5960,8244
2785531,4909,6805,7788,6404,7129,10965,10450,10584,7364,9543,8471,8220,7414,10418,10829,10270,5646,10019,5904,7662,9750,10188,10445,8628,8813,9540,11506,12083,7790,11880,6920,11686,9345,10066,6003,10094,5319,10710,8607,11455,9950,11718,7575,9659,9967,11126,6371,8219,11599,9633,9668,6303,6227,11072,12143,5782,11017,7492,11225,8457,6406,4886,10910,6945,7920,11866,8037,10296,11100,11382,7372,6111,5400,11519,11173,9179,5922,9022,6977,9451,9315,5379,11418,9554,6881,7066,10905,12092,7861,11459,5815,11645,8848,6024,8129
1561,4826,6724,7729,6349,7119,10644,10541,10520,7345,9436,8463,8277,7571,10281,10717,10124,5729,9771,5801,7772,9807,10345,10487,8496,9002,9505,11422,12029,7889,11633,6852,11820,9329,10248,6028,10144,5094,10699,8427,11521,10029,11707,7741,9494,10299,11139,6616,8133,11533,9513,9689,6157,6290,11275,12159,5868,11022,7512,11117,8412,6271,4760,11244,7043,7947,12163,7748,10120,11077,11456,7325,5866,5565,11416,11257,9146,5756,8893,6985,9084,9247,5322,11554,9527,6915,7237,10942,12041,7820,11654,5792,11462,8709,6046,7985
84023,4751,6784,7574,6394,7034,10776,10377,10455,7218,9176,8321,8225,7434,10443,10719,10324,5716,9673,5725,7809,9819,10453,10304,8420,8656,9479,11097,12132,7900,11678,6962,11628,9245,10183,6129,10071,5163,10594,8409,11398,9982,11866,7625,9447,9991,10732,6416,8148,11585,9380,9858,6378,6144,11241,12067,5783,10858,7379,11016,8447,6271,4812,11219,7049,7866,11564,7770,10126,11070,11467,7224,6094,5614,11372,11284,8896,5823,8778,6905,9290,9070,5261,11600,9262,6813,7004,10748,11995,7790,11398,5878,11604,8667,5907,7873
2843318,4826,6685,7619,6193,7095,10712,10309,10455,7321,9258,8353,8141,7464,10374,10728,10154,5595,9701,5771,7658,9923,10153,10179,8260,8773,9478,11398,11907,7946,11561,6638,11722,9257,10085,6028,10111,5138,10510,8349,11140,10041,11582,7600,9339,9978,10949,6278,7923,11389,9447,9474,6366,5979,11027,11785,5669,10945,7339,11033,8315,6155,4818,11101,6874,7631,11650,7676,10049,10871,11037,7134,5831,5508,11342,11012,8781,5882,8778,6754,9052,9008,5251,11362,9308,6714,6972,10680,11745,7612,11357,5704,11399,8672,5803,7819
36745,4744,6465,7354,6057,6927,10301,10062,10314,7125,9015,8066,8310,7216,10000,10656,9905,5449,9747,5693,7627,9589,9973,10074,8123,8711,9294,11232,11628,7851,11160,6528,11334,8945,10144,6002,9808,5017,10448,8347,11204,9797,11467,7395,9299,9593,10684,6351,8006,11177,9410,9302,6224,6033,10868,11817,5688,10737,7357,10624,8232,6063,4705,10817,6816,7803,11366,7668,9916,10820,11210,7073,5877,5416,11071,10908,8749,5738,8555,6869,9007,8790,5192,11225,9181,6602,6795,10680,11683,7559,11286,5521,11204,8574,5793,7971
166486,4631,6424,7442,6215,6830,10292,10255,10180,6959,8940,8010,7919,7232,9820,10521,9901,5448,9546,5604,7467,9570,10143,9815,8117,8542,9341,11027,11702,7665,11146,6630,11453,8956,10070,5776,9490,4940,10320,8097,10839,9604,11223,7376,9082,9724,10515,6114,8081,11307,9297,9391,6097,5981,10662,11783,5686,10504,7232,10704,8269,6077,4794,10868,6869,7677,11467,7561,9999,10601,11135,7112,5873,5370,10952,10657,8478,5622,8613,6785,8824,8831,5217,11036,9200,6557,6685,10444,11560,7579,11101,5660,11259,8470,5802,7786
1519,4564,6458,7255,6014,6746,10191,9772,10016,6941,8771,8087,7842,7026,9656,10023,9633,5391,9313,5591,7413,9467,9702,9712,8111,8588,9098,10762,11492,7573,11107,6618,11112,8826,9627,5791,9729,4872,10277,8156,10880,9451,11096,7311,9136,9546,10478,6070,7733,11051,9158,9275,6062,5781,10695,11556,5471,10413,7038,10761,8041,5912,4568,10678,6620,7469,11454,7535,9692,10687,10873,6950,5542,5320,10986,10583,8452,5620,8354,6550,8649,8586,5068,11044,8959,6454,6618,10149,11397,7235,10948,5498,11074,8324,5575,7644
1310,4622,6409,7260,5930,6659,10197,9758,9718,6921,8971,7977,7814,7062,9814,10076,9758,5311,9280,5398,7312,9392,9780,9896,7951,8494,9006,10828,11509,7555,11033,6455,11393,8782,9914,5814,9548,4737,10258,7916,10858,9358,11089,7218,9117,9481,10527,6051,7678,11063,9191,9229,5977,5784,10504,11152,5479,10477,6968,10603,8031,5985,4567,10580,6676,7443,11262,7413,9749,10510,10818,6849,5548,5309,10771,10490,8456,5464,8460,6571,8714,8713,5158,10979,8824,6603,6615,10250,11311,7243,10954,5600,11105,8215,5472,7709
2894203,4530,6457,7196,6028,6757,10214,9840,9926,6797,8706,7913,7726,6999,9659,10050,9617,5158,9307,5610,7362,9285,9488,9693,8070,8274,9169,10862,11478,7577,11025,6478,11273,8591,9639,5672,9464,5109,10073,7808,10711,9386,11320,7348,9027,9577,10305,6153,7579,10957,9079,9054,6124,5695,10427,11612,5483,10264,7152,10363,8059,5939,4666,10674,6706,7650,11151,7466,9569,10373,10725,6917,5719,5350,10718,10573,8442,5444,8465,6521,8537,8737,5065,10903,8983,6617,6684,10233,11426,7459,10905,5495,10960,8365,5541,7523
1494,4423,6385,7197,5982,6569,10189,9788,9758,6936,8866,7734,7805,7024,9690,9920,9524,5374,9078,5435,7196,9263,9611,9710,7824,8264,9055,10532,11429,7484,10970,6374,11013,8566,9645,5761,9460,4954,10053,7938,10693,9151,11135,7145,9057,9422,10459,5988,7644,11040,8868,9193,5963,5648,10432,11236,5500,10457,7076,10375,7845,5876,4444,10503,6553,7259,11076,7268,9558,10571,10605,6768,5578,5213,10728,10550,8267,5416,8206,6522,8660,8663,4885,10762,8843,6361,6481,10135,11384,7188,10850,5541,10896,8287,5663,7728
2763062,4352,6064,7031,5732,6622,9913,9526,9722,6743,8606,7689,7588,6857,9402,9998,9316,5258,9053,5516,7219,8977,9427,9610,7853,8367,8840,10612,10944,7362,10821,6358,10875,8475,9592,5672,9275,4705,9892,7883,10676,9284,10845,7158,8788,9199,10343,6048,7470,10627,8830,8876,5836,5505,10115,11355,5244,10051,6911,10394,7881,5659,4482,10233,6355,7221,11001,7197,9529,10112,10434,6511,5570,5199,10673,10414,8302,5460,8072,6495,8664,8481,4961,10721,8671,6311,6564,9998,11020,7197,10676,5332,10584,8179,5455,7639
548,4482,6124,7063,5818,6436,9809,9361,9743,6732,8500,7715,7455,6875,9484,9923,9520,5174,9007,5404,7155,8953,9374,9464,7681,8165,8882,10520,10945,7293,10793,6483,10858,8392,9449,5577,9333,4684,9883,7653,10496,9280,10721,7114,8631,9283,10033,5860,7542,10862,8848,9028,5725,5462,10298,11223,5374,10199,6892,10169,7807,5582,4420,10276,6329,7420,10765,7317,9453,10178,10578,6666,5618,5040,10511,10381,7987,5370,8176,6444,8425,8279,4982,10573,8589,6278,6421,9976,10850,7052,10620,5386,10661,8062,5401,7383
84022,4291,6168,7006,5779,6357,9780,9410,9637,6673,8410,7567,7541,6820,9302,9720,9313,5248,9042,5268,7144,8976,9170,9552,7669,8010,8698,10605,11001,7176,10611,6292,10685,8261,9451,5607,9008,4679,9684,7609,10336,8854,10651,6933,8704,9127,10133,5859,7454,10479,8538,8879,5709,5557,10204,11066,5374,9991,6797,10116,7919,5878,4418,10356,6277,7233,10772,7209,9311,10081,10380,6752,5510,5123,10276,10301,8142,5256,7882,6235,8315,8354,4790,10378,8589,6300,6432,9808,10858,7126,10620,5131,10301,8078,5507,7406
2976431,4443,6088,7000,5714,6384,9721,9356,9598,6635,8463,7442,7376,6685,9320,9745,9170,5174,9079,5258,7119,9054,9387,9121,7737,7970,8662,10182,10990,7292,10412,6097,10639,8251,9233,5523,8980,4544,9710,7423,10310,8851,10596,6936,8578,9235,10022,5900,7363,10330,8757,8746,5726,5614,10003,10823,5260,9955,6731,10170,7612,5647,4311,10167,6233,7131,10806,7279,9359,9997,10354,6810,5381,5113,10313,10101,8037,5197,8132,6345,8292,8272,4711,10460,8505,6243,6332,9933,10963,6991,10587,5192,10272,7799,5465,7217
2587529,4295,5964,6707,5744,6402,9529,9324,9485,6545,8274,7487,7319,6630,9055,9564,9020,5095,8629,5157,6987,8807,9288,9143,7577,7964,8465,10229,10708,7072,10393,6256,10268,8257,9140,5302,9019,4510,9392,7481,10264,8897,10566,6754,8370,8988,9829,5691,7193,10426,8444,8766,5619,5520,9871,10839,5167,9784,6659,10011,7512,5669,4304,9772,6324,7090,10500,7056,9178,10014,10182,6443,5416,5011,10299,10270,7846,5210,7853,6156,8153,8178,4813,10138,8368,6128,6252,9603,10603,6931,10325,5092,10315,7910,5148,7134
2021971,4311,5930,6726,5745,6255,9403,9174,9176,6459,8335,7498,7208,6481,9063,9465,9116,4951,8611,5263,6939,8661,9112,9191,7586,7823,8540,10108,10607,7149,10325,6058,10221,8071,9074,5561,8940,4692,9536,7479,10059,8728,10477,6765,8372,8899,9616,5773,7251,10267,8564,8590,5527,5304,9881,10781,5115,9584,6635,10034,7302,5759,4300,9837,6361,6830,10659,7009,9073,9682,9936,6456,5358,5096,10169,9932,7849,5109,7874,6027,8268,8110,4659,10047,8325,5864,6229,9475,10613,6858,10117,5193,10163,7936,5412,7190
2972764,4189,5808,6767,5534,5989,9292,9184,9199,6415,8215,7316,7270,6350,9076,9294,9031,5062,8536,4994,6784,8707,9025,9118,7335,7806,8356,9949,10509,6987,10407,6200,10261,8066,8817,5440,8632,4537,9389,7469,9959,8879,10318,6658,8314,8877,9702,5765,7108,10151,8319,8466,5546,5399,9773,10253,5063,9480,6442,9799,7433,5526,4259,9756,6158,6931,10193,6996,8755,9710,9957,6249,5234,4896,9939,9969,7849,4928,7869,6036,7967,8027,4696,10243,8343,5905,6291,9541,10471,6769,10200,5113,10071,7562,5203,7015
674529,4309,5878,6669,5580,6203,9481,9116,9139,6357,8006,7381,7235,6421,9051,9396,8962,4857,8605,5007,6863,8713,8868,9048,7370,7665,8254,9928,10595,6935,10188,5890,10291,8005,8922,5360,8860,4625,9371,7487,9901,8823,10295,6735,8437,8795,9619,5581,7092,9921,8398,8651,5479,5315,9755,10412,5018,9504,6553,9678,7233,5490,4156,9902,6109,6882,10387,6868,8945,9640,10035,6441,5220,4788,9880,9815,7802,5182,7712,5994,8001,8038,4762,10128,8237,5889,6150,9496,10572,6778,10170,5040,10146,7617,5133,7030
1345,4242,5806,6638,5414,6047,9304,8918,9196,6264,8022,7145,6941,6414,8775,9094,8985,4900,8633,5024,6687,8570,8779,8869,7379,7616,8224,9847,10357,6845,9895,5935,10245,7923,8845,5169,8669,4518,9291,7329,9874,8572,10179,6449,8219,8779,9386,5653,6986,10015,8329,8454,5471,5257,9693,10231,5012,9365,6436,9603,7373,5477,4229,9866,6158,6990,10310,6761,8778,9771,9759,6323,5153,4837,10062,9715,7729,5014,7773,5963,7874,7920,4719,10047,7994,5931,6187,9383,10282,6643,10054,4939,10165,7340,5185,6995
820,3997,5822,6669,5378,5993,9176,8908,8965,6071,8013,7257,7007,6288,8635,9091,8827,4851,8403,4955,6637,8499,8684,8716,7286,7428,8078,9784,10299,6860,10092,5883,10149,7746,8895,5272,8706,4400,9149,7165,9798,8457,10050,6597,8278,8651,9234,5523,6854,10124,8208,8177,5384,5344,9507,10476,4915,9370,6514,9596,7301,5250,4027,9647,5963,6807,10024,6792,8834,9569,9864,6246,5044,4814,9922,9512,7575,5004,7461,5879,7891,7851,4599,9876,8073,5918,5985,9272,10224,6556,9816,4987,9836,7283,5166,6848
29341,4048,5815,6463,5463,5996,9034,9037,8910,6234,7749,7183,7030,6222,8752,9019,8764,4890,8653,4845,6716,8611,8460,8839,7226,7578,8000,9717,10166,6730,9964,5960,10171,7963,8742,5122,8475,4433,9151,7231,9646,8410,10092,6567,8127,8505,9427,5423,6917,10040,8234,8321,5285,5216,9490,10120,4919,9269,6292,9578,7170,5336,4085,9604,6012,6818,9968,6639,8544,9322,9686,6175,5131,4802,9651,9390,7595,5005,7479,6022,7917,7827,4475,9907,8069,5860,6012,9343,10330,6549,9766,4950,9818,7406,5147,6912
418240,4191,5771,6592,5453,6000,9209,8894,8952,6277,7873,7109,6941,6363,8816,8828,8857,4870,8304,5001,6531,8445,8771,8922,7169,7598,8152,9784,10108,6756,9820,5869,10194,7845,8774,5217,8467,4338,9042,7213,9733,8430,9925,6473,8035,8598,9464,5628,6780,10011,8209,8282,5473,5145,9400,10309,5005,9493,6451,9345,7370,5461,4111,9272,5862,6715,10190,6770,8727,9372,9723,6210,5069,4801,9796,9644,7491,4984,7584,5782,7754,7777,4608,9699,8110,5859,6032,9218,10309,6704,9770,4962,9774,7376,5045,6945
2912628,4057,5684,6444,5298,5931,9234,8863,8851,6168,7860,6974,6945,6265,8595,8849,8651,4921,8224,4826,6599,8235,8458,8646,7017,7260,8057,9681,10069,6684,9721,5669,9969,7709,8485,5110,8412,4377,8950,6966,9423,8301,9866,6454,8052,8440,9305,5377,6678,9844,8039,8225,5298,5133,9264,9926,4851,9262,6259,9361,6898,5153,4225,9349,5849,6540,9992,6563,8444,9209,9480,6134,4997,4564,9489,9329,7385,4875,7407,5814,7685,7759,4439,9731,7813,5534,5887,9178,9997,6482,9809,4878,9885,7296,4984,6790
2923088,3883,5456,6428,5172,5771,8904,8439,8492,6134,7690,7036,6799,6160,8517,8811,8484,4620,8050,4781,6305,8128,8515,8473,6856,7449,7950,9531,9945,6725,9846,5658,9652,7668,8398,5050,8287,4274,9006,6973,9418,8252,9621,6263,7921,8407,8939,5338,6712,9603,7877,8030,5317,4994,9136,10018,4751,8967,6230,9109,6930,5163,3916,9249,5652,6524,9640,6449,8460,9067,9351,6023,5015,4610,9405,9208,7353,4846,7365,5828,7681,7634,4341,9421,7726,5591,5830,9017,9898,6242,9564,4779,9494,7198,4934,6615
2755405,3967,5522,6274,5144,5803,8696,8476,8713,6114,7845,6972,6544,5920,8444,8807,8412,4727,8091,4788,6434,8129,8398,8593,6847,7310,7990,9422,10143,6558,9582,5712,9611,7400,8380,5112,8242,4143,8860,6917,9440,8292,9598,6258,7914,8359,9160,5280,6662,9590,7828,8132,5236,5044,9312,9851,4736,8980,6088,9275,6897,5142,4013,9135,5804,6571,9562,6433,8281,9207,9277,6136,5005,4500,9350,9359,7304,4755,7224,5790,7614,7518,4376,9458,7568,5707,5826,9038,9983,6450,9511,4737,9203,7118,4940,6717
2479767,3725,5256,6156,5004,5588,8364,8155,8251,5709,7382,6687,6465,5868,8129,8445,8154,4576,7890,4579,6223,7801,8013,8000,6494,6948,7603,8991,9375,6162,9221,5430,9273,7285,8044,4737,7935,4069,8524,6636,8812,7876,9115,6026,7642,8001,8694,5085,6422,9303,7628,7813,4979,4829,8532,9450,4649,8545,5832,8688,6577,4929,3847,8803,5539,6204,9442,6125,8044,8724,8742,5666,4805,4357,9076,8902,6949,4496,6984,5430,7072,7219,4249,8973,7309,5349,5522,8397,9568,6001,9002,4618,9098,6861,4661,6431
1443109,3866,5229,6045,4878,5425,8443,7843,8115,5578,7171,6371,6412,5870,8006,8238,7986,4350,7644,4516,5946,7673,7894,7929,6420,6848,7455,8846,9312,6269,9142,5315,9165,7230,7988,4678,7729,4015,8586,6622,8790,7773,9071,6062,7286,7936,8473,5015,6300,9166,7396,7541,4963,4723,8511,9602,4512,8347,5688,8709,6528,4777,3753,8722,5385,5997,9233,6082,8091,8568,8779,5621,4608,4347,8855,8678,6931,4504,6875,5428,7111,7057,4129,8970,7323,5157,5533,8542,9349,5917,8913,4475,8696,6809,4606,6248
2912631,3755,5245,6062,4871,5444,8535,8035,8065,5495,7344,6468,6411,5836,7981,8254,7871,4343,7653,4559,5998,7701,7930,8040,6483,6835,7296,8943,9277,6214,9123,5336,9006,7181,8107,4522,7776,4020,8437,6499,8773,7682,9108,5867,7285,7859,8619,5108,6429,8959,7553,7732,4953,4588,8568,9228,4597,8575,5849,8668,6501,4861,3764,8749,5375,6180,9152,6042,7913,8780,8725,5780,4647,4382,8797,8758,6963,4479,6802,5469,7143,6988,4249,8914,7148,5323,5618,8434,9398,5981,8941,4570,8896,6785,4520,6126
2850493,3639,5033,6019,4799,5507,8369,7975,8030,5705,7223,6471,6384,5727,7963,8265,7836,4379,7452,4413,6011,7631,7985,8201,6494,6837,7345,8706,9211,5947,8892,5345,9023,6980,7861,4685,7765,3872,8299,6525,8722,7651,8989,5862,7444,7845,8509,4968,6367,8843,7546,7392,4819,4741,8434,9380,4486,8449,5691,8485,6530,4741,3676,8617,5567,6072,9156,5954,7947,8452,8564,5540,4669,4249,8826,8562,6970,4420,6943,5354,7090,7096,4069,8664,7194,5258,5414,8329,9266,5907,8914,4575,8969,6652,4549,6142
2742643,3629,5009,5756,4715,5243,8073,7642,7901,5422,6881,6341,6237,5541,7735,7886,7564,4325,7281,4329,5845,7505,7612,7689,6281,6727,7205,8650,8967,6047,8817,5167,8641,6892,7554,4690,7566,4008,8009,6276,8510,7510,8800,5669,7116,7696,8026,4942,6002,8714,7170,7303,4764,4586,8193,9048,4305,8225,5770,8292,6274,4618,3672,8311,5296,5764,8798,6024,7702,8276,8431,5302,4522,4174,8617,8292,6753,4444,6699,5199,6967,6882,3905,8628,7087,5205,5228,8021,8875,5676,8583,4307,8699,6542,4457,6086
751585,3535,5131,5781,4658,5332,7979,7794,7659,5522,7065,6257,6096,5583,7696,7976,7767,4284,7412,4300,5908,7244,7609,7592,6326,6697,7237,8561,8942,5927,8553,5264,8726,6776,7695,4567,7635,3866,7981,6263,8351,7451,8852,5827,7062,7644,8304,4824,6058,8641,7063,7184,4704,4554,8115,8840,4351,8108,5640,8564,6321,4636,3652,8352,5109,5979,8723,5956,7720,8332,8715,5359,4393,4126,8544,8349,6623,4313,6620,5198,6871,6763,3946,8591,7024,5129,5318,8151,9025,5601,8651,4261,8693,6642,4443,6022
2478464,3576,5007,5713,4791,5380,8051,7663,7787,5314,6998,6239,6128,5623,7796,7998,7514,4094,7312,4338,5894,7333,7614,7698,6155,6522,7148,8317,9016,5966,8779,5046,8699,6883,7677,4528,7494,3883,8006,6139,8390,7469,8854,5556,7162,7326,8148,4761,6122,8607,7437,7259,4666,4435,8250,8877,4338,8047,5669,8306,6193,4641,3555,8311,5409,6032,8881,5984,7605,8171,8400,5613,4410,4214,8452,8332,6549,4287,6639,5226,6918,7041,3977,8491,6856,5107,5385,8141,8856,5707,8591,4257,8564,6410,4356,6008
290053,3626,4932,5588,4697,5218,8044,7705,7640,5535,6823,6103,6064,5547,7541,7963,7608,4158,7194,4301,5637,7270,7620,7542,6254,6714,7241,8506,8892,5794,8516,4979,8640,6784,7616,4415,7346,3840,7865,6252,8384,7354,8528,5501,7161,7439,8077,4912,6116,8413,7115,7356,4602,4485,8040,9045,4339,8004,5520,8241,6098,4579,3473,8288,5171,5844,8683,5826,7621,8154,8485,5392,4416,4017,8481,8254,6437,4301,6336,5109,6824,6645,4006,8505,6873,5045,5199,7890,8863,5665,8689,4332,8451,6499,4384,5947
211595,3552,4941,5544,4553,5338,7980,7447,7659,5249,6738,5970,6056,5476,7370,7788,7401,4091,7232,4232,5762,7151,7496,7375,6237,6433,7061,8363,8865,5818,8594,5012,8455,6551,7274,4472,7290,3709,7830,6077,8447,7283,8554,5526,6967,7264,8031,4742,5994,8343,6997,7144,4568,4530,8089,8927,4162,8006,5408,8152,6192,4573,3508,8022,5175,5817,8596,5730,7376,8072,8217,5326,4403,4046,8329,8176,6380,4364,6423,5024,6734,6575,4058,8458,7064,5024,5168,8121,8819,5623,8427,4158,8376,6287,4453,5888
113107,3562,4836,5656,4626,5219,7706,7498,7751,5348,6831,6043,6014,5334,7491,7829,7467,4128,6966,4199,5643,7149,7330,7439,5968,6432,6808,8299,8821,5633,8529,5046,8563,6599,7417,4477,7175,3699,7701,5994,8229,7190,8525,5537,6758,7354,7770,4674,5916,8373,6977,6913,4482,4425,8014,8869,4200,7810,5460,8075,6236,4505,3562,8054,5143,5740,8760,5615,7399,8019,8094,5328,4408,4061,8298,8084,6350,4104,6259,5044,6648,6651,3765,8517,6966,5031,5211,7813,8715,5632,8427,4147,8514,6232,4164,5818
61645,3486,4719,5500,4685,5050,7748,7409,7510,5175,6812,6041,5919,5232,7406,7524,7313,4055,6840,4176,5521,6992,7340,7375,6004,6389,6778,8200,8714,5697,8358,4792,8303,6631,7193,4437,7185,3821,7725,6156,8187,6999,8332,5334,6649,7294,7976,4663,5773,8258,6879,7046,4550,4363,8025,8566,4189,7795,5481,8071,6015,4439,3513,8087,5041,5785,8520,5665,7304,7938,8039,5208,4305,4035,8055,7986,6419,4230,6347,4939,6373,6563,3791,8154,6929,4886,4999,7810,8576,5506,8334,4122,8247,6259,4204,5679
223919,3442,4880,5394,4427,5127,7783,7485,7373,5122,6558,5979,5807,5207,7206,7741,7291,4058,7012,4143,5521,7171,7229,7284,6042,6284,6707,8137,8579,5686,8368,4886,8448,6616,7255,4293,7083,3728,7548,5977,8139,7003,8352,5545,6675,7157,7856,4674,5838,8376,6665,6900,4436,4335,7796,8552,4211,7670,5302,7939,6026,4414,3443,7854,4983,5684,8353,5673,7310,8029,8225,5281,4248,3941,8096,8028,6302,4255,6251,4955,6580,6578,3862,8161,6663,4894,5098,7849,8542,5503,8237,4138,8212,6185,4205,5815
1304,3355,4824,5344,4418,5045,7596,7277,7412,5025,6418,5779,5743,5136,7341,7472,7039,3921,6849,4062,5433,6835,7191,7325,5861,6123,6588,8156,8591,5604,8165,4833,8282,6478,7046,4205,7001,3676,7247,5899,7976,7029,8195,5287,6607,7044,7806,4404,5707,8139,6812,6930,4380,4284,7848,8277,4004,7737,5236,7728,5901,4513,3552,7779,4946,5610,8288,5746,7197,7946,8072,5164,4192,3923,7994,7877,6206,4087,6167,4821,6431,6543,3798,8154,6479,4830,5009,7635,8277,5397,8096,4086,7947,6176,4134,5620
2831966,3318,4546,5186,4313,4707,7350,7144,7290,4930,6425,5646,5608,5175,7243,7305,7114,3866,6658,4011,5375,6703,7082,6997,5877,6113,6632,7766,8268,5388,8106,4755,7991,6368,7028,4239,6813,3705,7363,5942,7702,6925,7954,5165,6592,7042,7477,4371,5612,8060,6568,6862,4363,4246,7647,8273,4110,7562,5262,7655,5907,4426,3435,7657,4858,5387,8251,5479,6845,7653,7922,4875,4076,3784,7784,7684,6087,3888,6160,4725,6419,6219,3634,7863,6498,4722,4906,7563,8248,5388,8034,3852,7947,6076,4049,5620
1814128,3271,4590,5163,4372,4823,7422,7069,7103,4953,6337,5679,5609,5081,7209,7350,7008,3976,6571,4002,5164,6812,6842,6775,5747,6015,6482,7868,8203,5310,8000,4641,8042,6222,7116,4208,6891,3469,7281,5933,7876,6716,8072,5270,6451,6851,7590,4370,5583,7997,6595,6680,4419,4135,7619,8183,4079,7477,4936,7674,5806,4268,3392,7589,4847,5270,7925,5321,7057,7518,7559,4972,4073,3867,7767,7543,6045,3877,5855,4699,6305,6139,3590,7933,6385,4657,4830,7458,8162,5060,7976,3953,7580,5833,4011,5577
1702238,3356,4567,5116,4230,4787,7235,7086,7012,4894,6299,5737,5597,4961,6884,7226,6890,3772,6623,3996,5221,6555,6906,7066,5692,5958,6412,7783,7988,5318,8085,4732,7865,6348,6978,4116,6738,3552,7200,5758,7681,6754,7980,5052,6468,6811,7461,4456,5528,7931,6422,6581,4339,4112,7449,8168,3895,7500,5012,7656,5628,4272,3101,7688,4747,5334,7956,5203,6846,7446,7641,4909,4022,3794,7743,7514,6081,3886,5983,4785,6202,6167,3581,7782,6367,4693,4799,7413,8223,5265,7771,3929,7818,5777,4148,5481
1340,3219,4493,5136,4213,4806,7154,6855,6946,4858,6120,5650,5429,5027,6928,7183,6890,3770,6412,3864,5234,6562,6976,6989,5681,5928,6435,7732,7971,5304,7786,4548,7677,6202,6813,3946,6669,3542,7050,5648,7577,6645,7806,5094,6332,6786,7320,4293,5612,7868,6336,6552,4323,4115,7347,8094,3808,7490,4976,7369,5653,4225,3198,7539,4647,5388,8011,5146,6775,7579,7641,4843,3916,3748,7607,7359,5983,3836,5916,4762,6141,6167,3565,7842,6267,4543,4705,7138,8063,5151,7669,3978,7881,5811,4087,5360
2020965,3191,4531,5172,4157,4783,7199,6955,6995,4910,6152,5656,5460,5101,6999,6948,6899,3664,6317,3858,5234,6558,6795,6786,5503,5843,6330,7365,8079,5338,7578,4594,7877,6130,6734,3948,6725,3370,6968,5533,7556,6572,7687,4988,6153,6755,7349,4334,5415,7620,6353,6314,4093,3957,7336,7947,3814,7211,5014,7270,5661,4084,3373,7510,4563,5188,7927,5268,6804,7308,7523,4667,3896,3810,7520,7467,5982,3819,5788,4568,6086,5945,3471,7798,6298,4617,4655,7184,7952,5075,7804,3818,7650,5667,4123,5309
1316411,3149,4494,4955,4247,4692,7130,6893,7105,4837,6254,5751,5439,4930,6905,7104,6797,3723,6571,3851,5101,6509,6890,6987,5710,5876,6350,7658,7807,5242,7759,4637,7777,6058,6860,3966,6595,3532,7154,5594,7542,6564,7943,5016,6172,6652,7403,4203,5417,7602,6440,6461,4134,4049,7485,7975,3858,7294,4954,7299,5586,4095,3288,7296,4637,5136,7962,5109,6819,7239,7421,4820,3992,3592,7585,7410,6000,3888,5904,4728,6056,5950,3471,7476,6278,4453,4785,7150,7901,5132,7920,3777,7636,5635,3886,5348
1346,3283,4546,4973,4206,4729,7137,7087,6880,4899,6284,5597,5478,4874,6934,6936,6719,3752,6524,3880,5039,6502,6738,6731,5563,5819,6258,7504,7824,5434,7557,4639,7691,6017,6782,3971,6591,3417,7168,5559,7653,6606,7710,5030,6226,6708,7186,4220,5549,7611,6393,6320,4238,4046,7225,7840,3900,7353,4909,7387,5495,4062,3248,7433,4596,5321,7752,5324,6624,7219,7432,4802,3818,3675,7486,7522,5845,3753,5933,4503,6126,6003,3477,7693,6341,4451,4685,7139,7944,4956,7693,3919,7673,5818,3802,5343
1520,3196,4376,4950,4122,4499,7013,6908,6814,4693,6048,5445,5427,4887,6734,6901,6758,3740,6324,3813,5006,6461,6665,6764,5366,5887,6193,7389,7838,5351,7689,4324,7688,5913,6691,4079,6698,3406,7030,5542,7431,6584,7657,4935,6341,6514,7117,4151,5199,7503,6275,6467,4119,3866,7310,7856,3803,7245,4802,7152,5557,3962,3130,7271,4644,5077,7716,5124,6580,7168,7280,4781,3876,3581,7324,7261,5810,3867,5798,4578,6095,6035,3512,7336,6093,4488,4584,7105,7891,5006,7543,3885,7504,5762,3866,5300
46503,3083,4278,4877,4131,4560,7092,6682,6809,4712,6084,5355,5230,4769,6621,6800,6694,3643,6167,3607,5011,6285,6670,6540,5335,5702,6143,7358,7691,5127,7443,4444,7512,5954,6646,3907,6457,3228,6811,5422,7289,6246,7648,4835,6204,6480,7076,4171,5192,7518,6259,6215,4072,3949,7026,7696,3709,6999,4897,7239,5514,4141,3164,7122,4449,4896,7529,5006,6599,7229,7209,4753,3814,3554,7311,7283,5669,3626,5732,4387,5920,5881,3416,7383,6001,4514,4545,6978,7575,4825,7423,3634,7488,5561,3857,5196
1868135,3062,4349,4788,3987,4421,6708,6434,6452,4559,5852,5270,5114,4645,6525,6694,6337,3549,6095,3639,4770,6004,6343,6400,5269,5545,5944,7129,7548,5018,7380,4353,7367,5740,6461,3775,6324,3228,6711,5194,7151,6276,7305,4641,5973,6234,7072,4079,5138,7251,5943,6174,3969,3883,6895,7413,3637,6941,4745,7029,5266,3979,3024,6917,4343,5041,7420,4915,6426,6875,7096,4626,3791,3466,7201,7057,5488,3511,5460,4382,5670,5659,3338,7339,5950,4342,4482,6797,7537,4669,7200,3573,7214,5503,3758,4944
1309,2970,4218,4660,3987,4253,6750,6454,6637,4591,5867,5269,5147,4643,6374,6525,6294,3537,5925,3527,4780,6138,6248,6478,5302,5524,5866,6980,7354,4959,7198,4369,7315,5755,6536,3693,6173,3167,6492,5365,6991,6187,7236,4696,5986,6349,6977,3993,5105,7236,5871,6216,3974,3812,6902,7506,3601,6874,4701,6899,5214,3867,3045,6928,4290,4957,7467,4854,6286,7011,6952,4449,3621,3472,7139,6837,5457,3637,5450,4280,5821,5601,3336,7205,6004,4244,4480,6846,7645,4756,7030,3557,7328,5545,3788,4993
1531,2988,4126,4693,3949,4255,6426,6357,6582,4417,5804,5171,5006,4567,6470,6546,6426,3520,6071,3550,4797,5983,6318,6251,5220,5401,5738,6845,7419,4883,7137,4224,7220,5542,6317,3745,6238,3192,6667,5237,7090,6085,7261,4862,5906,6123,6857,4086,5071,7196,5908,5840,3918,3742,6908,7468,3548,6775,4677,6845,5247,3910,2915,6773,4340,4866,7398,4819,6331,6758,7197,4477,3640,3400,6888,6908,5529,3601,5469,4223,5547,5559,3311,6943,5877,4179,4331,6666,7288,4720,7095,3532,7193,5298,3721,4847
638619,2920,4046,4617,3954,4421,6584,6319,6469,4370,5633,5217,4983,4602,6461,6565,6321,3513,5954,3643,4853,6022,6359,6553,5189,5366,5831,7172,7388,4868,7314,4213,7102,5620,6179,3858,6115,3148,6524,5337,7001,6068,7202,4722,5940,6090,6831,3986,4913,7146,6033,5906,3879,3783,6936,7489,3683,6747,4611,6765,5221,3789,3034,6900,4231,4768,7436,4805,6378,6953,7053,4499,3604,3317,6932,6925,5360,3582,5441,4377,5716,5589,3404,7072,5858,4178,4153,6704,7469,4624,7247,3598,7117,5414,3547,4930
2068654,2763,3957,4577,3731,4211,6355,6137,6083,4228,5641,4978,4792,4344,6160,6191,5995,3298,5715,3395,4613,5908,6054,6091,4880,5213,5663,6912,7108,4760,6930,4041,7034,5377,6097,3552,6007,3067,6299,5012,6638,5887,6898,4427,5596,5943,6495,3868,4921,6672,5601,5746,3685,3563,6535,7137,3474,6522,4443,6537,4920,3738,2886,6686,4074,4649,6893,4606,5998,6447,6663,4266,3497,3218,6757,6550,5289,3461,5179,4042,5366,5348,3084,6752,5706,4140,4172,6422,7087,4432,6935,3260,6750,5212,3497,4676
291645,2841,3875,4434,3665,4185,6327,6074,6244,4241,5308,4847,4846,4309,6077,6242,5863,3280,5559,3356,4563,5715,5908,6000,4992,5169,5550,6760,7017,4672,6803,4050,6741,5340,5993,3494,5923,2998,6363,4986,6645,5625,6934,4547,5548,5983,6606,3662,4766,6762,5591,5842,3701,3547,6386,6969,3379,6348,4447,6415,4965,3521,2862,6450,4048,4538,7044,4577,5988,6638,6471,4326,3451,3295,6600,6346,5265,3424,5245,4059,5391,5226,3118,6541,5535,3899,4029,6254,7092,4584,6791,3286,6722,5011,3613,4782
1161942,2888,3841,4491,3690,4061,6094,5880,6104,4136,5457,4903,4795,4291,6023,6122,5812,3251,5465,3239,4463,5635,5717,5837,4775,5105,5604,6472,6898,4574,6601,3940,6702,5231,5870,3396,5880,3001,6121,4861,6467,5675,6738,4356,5498,5788,6126,3681,4806,6686,5533,5618,3627,3466,6316,6797,3414,6391,4256,6537,4886,3572,2742,6519,4090,4611,6797,4477,5961,6298,6531,4134,3415,3264,6608,6331,5109,3409,5102,4067,5230,5327,3032,6730,5408,3935,4149,6145,6884,4458,6767,3331,6587,5010,3495,4649
573,2858,3761,4340,3564,4075,6244,6066,6055,4174,5374,4899,4698,4177,5846,6256,5813,3227,5568,3260,4466,5573,5920,5884,4727,5100,5501,6555,6958,4509,6589,3980,6832,5298,5783,3434,5713,3030,6137,4836,6558,5708,6838,4382,5582,5857,6190,3685,4720,6841,5427,5678,3711,3573,6378,6812,3388,6312,4338,6439,4923,3643,2768,6506,4113,4516,6916,4637,5841,6383,6640,4196,3454,3211,6529,6404,5101,3384,5087,3940,5294,5214,3129,6560,5412,3868,4175,6260,7054,4452,6567,3303,6613,5030,3449,4631
1934254,2756,3851,4307,3541,3894,6028,5890,5985,4041,5290,4769,4573,4174,5878,6100,5805,3166,5427,3324,4176,5499,5653,5760,4734,5001,5322,6428,6851,4513,6573,3854,6535,5174,5723,3390,5813,2978,5957,4654,6223,5635,6613,4244,5324,5652,6232,3757,4593,6617,5273,5517,3520,3434,6240,6714,3360,6015,4163,6232,4780,3480,2740,6258,3988,4348,6770,4324,5701,6209,6380,4162,3352,3053,6440,6253,5034,3289,4901,3909,5201,5185,2955,6469,5322,3863,4069,6075,6680,4265,6556,3299,6462,4844,3342,4639
310298,2760,3701,4358,3577,3907,5981,5794,5777,4011,5019,4626,4569,4124,5816,5834,5759,3102,5484,3235,4291,5552,5605,5800,4791,5022,5249,6260,6628,4558,6676,3709,6750,5177,5731,3455,5682,2860,6105,4689,6398,5507,6652,4208,5352,5652,6166,3606,4581,6476,5246,5390,3577,3479,6168,6713,3212,6095,4027,6156,4689,3532,2718,6255,3933,4483,6644,4375,5692,6306,6380,3988,3250,3149,6444,6207,4932,3243,4968,3954,5055,5134,3018,6423,5291,3814,3907,6053,6666,4309,6379,3291,6365,4946,3397,4472
208479,2717,3826,4252,3440,3908,6044,5868,5769,3980,5178,4640,4474,4068,5740,5903,5629,3137,5452,3266,4335,5375,5772,5774,4772,4815,5373,6305,6629,4346,6379,3898,6492,5065,5804,3416,5593,2928,5924,4555,6383,5465,6295,4259,5282,5511,6132,3587,4441,6521,5361,5365,3597,3288,6039,6788,3178,6111,4177,6245,4707,3554,2679,6294,3830,4398,6542,4366,5627,6150,6340,4087,3321,3019,6378,6238,4963,3205,4766,3835,5078,5094,2881,6270,5201,3825,3859,6012,6548,4223,6528,3138,6443,4816,3285,4363
2026240,2697,3651,4232,3474,3867,5837,5620,5717,3970,5086,4594,4356,4094,5651,5884,5398,3046,5361,3184,4229,5263,5564,5630,4665,4933,5291,6273,6484,4369,6376,3672,6420,5058,5732,3430,5404,2826,5817,4612,6132,5423,6470,4257,5179,5501,5960,3677,4403,6365,5151,5264,3500,3290,6026,6566,3242,6046,4129,5927,4647,3354,2680,6068,3794,4292,6431,4258,5474,6150,6126,4004,3183,3111,6247,6052,4841,3259,4922,3775,4983,5080,2914,6324,5145,3719,3695,6025,6497,4144,6289,3200,6239,4650,3244,4254
39777,2624,3566,4030,3388,3835,5771,5587,5508,3916,5038,4435,4329,3981,5434,5856,5451,3045,5210,3168,4081,5251,5498,5615,4622,4787,5202,6148,6494,4242,6332,3653,6295,5023,5413,3339,5330,2755,5743,4405,6145,5354,6283,4058,5230,5356,5949,3508,4350,6148,5287,5300,3360,3275,6016,6407,3127,5896,3931,6032,4613,3308,2590,6091,3835,4264,6188,4177,5505,5891,5946,3952,3211,2973,6089,6048,4758,3158,4749,3827,4847,4896,2816,6211,5052,3723,3743,5732,6374,4113,6179,3064,6233,4651,3210,4330
712623,2576,3562,3998,3474,3812,5634,5542,5509,3744,4910,4417,4359,3940,5469,5562,5652,3036,5150,2964,4139,5295,5314,5452,4486,4641,4997,6017,6335,4229,6203,3564,6211,4955,5455,3145,5412,2618,5584,4563,6017,5146,6218,4088,4928,5342,5874,3401,4237,6104,5036,5129,3311,3289,5834,6381,3119,5845,3920,5921,4523,3319,2540,5903,3645,4158,6213,4153,5333,5875,6012,3890,3195,2949,6023,5864,4694,3008,4673,3615,4856,4946,2846,6084,5083,3569,3706,5768,6435,4019,6204,3028,6174,4648,3161,4356
1848517,2548,3466,4018,3247,3743,5703,5489,5360,3904,4870,4319,4308,3835,5559,5745,5417,3083,5111,3025,3995,5126,5451,5330,4355,4756,5089,6096,6264,4325,6228,3568,6111,4769,5475,3204,5291,2651,5638,4463,6035,5297,6129,4040,4967,5260,5794,3368,4301,6112,5177,5139,3274,3161,5893,6435,3042,5765,4002,5848,4393,3364,2534,5769,3626,4053,6314,4122,5308,5744,5926,3871,3142,2837,5920,5731,4725,3095,4651,3718,4824,4870,2732,5915,4839,3688,3694,5712,6306,4025,6104,3086,6162,4466,3162,4252
1392877,2541,3432,4070,3269,3668,5594,5410,5545,3831,4883,4373,4326,3990,5343,5528,5322,2999,5083,3032,4022,5083,5277,5537,4329,4707,5038,6010,6407,4219,5881,3404,6061,4676,5350,3100,5223,2755,5406,4344,6011,5123,6218,3819,5067,5118,5636,3405,4279,6194,5041,4969,3352,3228,5540,6216,3036,5636,3946,5709,4380,3180,2547,5839,3636,4116,6028,4217,5239,5805,5929,3848,3069,2831,5928,5818,4771,2921,4577,3558,4749,4748,2776,6009,4864,3500,3860,5767,6135,3904,5922,3161,5954,4493,3020,4134
2582913,2519,3368,3969,3268,3774,5563,5342,5423,3757,4722,4359,4311,3856,5314,5450,5391,2907,5054,3023,3992,5225,5341,5367,4406,4667,4943,5880,6203,4057,5981,3647,6133,4792,5446,3152,5190,2726,5632,4311,5991,5199,6038,3930,4852,5101,5789,3228,4218,5947,5006,5053,3211,3194,5881,6304,2962,5598,3911,5715,4308,3222,2583,5916,3448,3950,6045,4088,5337,5724,5863,3634,3088,3023,5927,5878,4601,2945,4637,3515,4775,4833,2743,5921,4899,3462,3601,5565,6187,3864,6068,2999,6045,4616,3109,4107
172042,2536,3439,3843,3230,3679,5540,5360,5312,3771,4761,4227,4183,3829,5359,5281,5230,2810,4974,3000,3903,4985,5124,5429,4297,4586,4870,5828,6121,3977,5945,3468,6050,4683,5388,3073,5147,2594,5421,4315,5785,4943,5948,3911,4718,5287,5619,3272,4107,6019,4782,4952,3094,3023,5593,6027,3029,5485,3803,5647,4288,3200,2527,5622,3615,4081,6043,3958,5225,5585,5797,3713,2998,2811,5864,5804,4619,2827,4491,3547,4654,4761,2643,5843,4794,3505,3625,5540,6081,4026,5748,2958,6037,4423,3035,4049
417367,2426,3415,3885,3316,3634,5512,5247,5328,3656,4753,4192,4151,3925,5202,5365,5206,2880,4914,2981,3988,5027,5115,5360,4320,4571,4945,5833,6278,4110,5975,3501,5945,4646,5275,3059,5029,2566,5395,4382,5769,4998,5982,3900,4902,5150,5704,3193,4219,6004,4865,4981,3261,3205,5616,6217,2922,5619,3899,5532,4364,3219,2506,5707,3567,3973,6070,3983,5199,5520,5765,3776,3053,2867,5847,5732,4491,3069,4652,3544,4712,4617,2669,5899,4716,3535,3600,5662,6181,3886,5871,2885,5890,4465,2992,4136
938155,2473,3465,3830,3213,3562,5425,5259,5297,3588,4569,4270,4143,3738,5028,5232,5217,2741,5003,2968,3911,4935,5070,5126,4246,4420,4684,5651,6118,3936,5878,3525,5969,4775,5146,3080,4957,2632,5402,4346,5761,4914,5862,3843,4823,4959,5550,3267,4089,5901,4834,4897,3120,3115,5539,6034,2978,5444,3739,5515,4295,3104,2416,5508,3454,3912,6103,3956,5233,5574,5596,3607,2935,2788,5661,5511,4462,2958,4495,3395,4565,4602,2723,5830,4649,3354,3529,5474,6058,3859,5808,2916,5693,4433,3047,4034
1173273,2372,3225,3734,3066,3464,5284,4984,5132,3500,4538,4013,3940,3522,4843,5242,4950,2802,4711,2746,3860,4794,4743,5073,4136,4190,4486,5488,5817,3862,5729,3387,5624,4547,4910,2967,4854,2461,5232,4044,5614,4774,5713,3662,4721,4880,5343,3160,3901,5509,4588,4670,3014,2922,5272,5742,2837,5276,3613,5341,4050,2986,2320,5371,3439,3915,5744,3792,4804,5385,5453,3478,2854,2615,5529,5313,4215,2855,4276,3327,4511,4435,2533,5512,4569,3265,3437,5138,5600,3755,5636,2686,5679,4251,2865,3847
2865833,2268,3240,3671,3069,3378,5173,5090,5166,3536,4533,4036,3856,3517,5027,5185,4874,2640,4697,2745,3831,4709,4967,4953,4023,4292,4476,5548,5766,3788,5768,3340,5596,4300,4919,2927,4806,2649,4989,4083,5503,4795,5690,3742,4536,4879,5169,3187,3887,5584,4593,4580,3028,3050,5387,5879,2707,5270,3559,5390,4030,2988,2329,5340,3412,3777,5705,3764,4931,5342,5468,3533,2930,2728,5457,5367,4308,2697,4297,3302,4413,4364,2590,5592,4602,3272,3310,5192,5709,3737,5615,2793,5489,4173,2845,3934
1045317,2339,3295,3718,3050,3361,5110,5021,5044,3489,4544,4026,3874,3535,4978,5275,4978,2684,4694,2843,3830,4760,5005,4970,4056,4245,4588,5426,5684,3868,5601,3347,5704,4378,4895,2906,4769,2572,5113,4057,5546,4731,5624,3596,4601,4915,5211,3075,3828,5497,4670,4676,3075,2900,5386,5799,2741,5313,3633,5307,4144,2819,2323,5431,3405,3838,5608,3775,4855,5368,5449,3498,2919,2703,5499,5363,4294,2696,4162,3441,4467,4316,2658,5535,4514,3210,3374,5205,5712,3741,5571,2780,5511,4167,2836,3941
195248,2314,3152,3599,3115,3431,5173,4894,4996,3522,4488,3963,3794,3619,4868,5177,4900,2600,4659,2835,3635,4653,5006,4966,4083,4233,4683,5391,5564,3760,5618,3195,5598,4473,4979,2831,4828,2511,5162,4030,5334,4688,5547,3698,4575,4735,5135,3148,4012,5468,4555,4691,3073,2966,5283,5761,2808,5216,3524,5310,4106,2969,2263,5356,3284,3785,5625,3668,4827,5289,5346,3510,2848,2737,5480,5441,4313,2786,4272,3289,4275,4289,2563,5365,4486,3193,3349,5059,5749,3701,5566,2786,5601,4131,2835,3869
2705473,2340,3188,3506,3115,3408,5109,4839,4966,3431,4469,3975,3996,3540,4814,5112,4893,2684,4698,2732,3780,4775,4873,4804,3984,4187,4542,5519,5807,3836,5547,3296,5571,4504,4921,2848,4825,2381,5126,3829,5394,4591,5604,3607,4510,4633,5132,3097,3915,5513,4599,4577,2928,2953,5249,5680,2780,5085,3597,5328,3894,2940,2357,5276,3375,3776,5719,3707,4926,5305,5370,3454,2875,2590,5420,5415,4218,2694,4173,3242,4223,4385,2548,5322,4511,3222,3313,5301,5701,3639,5506,2722,5578,4120,2825,3804
52133,2197,3152,3451,3053,3348,5126,4912,4975,3429,4138,4011,3766,3473,4835,4834,4703,2600,4528,2737,3542,4694,4685,4787,3908,4181,4466,5349,5517,3671,5430,3240,5419,4131,4772,2837,4665,2394,4994,3918,5409,4608,5570,3569,4448,4669,5094,3081,3760,5399,4553,4650,2818,2890,5246,5644,2739,5054,3498,5453,4014,2886,2319,5323,3312,3654,5584,3765,4730,5123,5336,3386,2824,2670,5317,5218,4160,2734,4071,3217,4309,4310,2520,5279,4396,3224,3235,5029,5605,3643,5277,2722,5423,4136,2827,3781
2072408,2204,3079,3538,2899,3397,4832,4813,4874,3422,4357,3906,3717,3442,4651,4809,4648,2576,4436,2719,3616,4455,4716,4769,3818,3933,4447,5259,5492,3562,5331,3191,5309,4315,4677,2788,4567,2436,4911,3762,5303,4553,5437,3472,4416,4613,5058,2982,3696,5352,4443,4507,2856,2832,5164,5453,2716,5055,3488,5109,3758,2792,2257,5134,3229,3562,5418,3587,4559,5021,5286,3350,2801,2547,5198,5078,4075,2593,4135,3154,4157,4152,2456,5163,4406,3231,3298,4821,5510,3486,5293,2683,5194,3976,2743,3790
674703,2251,3074,3603,3011,3289,4989,4628,4721,3266,4286,3813,3757,3319,4809,4971,4697,2528,4389,2647,3551,4569,4754,4729,3910,4005,4364,5289,5519,3687,5281,3155,5472,4183,4666,2777,4634,2350,4808,3896,5101,4563,5415,3428,4338,4622,5130,3029,3760,5269,4405,4419,2907,2797,5102,5572,2750,4990,3528,5034,3805,2864,2228,5187,3267,3779,5464,3605,4518,4957,5189,3244,2754,2503,5217,5188,4143,2634,4067,3218,4276,4254,2434,5359,4337,3124,3340,5080,5455,3539,5148,2646,5100,4023,2715,3747
2811108,2244,2991,3532,2869,3315,4980,4721,4826,3444,4241,3846,3762,3393,4720,5107,4608,2612,4385,2658,3486,4428,4631,4664,3846,4079,4357,5214,5445,3524,5375,3045,5420,4189,4528,2789,4547,2308,4819,3793,5143,4564,5258,3490,4288,4558,4959,2908,3768,5316,4316,4530,2946,2874,4956,5483,2697,4936,3347,4988,3735,2888,2346,5166,3175,3556,5336,3473,4686,5045,5189,3315,2686,2470,5262,5083,3963,2664,4042,3097,4178,4189,2332,5157,4290,3089,3225,4983,5566,3465,5313,2726,5214,4096,2696,3652
2678261,2116,3004,3358,2817,3158,4747,4524,4771,3279,4200,3717,3625,3255,4659,4795,4504,2527,4414,2691,3411,4393,4499,4722,3803,3960,4201,5245,5349,3503,5195,3043,5269,4009,4550,2694,4580,2278,4717,3791,5028,4443,5281,3382,4323,4547,4948,2864,3627,5123,4296,4347,2867,2658,4942,5431,2674,4970,3447,4926,3672,2853,2125,4912,3110,3593,5248,3451,4542,4895,5073,3306,2626,2465,4982,4998,4012,2433,3909,3022,4053,4168,2432,5128,4204,3103,3167,4789,5386,3376,5099,2617,5093,3850,2682,3493
1763883,2183,2938,3429,2699,2999,4796,4453,4563,3265,4052,3712,3587,3200,4591,4790,4434,2608,4354,2554,3403,4358,4391,4482,3687,3977,4245,4960,5191,3481,5006,3027,5350,4025,4464,2642,4349,2230,4599,3774,5026,4396,5182,3305,4211,4397,4768,2811,3608,5149,4218,4362,2805,2667,4845,5269,2571,4635,3259,5052,3729,2708,2145,4767,3119,3474,5258,3503,4518,4898,4750,3150,2636,2447,5036,4884,3857,2543,3936,3116,4051,4001,2373,5053,4193,2949,3133,4731,5286,3438,5137,2573,5037,3762,2606,3530
47872,2076,2885,3209,2642,3073,4477,4365,4387,3108,4095,3666,3543,3181,4450,4501,4417,2400,4083,2555,3272,4129,4373,4384,3594,3771,4132,4921,5058,3360,4997,2920,4987,3994,4401,2631,4270,2228,4497,3474,4865,4196,4968,3168,4028,4433,4721,2680,3551,4888,4099,4157,2703,2592,4705,5111,2530,4681,3240,4690,3562,2666,2106,4736,3027,3420,5027,3370,4428,4707,4757,2995,2495,2309,4892,4777,3851,2524,3703,2991,3824,3956,2268,4918,4012,3007,2923,4665,5145,3285,4837,2511,4947,3678,2572,3424
2017483,2027,2803,3080,2654,3049,4409,4369,4427,3129,3970,3528,3415,3157,4254,4520,4265,2321,4161,2422,3295,4051,4291,4355,3577,3756,4051,4737,5029,3286,4892,2937,4702,3911,4324,2514,4245,2197,4558,3648,4722,4213,4960,3198,3974,4275,4607,2703,3431,4846,4008,4054,2756,2430,4623,4993,2446,4576,3171,4585,3570,2506,1986,4450,2916,3412,4889,3310,4281,4621,4680,2951,2477,2423,4744,4679,3687,2407,3725,2851,3824,3878,2262,4771,4000,2859,2884,4613,4961,3324,4863,2384,4802,3716,2527,3411
2681861,1958,2858,3062,2608,2957,4362,4320,4192,2972,3860,3408,3357,3012,4180,4339,4255,2368,4106,2437,3220,4104,4274,4254,3350,3686,4061,4713,4851,3293,4843,2925,4994,3733,4273,2530,4155,2147,4438,3595,4796,4076,4767,3168,4092,4117,4539,2631,3467,4829,4021,4030,2636,2556,4641,4895,2379,4557,3189,4656,3615,2580,2022,4599,3016,3351,4859,3275,4177,4571,4674,2938,2507,2323,4743,4705,3740,2475,3579,2893,3913,3793,2215,4807,3906,2833,2943,4507,4894,3148,4790,2377,4664,3637,2419,3425
388950,2007,2716,3190,2659,2869,4492,4363,4273,3032,3821,3437,3352,2976,4372,4416,4246,2331,3963,2365,3180,4032,4269,4120,3476,3702,3996,4767,4920,3328,4779,2887,4786,3781,4318,2477,4142,2172,4545,3401,4658,4117,4811,3165,3721,4141,4504,2583,3461,4925,3904,3943,2564,2475,4476,4973,2352,4386,3091,4572,3531,2585,1965,4605,2899,3294,5002,3360,4279,4580,4750,3117,2480,2299,4734,4679,3726,2376,3651,2927,3807,3686,2309,4798,3935,2856,2877,4636,5046,3174,4742,2442,4683,3680,2469,3321
129958,1998,2685,3142,2641,2861,4431,4273,4453,2872,3783,3512,3353,3037,4183,4356,4260,2330,3917,2376,3183,4120,4189,4278,3498,3660,3921,4669,4984,3240,4801,2789,4882,3837,4199,2540,4228,2114,4251,3417,4719,4070,4819,3223,3918,4311,4558,2613,3325,4795,3976,4035,2670,2508,4542,4978,2482,4481,3050,4606,3478,2604,2004,4577,2770,3237,4932,3197,4184,4587,4689,3006,2567,2311,4743,4538,3609,2382,3679,2839,3833,3757,2143,4690,3865,2819,2839,4407,4908,3148,4737,2332,4736,3511,2374,3357
2448483,1921,2741,3052,2527,2818,4392,4229,4387,2846,3836,3381,3324,3106,4207,4373,4255,2359,4049,2290,3141,3921,4168,4234,3488,3637,3815,4656,4931,3182,4814,2836,4848,3794,4085,2498,4109,2072,4340,3420,4734,4102,4849,3109,3904,4218,4427,2700,3414,4736,4062,3933,2609,2420,4459,4878,2344,4466,2995,4438,3474,2615,2001,4583,2891,3180,4856,3235,4212,4506,4626,2923,2409,2223,4677,4523,3615,2362,3643,2823,3735,3701,2176,4648,3826,2741,2930,4379,4965,3119,4654,2366,4729,3536,2387,3238
1318743,1961,2575,2936,2602,2785,4213,4187,4116,2885,3742,3284,3173,2881,4015,4168,4010,2231,3899,2325,3104,3864,3978,4182,3431,3522,3700,4435,4773,3083,4652,2713,4653,3620,4081,2447,4027,1968,4305,3294,4421,4001,4627,2931,3797,4039,4366,2553,3202,4633,3860,3781,2511,2427,4436,4984,2340,4291,2994,4454,3316,2497,1915,4423,2799,3105,4651,3068,3968,4339,4479,2891,2365,2274,4413,4423,3465,2233,3534,2770,3600,3594,2115,4470,3735,2698,2835,4263,4717,3013,4575,2297,4613,3430,2352,3204
2599640,1794,2632,2938,2439,2835,4257,4097,4160,2900,3604,3347,3214,2822,4049,4190,4001,2142,3884,2154,3146,3826,4102,3926,3309,3466,3646,4442,4512,3128,4655,2695,4538,3560,4027,2310,3949,2054,4200,3291,4494,3922,4460,2910,3646,3820,4286,2546,3191,4485,3619,3968,2441,2371,4289,4725,2218,4240,2774,4398,3378,2501,1877,4449,2769,3086,4623,3047,3912,4266,4545,2839,2261,2119,4469,4363,3438,2246,3472,2717,3567,3542,2097,4503,3713,2653,2866,4172,4733,3017,4562,2290,4508,3289,2349,3161
2735436,1868,2526,2925,2390,2654,4061,3990,4003,2740,3575,3336,3160,2810,3967,4031,3812,2068,3717,2240,3012,3860,3973,4021,3160,3384,3578,4358,4529,3103,4348,2566,4405,3520,3920,2346,3800,1978,4055,3245,4350,3858,4402,2862,3653,3755,4153,2366,3145,4519,3805,3698,2438,2286,4224,4512,2259,4338,2834,4295,3216,2388,1820,4208,2662,3103,4436,2936,3930,4245,4142,2760,2228,2101,4351,4213,3361,2253,3460,2642,3464,3442,2015,4369,3594,2589,2641,4295,4639,2933,4494,2300,4419,3436,2258,3044
2614441,1794,2500,2819,2463,2704,4087,3963,4009,2737,3466,3236,3061,2819,3880,4018,3878,2133,3699,2143,2942,3755,3936,3855,3233,3330,3564,4349,4523,3066,4295,2674,4354,3514,3900,2342,3767,1967,4016,3073,4371,3928,4401,2905,3600,3757,4116,2365,3098,4310,3620,3763,2332,2305,4211,4569,2270,4064,2823,4257,3166,2327,1898,4317,2675,3008,4403,2988,3862,4159,4152,2781,2283,2126,4270,4279,3297,2254,3391,2733,3457,3522,2067,4390,3607,2514,2723,4018,4379,2979,4300,2174,4361,3351,2221,3059
2528593,1811,2512,2882,2266,2606,4069,3862,3891,2741,3540,3159,3003,2860,3912,3934,3848,2151,3696,2127,2866,3757,3785,3880,3166,3342,3666,4334,4406,3031,4377,2596,4433,3542,3827,2236,3745,1899,4012,3241,4262,3803,4469,2739,3554,3736,4040,2485,3101,4324,3583,3673,2324,2327,4143,4523,2180,4083,2798,4162,3247,2312,1903,4170,2535,2928,4266,2922,3820,4129,4287,2675,2308,2033,4244,4053,3228,2299,3346,2504,3407,3465,1983,4357,3472,2602,2648,4117,4435,2862,4302,2143,4303,3207,2265,3037
2161816,1823,2577,2911,2303,2628,4039,3815,3909,2664,3437,3091,2988,2649,3842,3938,3712,2065,3677,2183,2829,3537,3812,3905,3134,3201,3595,4172,4484,2874,4246,2506,4248,3468,3830,2271,3711,1893,3920,3093,4204,3674,4380,2702,3562,3768,4022,2331,2971,4295,3541,3537,2310,2264,4027,4360,2168,4104,2754,4182,3231,2210,1769,4148,2523,2963,4315,2869,3707,4055,4171,2657,2288,2059,4291,4106,3197,2210,3237,2498,3405,3239,1963,4262,3499,2539,2632,4064,4403,2878,4253,2130,4252,3276,2251,2912
2949630,1749,2445,2879,2369,2660,3946,3732,3858,2680,3431,3058,2965,2745,3845,3942,3691,2048,3644,2180,2853,3590,3713,3787,3106,3305,3596,4145,4449,2986,4451,2567,4367,3476,3827,2174,3714,1907,3888,3082,4173,3653,4362,2906,3508,3703,4174,2284,2965,4425,3643,3545,2351,2178,4116,4440,2216,3967,2724,4112,3075,2302,1738,4072,2585,2867,4392,2881,3814,4075,4189,2751,2304,1997,4134,4100,3319,2138,3329,2621,3339,3350,1947,4338,3598,2516,2557,4006,4370,2852,4209,2086,4255,3186,2211,3048
1854492,1791,2487,2824,2278,2561,3958,3756,3703,2653,3437,3069,3011,2709,3808,3892,3594,2068,3563,2149,2891,3675,3765,3668,3021,3310,3426,4170,4443,2902,4256,2445,4279,3390,3785,2233,3651,1898,3965,3134,4222,3627,4359,2757,3527,3676,4091,2369,2974,4263,3551,3685,2291,2219,4111,4325,2157,3939,2819,4039,3125,2197,1810,4183,2605,2947,4309,2884,3695,4128,4093,2613,2162,2017,4137,4003,3277,2154,3261,2493,3364,3336,1940,4135,3507,2485,2598,3894,4367,2865,4334,2091,4194,3254,2134,2986
1748967,1779,2507,2700,2378,2582,3909,3760,3855,2699,3374,3017,2941,2769,3829,3951,3760,2135,3479,2116,2834,3527,3866,3736,2952,3197,3464,4076,4424,2997,4322,2579,4222,3394,3689,2227,3493,1926,3830,3101,4239,3619,4229,2731,3508,3660,3862,2345,2972,4231,3527,3520,2271,2221,3989,4406,2120,3988,2669,3933,3071,2292,1719,4078,2556,2974,4304,2859,3694,4108,4155,2607,2168,2051,4183,4194,3310,2085,3127,2600,3379,3367,1997,4243,3401,2432,2591,3940,4204,2899,4214,2186,4216,3140,2181,2955
659350,1772,2472,2854,2346,2526,3865,3812,3852,2712,3390,3100,3024,2665,3696,3993,3747,2056,3675,2117,2772,3579,3781,3828,3099,3307,3545,4067,4349,2868,4134,2491,4235,3387,3729,2257,3574,1866,3945,2957,4250,3619,4314,2773,3381,3722,4050,2336,3030,4249,3456,3562,2273,2290,3876,4291,2171,3949,2655,4004,3092,2193,1821,4010,2541,2837,4370,2783,3797,3890,4086,2688,2146,1947,4184,4122,3364,2191,3261,2524,3331,3299,1915,4058,3405,2559,2551,3970,4320,2787,4307,2107,4194,3162,2178,2974
324078,1752,2419,2755,2244,2456,3823,3728,3793,2539,3360,3029,2816,2650,3668,3856,3669,2178,3432,2055,2729,3549,3699,3676,3008,3212,3280,4120,4219,2848,4316,2514,4131,3202,3619,2236,3648,1844,3798,3026,4097,3627,4222,2623,3412,3568,3962,2298,2883,4102,3390,3491,2236,2113,3974,4356,2069,3929,2652,3917,3016,2255,1780,4007,2526,2856,4209,2743,3566,4050,3874,2591,2119,2024,4016,3953,3187,2065,3129,2461,3239,3225,1863,4100,3335,2370,2542,3858,4339,2803,4123,1977,4102,3212,2122,2757
320324,1647,2313,2679,2165,2432,3649,3534,3600,2569,3201,2938,2787,2493,3459,3586,3585,1880,3322,2027,2707,3380,3558,3533,2849,3067,3375,3947,4020,2692,4042,2325,4083,3078,3520,2133,3442,1800,3637,2890,3891,3406,4021,2534,3335,3362,3818,2125,2869,3968,3198,3361,2099,2113,3906,4173,1902,3772,2533,3705,2908,2109,1713,3796,2406,2694,4019,2608,3619,3827,3938,2489,2100,1853,3859,3861,2860,2052,3080,2434,3128,3066,1814,3924,3262,2381,2393,3605,4116,2673,3919,1975,3926,2932,2007,2759
2740404,1602,2301,2619,2075,2499,3669,3525,3565,2428,3248,2763,2720,2483,3564,3557,3498,1946,3309,2064,2602,3322,3480,3367,2895,2990,3292,3837,3974,2699,4028,2307,3918,3096,3549,2059,3375,1707,3583,2860,3945,3284,3996,2520,3111,3398,3830,2223,2765,3873,3184,3348,2126,2086,3743,4145,1944,3690,2541,3811,2963,2123,1557,3711,2381,2643,4004,2698,3404,3844,3813,2461,1990,1828,3857,3833,3090,1958,3033,2347,3196,3008,1818,3941,3264,2380,2414,3736,4008,2636,4011,1869,3907,2962,1975,2742
1795355,1549,2271,2608,2118,2379,3620,3487,3505,2472,3016,2733,2803,2485,3399,3617,3504,1857,3296,1947,2676,3238,3367,3471,2820,2913,3220,3887,4064,2710,4012,2391,3986,3047,3414,1995,3332,1746,3491,2943,3839,3332,4055,2512,3191,3207,3726,2155,2722,3862,3075,3264,2105,1949,3689,4015,1909,3579,2567,3685,2866,2093,1557,3641,2368,2766,3997,2569,3397,3818,3728,2515,2092,1866,3789,3729,2976,1954,2946,2330,3046,3094,1867,3899,3165,2347,2254,3664,3955,2651,3940,1937,3973,2964,1915,2753
1660073,1584,2281,2528,2125,2312,3520,3519,3485,2331,3002,2706,2693,2538,3415,3468,3467,1923,3288,1933,2589,3174,3408,3486,2764,2928,3093,3892,3988,2680,3753,2271,3960,3003,3342,2060,3264,1702,3523,2803,3820,3358,3817,2505,3069,3350,3644,2173,2679,3828,3215,3209,2055,2028,3536,3827,1949,3550,2504,3636,2759,2125,1607,3734,2369,2542,3868,2662,3297,3560,3679,2425,1999,1762,3739,3690,2979,1960,2885,2259,3096,3038,1744,3859,3140,2228,2318,3588,3959,2577,3746,1847,3762,2921,1953,2673
198467,1585,2115,2460,2133,2316,3534,3303,3452,2485,3044,2709,2666,2472,3383,3492,3432,1888,3213,1921,2605,3211,3318,3386,2827,2910,3155,3870,4066,2591,3857,2367,3985,3136,3345,1946,3327,1707,3498,2726,3760,3335,3847,2441,3103,3511,3607,2109,2667,3843,3158,3145,2047,2042,3653,3900,1954,3606,2430,3883,2667,2054,1561,3618,2307,2610,3825,2576,3274,3487,3742,2416,1999,1794,3688,3721,2886,1847,2868,2236,3023,3013,1755,3726,3138,2282,2322,3601,3968,2449,3780,1882,3870,2850,1893,2670
143,1579,2173,2334,2002,2266,3353,3214,3373,2281,2861,2655,2538,2378,3334,3377,3298,1806,3047,1820,2503,3162,3326,3308,2709,2859,2940,3672,3932,2445,3692,2224,3775,2826,3208,1948,3268,1618,3479,2754,3602,3148,3786,2385,3063,3170,3495,1999,2550,3561,2980,3056,1985,1952,3469,3702,1835,3549,2433,3550,2619,1923,1545,3512,2175,2507,3731,2451,3206,3445,3492,2334,1888,1755,3653,3518,2839,1795,2788,2206,2933,2892,1654,3598,2994,2096,2288,3398,3736,2505,3720,1899,3622,2763,1871,2538
1335061,1516,2145,2529,1929,2282,3412,3291,3274,2266,2875,2697,2548,2343,3320,3412,3210,1837,3176,1811,2433,3160,3222,3311,2662,2742,3020,3597,3851,2466,3683,2174,3777,2981,3197,1920,3111,1587,3405,2763,3523,3134,3719,2343,2904,3237,3462,1998,2580,3628,3001,3046,2007,1986,3518,3951,1820,3506,2429,3556,2658,1882,1530,3509,2152,2459,3772,2364,3142,3560,3555,2352,1913,1746,3602,3436,2825,1832,2709,2253,2809,2893,1716,3680,2909,2103,2136,3363,3700,2358,3679,1835,3604,2747,1863,2649
46124,1509,2047,2355,2043,2174,3341,3189,3312,2316,2864,2606,2514,2320,3117,3243,3281,1817,3107,1838,2449,2966,3178,3256,2682,2768,3024,3516,3752,2498,3563,2240,3512,2969,3120,1989,3026,1654,3374,2676,3600,3141,3625,2495,2969,3189,3427,2084,2516,3704,3041,3061,1952,1903,3478,3789,1817,3482,2417,3499,2578,1999,1545,3478,2181,2406,3775,2539,3189,3525,3490,2225,1864,1753,3555,3456,2731,1866,2793,2211,2836,2916,1643,3531,2923,2088,2282,3420,3826,2369,3531,1791,3531,2678,1836,2525
1349819,1424,2011,2182,1815,2170,3198,3040,3050,2167,2643,2492,2364,2195,3014,3092,2997,1629,2817,1646,2346,2957,3027,2914,2394,2534,2762,3421,3457,2288,3422,1947,3511,2756,3018,1692,2827,1470,3131,2454,3335,2861,3365,2204,2671,2912,3183,1886,2444,3302,2729,2958,1852,1729,3343,3557,1697,3144,2201,3270,2326,1776,1354,3199,2009,2276,3481,2353,3063,3248,3373,2070,1714,1615,3383,3276,2620,1713,2609,2054,2720,2626,1629,3304,2690,1956,2069,3151,3522,2281,3402,1712,3214,2509,1695,2434
587,1342,1889,2154,1694,1943,3019,2935,2846,2014,2596,2395,2249,1983,2873,2914,2807,1570,2739,1562,2207,2710,2765,2853,2399,2485,2667,3212,3348,2188,3276,1838,3234,2512,2845,1654,2739,1437,2966,2390,3057,2716,3157,2130,2685,2833,3062,1825,2193,3206,2686,2682,1643,1631,3137,3262,1620,3075,2160,3023,2327,1732,1418,3071,1989,2233,3285,2206,2852,3009,3126,1976,1654,1586,3070,3096,2454,1607,2491,1950,2523,2471,1540,3182,2671,1915,1941,2985,3214,2158,3257,1628,3199,2385,1663,2272
93466,1314,1745,2041,1768,1961,2890,2782,2930,2045,2584,2236,2330,2082,2737,2844,2812,1657,2762,1590,2162,2739,2801,2844,2316,2499,2660,3202,3338,2181,3319,1945,3268,2532,2847,1701,2808,1489,2985,2314,3117,2751,3251,2124,2624,2828,3094,1802,2213,3246,2688,2729,1733,1744,3020,3416,1669,3046,2048,3088,2357,1756,1333,3120,1968,2150,3245,2148,2820,2989,3186,1980,1631,1565,3090,2984,2523,1609,2430,1912,2529,2575,1479,3210,2580,1906,1998,3041,3443,2084,3103,1587,3252,2399,1698,2188
2734,1358,1873,2119,1833,1940,3041,2894,2850,2037,2535,2202,2359,2071,2886,2965,2824,1529,2716,1577,2086,2622,2808,2821,2320,2471,2674,3139,3308,2131,3255,1974,3259,2570,2816,1667,2705,1418,3131,2332,3123,2650,3129,2157,2651,2830,3068,1724,2201,3125,2633,2711,1729,1647,2983,3335,1611,3128,2131,3049,2362,1801,1372,3114,1934,2309,3252,2151,2800,3046,3115,2053,1668,1460,3069,3108,2439,1633,2371,1899,2527,2528,1414,3178,2649,1927,1972,3023,3312,2131,3146,1588,3244,2433,1662,2252
2979331,1338,1928,2108,1684,1968,2997,2913,2940,2023,2544,2225,2233,2071,2894,3052,2733,1527,2790,1642,2142,2652,2842,2859,2323,2344,2618,3109,3241,2234,3171,1814,3235,2544,2814,1713,2788,1427,3038,2323,3110,2759,3223,2160,2635,2869,2979,1829,2262,3104,2639,2664,1822,1721,3093,3360,1661,2960,1989,3040,2342,1682,1327,3063,2016,2136,3301,2113,2835,3233,3082,1978,1573,1551,3164,2999,2406,1626,2412,2022,2502,2559,1394,3236,2669,1886,1984,2980,3279,2100,3177,1646,3177,2444,1635,2145
590652,1287,1833,2077,1669,1830,2810,2805,2856,1955,2481,2213,2196,1983,2774,2841,2815,1482,2601,1532,1988,2524,2665,2747,2290,2320,2584,3065,3339,2109,3119,1938,3106,2432,2764,1624,2589,1412,2892,2251,3097,2687,3144,2054,2572,2724,3012,1713,2174,3152,2597,2674,1657,1576,3004,3279,1595,2954,1967,3032,2241,1637,1284,2955,1907,2072,3199,2143,2787,3091,3011,1990,1527,1481,3108,2975,2339,1554,2249,1792,2384,2504,1475,3097,2538,1814,1911,2910,3231,2019,3107,1560,2976,2275,1589,2138
1617967,1170,1671,1914,1523,1808,2742,2672,2538,1905,2380,2174,2139,1850,2641,2757,2612,1439,2438,1458,1965,2527,2516,2625,2155,2246,2468,2784,3022,2083,2988,1749,3005,2345,2638,1551,2625,1327,2708,2170,2946,2533,2980,2005,2420,2570,2768,1639,2052,2915,2410,2544,1604,1511,2746,3195,1545,2761,1930,2809,2122,1612,1252,2832,1797,2036,3037,2011,2693,2827,2826,1900,1502,1452,2887,2950,2164,1535,2245,1761,2325,2285,1336,2927,2393,1803,1770,2882,2979,1871,2876,1421,2900,2181,1474,2103
322509,1105,1598,1863,1490,1707,2636,2415,2514,1730,2205,1966,1954,1750,2383,2384,2437,1311,2316,1390,1883,2291,2452,2431,2043,2046,2166,2712,2890,1903,2753,1612,2781,2252,2396,1481,2403,1236,2656,2006,2725,2331,2769,1806,2288,2478,2613,1524,2015,2703,2334,2266,1562,1434,2520,2887,1334,2616,1733,2598,2025,1570,1190,2664,1717,1883,2890,1841,2475,2662,2619,1703,1395,1254,2721,2616,2153,1465,2184,1688,2197,2152,1250,2699,2220,1650,1723,2509,2841,1859,2716,1425,2742,2104,1459,1855
2108445,1180,1498,1763,1423,1594,2435,2426,2365,1661,2160,1964,1867,1726,2418,2561,2354,1376,2288,1335,1803,2326,2377,2354,2016,1965,2202,2660,2813,1831,2646,1608,2658,2118,2383,1445,2334,1144,2498,1890,2569,2199,2665,1642,2188,2341,2475,1447,1869,2701,2147,2324,1480,1416,2565,2827,1411,2425,1660,2579,1961,1458,1174,2554,1594,1802,2674,1814,2312,2509,2614,1652,1404,1242,2597,2590,2109,1303,2042,1635,2130,2079,1241,2620,2207,1658,1610,2532,2649,1791,2654,1306,2630,1986,1335,1858
2867247,1032,1571,1648,1376,1524,2381,2270,2209,1645,2089,1885,1903,1648,2251,2374,2243,1270,2152,1267,1706,2248,2257,2248,1890,1987,2120,2490,2649,1747,2593,1522,2633,2070,2248,1331,2278,1131,2290,1816,2464,2144,2597,1666,2121,2164,2413,1442,1784,2527,2048,2116,1425,1333,2453,2754,1274,2306,1645,2467,1861,1385,1059,2457,1529,1758,2654,1807,2239,2396,2420,1622,1289,1216,2503,2534,1913,1307,1953,1520,1986,1973,1146,2492,1967,1420,1563,2370,2621,1728,2611,1262,2536,1914,1336,1722
43357,1037,1461,1594,1405,1595,2361,2316,2268,1632,1973,1799,1728,1638,2348,2300,2285,1244,2149,1194,1709,2160,2210,2242,1895,1926,2144,2488,2538,1812,2536,1531,2496,2055,2211,1284,2151,1136,2347,1794,2475,2214,2507,1678,2037,2197,2417,1412,1788,2513,1975,2193,1414,1323,2416,2603,1315,2316,1669,2450,1805,1351,1017,2426,1483,1760,2553,1724,2225,2505,2469,1631,1353,1186,2429,2378,1882,1210,1961,1537,1968,2005,1171,2447,2023,1463,1531,2327,2685,1617,2517,1309,2600,1938,1296,1760
2778065,1051,1525,1618,1353,1532,2379,2328,2289,1547,2067,1855,1809,1649,2234,2389,2211,1210,2174,1283,1699,2164,2177,2282,1795,1891,1989,2517,2672,1708,2605,1437,2554,1945,2189,1275,2190,1140,2199,1779,2465,2157,2624,1669,2154,2275,2405,1359,1812,2580,2097,2019,1387,1380,2414,2566,1291,2410,1669,2382,1863,1359,1051,2434,1548,1680,2553,1666,2321,2444,2478,1620,1416,1231,2491,2374,1927,1400,1951,1520,1986,1975,1118,2522,2046,1446,1499,2325,2584,1685,2523,1307,2478,1900,1257,1717
1838286,1014,1400,1628,1316,1516,2300,2140,2274,1508,2028,1734,1722,1643,2146,2216,2198,1279,2004,1229,1654,1952,2208,2148,1775,1978,1996,2395,2553,1735,2473,1424,2483,1972,2182,1300,2054,1149,2325,1815,2407,2198,2500,1612,2072,2103,2286,1347,1691,2426,2015,2103,1397,1328,2350,2554,1264,2313,1590,2363,1768,1260,986,2420,1524,1684,2527,1721,2137,2389,2346,1539,1323,1188,2462,2368,1891,1279,1810,1492,1907,1932,1109,2438,1983,1463,1472,2265,2480,1688,2473,1200,2496,1886,1238,1779
2830995,1021,1380,1610,1347,1499,2263,2056,2253,1530,2005,1662,1683,1544,2242,2264,2148,1208,2138,1168,1573,2094,2129,2115,1773,1876,1983,2451,2511,1679,2406,1454,2432,1913,2152,1240,2128,1144,2177,1769,2377,2109,2459,1642,2029,2108,2381,1326,1728,2442,1958,2103,1303,1268,2363,2568,1170,2358,1591,2298,1803,1300,1037,2292,1505,1614,2501,1635,2095,2296,2440,1527,1262,1175,2455,2337,1858,1258,1871,1488,1954,1932,1067,2348,1967,1436,1505,2307,2418,1579,2406,1179,2417,1898,1233,1745
88190,999,1403,1601,1330,1421,2195,2241,2185,1502,1963,1805,1631,1525,2148,2181,2123,1193,2054,1270,1648,1939,2116,2223,1848,1763,1984,2367,2454,1672,2466,1360,2517,1886,2151,1249,2097,1076,2189,1788,2378,2010,2466,1592,1942,2097,2344,1387,1757,2458,2014,2076,1262,1303,2455,2423,1154,2336,1625,2388,1751,1330,1030,2262,1415,1667,2455,1682,2163,2253,2413,1477,1235,1092,2455,2332,1863,1204,1843,1423,1921,1878,1150,2449,2029,1448,1366,2283,2549,1623,2403,1205,2430,1822,1309,1749
72361,992,1380,1537,1313,1452,2187,2161,2108,1552,1889,1662,1659,1506,2126,2297,2088,1134,2021,1167,1513,2078,2199,2131,1716,1803,1973,2363,2456,1658,2424,1379,2496,1835,2075,1302,2072,1079,2142,1694,2380,2113,2341,1624,1949,2053,2299,1309,1693,2369,2099,2043,1203,1222,2238,2517,1186,2324,1561,2251,1801,1320,932,2309,1437,1658,2354,1549,2139,2255,2359,1496,1206,1136,2467,2267,1773,1240,1799,1360,1929,1873,1037,2475,1977,1412,1500,2282,2407,1598,2404,1129,2369,1822,1252,1698
2499213,949,1337,1536,1273,1416,2175,2109,2140,1429,1901,1672,1590,1498,2061,2087,2009,1163,1892,1125,1567,1998,1989,2058,1691,1719,1866,2324,2505,1583,2300,1391,2389,1897,2043,1254,2013,1024,2113,1657,2263,1973,2404,1568,1919,2018,2224,1336,1615,2346,1987,1907,1253,1261,2116,2462,1205,2198,1495,2217,1640,1231,986,2157,1351,1535,2314,1498,2040,2136,2228,1439,1253,1100,2251,2170,1725,1211,1701,1402,1804,1827,1057,2353,1798,1354,1346,2149,2321,1552,2303,1082,2293,1775,1180,1566
2853432,925,1344,1578,1246,1482,2161,2075,2076,1404,1853,1593,1543,1404,2045,2063,2080,1173,1862,1139,1484,1859,2074,1977,1628,1749,1874,2268,2335,1607,2202,1334,2353,1827,2052,1227,1969,1006,2007,1627,2196,1932,2277,1482,1863,2003,2214,1240,1519,2294,1889,1862,1229,1184,2215,2315,1163,2271,1443,2235,1639,1247,987,2100,1308,1512,2231,1505,1985,2179,2224,1473,1210,1144,2256,2179,1733,1127,1745,1443,1775,1752,1071,2241,1870,1330,1350,2179,2361,1458,2335,1088,2265,1780,1215,1541
1325112,907,1340,1451,1214,1453,2236,2048,2037,1484,1813,1684,1666,1402,1975,2133,1938,1154,1931,1129,1486,2018,2034,2012,1657,1769,1894,2211,2409,1646,2313,1311,2353,1870,1984,1222,2051,1041,2041,1666,2267,1943,2288,1483,1877,2018,2115,1284,1676,2279,1845,1896,1278,1206,2224,2376,1135,2124,1466,2214,1633,1225,912,2194,1304,1557,2360,1528,1970,2221,2237,1402,1145,1129,2178,2184,1765,1157,1715,1308,1807,1829,1064,2283,1882,1323,1362,2106,2235,1471,2261,1148,2281,1750,1237,1517
2565555,886,1232,1437,1164,1343,2010,1939,1929,1407,1751,1610,1563,1422,1910,2052,1945,1034,1811,1078,1428,1901,1916,1991,1603,1658,1745,2138,2326,1463,2295,1252,2218,1753,1964,1136,1826,975,1999,1580,2080,1830,2202,1467,1767,1871,2097,1189,1582,2179,1753,1823,1211,1127,2108,2210,1074,2010,1467,2057,1616,1236,904,2129,1277,1491,2252,1471,1931,2082,2162,1314,1192,1012,2198,2151,1673,1131,1648,1241,1753,1723,967,2159,1780,1246,1275,2040,2260,1436,2215,1149,2188,1638,1102,1532
2929509,905,1293,1448,1209,1337,2037,1914,1954,1356,1769,1587,1534,1321,1970,1923,1940,1052,1786,1055,1460,1783,1968,1969,1616,1742,1801,2072,2206,1464,2185,1290,2243,1679,1887,1113,1859,976,2005,1499,2209,1914,2151,1419,1771,1905,2090,1199,1536,2189,1757,1786,1220,1120,2147,2242,1140,2081,1425,2089,1596,1240,966,2027,1339,1442,2231,1429,1958,2126,2079,1318,1098,977,2135,2084,1683,1083,1757,1300,1680,1729,957,2151,1723,1264,1351,1980,2222,1469,2228,1093,2215,1625,1154,1483
1873716,837,1158,1359,1076,1221,1913,1807,1894,1318,1564,1474,1447,1314,1843,1942,1835,969,1775,1026,1334,1656,1832,1711,1539,1572,1702,2084,2052,1392,2067,1273,2095,1633,1783,1122,1812,917,1880,1504,1992,1712,2084,1311,1673,1685,1956,1132,1446,2060,1623,1635,1105,997,1912,2071,1055,1912,1385,1940,1427,1132,865,1997,1273,1427,2048,1330,1834,1926,2015,1240,1078,936,1991,1974,1519,1019,1567,1207,1593,1662,995,2027,1598,1230,1161,1927,2139,1331,2063,986,1959,1483,980,1411
2044912,816,1114,1237,1072,1177,1840,1664,1818,1228,1574,1399,1424,1223,1825,1794,1722,991,1688,969,1266,1664,1703,1721,1363,1541,1673,1897,2044,1373,1955,1119,1968,1576,1762,1035,1627,834,1813,1424,1894,1707,2035,1281,1589,1664,1817,1095,1421,1898,1619,1700,1070,1015,1877,2075,950,1915,1283,1834,1388,1068,741,1872,1183,1350,2017,1403,1707,1869,1909,1294,997,997,1884,1929,1465,1000,1485,1132,1549,1571,936,1940,1631,1187,1246,1767,1994,1266,1928,1009,1970,1470,1047,1370
2759943,784,1147,1274,1063,1153,1786,1764,1761,1167,1566,1420,1436,1248,1723,1746,1623,931,1617,947,1273,1699,1662,1723,1474,1466,1625,1938,2043,1275,2017,1119,1932,1554,1728,973,1700,878,1806,1432,1927,1719,1969,1286,1605,1733,1852,1097,1331,1891,1550,1661,1073,1005,1894,1988,979,1815,1218,1866,1441,1042,833,1896,1197,1287,2005,1323,1747,1892,1905,1192,1016,964,1907,1860,1494,958,1483,1192,1527,1627,906,1983,1655,1146,1161,1906,1957,1347,2074,998,1908,1389,985,1352
2482763,766,1143,1283,1085,1207,1739,1750,1664,1163,1546,1336,1288,1283,1741,1765,1721,905,1633,949,1254,1623,1665,1675,1430,1430,1601,1944,2004,1301,1907,1172,1890,1520,1734,998,1652,862,1852,1421,1793,1672,1984,1275,1603,1656,1835,1031,1370,1923,1589,1625,1020,1002,1931,2003,993,1757,1244,1867,1370,969,798,1820,1105,1352,1918,1302,1707,1823,1886,1263,1011,932,1925,1845,1449,965,1457,1131,1517,1461,875,1910,1561,1150,1171,1811,1945,1275,1884,934,1961,1373,962,1311
2911495,768,1143,1278,1039,1166,1857,1731,1691,1190,1615,1389,1304,1243,1733,1696,1696,918,1598,934,1234,1613,1717,1716,1397,1459,1600,1848,2056,1289,1948,1147,1903,1480,1664,962,1582,843,1696,1425,1872,1657,1901,1250,1575,1671,1814,1041,1316,1919,1542,1596,1006,1013,1841,2005,914,1755,1245,1761,1450,1023,838,1864,1196,1316,1989,1345,1706,1842,1877,1231,996,925,1923,1845,1428,989,1429,1130,1536,1563,866,1954,1582,1124,1124,1721,1916,1228,1888,934,1905,1418,918,1389
911092,803,1147,1312,983,1185,1779,1726,1656,1220,1485,1437,1325,1235,1735,1746,1669,924,1445,929,1262,1671,1660,1665,1388,1353,1565,1859,1927,1314,1941,1152,1888,1551,1709,1019,1667,870,1764,1336,1839,1637,1931,1202,1570,1503,1756,1035,1344,1894,1557,1596,1119,969,1767,1925,917,1829,1171,1817,1410,991,739,1824,1108,1368,1907,1239,1631,1763,1867,1177,976,843,1838,1862,1421,1016,1417,1190,1494,1449,818,1891,1546,1146,1218,1794,1899,1302,1852,896,1879,1436,978,1354
1532905,781,1161,1191,1055,1126,1716,1636,1736,1120,1461,1375,1346,1153,1711,1722,1687,859,1609,961,1295,1604,1636,1696,1314,1429,1580,1846,1931,1293,1906,1057,1869,1498,1717,987,1607,811,1798,1346,1891,1578,1803,1263,1519,1589,1792,1124,1294,1797,1585,1546,989,1000,1834,2011,1012,1737,1211,1812,1362,1028,744,1719,1131,1264,1955,1285,1621,1792,1819,1183,955,876,1879,1828,1438,921,1460,1083,1426,1499,814,1885,1505,1160,1150,1795,1928,1185,1887,950,1883,1413,1029,1300
85698,760,1033,1185,998,1114,1673,1605,1683,1218,1381,1370,1280,1138,1623,1740,1619,896,1574,917,1216,1552,1632,1687,1390,1383,1511,1782,1847,1252,1839,1149,1903,1452,1645,966,1586,818,1662,1303,1750,1586,1828,1246,1506,1604,1713,1033,1267,1935,1445,1532,1008,1015,1732,1948,905,1742,1240,1728,1311,967,784,1842,1089,1170,1831,1224,1664,1723,1819,1181,972,848,1830,1858,1427,941,1403,1082,1425,1459,884,1775,1485,1130,1093,1648,1892,1233,1820,980,1814,1384,942,1265
1712516,697,976,1153,886,1007,1555,1495,1481,1038,1380,1176,1173,1117,1474,1567,1483,798,1430,844,1088,1427,1446,1477,1254,1301,1320,1631,1714,1193,1702,983,1679,1321,1519,919,1402,755,1589,1223,1631,1439,1680,1066,1372,1447,1620,941,1172,1669,1352,1403,899,862,1617,1682,845,1566,1041,1599,1217,888,671,1606,994,1118,1690,1139,1469,1589,1679,1124,928,799,1685,1553,1305,806,1229,931,1321,1246,777,1632,1391,981,990,1613,1755,1104,1619,846,1580,1214,847,1124
35703,678,941,1094,889,948,1417,1407,1470,1033,1301,1157,1138,1030,1408,1479,1407,764,1366,816,1054,1339,1415,1480,1223,1275,1326,1574,1637,1159,1597,967,1616,1299,1334,839,1395,683,1482,1125,1608,1402,1607,1065,1305,1386,1473,902,1167,1687,1299,1344,874,843,1551,1658,784,1449,1065,1568,1230,912,635,1549,1014,1095,1641,1069,1437,1599,1554,1024,817,749,1506,1534,1208,843,1232,967,1302,1225,718,1598,1246,954,960,1495,1645,1087,1582,775,1605,1228,816,1068
1325115,651,943,1014,856,957,1526,1407,1427,975,1266,1174,1127,1034,1398,1495,1412,785,1299,812,1105,1375,1382,1395,1206,1314,1283,1555,1694,1096,1578,969,1668,1286,1388,807,1385,711,1487,1162,1579,1356,1531,1088,1323,1339,1505,919,1128,1594,1252,1285,866,858,1538,1669,777,1514,1034,1519,1158,820,660,1572,991,1053,1676,1102,1353,1500,1617,1011,836,796,1545,1531,1170,798,1221,971,1318,1301,699,1582,1293,920,922,1498,1585,1095,1554,753,1624,1149,833,1161
2932244,612,894,983,841,903,1398,1293,1371,960,1174,1087,1064,982,1299,1443,1319,759,1314,749,964,1237,1271,1358,1027,1096,1231,1409,1507,1039,1478,847,1521,1149,1344,760,1235,687,1426,1078,1464,1285,1490,972,1219,1278,1399,851,1010,1443,1187,1249,794,827,1485,1616,770,1408,951,1418,1120,839,612,1457,957,987,1548,965,1351,1375,1503,917,747,719,1460,1482,1065,737,1146,922,1155,1192,774,1488,1185,847,948,1387,1575,1047,1509,748,1519,1098,733,1013
39483,559,782,857,689,815,1217,1191,1148,830,1079,953,908,857,1159,1198,1234,632,1124,691,928,1098,1141,1206,979,1015,1074,1344,1472,914,1308,815,1409,1055,1155,669,1125,628,1200,1036,1275,1161,1322,899,1107,1176,1217,737,967,1384,1079,1069,696,716,1258,1399,649,1268,780,1292,1000,742,563,1204,803,922,1325,880,1150,1233,1300,800,662,626,1273,1266,981,667,964,752,1035,1026,629,1306,1058,764,756,1278,1418,917,1304,656,1369,1001,662,907
933262,479,708,805,684,781,1178,1109,1094,764,1004,835,821,775,1105,1187,1120,607,1044,627,820,1050,1035,1085,913,927,997,1210,1252,850,1194,714,1283,964,1104,631,1040,534,1150,860,1174,1020,1292,832,1024,987,1136,643,876,1221,983,1037,627,685,1152,1280,640,1137,779,1214,896,626,516,1163,749,855,1194,823,1157,1170,1197,744,689,586,1258,1176,873,590,899,735,972,993,591,1235,944,718,727,1201,1294,781,1203,653,1224,881,588,829
1299,510,698,780,638,754,1039,1031,1048,737,942,838,878,800,1127,1074,1055,622,1022,585,758,967,1076,1047,875,901,993,1188,1268,842,1213,660,1254,936,1083,607,1038,535,1105,822,1198,1041,1211,800,917,949,1146,692,826,1205,926,962,606,616,1091,1245,632,1106,815,1123,904,650,486,1155,714,796,1231,790,1028,1101,1092,793,565,535,1156,1140,895,593,893,698,947,883,553,1220,989,705,726,1135,1243,799,1164,567,1216,923,628,846
876,502,642,762,637,686,1089,1028,1036,758,955,869,872,774,1049,1064,1025,554,1003,590,805,965,1031,1082,818,919,979,1145,1184,764,1136,728,1191,936,1023,633,1035,521,1025,847,1143,1011,1195,740,952,1013,1075,693,846,1148,986,1011,632,637,1132,1241,631,1101,815,1127,794,655,462,1185,723,786,1145,771,1042,1100,1133,703,615,585,1160,1101,883,598,857,651,908,938,533,1143,962,687,710,1174,1192,725,1136,560,1230,821,597,759
2782643,413,634,776,623,673,1069,1013,1050,663,839,816,803,762,1070,1057,951,525,959,526,735,964,986,1009,793,841,966,1100,1172,788,1167,672,1140,869,990,545,1022,511,1004,762,1088,895,1066,719,927,951,1046,626,814,1122,911,948,630,538,1033,1191,566,1059,741,1024,776,578,450,1022,626,696,1104,750,982,998,1081,658,582,526,1132,1083,853,597,866,657,865,887,549,1128,897,657,682,991,1188,731,1118,545,1126,860,573,767
2496867,462,660,739,575,715,1020,1018,974,672,937,790,725,706,960,1036,953,538,878,548,702,941,916,951,739,811,877,1123,1152,755,1131,660,1136,919,1018,540,969,484,999,822,1082,925,1101,691,856,947,1042,614,768,1084,866,903,627,570,1056,1110,544,1010,747,1029,834,589,458,1044,641,749,1114,761,968,1089,1004,656,574,510,1139,1048,769,538,854,640,884,890,522,1114,866,638,679,1053,1119,717,1068,536,1068,791,597,749
1679497,417,642,767,585,667,974,958,985,666,867,750,718,655,984,1005,929,543,904,464,702,891,969,961,813,828,848,1092,1098,758,1098,587,1061,846,891,561,857,456,952,790,985,891,1066,705,864,924,1012,575,774,1007,933,896,576,552,959,1114,497,1044,681,1019,731,533,443,1036,614,711,1076,736,953,985,1028,683,559,491,1020,1035,846,555,824,654,898,827,485,1025,838,650,658,969,1113,726,997,530,1062,833,570,753
1007676,415,573,629,557,661,931,916,922,640,808,740,717,706,911,964,922,484,862,531,720,885,902,914,739,754,865,1044,1122,754,987,625,1154,730,918,515,953,454,897,754,1008,897,1047,657,840,889,950,573,699,1041,805,881,547,528,995,1059,512,933,664,1001,731,538,405,1004,605,681,1037,717,879,994,1018,646,508,469,982,942,809,508,777,653,801,813,437,1015,808,584,607,915,1103,646,996,490,1060,742,529,739
2249302,410,572,637,554,652,962,898,915,599,802,701,704,613,887,889,901,489,849,466,628,800,910,858,764,756,816,971,1003,681,1005,612,986,894,895,527,867,435,917,682,973,853,1010,620,782,846,934,562,755,984,797,821,525,507,937,1080,500,921,594,967,720,537,443,990,622,644,1032,662,848,891,1036,639,518,449,995,918,812,492,754,586,818,799,436,987,777,583,606,935,999,594,1021,495,968,789,500,695
1839798,369,568,611,486,579,910,893,860,584,781,685,696,611,844,881,871,432,800,503,643,773,873,882,698,697,754,890,991,655,966,570,973,808,899,508,814,446,928,708,958,826,1009,669,818,811,907,547,703,985,833,812,530,545,941,971,469,897,620,849,681,540,421,928,597,684,1043,643,856,927,912,581,537,471,903,938,751,451,739,552,783,745,461,965,771,564,608,904,983,606,978,466,954,659,470,679
2527972,413,547,650,490,582,902,868,872,623,743,648,698,597,831,784,849,439,801,457,633,826,830,826,679,688,832,907,1007,629,929,567,921,767,805,514,803,420,832,636,940,770,1012,629,791,820,881,527,629,950,773,792,520,499,886,1019,451,886,609,954,689,467,376,935,553,643,907,624,825,872,898,607,496,445,929,901,719,491,705,554,737,767,419,891,780,550,548,904,984,623,995,485,924,698,517,647
2663121,361,535,545,451,515,800,765,791,496,685,647,606,593,733,788,778,429,696,442,604,748,776,797,647,655,746,927,914,592,938,509,935,681,759,423,748,400,837,635,881,712,893,594,734,759,799,480,609,889,704,707,446,424,853,891,411,828,563,851,591,459,364,834,514,605,843,598,750,873,874,556,427,473,818,897,702,456,637,523,751,653,420,888,682,510,501,863,921,571,900,425,902,678,430,578
2800128,350,478,586,475,528,766,777,835,532,667,632,595,579,760,789,772,437,740,446,585,777,751,751,625,659,731,851,897,604,928,510,857,668,712,461,739,402,801,612,917,720,898,551,753,730,833,467,550,828,691,742,438,456,812,902,449,859,565,838,683,453,346,813,524,595,855,566,760,819,802,535,391,401,830,813,658,430,638,507,658,657,409,853,717,532,552,800,860,588,872,433,843,654,432,575
490759,366,494,579,457,521,757,749,725,535,724,592,607,549,762,806,754,474,684,431,576,724,717,719,605,597,665,828,863,598,797,499,833,674,735,437,723,378,808,561,835,733,845,554,663,688,805,443,622,850,725,675,469,423,810,894,411,775,542,790,623,476,318,746,496,583,825,567,752,794,829,518,450,390,847,824,623,408,605,495,626,644,378,834,639,492,487,750,874,542,819,399,820,638,403,567
2759167,308,494,509,425,504,740,752,689,521,614,571,604,495,728,788,696,375,690,366,515,642,661,708,608,575,644,846,819,557,848,445,829,633,674,459,661,347,776,578,791,636,809,495,624,689,797,435,564,771,642,633,426,440,764,826,373,786,541,783,565,427,342,751,454,553,827,532,723,709,767,512,423,390,772,761,612,420,653,483,621,615,333,736,596,461,469,721,870,511,830,394,833,654,383,545
2833771,339,435,477,442,509,720,725,727,479,644,536,567,486,695,708,668,367,634,398,499,651,668,652,602,618,625,758,799,549,743,425,782,639,702,414,622,353,710,554,800,682,776,531,629,611,702,424,562,730,619,618,425,392,719,840,391,758,494,776,552,428,343,748,447,539,758,514,714,778,762,483,374,370,787,749,572,357,582,445,604,573,335,795,613,431,471,723,819,535,783,400,769,594,389,521
1688404,301,399,479,360,381,689,601,593,427,545,525,501,483,635,658,615,347,585,342,456,604,638,612,489,551,567,671,732,486,696,390,709,512,622,406,617,350,628,481,726,598,663,487,535,600,693,403,460,657,605,579,392,360,654,734,296,668,415,644,489,359,298,721,433,495,695,473,601,627,654,448,371,342,631,666,541,357,521,416,536,535,330,686,568,426,407,690,701,454,670,356,729,545,384,490
1783515,276,395,441,332,440,633,595,580,423,540,483,446,446,637,624,595,297,559,318,451,513,607,626,476,543,551,682,658,480,650,417,702,490,595,324,583,365,578,502,683,595,702,433,564,591,606,380,467,678,556,576,377,325,617,755,324,648,407,644,496,365,282,637,381,472,693,463,608,654,689,415,355,349,610,636,543,338,479,378,498,530,294,693,542,412,409,627,641,430,647,356,652,487,342,461
1426,261,361,411,311,364,599,507,585,365,510,459,448,374,556,550,545,299,498,293,443,553,532,571,457,516,562,673,682,434,676,382,647,505,576,285,555,260,610,427,675,546,647,394,520,523,569,349,443,651,510,555,342,318,592,650,321,614,396,607,480,351,271,554,388,422,617,458,538,653,640,364,314,313,638,627,494,342,455,372,482,500,282,647,481,361,364,610,665,402,654,315,618,455,321,413
1902580,242,348,387,291,339,598,546,564,348,448,405,397,355,533,555,531,297,470,295,426,525,507,522,407,445,449,563,605,447,636,349,603,464,547,307,518,258,571,410,584,518,606,381,504,511,553,313,432,582,463,468,313,291,622,640,324,583,381,568,425,362,246,601,372,403,619,375,538,597,561,345,321,307,596,584,476,307,448,341,455,471,267,598,433,340,367,519,657,411,611,306,597,440,289,422
1494608,247,329,415,324,374,546,577,523,351,505,430,441,403,520,526,532,271,504,306,381,501,518,548,400,503,523,609,657,417,559,327,580,461,506,305,491,281,539,424,577,512,543,365,501,568,544,349,397,556,475,526,298,338,586,629,281,521,376,545,438,319,226,580,362,394,594,439,501,595,624,353,281,282,550,570,460,289,483,349,480,473,286,606,489,357,348,534,632,369,566,321,573,497,313,397
1790137,217,286,329,263,313,476,456,457,326,416,381,385,348,458,477,430,265,459,256,339,475,476,420,375,396,399,496,526,361,526,310,538,427,459,290,439,224,461,406,504,474,507,320,439,414,477,301,351,495,416,423,279,267,507,484,229,488,361,516,377,285,216,486,296,329,556,365,439,467,506,339,267,244,538,483,379,281,391,313,406,395,182,498,428,305,273,493,535,374,515,253,502,336,256,356
37637,194,247,315,269,260,448,423,380,309,375,321,347,261,419,423,393,214,384,246,336,407,404,420,377,361,385,455,486,307,469,284,489,359,393,248,398,189,416,324,435,385,489,319,385,413,493,251,299,467,356,409,271,224,454,487,246,448,295,458,357,236,192,458,263,287,439,346,417,458,430,297,232,214,439,441,370,258,360,296,389,364,231,442,377,276,308,459,503,271,465,247,432,373,226,346
2072413,179,253,277,231,278,453,413,412,267,363,305,326,285,366,403,371,224,370,219,328,371,427,374,324,364,373,439,460,299,482,268,437,375,386,202,385,214,383,327,418,390,471,265,345,377,424,281,332,436,338,385,252,219,451,472,220,439,303,439,307,274,171,424,262,298,483,281,403,441,403,284,233,200,438,402,345,236,370,251,331,373,201,451,326,262,258,437,455,288,436,240,493,316,227,284
345370,169,224,242,186,265,349,339,359,254,325,280,282,287,345,355,338,183,322,194,282,314,337,335,301,291,305,417,415,241,383,228,392,329,349,224,367,184,372,294,374,308,380,256,327,334,382,227,277,386,335,316,199,217,397,413,191,364,247,374,270,227,150,358,244,279,389,267,327,362,401,268,204,175,367,393,315,187,269,243,310,324,190,380,345,229,253,390,402,237,364,209,383,319,214,282
1177211,132,161,182,170,177,260,250,252,201,235,222,182,171,238,245,288,140,265,139,216,224,241,268,203,212,245,258,310,183,287,172,297,237,246,164,241,125,304,213,289,233,282,193,224,275,268,160,186,312,265,253,166,164,275,282,134,279,186,263,199,140,132,282,181,206,301,185,240,267,308,190,155,143,290,259,234,147,197,160,254,233,131,285,210,158,175,273,305,190,262,141,298,199,149,187
831,92,155,170,153,154,253,231,276,166,220,200,194,155,253,257,247,119,224,137,191,252,242,266,200,226,207,267,286,169,242,174,284,206,263,121,250,127,260,193,290,244,289,191,222,216,297,159,198,262,211,242,164,152,263,309,132,272,184,275,190,159,136,281,160,175,273,222,259,306,273,153,147,141,250,267,193,135,220,176,227,220,120,267,224,155,158,272,275,193,266,143,279,189,149,195
1918946,112,125,144,124,140,220,168,203,159,180,192,136,156,198,188,199,115,180,119,133,189,195,204,183,175,162,205,225,160,251,130,220,196,194,141,195,100,216,170,220,205,241,133,168,202,224,119,145,229,180,187,116,136,229,240,103,220,147,255,175,132,93,235,145,144,218,156,220,196,189,151,126,95,242,183,171,113,188,118,173,165,86,240,189,128,121,230,210,131,212,122,232,163,111,158
657387,71,110,142,106,116,163,185,186,129,162,144,138,109,165,193,172,81,176,99,143,148,170,178,128,145,163,191,198,112,199,109,204,138,162,99,154,74,183,168,200,192,208,152,147,142,190,105,145,215,173,159,113,90,181,190,95,158,136,184,130,105,70,174,124,132,194,129,157,160,198,110,104,105,204,188,139,84,150,121,143,160,84,188,143,99,128,193,217,134,198,99,201,149,116,132
980254,55,58,62,61,54,108,93,83,64,88,69,80,70,86,94,74,57,78,54,55,89,99,86,59,78,92,92,104,88,84,60,100,86,88,44,96,43,92,81,115,88,101,57,76,103,105,60,84,106,67,79,59,50,107,99,52,103,62,94,70,62,55,107,64,72,98,61,90,98,106,54,47,37,105,85,73,50,75,56,68,69,42,121,99,62,61,87,98,72,95,37,98,74,53,60
9606,33,40,49,45,47,60,83,75,53,58,55,50,47,64,65,75,36,58,21,52,66,63,64,68,52,57,57,85,45,83,42,96,75,60,39,52,34,58,54,85,70,80,48,63,51,66,37,68,60,74,69,43,33,69,70,43,62,45,72,58,47,27,74,56,64,82,55,67,87,80,56,41,21,72,54,58,42,63,63,69,66,41,62,60,35,46,65,74,62,73,35,90,50,43,46
