"SampleID","L1","L2","L3","L4","L5","L6","L7","L8","L9","L10","MG1","MG2","MG3","MG4","MG5","MG6","MG7","MG8","MG9","MG10","MG11","MG12","MG13","MG14","MG15","MG16","MG17","MG18","MG19","MG20","MG21","MG22","MG23","MG24","MG25","MG26","MG27","MG28","MG29","MG30","MG31","MG32","MG33","MG34","MG35","MG36","MG37","MG38","MG39","MG40","MG41","MG42","MG43","MG44","MG45","MG46","MG47","MG48","MG49","MG50","MG51","MG52","MG53","MG54","MG55","MG56","MG57","MG58","MG59","MG60","MG61","MG62","MG63","MG64","MG65","MG66","MG67","MG68","MG69","MG70","MG71","MG72","MG73","MG74","MG75","MG76","MG77","MG78","MG79","MG80","MG81","MG82","MG83","MG84","MG85"
1216932,0.0233396609673634,0.0232504358558051,0.0235275309903818,0.0232142008233739,0.0233012299693214,0.0233427153336952,0.0233774073531588,0.0232955649424065,0.0233454518188204,0.0235255014593113,0.0233073824138432,0.0234060566909404,0.0233751702665888,0.0234193001470599,0.0234235834282192,0.0234097510564225,0.0231940080431807,0.0232522184953969,0.0234598152793284,0.0233063571625713,0.0232720475142566,0.0233433924206531,0.0234313576215289,0.023355430854054,0.0235300943606192,0.0234064541321695,0.0232853944660881,0.0233815396721978,0.0232227507300512,0.0232850289059682,0.0232586336040943,0.0234118794900857,0.0233321773525011,0.0233357214175114,0.0231928525113307,0.0233322706942291,0.0231513494929458,0.023400962402604,0.0234030735931768,0.0233767532564942,0.0233370292277142,0.0232423238559363,0.0232612979837963,0.0233825395601975,0.0233275093235943,0.0233131933033548,0.0233614483538126,0.0234442776582029,0.0234779814009103,0.0233861193930434,0.0234084752122514,0.02343713706611,0.0234729999229162,0.0234525758687782,0.0233357781800268,0.0231871689898413,0.0232858336075325,0.0232397363690576,0.0235388067491379,0.0234086105925801,0.0234182867481546,0.0235055499445296,0.0232296962240124,0.0233601896603905,0.0232882123161998,0.0234663166938135,0.0231058652957663,0.0233344659154963,0.0233031821907574,0.0234534166425479,0.0232830870572068,0.0232910791607086,0.0232517804685044,0.0234067666719353,0.0235065791553278,0.023397090906464,0.0234433502360263,0.0231879388045003,0.0232047901147559,0.0234502438054845,0.0233263743422173,0.0230288061384061,0.0232783048182188,0.0233394782509501,0.0234652669387141,0.023334771253823,0.023418204107103,0.0234271337011345,0.0232263663459189,0.0234541815101316,0.0232376642044099,0.0235107426463883,0.0233673987231914,0.0234077369883763,0.0232312218855643
238834,0.0229407208183592,0.0228987556391653,0.022984511360956,0.0229010778655663,0.0228709612124872,0.0227715883931786,0.0226450518078747,0.0228381216982619,0.0228712981555423,0.022695422640572,0.0225826241238507,0.0226298841124423,0.022715725065404,0.0229253466120884,0.0228482475396771,0.0230348819964634,0.0228017788621807,0.0227047456260609,0.0228832967744653,0.0229419772854371,0.0227800311528767,0.0227472304782491,0.0226318931420122,0.0228132665092375,0.0228039296300141,0.0229709441183847,0.0226560784421026,0.0226942307840169,0.0227565886430188,0.0227172607369569,0.0227287697423836,0.022602524300292,0.0225979693755345,0.022746599721969,0.0228663322588129,0.0226926847710467,0.0228199618011658,0.0227283396508296,0.0228157202825208,0.0229175638877141,0.0228557284882392,0.0227180326073565,0.0228470455961866,0.0227962597708034,0.0227638312264122,0.0226955429767676,0.0227661373146807,0.0229708499579039,0.0228549015271159,0.0226668236242369,0.0227920286657953,0.0228828524973033,0.0228326115787747,0.0227146490802581,0.0228334672495608,0.0226308754626301,0.0229025050612207,0.0226171044502616,0.0227723347242847,0.0228445648332412,0.0228235549786122,0.0225883612315019,0.0227103382036458,0.0228976173225602,0.0227810197261871,0.0228433171355707,0.0226821386454021,0.0226596302544775,0.0226246001407215,0.0227277241488897,0.0229191511759919,0.0226501940420477,0.0227271249092151,0.0226886381149548,0.0228072116393146,0.0228489720287803,0.0229317185446492,0.0227345547623478,0.0228148567500354,0.0228167610688741,0.0227070007216515,0.0228918418981137,0.0227762470096487,0.0226571668028026,0.0227024841566843,0.0228253257117849,0.0228019355779687,0.0227306776169136,0.0225726173145327,0.0228581245279187,0.0226840726578499,0.0226534333098267,0.0228415242270013,0.0227944308830391,0.0227580301876379
1155388,0.017179360166491,0.0169723149185504,0.0170553240558744,0.0169130766866013,0.0170541347074794,0.0169301274124145,0.016903307039386,0.017082980816452,0.0169454800475036,0.0169929361498034,0.0171327871345091,0.0170346879649205,0.0170115240751551,0.0169913026121676,0.0170651623395437,0.0170150640231746,0.0168807495620226,0.0169171167085029,0.0169475727190063,0.0170653826712301,0.0169986349197801,0.0171052920957881,0.0170613430302313,0.0170155828219107,0.0170222622524433,0.0168847442735693,0.0170224021069809,0.0171459498418287,0.0168995120197091,0.0170729367163742,0.0169923668126853,0.016897765462526,0.0170789616438572,0.0169603592388892,0.0169598849379645,0.0171959303592254,0.016990021893318,0.0170285096655251,0.0170947464774296,0.0169885980885186,0.0170696214440476,0.017046652338777,0.0169880324748606,0.0170669753059121,0.0170904012192975,0.0170508037494664,0.0171066390555145,0.0169980742675541,0.0169337420387118,0.0170544733535898,0.0169516615193036,0.0171898217825563,0.0168918896660955,0.0170002514175341,0.0168054025441748,0.0169500638669087,0.0169544932158184,0.017023615462527,0.0169749206746541,0.0170836130238118,0.0171424199346374,0.0169070938374364,0.0169895037277487,0.0173054788741436,0.0170632990567944,0.017068968320862,0.0171399982642523,0.0171069661659082,0.0171672916923568,0.0171399628854044,0.0170840642333066,0.016978092589129,0.017007223047266,0.0169752918013304,0.0169446655536175,0.0171406796312885,0.0170465750326493,0.0169481217919335,0.0170669501145249,0.0169753235052303,0.0171163965887482,0.0171054790211422,0.0170340044661499,0.0169815954680559,0.0168875876788837,0.0169262426567756,0.0170203102758808,0.0170956842848606,0.0171222719554197,0.0169865807194693,0.0170676852381137,0.017105113851933,0.0172610029125357,0.016987294353121,0.01708919364648
2058152,0.0148106530317789,0.0147496000910654,0.0147406766779359,0.0147966443867639,0.0148863943478177,0.014700083747876,0.0148148377165811,0.0147797005353157,0.0147290873424128,0.01482388164316,0.014897596114413,0.014725745830397,0.0148218416899094,0.0147607451397807,0.0148511163171881,0.0147349366616071,0.0147075303747101,0.0147825876561477,0.0146711876764509,0.0146015544807354,0.0147527393398495,0.0147874081800645,0.014710068540547,0.0148783414626252,0.0147440450639156,0.0149007542107717,0.0147619157867117,0.0148707434736578,0.0148293079083918,0.014832814455357,0.014846680481599,0.0148351049788321,0.0148924981502851,0.0147456690350351,0.0148401471852831,0.0148378327288572,0.0147184252332713,0.0148499029748253,0.0148888343277498,0.0149166117036243,0.0148532961428914,0.0148964422116056,0.0147567543667571,0.0148103035303562,0.0147217581338949,0.0147965627942062,0.0148852642167057,0.0148541019973131,0.0148011708234123,0.014738232057299,0.014796778809083,0.0147073142017125,0.0147842741178354,0.014700851227937,0.0147661402408091,0.0147372977921282,0.0147121129252883,0.0148476242566661,0.0147245588096852,0.0147429891578925,0.0147802096413414,0.0147885287613644,0.0146870284681415,0.0149100763960857,0.0150335132961629,0.0146623403373073,0.0148580005207243,0.0146719799827559,0.0149026918417827,0.0148337788219805,0.0146427757351119,0.0148469484550043,0.0147156489721882,0.0147927442261936,0.014803458690261,0.0149527191030716,0.0148731746401685,0.0147215931524941,0.0149353143873858,0.0148126388342867,0.014843018855998,0.0147394593976283,0.0146005253801045,0.0147090684426912,0.0146503657596329,0.0147346010967325,0.0148181380123955,0.014780420266671,0.0146607919762228,0.0147094622133258,0.0149497466520892,0.0147127926703707,0.0147065583536819,0.0147883181077444,0.0148622040870812
102684,0.0138997396915528,0.0139497822218761,0.0140409361322955,0.0139555225952442,0.0140473420020332,0.0140103295264421,0.0140078939811968,0.0140912408033254,0.0140801584334845,0.0140032746781615,0.0140960930683657,0.013890846448986,0.0140061836500832,0.0139611772714581,0.0140338308038372,0.0140838071044339,0.0140798218300718,0.0140518036462923,0.0140732654905689,0.0140371533093446,0.0140322576697028,0.0139697473341586,0.0139526606434891,0.0141176929788527,0.0140559563866007,0.0139981754865509,0.0140789289981387,0.0140319993100168,0.0140025393965044,0.0139961215691035,0.0140574223201509,0.0140028692836728,0.0140041108658413,0.0139865481268163,0.0137951501827919,0.0139315190506094,0.0138802549589801,0.0139526970820341,0.0140759792996098,0.0140950712148482,0.0139141136596542,0.0140785204856881,0.0139566735164817,0.0141524234793263,0.0140628722167647,0.0139314868634181,0.0140174910718896,0.0139914881542084,0.0140692334009517,0.014123667763275,0.0138599449940005,0.0140703005927854,0.0140931554213288,0.013832680724039,0.0139309565954659,0.0139080275155049,0.0140100164299384,0.0140301514874193,0.0140024519890941,0.0140755271028968,0.0140877489756147,0.0140652173372694,0.0139329364150729,0.0140342269137999,0.0139074340522708,0.014066442445546,0.0140437306323737,0.0141255909231068,0.0140717824475377,0.0139254217954611,0.0138301140699484,0.0140317640362891,0.0139467322847449,0.0140084351943541,0.0139600509205645,0.0140361776519201,0.0141436512850781,0.0140871277962086,0.0140924806405305,0.0139979108641195,0.0139014480437275,0.0141577376517707,0.0140586660484629,0.0140118593646714,0.0140350856573331,0.0139989252636552,0.0140648798941008,0.0140122406011106,0.0139417724744505,0.0139207473733848,0.0140895292113194,0.014044836268884,0.0140083036686182,0.0140228688119983,0.0139063568572699
68892,0.0134068823824706,0.0135579613331496,0.0133008360196032,0.0133400521660312,0.0133202386889072,0.0135104535628286,0.0133752470009171,0.0135362657638155,0.0132845726938213,0.013397937116363,0.0134816553652019,0.0133769869234986,0.0133251172947612,0.013299077603906,0.0134028051105179,0.0134107645333174,0.0134329628552582,0.013432154578452,0.0133172322416766,0.0132887532212732,0.0134333521817213,0.0134391710599901,0.0134366886827684,0.0134113085295922,0.0133746670045161,0.0133324973785243,0.0133387635518681,0.0133259699462823,0.0133924377701392,0.0133671403570371,0.0134552777996368,0.0133588001326386,0.0133852097930503,0.0133273115486262,0.0132657114737498,0.0133608177728793,0.0133649354570085,0.013374714717444,0.013238333384981,0.0133844545383157,0.0133528653141254,0.0133930404785698,0.0133039759807307,0.0134044113342372,0.0133342734607604,0.0134421177585068,0.0135584110855998,0.0131830647866841,0.0133601042267831,0.0134014395131746,0.0134529665716913,0.0132232824973988,0.0132254687451617,0.0133820882602523,0.0133999612426759,0.0133882687552605,0.0133317633369905,0.0133372051019318,0.0131522992537628,0.0134279892883488,0.0133444950020028,0.0132963364649211,0.0135241259208106,0.0133188734099434,0.0133992260616775,0.0133262281797708,0.0134076301427908,0.013444077610029,0.0133460514576276,0.0133469249933319,0.0133747812805918,0.013378812043009,0.0131850422578978,0.0134209074680794,0.0133738322322575,0.0132510221920421,0.0132031315720884,0.0133886712988386,0.0133409201849728,0.0132689898161193,0.0133580146331956,0.0132524190744529,0.0134078762326252,0.0133108194675417,0.0134127536340899,0.0134017228832794,0.0134253489819015,0.0135121864732677,0.0133104764848771,0.0133153009287917,0.0134221669709801,0.0133030879147578,0.0134741549233621,0.0134190293940644,0.0135532064216596
59310,0.0130827435114047,0.0130768723826185,0.0131163351416516,0.0131441918543661,0.0130663744683834,0.0130113236827429,0.0130448174541002,0.0129805257690478,0.0129328168366452,0.013034131824955,0.0130135123532676,0.0128846605590792,0.0130964735897602,0.0131138450282917,0.0130686662818551,0.0130808954127062,0.0128804374809382,0.0130872671753722,0.0128684453816035,0.0131543719899896,0.0131506263621224,0.0131026026906619,0.0129654991941102,0.0130414562943662,0.0129594567091139,0.0131355711114216,0.0130988236631244,0.0130237679837747,0.0129525383358973,0.0131164419953114,0.0129516448221692,0.0130104700509552,0.0129672222654138,0.0131126581648781,0.0131169927352549,0.0131289328326648,0.0130459651026254,0.0130243199506067,0.0130185526413021,0.0130513309624982,0.0130403428540972,0.0130973566412506,0.0130813219020027,0.0131100079055112,0.0130542270280262,0.0130514265164229,0.0130346369007,0.0128805834048073,0.0129982824697877,0.0130298522406461,0.012910328675279,0.0129820955265862,0.0127471539942905,0.013046502085532,0.0130740928634825,0.0130677278752689,0.0130551798691254,0.0131713488408043,0.0129250628416887,0.0131163172413466,0.0130795982570823,0.0133725617238177,0.0130517864910923,0.0130213826499262,0.0131793918359763,0.0130057509736274,0.0131171476559748,0.013003745377199,0.013123726071913,0.0129798224855429,0.0129376177561068,0.013127418821777,0.0131380689640221,0.0131002137840552,0.0130297161149793,0.0130370120206895,0.0131031496377896,0.0129902016401701,0.0130312842094318,0.0131323992053228,0.013034500559236,0.0129205441845134,0.0132249288809627,0.0131988744202162,0.0129579047332493,0.0129504020004,0.0129508702162109,0.0129611884932585,0.013126152676507,0.0129797145881643,0.013001770382991,0.0129699799021352,0.0129349496925657,0.0130904001027812,0.0130695546967265
1316412,0.0125217339268676,0.0127599408074865,0.0125848468170978,0.0126878183126222,0.0126705950599945,0.0127013259769497,0.0127020209534844,0.0126573321726412,0.012712280249074,0.0125519283617869,0.0126748761171758,0.0127251194111659,0.0126748610840847,0.0127942508779131,0.0127281306512923,0.0126606351095788,0.0124988474278135,0.0127690357546944,0.0125915784110045,0.0126530266271241,0.0127487722029523,0.0126627467120766,0.0127003090769398,0.0125830680028313,0.0128048860642098,0.01273624840313,0.0127178664713472,0.0126453469422276,0.0127272855831168,0.0127072087299428,0.0127552046446152,0.0126160374584608,0.0128580301213081,0.0127182129870781,0.0128625184493857,0.0127472638378039,0.0126330886341783,0.0126532695437094,0.0126657592566548,0.0127245458902375,0.0126801748510673,0.0125932567658211,0.0127081262948677,0.0126045942939646,0.0127032726791799,0.0127228657805638,0.0127503556625775,0.0125086396860499,0.0128023388821885,0.0125686148257038,0.0126534415860201,0.0128987301092342,0.0126107749950752,0.0126038911307658,0.0126858525427239,0.0127623523702447,0.0126168280865009,0.0127338962426847,0.0125138731436498,0.0126101466566413,0.0127439766530811,0.0127478460150346,0.0126996854420394,0.0127107082916808,0.0126122906117078,0.0127215222464029,0.0126714689020375,0.0127547082357054,0.0127396435540146,0.0126350653477933,0.0127135301560244,0.0126876482801017,0.0127377119669886,0.0125471843904197,0.0126791343504036,0.0127092242898835,0.0126708139632701,0.0127011069105894,0.0126788999835361,0.0125750920016566,0.012723716347074,0.0126872534455537,0.0127295046595713,0.0127574789294308,0.0127533990258947,0.0127686199781292,0.0128485895795601,0.0126521738110392,0.0125956342932096,0.0126660369930907,0.0128963243741224,0.0126876908757643,0.0126205282280604,0.0126515515224462,0.0126476669407858
2725997,0.0123812737494057,0.0123399615368485,0.0123846214325026,0.0125413984679794,0.0124048574572191,0.0123357450483369,0.0124496578025237,0.0126305587386194,0.0123263412208244,0.0124042535511917,0.0123386381547107,0.0124471458773784,0.0124662169466606,0.0125041696745926,0.0123996360596001,0.012345244230323,0.0124002581761698,0.0123724767549581,0.0122857129048316,0.0124214774286048,0.0123077525622792,0.0123607384553515,0.0125464910207249,0.012264147799998,0.0124486029941376,0.0122069038646359,0.0124572300132528,0.0124046551136818,0.012444457014603,0.0124991531622555,0.0123798115456694,0.0123776704025637,0.0124387322879423,0.0123558874761893,0.0124388352877179,0.012413253405785,0.0124592459106216,0.0123314171158642,0.0124116526701453,0.0123371928951009,0.0123817845436243,0.0124570505537227,0.0124444154356651,0.0123944264671631,0.0123379774034796,0.012371280210045,0.0123410404444491,0.0124106041893179,0.0122801682281101,0.0124680726099125,0.0123124373760406,0.0123323543730252,0.0123314286391945,0.0124649403146383,0.0123699903573645,0.0122412149395487,0.0125196203690152,0.0123640743529861,0.0123656284367253,0.0123914543983947,0.0123299147508267,0.0123866045706985,0.0124103954873638,0.0123673615378266,0.0124604882249072,0.0123902043736669,0.0124351009030993,0.0124451794226188,0.0123816742951233,0.0123052051234032,0.0124272265883516,0.0126581514754771,0.0123257923130011,0.012437352964058,0.0123939274640582,0.0123936270118762,0.012308120877469,0.012541355976818,0.0124374301369388,0.0124323723249911,0.0123747425495192,0.0123493581494476,0.0125378289037264,0.0123173603783487,0.0123020760855257,0.012414173527181,0.0124154661615406,0.012414212396315,0.0123632714186354,0.01231619257996,0.0122504675698025,0.012402617247407,0.0124150510429231,0.0124128557614936,0.012345322350637
2697371,0.0120754196351692,0.0118492867541773,0.0121691956914852,0.012124957611138,0.0120599639727659,0.0120910296512246,0.0121107259749701,0.0121922393759189,0.0120065631688461,0.0121411943404813,0.0119232571625641,0.0122112598856785,0.0121759529523686,0.0120839985072662,0.0121832736423917,0.0121468531933718,0.0122066260488407,0.012113298587602,0.0121427915509314,0.0120875917539542,0.0119862692349431,0.0121011448822757,0.0121224204809326,0.0119666476107879,0.0120039290860705,0.0119552758566713,0.0120952154442712,0.0120218882474526,0.0121444567115724,0.0120912954708882,0.0119350523306141,0.0121307658446646,0.0120862600467692,0.0120182392703665,0.0119398012985459,0.0121469261428443,0.0120261912689044,0.0120159491585831,0.012131801701513,0.0119899837558239,0.0120910659761562,0.0120087336244541,0.0120612188179016,0.0120233686406859,0.0120595244070624,0.0120291969522428,0.0120542709679185,0.0121199461839313,0.0120596884946211,0.0120696740798397,0.0119137057302727,0.0120816217437373,0.0120738238628989,0.0120266829102468,0.0120931523279577,0.0120854251785206,0.0120816354079661,0.0120554421518589,0.0120868129660375,0.01203234368366,0.0122045388642745,0.0121819563212696,0.0121071076316556,0.0121157267716463,0.0121101750245981,0.0120626129800721,0.0120608941142837,0.0120849790144964,0.0120643256613546,0.0120501841542242,0.0121073374098557,0.0119622950391067,0.0119897525952745,0.0121624223743513,0.0120426272942272,0.0122098672233941,0.012044030664804,0.0121905392955528,0.0121093084315147,0.0120252272351171,0.0120209401836963,0.0122229296199468,0.012090934609589,0.0120249411862855,0.0121310670026515,0.0121463442153712,0.0119967432663709,0.0120287819358463,0.0120593721085182,0.0120063403214117,0.0121616709307553,0.012186462518213,0.0121594686828866,0.0120707026310629,0.0120200653203782
571,0.0121527142890388,0.0120314175648392,0.011967922006447,0.0120552338755938,0.011998900864043,0.0120940139853357,0.0120720792443482,0.0121337202986997,0.011945915607264,0.0121188063225485,0.0121117614696237,0.012108487980581,0.0121246027112927,0.0121364228211193,0.0121505370679619,0.0119774186391314,0.0119243345225514,0.0121153490477868,0.01205372462024,0.0120322887087721,0.0120805111748094,0.0120579447415218,0.012006764879171,0.0121889397521657,0.0120483511482423,0.012062996207907,0.0120864457114954,0.0120422801940377,0.0120272848760453,0.0119984442258046,0.0118143902630958,0.0120969573367365,0.0119984695629082,0.0119837693839252,0.0121460246159256,0.0119626997654718,0.0121759754012546,0.0119348288267108,0.011969707443702,0.0120361139761538,0.012060782792045,0.0120371384375299,0.011958576866715,0.0119568225151656,0.0119248790382656,0.01207086093877,0.0119155516766683,0.0121411297334765,0.0120144175775567,0.0120868500417041,0.0120217385029627,0.0120943492883712,0.0120520822833139,0.0121289913440535,0.0120557958709775,0.0119785782185234,0.0120192757401451,0.0121203891020091,0.0121448844935676,0.0121813011003399,0.0121113106409408,0.0121073881332186,0.0120486035837498,0.0120171363848969,0.0121959763736593,0.0120741311883268,0.0120527258896983,0.0119290361987662,0.0119754680438993,0.0121402750112082,0.0120693471287606,0.0119777138233423,0.0121400671356769,0.0119677532116012,0.0120860908121715,0.0121985797670991,0.012110915131197,0.0120557494451832,0.0121225950498681,0.0120401121093706,0.0119678259327477,0.0122086311553009,0.0119865428955678,0.0120594185582755,0.0119947298644151,0.0120352235434502,0.0120768692524836,0.0118823183608682,0.0121121106485901,0.0120320744034909,0.0120707931204804,0.0120921341259239,0.0120413307934453,0.0121024836530594,0.0121420989687908
704125,0.0118302376685938,0.0120481927710843,0.0119280865896166,0.0119316327080382,0.0119938122716494,0.0120294777601826,0.0119634819313008,0.0119608404104444,0.0119073217044391,0.0119530488820845,0.0121074445770956,0.0120668898285177,0.012107305787983,0.0121084631870643,0.0120045394716543,0.0121042010769464,0.0119151139450595,0.0120829517768673,0.0120578672681791,0.0120948276664079,0.0120915264664821,0.0119377698045154,0.0119576988663025,0.011946655598073,0.0120048356587678,0.0119089897682498,0.0120131307454904,0.0119653925265856,0.0120666788552312,0.0120386797653408,0.0121367386850166,0.0120412928236832,0.0120272962889521,0.0119872947132203,0.0119378183820327,0.0119867292929552,0.0119462546594118,0.0121350007567475,0.0120130914950573,0.0119804760004888,0.0119279405577436,0.0120542497707081,0.0119701569842847,0.0120894935881966,0.0121897878259872,0.0120090959061113,0.0119516311335854,0.0119204267056575,0.0120358435077704,0.0119075497568764,0.0121314206309609,0.0121185316231756,0.0120421997471388,0.0120872698196288,0.0119957587079736,0.012061298445618,0.012082369051117,0.0120795959762949,0.0121109793781153,0.0120636532043634,0.011852843428664,0.0120228775200941,0.0120866491609156,0.0119483523941414,0.0120766668054381,0.0119796141264726,0.0119654279894426,0.0121140464411061,0.0118750045335519,0.0120416716323045,0.0120506272801051,0.012174135726865,0.0120229952340173,0.0120371019006821,0.0120433456994825,0.0119330987950415,0.0119143989155063,0.0119214134326936,0.0120428753397475,0.0119867016782258,0.0120736154738932,0.0119798557209662,0.0119554697766785,0.0120189821343366,0.0119330255561615,0.0120329441450518,0.0120200056494359,0.0121755806677465,0.0120985343907498,0.0119840838179919,0.0122150876589321,0.0119891038524272,0.0120523631255332,0.0120166072744731,0.0120240500925712
254785,0.0119881514775746,0.0117995602499506,0.0118688576145923,0.0118156377661783,0.0119005214111006,0.011738132142584,0.0117420361648376,0.0118093792694065,0.0117948480447777,0.0120710165150381,0.0117884741847429,0.0118143645759925,0.0119656872283843,0.0119220656266977,0.0119089637256178,0.0118068101734298,0.0120101568207449,0.0118500194998764,0.0118507348712223,0.0119004917319363,0.0119993243954441,0.0116915290022181,0.011917978760647,0.0118838235581118,0.0118906074988974,0.0118479762880577,0.0120243560034433,0.0119697383512677,0.0119954666620875,0.0118000176761259,0.0118942487329026,0.0118954722894883,0.0117001566252115,0.0119081706557073,0.011798353253933,0.0117612522267362,0.0118414833751254,0.0118585907370345,0.0118586252023199,0.0118558187638721,0.0118471854001135,0.0118201667328305,0.0118533030706261,0.0118746928032892,0.0118288745001589,0.0118731397395489,0.0119534973123915,0.0117179513832612,0.0119477207302786,0.0119808617892241,0.0118135073952969,0.0119187091724232,0.0117648298984932,0.0119138533963679,0.01183866146478,0.0119613448378787,0.0118729139315533,0.0119185704800546,0.0118703973354908,0.0117334800769455,0.011788548102227,0.0119110252380175,0.0118838590562113,0.011849188807469,0.0117943854440296,0.0118563015439819,0.0118071686381017,0.0118901486955992,0.0119301325247895,0.0118238929465243,0.011775885971896,0.0117196167828774,0.0117339288101665,0.0118734108325469,0.0117347906423405,0.0119547707111278,0.0119571498115513,0.0118043232596452,0.0118666832267997,0.011859304666233,0.0118212130416995,0.0117698940559025,0.0119945730274156,0.01188234958608,0.0118295973823269,0.011845463626785,0.0118213522829444,0.0118119354072173,0.0118990678332501,0.0118644551121102,0.0117981596896557,0.011922621480002,0.0118818216586744,0.0117670924422025,0.0118955411893449
151276,0.0107190231285551,0.0107559027756975,0.0107524176428965,0.010745061499504,0.0106854786273465,0.0108044086075657,0.0105957741345934,0.0106826001747158,0.0106480577894074,0.0107539983062603,0.0108579440175784,0.0107186203116436,0.0106386888932131,0.010693783369532,0.0107391015428334,0.0106493334726375,0.0107136017703509,0.0107743480869412,0.0107757177310165,0.01080011618808,0.0107142070336309,0.0106916421080412,0.0106948331541385,0.0106148067510171,0.0107102498469025,0.0107880248632036,0.0106229527058835,0.0106546249436296,0.0106298087169785,0.0106366259645783,0.0107698181616813,0.0106339709936662,0.0108401592982352,0.010713475727912,0.0106152130676842,0.010661901344372,0.0108131726219441,0.0107056304645904,0.0107177676760213,0.0108060921470519,0.0107182282964457,0.0107640552490726,0.0107931959440112,0.0107130838527511,0.0107732229400653,0.0107606382045599,0.0106341088965098,0.0106183773696633,0.0108083450542387,0.0106340150235206,0.0106812249761874,0.0106943193786413,0.0107205752426657,0.0106186721598798,0.0106732734229155,0.0108439324368759,0.0106613022679478,0.0107484518740416,0.0107966151152612,0.0106827135866716,0.0107096725246139,0.0107137915520871,0.0107966887426726,0.0108346249438264,0.0107673077567466,0.0105977679067486,0.010564066959021,0.0107655535282553,0.0108729082191483,0.0107261323072907,0.0108641192256149,0.0107321442098778,0.0108443268907654,0.0107884734734224,0.0106636484067208,0.0107443038980553,0.0107380597436877,0.0106896974262854,0.0107586947919344,0.0107950361571107,0.0106636735396215,0.010747177558334,0.010650049647163,0.0107403398447326,0.0105972741974914,0.0107809845747412,0.0106327552815764,0.0107411090409585,0.0106422196554972,0.0106813828521987,0.0105404385444011,0.0106987889069811,0.0106655070459828,0.0106371756814324,0.0107479267977424
33043,0.0107497747650409,0.0106929957522781,0.0106994784705297,0.0107184397095689,0.0106402466949592,0.0105850600503979,0.010674613465062,0.010787016567401,0.010712564741272,0.0105641306926379,0.0106747159124975,0.0107147051914494,0.0106451752394543,0.0106242726126453,0.0106788963484797,0.0106755508286054,0.0106809751115335,0.0106931498636239,0.0107425765475034,0.0107437794411188,0.0106105816971545,0.0107485877481259,0.010627854152445,0.0105962427392104,0.0106989176881852,0.0106104545967135,0.0107790539492913,0.0106977488962441,0.0105899096867775,0.0106803004391176,0.0106439099173144,0.0106315804931056,0.0106514752732206,0.0106754805121755,0.0106892419508461,0.0106262575452716,0.0106959840002608,0.0106815948107023,0.0106925000417154,0.0106388260809702,0.010608805057857,0.010635035796909,0.0107447699978103,0.0107320368631841,0.0106485365482504,0.0107058171696558,0.0105849661879503,0.0108233158954951,0.010655944486106,0.0107022999450788,0.0107467868496901,0.0107089560549703,0.0106994924988256,0.0107608881387883,0.0107129646584569,0.0107322601302981,0.0106998185333666,0.0106754536490793,0.0105852491827605,0.0106476089725496,0.010701314132177,0.0108264723695865,0.0107098299721621,0.0107589625539954,0.0107317687364254,0.0107695247180749,0.0106763800470694,0.0107117395087212,0.0105704296356475,0.0106892447123051,0.0106147047714692,0.010551811472514,0.0106072924232077,0.0107032837132316,0.0105874974496613,0.0106887696130841,0.0107090994592701,0.0107800111644118,0.0106945724164026,0.0105883990792392,0.0106430423842943,0.0109225218879392,0.0106280540686234,0.0107820532083749,0.0107465398574572,0.0106892387892064,0.0106541714437632,0.0107729489485625,0.0107398642791947,0.0107095512393395,0.0105931615488354,0.0106984408317328,0.0106457407843253,0.0106946519978091,0.0106841704426534
2598457,0.0105328510590199,0.0105120631706338,0.010655974002149,0.010604346324133,0.010619892325385,0.0106611605702316,0.010678091670818,0.0104523486421279,0.0105581891299721,0.0107281659778763,0.0106708786746948,0.0106060606060606,0.0105851765367235,0.0105668000315323,0.0106344950176439,0.0106348552312821,0.0106632432317415,0.0105213213001394,0.0105485625356872,0.0105039606283666,0.0105775358221365,0.0105671471569595,0.0105184291554921,0.0106538387758415,0.0105638383562749,0.0105755296390863,0.0107485352792318,0.0106780255380716,0.0105363742791659,0.0105626888620117,0.0106957887772619,0.0105772819803726,0.0106457972817271,0.0106124162881181,0.0104684772457025,0.0105709896320599,0.0105454237843233,0.0107127660493384,0.0105961969826631,0.0105687504027591,0.0106237447620186,0.0104752159450247,0.0105684363893615,0.010559353879239,0.0105632877052844,0.0106312605621861,0.0104313174662517,0.0104695998821603,0.0105927034340237,0.0106679480213501,0.0105517505844903,0.0106230451286914,0.0106164791949554,0.0105218056640416,0.0106412536026467,0.0107246774428145,0.0106385593302718,0.0108091048109588,0.0103760474065653,0.0104369812878175,0.0105476483019926,0.0106259667972715,0.0106010770487543,0.0106506277685556,0.0106033205629787,0.0106990603852231,0.0107121160296302,0.0105070891132667,0.0105356119569712,0.0105998632321478,0.0105486347173908,0.0105973974432974,0.0106224684104599,0.0105174151455425,0.010683404551241,0.0105271332389401,0.0106167023613664,0.0105653458471565,0.0104946954620422,0.0106356804445149,0.0105965125446204,0.0107178280782713,0.010628752340958,0.0106930930757093,0.0106431116836226,0.0106875292404076,0.0105913999339053,0.0105993376628905,0.0105623285997448,0.0105631451777808,0.0105723498365587,0.0105644318611375,0.0105937968874114,0.0105127563612758,0.0104425936284489
2849865,0.0102037254360914,0.0102820031992715,0.0103257593626333,0.0102214996307811,0.0103829900795064,0.0104410659295361,0.0103136530010539,0.0102997400682034,0.0102516432732481,0.0103230289610539,0.0103595827579475,0.0102987236708167,0.0104105857170656,0.0103772958451595,0.0103782466591761,0.0102826817929071,0.0104313102440616,0.0102941303116658,0.0103441919040231,0.0104290172493816,0.0102601322324569,0.0103872774800023,0.0104308112753698,0.0103810906023736,0.0103494339133434,0.0102759324122121,0.010385117553006,0.0104112587614333,0.0102409194352722,0.0102270488057095,0.0103804352578059,0.0104225824440956,0.0103501049554889,0.0103041458264214,0.0103389267001691,0.0103871637468121,0.0104538459210211,0.0102756175942489,0.0102743922061267,0.010410639952926,0.0103039543378037,0.0103937659990965,0.0102763016052148,0.0103192824137543,0.010291606813215,0.0103896825350416,0.0103205908570924,0.0103779687143605,0.0102346830517436,0.0104115653710825,0.0105583480057233,0.0103907674391226,0.01042739333614,0.0104151436798602,0.0103494062824889,0.010364844454953,0.0103887538374122,0.0102702061502078,0.0103818184900465,0.0104421995412681,0.0103483327900378,0.0103798917767031,0.0103519861944804,0.0103640278070747,0.0103200238009896,0.0103545304500774,0.0103858975602534,0.0102533383350257,0.0102871733122493,0.0103402313135956,0.0104016288470665,0.0104137127963172,0.010401332596214,0.0104716520512251,0.0103188138841873,0.0104214826480192,0.0102712475400997,0.0102585514402545,0.010364717673802,0.0102797568336895,0.0102330530422614,0.0103686445206026,0.0103483959986202,0.010337678191615,0.010291103296538,0.0103393511350549,0.0103432678478788,0.010262504956133,0.0103910588854519,0.0103127595143075,0.0104932653299073,0.0103179945853414,0.0104476184872466,0.0103795465456734,0.010424164057056
1259973,0.0102253346941625,0.0100711148921893,0.0101690384464187,0.0101612836773566,0.0100963327080019,0.0102135104535628,0.0102522046993651,0.0102198022437668,0.0102659781514403,0.0102321852729035,0.0102108897930913,0.0102121016365202,0.0101689693195823,0.0101303190776738,0.010095282245714,0.0103057687183117,0.0101100085822298,0.0101321439570683,0.0102420065881911,0.0101933332437458,0.010174865715435,0.010198375046342,0.0101056515869156,0.0102178224985351,0.0100697562362003,0.0101379157121914,0.0101693821267233,0.0103066246748571,0.0102585962208043,0.0101727136326605,0.0101531009276989,0.0102139258951656,0.010047424332028,0.0100710823896875,0.0101994615720694,0.0102177555780543,0.0101938579192733,0.0102234151584607,0.00996498287283467,0.0102060471436766,0.0101795913950534,0.0102308661072401,0.0101641850123802,0.0101428088277226,0.0100972075825261,0.0101148464133886,0.0103162364398783,0.0101533245610448,0.0101320459344297,0.0101840886078548,0.0102622887278935,0.0100668514281896,0.0103167089309797,0.0101662657167703,0.0102563486798328,0.010032584876123,0.010277973721636,0.0102004284351703,0.0101827161099435,0.0101841331888035,0.0101239421007726,0.010113103370565,0.0102019574090531,0.0101123930408944,0.0101930987284139,0.0100977421601654,0.0101592293280104,0.0101708496919442,0.010228418479483,0.0101767199550539,0.010146708555081,0.010108018639299,0.0102784793660773,0.0101016750348592,0.0102710399347113,0.0101650316409975,0.0100223270002248,0.0101968294885701,0.0101376898036758,0.0102162772229027,0.010078099896932,0.0100774073722884,0.0101211083537112,0.0102516975849239,0.0100313575417944,0.0101131208440156,0.0101265215167812,0.0102286541069962,0.0101231888749877,0.0101913920190961,0.0101991264630634,0.0101432608106951,0.0102278912064958,0.010150317472124,0.0101512071618311
1680,0.0101846095539517,0.0100112034413137,0.0102046806614776,0.0100782490468448,0.0101353452496859,0.0101870244883266,0.0101749112381214,0.0102048856162403,0.0101143592474851,0.0100905380055979,0.0100751475058194,0.0101161811917626,0.0101916715314263,0.0100876029700898,0.0101528534628146,0.0102595948675026,0.010167459872756,0.0101965284068704,0.0103628338197492,0.0100832440042713,0.0101899607447643,0.0101689204049188,0.0101749670654124,0.0101597504616013,0.0100797285358715,0.0100924711890139,0.0101514918718609,0.0100642613752797,0.0102005153540559,0.0102071029826915,0.0100510919334202,0.0102460269026933,0.0101719033763084,0.0102050449029026,0.0101882250451609,0.0102373796921657,0.0100355368674628,0.0101306525567363,0.0100779721054852,0.0101669597050765,0.0102437917453693,0.0100713884820194,0.0100410146709562,0.0101360699795687,0.0101856432981264,0.0101290998824637,0.0102179510227593,0.0101444570286771,0.0101510528080064,0.0101421960179418,0.0100759115780619,0.0101145797205668,0.0101434351300443,0.0101452235566257,0.0102263300983309,0.0102469681313432,0.0101297778051671,0.0101435327598321,0.010141236447422,0.010104436227013,0.0103206857996699,0.0102564399987075,0.0102012395679745,0.0101697130331906,0.0102342224519284,0.0101980183261469,0.0101883286280956,0.0101107508234134,0.0100895104489304,0.0101111025985892,0.0102325996253828,0.0102796364116601,0.0100754102033221,0.0101256126534252,0.0100594695870319,0.0101271057878464,0.0102202222770782,0.0100792854776417,0.0101856371655599,0.0102460469714097,0.0101838894380776,0.0101090145046636,0.0102035044891928,0.010205727755604,0.0101994283242755,0.0100681027256476,0.010086273901637,0.0101622930364111,0.0102448530317872,0.0101580072639663,0.0102060637004889,0.0101568357453788,0.0101157291636021,0.0101577555836551,0.0101158423086176
2507159,0.00988041769033601,0.00990635840228143,0.0100526770972561,0.00992105371579972,0.00992105897000105,0.00987628069900566,0.0099383932467157,0.00981896568869687,0.00990705485516811,0.0100108883264139,0.00994228314689954,0.00995712943387362,0.00995113619164991,0.00988023568418195,0.00986876020195832,0.00995555179903888,0.00981778720325699,0.00992791812266427,0.00979045796282526,0.0100124354324026,0.0099296734822764,0.0100448181823894,0.00998415479314587,0.00987224627874863,0.0098902548421181,0.00996287014143346,0.0100059143077839,0.00983326407871692,0.0098338483170185,0.00985839497337748,0.0100749911835084,0.00997726633966896,0.00996007061674344,0.00994926267737792,0.00991061673330368,0.00989575990977713,0.00976468369549274,0.00987039149197941,0.00997785506389613,0.00992468801357285,0.00996962798521535,0.00986981697718033,0.00985573278983982,0.00986567369739118,0.00994264425976518,0.009831969873283,0.00993429184423876,0.00989025443413566,0.0100311367147137,0.00992728703168797,0.009988495746725,0.00981357328997483,0.0097711929341184,0.00980528383153066,0.00991947348742205,0.00997812739328574,0.0098660330924416,0.00992400133329111,0.00988478392522407,0.00992511806298432,0.00977288961842653,0.00980737379955574,0.00985057420107877,0.00988024707209479,0.0100128651253563,0.00979691366222109,0.0100515108662913,0.00995480800768323,0.00997635299323231,0.0099688725448468,0.0099380373009502,0.00987137382037921,0.0100074795937171,0.00995241694262399,0.0099075268755406,0.00990632314271679,0.00999198765464447,0.00995402622275271,0.00986444760884196,0.00994046925879455,0.00973000402088049,0.0098268079655994,0.0100121778695152,0.00997162214332627,0.00985388419805555,0.0100304926520743,0.00984257274571815,0.00987841512335283,0.00997385003874455,0.00985997877285986,0.00985295831552776,0.0099459021449093,0.00985968712306199,0.00985279301087993,0.00990564557543348
2742673,0.0100557851308357,0.00970146124028686,0.00992163954189271,0.00994070313218036,0.0098656498528266,0.00980913318150534,0.00988969836613217,0.00993944614179517,0.0097515765609304,0.00997730629951465,0.00983340152424679,0.00986512410931016,0.00972411407320923,0.00999052090739886,0.00994326412997097,0.0099395083424018,0.00983197270709062,0.00994227134395772,0.00980564767193542,0.00990389674559669,0.00993456916746426,0.00976087543907052,0.0098665521273816,0.00986605827481306,0.00998408511629741,0.00993972709722267,0.00977334099457189,0.00985098167165155,0.00989041403072124,0.00990482059591929,0.00989487244503901,0.0100336138528824,0.00993604834504019,0.00985956263197952,0.0100064576981115,0.00972474977252047,0.00998431535070053,0.0098110534714432,0.00982291202334157,0.00989088266127002,0.00985616698874515,0.00989890624358325,0.00988468308376425,0.00983829712676574,0.00994543277332014,0.00995440351790236,0.00983725054632385,0.0100572596270611,0.00987493477186568,0.00988204303458191,0.00990726499779399,0.00992175741936305,0.00978305197752843,0.0099006991439106,0.00975603898813365,0.00995193265470578,0.00986676673559244,0.00991487655517082,0.00989632609218657,0.0099459910767866,0.00983911380465665,0.00992336875874623,0.00989436250687333,0.00988368627163256,0.00997326450271264,0.0100415062022164,0.00996931810640134,0.00992809739944733,0.00986537164245145,0.00999724761791262,0.00995565598203775,0.00989617795154077,0.00998074094951094,0.00988482837255524,0.00984538482095904,0.00989729317768082,0.0099864714099935,0.00992951897723095,0.00984596187895891,0.00996454773185162,0.00989724806725581,0.0100442951383715,0.00980304530530561,0.00994906287523405,0.0100049128382571,0.00990740513856178,0.0100463955306685,0.00988143153565215,0.00995661863456265,0.00998412833099872,0.00995285453445587,0.00990378503986506,0.00978567856197229,0.00990621217551239,0.0098712769152683
1977566,0.00972749063321775,0.00985004163845836,0.00988756977749823,0.00988429029160368,0.00986621525198144,0.00985091385906109,0.00976989350120443,0.00985415363055415,0.00993792997742808,0.00990712847407145,0.00987800941370364,0.00980786547647013,0.009934920326047,0.00990275872272625,0.00982323002372837,0.00976224771175308,0.00979296257154814,0.00982785566564704,0.00988297710013263,0.00980879618191911,0.00976933979237399,0.00985238119175836,0.0097797130728603,0.00991699030720584,0.00976288137813555,0.00979077004902959,0.00976246652593,0.00987337938347457,0.00981364627641038,0.00982916402585116,0.00980918488984486,0.00986662031372246,0.00988101550441093,0.00982156741624307,0.00992317520455436,0.00990937664201771,0.00980348787485807,0.00986025145049538,0.0098791682657583,0.00989405191304841,0.00980367613628563,0.00982874977755267,0.00982099243713049,0.00989136555597814,0.00977493508738803,0.00978518925683143,0.00981983287746732,0.00986069599290991,0.0098424502970256,0.00989377295975756,0.00972954696333071,0.00979257284132888,0.00988121850353367,0.0098687731078291,0.00988211703044184,0.00988782447870747,0.00981467807188309,0.00992292782998284,0.00979533213126474,0.00977189116620849,0.00982368292631177,0.00984548642900404,0.00992953671972469,0.00980171868264901,0.010012357425066,0.00995410332781363,0.00982790571826772,0.00983461027062167,0.00972936508512197,0.00995645845038051,0.00988297892255158,0.00987338496614906,0.00975310114072838,0.00981547968347428,0.00987052900489378,0.00990903213222758,0.0098258107845341,0.00980970577690237,0.00999731379237637,0.00982095247434767,0.00980770007392099,0.0097252136115363,0.00979187294795218,0.00981200468040966,0.0098697510201779,0.00982762619461845,0.00993119134787048,0.00999270363380486,0.00993886506661765,0.00977303930637607,0.00989735663505136,0.00989125433092628,0.00983578373687152,0.00973310703442493,0.00988721600404056
33038,0.00989953357247579,0.00982008591302056,0.00989228712949131,0.00985449924096206,0.00982833350860707,0.00984494519083884,0.00987539907580208,0.00985453610818303,0.00985026668386852,0.00982661771727464,0.00987705010425296,0.00993119176258711,0.00990843441222893,0.0100336253432336,0.00989096086737624,0.00990076926418056,0.0100326975863365,0.00979463821065362,0.00986640650837609,0.00988322271001461,0.00991498642671282,0.0100071162413678,0.00985525915616583,0.0098008462333382,0.00995190178554026,0.0098113883975083,0.00982666096984825,0.00979983465808556,0.00984899984747459,0.00985358046437315,0.00993276150005683,0.00980446729914758,0.00987621105007028,0.0098619128515096,0.00988682173514449,0.00983969101231593,0.00995482417438288,0.00996503187916375,0.00985008664891576,0.00987257142877265,0.00986949158975411,0.00988350604372288,0.00988205123886203,0.00981934411633274,0.00979963335030343,0.00990433363935653,0.00983787260592586,0.00995873148964198,0.00983795776327112,0.00984266400006368,0.00984129078546423,0.00989821146179032,0.00982455862946353,0.00981544211573841,0.00980173393997551,0.00988093112644959,0.00984512426264278,0.00974311602584781,0.00994357683818928,0.009816483513877,0.00988926415927753,0.00999710841137447,0.00986493102265076,0.00985502627548447,0.00982196981620234,0.00977015076657064,0.00986466272890173,0.0098707481523526,0.00990490421511523,0.00985856444830345,0.00986591082524801,0.00987874802153535,0.00994388498046995,0.00987567575369176,0.00979509645308957,0.00982008697662323,0.00983408515151056,0.00992997281511099,0.00988582173401923,0.00989887916896872,0.00987047146140569,0.0098207875594327,0.00988474316845261,0.00989585705426185,0.00978689094909453,0.00987720310978324,0.00971186030754347,0.00980803216970202,0.00986054050215445,0.00980572854577398,0.00989180684511091,0.00988986202993308,0.0100026477597011,0.00982709771649976,0.00982993490376526
1912897,0.00970006349797372,0.00982188325654682,0.00981523704693765,0.00961300157512257,0.009882046428317,0.00984531823260273,0.00976602882814224,0.00971952150518716,0.00979458119550679,0.00967937344548582,0.00976145331544541,0.00978143841515935,0.00965222373570301,0.00973111763588868,0.00973442736205673,0.00963546527393811,0.0098986445751087,0.00974378679807109,0.00976629251651363,0.00965219036238483,0.00968244138028948,0.00978679552352287,0.00969209519273792,0.00966804214887481,0.00975154921941824,0.00985809526855188,0.00977825204492629,0.00973698734729858,0.00958889857464502,0.00973700056776817,0.00983133541431682,0.00960059175133877,0.00969407855370201,0.00960965595528002,0.00972157869237232,0.00975278422125107,0.00981435304508037,0.00980692234343119,0.00979144666741357,0.00980812997594538,0.00973664935545271,0.00973018849844629,0.00965097525644697,0.00977385689129353,0.00981477099531609,0.00968504949973978,0.00979992697020272,0.00982029945656806,0.00979925285707868,0.0097194997857194,0.00979552117566046,0.00969711625657457,0.00986672411714363,0.00967068656577797,0.00972635394642617,0.009667926541681,0.00970903345816271,0.00977639462840415,0.00970515895187025,0.00955319890796187,0.00974202786173676,0.00971706343847172,0.00977412412620795,0.0097145922943588,0.00969504474362658,0.0097565999333299,0.00978655408130447,0.00970773488150114,0.00975547834412923,0.00962979042171034,0.00975249056574686,0.00980969868343694,0.00974731981225136,0.00967502218630015,0.00972325592756176,0.00965167812870229,0.00973479274779316,0.00981605950722283,0.00981881096319318,0.00968830197732421,0.00965845341836296,0.00962738201132739,0.0097765109565912,0.0097332600653708,0.00974516708351355,0.00975696484426865,0.00965868914625208,0.00965821702550243,0.00968143833141525,0.00968714311349008,0.00980925371974671,0.00973462046919151,0.0098238320437763,0.0098385929797751,0.00983690825510312
1349,0.00955212319271801,0.009443242887013,0.00956416909086144,0.00967131597212318,0.00953658754470894,0.00947675296987874,0.00962149005561651,0.0096120452914709,0.00951064033900884,0.009476159128865,0.00956719315168169,0.00955534022394488,0.00963925104322069,0.00965345198573593,0.00960762017144934,0.00962920441281144,0.00966387448666208,0.00954407197607359,0.0095018534897321,0.00966511163462363,0.00958819944042318,0.00966662058651653,0.00960097259741064,0.00957807809165767,0.00952762576316423,0.00961614526089364,0.00951024901130033,0.00950498716811689,0.00955455510561122,0.00960494546364925,0.0096972664504076,0.00964054726070833,0.00960192038407682,0.00955207557679284,0.00959070620249676,0.00947003678119674,0.0096086908944441,0.00963416608111057,0.00953543308963574,0.0096109320875122,0.00954929738975104,0.00954538610012183,0.00960518115514831,0.00966435060879175,0.00972673363879508,0.00954361122968698,0.00953555163934477,0.00954146482767182,0.00953142872940778,0.00957957853540992,0.00965202726384324,0.00943174695095759,0.0095221530225078,0.00967866807479835,0.00957092440220497,0.009667926541681,0.00959348466190606,0.00961214862223902,0.00957567026625976,0.00966989803058371,0.00950927878003476,0.00958366923540266,0.00963163267210599,0.00946868952740813,0.00960518179224295,0.0096370138299804,0.009572648699976,0.00955886252089221,0.00961584494527096,0.00962411540709717,0.00960988936569445,0.00965752198685113,0.00964397856572467,0.00953562076053334,0.00959322457635642,0.00973610830178866,0.00969273138232954,0.00958550986416632,0.00952592768035862,0.00959505261803049,0.00958295216908066,0.00960932079282729,0.00952513291613889,0.0095391652304642,0.00975574496492845,0.00956036673240832,0.00964871955350994,0.00954694492734971,0.00960885756834601,0.00955151754577537,0.00954702614506041,0.00960269995008601,0.00959169338942661,0.00973851657008391,0.00956395135987823
29466,0.00915235191840344,0.00915986172437138,0.00925806536153262,0.0091420494341285,0.0091244115608296,0.00919771773048852,0.00919869482261344,0.00922421297578305,0.00926198533652229,0.00915842148974177,0.00920409452459741,0.00914425260355493,0.00913547815182374,0.00910008422839759,0.00911356129528465,0.00914124854875196,0.00925320415067842,0.00909215055134824,0.00901025926762127,0.00916583367531634,0.00916635456673594,0.00906770954424637,0.00925244814092382,0.00905400175834512,0.00923117649111944,0.0091305621150891,0.00920155441759503,0.00923320597838387,0.0091373829670535,0.00915100604324048,0.00927873811959535,0.00920889115948498,0.0092533790600915,0.00916428935432811,0.00928269317076943,0.00919850312063464,0.00919659050958424,0.00929428691284935,0.00916547678357318,0.00921724058881881,0.00917661233728845,0.00923635542292371,0.00921408900267816,0.00914840754700452,0.00927818131552509,0.00916863535094234,0.00916915853375575,0.00929415920274972,0.00924045077392533,0.00912839534204671,0.00923556504851166,0.00919756012969368,0.00911828671082184,0.00905248241256348,0.00916133753460058,0.00923984936646646,0.00926958121081199,0.00919777634524725,0.00921786309042242,0.00925718162131135,0.00901806248605595,0.00905672070650873,0.00919051932930672,0.00905311958326073,0.00911880491413265,0.0092409907285199,0.00915249564786784,0.00917391551984539,0.00914761970390466,0.00913854696925845,0.00915455657633789,0.00920166227901698,0.00924868023110861,0.00926737862307298,0.00920241211748512,0.00915909353598983,0.00922522964816013,0.00922788561470072,0.00901988082481016,0.00909290700718589,0.00933493934440334,0.00918111940422061,0.00905973440513482,0.00919779668310656,0.00922626323410497,0.009172299155084,0.00918753357814222,0.00916654182071317,0.00909765924428283,0.00918811057587312,0.00911414252970525,0.00916621358871846,0.00920877952987556,0.00923610594575588,0.00907581676622786
1502,0.0088880540696882,0.00881776733987167,0.00881620672484734,0.0088828039083323,0.0089219986633964,0.00881199254662556,0.00882575387211256,0.00878359874730927,0.00877845886827239,0.00880408805207453,0.00867983190979805,0.00875665570433012,0.0087873775702147,0.00886902891919316,0.00880500967422217,0.00883290113826368,0.00904467724432403,0.00875669526511835,0.00894466734191828,0.00883711650956122,0.00880407386283432,0.00880615232840904,0.00881241167630918,0.00880029359698673,0.00879330187828264,0.00863151392538009,0.00882620985479427,0.00877722868097201,0.0089040493980297,0.00878510335891098,0.0088619585143993,0.00875196405233557,0.00879127790623627,0.00882076559968006,0.00893369986443461,0.00885608235399659,0.0088659789013916,0.00883723393188371,0.00885320696337862,0.008763333306336,0.00874659112290854,0.00872849105419501,0.00885089440617157,0.00870785534893966,0.00875194897179538,0.00879621778715989,0.00882453751423739,0.00871333583266375,0.00877737421769436,0.00878236254936518,0.00869828755685122,0.00870182226620296,0.00873945615744593,0.00871290548333298,0.00886615481649808,0.00874904268570519,0.00869733955315997,0.00869376654201504,0.00880306646520776,0.00880983498459429,0.00877502615212403,0.00892332650343967,0.00877273582156194,0.00867824683364363,0.00866999785750477,0.00881312316894366,0.00878237297134485,0.00893273443959769,0.00868302130406714,0.00892218703713162,0.00882310513837822,0.00877596975773068,0.0088309792486441,0.00879179446597461,0.00885470397393051,0.00881956685063715,0.00874600589410741,0.0088743459061554,0.00879747438715473,0.00886613157003027,0.00886832406540866,0.00872808384017628,0.00885444233876543,0.00885387425634224,0.00883311864151795,0.00878537127695887,0.00879502701944255,0.00878245198793301,0.00884702063800057,0.00877879956766742,0.0087811551332782,0.00877323663338835,0.00869761480980259,0.00876074299972276,0.00883025517983028
36839,0.00866697473711506,0.00877762666778501,0.00868254841837671,0.00875793503649404,0.00893613364226743,0.00881870729837559,0.00865454885545775,0.00881687430102213,0.00883855508838555,0.00874682639082332,0.00880550144783779,0.00875078302403884,0.00895710363019178,0.00871253263413537,0.00864734732150853,0.00879494466768327,0.00877657122186837,0.00877309894659658,0.00878448495493835,0.00875080241100603,0.00876409243380014,0.00879594138604903,0.00871311141217047,0.00870842553855864,0.00881732605476334,0.00888187958547862,0.00874272199876943,0.00870268107296406,0.0088383927660533,0.00875759187888621,0.00881824037399412,0.00879089506146489,0.00880569126925822,0.00880118043692931,0.00885107834304852,0.00888491778697664,0.00861685606986615,0.00875611360001142,0.00884414875485389,0.00873551431850346,0.0089040636802871,0.008806176506824,0.00876562263133959,0.00888811953705798,0.00878501277537567,0.00884299840361146,0.0088550184347363,0.00874634275869917,0.00883543157698302,0.00865794155732352,0.00869581352388885,0.00869800400281279,0.00871507923488087,0.00867190955063741,0.00881712446671156,0.00886416166841183,0.00885103779326009,0.00875227247231569,0.00878322836574097,0.00882643851830065,0.00887275504830829,0.0089440398890094,0.00881939549167089,0.00885307281014701,0.00887003177188417,0.00883344941880476,0.00869966969741833,0.00879328935248379,0.00867214077948078,0.00884167276730738,0.00895579583031889,0.00885641558852494,0.00867199271552612,0.0087407510146206,0.00872970145951212,0.00872520371601121,0.00866946799957525,0.00872821010878494,0.008818848512332,0.00878864266582844,0.00877702022906728,0.00893127254830247,0.00883384330489503,0.00878023740011671,0.00884839780356169,0.00879733811855037,0.00888438410994615,0.00878546840023233,0.00871961267980709,0.00880175158681914,0.00863200452862859,0.00877776161161625,0.0088961967873849,0.00883850507482064,0.00876948740388605
2682455,0.00861627609317912,0.0085487649254402,0.00882197237728333,0.00882258795490776,0.00868905421160176,0.00874148765325022,0.00879792822606482,0.00879889785246461,0.00882532289313128,0.00882819822523293,0.00874458529771929,0.00871358938219403,0.00873818944455255,0.00871408594713843,0.00881253532351637,0.00867716221773788,0.00885317294256999,0.00878827235196395,0.00885352908725728,0.0087564877707911,0.00875797282731531,0.00876255945910282,0.00870610198176068,0.00882742561424269,0.0087724507062428,0.00874470445070195,0.00876622488260836,0.00885077340636102,0.00873637246098228,0.00874830675437785,0.0088456370753147,0.00863585402510777,0.00871571694251514,0.00880509746947946,0.00881075904061211,0.00873633520870446,0.00874180552742253,0.00876212251348344,0.00866727531471315,0.00875347341191434,0.00869329271887272,0.00876545153385991,0.00877509727298759,0.00882325812357616,0.00886109935951827,0.00878123337095275,0.00875673301761735,0.00889807609032468,0.0088091675334953,0.00864286022495483,0.00868344335907702,0.00858472885557101,0.00870387902721585,0.00880868359157748,0.00879444376068787,0.00885313230479922,0.00878721083913737,0.00868893577712783,0.00874715909398318,0.00871211132906543,0.00880203018922758,0.00872696360823863,0.00873002427738528,0.00872066362794281,0.00882332334517629,0.00872334889872378,0.00877012063446684,0.00875361624319223,0.00875882229201877,0.00868028953924556,0.00871298838158099,0.00862178191537501,0.00864308607314103,0.00872103768168388,0.00880549321394396,0.00877125653769469,0.00870118640631831,0.00870188751174305,0.00877956633633052,0.00870108458198457,0.00877789815057056,0.00886504808046875,0.00879962796050013,0.00878534515893004,0.00880020967711605,0.00876599639057264,0.00867760737159072,0.00876535898490353,0.00880733619200588,0.00881740069078622,0.00870207062662678,0.00882057486715708,0.00876564752434468,0.00883377173111903,0.00871917965494861
1329812,0.00837774312908706,0.0084846596730033,0.00857981497497183,0.00846002453007787,0.00837808467643903,0.00843111690569318,0.00843001135054478,0.00840915314863234,0.00849782606058802,0.00843726898902169,0.00850140035197064,0.00839842220656174,0.00846089814274286,0.00851487355449663,0.00845882980668865,0.00853081458890208,0.00841058522296066,0.00848111341628402,0.00854973490505396,0.00843655707015837,0.00849850151235875,0.00844405660318079,0.00845064718460386,0.00844948137387015,0.00850138546972478,0.00839797957016214,0.00850453605658091,0.00843357423688154,0.00850000858586726,0.00850448626265829,0.00848947995814717,0.00845588348290468,0.00842046138485339,0.00842945404792019,0.00851927031316201,0.00838910853656974,0.00838480707726145,0.00854542607139866,0.00839791279805678,0.0084309140086915,0.00832504920007979,0.0085224706027296,0.00858823628492985,0.00848168275777252,0.00836633738305173,0.00840443012437796,0.00846747530267865,0.00847588302148357,0.00850505755626899,0.00843214049769235,0.0085378877531245,0.00833081434012454,0.00852862871904543,0.0084262967503286,0.00843422078266447,0.00856430084519392,0.00855464596032238,0.00853113079081231,0.00851847991103875,0.00850812505781588,0.00838411056738697,0.00844691863533588,0.0084001763017689,0.00853609325274907,0.0084054860062569,0.00842421425493454,0.00849291151260204,0.00839537985038131,0.0084614212866583,0.00844513112121264,0.00847733852203491,0.00841731542877293,0.00845519289763797,0.00844469899676737,0.0084297672654335,0.00850532406738521,0.00841847886795627,0.00856392079621318,0.00831857844737199,0.00850583005501274,0.00845570095886587,0.0084436196487996,0.00842954362316756,0.00842397122288684,0.00846641875246817,0.00840756099242727,0.00836264208977434,0.00842852627814606,0.00835148722683003,0.00833679932006382,0.0084252748533468,0.00845996890991882,0.00853534759200965,0.00847268522588192,0.00845020753191678
1501,0.00824476307941901,0.00827796516748246,0.00842938386141468,0.00852467744849159,0.00832324095841942,0.0084299977804015,0.00832295990672225,0.00835101654904205,0.0083500665469153,0.00839292349196249,0.00835558531546651,0.00845568083940177,0.008316576938877,0.00845312936262519,0.00827746165869826,0.00820877154469922,0.00826731163424097,0.00843723356832974,0.00831015176590725,0.0084546468512927,0.00834551135023813,0.00841538741886228,0.00834083277485047,0.00826669725761946,0.00837673172383438,0.00838072748265955,0.00833826192315329,0.00832693438506748,0.00834445287318472,0.00838962583355486,0.00828662778666713,0.00834831095767892,0.00842089815342981,0.00832996142114641,0.00827735449854355,0.00841514052467672,0.00833591381126113,0.00833849411370592,0.00830971445189495,0.00832773725635056,0.00831293592643528,0.0082746984983094,0.00828346864525257,0.00843872260079106,0.00837749143727159,0.00843878463958459,0.00815084696525113,0.00830789254718389,0.00836786248699757,0.00827211080422462,0.0084797479785089,0.00845808978646362,0.00833295450277996,0.00826739216165023,0.00835116937384241,0.00837335498765056,0.00829493628492646,0.00831857713577509,0.00831288506201931,0.00839284909522601,0.00830631322239818,0.00825138427555763,0.0084055601098584,0.00845985766299513,0.00834506967171084,0.00843607123402018,0.00838774562106585,0.00836984765133229,0.00834971456757169,0.008355394952642,0.00843164006796406,0.00836703678452651,0.00835618764746904,0.00836690173642781,0.00841611756558322,0.00837529257086717,0.00835711064621427,0.0084037160245617,0.00829489360595934,0.00824271801306192,0.00835298414298181,0.00834955080244489,0.0083520353940281,0.00826052294086024,0.00827954284747165,0.0084269358788135,0.00838258127525861,0.00834909408759728,0.0083044924881521,0.00836670649653425,0.00825253764145027,0.0082737486520786,0.00839192727486688,0.00842535178886582,0.00845219991801331
1686399,0.00822564719727923,0.0081479573190824,0.00819404041198207,0.0082026805607056,0.00835377251278085,0.00827966194955356,0.00834382914125805,0.00822862370779933,0.00824696569222575,0.00842521390244249,0.00822176164709595,0.0082574778795709,0.00822847073576788,0.0081991626866257,0.0082827296132042,0.00810272820936633,0.00826731163424097,0.0082276765374453,0.00830324735267536,0.00823756947768083,0.00829165881317168,0.00826693602608974,0.00829059852358031,0.00832286529334233,0.00828471459504984,0.00818169730244677,0.00817304015765875,0.00822664612317337,0.00827021037394987,0.00826926310844647,0.00828079870127978,0.00826566793829913,0.00821081246817049,0.00821793429021216,0.00820332561538162,0.00824292891104589,0.00833203339332459,0.00832234515874986,0.00826776064399095,0.00825625302179354,0.00820230136048214,0.00830857893800222,0.00835189661271034,0.00825635252262463,0.00833446865670928,0.00819684113887411,0.0082995192101336,0.0082251289117518,0.00830496701443486,0.00829724635817243,0.00833831576082699,0.0082385396415287,0.00827431812147482,0.00827102012029585,0.00823843292331286,0.00826581869242758,0.00823441072498249,0.00829012929810596,0.00823569682045763,0.00833070444049649,0.00812564335511016,0.00822735674829674,0.00820958949540079,0.00818644129974229,0.0081201584431066,0.00827820402676561,0.00815086710809114,0.00822411771522171,0.00813319212830315,0.00827204317551118,0.00836006417604586,0.0082195527614037,0.00809385986782438,0.00832641899914705,0.00824513711482702,0.00822629814777357,0.00831367021958791,0.00824532660443037,0.00816722653395453,0.00833465400109798,0.00822612448575748,0.00823290543296504,0.00837438010873497,0.00818858867090582,0.00829776030990842,0.00824458400694305,0.00819426674568492,0.00826396422937201,0.008108158913231,0.00833888586725943,0.00818455271467975,0.00834858483046299,0.00821586964196405,0.0082191132418671,0.00825794227360143
1338,0.00842013051991875,0.00828874922864007,0.00815630159603742,0.00819127122216201,0.00815927520351543,0.00818752063387257,0.00816605418039753,0.00814792092810492,0.00812567056906158,0.00816947385144086,0.00818147065016718,0.00816204682483752,0.0081554993405548,0.00818712451085203,0.00818715386716777,0.0082130758867238,0.00822049947158998,0.00807799294395641,0.008170682618623,0.00823808632857038,0.00815906733933381,0.00818878304418039,0.00819441356184596,0.00819196521008987,0.00823666624208845,0.00811984225701066,0.00822320302913586,0.00815577575143487,0.00813435165086025,0.00826616806694368,0.00812982538974722,0.00815741241291321,0.00809288495253636,0.00824770373759329,0.0081808525615646,0.00822290430480975,0.00805031505113227,0.00815860226663727,0.00811901532505858,0.00809779043287401,0.00814335009541222,0.00823739579198094,0.00819661776347926,0.0082424536483071,0.00813728091246537,0.00810364537953699,0.00827712506446093,0.0082477903833582,0.00802297412646137,0.00818874455029771,0.00808060399391388,0.00822963036028497,0.00819064598185962,0.00818612588798823,0.00819240443167654,0.00814242768701148,0.0081324343270163,0.00816882342427159,0.00815381957356743,0.00817036174356079,0.00816229169117926,0.00813207517467598,0.00824763507256655,0.00817898970074378,0.00826028372323023,0.00821519265219618,0.00825603299962733,0.00813612982926815,0.00817671422664858,0.00821706647144616,0.00812881898677167,0.00812435852829716,0.00808301987692997,0.00809725150375768,0.00814420117646045,0.00822900713728436,0.00819162330668527,0.00813504399958247,0.0080493800059501,0.00819806339030154,0.0081370154531743,0.00834729315013237,0.00821657056111768,0.0081851834983636,0.00829423434943679,0.00811237889983697,0.00812447959648997,0.00824821185403112,0.00820371488187611,0.00815700850337534,0.00819218367584787,0.00810353985566016,0.00813082874878644,0.00807508435494668,0.00818272969845735
2850492,0.00813173003720117,0.00789932479794863,0.00796760751631418,0.00791301013212648,0.00791784976439817,0.00793049485855189,0.00804199817510138,0.00778380222540784,0.00794427922578426,0.00795592660346644,0.00792389606265826,0.00791147913240937,0.00788793755810685,0.00799529035497474,0.00793504461581184,0.00791372846410511,0.00795877692585946,0.0079192873256545,0.00802914214736918,0.00784372909984215,0.00790163589320552,0.00787185110246759,0.00798880360315876,0.00799537708505983,0.00796288128747828,0.008012542688397,0.00798431550832528,0.00791675539392059,0.00787223017396987,0.0079257135016371,0.00792988776096087,0.00790231185309213,0.00782077812942501,0.00794922585727195,0.00793695383043288,0.00803347152981584,0.00798046752827467,0.00787843667600427,0.0081180618294244,0.00783403825709463,0.0079539792507698,0.00790475147499692,0.00789816655156732,0.00802765286339976,0.00795921440402693,0.00782990567858208,0.00798662323031819,0.00804285185752634,0.00792655744049985,0.00791895627125787,0.00789216514994701,0.00789998695426675,0.00787901667447387,0.00793108039520079,0.00791690056144754,0.00784187752856778,0.00795709361396651,0.00788219804096381,0.0079889830016343,0.00804227734068316,0.00787360567547706,0.00789014283122154,0.00796624136975563,0.00794111173271458,0.00789423181392175,0.00802751361181199,0.00795278766189676,0.00796997413391835,0.00787496101145357,0.00799148464057295,0.00787995511640993,0.00789508791053351,0.00792475600987162,0.00793989686406636,0.00785181023756225,0.00801048198341376,0.00805992296564345,0.00794670127936898,0.00789571737629725,0.00806497510285886,0.00803078695127711,0.00799058408475528,0.00797601574185151,0.00796810374879702,0.00791754423905072,0.00798245319112927,0.0080790625628869,0.00792243932570449,0.00796143089580327,0.00798869369626272,0.00792510003496368,0.00790861771661245,0.00793868229825542,0.00784315051356779,0.00798847205404547
197614,0.00733301861388245,0.00741284381683871,0.00735854495898525,0.00753713581232906,0.00751472016699629,0.00739816426147989,0.00754500121930435,0.00733247862332532,0.0075362865387775,0.00740871178053198,0.00741881963687259,0.00744166470910657,0.00732362543512573,0.00743182606311654,0.00747108833682398,0.00742107695420063,0.00736724141599699,0.00739888053075752,0.00740360230855961,0.00746074259068407,0.00740105208274687,0.00737465675524528,0.00743583742638638,0.00745178473933509,0.00739944635605371,0.00746257980142427,0.00745146654487262,0.00746846686325395,0.00743334084175843,0.00739061521515525,0.00738195373454928,0.00741738173937602,0.00740016999032994,0.00737498888542014,0.00739958345533778,0.0073862762562637,0.00745971544119188,0.00740110361207055,0.00731903248798,0.00739316012081188,0.00739757621469889,0.00746841247895306,0.00752444457545184,0.0073672457443121,0.00746724094111536,0.00748380221155364,0.00747777847586689,0.00741030121529531,0.0074855979735217,0.00737351475059037,0.0073957092021656,0.0073113380149485,0.00740729028105274,0.00747468319758117,0.00738523812906856,0.00750892861451202,0.00748756199743152,0.00735510791660382,0.00739961110111191,0.00746162804763791,0.00741067932513054,0.0074477049154521,0.00749928574812679,0.00748025899465319,0.00739617782913448,0.00741467717849971,0.00731260306002114,0.00739451764765958,0.00737191809141091,0.00746441765837547,0.00724348026212193,0.00746671386155407,0.00740082311664192,0.00740939699378713,0.00737442994542994,0.00731246568613286,0.00736556567020304,0.00735761971108681,0.00754102243416625,0.00741573191115656,0.00743248344679006,0.00745552048668963,0.00742228578052183,0.00736240868284947,0.00744095191530173,0.0073049020172106,0.0074413778715658,0.00747869156078222,0.0074100259619823,0.00741072012307846,0.00742215032161033,0.00735691844805777,0.00745831617192786,0.00740227335736069,0.00741914772696142
1303,0.00740781989182073,0.00754165343622126,0.00745341614906832,0.00736599573417509,0.00743895668024755,0.00742091980907723,0.00743022042935745,0.00739367504394668,0.00734772775640411,0.00747027882984719,0.00744424133731575,0.00748130530107274,0.00734254394499578,0.0073529954282115,0.00737927541543465,0.00743985953758062,0.00738851967174744,0.00744440074685962,0.00746367070367708,0.00747366386292287,0.00739411652873074,0.00734009664264215,0.00746114925842173,0.00738514469695203,0.00749690292102256,0.00754463241271706,0.00740761788099402,0.00745208644714458,0.0072626335986198,0.00727747425355337,0.00725254803894995,0.00747611975315008,0.00736522850421613,0.00751952738652063,0.007468324561131,0.00741230824437068,0.00754663680297023,0.0073853302142065,0.00737290499131127,0.00736921466293071,0.00749892393752458,0.00742084297271769,0.0074812823190554,0.00739462231493754,0.00740549528382686,0.00736977445895293,0.00734714595944296,0.00745808736194361,0.0074672822589842,0.0073739336764895,0.00741179041642098,0.00745515926931166,0.00746460899086788,0.00742316618481329,0.00743626971762187,0.00743861642148162,0.00742373504330879,0.00741200359194207,0.00741980989329627,0.00742415150012927,0.00743704040896971,0.00744521930918374,0.00740991453384118,0.00753815218687235,0.00730885337920236,0.00742788924090942,0.0073723332023014,0.00741219378546275,0.00743212366078877,0.00735730175755203,0.0073959919702861,0.0073909607042228,0.0073473458282295,0.00741854961265061,0.00752996468319765,0.00754092380154304,0.00748485446078019,0.00740572652637025,0.00749076435604671,0.00743937259379441,0.00755056388898156,0.00730802053560543,0.00741285910400487,0.00741263497784722,0.00740099102995656,0.00743995637231465,0.00738082182676171,0.00741635237326292,0.00740741514316686,0.00742323940625213,0.00757268837374505,0.00752155804050343,0.00737695272277956,0.00721970152887002,0.0073842809702721
1827481,0.00743192252582306,0.0072930209150875,0.00723222475561496,0.00727281946940237,0.00717604607324633,0.00719075304075668,0.0074105105967403,0.00730647014456124,0.00725675641403098,0.00724166272364876,0.00718714640453216,0.00720284237726098,0.00724524875137835,0.00730678436637062,0.00735632218508732,0.0073283379487619,0.00722538637766067,0.00731891258355113,0.00726689492656811,0.00734083318430799,0.00742879429881141,0.00721206713458965,0.00737119490149609,0.00739847270542864,0.00732510739486816,0.00734896849348039,0.00719328561195546,0.00726922751629099,0.0072136436501451,0.00727128417054779,0.00725429676456616,0.00724833919973554,0.00725428928580476,0.00732759279156334,0.00734472276513742,0.00723328826461956,0.0074154786767154,0.00734401893408635,0.00736956775659163,0.00725899512886002,0.0072736170477368,0.00727676554735733,0.00732495073186343,0.00727121715811823,0.00735689547615462,0.00732409026319944,0.00727249880720071,0.00721570814389246,0.00736326282359202,0.00730229734773824,0.00733509539458764,0.00732915657743597,0.00739543123764271,0.00740901714609535,0.00732886990380379,0.00739174162612801,0.00721391310216971,0.00736047543314517,0.00727409003539478,0.00730413167076616,0.00732709540076241,0.00731596778322862,0.0072889583120972,0.00727505342223282,0.00725554484872054,0.00727984638775438,0.00731158203194797,0.00742515628651841,0.00728596194717868,0.00727182184994126,0.0072842234621369,0.00731319640112168,0.00732349784826181,0.00724112961622013,0.00731839433551824,0.00725377091339902,0.00725179312427685,0.00731858965340401,0.00735558745627692,0.0072695099111373,0.00732537702338958,0.0072335180092925,0.00728856662844789,0.0073521931652228,0.007275231773135,0.00726672209403772,0.00731583485185001,0.0073674194626295,0.00733326788880836,0.00734812370721013,0.00713564241593456,0.00726815925974141,0.00731213777176311,0.00726230162218451,0.00714320225259172
1328,0.00683683680355855,0.00696051236272789,0.00697643944754567,0.00693053931309443,0.00700981872172297,0.00695200631186664,0.0069598897176895,0.00693125959062654,0.00685041775143101,0.00688130174269193,0.00689743495042529,0.00688963276172578,0.00692255302588052,0.00686331350399842,0.0069081697696173,0.00692920805193697,0.00678634503400975,0.00690184898196702,0.00694791103525462,0.00676351074067834,0.00691393140655483,0.00697721546030928,0.00689260656962759,0.00689343638422554,0.00689312550456437,0.00691598317542764,0.00691195258451041,0.00698140020465491,0.00698788584634934,0.00691638607822821,0.00696808867204691,0.00698572563815266,0.0069088053418544,0.00694411530490377,0.0068205718334641,0.00700901267477476,0.00676900104848893,0.00700639310837714,0.00687565701808543,0.00696777610433459,0.00687872432692595,0.00700743316313261,0.00692859488958884,0.0070092444361332,0.00697765763267947,0.00689977545304103,0.00703549409883159,0.00690189602621243,0.00686355483828606,0.00699899499676799,0.00701800683657775,0.00701733173390522,0.00688022168505148,0.00689094465150011,0.00690994392195436,0.00693333370097879,0.0069054161572432,0.00692463308998803,0.00690474069259494,0.00690659563516818,0.0069072469191287,0.00682050360040068,0.00687763537405981,0.00693399946807047,0.0068463384147363,0.0070186540770392,0.00693073856065673,0.00700367860067837,0.00690478090250325,0.00692458189329838,0.00691202882416226,0.0069330898506188,0.00702431409957616,0.0069918967640916,0.00695667728948571,0.00697474499378738,0.00696287981068248,0.00683162160812914,0.00696565409155635,0.00695430080929937,0.00703654084880963,0.00704763796889557,0.00688950398922985,0.00683035047312744,0.00692498636628618,0.00688435301270936,0.00693071317666303,0.00690858963621062,0.00698863980517026,0.00696419902321771,0.00687480228873337,0.0068762265301562,0.00698346621164426,0.00691879610783909,0.00690660640362853
885040,0.00678780041024345,0.00686285669780065,0.00693922478182247,0.00687792958536562,0.00688543090765788,0.00686359541382455,0.00681109980479536,0.00695879797990616,0.00695296726465162,0.00684169217250312,0.00684467293063761,0.00683041656878866,0.00689228341008843,0.00681943241166212,0.00683855751364588,0.00695933844610905,0.00688635283603685,0.00686986180308447,0.00699762281052426,0.00692373451643948,0.00697145570751218,0.00694736809033385,0.00687079945279713,0.00689200838331733,0.00680518795291805,0.00694165091537052,0.00687792602134062,0.00692289871855002,0.00694142115295066,0.00695008764125855,0.00691854144625438,0.00697548063575021,0.0069376320678983,0.00685167333672026,0.00702282931781723,0.00691729997821323,0.00701346737849053,0.00685842361412861,0.00696480885988143,0.00694770417640478,0.00687307146589185,0.00689518281748368,0.00685490323232664,0.00678517773501417,0.00692029392526306,0.00690123734730514,0.00686816006588855,0.00686642589674153,0.00691124481198746,0.00694579140757845,0.00693059100524083,0.00685187365366442,0.00690525744336154,0.00690255411916611,0.00685257507730619,0.00684578812730367,0.00689257740210357,0.006944492901191,0.0068809349732348,0.00688145314126998,0.0068403797796342,0.00679813314398537,0.00693470373980845,0.00684114108055064,0.00703367982185812,0.00688179066130776,0.00678626308830361,0.00697343276488183,0.00686524832983948,0.00682207694184813,0.00686302686738749,0.00694046405177494,0.00695204749361344,0.00691339545614716,0.00689345762702123,0.00684245600601034,0.00686358740696509,0.0069468964296574,0.00692059512496642,0.00686017586916721,0.00695533310975599,0.00682262528841508,0.00686122395967896,0.00683801211134744,0.0069931549354044,0.00693222037907535,0.00689821968920718,0.00688010129782815,0.00696305378077894,0.00686960888368334,0.00695249934789968,0.00685081703703033,0.00687773969580183,0.00685996740754765,0.00682740905629138
39778,0.00661243296974371,0.00665077016170101,0.00652200120554551,0.00656036966256881,0.00657954996488871,0.00656031245978143,0.006523954596275,0.00653233542370107,0.00653890982148666,0.0066457970155911,0.00654728700092525,0.0066601088403414,0.0065533718189877,0.00658371716344853,0.00663160215805519,0.00657703461356204,0.00657001610054685,0.00666973688905001,0.0064625307850525,0.0064802764532038,0.00666302754067702,0.00660805062113948,0.00660833522523052,0.00659117619198806,0.00662160698169766,0.00662900942721386,0.00653730960033171,0.00650904249113368,0.00656212784053317,0.00658005823492534,0.0066090170121857,0.00659641554685945,0.00653143729182518,0.00657826446471988,0.00658857060141197,0.00658449102256853,0.00667431885083751,0.00653995120011147,0.00650808445110832,0.00659943861986832,0.00656983584899109,0.0066159258600156,0.0066348809985009,0.0066322901175213,0.00663188195186388,0.00640638613890335,0.00654157877482873,0.006503842351039,0.00654769515739419,0.00659556935590562,0.00663411938858399,0.00664123278997324,0.00657649840660575,0.00662175011999473,0.00663477359151982,0.00662106484369668,0.0065785781335458,0.00659023680946229,0.00663746738886967,0.00654653614707885,0.00659927230549539,0.006504831604318,0.00654096790819674,0.00646798793070242,0.00664985840238903,0.0064718779557755,0.00660554111935308,0.00651228196975024,0.00659432326763914,0.00653300588499015,0.00652331667266803,0.00649197854509693,0.00664852774857002,0.00659516593874011,0.00658562097513456,0.00651647426821163,0.00665603870197247,0.0065280040663874,0.00667508152495718,0.00653883770146021,0.00662128397775698,0.00672404113743534,0.00654351004744062,0.00653878257419977,0.00664232186847697,0.00667920715685509,0.00649722051446791,0.00660058042475777,0.00664401172153215,0.00660983375782977,0.0064627303856549,0.00655077617299618,0.00661158468418111,0.0065624429463036,0.00672778975146478
246787,0.00651934693497608,0.00644467477068892,0.00641821946169772,0.00646275643280692,0.00637770246661035,0.00637901416253057,0.00657071714032744,0.00649255775029718,0.00649811055278598,0.00644861024225988,0.0064259343554136,0.0063973063973064,0.00657283085771119,0.00653867108635993,0.00647243467548271,0.00645925216361665,0.00642248686067707,0.00654465881777847,0.00650050505782791,0.00651128750657693,0.0064068200158457,0.00637516258962066,0.00654096681073642,0.00645789610722192,0.00640130981623318,0.00643544942108727,0.00652117329202438,0.00655316932636709,0.0065000065656632,0.00646279055131974,0.00648194295074131,0.00648850152155361,0.00653624174616583,0.00650070722022693,0.00656609754759495,0.00646354240090223,0.00646788061661393,0.00647610649447124,0.00637268807105449,0.00639590222787836,0.00650402039552261,0.00648245746122572,0.00651697434688137,0.00649793433245181,0.00655818552219697,0.00649409979475004,0.00654157877482873,0.00650926139859706,0.00652730596573925,0.00652100054586045,0.00647289490720315,0.00656741303109657,0.00636567096820525,0.00643962659598436,0.00646133289839744,0.00643011898615332,0.00646376298043997,0.00641686602517687,0.00645279271746976,0.00648866097244525,0.00629194064512645,0.00636315204702104,0.00644477720366443,0.00639289874079441,0.00645693229207388,0.00646340868500004,0.00644370816975613,0.00650010507481916,0.00644816155402906,0.00648689639125821,0.00650679915914845,0.00647186708739836,0.00652639718449303,0.00649765534546384,0.00638195308526321,0.00659368046926922,0.00649193042360622,0.00651438892998643,0.00646134027318443,0.00654277781523318,0.00652734637690575,0.00663448759570564,0.00648729912450615,0.00645918666602536,0.00650069578953307,0.0064187858898401,0.00641340208659884,0.00641021129297843,0.00653070218494205,0.00650341985085361,0.00651545339008918,0.00649334375702677,0.00648655158718484,0.00643126170657326,0.00649169199902572
42895,0.00629411197585082,0.00626613864707962,0.0062641192965904,0.00625295137403298,0.00634377851731987,0.00618204811119629,0.00631371638169212,0.00629558177142219,0.00635145372205112,0.00621181389873986,0.00620721180065742,0.00623042439902905,0.00625824306501481,0.0063258672049414,0.00626246906017434,0.00622094813698295,0.006197646624914,0.0062210962006203,0.00629130133690153,0.00633452450235012,0.00620324110678387,0.00623495849644659,0.00623255187270563,0.00629034400065878,0.00625761804369771,0.00639337115888584,0.00625387183702048,0.00627135931044466,0.00627374371085223,0.00625232772913022,0.00636186379176175,0.00624364596413498,0.00625933046871383,0.00631268965781979,0.00623098465685299,0.00622364761819324,0.00620013177899312,0.00622898992793435,0.00628878045524649,0.00632547441058079,0.00626538890472587,0.00626480130319913,0.00629695211305563,0.00625322990886129,0.00625822113549865,0.00630990111747198,0.0063275902717343,0.00627328650947816,0.00622734294274784,0.00630315907831275,0.0062852807408904,0.00619576872778646,0.00635974144650023,0.00633332740766755,0.00629923255828691,0.00618264764009532,0.00631666752869737,0.00627623709179366,0.00622772046170111,0.00627566135432652,0.00620192718811462,0.00624798562325334,0.00621004317096247,0.0063298467492686,0.00632848411862722,0.00624286887400706,0.00626604928502509,0.00622553573427658,0.00631723257483988,0.00615384397114823,0.00628491389420202,0.00623187035886215,0.00627346406362352,0.00622518892237417,0.00619409011100798,0.00615166368075823,0.00619819039594225,0.00626795496112879,0.00630825532259043,0.00631512679723912,0.0062885517280129,0.00631540606887044,0.00628130878580217,0.00636213924857206,0.00632322244579423,0.00628999988033158,0.00627235081150639,0.006274472739509,0.00630460527552493,0.0062245180423736,0.00634826596813311,0.00629563701599267,0.00631095363478568,0.00620879455259759,0.00627352572145546
823,0.00631572123392188,0.00630987400621881,0.0062641192965904,0.00629732102392475,0.00627819221535828,0.00626262513219668,0.00634192849504607,0.0062512143664717,0.00628584408724868,0.00622731329577026,0.0062340724652766,0.0062705543810195,0.00628689109424661,0.00621674696647679,0.00618796513216169,0.00631368714242168,0.00625013298909844,0.0063150072770832,0.00622570941119854,0.00621461509597404,0.00622119195247269,0.00628836957956052,0.00627032491435839,0.00622370395827572,0.00624492602593433,0.00627302732898973,0.00622791342800435,0.00622455812156074,0.00627677401694345,0.00625783002513518,0.00631872855989531,0.0062450119644553,0.00622176837114148,0.00625824290537272,0.00619463118744311,0.00621844122057184,0.00617219276985008,0.00625227446763843,0.00631071085483267,0.00624589097703454,0.00623227929009756,0.00622031183693584,0.00617588724755344,0.0062250109822166,0.00612716099841533,0.00627810491722755,0.00620317835133055,0.00629299213696199,0.00626259205374453,0.00633792992794056,0.0062304396768913,0.00628931618084568,0.0063030815724301,0.00626693576445261,0.00626454441966244,0.0062191824070621,0.00632473760335656,0.00617693803577879,0.00624719786845032,0.00621446547295166,0.00636716617705776,0.00631178285080811,0.00630156790848388,0.00633156634903748,0.00615535831963389,0.00625777479057187,0.00617109367422057,0.00630802437735805,0.0062573896896149,0.00625883174149173,0.00629922907258566,0.00623321112270872,0.00622938143398626,0.0062220207081522,0.00623539841318647,0.00628079218077268,0.00631610012535666,0.00625343214896775,0.00631980890376733,0.00619298327027692,0.00626660369043083,0.00637034227514159,0.00627502433479086,0.00620294743222323,0.00626680707824811,0.00626264709955102,0.00628342813677543,0.00620140853048101,0.00620800497935364,0.0062502521244528,0.00627473125142213,0.00627684095258449,0.00633117957694684,0.00623584223089251,0.00627701239712439
182773,0.00633982386792421,0.00622420063146669,0.00617344130827895,0.00622569573195661,0.00620751732100311,0.00623688525048822,0.00617458815145345,0.00625044941121394,0.00624008274532766,0.00623334083905986,0.00621392696681221,0.00623580768929606,0.00615662364056993,0.00624004666152261,0.00616501190181436,0.00615090475312838,0.0063019100780912,0.00626128522024198,0.0062802542757305,0.00626268222870238,0.00612205432741853,0.00614345274375876,0.00620957651747354,0.00625702397946725,0.0062526318938621,0.00622716202319017,0.00629701892227702,0.00618544569942204,0.00625000631313769,0.00617735894606271,0.00618349377890862,0.0062900899750261,0.00623225081697562,0.00622377301893141,0.00605714897585667,0.00618359840572095,0.00621875778508848,0.00621246541588629,0.00619772162218212,0.00618673161050459,0.00622703020485161,0.00617548014400898,0.00618904647206455,0.0061871049613506,0.00629566688895103,0.00630551543467964,0.00614532680834281,0.00620776529809442,0.0062152476595627,0.0062704828581806,0.00612735497012605,0.00624858803801718,0.00624708053410496,0.00626693576445261,0.00616381540173367,0.00617161827648271,0.00621249020127867,0.00618069529735773,0.00615125360557458,0.00617366821870175,0.00623214599154002,0.00626207072544076,0.00622619459523095,0.00627138035712648,0.00622034395679267,0.00619916743680569,0.00617262521633032,0.00623731982614536,0.00626137921529657,0.00624180669765225,0.00609220956980687,0.00627410442002913,0.00623010410004589,0.00622307677955953,0.00614128732474504,0.00615888765278701,0.00619887992652362,0.00627703171872944,0.00631056603882581,0.00616627805470454,0.00616695959980826,0.00612651582539016,0.00627048556461603,0.00627488170217765,0.0061457491020554,0.00618742695240445,0.00616896244232868,0.00615783813060194,0.00611244901070853,0.00622625683170328,0.00616581662384079,0.00625491221194163,0.00611696846224,0.00616957541906997,0.00622172368294562
400065,0.00618440343487468,0.00621880860088789,0.00620489032156616,0.00617562141279304,0.00609330669172516,0.00615071260302947,0.00616260766496067,0.0061261441818268,0.00619707811075127,0.00606586124337024,0.00621632524043892,0.00625783024038838,0.00626635099781626,0.00618723401941874,0.00616162535963197,0.00619433947719462,0.00609763882288689,0.00612062365156612,0.00614768954167815,0.00618567144615913,0.00615754804503051,0.00623967123907429,0.00615778461500119,0.00625226397643989,0.006056812191227,0.00608662062743738,0.00611846716296338,0.00617675405005788,0.0061525314672035,0.00615672533604413,0.00616717233982402,0.0061159249341844,0.00620822854527237,0.00621319703104601,0.00618471660487678,0.00612913147675864,0.00614270159353243,0.006132096198198,0.00619533788309667,0.00613461502570439,0.00618342241973139,0.0061535776375409,0.00616799171284677,0.0061037117154454,0.00614309536158655,0.00615749864043833,0.00610551499381362,0.00619939040641379,0.00615753587979362,0.00622230637978062,0.00611952053241189,0.00607422067653264,0.00607907741912956,0.00621360477236192,0.00603306780230296,0.00619023032757899,0.00611418201906665,0.00612326287036535,0.00619814365885971,0.00614425624470762,0.00610291238540162,0.00615104697878701,0.00622152862822006,0.00619399836752662,0.00609900358741025,0.0061625801870557,0.00625890208851292,0.00624753270576497,0.00616272912571358,0.00609035474516347,0.00614176211036562,0.00616885445807331,0.00626045607455023,0.00609986844870503,0.00611757995132086,0.00617288409859277,0.00614923372466492,0.00625433982472781,0.00619271951082137,0.00619342106069614,0.00616388687454677,0.00602868422518125,0.00621846427568909,0.00619060368175768,0.00607229159222972,0.00611163695565829,0.0061394229082779,0.00619604601972667,0.0061098381918931,0.00612227722978866,0.00613529277916831,0.00611811863935993,0.00611145229619605,0.00618512783408954,0.0061549787487118
1334,0.00605557901175876,0.00620742542522152,0.00620122127001599,0.00615090117928191,0.0061430618173512,0.00610296325725147,0.00615024071116168,0.00624126994812073,0.00602395688950786,0.00621009174351426,0.00607434744173754,0.00616533552580064,0.0061631099868111,0.00616432265262368,0.00617216126864386,0.0061207743589563,0.00609763882288689,0.00619895123062469,0.00620361528885648,0.00624976095646358,0.00608778453110351,0.00618468924175113,0.0060549796356576,0.00612564789591206,0.00608718237658939,0.00608241280121724,0.00618862502516913,0.00616806240069373,0.00608990514131832,0.0062371964151166,0.00624469917547587,0.00619617745300361,0.00625670985725529,0.00612310528239259,0.0060730123079628,0.00611992015789002,0.00611941908591323,0.00613735399748602,0.00608711612861703,0.00612475513128273,0.00611397298416957,0.00609095015810872,0.00625273711869831,0.00617615433310042,0.0061502658250136,0.00612935717585418,0.00608374290774296,0.00615357482251388,0.00610708126993562,0.00603504650286943,0.00619745257072642,0.00622376932598106,0.00619107949577983,0.00612399419381498,0.00616181416296688,0.00619367700370793,0.00616443657489891,0.00605294840367374,0.00617361655406441,0.00607452140314091,0.00621221444034455,0.00609636364088292,0.00612354332099125,0.00605241798655502,0.00613809650976358,0.00614360902051867,0.0061210632986354,0.00617525694230312,0.00613153828856602,0.00616235649306797,0.00621994500769166,0.00611120161267075,0.00616940015103721,0.00616288070934204,0.00613302566430934,0.00604646458808912,0.0061002770533876,0.00610684251371725,0.00607602834093463,0.00608090892295677,0.00610067652631043,0.00610168164995251,0.00618424893129419,0.00625317372722099,0.00611577843804652,0.00615551537482712,0.00609843680478245,0.00621112808122327,0.00610879386436692,0.00617583194114268,0.00612835554174274,0.00613413010078171,0.00611512974022535,0.00606882281742141,0.00609819574496063
2027919,0.00615697629963065,0.00608041314936524,0.00615614435097099,0.00621111713270645,0.0061130956621446,0.00615332389537671,0.00614637603809949,0.00615062275007535,0.00625827701380228,0.00611709536133185,0.00610312672525809,0.00607675593140709,0.0061631099868111,0.00619383559968173,0.00610029131788418,0.00613760042323421,0.0061167892530623,0.00604270616454451,0.00620775793679562,0.00605284076754424,0.00611797458976198,0.0060272050922755,0.00615817402780174,0.0061932399389006,0.00601510984714731,0.00612070401982054,0.00614021610024717,0.00616137651656745,0.00618283452811568,0.00613918676752834,0.0060902284127109,0.00611421743378399,0.00611344976418865,0.00615875027859894,0.00614043146941384,0.00616637724435787,0.00615977543245318,0.00605548255142973,0.00618151219640103,0.00617370246430454,0.00607117275062565,0.00607144323828558,0.00606377065471879,0.00611087174160898,0.00606900057284036,0.00615749864043833,0.00611111353023179,0.00609495058074947,0.00607217773845851,0.00613265623736677,0.00615044594444147,0.00611431244212945,0.00613310195021969,0.0061780507776348,0.00614180177529891,0.00608476203803338,0.00615710014339055,0.00610984407901199,0.00621581760202103,0.00612622955096929,0.00614406139432131,0.00608724975123224,0.00614651423550643,0.0061521547731504,0.00610560369118419,0.00610566668744461,0.00616496750578157,0.00613008459013947,0.00606661782520075,0.00608822661468353,0.00607348972115134,0.00607701213458319,0.00608701622023971,0.00610444475813677,0.00613338486693698,0.00617152960383737,0.00607200629955139,0.00619715625184372,0.00619503022705675,0.00613213040200543,0.00615115701274918,0.00598955158509769,0.00613781382104397,0.00616293665485214,0.00614046016134795,0.00605522184529837,0.00610951413005149,0.0060844387646518,0.00609312895147428,0.00605689875099285,0.00617275386126635,0.00603771325700275,0.00621028360448354,0.00625274702982683,0.00622620655166282
1343,0.0061062776556947,0.005982757484438,0.00604135545247268,0.00610209456440096,0.00606277513736372,0.00612348055426545,0.00604048399619562,0.00610931516615593,0.00607412896318031,0.00608566602846464,0.00613094669932796,0.00601998668859134,0.00620473070852522,0.00610918004101523,0.00604798805528944,0.00607147007758381,0.0060664307144529,0.00607100251509446,0.00610142997302446,0.00621099713974718,0.00618814607745463,0.00612892178732335,0.00614026103897672,0.00606757585897825,0.0060454800325097,0.00607568027926501,0.00614617951853466,0.00603969342546927,0.00611768294715449,0.00610995582000202,0.0061211225652639,0.00603396491496477,0.00611039238415369,0.00619361186829526,0.00617083618928392,0.00617278511835343,0.00612174733667515,0.00609078491807785,0.00612096522363048,0.00618708374959108,0.00613900708303488,0.00615836881083079,0.00614588421566811,0.00604179854803093,0.00612596592117749,0.00614178327709913,0.00615776800038319,0.00607228910914307,0.00605455318296017,0.00609579075824331,0.0062007512813429,0.00610858504704419,0.00608303043359957,0.00611311031787811,0.00612245646721988,0.00617506495261165,0.00609620776187117,0.00608461675126767,0.0061721737831941,0.00609776635032982,0.00614020367473509,0.00598533989422917,0.00611815951290176,0.00613209277584673,0.00606143376592783,0.00610871562492378,0.00600670815444071,0.00610494519415273,0.00608366398038604,0.00602189988139219,0.00601788075896873,0.00622449615770601,0.00613254418199622,0.0060622019018438,0.00607088360972778,0.00621577643251365,0.00603132399525051,0.00611183473039761,0.00618809807835061,0.00606339730618799,0.0061248193676507,0.00611748521614011,0.00607531844709819,0.00610802824760882,0.00610990183726047,0.00619939379399595,0.00613019180388703,0.0060485769739821,0.00614116801767838,0.00613931736521948,0.0061401488453662,0.0061390031542579,0.0061059361301521,0.00610533718311954,0.00605286896126453
2742672,0.00601152937030622,0.00606004325606753,0.00602091359383599,0.00591700973913815,0.00611931505284786,0.00612459967955712,0.00608144953065478,0.00604391149161686,0.00599583847459253,0.00618296779871105,0.00610024879690604,0.00612031164356746,0.00603986940822901,0.0059884099550277,0.00606341563634256,0.00610042656029464,0.00613452113285434,0.0061226741117509,0.00623399470707682,0.00610245845294124,0.00607472937060255,0.00612106721627718,0.00617180347582078,0.00615611191528718,0.00607992979501031,0.00602602792986732,0.00605497429766718,0.0060306674818988,0.00611465264106327,0.00605458896645216,0.0060412640954571,0.00608518992697704,0.00615188539891384,0.00624923373050738,0.00608490980704239,0.00608828128003691,0.00597429145508688,0.0060765137485818,0.00608902311988539,0.00617405460339103,0.00615313923562013,0.00612859509110074,0.00603166214691169,0.00618752613936022,0.00607497595902957,0.00605370414768641,0.00608249878853892,0.006174758372059,0.00602656124187456,0.00603839791006247,0.00605725736952569,0.00613340375908031,0.00611926639957466,0.00608299826111942,0.00611478505194716,0.00619988102074003,0.00613802542146882,0.00608622700623008,0.00609318207804453,0.00611342111068153,0.00598782375107936,0.00624715708783055,0.00612282547991265,0.00602490439025285,0.00610408059031328,0.00608872814589369,0.0059975189017822,0.00604327511337278,0.00615184860112722,0.0061737065222943,0.00611258116981435,0.00615946911114731,0.00598222964159377,0.00610831701996362,0.00612763762489475,0.00609567789753518,0.00605545756559849,0.00614314954411985,0.00620311773388059,0.00606339730618799,0.00615027909124589,0.00607760002528571,0.00602504283900773,0.00603354009824774,0.00603526900727758,0.00621819883078259,0.0061564081403571,0.00609281768770547,0.00604247906645474,0.00607532991788741,0.00600626016305283,0.00609027261949597,0.00605491159424554,0.00605259421044446,0.00606631756741612
332101,0.00614367829466384,0.00610617507324175,0.00613360589144849,0.00604885098453084,0.006211475115087,0.00607871554259857,0.00596164466572704,0.00610931516615593,0.00614028993945168,0.00595219899848063,0.00604221057513959,0.00616680369587346,0.00599230286912715,0.00614257627058091,0.00608185347711337,0.00612664391626255,0.00619126314818887,0.00619936132266165,0.00611040571022592,0.00602182971417112,0.00611430282587109,0.00609436167472022,0.00603979253643638,0.00617277192588294,0.00611936570734655,0.00607862575761911,0.00615389688337729,0.00607746867078272,0.00600707677482503,0.00604874277694689,0.00601328448559779,0.00615178244259298,0.00602740635463337,0.00604868166393976,0.0061430753580982,0.00607706750054467,0.00608837574242096,0.00609040936098585,0.00604182508599339,0.00618461877598566,0.00607198030220195,0.00604611846518186,0.00608956273476057,0.00606622687258902,0.0060825447815359,0.00607892182374233,0.00600785163629668,0.00597770209722067,0.00607874374933044,0.00593953139786775,0.00604694889884916,0.00610031214303215,0.00600660548717939,0.00605977932578742,0.00608209815208948,0.00619919168551424,0.00604668684918975,0.00608891076450075,0.00608813237999843,0.0060588666427892,0.006167850665103,0.00609636364088292,0.00613754122202394,0.00611718957784972,0.00617972793356843,0.0060355411254238,0.00608430628800139,0.00606487928179888,0.00605863877383742,0.00606765468671082,0.0059991609103132,0.00600930356033136,0.00604365625666208,0.00604002440228998,0.00601341118930553,0.00606587901291646,0.0060837283194347,0.00605465115751351,0.00608411584775846,0.00616452689302766,0.00612394144614742,0.00607910512682738,0.00605786163873345,0.00606035583201773,0.00608169415348741,0.00593213433178581,0.00609769831643118,0.00610387786613631,0.0060268141535621,0.00608054628587644,0.0061894032310877,0.00609549374822047,0.00604112117913565,0.00604312752304124,0.00593681247114153
376805,0.00598992011223516,0.00603607867571729,0.00602929999737925,0.00606533114020492,0.00604581316271848,0.00610855888370983,0.00607603898836772,0.0060592105967722,0.00606751286555318,0.00606973609262784,0.00616260391120056,0.0060953527523295,0.00597987070549826,0.006060250681419,0.00603707586381284,0.00611294828254797,0.0059699692883842,0.00605418874157927,0.00609728732508532,0.00615569409456511,0.00605718649867939,0.00596829580942926,0.0060355089956304,0.00607376386291382,0.00608763566293808,0.0060811504533512,0.00609215796463623,0.00602632165721673,0.00593131912254457,0.00608038097897538,0.00599055105258709,0.00611250993338358,0.00604924478345451,0.00608550176991116,0.0060901975844111,0.00605423944943547,0.00620789261486619,0.00610806054430992,0.00613193042342357,0.00606770859927171,0.00611760696626292,0.00607452327825766,0.00595481227576681,0.00604769504016564,0.00608294314061518,0.00605370414768641,0.00604082079520367,0.00592942330988528,0.00608081722644789,0.00603588435466769,0.00610426399581064,0.00609394837071519,0.00612651359276967,0.00606050491751655,0.00609944222140171,0.00596895372010095,0.00601807476630714,0.00600034674156857,0.00609462484891484,0.00609397125691122,0.00601289892838979,0.00608310707411829,0.00606037330607451,0.00610859157900529,0.00591826228406237,0.00604672056284741,0.00598884016316029,0.00597335616828469,0.00613117560441314,0.00609673913660328,0.00606027571033567,0.00611522390421047,0.00599234696642855,0.00601679083132885,0.00604358421002721,0.00594623197618979,0.00607683301362099,0.00610457332431709,0.00609624710799421,0.0060612083540919,0.00608267913549314,0.00608437298222325,0.00606240040890828,0.00600374483850331,0.00607640521277996,0.00600792432853197,0.00617228563990939,0.00612901463529732,0.00605553316053194,0.00601342901775095,0.00603747773146786,0.00605476894416943,0.00600388705833897,0.00617971829843056,0.00606880805003678
299767,0.00576551627842033,0.00584196557488033,0.00582697801189821,0.00594109612050797,0.00596552648273101,0.00588286861655597,0.00586734664300971,0.00579683094335812,0.00585524640001588,0.00582863436104382,0.00583739800741834,0.00588980894213452,0.00579879353959914,0.00580084740990882,0.00576088453471544,0.00590203552334342,0.00583166062600628,0.00588277027013173,0.00582732476771828,0.00585075206972939,0.00588175777944775,0.00588307371357835,0.00583145668814538,0.00581148769610618,0.00581702371276876,0.00587328383807611,0.00585888307280211,0.00580067306795499,0.00587222815376581,0.00585822577777533,0.00593167729017479,0.00580891636219089,0.0059029273103529,0.00592137810605992,0.00573327261202322,0.00581354368247703,0.00579967264794287,0.00587258624762507,0.00581584662069229,0.00583811391488164,0.00585192249766012,0.00585960493353958,0.00579900705755529,0.0058556378677779,0.00584751292476033,0.00587242925893656,0.00581376904046684,0.0058210423587242,0.00580469919030719,0.00582474570150608,0.00579789624730434,0.0058572160405245,0.00583464935773397,0.00590196312470273,0.00581926879405018,0.00583108667494329,0.00583356351387191,0.00588762889420034,0.00586053527520674,0.00584491825131583,0.0059396022562516,0.00581217599086623,0.00590639639471497,0.00591370360519824,0.00581164522309874,0.00584786208503961,0.00585763805575834,0.00580602206374801,0.00585154612254372,0.00589669487148929,0.00580976008862197,0.0058544453360524,0.00574447250797643,0.00595589071350648,0.00582770343081614,0.00582071546218973,0.00593134206095175,0.00585314713877908,0.00578776649057083,0.00572542310255065,0.00581052346947555,0.00590225569568051,0.00584733252985463,0.00587392263533113,0.00575848111025443,0.00575377140711252,0.00593264616992248,0.00586055394065779,0.00579445127898792,0.00586841398765599,0.00585086604472021,0.00584070266646525,0.00588437012738666,0.00586799380608167,0.00587953137086623
1691,0.00566827461710057,0.00574311168093558,0.00571061666273554,0.00560705604203707,0.00569978887995558,0.00565867051645767,0.00570657624362281,0.00567252571397099,0.0056865359105239,0.00573563797886141,0.00573043500366696,0.00573418291441547,0.00563393223930293,0.00564823440735867,0.00570067934036179,0.0056680358387343,0.00574300122704608,0.00569248756498421,0.00569890268160505,0.00579596587543687,0.00565614828704055,0.00559166912776559,0.00570879165597404,0.00576959966946539,0.00572183357954337,0.00568098617981556,0.00566419500518116,0.00575721482113421,0.00577778361392284,0.00571035157264217,0.00579935705188177,0.00570066083680497,0.00565003830460415,0.00567107972610542,0.00564338039675516,0.00574986543464609,0.00570033394876762,0.00562058743889217,0.0057204970572741,0.00576064331585432,0.00575340120535148,0.00572442540143188,0.00581058717512507,0.00573602331304519,0.00573955761427528,0.00571637204624264,0.00566198649757428,0.00579443976162102,0.00575873711420366,0.00569529759867485,0.0057232629196063,0.00571594029508812,0.00578984852707387,0.00572419315106711,0.00579958994617668,0.00565117018101254,0.00577120384605085,0.00570889059337359,0.00575918062156733,0.00575952864939741,0.00577114850098661,0.00564481183546281,0.00565084497073362,0.00569875363408751,0.00571264366648965,0.00579907908537296,0.00562586468314946,0.00562690386734255,0.00573004693132938,0.00565302393153662,0.00566715888856955,0.00568148679984474,0.00582035244423728,0.00572566714670979,0.00569874968749371,0.00573989727511775,0.0056465659308456,0.00580594799925571,0.00573577537527476,0.0057219207791969,0.00564064565859037,0.00566670730440829,0.00566647999519589,0.00568280732639898,0.00565916655697012,0.00578853223268783,0.00565645152654773,0.00570470597185955,0.00571090507689384,0.00565419514223992,0.00567882255656623,0.0057397608444584,0.00562878776735018,0.00569083151324998,0.00567580989249583
2798729,0.00566328786523802,0.00564246044346456,0.00557957910737217,0.00556902491355841,0.00566756112812963,0.0055736169942906,0.00563082865160397,0.0056258634432472,0.00568047115436569,0.00554620090404539,0.00558222169353613,0.00568866964215801,0.00556960930574474,0.00561095489528535,0.00556446508813664,0.00554477513530308,0.00568129428536978,0.00565803983387992,0.00562502546002379,0.00565744983703691,0.00558516085181658,0.00557831635698711,0.00562312083985437,0.0055606355365642,0.0055958199746069,0.00566541722280103,0.00562946686338931,0.00559474783686576,0.00561212688093624,0.00558173540352635,0.00564605210619428,0.00564499632375164,0.00566008398186187,0.00563034258758387,0.00560834887168746,0.00565735175383511,0.00559633874806852,0.00558791397188805,0.00561656603314828,0.0056775384914432,0.0055418226923608,0.0055861658293521,0.00569268052350553,0.00562398996248567,0.00562562691760102,0.00561001923852852,0.00565638796115611,0.00554417829257635,0.00562326994253013,0.00568859478428877,0.00556410013236076,0.00559311948937091,0.00560405684698342,0.00557580964246105,0.00566984296612937,0.00567943292526986,0.00564391675938082,0.00565038466307294,0.00565710458249277,0.00560772491265355,0.00556283164333068,0.00558515728502199,0.00561746536057875,0.0056477388409439,0.0056872586519745,0.00559784921174803,0.0056554744972713,0.00561472697241148,0.00560020600459884,0.00562252072799087,0.00560053825070722,0.00560975593405319,0.00563173660267459,0.00559295417318937,0.00565744138531522,0.00559270884503135,0.00562105329933488,0.00563984333516381,0.00557691363409231,0.0055362976414479,0.00572448716215386,0.00560876089505378,0.0056385491018123,0.00565471465292566,0.00567385805893525,0.0054848023961036,0.00562691199249696,0.00559008230448537,0.0056341470037199,0.00561524626125518,0.00559696315494459,0.00565691893536312,0.00567935262275308,0.00568136482584676,0.00562400785398599
2715212,0.00534496687134513,0.00528538819624595,0.00535576696281154,0.00539661713112182,0.00536394178197982,0.00540761340935924,0.00535218572382041,0.00542850498674333,0.00535021761447779,0.00530165486201016,0.00539659531482857,0.00539160989742385,0.00526421050355668,0.0053694147233103,0.00530671159981005,0.00541681878602685,0.00536850392583819,0.0053590827389391,0.00548900851935549,0.00533183377661911,0.00540402049986578,0.0054310431498715,0.00538441079312094,0.00535309940457122,0.00540362656276135,0.00536539921330481,0.00536216540838541,0.00538180242744395,0.00537475290379081,0.00536061188282723,0.00527473936701962,0.0052129987224482,0.00535565628409525,0.00536633459370384,0.0053545355579894,0.00534777134142434,0.00537515492568612,0.00524765924653483,0.00533004059507663,0.00537716385066908,0.00543926364217067,0.00541813253754227,0.00541738954673314,0.00537802200486629,0.00536191320711724,0.0053702685792142,0.00540694206074661,0.00532741639025419,0.00535475465582008,0.00542173898654284,0.00539380419678458,0.00542638865466671,0.00527990966044265,0.00550542724473592,0.0052719299913313,0.00528857985224789,0.00534422353226434,0.0053143781275848,0.00532671005319136,0.00532404167961347,0.0054008074207094,0.00536476686256006,0.00535868365174371,0.00533477168300669,0.0053521764603745,0.00538340727571338,0.00532364037349207,0.0054363943821306,0.00539166261669363,0.00537317477342504,0.00540618217496011,0.00540998212091411,0.00538024881392433,0.00545883310445919,0.00537762253838439,0.00529517149709596,0.00543419051178339,0.00536844828290438,0.00540418759549757,0.00540933841987428,0.00538912114789992,0.00532354415290628,0.00542208467808947,0.00540400882450464,0.00531832371137898,0.00528877413384285,0.00539428816184711,0.00539468581887383,0.0054419907389035,0.00537598884949179,0.00544156903661196,0.00533286087919631,0.00532310023241446,0.00529728779405898,0.00543024830609825
371601,0.00534912249789725,0.00527640147861461,0.0053652016667977,0.00530027160564255,0.00536846497521856,0.00543857587576217,0.00536919028529403,0.00534206504261566,0.00536730920001456,0.00538819316209657,0.00522631788733198,0.00533826638477801,0.00548582733346306,0.00539543271611147,0.00537820526810502,0.00537651449252395,0.00531530828646206,0.00532996620431523,0.00525011582153197,0.00535405836486985,0.005361183254472,0.00539726849437299,0.00526096693534852,0.00534738740093839,0.00540362656276135,0.00537339408312308,0.00537409224496039,0.00538013095641238,0.00535960137333472,0.0054342050918935,0.00534235675751296,0.00534447625327968,0.00538142563010419,0.00544585035447186,0.00541732791424283,0.00531933640056902,0.00534411158219385,0.00536783751597526,0.00543730885392209,0.00535955689634469,0.00542674659273801,0.00539486112441993,0.00528263908773939,0.00535022425623122,0.00535354766645235,0.00537575068270462,0.00534784639855483,0.00538604063201859,0.00538378333546441,0.00533166991822985,0.00532865466210895,0.00533984135115614,0.00544988928265305,0.00534978781883861,0.00544437006507028,0.00537543609069721,0.00543042660248756,0.0054174344451786,0.00540966937823429,0.00530648937255246,0.0053165805430769,0.00535482443748659,0.00530951153785966,0.00518688610288251,0.00532628374556905,0.00532751008859535,0.00537877588944308,0.00533112316143617,0.00534886588665395,0.00532387308397319,0.00541499151550389,0.00535903309474441,0.00541855011508457,0.0053331606069876,0.00542431887997747,0.00536741121738377,0.00534248294446107,0.00534893325406298,0.00540649831173295,0.00528456815039677,0.00549930029656188,0.00523399061117658,0.00536238239348205,0.00525801205175692,0.00545348552945822,0.00535943548419266,0.00539724211525218,0.00530754501911567,0.00530622816050061,0.00533877875783672,0.00535901591124776,0.00530501485933235,0.00535068106263423,0.00530134494580321,0.00535553382747829
2420308,0.00520367556857282,0.00535069167770036,0.00534528395838247,0.00525400039932685,0.00530683646734085,0.00535911798005346,0.00533286235850949,0.00528354596539648,0.00530500761402569,0.00533609796652216,0.00525653613502856,0.00531575444366142,0.00538042420704417,0.00526534275210561,0.00530558275241592,0.00533738411048229,0.00522239323635177,0.00530536068209788,0.00536403863985821,0.00535509206664896,0.00529427555690459,0.00536074473900831,0.00529562467459693,0.00533072739034262,0.00540770613989958,0.00529681164591647,0.00537444303427141,0.00529488593380239,0.0053732377507452,0.00527119957274672,0.00528814626341054,0.0053140827461524,0.00525519951151802,0.00533930706910781,0.00520119001429683,0.00536899742403465,0.00537515492568612,0.00537422198653928,0.00533099409071081,0.00531694806687966,0.00534881786562503,0.00537022080464333,0.00539001835975004,0.00541929744980927,0.0053854163927948,0.00536588289642187,0.005220324180141,0.0053259384681929,0.00527112441208284,0.00525123614559686,0.00532741764562776,0.00535129614132666,0.00527859198895264,0.00527940542111349,0.00526559273523645,0.00534234799985938,0.00531964648671134,0.00532940717390056,0.00538009257539289,0.00540421302808132,0.00535772955199659,0.00530096963500529,0.00531992023349935,0.00532216128470152,0.00530292953221511,0.00525535190158843,0.00548138921079635,0.00535233452679997,0.005291924474652,0.0053036558444138,0.00542930669388753,0.00540260791975797,0.00525016892319144,0.00533632882120957,0.00534780872029035,0.00534754529430462,0.00549211108061854,0.0053602792010638,0.00531753573667078,0.00546012210850373,0.00526840694119857,0.00535740893759397,0.00538542538052351,0.00536016722802355,0.00535710927656694,0.0052124142874971,0.00534148624473135,0.00523917300699774,0.00535322289917853,0.00540937360462156,0.00526536320600265,0.00537741451097864,0.00538010061486864,0.00537775463698635,0.00532315755340964
623,0.00511308290973647,0.00528658642526346,0.00526089577272846,0.0053262595434363,0.00533284482846355,0.00526846883142802,0.00531160665666747,0.00533977017684236,0.00531162371165282,0.00531930695307256,0.00531697263042172,0.00532015895387988,0.00531069598495168,0.00529136074490678,0.00528563978178627,0.00532564499586979,0.00534155146855428,0.00528444598821314,0.00531777907120452,0.00527187907343107,0.00525674197046433,0.0052605989581697,0.00533534478025241,0.00528741136279363,0.0053533117780565,0.00526609451450943,0.00531515964070756,0.00531394070356227,0.005305560914708,0.00526604117024207,0.00529688989149158,0.00533013324991625,0.00530106021204241,0.00522336290562341,0.00533602833719892,0.00539583039639109,0.00536739408981305,0.00520822575187469,0.00529523800442899,0.00526060581304161,0.00532741774885308,0.00524804588575105,0.00532474860617494,0.00524577210984491,0.00522248752936902,0.00529315365678231,0.00537894937865577,0.00529884323040263,0.00525315427706492,0.00520347859309602,0.00523340439305786,0.00524056650301166,0.00519426101359244,0.00519052043429567,0.0052532517628412,0.00524032638644271,0.00533395252815264,0.00529612857134422,0.00533717014200112,0.0052609482515293,0.00523556843176626,0.00537139514594237,0.00527900329201919,0.00529808688793712,0.00526079040811996,0.00533089779690553,0.00535733429990658,0.00518775004369934,0.0052716141620908,0.00519866807407029,0.00543921720199928,0.0053268547624267,0.00530003288130571,0.00524515465637725,0.00529967556818672,0.00526401811772185,0.00522526274562803,0.00516467507476979,0.00524648121243281,0.00532790940189948,0.00524865370737472,0.00526710284509344,0.00523913732642695,0.00526439675027358,0.00524897982210354,0.00523007962508455,0.00539354967349584,0.00527168322844597,0.00542528149848468,0.00529078817233767,0.00529449960319002,0.00525384779783233,0.0053534391456562,0.00518368754522034,0.00530721846463739
2897413,0.0054164436480417,0.00525004044022934,0.00520481169903294,0.00525780351217472,0.00530570566903117,0.00522594207034449,0.00532358714316024,0.00530496471261396,0.0053248559069071,0.00522760218730935,0.00526516992008473,0.00527807141179234,0.00533123608138202,0.00525330457633194,0.00525177435996234,0.00531977543856354,0.00524721786806063,0.00532832583616741,0.00532399304311323,0.00523880061649974,0.00520411335469484,0.00533325374034673,0.00526953401696049,0.00529312336642646,0.00514480005765802,0.00522191233919792,0.00523412730985992,0.00525577351166369,0.00528535887409987,0.00524678313422473,0.00526657864747732,0.00528027423822431,0.00527572763460989,0.00518771790941706,0.00523027278982473,0.00526446897948199,0.00532626165968579,0.00529347721175899,0.00522706306658498,0.00525109805770644,0.00521355297659473,0.00533018028500637,0.00515841600835453,0.00527483339250884,0.00530215934522515,0.00519301389969066,0.00525329333904799,0.00521066054741248,0.00522930929021422,0.00527218244055337,0.00529979094421468,0.00529529494493746,0.00523576766552754,0.00537082997898324,0.00520155309469895,0.00519069425018595,0.00531341051992923,0.00525157818405107,0.00528414831251716,0.00527802617191299,0.00529150536576647,0.005215630486458,0.00518209474640828,0.00520064290103359,0.00516889665557511,0.00532784885942637,0.00526033663295572,0.00531580384200675,0.00521358469763022,0.0052394572416024,0.00530157125600274,0.00528864299279943,0.00526606757650324,0.00521558465697217,0.00533272220992951,0.00529426850059237,0.00532179702701994,0.00521958945825372,0.00524185977996205,0.00530207976716554,0.00526138356917231,0.00537622270686492,0.00520736593520312,0.00529589459628913,0.00523722662053143,0.00524660526347281,0.00523255921291911,0.00521068466861527,0.00530361734168517,0.00528835386727612,0.00531739248669438,0.00529422452663507,0.00517784119325704,0.00534800219086194,0.00518916958841786
1839799,0.00519453319015815,0.00517994404270488,0.00524045391409178,0.00523878794793539,0.00529157069016013,0.00529682000548371,0.00530619611438041,0.0052322939631261,0.00516165883210439,0.00525601774853175,0.00523015512513472,0.00526877300133114,0.00526529156126354,0.00522029667501702,0.00521979035046196,0.0052880798291098,0.00522381178673514,0.00530454049802397,0.00524183052565369,0.00515610447417141,0.00534975998903366,0.00522054064583425,0.00521579505048542,0.00528074735855532,0.00513664090338156,0.00524295147029864,0.00520571337566659,0.00526981386832887,0.0052560659152181,0.0052708556792464,0.0052059561594488,0.00526968773574177,0.00522768309120339,0.00531384635753185,0.00527125306443223,0.00523002665675582,0.00524399679943129,0.0053787286716433,0.0052680633788548,0.00529124191356605,0.00531530447520857,0.00524838811241461,0.00527948087385673,0.00526935807838375,0.00533323135340904,0.00526647408646227,0.00519855209407034,0.00532741639025419,0.00529635171701184,0.00526170929307511,0.00524824859083206,0.00516929225306177,0.00520019053529745,0.00525546089405236,0.00532829821659607,0.00523825838076534,0.00522023783977307,0.00520595429344964,0.00530651126100699,0.00519548289005852,0.00523299661870878,0.00519740270715664,0.00533678949884643,0.00522643689756688,0.00521002037908965,0.00533970583851201,0.0051531286852732,0.00522113830399422,0.00523389501019142,0.00520647121916339,0.00522338835867671,0.00534428469243213,0.00531809953279639,0.00529514203632393,0.00530111237869727,0.00519674487820383,0.00514734578993313,0.00524591205529561,0.00519217938090135,0.00523903794679796,0.00530615756583972,0.00520388858034307,0.00525938722413006,0.00524737088756248,0.00521313255730861,0.00526199120266188,0.00522960525951404,0.00526799650230236,0.00519709593401521,0.00522123659915064,0.00528825608950701,0.00522182487498877,0.00525139007384308,0.00528511633882627,0.00526786883923088
550,0.00531670861079067,0.00522427851635283,0.00528343423225096,0.0051418085703148,0.0052842205011472,0.00523862549031677,0.00529460209519385,0.00522617432106396,0.00522451175956219,0.00531586264262136,0.00524598373107103,0.00515474512567536,0.00525664309960866,0.00524592633956743,0.00527623272016851,0.00524073206683939,0.00530041350743675,0.00520775877730239,0.00517071506936519,0.00518866608021319,0.00515760434541017,0.00524763891594352,0.00526758695295777,0.00528360336037174,0.0052232185959818,0.00540663591026221,0.0052253575770842,0.00529120869753294,0.00516313652842074,0.00527360682724888,0.00524326230592789,0.00523075672661245,0.0052931983776668,0.00526331663763493,0.00523886542804888,0.00522562124338387,0.00514000159873219,0.005294603883035,0.00520942339735262,0.00519123441300351,0.00521113032186583,0.0052665261255835,0.00526105795954117,0.0051451105655452,0.00528941185468817,0.00525550987948144,0.00521908006093696,0.00527963024360589,0.0052338018239687,0.0052281952211447,0.00516660550307399,0.00515783746289125,0.00514946018293233,0.0052434886305218,0.00524958282510207,0.00520310228425014,0.00528956711752706,0.00532672341562989,0.00519217166953477,0.00527850055859031,0.00520084895549027,0.00521811609272637,0.0052642875499079,0.00520236250080248,0.00522931299012117,0.00527262921397037,0.00518171747132187,0.00529852050726587,0.00520778175118416,0.00525399946654863,0.00523440003435643,0.0052068563981586,0.0052465555928933,0.00520713608571357,0.00522496142163779,0.00524866717716069,0.00521905697039569,0.00521142037641314,0.00521528654325516,0.0052377245755403,0.00532152119214717,0.00530548293440617,0.00511205176153162,0.00519501635972583,0.00518022359290671,0.00523292887308253,0.00519009613272113,0.00524855740081785,0.00518404183993801,0.00525427359641448,0.00520986530659815,0.00527647268897179,0.00521093818952076,0.00521073522351525,0.00529177747238926
2781599,0.00517791068394964,0.00517814669917861,0.00516078308043085,0.00511582063252105,0.00518471024989512,0.00510470349708002,0.00530967432013638,0.00524185590384818,0.00522230639368648,0.00517593753054135,0.00516348311831211,0.00520221595802991,0.00528258848457331,0.00512903953608754,0.00518441979877919,0.00515660174544982,0.00518763875195937,0.00520201748878501,0.00516381065613329,0.0051788459133117,0.00522328812168062,0.0052747371860528,0.00516750786321798,0.00522505532313519,0.00513573433068418,0.00517688859864239,0.005235179677793,0.00520161785024088,0.00516111632435992,0.00515290020864019,0.00525666920231881,0.00523485472757343,0.00519536221654811,0.00522297120236839,0.00519259737607267,0.00508624998398031,0.00517492536016099,0.00527582602843493,0.00521466762334062,0.00519792505564678,0.0051384506799988,0.00514503566001834,0.00518631356431808,0.00515311294772802,0.00513684032732369,0.00523760167474607,0.00524271832581367,0.0052195280797802,0.00517954583939537,0.00521939777726296,0.00514598856172094,0.00519602009679298,0.00525026205191757,0.00509038877567642,0.00518587672435904,0.00510314867651083,0.00514577305996322,0.00515013212141967,0.00518423642974806,0.00525098613130549,0.00523749729155937,0.00511786330656888,0.00522193492627054,0.00518917890257436,0.00527602141682905,0.00515101048563476,0.00525880509084597,0.00520542618150251,0.00525710679597566,0.00524690569828217,0.00514520546135067,0.00525244236894201,0.00519741430083865,0.00516313311040839,0.00520987491127695,0.00518410292715347,0.00519216527772223,0.00514152934288813,0.00526381158419817,0.00523422225218654,0.00522143814077296,0.00531451354365622,0.00517105577380445,0.00527376097476469,0.00522547341895932,0.00511610970516552,0.00525914479356481,0.00517951507485562,0.00520858353680315,0.00519793682213298,0.00516754815830221,0.00523261520768606,0.00521047850901709,0.00519180184870881,0.00524894117131382
360422,0.00522362257602303,0.00506731051505874,0.00513352726891527,0.00507778950404239,0.00505466844428161,0.00522444990328892,0.00510716545167787,0.0050838926431193,0.00523939797922325,0.00507002498416694,0.00514957313127718,0.00511412575366064,0.00510313290523448,0.00515233923113336,0.0051411473153375,0.00506816708203567,0.00510394427934094,0.00514870552398075,0.00517278639333476,0.0051907334837714,0.00516657976825458,0.0051046857229033,0.00515465724080002,0.00513366326500984,0.00514887963479625,0.00514406755412527,0.00510538763271237,0.00513074747850238,0.00520960122181942,0.0052031086596854,0.00510394716517005,0.00515630970915463,0.00513203077296682,0.00508509165660316,0.00528645542436727,0.00505661356675082,0.0051640601899387,0.00513874768985444,0.00512599252936171,0.00519546008204136,0.00523414554179039,0.00519739633954361,0.00512946571443009,0.00514805881161255,0.00517468443985535,0.00512978697276783,0.00522467859735513,0.00515745535320613,0.00508589378959045,0.0051963568528108,0.00513485541339029,0.00508401770401459,0.00515604854038235,0.00507587694109392,0.00510516009409825,0.00521068497173381,0.00524884992265567,0.00513402957179563,0.00515610239777698,0.00514662106229409,0.00512626637682333,0.0051924314946199,0.00518353042856548,0.00519376450195805,0.00515874264976905,0.0051388147357181,0.00515874433967562,0.0051417920854111,0.0051461254451948,0.00514652887731186,0.00510776576403961,0.00512439942159448,0.00512297969669705,0.00509624858794452,0.00520376846660709,0.005135792614211,0.0051432086064449,0.00512473734132693,0.00512401325195761,0.00522065074919074,0.005111258992111,0.00517980695567627,0.00515324982927241,0.00512563596917808,0.00518081125298531,0.00523235902348293,0.0051472638083475,0.00513326341959937,0.00527072102461062,0.0051200390601635,0.00523137074261739,0.00517344241547515,0.00519301064987791,0.00522493525462008,0.0051174436889427
2742639,0.00522112920009176,0.00514160071414449,0.00514138952223707,0.00518047355093477,0.00516492127947567,0.00516476322106641,0.00508861502097938,0.00510760625611008,0.00514346456362977,0.00516904890963895,0.00513470383479156,0.00513761647482578,0.00516583425223238,0.00508438178724971,0.00512459088689024,0.00515151479578441,0.00523161381384363,0.00522006153841107,0.0051244555007115,0.00517057629907887,0.00514454918490921,0.00511057665118793,0.00506236640707111,0.00511938325592775,0.00514887963479625,0.00514869616296743,0.00520571337566659,0.00522200979682601,0.00521515678298665,0.0051463662321343,0.00519604671429029,0.00517167721275831,0.0051451338302595,0.00508469995334814,0.00515293904580735,0.00507583718873752,0.00514698635101795,0.00503734727501407,0.00514792292894789,0.00513277932464653,0.00517802070723752,0.00516385812651435,0.00514315130792164,0.00510257158657335,0.00511771909151822,0.0051071276116741,0.00507787253127871,0.00507715492120951,0.00516226686341661,0.00512262589456389,0.00517691397375051,0.00519792922848806,0.00520941423572748,0.00510344942680067,0.00517687114990846,0.00519827693766962,0.00514247166578446,0.00514530135653246,0.00515321685603636,0.00523533137095378,0.00512369456376585,0.00515846154228555,0.00513794752007443,0.00517370250465438,0.00512371132973814,0.00513237808992875,0.00516078639582195,0.00506205306376568,0.00519653854244493,0.0051142522316995,0.00522228719110873,0.00509892490850963,0.00518440631176537,0.00520044763346718,0.00521023411390459,0.00508703080301673,0.00523146852086037,0.0051437985322883,0.00520950975266671,0.00505297701862973,0.00517007973283093,0.00510304677705081,0.00511938362104481,0.00522693985230915,0.00508913628072287,0.00519759819790763,0.00517680334239828,0.00519325650866364,0.00514487955770641,0.00511969130229757,0.00515089878848086,0.00519571923136631,0.00510751007619664,0.00509375401488975,0.0051807019475076
2912630,0.00504493063428159,0.00518893076033622,0.00504337343082527,0.00511074981539056,0.0050326178772428,0.00512633991938567,0.00510832485359652,0.00513590960064746,0.00515118334419476,0.00500501362440053,0.00502486290268813,0.00502407798919427,0.0051052950206482,0.00512709789483372,0.00511292613048422,0.00506777577821526,0.0051096184808744,0.00513271193453947,0.00498981944268957,0.0050289591553416,0.00517147545344244,0.00510861300842638,0.00512895599596413,0.00506654722232403,0.00502875875239279,0.00500478850623852,0.00506890554436538,0.00511135841453618,0.00518535877308967,0.00506520736606122,0.00504507340275774,0.00509552269490007,0.00505472273494,0.00511799473002441,0.00508287599567195,0.00509586179497366,0.00507946707892227,0.00512447652035839,0.00511502732956861,0.0050384060494678,0.00508999758542079,0.00512997768682154,0.00507472334046388,0.00510931043472731,0.00508266349254152,0.00514440591540895,0.00516371675635729,0.00514316877328035,0.00509384211854069,0.00507821974925609,0.00515629703239746,0.00502037998084505,0.0050960944875872,0.0050345182125338,0.00509415328088087,0.00501215642670678,0.00509955354146056,0.00507498688984085,0.00513518222015746,0.00506692410050356,0.00512626637682333,0.00506483703951037,0.00510349114830166,0.00510663811366784,0.00512472673031874,0.00518082231876438,0.00507961466400519,0.00511272465880144,0.00510768092498966,0.00503302858504861,0.00506812373159261,0.00514249973352319,0.00506588907798651,0.00514271572986679,0.00508702761262439,0.00498318620510301,0.00501012920424034,0.00504622338808131,0.00513556683313452,0.00506217061743334,0.00511213691361428,0.00521367174036396,0.00500870745601233,0.00516266722057473,0.00503624687364838,0.00515485947793799,0.00510073904221753,0.00505919373980495,0.00522424844969579,0.00505987694935672,0.00502810968604838,0.00504709110034244,0.00508268732899885,0.0051248588449289,0.0051249151368047
576,0.00499755649158735,0.00503076453002462,0.00500458631443772,0.00522611090510917,0.00507841520878495,0.00506590715363539,0.00510484664784056,0.00502116631198241,0.00508006029470304,0.00505409504833013,0.00505076425785662,0.00518704486727743,0.0051231324728114,0.00511428306255852,0.00506814851718369,0.00517381911354815,0.00523799729056877,0.00517372113823505,0.00509269519984479,0.00503567821690578,0.00504622750738637,0.00502496182678472,0.00508495234950266,0.0050436992077927,0.00510627071801917,0.00503003546355938,0.00506645001918818,0.00511771000445614,0.005141419334767,0.00504870047804635,0.00506955556138464,0.00500400067343816,0.0050835494609839,0.0050756907784828,0.00515558293449171,0.00512669968857732,0.0051058539208907,0.00508203856896223,0.00512932976408134,0.00509545258147882,0.00499147629311215,0.0051227909268867,0.00506577506779632,0.00510551983264071,0.00505995702502253,0.00511480255656069,0.00508782548491101,0.00507124323296436,0.00503647591829118,0.00515488318879692,0.00501898820298616,0.00511138192497749,0.00514155415399231,0.00520140431023255,0.00510816195224844,0.00508660463109191,0.00504342984042161,0.00506854586999124,0.0051196724333016,0.00520829133034628,0.00504975493836329,0.00500352541822397,0.0050625742068215,0.00502696332437613,0.00510238791754541,0.00505547711128757,0.00517559130288287,0.00508994208118846,0.00508628255996982,0.0050564380203279,0.00510996809917556,0.00522227518239416,0.00513671035182997,0.00515433251534736,0.00506152422606202,0.00512585965267142,0.00505081150854121,0.00508843031092433,0.00498652563595243,0.00507442874917148,0.00511169795286264,0.00503080190305039,0.00505479343009526,0.00506689674282477,0.00506798051789307,0.00501467647643757,0.00513507875055156,0.00512186808424638,0.00504723493400894,0.00509778255674365,0.00500937914499936,0.00509791008659416,0.00507855020446589,0.00514108745190585,0.00509702173145325
28116,0.00508898027573413,0.00499721411753428,0.00509631260319207,0.00514624553530398,0.00510951216230122,0.00508082882419101,0.00497808537140088,0.00507127088136615,0.00512196224634157,0.00513245311109494,0.00510496524182033,0.00513468013468014,0.00517934747356814,0.00505370385543937,0.00510916330583712,0.00506816708203567,0.00503372603536446,0.00511876880528297,0.00517485771730432,0.00505118374359234,0.00507723351357614,0.00503556549769704,0.0051083171175353,0.00506464322111309,0.00500926743939901,0.00517773016388642,0.00517344075905194,0.00509297223318893,0.00518737897715048,0.0051212620066117,0.00512901223233569,0.00511772020010539,0.00507175670942049,0.00510271830307883,0.005016117806392,0.00514992823181125,0.00512447992698606,0.00503021169026605,0.00506878279131079,0.00509967825051668,0.0051311827158121,0.0051067062736992,0.0050868298270141,0.00513079051321804,0.00515078289509851,0.0050219722707896,0.00513323583585838,0.00502148652356768,0.0050852026305513,0.00507528726796218,0.00509815725778186,0.00515274644503769,0.00505854085012212,0.0050054945433688,0.00512283770320495,0.00515967416502547,0.00509258393152762,0.00515657314126928,0.00507530722903952,0.00516891723612834,0.00501889318167352,0.00497204107215798,0.00503780868960982,0.00505562332052423,0.00509223391173935,0.00515947975641022,0.00514291840454153,0.00509504852099827,0.00504965146052908,0.00508623184704701,0.00513364320188696,0.00522227518239416,0.0050232517804685,0.00511455382567148,0.00511001658079329,0.0051710094778513,0.00507563460947057,0.00502443916983975,0.00504256050466043,0.00512302348570483,0.00511696548188233,0.00511358248784254,0.00512915943372907,0.00510009717511142,0.00512615886567501,0.00505000715161247,0.00516683374965614,0.00513661498882084,0.00503052569359013,0.00511934354443163,0.00494971890313952,0.00512505995596152,0.00509096157806478,0.0050450681939589,0.00512441704028057
2912629,0.00510477165663221,0.00512422639339057,0.0050397043792751,0.00504609689697684,0.00516718287609504,0.00499689442731561,0.0051601114726298,0.00505099956703532,0.00506903346532448,0.00509757946777654,0.00507810457720115,0.00513027562446167,0.0049744870381181,0.00508632342850353,0.00504745298162462,0.00507325403170109,0.00510252572895758,0.00491905398328547,0.00510374226101582,0.00512302601724008,0.00507804946110745,0.00504381279729551,0.00503978046463957,0.00515413127802749,0.00506864795107771,0.00501614963703291,0.0050594342329676,0.00510032670572783,0.00505152025406086,0.00509478220708785,0.00502350578682452,0.0051006451961013,0.00509053775820666,0.00508940039240832,0.00503594697152466,0.00512309525945482,0.00504299115031885,0.00497312701228184,0.00507212002603043,0.00507714134898146,0.00513077894002395,0.00510123064708218,0.0050868298270141,0.00506466556570735,0.0051284747866588,0.00513015244633386,0.00515874027954114,0.00508011076533209,0.00512010616202841,0.00515278855930127,0.00509444620833832,0.00503501665717404,0.00505985852161212,0.00502907627456536,0.00510616071348165,0.00508798330154349,0.00511349276132644,0.00509538345269796,0.00507314307273405,0.00514567228893944,0.00504011063939773,0.00501015370160628,0.00508913432672967,0.00510205251428414,0.00500592486238784,0.00503887734056767,0.00506940438327352,0.00510369018836871,0.005091722822263,0.00504118641855503,0.00511492335323143,0.0050493166461865,0.00506805707616539,0.00505858204108329,0.00508918282839023,0.00507213136070737,0.0051811327884203,0.00500810100615858,0.00501425423077701,0.00506654852162553,0.0050857992685158,0.0051226130970926,0.00510890953602596,0.0050187986806659,0.0050820843597796,0.0051292162459562,0.00510332375144698,0.00504679293368552,0.00502791487477469,0.00507969914771502,0.00507250800557199,0.00509129665687647,0.00514106675296402,0.00514582079560746,0.00511694559241857
2686210,0.00498259623599969,0.00512422639339057,0.00507324999344812,0.00509743892042303,0.00507445741470106,0.00505770023482979,0.00514233397654375,0.00505176452229309,0.0050596606603527,0.00497745914079093,0.00502534255741347,0.00509503954271396,0.00506475535664094,0.00505991710745159,0.00504256130958339,0.00511786266722858,0.00509188660108235,0.00506586693251566,0.00500639003444612,0.0050398130240222,0.00506377037930953,0.00505088191123706,0.00507950057029505,0.00505845521717752,0.0050636618012421,0.00506369807332053,0.00507171185885361,0.00500572144534106,0.00504293438680241,0.00508549708257949,0.00508879154316292,0.00506103118681181,0.0050451138262587,0.0050572807254971,0.00511856849291074,0.00503098207076856,0.00497236754387395,0.00505875402925815,0.0050368406875657,0.00502537690326775,0.00507788431177628,0.00510020396709148,0.00512420202462565,0.00512742108914106,0.00498466715903849,0.0050979907725234,0.00514692114710279,0.00507272115502565,0.00504027729300651,0.00514147756002475,0.00501527715354261,0.00505347159689321,0.00511783606717226,0.0050751513493648,0.00507447443300737,0.00513830477302604,0.00506103727604167,0.00502721599262289,0.00512075451145434,0.00502944755299492,0.00507418716240935,0.00508057921254336,0.00503206596098103,0.00508371011674936,0.00508512610767511,0.00511577831920885,0.00507655157978569,0.00511586708329978,0.0050866452441227,0.00503054576615535,0.00504995446672106,0.00501110487655922,0.0050947957203716,0.0050867439452786,0.00509421166517717,0.00508522481000954,0.00515630968749095,0.0050866149594042,0.00503158460254237,0.00509500489887479,0.00500854217622694,0.00496156723213332,0.00509703890633794,0.00499879329198035,0.00504623709498467,0.00501353677723838,0.00503575206730583,0.00511214853350413,0.00511563838697348,0.00507830811625128,0.00506695821563154,0.00508711975389688,0.00503212247359595,0.00505385868940475,0.00504571778946755
1940319,0.00502415250152096,0.00504514327823477,0.00502345572241004,0.00504292763627029,0.00500378252034589,0.0051334277128996,0.00502098324239113,0.00505252947755086,0.00500121846464633,0.00497057051988853,0.00509585180203882,0.00512391355414611,0.00507016064517524,0.00501991929762293,0.0050357882252186,0.00517929736703398,0.00510110717857422,0.00510687613621125,0.00507060107750273,0.00511889121012366,0.00508620893642055,0.00507051833885248,0.00508027939589613,0.00511747925471681,0.00507680710535417,0.00500899633245867,0.00509837184649179,0.00500806150478525,0.00512879305938693,0.00512160590011201,0.00505964611622613,0.00504054118200691,0.00497042639969042,0.00503338682694119,0.00499562766908825,0.00496650283868818,0.0050134999740012,0.00504936510195812,0.00497200298444134,0.00504333599667862,0.00509484289487859,0.00500746054126569,0.00504998399838299,0.00499222294805233,0.00500418675392324,0.0050468244732795,0.00500011508102637,0.00502986141524831,0.00499777101209874,0.00504177319603177,0.00512578395919495,0.00502101635807674,0.0051349657965423,0.0050635418816988,0.00507714275136309,0.0050459338527704,0.00509074982365053,0.00498749637021694,0.00509081701589537,0.00506834726053553,0.00505425561121388,0.00503583829971275,0.00507405966407909,0.0050470253216798,0.00505111018822481,0.00511171306923663,0.0050821672341881,0.00513590003947671,0.00503623214687257,0.00504437861427493,0.00519255566677348,0.00506071313888235,0.00511936636639892,0.00510927346863485,0.00504248648679715,0.00505678042014621,0.00502460934644912,0.00507753820180355,0.00517831508348907,0.0049820549707162,0.00505858370191404,0.00514970492484275,0.0051340473400712,0.0050873277780781,0.00504506177482746,0.00514289263634649,0.00507119950816676,0.00511684073041418,0.00498092013609676,0.00496667784128609,0.00503712809470162,0.00499348751210432,0.00506843723338531,0.00500720144434602,0.00514384280472176
2212991,0.005012516747175,0.00502597161395458,0.00498781350735121,0.00507018327834666,0.0050490144527332,0.00503196035312133,0.0049827229790755,0.00505252947755086,0.0050144506599006,0.00507131660058614,0.00502917979521621,0.0049937358076893,0.00496529804760978,0.00505176221418555,0.00498762406973568,0.00495508027793528,0.00500109937654711,0.00504167150233527,0.00505748269236213,0.00497055500482222,0.00502705274040058,0.00514042402116336,0.00498020030615634,0.00502751519749967,0.00505595593331433,0.00496944276598932,0.00501944425151032,0.00500505285692843,0.00504596469289363,0.00499608477249897,0.00508471118339177,0.00498146166815276,0.00500536788580423,0.00497384793217893,0.00497183267092906,0.00499173384254572,0.005106630004478,0.00510832756540233,0.00501920101833334,0.00503065898956506,0.00501085753094336,0.00498761139477899,0.0051236756556452,0.00504571255527435,0.00507469631095591,0.00505559583886417,0.00495532678968103,0.00501360427257415,0.00511008435596073,0.00504386782552742,0.00504743958205336,0.00503438027994234,0.00508225893694217,0.00495180075541355,0.00497041001713394,0.00508936197199507,0.0049696987037626,0.00507445013818671,0.00502661371216649,0.00508779711430584,0.00501117774250108,0.00497286960758077,0.00502488755019504,0.00511294331282042,0.0050003401591945,0.00500059623666259,0.00502703171823709,0.00505655382089359,0.00505073951298772,0.00500075193943624,0.00503839220725735,0.00507747268696449,0.00516633966027469,0.00504133287476366,0.00512510309115413,0.00500305212818216,0.00507494507888919,0.00499493970763764,0.00503158460254237,0.00495841428807835,0.00510511354158802,0.00497812334909175,0.00501953067719848,0.00499921893854813,0.00501215281042556,0.00505000715161247,0.00501212044006521,0.00501495302608158,0.00498509744620147,0.0049934551969631,0.0050738954530571,0.00496912224472335,0.00501557397546409,0.00508225875161441,0.00503077489374356
248315,0.00513635441842838,0.00501578666730572,0.0049495505411851,0.00501377043776998,0.0049602467854231,0.00495026420682928,0.00494137097731012,0.00496761944393872,0.0050183100501831,0.00501018009007733,0.00501526980818128,0.00502701432933991,0.00490800198914618,0.00501875431287064,0.00501622153705366,0.00498051502626236,0.00501315705480569,0.00500968432345271,0.00503124592208094,0.00489819588028493,0.00499808660303908,0.00494602338777075,0.0049833156085607,0.00493659913967705,0.00497799068133924,0.00513438955381894,0.00502189977668752,0.00499101250026326,0.00501414647893584,0.00502841076152808,0.00503108359782808,0.00504361468272764,0.0050066781915335,0.00502868638788101,0.00498174725349539,0.00502177075189993,0.00507481057739843,0.00497200034100584,0.0049896426536737,0.00500424855807848,0.00495877045427199,0.00494038411520718,0.00500840084892789,0.0050259171888221,0.00501334901274669,0.00493827882416921,0.00503619453794346,0.00494167873225816,0.00503509360021288,0.00497893431116224,0.00491466647973973,0.0049440147130416,0.00497091569603691,0.00500186658472317,0.00494539453254898,0.00493012553483797,0.00497226645479053,0.00501433395292366,0.00506015813490124,0.00497631624513457,0.00502725157411033,0.00502258173294812,0.0050589850014285,0.005059062520062,0.00495058553074481,0.00493860117458623,0.00508880391666369,0.00501020305954305,0.00493504326821944,0.00499897849736963,0.00502407702887372,0.00506607619426864,0.00506733441010576,0.00502689989886356,0.00496992755601406,0.0049872496893692,0.00492531694273173,0.00501717776375923,0.00506451230889655,0.00498161718029698,0.00500898113697858,0.00502929680150871,0.00498182397113063,0.00501241398214923,0.00501097749026835,0.00500213978524648,0.00494565648845097,0.00505550701366133,0.00501277212564513,0.00502718770995881,0.00506834566311665,0.00504465457360434,0.00490479097408137,0.00503695389047043,0.00501583199801957
1302,0.00507651339607775,0.00500320526262184,0.00497313730115051,0.00500806576849818,0.00498229735246192,0.00493273124392641,0.00488185501215246,0.00497947625043411,0.00501775870871417,0.00503558187965493,0.00496682468092169,0.00496681935635424,0.00502151304836652,0.00491662398291977,0.0050102010176183,0.00503764538404318,0.00503798168651455,0.00500476321900924,0.0049684157616707,0.0049664201977058,0.00496667262308365,0.00499982719943698,0.00501368980700312,0.00498134316813425,0.00502422588890586,0.00483310919645667,0.00494648007481634,0.0049529029607435,0.00500657071370779,0.00492145988293177,0.00495705421340864,0.00500809867439914,0.00491408325333189,0.00498442392006433,0.00497051072658688,0.00499293531891989,0.00502436514422349,0.00497725814029386,0.00502253825305297,0.00494156780068364,0.00500358956675665,0.00499582483470452,0.00493997288147013,0.00504613373328397,0.00501892603985662,0.00496495839448924,0.00501566657107684,0.0050544934496031,0.00494869872031904,0.00493033890686314,0.00495672504009995,0.0049707425567728,0.00507105872927715,0.00496304742721499,0.00496240506206675,0.00497493232451421,0.00492531329313702,0.00495904853254782,0.00493066944929075,0.00499054784545431,0.00498996028477686,0.00501015370160628,0.00499186686057947,0.00485500334748755,0.00497698594584056,0.0049640089869126,0.00502396863401759,0.00501059586260535,0.00498473099716381,0.00496528309810398,0.00503178520184952,0.0049058549146034,0.00490545721274928,0.00497268823328758,0.00495448184302558,0.00494887233796631,0.00489497759715141,0.00496453256967546,0.00494551042277442,0.00495666312640148,0.00503444086057377,0.00495253662288326,0.00501254795385258,0.00500262411109035,0.00492165315832033,0.00489443821092299,0.00498590410359515,0.00491842783250332,0.00500807265177734,0.0048926054158419,0.00501146031622703,0.00496703379323356,0.00500224324085787,0.00504912534570314,0.00499839861967491
1463165,0.00483881155729612,0.00497025396464026,0.0049338260345415,0.00501377043776998,0.00494271941162302,0.00495287549917651,0.00496301314645836,0.00493396141259698,0.00487716663413752,0.00481557654958451,0.00492125748201415,0.00497562837679117,0.00497881126894554,0.00492866215869345,0.00485855918434003,0.00491908032645695,0.0050514579151565,0.00489321818495725,0.00490006207067495,0.00489147681872075,0.00493933838078476,0.0049248160459461,0.00491516836846551,0.00492469913210865,0.00491317073347624,0.00492904763427594,0.00489386167816203,0.00494120266352252,0.00487222714366378,0.00497854620398318,0.00489701463391887,0.00494355515926369,0.00494553059083432,0.00493898634248261,0.00493812309020353,0.00488360096887055,0.00493433944809592,0.0049889004101459,0.00490478154223151,0.00489614185852671,0.00487640019348936,0.00490581922218724,0.00496418585457057,0.00499475001611006,0.00496315576875734,0.00488601610422721,0.00481100896201269,0.00491753933859047,0.00494455176608413,0.00495966371980225,0.00493528342109278,0.00486255842738458,0.00495971548837188,0.00492676784075874,0.00492104612755296,0.00488256140425858,0.00488496291984105,0.00489034432081861,0.00492742321483255,0.00501521595267519,0.00483436559479928,0.0049703840013124,0.00493766985914522,0.00481946495226391,0.0048652918819739,0.00495553971613715,0.00491420811615215,0.00490100380822569,0.00491618369226975,0.00491207983610558,0.00498939025048259,0.00488976574844455,0.00495315317268467,0.00488045799704793,0.0049519674246321,0.00486173317536914,0.00492393788156899,0.0049609018666352,0.0048444165874765,0.00486428934794619,0.00492909028017987,0.0049314652012998,0.00491060019300247,0.00487790966673151,0.00493046805949941,0.00484771054375619,0.00491020904759004,0.00494591070011935,0.00493758054376046,0.00482757469491202,0.00493376325706072,0.00481596913547158,0.00494432349739637,0.0049504013199267,0.00487736116431059
333367,0.0048612519406776,0.00484084523074895,0.00483266504180098,0.00474882024270199,0.00487147911811301,0.00485178118116214,0.00481074502780825,0.00475457940465062,0.00483085395074756,0.00478543883313651,0.00481909102551619,0.00487187769164513,0.00488800242156926,0.00479857219468759,0.00485216238243995,0.0048189065484303,0.00479115391980935,0.00473123183035969,0.00486899221113143,0.00482893786108495,0.0048275535689953,0.0048537321779783,0.00478588331868492,0.00481426706187385,0.00480755501423093,0.00477462041199668,0.00482335302664525,0.0047623552631447,0.0048096008177786,0.0048654052423813,0.00483755796296782,0.00480080812578951,0.00485948718127905,0.00476977053631618,0.00475437282664088,0.00472060067410834,0.00482413557869837,0.00474215940070102,0.00482087392642351,0.00481761484223993,0.0048477321125307,0.00482265814294123,0.00482469807475282,0.00479763870760685,0.00483966445418034,0.0046934115349305,0.00478239422031983,0.00483920946934223,0.00486541405610138,0.00483063454287015,0.00484456887913937,0.00484219435597033,0.00483453669682158,0.0047704028231323,0.00483732763914196,0.00478812247832558,0.00476721319413188,0.00479050851314961,0.00481344431607791,0.0049189154571783,0.00481636290339691,0.00480633398760014,0.00473380299282302,0.00477934095765658,0.0047657826250745,0.00474617934256777,0.00478862166315263,0.0047772708436035,0.00482841412727312,0.00482092491388165,0.00481320343960702,0.00479591227918457,0.00482596394619028,0.0047952682368571,0.00479786949737495,0.00482967679949143,0.00484946857878094,0.00490961818619153,0.00478664868159197,0.00475484174314136,0.00467449304422793,0.00483062339800755,0.00476361386657133,0.00479405729287932,0.00480764710307088,0.00471835468464808,0.00479242015556257,0.00483430344504449,0.00473654749497156,0.00484426707247691,0.00485745364537952,0.00477037127794435,0.00478435468212174,0.00478270571449823,0.00474536558541534
137838,0.00479476191584358,0.00483185851311761,0.00479807112718505,0.00474438327771281,0.00477762285840935,0.00488983144107899,0.00482272551430103,0.00479550451094115,0.00479336273086046,0.00488532383622132,0.0048349196314525,0.00473191214470284,0.0048063825647013,0.00476672927812496,0.00479158090562158,0.00475316750660032,0.00480817652440971,0.00484523741663341,0.00472676129855442,0.0048165334397357,0.00482673762146399,0.00472530994137348,0.00487505885000948,0.00486424709366115,0.00482568646817862,0.00477630354248474,0.00475635226823876,0.00480213627369603,0.00482323719518909,0.00480419219932618,0.00484105541420024,0.00484110513523915,0.00481974124082458,0.00480619893903256,0.00471868032940209,0.00487959604762332,0.00481171824130146,0.00486797102652147,0.00480657149191078,0.00478838729806144,0.00483400373573359,0.00485551190264336,0.00475732284525594,0.00482712116828041,0.00475441561121429,0.00479208939775804,0.00483091486927729,0.00474117397261016,0.00479871720882334,0.0048243506543832,0.00488209171240192,0.00472319181364329,0.00479895956659149,0.00479180777914149,0.00482832206469138,0.00472263563187569,0.00477895148454526,0.00476903844698423,0.00478675305497714,0.00481217845478028,0.00491409179958118,0.00486018879008144,0.00479984437205416,0.00484640534864312,0.00483686066571693,0.00480309284217887,0.00479219526140871,0.00475213144761677,0.0048135440770051,0.0047638200793367,0.00478402249905575,0.00491121796998968,0.0047732093238375,0.00478013121335212,0.00478062777124827,0.00483915826277921,0.00489084041366319,0.00481295071774461,0.00482130942512268,0.00479380509045188,0.00496376817955953,0.00479751116409069,0.00474790273904306,0.00480171893109931,0.00480412114259924,0.00483232460456712,0.00484152963092198,0.00474247044837628,0.0048743987284268,0.00489295317370784,0.00496775572044598,0.0048051788027743,0.00482572592745138,0.00484762014240603,0.004863912558159
2857061,0.00472910301631998,0.00470604446627884,0.00475404250858296,0.00477734358906098,0.00481324300516436,0.00475479032255056,0.00476552835298069,0.00483719457248945,0.00471838029108624,0.00480438254061811,0.00478503554001687,0.00480434186829536,0.00473503275604852,0.00485565644754986,0.00473212827619735,0.00486390648777821,0.00475923653618367,0.00476280891720529,0.00478544881102552,0.00477053371056557,0.00477778076958539,0.00479128833816128,0.00474966792823434,0.00477190303493033,0.00475361393873654,0.00477419962937467,0.00482335302664525,0.00473494313822698,0.00472323709417888,0.00472268943975278,0.00476352857854838,0.00479841762522893,0.00476558193734817,0.00470788142202383,0.00477221907526027,0.0047093868946161,0.00480007698749186,0.00475567945601306,0.00474602451914023,0.00479296510618578,0.00474840326864576,0.00475079054359283,0.00481890801596793,0.00467507590680678,0.00474365991607371,0.00488820894562338,0.004755023597831,0.00479240860406813,0.00474480680376958,0.00483147239466841,0.00477653297267431,0.00480273896760522,0.00479434771637648,0.00477294239418424,0.00475794516805903,0.00484533730206601,0.0048369092934613,0.00485169820172093,0.00475537278854786,0.00474244361321357,0.00490444750061563,0.0046861963512957,0.00481886716063704,0.00479539055549951,0.00474192071143026,0.00466826205143354,0.00479423731755505,0.00482322880189174,0.00480701576225328,0.00476311070251006,0.00479558475851946,0.00472217026762317,0.00475008400992943,0.004807941093745,0.00473105780863408,0.00482290432571445,0.00488256604668674,0.00487512650730906,0.00477913885382698,0.0047762934736831,0.00469907484631984,0.00467258773613162,0.00472730370517266,0.00474468229101711,0.00475945897662523,0.00481522911657926,0.0047628806215118,0.00473911887915481,0.00480703960298845,0.00473820092336669,0.00484496661801351,0.00477454818092395,0.00472367685563826,0.00479217240190145,0.00476528944638066
2565914,0.00460360309444576,0.00470005332119128,0.00462877060565558,0.00462395137086372,0.00472560613616395,0.00461974920402214,0.00466659272258874,0.00461268020433485,0.00473271516927837,0.00467651251511729,0.00457350780614083,0.00465214157074622,0.00460800847549242,0.00470886836876117,0.0046177384069254,0.00473516753086115,0.00464504323032293,0.00466971802481631,0.00473780835972545,0.00471471381449395,0.0045648184639135,0.00466718611563185,0.00467606890893153,0.00463957495076967,0.00465887709185984,0.00469509249643597,0.00463497916662282,0.00460757704562146,0.00470404515560117,0.00468382947421779,0.00464403232810756,0.00464405958903197,0.00460092018403681,0.00466910279977736,0.00470413894163814,0.0046689371900191,0.00469375353603084,0.00467117911031276,0.00475031524949405,0.0046911969101908,0.00462202144695476,0.00465804711776704,0.00470310684027017,0.00466328292253736,0.00469107651760867,0.00467659975089322,0.00459453222051018,0.00468550557496834,0.00462350839239863,0.00467563196019199,0.00456624017087321,0.00461564406148677,0.00470540489080127,0.00460750747994374,0.00461919261356113,0.00469713022852152,0.00457206411600952,0.0046375342917213,0.00465582159849634,0.00463618099749287,0.00463826484916638,0.00468702488671849,0.00466453132873819,0.00471800856589965,0.00463936525278905,0.00461134855182245,0.00473859128756745,0.00461150795131599,0.00474136993058225,0.00469394646191214,0.00470583960172971,0.00460552381297149,0.00467348140760895,0.00469212526274177,0.00479355906584328,0.00466623443234028,0.00460261663065019,0.00469903740985645,0.00472252630606014,0.00462525577905243,0.00464639955612289,0.00459131225288114,0.00465992042488475,0.00473616935966156,0.00466425804389116,0.00476223310381691,0.00463032196245894,0.004730404799179,0.00466396673190233,0.00463526459504988,0.0046195064016827,0.00472233689367902,0.0047416043952811,0.00456091475247993,0.00470203118781576
2382163,0.00465097723714,0.00460359588528155,0.00474093875304662,0.00465627783007058,0.00468602819532505,0.00471636702086982,0.00466234158222034,0.00474501746392854,0.00469301858351555,0.00463561132850929,0.00463346464680864,0.004678568632057,0.00461395429288015,0.00466537560467563,0.00462225379650193,0.00466042850116159,0.00468830901701551,0.00466684738055762,0.00467843040593117,0.00471006215648798,0.00456889820157005,0.00469192801442728,0.00470371721777015,0.00467051497044752,0.00466884939153107,0.00459705014550663,0.0046774246732573,0.00465136958664856,0.00464091377870079,0.00462502368566483,0.00464053487687514,0.00468401509840154,0.00464983826459615,0.0046730198323275,0.00464597339058234,0.0046829544143844,0.00462623426393516,0.00469709254966085,0.00468500079855259,0.00468063273759616,0.00466643678365128,0.0047463415969665,0.0046820520810524,0.00470624307951883,0.00463650132374722,0.00464151428855454,0.00468721910121096,0.00463771942832004,0.00466808815042385,0.0047091460321224,0.00474973094891534,0.00460991666640151,0.0046757572822762,0.00464451265812911,0.00466622172458085,0.00472952898413357,0.00456876272183076,0.00462304199705967,0.00475212655408966,0.00467840141177475,0.00471091856804021,0.00469945291806033,0.00468391303786037,0.00462572337830278,0.00476984422739693,0.00466182540564419,0.00466252469611652,0.00460168787475867,0.00465142426066835,0.00471451838988485,0.00472125594768133,0.0046511097837549,0.00464529743128349,0.00466748359657087,0.00469801116689129,0.00466487993758488,0.00462399207867268,0.00462370032177106,0.0047092396877067,0.00460993311437975,0.00468546706301896,0.00450853166808899,0.00462326112731879,0.00473446677339045,0.00474124151418846,0.00470923709105456,0.00466724638002241,0.00464091790096582,0.00469268573887217,0.00467908208615771,0.0047020595270469,0.00462522389940347,0.00463449883792769,0.00466775308174485,0.00470551786348469
2985571,0.00468006662300488,0.00461557817545667,0.00459941819325419,0.00462078211015716,0.00459556433055044,0.00464436996043892,0.00458582105558907,0.00463448142918121,0.00461031736317634,0.00467952628676209,0.00460804294636549,0.0046805261921541,0.00461935958141446,0.00464595919213744,0.0047121853055677,0.00455634168493077,0.0046230556993808,0.00460369320686642,0.00465909804888187,0.00460565827679846,0.00458888891608714,0.00455329483546245,0.00463479115207388,0.00464433495379703,0.00464754493314253,0.0046605883214308,0.00458481629514571,0.00466273558966322,0.00467424714570419,0.00466457143820045,0.0047361318772278,0.00460683608030306,0.00460354079549534,0.00465891851514697,0.00469752921992725,0.00469977508362276,0.0046533971894909,0.00466629686811674,0.00469548925052859,0.00465985653149338,0.00465634238894753,0.00462382445141066,0.00467678839124796,0.00466665234661434,0.00459069002962995,0.00460496693195175,0.00455285422717492,0.00465102072687163,0.00462800092615311,0.00464211788826157,0.00465448067986426,0.00466528148555901,0.0046335917945961,0.00467680149007518,0.00466021800828046,0.00456822454129911,0.00471182313624377,0.00453501472578163,0.00465942852567212,0.004683145278548,0.00462604873714335,0.00453954558146202,0.00467494002437788,0.00464521217568348,0.00464342685511148,0.00463506250999374,0.00459054221695826,0.00464882424223379,0.00464816010329245,0.0046776307948993,0.00461334152602004,0.00464775787413848,0.00450799087995433,0.00463016907351207,0.00466460532252086,0.00460167018233305,0.00460882240588252,0.00464412302637252,0.00467284590699945,0.00459154591677254,0.0047039034145879,0.00452960308967244,0.00461243790613265,0.00467870707301158,0.00471068319010098,0.00458500987834281,0.00467536975188638,0.00457388651653648,0.00459765193399015,0.00462796167986524,0.00470483442201713,0.00467813133714499,0.0047268946191639,0.00462785775625985,0.00469555593300203
1548,0.00459279846541023,0.00438851377663813,0.00454228581911576,0.00454471985319984,0.00454637460407924,0.00451940096953554,0.00461944371123008,0.00449908434855645,0.00449674102057717,0.00451807423436208,0.00455815885492987,0.00453762430506617,0.00460692741778556,0.00448091968556285,0.00458801209221329,0.00449686350422745,0.00451099021909511,0.00452659590391872,0.00451617669498167,0.00447231074729403,0.00453952409044289,0.00451520016588854,0.00452030378871396,0.0045400908874978,0.00452833062343645,0.00448428040280679,0.00447922871252605,0.00447753659936544,0.0044606105662733,0.00458994654863325,0.00452278735205053,0.00454673206620867,0.00449653249427178,0.00450497913592612,0.0045897907560398,0.00449992951338605,0.00459674308761751,0.00454611859867631,0.00449906914988713,0.0044686450075305,0.0045755872313175,0.00452936989226705,0.00461415048257508,0.00459336737294007,0.00456121145776318,0.00451104022548257,0.00459639839931623,0.00450667700555255,0.00459102391755855,0.00450135878615383,0.00453861346946012,0.00446991367542852,0.00450314231708578,0.0045672371389773,0.00445842643262846,0.00457856456968593,0.00450053390880302,0.00450710363976664,0.00443291349903316,0.0044146424191823,0.00463247826978705,0.00443763572445895,0.00450947765576075,0.00449044819648376,0.00450228617440723,0.00456053292716969,0.00458084245026317,0.00461386476968974,0.0045861411131502,0.00446730056579896,0.00461334152602004,0.00446273246331167,0.00449859622117917,0.00451646538532349,0.00457372705772817,0.0045113705319733,0.00444816178042312,0.00452204063664378,0.00456944135546614,0.00450486341376711,0.00445501266840729,0.00456497297590182,0.00450315828576935,0.00459144952661717,0.0045167553641612,0.00460837371192621,0.00447634714121928,0.00452931064589096,0.00452298251586856,0.00453580584539242,0.00452446624895248,0.00453124358236261,0.00449935276985084,0.0045169622752507,0.00451723737736241
2873296,0.00441743102491049,0.00443883939537364,0.00444426972770396,0.00445471284913368,0.00442764078156256,0.0044690403314103,0.00438563099096787,0.00443329819638849,0.00448571419119861,0.00448320059104367,0.00451690854855041,0.00446127946127946,0.004514496983849,0.00446266825777695,0.00447399850540605,0.00444208096936913,0.00449254906411138,0.00437732240246679,0.00444298991472359,0.00443458063235673,0.0044868954746734,0.00453954933613165,0.0043956916925399,0.00442727881574933,0.00440503673659213,0.00446239970646204,0.00445186714626581,0.00447385936309599,0.00451263082083921,0.00442522156198491,0.00450063682757857,0.00447672454979191,0.00444280995937179,0.00445758304206932,0.00435911146832985,0.00445507439541709,0.00434296375456822,0.00439176463386376,0.00441516153407913,0.00439504793845454,0.00446010735590655,0.0043585987871487,0.00447676817867911,0.00445816923185133,0.00435565817285438,0.00445183350778605,0.00444088349881156,0.00450421380211707,0.00445555674588501,0.00443181708689822,0.00441821053195832,0.00444700409508749,0.00457297890605595,0.00447581258110755,0.00444475130105535,0.00434763726904685,0.00442423502111608,0.00446201650081935,0.0044798035523183,0.00451473800809778,0.00447045404716577,0.00445503496833752,0.00442441348794673,0.00447726459825564,0.00443476203579693,0.00441689409481789,0.00455480623439741,0.0045411962031656,0.00440770050993392,0.00438997849169462,0.00447459441245553,0.00452574836410051,0.00446752158061521,0.00447070229100611,0.00439664016230212,0.00441971638685815,0.00436610764124,0.00446667241527981,0.00438573941475335,0.00449172970119053,0.00448837368553203,0.00442274088021348,0.00447033948604363,0.00445907344403833,0.00448208341952348,0.00439866905927519,0.00445234626980303,0.00438787442474504,0.00442272707335565,0.00446799306153506,0.00447313069200331,0.00438087507509724,0.00447958650819335,0.00436887623658604,0.00438125702627409
2500132,0.00434512312290349,0.00446879512081144,0.0045857902874964,0.00450478716829725,0.00445477994099494,0.00438622505982657,0.00448611249058469,0.00445203960020378,0.0044757900447579,0.00446339580594927,0.00445551274370657,0.00450875029363401,0.00439449957838749,0.00440558400491468,0.00446985939829424,0.00445655921072454,0.00438686706055082,0.00443555547171452,0.00453274728673821,0.00443768173769404,0.00442773927865343,0.00444607994068228,0.00442295058857798,0.00446916684239011,0.00443404706290844,0.00445903344548593,0.00449010318116795,0.0044618247716687,0.0044934388822615,0.00444757463950504,0.0044749888518742,0.00455253756757006,0.0043392958067596,0.00444974897696902,0.00436043341267203,0.00451594919837496,0.00450826955866455,0.00444321595546794,0.00448142948065477,0.0045147752278604,0.00454651537457069,0.00445031553298381,0.00454519614613687,0.00437730305400387,0.00441461531658791,0.0044576810848425,0.00436872458497739,0.00447022159470746,0.00443240291807346,0.00446281760343385,0.00440130464004882,0.00443809481384375,0.00448601258771574,0.00442030481382949,0.00446142829077866,0.00448688298465609,0.00443047098789819,0.00445933274254868,0.00440153323260388,0.00439898765883059,0.00446402451452206,0.00443515011819058,0.00441292803068914,0.00437007621266176,0.0044291773326036,0.00445551396955399,0.00451958076587316,0.00444535225596619,0.00446319118532435,0.0044492114567195,0.00441403019621705,0.00437223090366813,0.00446029492001893,0.00443092360133023,0.00441783311733282,0.00436869708440489,0.00438886215042523,0.00442083478939653,0.00446603680393284,0.00444007043172264,0.00443569839533508,0.0044430597510261,0.0044724343030474,0.00447737624645277,0.00440157398875454,0.00446591131202742,0.00441025243378067,0.0044478675138093,0.00442794871098653,0.00444399776878553,0.00440237087026256,0.00437983084935234,0.00439086817098644,0.00438104769181875,0.00443355716130806
564,0.00439997739339156,0.00430224128737726,0.00439028225489425,0.00430892685663215,0.00433152292523953,0.00438324072571545,0.00425655091069088,0.00431855490772345,0.00439143480001191,0.00444660479249967,0.00433751768127231,0.00435312426591496,0.00438152688590517,0.00433218996552033,0.00432348551952191,0.00436029847090206,0.00433296214598302,0.00437404166617114,0.00431456782861037,0.0043410306213478,0.00430371525389431,0.00439659614309143,0.00426796429396149,0.00438205878698939,0.00440594330928951,0.00431807126711113,0.00432382904774032,0.004388614340486,0.00433232760841173,0.00437294974993784,0.0044260245346204,0.00435071102024173,0.00442883336492626,0.0044070533221724,0.004367704106554,0.00438418728934114,0.00433753116945708,0.00428360419136737,0.00428405588437912,0.00430771744500556,0.00442174865603229,0.00437536789366333,0.00435780878909869,0.0042888556719832,0.00428833548845595,0.00437362216465607,0.00434570837970269,0.00428794454048201,0.00442307227104493,0.00445862834444255,0.00443511642386782,0.0043617295460403,0.00428177350676525,0.00435862951685386,0.00439138493394078,0.0043800360246589,0.00436921178480339,0.00431494654758652,0.00436041426279999,0.00434870267103419,0.00437529696403898,0.00439703748874228,0.00430489294835995,0.00440848060750021,0.00437637650241208,0.00434913992861421,0.00444708777267831,0.00432790414034068,0.00440080951102923,0.00436834249848193,0.0044041196881053,0.00431860034980529,0.00432949236322641,0.004354182412398,0.00433198368932708,0.00433257722426099,0.00433025205100871,0.0043672819195527,0.00435338938745801,0.00432887166524093,0.00439970361370049,0.00436103171700479,0.00433941342330805,0.00439224693289724,0.00438982078718243,0.00438955146568166,0.0042891403441725,0.00435804545867398,0.00432560461342128,0.00428994103417625,0.00433646711471971,0.00436869244140675,0.00432145641493337,0.00440606679424155,0.00437428367493623
1156431,0.00439665289214985,0.00435975628021784,0.00432528762743402,0.00446485448339466,0.00434961569819445,0.00433138792053464,0.0043465977930398,0.0043311766694766,0.00431534967729984,0.00439063474766766,0.00433895664544834,0.00435703938610915,0.00431612289464012,0.00437762437085969,0.00430467139628639,0.00425621165467125,0.0042719644794984,0.00439167562376024,0.0043124965046408,0.00432449139288214,0.00434573655175678,0.00430548311895591,0.00432092443483547,0.00422593068769192,0.00432797805731443,0.00434037274607789,0.00433049404464987,0.00436387656921879,0.00429798413937792,0.00434956499191678,0.00429545302194359,0.00428548450494612,0.00419079449077588,0.00431617816700895,0.00429367522339207,0.00435695382485999,0.00424440113898027,0.00434068886935157,0.00441706852534749,0.00432743723384888,0.00429577061012944,0.00433156288072716,0.00433833313682225,0.00432002284469524,0.00432378944651193,0.00433013081029875,0.00430838480358157,0.00435100254843027,0.00426721590771644,0.00436143753584435,0.00432502195704254,0.00436427505496708,0.00429099720719528,0.00435500155820824,0.00433735148723727,0.00432833588272478,0.00438461829097094,0.00433910037202257,0.00432470568375977,0.00429319942978721,0.00429749961905019,0.00424541550637185,0.00429986806080975,0.0042806570246797,0.00437434570125087,0.00434642976196606,0.00426534477565461,0.00428548140961307,0.00433552636351107,0.00431088297552366,0.00433694846645899,0.00424955101170688,0.00433527369170343,0.00439008884024702,0.00435569106275126,0.00439668997601641,0.00428474303263824,0.00434095932251081,0.00427713575169043,0.00433543852152922,0.00423289852807681,0.00435275365852557,0.00436210727418222,0.00432712300802727,0.00431871391767117,0.00431889011533186,0.00435929673754309,0.00428900313271175,0.00428853098624203,0.00439565942542054,0.00418592906258498,0.0043359733680666,0.00430674663881616,0.00436143812505494,0.00430405206503347
158836,0.00430439798269265,0.00430343951639477,0.00421154702937862,0.00431019456091478,0.0043790164542462,0.00434481742403471,0.00425964264914063,0.00427456998040185,0.00431314431142413,0.00428644435651885,0.00437301213094766,0.00432425025448281,0.00432585241400186,0.00433063665251728,0.00435095413944577,0.00425190731264667,0.00428473143294867,0.00428669206229954,0.00434908989476984,0.00425730077724037,0.00438734987585358,0.00429841400501436,0.00431002087642024,0.00433636275792671,0.00425681210056974,0.00434415978967601,0.00436662534368583,0.00429902349319394,0.00420404465055015,0.00424020685881831,0.00434033697942624,0.00432236651359495,0.00435414593835798,0.00426799866664212,0.00426921925306179,0.00429287508490433,0.00437633534882241,0.00424567292507523,0.00427499767585439,0.00422602117694038,0.00424327975766992,0.0042148635884519,0.00424832404116627,0.00434908412735918,0.00425925527566847,0.00432318681254422,0.00437743341940565,0.0042066588271112,0.00430108270063483,0.00431828816823394,0.00425203798465275,0.00426118194343243,0.00419348951693504,0.00430493572889861,0.00432267573628076,0.00414910872401982,0.00430465118752983,0.00427576367683471,0.00429621095907112,0.00431644437697612,0.00425570765686613,0.00433904000914703,0.00432786386287513,0.00440504140796243,0.00427179024260966,0.0043047609497508,0.00430516487050811,0.00434911550570448,0.00428221179303792,0.00428144383721788,0.00429620526644401,0.00424619910209045,0.00428613239964878,0.00431229157990747,0.00426373519007566,0.00426801297425376,0.00422613293322172,0.00431554440122899,0.00423785357568895,0.0043621437371016,0.00428469589677048,0.00428652919069185,0.0042880904067157,0.00427264024735173,0.0043545611824661,0.00435137154250879,0.00431498743646692,0.00428464609272384,0.00431933864826422,0.00429550516003121,0.0043080244412749,0.0042719275223795,0.00424974625636198,0.00421132351051817,0.00429409013455081
2596949,0.00428694435117372,0.00430343951639477,0.00431323217234059,0.00434188716798032,0.00425575943849079,0.00432765750289574,0.00424418395689189,0.00430478571308364,0.0043892294341362,0.00425501502365165,0.0043159332186319,0.00425230992091457,0.00421504399904867,0.00430617197271916,0.004192162939338,0.00431725505065624,0.00430246331274071,0.00425593515952785,0.00417993177058844,0.00433327785800452,0.0042249763171229,0.00424578837900505,0.00430690557401589,0.00432969875368841,0.00425545224152366,0.00426547343935933,0.00429366116699185,0.00425255659851634,0.00430707505765157,0.00426221604283813,0.00431702063787681,0.0043756405260877,0.00427814820606043,0.00430051003680835,0.00432143605457779,0.00426323866767484,0.00428087706758369,0.00424679959635124,0.00429931181452603,0.00428940621250819,0.00428607999121384,0.00423847722823781,0.00437623170341424,0.00429390980809866,0.0042771814342361,0.00425155399360275,0.00428972301552101,0.00428646661842072,0.00429209763312587,0.00426801706033832,0.0042631711329834,0.0042923644277855,0.00437598701830048,0.00437713210594655,0.00427364538649424,0.00423527562724336,0.00433216280568617,0.00437935674608265,0.0042489602130684,0.00431170051020287,0.00426085128298109,0.0043647246072535,0.00434006716121131,0.00430817062098187,0.00423777432315936,0.00437353142844754,0.0043148646372032,0.00430119353210478,0.00429708184330594,0.00441303323856059,0.00421526945019805,0.00428239972594787,0.00433744168988231,0.00430419503245131,0.00423607658774745,0.00428200942005953,0.00422751199438446,0.00425654547682477,0.00428117950510235,0.0043371896832061,0.0042083167259849,0.00424513889829577,0.00422419848810074,0.00428413270468173,0.0043216522180642,0.00435593033930555,0.00434526545886897,0.00425615775434137,0.00430471806289776,0.00434836435565336,0.00428790645274076,0.0043342329918251,0.00431548056838575,0.00432221899152732,0.00435037504177785
45634,0.00419635169233736,0.00425071743962424,0.00419739497339938,0.00423223074753352,0.00418960773737435,0.00421499889020075,0.00423258993770533,0.00417742066266544,0.00427179370125452,0.00422918269526765,0.0041907433353175,0.0042591613812544,0.0042263951049707,0.00419045015399157,0.00418651870236734,0.00424016819803417,0.00428260360737362,0.00422968926916268,0.00424276193099868,0.0041771888893598,0.0042784208804237,0.00420415915246037,0.00417333698342932,0.00411835461927354,0.00418383299843027,0.00421245482898553,0.00424349829551474,0.00418770352249148,0.00419798403836772,0.00419790795828022,0.00417245932027035,0.00418849848220289,0.00415628977323849,0.00420806806862484,0.00422956092279647,0.00421918453395532,0.00425449022561526,0.00421525280062312,0.0042220786681573,0.00417284817488072,0.00426548742601818,0.00419569889529233,0.00417410601492361,0.00420462007005875,0.00417360807362313,0.00413789171456807,0.00421134350566665,0.00428843718116911,0.00422643752440655,0.0042386922473992,0.00412874867536152,0.00425800005727395,0.00419678369566005,0.00422004149659099,0.00419092751746665,0.00422011025227601,0.00412197404297168,0.00420437570683483,0.00421361232674576,0.00421824633476993,0.00420620025550963,0.00427524278159226,0.00421911093946733,0.00411098984748296,0.00418598889354845,0.00424174957518138,0.00425972912125219,0.00429058784942287,0.00422599574934173,0.00419064360340728,0.00417177333126314,0.00415033448706062,0.00420085780461278,0.00423167812914838,0.0041804001804634,0.00420660921200913,0.00423992354484914,0.00423203823130301,0.00430775274180923,0.00426101415026193,0.00420129335395864,0.00422707767979567,0.00421896144559132,0.00422028571951509,0.0041911916806138,0.004301794627344,0.00423818464793491,0.00419415372374423,0.00425511250540439,0.00420960896714523,0.00422547131591069,0.00421101435392709,0.00424239136830337,0.00411598044452859,0.00421439469068953
1314,0.00424123245910032,0.00427468201997448,0.00411457923840973,0.00410102335428215,0.00423201267398745,0.00415568524974214,0.00423684107807374,0.00414108528792151,0.00420508138351423,0.00421497491465645,0.00409577169969969,0.00418232714744343,0.00416099111370565,0.004110842862585,0.00421850271186772,0.00412786400157461,0.00417337522785466,0.00417596721232146,0.00415921853089276,0.00414979579221354,0.00411033568897386,0.00420887189508807,0.00425160895633865,0.00420213067255511,0.00416978112162081,0.00422465752502394,0.00411440782905616,0.00414558245249596,0.00415404460004505,0.00413669491522509,0.0041847003995838,0.00422572199093181,0.00420477108522141,0.00413286104366199,0.0042156805072036,0.00418314024273027,0.00406590191389973,0.00413300579747483,0.00420777623364457,0.00415559335964282,0.00414072070747979,0.00420528124187212,0.00415673583856895,0.00413428334245184,0.00417440479178169,0.00413387150534176,0.00419454789641215,0.00419385016924671,0.00416838016511789,0.00420308354597314,0.00420668071367604,0.00425863643450565,0.00418887766672003,0.0041841247059993,0.0041165481433007,0.0042090808886634,0.00417589681455812,0.00422208851142127,0.00417393612781219,0.00409490579866555,0.00415926466721061,0.00410539301992048,0.00420834332328834,0.00413793024386217,0.00419208129703209,0.00417670557562584,0.00412444290155758,0.00411696889588951,0.00414221571002677,0.00423923591603248,0.00420425777451832,0.00424485833824388,0.00418784981553949,0.00413416753587211,0.00423212535884343,0.00417590733088681,0.0042385444836864,0.00414853206137704,0.00410787578744877,0.00420322581492498,0.00416354272931749,0.00417816187969121,0.00414250062495374,0.00420113162396509,0.00422880192564455,0.00415591312984764,0.00423707691540801,0.00423638349593471,0.00423474811864396,0.00425899058410802,0.00413251233440814,0.00418212410831823,0.00416792312671001,0.0041382947791219,0.00416757361742103
1322,0.00426284171717138,0.00421237411106385,0.00415231805435438,0.00421511673971813,0.00415398759061935,0.00413404882743648,0.0042047642916576,0.00415944421410792,0.00423761053018098,0.00412283961008684,0.00414901337421271,0.00416177276642393,0.00415991005599879,0.00420598328402212,0.00416206034216117,0.00419321173958418,0.0041485505961458,0.00420836448324097,0.00412952955399562,0.00412240269506728,0.00413726195750708,0.00426974482069585,0.00418852408265053,0.00415500664258422,0.00416887454892342,0.00418847021953071,0.00418316253401779,0.00416564010487478,0.00415960016121228,0.00419756406477991,0.00414331389333357,0.00421411098820903,0.0042121961510206,0.00422099427604033,0.00415553203963454,0.00414108856963437,0.00410004959174123,0.00414840363824688,0.00414246178270311,0.00421087919622141,0.0041883662504815,0.00410295546946654,0.0041704214320605,0.00421093774020308,0.0041309836521401,0.00417919022752922,0.00420076849243233,0.00415197571084356,0.00416526994944172,0.00425754391286006,0.0041786416734359,0.00413263374262996,0.00415264170074495,0.00413950081465811,0.00419559707458917,0.00412842866724617,0.00413297869023422,0.00416733984269956,0.00417501820596492,0.00416843573365086,0.00418176803146356,0.0042189023728426,0.00423490344319652,0.00417920063831543,0.00419766600022542,0.00410725755526707,0.00415660528586233,0.00423323860232814,0.00418755122913659,0.00418354983514083,0.004137637136656,0.00411279309935663,0.00415460717679664,0.00412360682179886,0.00415884802280506,0.00413211200046233,0.00424199213659325,0.00412901703253564,0.00414138117286179,0.00410910087479282,0.00409594277356473,0.00413150373189927,0.00420255204572846,0.00414622321672178,0.00412302311149557,0.00415477343064845,0.00412778063942014,0.00418543964376841,0.00416686682944252,0.00418387488506603,0.00413667467686348,0.00422528543910737,0.00421389117707629,0.00412544713193181,0.00409883629709067
2860337,0.00409661665508632,0.00415545823273202,0.00414550410147548,0.00425821868532727,0.00406465452415442,0.00417209908735332,0.00415568294376785,0.00413687803400379,0.00418523309063282,0.00403070430551723,0.00411639685288942,0.00409276877300133,0.0041404510172753,0.00409530973255445,0.00410561797245462,0.00415486396518335,0.00409748278234472,0.00414767086177151,0.00413298176061157,0.00404280765807626,0.00417765136030693,0.00412129342792331,0.00411103093534229,0.0040283905620564,0.00414394379974534,0.00411399169543417,0.004197895685081,0.00409109249686683,0.00406061016223249,0.0041370388087254,0.00404655107590344,0.00407102245465477,0.00409732601542142,0.00404707803081373,0.00404713260357599,0.00406739801868536,0.00420792521037686,0.00411760795670277,0.00411004293114093,0.00410065966215072,0.00411568660861448,0.00409029308291468,0.00412094274789873,0.00408079373522981,0.00408835923065708,0.00409184204524855,0.00413856253223046,0.0040647783092276,0.00416319647232426,0.0040929060345019,0.00412462528709091,0.00418545305286067,0.00410652319859483,0.00409016057707761,0.00414923504315838,0.00410568060479515,0.00412380815084877,0.00407018779330123,0.00414435932497079,0.00406596821134875,0.00418884051737163,0.00403165336729224,0.00413655921542841,0.00410468464833038,0.00411389545232542,0.00408625376374393,0.00415813682797208,0.00412168253263702,0.00418029754607902,0.004111193398823,0.00406496007716982,0.00419122778438104,0.00419507647613576,0.00411832646476224,0.00415417838864575,0.00409644363857023,0.00412959865182981,0.00411222503097444,0.00408130255074188,0.00424569148558925,0.00403448826833495,0.00413902923960765,0.00413377222077137,0.00416410037256844,0.00410186734866578,0.00410291711708529,0.00410230279130135,0.00411204027781828,0.00417522144965193,0.0041609228659143,0.00412418764949747,0.00409336492000187,0.00410908402224118,0.00415249481022673,0.00408787817355974
2044467,0.00407085177046314,0.00403683355999832,0.00413082789527479,0.00407186615578184,0.00410084007006426,0.00402250934003316,0.00409075643632313,0.00404699579121617,0.00408158089447435,0.00408753542796203,0.00408857687881955,0.00407025683188474,0.00401396726557264,0.00411161951908653,0.00411276733928412,0.00416855959889793,0.00411592393732844,0.0040631919021586,0.00409017439857382,0.00407278500967028,0.00410217621366076,0.00403607133207241,0.00408766616730965,0.00405980658203699,0.00405555296175034,0.00403993395395965,0.00409511441694958,0.00404061407171346,0.00406061016223249,0.00406275781265851,0.00407161614306907,0.0040628264527328,0.0040584536121198,0.00409486582792554,0.00415619301180562,0.00406179112893924,0.00411169084555083,0.00414915475243089,0.00404997270618747,0.00404361313013969,0.00402362572891624,0.00404683029664207,0.00407672775354141,0.00403067355208477,0.0040776035355165,0.00404396500809889,0.00400793001580653,0.00406231510579212,0.00408405876234151,0.00406693262875583,0.0040380341334081,0.00405626847482651,0.00417833629480001,0.00412172381729455,0.00409053203933235,0.00405673780376418,0.00405631298097186,0.00404173995563211,0.00417105058607156,0.00408921315853766,0.00410718545279662,0.00404076725694292,0.00404288095467121,0.00403246145803718,0.0040778487317139,0.00409844951366059,0.00402489266442381,0.00414092988268937,0.004102683137363,0.00409133084767693,0.00408753401231326,0.00412754150166892,0.00407872724053578,0.00408523622733275,0.00407228018954404,0.00406709625220331,0.00405512934904176,0.00410723281429408,0.00406974896956498,0.00401804046759519,0.00407267785372774,0.00410441190414911,0.00415751348014742,0.00407386330019959,0.00409011414709367,0.00402883666913791,0.00414070418556735,0.00408556288096868,0.00417417712212575,0.00407363564156458,0.00413528722937837,0.00407700538333179,0.00412563252037304,0.00414438050673825,0.00403956281071884
1307,0.00414814642433269,0.00415665646174953,0.00407684042246508,0.00400784708950943,0.00406126212922537,0.00403668492706101,0.00410737453049053,0.0040879208975067,0.00399777699119728,0.00411035398470123,0.00416819956322641,0.00406585232166628,0.00396964389959136,0.00408482486978383,0.00400891337902406,0.00405390757951587,0.00401095120895956,0.00411650386696286,0.00397418025627801,0.0040769198167867,0.00408259347290932,0.00402900221813086,0.00407247906808844,0.00406218658355067,0.00407867056553365,0.00408285378140511,0.00412142361527673,0.00407705214020165,0.00405252934598924,0.00411674909220713,0.00412524372863276,0.0040423364479279,0.00409863632115069,0.00412698549483676,0.00410067134943417,0.00405097784157172,0.00401700864789941,0.00408643671806666,0.00403090279350383,0.00412530939820487,0.00411407150546188,0.00410466660278436,0.0041335756034294,0.00411827857808619,0.00412421154779233,0.00404871616445726,0.00409812865809925,0.00408152809258886,0.00412034461189692,0.00401917507625499,0.0041225635929556,0.00414472491003217,0.00403405126664466,0.0040244945255918,0.0040408346099569,0.00402571771860371,0.00411610489776499,0.00404335021059451,0.00409602650081535,0.00414566517313928,0.00403067401433657,0.00404739554032523,0.00412794512248522,0.00403131505819126,0.00410627994797087,0.00408252728460273,0.00413771626650875,0.00408436624171922,0.00408998919201224,0.00408175426051722,0.00406496007716982,0.00403368803240894,0.00401874595758673,0.00407115527523509,0.00401157494547304,0.00401697994625365,0.00401996328939185,0.0040573106474905,0.0040368212632108,0.0040364276652024,0.00405511942366209,0.00409161854104487,0.00410025514871106,0.00404406804045515,0.00415240611542584,0.00405220050272132,0.00414513511567497,0.0040993043147767,0.0040368480524336,0.00411258452254932,0.00407770815874619,0.00410485140319575,0.0040484061957577,0.00398479920479826,0.00403657423157404
438033,0.0040367756327357,0.00407817246110249,0.00405272951227822,0.00403637043586842,0.00405560813767696,0.00405086051408885,0.004000323086668,0.00413037591431277,0.00401762528407869,0.00404706478016043,0.00406363483310174,0.00402963745987002,0.00399072452487514,0.00405065198371662,0.00400138772972985,0.00402769022354796,0.00401520686010965,0.00401111021346521,0.00409293616386658,0.00410431291393296,0.00406953831240836,0.00409969335754636,0.00406352257367593,0.00400173454510317,0.00408864286520488,0.00405045351951001,0.00405126575307098,0.00406401466615542,0.00405000409091322,0.00411502962470558,0.00394920534993457,0.00404131194768765,0.00408684356958728,0.00406313786426934,0.00402069371673244,0.00394845185764267,0.00396656321472448,0.00409019228898668,0.00406808912323693,0.00405699441542623,0.00404704472462895,0.00407899960301707,0.00404672472165608,0.00403909711227721,0.0040365725503506,0.00402898059189175,0.0040931521812831,0.00408054281121467,0.00410755816967263,0.00396597148706545,0.0041035960069108,0.00402826787663191,0.0040492044887797,0.00408399304738005,0.00402849363756165,0.00409051522982781,0.00402660043336301,0.00403637243909076,0.00396365227346423,0.00406359627796213,0.00403195992086531,0.0040879937760419,0.00412794512248522,0.00404335225657346,0.00406464852416603,0.00401951591003331,0.00412189033137466,0.00397438138427727,0.00406931619529816,0.00408884802878367,0.0041018491906969,0.00411346348127992,0.00413437252712708,0.00407045122763021,0.00406689215012946,0.00405309980639755,0.00410960226497005,0.00409543302941323,0.00405530699309385,0.00401191140172612,0.00408101810800893,0.00413526648575346,0.0040360140939288,0.00401044196160072,0.00402135791789684,0.00403681456353225,0.00411264162821912,0.00411036449320754,0.00397627705591538,0.00407606994662612,0.00400833578449056,0.00405542471793722,0.00408977744108735,0.00403010406594224,0.00410630774495266
2785531,0.00407999414887781,0.00407697423208498,0.00408208192467961,0.00405918911295562,0.00403073057486394,0.00409040294106127,0.00403858334998363,0.00404814322410282,0.00406007857718615,0.00410863182947563,0.0040631551783764,0.00402278599953019,0.00400748091933147,0.00404560371645669,0.00407476281034837,0.00401869023567838,0.00400456773223443,0.0041087121182607,0.00407636557211004,0.00396011151574793,0.00397774421513599,0.00400111849091697,0.00406741670168137,0.00410693061200787,0.00399481259102556,0.00401426621401677,0.00403618181269675,0.00403927689488821,0.00393434740843173,0.00408545478367895,0.00403372708805125,0.00399076993583555,0.00408160234667021,0.00394288496497977,0.00396781594304535,0.00404256750695254,0.00412798860088427,0.00402221645533443,0.00410336846170166,0.00403375323571803,0.00401756909209399,0.00401021204364074,0.00398724502686587,0.00406815839494115,0.00397044494319001,0.0040662588956266,0.00396314172446119,0.00404901380724054,0.00400837684755451,0.00403551318632106,0.00398649178002548,0.00401108569137613,0.00410257018412483,0.00401687581243599,0.00405017372420195,0.00398573627550799,0.00404127329637973,0.004021343392775,0.00404877575481263,0.00401188813013375,0.00411875861155528,0.00404822407574802,0.00391582308375913,0.00398087346497061,0.00402098629919997,0.00401985468086433,0.00410300131202107,0.00404430032936537,0.00402579409695273,0.00403706352043857,0.00405890365554598,0.00409670393319778,0.00390239672198675,0.00405496218032278,0.00401337095861124,0.0041443024532609,0.00408340010287796,0.00409452535365317,0.0040304667935635,0.00413755725204207,0.00408891940153847,0.00404797059633628,0.00398643675817293,0.00406662730854737,0.00404368900088384,0.00402655727073953,0.00402660773529624,0.0040527175025983,0.00410472934163504,0.00398495738575111,0.00403400356296514,0.00405333626644743,0.00406725309640787,0.0040733803512141,0.00404902664467737
1561,0.00401101074811251,0.00402844595687574,0.00405115706161386,0.00402432724518352,0.00402507658331552,0.00397065653485236,0.00407375187484952,0.00402366465585428,0.00404960308927652,0.00406256417719083,0.00405931794057366,0.00405068123091379,0.00409234394932001,0.00399240274610206,0.00403261917430081,0.00396155987789756,0.004063437573144,0.00400700929309565,0.00400525011582153,0.00401696511359866,0.00400099871977832,0.00406277687362938,0.00408377203930421,0.00404409857204669,0.00408048371092842,0.00399953882224627,0.00400671551057033,0.00402122500774727,0.00398434745893683,0.00400051308910246,0.00399408930741722,0.00403653094656651,0.00407461404944744,0.00401417495739248,0.00398434024732257,0.00406259211318869,0.00395336979374027,0.00401808532732242,0.00401755385462529,0.00405699441542623,0.00404946737935785,0.00400644755034154,0.00407462227761963,0.00399866402335348,0.00410270015751118,0.00407101005198496,0.00411554632695577,0.0040066467081503,0.00398556859926253,0.00398524207842544,0.00399515089539376,0.0039181746155486,0.00414407683605993,0.00409052337294218,0.0040555103609134,0.00404501910492578,0.00404310740425682,0.00403207842585769,0.00400982094131421,0.00399054072965415,0.00403195992086531,0.00394382861247658,0.00403570254388521,0.00403704705742088,0.00403469420703815,0.00412046961767679,0.00395546275544846,0.00397516699040186,0.00401745236143652,0.00406331046302444,0.00403302621769863,0.00393246036199283,0.00402163662182524,0.00401870372867132,0.00404354397933292,0.00412940301095154,0.00396893802637041,0.00403598026712898,0.00403508822603426,0.00397688816818857,0.00405907007042686,0.00400507520239853,0.00403391927692503,0.00405513485121737,0.00406366944355642,0.00412400155227031,0.00404026976979472,0.00403562449956882,0.00408332062734843,0.00405277016960847,0.00401804791688635,0.00398963849600862,0.00400335750639875,0.00408825657427631,0.00397730074520221
84023,0.00394867634983062,0.0040643928274011,0.00396991377728857,0.00405285059154251,0.00397701765515401,0.00401989804768593,0.00401037123662968,0.00399880360997685,0.00397958272272266,0.00395062408752682,0.00399120696957502,0.00402523294965155,0.00401829149640008,0.00405531192272578,0.00403337173923023,0.00403982064198087,0.00405421699565214,0.00396682027347398,0.00395277657525914,0.00403608859651208,0.00400589440496618,0.00410519155727867,0.00401250949680467,0.00400792254903874,0.00392364663428087,0.0039885984740739,0.00389270898448599,0.00405565731099758,0.00398990302010406,0.0040159882966164,0.00405820924667815,0.00397096293119081,0.00403792548902794,0.00398871424581651,0.00405109843660252,0.00403335618808392,0.00400691956126443,0.00397865183266228,0.00400897239391765,0.00401368130778823,0.00403048991731479,0.00406086158984819,0.00401356347588809,0.00397886865690123,0.00398000556109275,0.0039222623106116,0.00399113440655203,0.00401403631845673,0.00400353873428045,0.00392952493384113,0.00406483615716707,0.00405881398375329,0.0040478868172897,0.00407818831354705,0.00402482469982252,0.00398642561073378,0.00398294866588827,0.00396069045585781,0.00397339097683884,0.00400714426336051,0.00403195992086531,0.00398691245446162,0.00402672953040272,0.00404048625695865,0.0039935704835236,0.00391754588989677,0.0039666940642533,0.00397752380877561,0.00401491357236637,0.00406721203557099,0.00397741725551602,0.00408530744050193,0.00405704725874697,0.0040032146813639,0.00405324245027917,0.00401652844800185,0.00401513657532225,0.00398378891092524,0.00398887390132664,0.00406707299454776,0.00398137401738636,0.00395916960537743,0.0040499795406206,0.0039423385107563,0.00400372811553867,0.00399122659556463,0.00396863639972159,0.00402020728115007,0.00406765571445579,0.00396374415592906,0.00407770815874619,0.00403906518126715,0.00398405092524492,0.00399426589220148,0.00392151393449931
2843318,0.00401101074811251,0.00400508049103425,0.00399350053725398,0.003925446311139,0.00401150700359933,0.00399602337479693,0.00398409145980682,0.00399880360997685,0.00403637089402225,0.00398592826965162,0.00400655592078598,0.00398412418761256,0.00403450736200298,0.00402851727342309,0.00403675828141262,0.00397329899251005,0.00396839469745867,0.00397830285050874,0.00398453687612585,0.00395804411218972,0.0040483236765943,0.00398737299158618,0.00396383289673668,0.00393176250060095,0.00397668113707787,0.00398817769145189,0.00399829656710564,0.003980441114577,0.0040131353668034,0.00397575275708016,0.00386934688012777,0.00400306393871849,0.00404316671194501,0.00395032732682505,0.00398434024732257,0.00404937587307283,0.00398751747158176,0.00394710503693416,0.0039803675248922,0.00392282942347437,0.00405431268881565,0.00396366921739607,0.00400040425137698,0.00393338143186203,0.0039748268930621,0.00400157007443966,0.00390529018147345,0.00390319216386017,0.00393580514844368,0.00395759296908285,0.00390649804757565,0.00405117745697294,0.00393917891936443,0.00400054999853068,0.00393076647778308,0.00390784139499391,0.00401486214294963,0.00393922038969244,0.00397952275303766,0.00394452522195367,0.00395737734219837,0.00399188366699836,0.00398437690676537,0.00394017627044031,0.00387426091530239,0.00394668018136435,0.00391870574481445,0.00394727797297908,0.00394273942594352,0.00391469601784225,0.00392786471495727,0.00390899699467784,0.00398044465642649,0.00399265396729065,0.00395553933556135,0.00396460614904499,0.00405581887962313,0.00398378891092524,0.003901644363441,0.00396287887477355,0.0039541584507846,0.00395164409766905,0.00396688513280441,0.00396191825287407,0.00394554976775674,0.00397299140837759,0.00394352779577843,0.00393641805061339,0.00397471056462612,0.00394948608342572,0.00395700022754139,0.00396770975536575,0.00398634932776323,0.0039239419286347,0.00389461672219613
36745,0.00394285847265764,0.00387327529910792,0.00385460072856881,0.0038392424199207,0.00391651994558599,0.00384270320983786,0.00388863403517084,0.00394487426430428,0.00392830796611235,0.00388130733969641,0.00386889501461268,0.00406683110171482,0.0039004562063523,0.00388328250763745,0.00400966594395348,0.00387586434122632,0.00386484051947315,0.00399716708420871,0.00393068245291708,0.00394202173461361,0.00391206043886554,0.00391668185217069,0.00392294455267957,0.00386655045912609,0.00394857738345895,0.00391075368900125,0.00394006554147487,0.00388717303101548,0.00396515552035911,0.00383785146345599,0.00380522694086684,0.00387056190764677,0.00390689491610112,0.00397343781887093,0.00396715497087426,0.0039280267592818,0.00389361135751765,0.00392382049723008,0.00397941402925801,0.00394536632500959,0.00395579139650702,0.00392431315108623,0.00389249861038589,0.00391653431147714,0.00382145864753906,0.00390471957944226,0.00395070053242081,0.00394408134088913,0.00386254229029371,0.00394209271081503,0.00383557576932117,0.0039608118900722,0.00397475604959452,0.00394286545606524,0.003941439751206,0.00392093876428389,0.0039385632552627,0.00394888191946686,0.00383199943154828,0.00390515112773573,0.00389822564187632,0.00389825916422318,0.00388244347360427,0.00390693067490852,0.00396158536523451,0.00385046926535513,0.00391462163252179,0.00389503516569415,0.00392424253414671,0.00397605711334707,0.00389427910413411,0.00393983456314897,0.00391395937894079,0.00389725551682903,0.00391818226228689,0.00395015820498743,0.00395652647590573,0.00388258306367799,0.00396807745520821,0.00394317830590868,0.0038584650069268,0.00390724360218962,0.00391905347788502,0.00390786113876631,0.00387973183895293,0.00387212802924924,0.00394352779577843,0.00391563832144029,0.00394703588518245,0.00392479527494432,0.00383004878265358,0.00389983508194736,0.00394130063840428,0.00391718000906097,0.00397032739386435
166486,0.00384894131257958,0.00384871160424892,0.00390072594805671,0.00393939105824784,0.00386167622756638,0.00383934583396284,0.00396322222527102,0.00389362226203389,0.00383678528227029,0.00384901692921641,0.0038420343499935,0.00387547960222379,0.00390910466800718,0.00381338342249997,0.00395886781121758,0.00387429912594466,0.00386413124428147,0.00391473858478058,0.00386923317515323,0.00385932559228528,0.00390430893731809,0.0039834457060631,0.00382208663733869,0.00386369445730967,0.00387197199052994,0.00393053047223592,0.00386815373271398,0.00391191080228269,0.00387121603153135,0.00383303695445165,0.00386468361181789,0.0039112004171765,0.00391169937044177,0.00394445177799983,0.00381777526020822,0.00380067026361994,0.00383385292129504,0.00387574918945391,0.00386022707498528,0.00381683555844153,0.00387786266939404,0.00384080984517666,0.00388249759975745,0.00382513868338912,0.00387364368692482,0.00384295454678354,0.00380327240674238,0.00398102939242131,0.0039074676278385,0.00389475408421332,0.00387227392492959,0.00387999198164688,0.00394049659085444,0.00386812950796536,0.00393009939819415,0.00391956009383231,0.00385309382819031,0.00388178796270005,0.00386085484895451,0.00392270343479674,0.0039072269875775,0.00397199881685142,0.00390074842110855,0.0039373102708255,0.00389761512865633,0.00388468511928799,0.00385999663060736,0.00392763781986444,0.00384481470466629,0.00394945548234787,0.00391575187170957,0.00393715303545583,0.00388071674019794,0.0038553646843385,0.00382802240274948,0.00382780217874996,0.00387654092846672,0.00390890566071988,0.00391955241426521,0.00386306265919154,0.00387646239774409,0.00392605737146057,0.00385306674226628,0.00391594842355409,0.00385328713541569,0.00380944457329377,0.00385638617032865,0.00387441402001624,0.00395747916044422,0.00386046006974632,0.00392647638286891,0.00391897922060383,0.00389349386602336,0.00392326573667733,0.00387817953689974
1519,0.00379325591678108,0.00386908149754663,0.00380270985664491,0.00381198677784433,0.0038141826985597,0.00380166861580988,0.00377655851636747,0.003830895930897,0.00382686113582959,0.0037762558709348,0.00387896776384487,0.00383779657035471,0.00379775572420056,0.00374969758937472,0.00377147914379183,0.00376942970207301,0.00382370255835562,0.00381918714016987,0.00386025743795176,0.00383141564424947,0.00386228763945563,0.00381025241449514,0.00378197711888267,0.00386083845549326,0.00389282316256979,0.00382828029508644,0.00377519456529136,0.00384170901895682,0.00382475133813266,0.00381962510793957,0.00385768870935306,0.00379474888986861,0.00385491945550682,0.00377092723602824,0.00382768984277455,0.0038963878814287,0.00378107923735818,0.00385960023449785,0.00388835519619365,0.00383127326098753,0.00381608497380706,0.00379734705890405,0.00384828361602857,0.00384788229590872,0.00380273577081287,0.00382943202484051,0.00377590178425356,0.00380959043331197,0.00381899927082721,0.00383652338423423,0.00382444262099052,0.00385771877853754,0.00380872944185412,0.00388010177149593,0.00385438586485034,0.00377135302028783,0.00381971306482728,0.00377765814179798,0.00388141433385646,0.00381454327236674,0.00380113969895642,0.00378474981130106,0.00383255351864162,0.00379458349000798,0.0037920134682733,0.00388028109848475,0.00384672326565619,0.00380704727974059,0.00387600554181386,0.00385652711805733,0.00382655729870382,0.00371525661884832,0.00384458343721658,0.0038673334936215,0.00380144140830419,0.0038160632242032,0.00387516186730398,0.00379136164979146,0.00378379783543657,0.00378644933582816,0.00376891701359198,0.00381392730660574,0.00385585983160464,0.00381336760071968,0.00379275814731933,0.00377126465012089,0.00374745913851641,0.00381978344170632,0.00377785482594193,0.00380725311625824,0.00381409313657478,0.00385458529966842,0.0038263805124886,0.00376977016235369,0.00380744983047285
1310,0.00384146118478575,0.00383972488661758,0.00380533060775218,0.00375874319797421,0.0037649929720885,0.00380390686639323,0.00377114797408041,0.00371691759748972,0.00381583430645103,0.00386236363221481,0.0038262057440572,0.00382409364967504,0.00381721476292404,0.00381105345299539,0.00379142211442148,0.00381834267962508,0.00376696054302109,0.00380565410295033,0.00372700226257622,0.00377921370440471,0.00383168960703151,0.00384088524157519,0.00385362907418275,0.00378467840705547,0.00385021424579271,0.00378956829386112,0.00379834665981926,0.00384739202046415,0.00381566041985901,0.00379417698891666,0.00376267461753913,0.00389071041237159,0.00383570163814422,0.00388334607021751,0.00384289220270959,0.00382389880685386,0.00367630795307178,0.00385246464974982,0.00377393572009182,0.0038235262010848,0.0037785338255091,0.00379495147225911,0.00379933130084724,0.0038398799137259,0.00377684243065963,0.00384734022957588,0.0037640826518152,0.0037824951955217,0.00382314622506212,0.00385034793890552,0.00380547503494572,0.00380362671384343,0.00381070594908913,0.00381080776136449,0.00371963578788603,0.00377686770209413,0.00384318964565403,0.00374008552600857,0.00382442488447914,0.00380979940559349,0.00384807528725544,0.00378392127587827,0.00379737930579025,0.00382668268569385,0.00377881326072542,0.00381523709892921,0.00378444055319301,0.00382943705429128,0.00381181044675434,0.00383701925532458,0.00377094833652121,0.00371927891038804,0.00383663411056068,0.0037916483760966,0.00376803556393376,0.00381786921721039,0.00376759509661013,0.00383946846507491,0.00379592909567232,0.00381490571307741,0.00382466502905042,0.00388165687598114,0.00383316598073048,0.0037559053140697,0.00388031949903154,0.00376955510132211,0.00378475280025552,0.0037909599464017,0.00378203213604664,0.00380933966345385,0.00388485295831553,0.00386537563236571,0.00377627533758936,0.00370012239074428,0.00383982610454149
2894203,0.00376499765622662,0.00386848238303787,0.00377178499357916,0.00382086070782269,0.00382040208926296,0.00381024857637937,0.00380283829319033,0.00379647294429749,0.00374746796430395,0.0037482708485188,0.00379550784163528,0.00378102732753896,0.00378316144515794,0.00375086257412701,0.00378163877033901,0.00376316884094635,0.0036584414386938,0.00381672658794813,0.00387337582309236,0.00380505624888231,0.00378803641410643,0.00372620850430116,0.00377457827567233,0.00384132244308107,0.0037504912490804,0.00385815586124946,0.00381027349639424,0.00383702890006843,0.00382677154219348,0.00379142584091418,0.00377608151393006,0.00384973040276178,0.00375227884004749,0.00377562767508842,0.003749034154415,0.00379025746837714,0.00396501104754987,0.00378298658772957,0.003722446955846,0.00377176175537109,0.0037898395475773,0.00387400583154235,0.00386775926830501,0.0038019738928599,0.00381508490227057,0.00376620509791768,0.00382753273122111,0.00373372376749921,0.00378651479598713,0.00380342823820294,0.00373331574021005,0.00389717416690266,0.00375206956778399,0.00378287247979318,0.00387306409334044,0.00377962504299728,0.00376505665009,0.0038388478303693,0.00373785863226043,0.00382308223255858,0.00381849943709442,0.0038659462827344,0.00383111783648442,0.0038438786833827,0.00388390722081815,0.00377763353668617,0.00381149779713193,0.00375873250307859,0.00376212271780997,0.00380403323288557,0.00380838803383227,0.00383391421926986,0.00386626341900539,0.0037729911145672,0.0037978493820278,0.00381154824168521,0.00375380448498271,0.00384173765447507,0.00376704514273005,0.00373741680887559,0.00383520008708981,0.00381166965429323,0.00380663163201607,0.00382358311834635,0.00388854674013201,0.00380887472369418,0.00377847564926973,0.00382950299244858,0.00389481950887365,0.00379229952802302,0.00381201196534711,0.00381490472136228,0.00384522741313877,0.00374677963580301,0.00374718015105275
1494,0.00367606724801112,0.00382534613840743,0.00377230914380061,0.00379170350932238,0.00371410704815278,0.0038009225322821,0.00378274199326697,0.00373221670264506,0.00382410442848495,0.0038171570575428,0.00370964964579897,0.00381968913945658,0.0037966746664937,0.00376290074990068,0.00373272204992666,0.0037267775856476,0.00381164488009703,0.00372281551148524,0.00375254859153422,0.00371925900121667,0.00377906099126202,0.00377451411623508,0.00378119829328158,0.00372422636860797,0.00374595838559347,0.00381018664233982,0.00369451302375475,0.00382064848395906,0.00377980179777959,0.00377251169839715,0.00371545902590154,0.00376094038194052,0.00374135962563692,0.00377797789461851,0.00380786067764189,0.00378865549987825,0.00384471809151733,0.00377547544588955,0.00378442417206782,0.00376542325181431,0.00369495223736202,0.00381069389878304,0.00376090636527481,0.00381460923314856,0.00375333924498207,0.00382248802708598,0.00372489289688802,0.00376574541216044,0.00381519789611188,0.00371503487348647,0.00379063083717152,0.0037947174325997,0.00372110428776891,0.00378468645911599,0.00374765313062119,0.00379134374183569,0.00383585321414567,0.00379805470465509,0.00374218694487136,0.00372156348361113,0.0037779933814391,0.0036820114188752,0.00376974242426418,0.00375617909516953,0.00368539640730967,0.00375222572435979,0.00371041601788841,0.00375441166939337,0.00383393418007994,0.00376147062328686,0.00372635105001833,0.0037393903680866,0.00376725816883647,0.00377651135259162,0.0037895877215921,0.00373253604762042,0.00373449762870433,0.00372419364354665,0.0037676228217889,0.00379126503043957,0.00380271699146836,0.00367621051554243,0.00375740343242749,0.00376399259885748,0.00373810576000903,0.00369319525497635,0.00374228972005753,0.00381542640171842,0.00375331312907679,0.00377317284539659,0.0038439232575047,0.00379262790547112,0.00380937233385308,0.0038292750546025,0.00384928993850002
2763062,0.00361705735097092,0.00363303038109674,0.00368530020703934,0.00363324047399463,0.00374407320335938,0.00369796300544827,0.00368148755903771,0.00371844750800526,0.00371769552498183,0.00370521696787879,0.00368806518315856,0.00371349150418918,0.00370640634797085,0.00365106221368073,0.00376207208217407,0.00364538639100095,0.00372936895786196,0.00371256321056135,0.00380847433871256,0.00373114657167636,0.0036623804942847,0.00370225206261036,0.00374225701322718,0.00373803037738732,0.00379264687950878,0.00371971837860674,0.00372257616863705,0.00365851579389692,0.00371818557392482,0.003721271566851,0.00370613248928177,0.00371381337088924,0.00370161368518245,0.00375721762210272,0.003749034154415,0.00371456445680452,0.00365147327827796,0.00371501075407733,0.00375820304212782,0.00375943688734402,0.00374865441718599,0.00371144816634954,0.00376774916202058,0.00370131234856018,0.00366450517030249,0.00378009309342674,0.00376221647300914,0.00368002593260577,0.00367247355452726,0.00369911568931953,0.00365991942899319,0.00371389752417438,0.00362689077623369,0.00366968017004968,0.00378734436616265,0.00361487392403388,0.00368692365452597,0.00370949068172291,0.00374904010650535,0.00373864140399481,0.00363847252307077,0.00371349576494119,0.00367283387865327,0.00364268551042307,0.00366610379627815,0.00372681791203341,0.00367416952129099,0.00374302038058689,0.00366746215390865,0.00370081890460868,0.00358485101753389,0.00373402731270032,0.00375714084400169,0.00375715004345734,0.00374073616423319,0.00374833848643338,0.00376483697428465,0.0036633793676223,0.00375202548720008,0.00379301619211645,0.00372282613466965,0.0037334043741261,0.0037430888495684,0.00369078138919973,0.00370872275607876,0.00374049277174275,0.00369170326799558,0.00369342928205701,0.00375801260294459,0.00371266297672387,0.00369893499531043,0.00368402842800168,0.0037597268394575,0.00368862712746895,0.00380495934785218
548,0.00372510364132621,0.0036689772516221,0.00370207301412585,0.00368775175814738,0.00363890896055889,0.00365916666200364,0.00361772045351165,0.00372647953821181,0.00371163076882362,0.00365957985440039,0.00370053620601746,0.00364840263096077,0.0037161358673326,0.00368290513024335,0.00373385089732079,0.00372521237036594,0.0036697898417607,0.00369369897686138,0.00373114491051535,0.00369806811474503,0.00365258912390898,0.00368143744933802,0.00368540274434777,0.0036561583253167,0.00370108303707293,0.00373739124873134,0.00369030355202241,0.00365885008810324,0.00368333705387581,0.00371164254884233,0.00377899605662374,0.00370800786952785,0.00366536189333937,0.00370120405663559,0.00368624179816157,0.00373779300003845,0.00363517552294452,0.00371163074024932,0.00364855104419691,0.00369605185177621,0.00374703931403339,0.00366901206006762,0.00374458892688103,0.00363518740104949,0.00369796733296206,0.00366679628795808,0.00364526926782963,0.00371549606207667,0.00375368474162747,0.00370665635550387,0.00372259493070646,0.00364325965145619,0.00359856083919862,0.00373607181326462,0.00374331711329313,0.00370448750338636,0.00374121324768783,0.00369929240029435,0.0036678842450503,0.00370353678987279,0.00358896512171427,0.00366212656872826,0.00368826746184316,0.00362778231242606,0.00376713615404845,0.00364686799591307,0.003735431205681,0.00371316734785264,0.00369139930799864,0.00375189403612714,0.00367019150405175,0.00376620564501802,0.00364223694052097,0.00370012218746183,0.0037288824775211,0.00360611653711677,0.00370277922196127,0.00371057850714568,0.00372256385519897,0.00368838428192302,0.00363415606283811,0.00374920794031369,0.00369141669680876,0.00365587837064196,0.00368932997348478,0.00365900427900064,0.00368357989613161,0.00363645260529206,0.00368229885729682,0.0036931885362315,0.00373639607740847,0.00371083022212074,0.00370594422052896,0.00365211276177081,0.00367744663767413
84022,0.00356635870703498,0.00369533829000737,0.003672196451503,0.00366303152463625,0.00359424242732642,0.00364834845085082,0.00363665735151636,0.00368593690955016,0.00367910162215687,0.00362083136182438,0.00362954730666677,0.00369049017304831,0.00368640678039394,0.00361222938860435,0.00365746555698459,0.0036442124795397,0.00372227620594514,0.00370805219815483,0.0036372448905616,0.00369238275495996,0.00366197252051904,0.00360132082466712,0.00371967107079564,0.00365044632168386,0.00363082365302562,0.0036599672462807,0.00372012064345985,0.0036775705636568,0.00362424608509706,0.00364905393178597,0.00366766052572521,0.0036489283556737,0.00360814520982799,0.00370198746314562,0.00370607096329423,0.00360763305950352,0.00363129510500799,0.00363689487894105,0.0036275741402449,0.00363970959793816,0.00357503082828143,0.00364505619361816,0.00364931614142061,0.00366593339575191,0.00363582331659428,0.00370334364456088,0.00364464720822761,0.00367214368161224,0.00362132778563011,0.00357678932677351,0.00366115644547438,0.00363307761574906,0.00366115023497377,0.00370196900199574,0.00369095136556195,0.00370448750338636,0.0036649143600009,0.00364830099315159,0.00364876753101867,0.00375666809773314,0.00377927928796784,0.00366046949788268,0.00371698110498713,0.00359797591643204,0.00367219619976179,0.0036492393917302,0.00368029568972999,0.00365738931300708,0.00365621894516941,0.00368166573028926,0.00371754170947456,0.00369380439730319,0.00370221822347003,0.00361739659388809,0.00370014626730997,0.00367609876614558,0.003624172735685,0.00357715017041612,0.0036018289319003,0.00364022733580889,0.0036670781192112,0.00360471819231284,0.00362333514418625,0.00365587837064196,0.0037022584952141,0.00366527262459619,0.00362154687462499,0.00363913386066923,0.00372093897576534,0.0036931885362315,0.0035594965230566,0.00358552313273293,0.00371329910858757,0.00372378910925233,0.00368890285772919
2976431,0.00369268975421962,0.00364740912930688,0.00366905155017428,0.00362183113545103,0.00360950820450714,0.00362633898678126,0.00361578811698056,0.0036710202820237,0.0036581506463376,0.00364364991856358,0.00356959046599896,0.00360974081904314,0.00361343538518086,0.0036192192971181,0.00366687261860235,0.00358825603322013,0.0036697898417607,0.0037232256035222,0.0036303404773297,0.00367946148272116,0.00369379447424013,0.00368654292051802,0.0035518341537612,0.00368281434226992,0.00361269219907792,0.00364481907188819,0.00357173676489469,0.00367389332738735,0.00368283200286061,0.00358061912522435,0.00355399336067174,0.00363321935198994,0.00360377752406376,0.00361659615355238,0.00365054930092278,0.00359641928001128,0.00352652382072159,0.00364665936333308,0.00353889904626599,0.00363055398168947,0.00357381950091697,0.00362623372712215,0.00365089524836194,0.00361286496653951,0.00367884609715659,0.00366277607873178,0.00367015165191038,0.00362731337908652,0.00356983643721339,0.00366853409868302,0.00360631538147527,0.00364389602868789,0.00369870387243886,0.00362904703321868,0.00360990119550669,0.00362590328764649,0.00365170878328585,0.00361287538397871,0.00366824493776788,0.0036110313877945,0.00363075708389833,0.00357181620764423,0.0036491451230595,0.00357275511982171,0.00362041077015088,0.00366075759998482,0.00371603167229083,0.00367624385999713,0.0036257534763276,0.00367244383154287,0.00374947556894575,0.00360732512919936,0.00369499156287375,0.00363042147457843,0.00362830574178216,0.00362869144970671,0.00358349043138412,0.00369060964042425,0.00366537362837328,0.00363015815616685,0.00363108333757662,0.00354526668141666,0.00365196430990443,0.00362012405894864,0.00366876187073359,0.00360828766463667,0.00366770239657932,0.00367432533749464,0.00365044686774845,0.00368171252665564,0.00360181367135254,0.00357542895053224,0.00358504824806566,0.00369538904704267,0.00359476261466805
2587529,0.00356968320827668,0.00357311893022113,0.00351547553528841,0.00364084669969036,0.00361968538929428,0.00355471496811426,0.00360342116318157,0.00362780030995987,0.00360852991413408,0.00356227808415398,0.00359117492863937,0.00358184558765954,0.0035837062982422,0.00351631231066571,0.00359876549248978,0.00352956046015764,0.00361375710161786,0.00353868418689206,0.00356060590368758,0.00361123716530029,0.00359302495412335,0.0036476627938395,0.00356040123537317,0.00360665429383213,0.00360997248098577,0.00356192489535136,0.00358822386251304,0.0035796223612069,0.00357172077951594,0.00357408514871846,0.00364667581833072,0.0035065228222796,0.0036063981355223,0.00358016775083599,0.00350447445111218,0.00361203847287547,0.00350013697875316,0.00352723220807666,0.00356655041965727,0.00361435558371103,0.00359239318717188,0.00361596692721523,0.00355509609392107,0.00352525994053809,0.00358045140457428,0.00359223968048839,0.00354014119508847,0.00354356446228023,0.00360301207109262,0.00353741029225528,0.00361456215801649,0.00357580366489648,0.00363677331240871,0.00358115797909643,0.00361523783221814,0.00356179511164818,0.00358898229388938,0.00357422926488104,0.00361089479567299,0.00356359272006205,0.00364490205571447,0.00356601645968471,0.00350737151003614,0.00362491631281125,0.00359959505824845,0.00355709372569319,0.00360218704213272,0.00360514650572216,0.00363191910692654,0.00361143742445137,0.00354741132022283,0.00363078849651435,0.00362127962479178,0.00362549314134424,0.00368901098585316,0.00354245528361314,0.00359245432894194,0.00356398887189518,0.00355619228625153,0.00356930528789536,0.00358982102692234,0.00362202686004211,0.00353954246403548,0.00356181047916311,0.00360118096169397,0.00356269969666906,0.00354585181861988,0.00355366884552182,0.00361911704196317,0.00359059996578063,0.0035324412970969,0.00359039618620912,0.00363607278397223,0.00348103619655548,0.003553420603165
2021971,0.00358298121324348,0.00355274903692343,0.00352543438949603,0.00364148055183167,0.0035365717135326,0.00350771170586403,0.00354545106724879,0.00350961472263487,0.00356111454780627,0.00358854095134438,0.00359645113061814,0.00352752329496516,0.0035031674990811,0.00351941893667182,0.00356151352848345,0.00356712562691763,0.0035116214740157,0.00353130253022686,0.00363379268394565,0.00358642832260179,0.00353346078433772,0.00357854256863324,0.00357909304979928,0.00361093829655676,0.00354605910582015,0.00359348359200244,0.00354577835587856,0.00354585864636921,0.00361060970768657,0.00355070039069741,0.00353125992766105,0.00349047231851576,0.00352515918030768,0.00355431533600501,0.00367566624342415,0.00358039959502236,0.00364138419164298,0.00358131242932485,0.00356559692402308,0.00354216707098103,0.00352415507897451,0.00358550875415805,0.00356088615270596,0.00352610229655733,0.0035449974465183,0.00351439381092444,0.003591150082454,0.00357213762213178,0.00354806492748014,0.0035876814001509,0.00354199052445375,0.0035172569595805,0.00349446479148837,0.00358478593774205,0.00359589252413911,0.00352594967990719,0.00351561797880578,0.00356134722518181,0.00361919072817728,0.00346397151782389,0.00370276784950779,0.00356270231799355,0.00353070134509061,0.00364612470996084,0.00346759298276967,0.00361095828782512,0.0035781928824133,0.00356390218418143,0.00351150796817084,0.00352418407477399,0.00355456890941465,0.00359190634496379,0.00368270623986009,0.00357973004702686,0.00356760049771116,0.00354380977836854,0.00352281174022349,0.00357351946737586,0.00348167168766049,0.00361965118610558,0.00355997169581073,0.0035061340413331,0.00350777107281165,0.00354350767674867,0.00344603870094214,0.00354959315587837,0.00349858856413864,0.00355702041474329,0.00358099908725774,0.00351826632966611,0.0036025073950951,0.0035374887484676,0.00364802447706746,0.00365955087330191,0.00358131400851645
2972764,0.0034815839253716,0.00347965706685519,0.00354692454857562,0.00350773775001505,0.00338617553834481,0.00346630407007216,0.00354931574031097,0.00351841170809919,0.00353685552317343,0.00353687629457637,0.0035091539706058,0.00355786547647013,0.00343235821928175,0.00352446720393175,0.00349716922701798,0.00353386480218222,0.00359035102029236,0.00350054562745517,0.00344806396800771,0.00350631643472122,0.00355222757755785,0.00354437518458242,0.00355066591535957,0.00349146222056997,0.00353835323789238,0.0035160595895518,0.00349000285542499,0.00351309781415047,0.00352879144322368,0.0035788996577228,0.00361403294016152,0.00350413232171903,0.00352297533742556,0.00345364759946619,0.00359568861072242,0.00345704802060772,0.00352109123561044,0.00352610553680065,0.00356082944585217,0.00350695316233225,0.00358512522298518,0.00353109471465141,0.00350456467179841,0.00350167397199924,0.00353623354677413,0.00354582453760284,0.00358617360563785,0.00350169000387708,0.0035079777032094,0.003485044554864,0.00349086050989819,0.00352934812698271,0.00355705418726352,0.0035456039843693,0.003419783512661,0.0034901042481662,0.00347746853496231,0.00345775415593387,0.00353442793954646,0.00352611617255341,0.00355295973890954,0.0035287323656592,0.00350162878140734,0.00352976512559957,0.00351887071209027,0.00345309108057054,0.00357155619993772,0.00343899081037236,0.00352166312445144,0.00353163253145377,0.00344059806612952,0.00350877898647639,0.00353817302793466,0.00349876457246533,0.00358089099493381,0.00354380977836854,0.00339800670499537,0.0035712502779757,0.00348687079919009,0.00348787626992056,0.00352353795342451,0.0035339784198541,0.00357620176160145,0.00355116931496867,0.00347013276416496,0.00358492383105327,0.00352295867973053,0.00350942813179845,0.00353452651234291,0.00354713023253873,0.00354700949569059,0.00350546582562405,0.0034761039686976,0.00351822675421099,0.00349414711679317
674529,0.00358131896262263,0.00352159508246811,0.00349555782687318,0.00353689494851536,0.00350717095748085,0.0035368089634475,0.00352303596348811,0.00349546305036618,0.00350487771797561,0.00344689368403876,0.00354033152775306,0.00354073682562055,0.00347073576787529,0.00351475899766265,0.00353555003841844,0.00350686483857348,0.00344494960599763,0.00352884197800512,0.00345703970520917,0.00354714765499583,0.00355467542015178,0.00348271680187002,0.0035234070193215,0.00350812223116574,0.00347443986272676,0.00347313976210634,0.00348263627989339,0.00354184711589345,0.00350252879043312,0.00350358698115498,0.00343333129315345,0.00351437732412148,0.00349633245426378,0.00349477644124275,0.00354281083703533,0.00354836022504453,0.00358938659129343,0.00351934550914463,0.00356941090655981,0.00348652909531595,0.00356251377884877,0.00352322350138944,0.00354509508329263,0.00355347886718278,0.00350356810227312,0.00351549023162253,0.00347171463886641,0.00349380775288355,0.00342849441370707,0.00351813970089529,0.00356714319290447,0.00348671085245912,0.00350171198468339,0.00353907365880718,0.00347281633998111,0.00345908416300572,0.00348627225277235,0.00351733358954279,0.00349078412071952,0.0034312388370885,0.00352981342139221,0.00344339321711191,0.00355403118014509,0.00350167832937443,0.00349399339786542,0.00351881262178811,0.00350621040325504,0.00351362339220797,0.00349627523374994,0.00355929822769294,0.00354631015265486,0.00349939363955039,0.00346012509349492,0.00347799516812129,0.00352557379027739,0.003522589360534,0.00357314747266356,0.0034999977308106,0.00346260827871859,0.00350276114417402,0.00352836652169256,0.00358364677072939,0.00353605110236253,0.00350605077878424,0.00346073020290727,0.00350457503751035,0.00350634269182696,0.00354327898093527,0.0035392259862107,0.00353669749656067,0.00349636766248398,0.00353157146924651,0.00350138639639905,0.00347089331719489,0.00350161856465517
1345,0.00352563356682414,0.00347845883783768,0.00347930917000812,0.00343167549305773,0.0034189686893256,0.00347078057123885,0.00344651543685685,0.00351726427521254,0.0034536029613653,0.00345378230494116,0.00342713301257223,0.00339685615848407,0.00346695206590128,0.00340758040045186,0.00342191273407591,0.00351586482644306,0.00347544843923994,0.00354032455503989,0.00346877720770339,0.00345618189843467,0.00349633517166312,0.00344776396071458,0.00345370212802413,0.00351240623389036,0.00345222883164084,0.00346051628344591,0.00345422234570006,0.00346228509479079,0.00345707419906485,0.00340282618556424,0.00345956217739656,0.00349866832043772,0.00346051743099712,0.0034646152906066,0.00341656515235739,0.00347186622922247,0.00350634564745161,0.00348930094178452,0.00349408475145944,0.00347702133998078,0.00346116605602308,0.00348352520841604,0.00339455355488555,0.00346166206108513,0.00349719435700463,0.00343033489073802,0.00351650293021176,0.00344158784005139,0.00346097888854715,0.0034892338138553,0.00348591244397346,0.00348161983460556,0.0034634995114733,0.0035165803152043,0.00341244563718275,0.00345494815165099,0.00343528405378925,0.00345453364600906,0.00346373216690118,0.00349765297191394,0.0035214550289554,0.00350387630297552,0.0035411100407303,0.00352976512559957,0.00354882502921815,0.0034927272677997,0.00345158540134061,0.00344802528080509,0.00354378685777704,0.00346140422561588,0.00348134126614449,0.00345447805069026,0.00349553573041665,0.00354206350016563,0.00348965352751348,0.00348962998815269,0.00345730633499326,0.00352768184149258,0.00344470022789439,0.00344716176093316,0.00347656915299889,0.00355128708758336,0.00350777107281165,0.00340261866281428,0.0034854119262087,0.00352565947269537,0.00346461809998025,0.00344608347351272,0.00346873387819381,0.0034963575841122,0.00342630156448578,0.0035381848989642,0.00337405489688447,0.00350605529897827,0.00348418518631051
820,0.00332200786576994,0.00348804466997777,0.00349555782687318,0.00340885681597054,0.00338843713496417,0.00342303122546085,0.00344265076379466,0.00342891194294046,0.00334719405786218,0.00344990745568356,0.00348085434181059,0.00342915590008613,0.00339884543036907,0.00335321444534493,0.00342078388668178,0.00345403882281724,0.00344069395484754,0.00344600338654004,0.00342113675640333,0.00343033935395706,0.00346736903430162,0.00341045474824529,0.00339412196954091,0.0034681382057359,0.00336701099808668,0.00339908202063181,0.00343212261910525,0.0034428960308246,0.00346464996429289,0.00347057320512525,0.0034292509333823,0.00346588431274987,0.0033832093929703,0.00348420045335735,0.00348464528597952,0.00348668443783721,0.00341476778414942,0.00343597183472033,0.00341589810945653,0.00345025876940771,0.00341473184038582,0.00343937796881631,0.00347245616399131,0.00348651156365284,0.00344620439485671,0.00337478290870178,0.00343563518194932,0.00337655926935474,0.00349864705618086,0.00343854378006055,0.00337169458887757,0.00342625501544806,0.00352081822128843,0.00344910028439568,0.00349416288682695,0.00338808263474953,0.00343711816166634,0.00349640027503155,0.00346120731787813,0.00346349713114657,0.00337550463794337,0.0033365121475721,0.00346250644262368,0.00341799114062199,0.0034559158760927,0.00339583881012843,0.0034674113364747,0.00347002225229348,0.00347052465889555,0.00349864650901476,0.00343894631477756,0.00338140642105214,0.00347891441104523,0.00349278016782383,0.00341673539410275,0.00342009925737568,0.00345041102917956,0.00338608442292244,0.00339617518695139,0.00345460419805989,0.00344628086113564,0.00346098099508283,0.00344806878820423,0.00343624474166871,0.00347777234518683,0.00341054985357715,0.0034236319964848,0.00342664437202821,0.00342330563080516,0.00341359121201962,0.00345960030412849,0.00342366814227367,0.00334785310817569,0.00349320765178819,0.00341096499726296
29341,0.00336439525660163,0.00348385086841648,0.00338758288125377,0.00346273424798197,0.0033901333324287,0.00337005929498837,0.00349250504629685,0.00340787567335187,0.00343706271729746,0.00333624521079395,0.00344535989213525,0.00344041187064443,0.00336317052604268,0.00339864885068429,0.00339369154922264,0.00342938668213099,0.00346835568732312,0.003548526395779,0.0033451882108525,0.00347117057423168,0.00351306209605498,0.00332248355252823,0.00344201974400781,0.00343957818757173,0.00343500395039053,0.0033662609761147,0.00340861973526632,0.00339843490138488,0.0033989933323165,0.00342655483708561,0.00347413489086495,0.00347339731451167,0.00347798817405402,0.00342426985534007,0.00338549946031622,0.00339417075702623,0.00344037854253054,0.00343672294890433,0.00344736346538453,0.00339673362826156,0.00339575437834276,0.00345375148868599,0.00345666509457798,0.00342291368419989,0.00338804396928173,0.00344531930694517,0.00337342922174745,0.00340759563264178,0.00346961837653653,0.00344943585343794,0.00343107137997435,0.00336325366951021,0.00343648724592823,0.00344293275469812,0.00337542271999701,0.00339083997565268,0.00340006918254912,0.00337724140781371,0.00345471484896173,0.00340135247641705,0.00343079861867921,0.00338456720209387,0.0034470728594338,0.00344607793684713,0.00346150057928603,0.0033768676435914,0.00338930268887743,0.0033561093642286,0.00338094167313453,0.00343551197144333,0.00339985486611454,0.00343972964837798,0.0034702424183297,0.0033973817173622,0.00337291267353079,0.00342912922241165,0.00345110055976093,0.00339425350476303,0.00347878329236626,0.00346598674895959,0.00343574580309625,0.00336766469949895,0.00345889200939037,0.0034345421553976,0.00344368806062771,0.00342593579276622,0.00344984833295486,0.00346217100577576,0.00341965048446354,0.00339620331872287,0.0034339325256539,0.00341740278780428,0.00340439381012621,0.00348036000459811,0.00344284317480747
418240,0.00348324617599245,0.00345748983003121,0.00345519825982126,0.00345639572656886,0.00339239492904806,0.00343534160366924,0.0034372402215076,0.00342393973376497,0.00346077040046136,0.00338963202278756,0.0034098654424599,0.00339685615848407,0.00343938509437634,0.00342350185873317,0.00332182159846296,0.00346577793742974,0.00345417018348949,0.00340540427488141,0.00345289705727004,0.00337555315966454,0.00344533845095625,0.00344462213229611,0.00347434100645296,0.00341244617031576,0.00344406967736438,0.00343021993466087,0.00343212261910525,0.00337904583741869,0.00341212465871178,0.00337703417304102,0.00342109021384,0.00348125181635355,0.00342644948203615,0.00343680435950055,0.00344829181656965,0.00339096682002845,0.00336665060173641,0.00339578722587618,0.0034387820046769,0.003427369728786,0.00340382989410576,0.00339659963587083,0.00340718641041621,0.00338416530731464,0.00342509136365483,0.0034588418288882,0.00350095144016129,0.00334010385850965,0.00345959657046885,0.00343896270595968,0.00341499016571897,0.00348289258906895,0.00338970990803312,0.00341028112688749,0.00343846174115111,0.00345012280507047,0.00348223721544275,0.00346258492082108,0.00337067344576606,0.00349622981188196,0.00351116777672548,0.00340610912308639,0.00332791124038631,0.00336009794840284,0.00340920744938482,0.00345207476807749,0.00345618002766986,0.00342799232462816,0.00339907588077847,0.00344863544273626,0.00341912529855406,0.00339816596913428,0.00346951975227007,0.00344842516871621,0.00346415014095111,0.00338217340422458,0.00343662041755214,0.00344190648216644,0.00334014031824339,0.00339462691062684,0.00341379776551419,0.00346775395202037,0.00338627168659303,0.00345199366467649,0.00344310040054911,0.00343733278475812,0.00340369281100052,0.00345513271041068,0.00350058586774218,0.00339759435018661,0.00344225721056458,0.0034020874768791,0.00339060339501633,0.00341138842494607,0.00345928036010386
2912628,0.00337187538439546,0.00340536686776944,0.00337762402704615,0.00335814864466566,0.00335338238736401,0.00344466764776651,0.00342525973501483,0.00338530949324774,0.00340067418034821,0.00338403501830436,0.00334511205453866,0.00339881371858116,0.00338641326674018,0.00333768131531438,0.00332972353022188,0.00338516935042392,0.00349034321826525,0.00337259691192494,0.0033320698257119,0.00341069902015408,0.0033596639601687,0.00332169809542361,0.00336686307350283,0.00334009412429986,0.00329085889150637,0.00339024558556951,0.00339599132006929,0.00336600836337245,0.00337576098561716,0.00334298871651036,0.00330450850609285,0.00340441429833515,0.00336704895564266,0.00332360211880125,0.00337756779426316,0.00336893975316869,0.00339691786164137,0.00336123597341206,0.00332102529385544,0.00331820661197477,0.00335174281743439,0.00337640826272056,0.00339718539978777,0.00339132533347822,0.00336215062912849,0.00340073153188976,0.00334481448005459,0.00328985450842588,0.00340188479069976,0.00336774530310755,0.0033914868525765,0.00337152657352225,0.0033818038790931,0.00336094088930699,0.00331071599987059,0.00334396518029908,0.0033975014315212,0.00335952860322727,0.00337644452924731,0.00327231930018477,0.00331313817129947,0.00350056216128436,0.00335554812191239,0.00335264634940433,0.00332035989858179,0.00338499814353585,0.00335050362209709,0.00331682905799934,0.00333995836385925,0.00336244615829886,0.00337728093097111,0.00334989847065772,0.00329824789613843,0.00334035386136669,0.00335100131324481,0.00333431458953391,0.00336146158418272,0.00336157717740069,0.00335862604812644,0.0033644193717007,0.00340589647198465,0.00334057287174879,0.00339744404394647,0.00332557663404653,0.00325211087500235,0.00335470459281682,0.00338892304397514,0.0033505637507009,0.00338466551233664,0.00341115690695808,0.00338398441618985,0.00344072382944034,0.00335382895472331,0.00337014071554633,0.00338207539886324
2923088,0.00322725958038145,0.00326876875977306,0.0033692376235029,0.00327828327486047,0.00326291852258939,0.00332156386568258,0.00326139759717817,0.00324800002447857,0.00338192857040465,0.00331084342121635,0.0033748506475099,0.00332736277503719,0.00332965773713001,0.00330739171175481,0.00331542479656289,0.00331982161241435,0.00327685138556909,0.00330124089749462,0.00330099996616838,0.00325874485862578,0.00331601076724362,0.00334408362290519,0.00329949465900873,0.00326345807555934,0.00337653001140922,0.00334522184501398,0.00334337292341498,0.00332455588178956,0.00339646807724048,0.00338597540404907,0.00329809651216676,0.00329615877294923,0.00334914144400933,0.00328952393561495,0.00333790946399784,0.00331887823757834,0.00331698125214878,0.00338226717056414,0.00332436252857507,0.00331644591654233,0.00333195780381504,0.00329256273014743,0.0032966489245229,0.00333615101421771,0.00334900477951223,0.00326696820672354,0.00332055415557586,0.00330660429178714,0.0033186001264821,0.00329987930744846,0.00331108078129961,0.00338361774092447,0.00329022571053788,0.00331450301864299,0.00334140166096147,0.00327503165772024,0.0032892890667729,0.00334396280525737,0.00328554996441766,0.00328749967385916,0.00331956770394317,0.0032445447156425,0.00331965606798242,0.00323972596458083,0.00331223669393694,0.00326575081101737,0.00329230502192658,0.00332311390699602,0.00328845721415048,0.00331669135298023,0.00331616613094864,0.00336196534527686,0.00333149053488128,0.00331078386196161,0.00330753779530048,0.00331986664547635,0.00334146519732297,0.00334251598643932,0.00336671355495028,0.00336266821002382,0.00335102637802949,0.00326682289620669,0.00328921183208506,0.00328854538264988,0.00328560749948286,0.00332222316563989,0.00332947473169795,0.00331738321540837,0.00325934620919551,0.00332595622980396,0.00331530576567677,0.00330462640735525,0.00330878026536436,0.00333633111767769,0.00329490850713996
2755405,0.00329707410645718,0.00330831031735096,0.00328851848939906,0.00326053541490377,0.00328101129554432,0.00324397117879332,0.00327569688750826,0.00333252758046182,0.00337090174102609,0.00337757693620836,0.00334415274508798,0.00320256831884739,0.00319993081230676,0.00327904374944906,0.00331391966670404,0.00329164773734435,0.00335274383107902,0.00331805467100981,0.0033058330554307,0.00332541862337799,0.00331641874100928,0.00329813438228511,0.00334622419507401,0.00325917407283471,0.00331352320894098,0.00336205314989455,0.00330513688851284,0.00339074613463967,0.00331212455770157,0.00329518751996732,0.00332957357325849,0.00328215726966588,0.00323208746552804,0.00328247327702468,0.00337888973860534,0.00330085609196581,0.00321531430221161,0.00332743583513194,0.00329766465081798,0.00332419297644506,0.00334810883534104,0.00328469151688546,0.00329401707962068,0.00333320276815035,0.00332988354370676,0.00334773786481571,0.00328447469865878,0.00328197225743235,0.00331410759272762,0.00327935193839108,0.00335313934165983,0.00333207118515714,0.00332316749778796,0.00337835509080599,0.00328570051528563,0.00326469162933342,0.00329405774725333,0.00326774407037029,0.0033454249555356,0.00327184491350745,0.00330606568539139,0.00332491265165305,0.00327873912650226,0.00332685235287104,0.00333609860758118,0.00323932668619793,0.00328413679734124,0.00325280215884563,0.00333923299555349,0.00329044441039436,0.00337838209853908,0.003355261526044,0.00325199726832229,0.00329142255282733,0.00336177739207398,0.00329774323113821,0.00327871791441822,0.00327852484535474,0.00334476175071416,0.00333333625193613,0.0033001069308391,0.00329316217318601,0.00330212987027497,0.00322129322494102,0.00335377606860109,0.00331994376724151,0.00333722885938628,0.00334587155379084,0.00336795627191782,0.0033075250629094,0.0032861693684894,0.0032033365101001,0.00327200582507134,0.00334038826942192,0.00334571435260153
2479767,0.00309594178133426,0.00314894585802184,0.00322666876326755,0.00317179611512023,0.00315945047725343,0.00312012131318162,0.00315164088221211,0.00315582291591765,0.00314760844611023,0.00317823746884514,0.00320745114836536,0.00316390650692976,0.00317182331192839,0.00315672035045848,0.0031777054144789,0.00319069135167687,0.0032456432771351,0.00323562617158169,0.00316153081888412,0.00321636308568251,0.00318260334587445,0.00314693388964642,0.00311530240435145,0.00309114596596883,0.00314943355071436,0.003199210275175,0.00315394669545945,0.00313400818419076,0.00311212435568117,0.00317104196635552,0.00316519336533501,0.00316673024259824,0.00318185907923943,0.00315086098333969,0.00313102517444708,0.00317790500967589,0.00315788411675091,0.00320124865221949,0.00316369851421543,0.00310304963013071,0.00318013810747058,0.00311939603838414,0.00317189947615759,0.0032186423495331,0.0031872709933243,0.0031774271830467,0.00316317307626513,0.00316373849252935,0.0032149262706095,0.00319556675856504,0.00322160325582738,0.00316852223661142,0.00318151781261262,0.00309537431644724,0.00315195105770472,0.00320471946468984,0.00313449036194652,0.00313033564691188,0.00313369833031734,0.00312004117676359,0.00316911664008055,0.00318737577147005,0.00315957750745478,0.00317495437328613,0.00314977260103997,0.00319867418647573,0.00312689847407354,0.00315970783308227,0.00316405654971312,0.00310068610926673,0.00311960772006559,0.0032211851413869,0.00314865602179561,0.00319496803095838,0.00319762179124293,0.00313746135174965,0.00310012949384318,0.00316960375414694,0.00313679728952986,0.00309605384471924,0.00316885766609836,0.00319758822528962,0.00313279882913695,0.00311105076388661,0.00314339376046035,0.00314670948896458,0.00310054334280445,0.00320678143109995,0.0031335047422913,0.0031305163091484,0.0032036162431252,0.00316678860902865,0.00315386793563002,0.0031517307133149,0.00320325874669949
1443109,0.00321313045010422,0.00313276976628543,0.00316848808868622,0.00309193074531504,0.00306729041501429,0.00314959161252898,0.00303106308267193,0.00310380595838949,0.00307538271368066,0.00308739378069473,0.00305588025515713,0.00313796883564325,0.00317290436963525,0.00310895597561454,0.00309981494428386,0.00312495230984689,0.00308534708381505,0.00313474353049055,0.00311803301552319,0.00307319538927658,0.00313038270387061,0.00310019919192173,0.00308765409551284,0.00305592194356636,0.00310410491584512,0.00313693444711688,0.00310308224536029,0.003112947649193,0.00316616481430789,0.00314387437983106,0.0030981588833804,0.00312984823394941,0.00315783680753618,0.00312892560105885,0.00309202781635285,0.00309540363198298,0.00311597560303635,0.00322453319192357,0.00315702404477616,0.00309530257022798,0.00313854920129111,0.00310433806518734,0.00319084875945359,0.00306870297810759,0.00316137765317106,0.00309665752495454,0.00311962890412382,0.00310363632870366,0.00316758187642768,0.00309837594996684,0.00310944709486679,0.00315834020090429,0.00311168122364245,0.00308775560329143,0.00320264910646357,0.00311028053875684,0.00306185969001376,0.00305304340871652,0.00314127287738648,0.00309679622957469,0.00307138774389628,0.00310949344172786,0.00313050494377151,0.00308668158515,0.00304467864094725,0.00312787108279288,0.00310494637050046,0.00317816957701002,0.00310747782186405,0.00311380958055967,0.00309483144978621,0.00308911990249965,0.00314142936119934,0.00311717077061883,0.00311716040265178,0.00312933438321727,0.00310564573849415,0.0031201354252234,0.00313564193141217,0.0031131276710688,0.00309774602433247,0.00310728213278909,0.00313175142063506,0.0031170098158355,0.00303056302536811,0.00315297783456012,0.00315408374827148,0.00313338206514981,0.0030896429861919,0.00309956585908017,0.00310441374793964,0.00302686235921226,0.00312996454943956,0.00311454015565939,0.00311210708278314
2912631,0.00312087554064701,0.00314235559842553,0.00317739864245093,0.00308749378032586,0.00307803299895627,0.00318391145480692,0.00310526480546588,0.00308468207694532,0.00302962137175963,0.00316187699420193,0.00310240676351535,0.00313747944561898,0.00315452638861862,0.00309924776934545,0.00310583546371922,0.00307995237049898,0.00308038215747328,0.00313843435882315,0.00314772199242034,0.00310007163553329,0.00314180596930895,0.00311433741980483,0.00313087891637321,0.00308590996263874,0.00309821219331212,0.0030700300102166,0.00313710880853007,0.00310124735197202,0.00313838700847173,0.00313734040332518,0.00311039996269385,0.00307554972121641,0.00313643514729147,0.00317553828840562,0.00298891615766301,0.00311422676184496,0.00311985602097288,0.00316857518521537,0.00309838406327397,0.00308931620575769,0.00310180560456945,0.0031170004517392,0.00308820680826694,0.00306828180009797,0.00313070400406645,0.00315001666559461,0.00317748044711156,0.00316718697733902,0.00309604691587558,0.00316414731613028,0.00318820381083544,0.00315197642858734,0.00302273839806724,0.00310843496757149,0.00307790522333324,0.00316887403294884,0.00314549500920906,0.00313946042503217,0.00312648447596578,0.00308398778928693,0.00312539581810338,0.00311860733137854,0.0031401957983326,0.00308094958592038,0.0031375877940727,0.00310043064548039,0.00308452580903712,0.00310825063192193,0.00318436686227432,0.00309465640624025,0.00318237427144001,0.00311526479750779,0.00316672267328629,0.00309675339007722,0.0031458966128629,0.00314378232727483,0.00308840747395988,0.00308700525998103,0.00315932677282482,0.00312713696448381,0.00306745773246922,0.00319758822528962,0.00311219979526655,0.00304252166647442,0.00312811459841661,0.00320141505052571,0.00311420537730293,0.003149804754335,0.00312306146702954,0.00310930307932635,0.00317031750348249,0.00309647740887216,0.00311893221735165,0.00305638764732532,0.00305133930683892
2850493,0.00302446500463768,0.00301534332256924,0.00315486018292843,0.00304185642615147,0.00311365314571128,0.00312198652200107,0.00308207676709277,0.0030712953599344,0.00314540308023452,0.00310978179862753,0.00310384572769138,0.00312426591496359,0.00309560874359473,0.0030922578608317,0.00310997457083103,0.0030662567367844,0.00310591606437382,0.00305600585939502,0.00304691755923469,0.00310679069709747,0.0031132478057131,0.00313593749018179,0.00319357437726078,0.00309114596596883,0.00309911876600951,0.0030906483586953,0.00305397174181626,0.00307918393435532,0.00300353838741251,0.00305790100475364,0.00311564613954247,0.0030813552225778,0.0030486446634305,0.00307917928767196,0.00309665462155047,0.003109821348473,0.00300499565005149,0.00311674830651918,0.00311077950651833,0.00307135711234681,0.0030892885551368,0.0030762754787751,0.00308557496336472,0.0031352491036279,0.00312512697695652,0.00310981457333154,0.00309039210282894,0.00313664325473908,0.00305595969160484,0.00316121483483637,0.00304800860963471,0.00306670187954015,0.00312354026705248,0.00305982032172012,0.00312860327209209,0.00309235782288634,0.00309927549070639,0.00305465366367893,0.00306047770864901,0.00309774500292934,0.00304824142637896,0.00304569621417309,0.00309281828714505,0.00319100397112907,0.00308275616271997,0.00310178572880446,0.00303960057381778,0.00312160593603988,0.00306540646013013,0.0030375515716953,0.00305023416328333,0.00313001319982007,0.00307060808735587,0.00310696208034802,0.00307549289784565,0.00314694281503742,0.003047725169659,0.00315099640106561,0.00309289368105762,0.00310393407226519,0.00311486549364648,0.00306212908653882,0.00302491575344283,0.00306210140859219,0.00308991669330726,0.0030851657322083,0.00307543473886129,0.00310556404061163,0.00308442134856102,0.0030999136169461,0.00317378612219527,0.00312188690199802,0.00305779471036451,0.00307599721408914,0.00305930885122504
2742643,0.00301615375153343,0.0030009645743591,0.00301700867468616,0.00298861284628135,0.00296438776883316,0.00301156615988943,0.002953383154122,0.00302195574580843,0.00298937344452788,0.00296253752683871,0.00304149061339685,0.00305232558139535,0.00299507037685672,0.00300371901965756,0.00296736351670581,0.00295982209763109,0.00306761520402301,0.00298588012107557,0.00298892048808678,0.00302099344943183,0.00306184311124057,0.00298944974017079,0.00299419502338229,0.00298975790148603,0.00304925726765335,0.0030317387916133,0.00303432754039865,0.00299761614801478,0.00305404348893282,0.00303210899223041,0.00301188841964752,0.00295090219198656,0.0030102090287053,0.0029589263883824,0.00309995948240591,0.00303012341565315,0.0031105430179252,0.00300783674983879,0.00299206930006269,0.00299670362601139,0.00303235616900762,0.00301159463936154,0.00298398575013896,0.00299710271647181,0.00306577147414371,0.00293329084094006,0.00307421855317645,0.00295682940394911,0.00301137993357962,0.00300369869676342,0.00301131045402628,0.00303170113179691,0.00302142072657724,0.00297238651836055,0.00301786806032934,0.00296758814701866,0.00301710745781277,0.00309705704435555,0.00299086401415647,0.00297630201353425,0.00296915817486143,0.00304238207248194,0.00298298860211935,0.00303566679200638,0.00292638447330664,0.00298050577129988,0.00307533655637862,0.00302536918577817,0.00300157404922349,0.00299037801272338,0.00291919522269462,0.0030314670570971,0.00301640813288383,0.00303338910563777,0.0029785081883831,0.00304896769439709,0.0030642739036119,0.00304025995833768,0.0030033534269366,0.00305008585070121,0.00302092789279525,0.00293871076012143,0.00301234685142022,0.00301655722583998,0.00305877070914117,0.0029791737066836,0.0029617075327658,0.00297451768405226,0.00296380151928769,0.00298480576332156,0.00298786815919017,0.00302790658495716,0.00300722985496161,0.00301378755401083,0.00303141544587359
751585,0.00293802797235345,0.00307405654442734,0.0030301124302225,0.00295248327422662,0.00301470829361404,0.00297650023408371,0.00301212618466722,0.00292939615961862,0.00304450759142069,0.00304175666721632,0.00300119961646808,0.00298332158797275,0.00301777258870078,0.00298857421787778,0.00300122893852974,0.00303925677317565,0.00303853492116406,0.00303960217791679,0.00296889768971429,0.00305355505547361,0.00295536195840463,0.00298827155451386,0.00295642198172953,0.00301117791510915,0.00303565867719258,0.00304520383551776,0.00300310729171709,0.00298925879285694,0.00299343736710845,0.00294132110814866,0.00306843054790488,0.00297992969879351,0.00295954387384027,0.00301415654733949,0.003018659905362,0.00305775737225903,0.00300033914852765,0.00299732115126275,0.00298587157844051,0.00294071351125982,0.00300853339750677,0.00302939042586686,0.00306715204904917,0.00297435910395221,0.00304505680202111,0.00303489249229582,0.00300081552013825,0.00298441728242647,0.00298615262865062,0.00295887362555649,0.00296224213360603,0.00299351849789518,0.00300033798273719,0.00294408844092468,0.00294849178308039,0.00299929756740492,0.00297418933348887,0.00302727932931807,0.00308897243333767,0.00299859818736851,0.00298073133362009,0.00302581136402615,0.00299770434423064,0.0029284784064125,0.00303554003572179,0.0029550979589735,0.00304062160189094,0.00303243964089944,0.0030218843617847,0.00309110952210702,0.00295057849838183,0.00294498778899327,0.00298172016202173,0.00300769136805954,0.00299898273815853,0.00299027292166325,0.00297394539745232,0.00300440676581512,0.00300277574787775,0.00300805797045615,0.00296869156334994,0.00296956534172578,0.00299942881323031,0.00298974149206999,0.00301410854316716,0.00303046017064716,0.00300970927559831,0.00302479122237427,0.00292463923705608,0.00300845329820515,0.00295595686703258,0.00302581813346737,0.00305319790532788,0.00300432086660761,0.00299953726832908
2478464,0.00297210411008089,0.00299976634534159,0.00299447021516367,0.00303678560902098,0.00304184745304643,0.00300335924108384,0.00296149896755259,0.00297835329611571,0.00292982856588365,0.00301291056718752,0.00299256583141192,0.00299898206874951,0.00303939374283799,0.00302740704295415,0.00300950715275337,0.00294025690661026,0.00290377263474455,0.0029985929742212,0.00299513445999548,0.00304631914301988,0.00299167162354792,0.00299023519727541,0.00299769973858719,0.00292978186334127,0.00295633356617142,0.00300775418215848,0.00291751469982608,0.00301399656412415,0.00301313435670137,0.00301904103921865,0.00294135648646049,0.00297070919663131,0.0030062781115175,0.00300710588874922,0.00299288199068955,0.00300128798267311,0.00301353256951187,0.00300671007856279,0.00292675484912123,0.00295444693563285,0.00301580136169347,0.00303007487919399,0.00292450605534875,0.00301647690491443,0.00291837861480988,0.00297787861599546,0.00296162576521107,0.0030159462864006,0.00297440292498505,0.00311555191183118,0.0029931675456356,0.00296933616309076,0.002921936529082,0.00299306588264062,0.00296083275547564,0.00299033620946967,0.00295181321738837,0.00304284512728797,0.00299591371220256,0.00293787669267096,0.00298394609994194,0.0029454434280156,0.00298298860211935,0.00310043838330108,0.00306244815110785,0.0030086237502744,0.00305491599491528,0.00298726728873578,0.00296349221317124,0.00297938267191038,0.00309042677951432,0.00295638428168912,0.00304531477526892,0.00297530517823493,0.00299287629348866,0.00295686205103014,0.00295601760233668,0.00301302968553573,0.00301895076152542,0.00302863412015946,0.00309072265230621,0.00299289441562175,0.00296451519650082,0.00291823286868335,0.00300118002143784,0.00306864009382004,0.00300601683384197,0.00296814970253147,0.00297998859594341,0.00298758782624904,0.00295318197206236,0.00298091642643673,0.00294655202847813,0.00294549216631617,0.00299256391699122
290053,0.00301366037560215,0.00295483275718488,0.00292895143748198,0.00297720350773775,0.00295025278996213,0.0030007479487366,0.00297773059441377,0.00292212908466984,0.00305167503051675,0.00293756627606751,0.00292733278876534,0.00296766110719599,0.0029983135499773,0.0029283833390094,0.00299633726648851,0.00297703946572942,0.00294916624701218,0.00295020211386041,0.00296958813103748,0.002913488464405,0.00296596927631166,0.00299259156858926,0.00293695134170233,0.00297690589331215,0.00304336454512035,0.00304688696600581,0.00298381387961051,0.00297254408254125,0.00292626558208645,0.0029285970486372,0.0029023016143652,0.00295056069190648,0.00296303802245165,0.00298321199019332,0.00291819213535653,0.00294201514821413,0.00298016097525768,0.0029537565285906,0.00298062735245251,0.00295233410111392,0.0029693671460562,0.00291850898687219,0.00289555576142431,0.00301605572690481,0.00296339319076859,0.00295192999280748,0.00305555676511589,0.00301299044227803,0.00290736049818744,0.00298065777231126,0.00303316441186051,0.00292860802026225,0.00295487831633208,0.00291687875108249,0.00301686744094595,0.00299102554469546,0.0029360398896454,0.00296286913082194,0.00297246868555999,0.00289280995832513,0.00294408299755099,0.00287750352334689,0.00297473342971546,0.00296401680163614,0.00296700049653088,0.00294154712573276,0.0029742547771351,0.00299355213773247,0.0029573265825723,0.00300953118704281,0.00296874776325338,0.00296040657322883,0.00290294956152237,0.00298551386850573,0.00296485848853282,0.00290629424682868,0.00296567103047587,0.00287551680788589,0.00295136231164052,0.00298748182075284,0.00291689419465627,0.00301471838797604,0.00296940310284295,0.00292546886033557,0.0029647450965643,0.00296264806829533,0.00291333654575766,0.0029704958009865,0.00295805771789372,0.00302166809711069,0.00300521125275408,0.00294158392337889,0.00298746359330411,0.00296442554112261,0.0029621800290191
211595,0.00295215710263068,0.00296022478776369,0.00290588882773803,0.00288592879938897,0.00301810068854309,0.0029768732758476,0.00287802202940939,0.00292939615961862,0.00289399137040333,0.00290097047752351,0.00286353871029478,0.0029637459870018,0.00295993600138375,0.0028619792081288,0.0029304878351642,0.00289603957490318,0.00290164480916951,0.00296578561126474,0.00292194767973741,0.002978094825599,0.00291742039819871,0.00294389322810303,0.0028719194040115,0.00296881388816563,0.0029159910811378,0.00297114609404323,0.0029336510081334,0.00296351813897078,0.00293838680645132,0.00295542074166136,0.00292153759614348,0.00288738317709135,0.00286127094414516,0.00284924947697823,0.00295586754910858,0.00291958758922965,0.0028784940253205,0.00294061203037055,0.0028971964844616,0.00297451886356265,0.00294069906509754,0.00292740688012484,0.00290871498593542,0.0029343471930381,0.00289368035189448,0.0029351182087702,0.00294980663277271,0.00295288827845234,0.00288316993181716,0.0029312245162139,0.00294574858052359,0.00290697119438461,0.00298452592485715,0.00293465574844605,0.00297750974519894,0.00286901320973093,0.00293677353279623,0.00290275294555889,0.00294036703369555,0.00293740230599364,0.00294022527796477,0.00290650226314451,0.00287926056626176,0.00296630960132799,0.0029532925886927,0.00291207406343416,0.00292524542962309,0.00289731538747076,0.00292758648203625,0.00291447469227233,0.00293240923351029,0.00295169160822612,0.00292390687725156,0.00293200625053464,0.00293684068357697,0.00288055884647615,0.00300911145710223,0.00291500070344871,0.00290225959163867,0.0029480806830231,0.00288616694204138,0.00305385102805961,0.00295299370298009,0.0030067673547811,0.00295240423491359,0.00294498273070788,0.00299863195032927,0.00295574889641204,0.00293612683984402,0.00293055553623567,0.00288450332154928,0.00291547827975643,0.00289001132652761,0.00301108278618134,0.00293279233409525
113107,0.00296046835573493,0.0028973177643443,0.00296459365254082,0.00293220000570467,0.00295081818911697,0.00287465983254155,0.00289773186202653,0.0029645841014759,0.0029485741758272,0.00294101058651871,0.00289855350524478,0.0029431916059823,0.00288318090419667,0.00290896692647121,0.00294591541621732,0.00292186562705068,0.00292788799126173,0.00285670112943448,0.00289916311607216,0.00291658956974231,0.0029166044506674,0.00287870028841985,0.00289684182324631,0.0028407698067296,0.00291553779478911,0.00286468809067361,0.00291120049222756,0.00294880919389298,0.00284495236863876,0.00293306766414123,0.00294135648646049,0.00292426518574019,0.00288223583581345,0.00290526304244536,0.00295917240996402,0.00287353099488652,0.00287073318944744,0.00289216516550238,0.00285762641564305,0.00289775254270831,0.00290314791679958,0.00291748230688149,0.00291450504472031,0.00284632098902705,0.00292953266902973,0.00283972960803691,0.00290750657983544,0.00291446230485887,0.00289353731740442,0.0029228459982313,0.0028504983114725,0.0028522427524588,0.00291534817163198,0.00290744605860387,0.00295816443711991,0.00289520794831089,0.00286487650401431,0.00293066403157388,0.00291259369444205,0.00295827531979592,0.0028965044559876,0.00295124317597512,0.00289074602351934,0.00294796720379321,0.00291419966633937,0.00296763247972118,0.00286653631541599,0.00290634985790349,0.00290836422193369,0.00287084801743364,0.00293351040107826,0.00295504351784255,0.00293474686814596,0.00292109351265895,0.00290379404183417,0.00286701389892218,0.00282983350594582,0.00284057129112339,0.00291381317281558,0.00291043070697024,0.00291952795916611,0.00283335365220415,0.00297359273685048,0.00296505399113889,0.00295651785546383,0.00296948626349048,0.00288490474423379,0.00292089257650878,0.00294082631371181,0.00293055553623567,0.00287687236038116,0.00296351266402176,0.00286472889882616,0.00281566331050058,0.00289792557740594
61645,0.00289730283214261,0.00282722136681984,0.00288282621799408,0.00296959728204202,0.00285526573194878,0.00289032758662496,0.00286333627177309,0.00287240699291498,0.00285319210170265,0.00293283034919711,0.0028975941957941,0.0028966995536763,0.00282804696114679,0.00287595902515629,0.00283114926448067,0.00286160483870652,0.00287611090226897,0.00280502953277804,0.00288328296563881,0.00285353376121696,0.00285255256945957,0.00288262757394293,0.0028719194040115,0.0028579058176281,0.00289604648179534,0.00285206461201318,0.00287647235043572,0.00291303971381742,0.00287727563361175,0.00287426187558827,0.00279329771762162,0.00283547516491893,0.00289621243025898,0.00281752151332202,0.00293273352312048,0.00287753591613375,0.00296541538709885,0.00290117853571041,0.00293485956201178,0.00288296270107582,0.0028260267412629,0.00285143256081368,0.00280765214169011,0.00280041258597823,0.0029056311242729,0.00291501716263866,0.00290066392421323,0.00284401468660416,0.00285379567265326,0.00288179126011654,0.00290533937547161,0.00289551640421409,0.00287450035544188,0.00291143681311405,0.00285710187939668,0.00288762526082722,0.00285937418038304,0.0029419358163107,0.00291115092357174,0.00285343586410719,0.00285406954053917,0.00291064494025845,0.00290259040131623,0.00288950081165109,0.00293704617940301,0.00288632748027676,0.00289206201724516,0.00286903356698569,0.00287898680555052,0.0028513401547009,0.00286744034699992,0.00288599417974414,0.00291595755059566,0.00283555172866569,0.00286859218432555,0.0028981672782963,0.00291671435919854,0.00288050902456624,0.00285315687163682,0.00279003834168492,0.00288089941302168,0.00285291997224593,0.00284685630812244,0.00294930506813112,0.00287130714406604,0.0028486781483763,0.00288379701170689,0.00287430576433039,0.00287503367956272,0.0028982140547037,0.00285952926681725,0.0028705765727258,0.00287714027242505,0.0028427109887955,0.00282869016055145
223919,0.00286073331848389,0.00292367880272957,0.00282726629452001,0.00280606342958378,0.00289880146687157,0.00290338404836113,0.00289270778704569,0.00282000755775795,0.00282397100384947,0.0028234734923715,0.00286785560282286,0.00284188787095764,0.00281453373981103,0.00279829337500354,0.00291280255932281,0.00285299615465736,0.00287823872784402,0.00287556536313445,0.00286049840197356,0.00285353376121696,0.00292557987351181,0.00283903470463671,0.002836482839162,0.00287599382913208,0.00284845141518264,0.00282218904585016,0.0028543726238409,0.00286790999596507,0.00287172007244452,0.00287770081059137,0.00284809112026278,0.00288499267653078,0.00288966090161264,0.00284180711513295,0.00283755353048371,0.00283668571941201,0.00289323961347933,0.00283470493042617,0.0028495217027525,0.0028660600249244,0.0028276418444155,0.00285827709408495,0.00291871599656386,0.0028113632142284,0.00285105593041145,0.00287116033471531,0.00290750657983544,0.00287603633126539,0.00289457405596315,0.00279214111770268,0.00284513790672071,0.00282296939980081,0.00285605295458184,0.00282835656012924,0.00285243232227415,0.00290279063579456,0.0028135214834558,0.00284585727022064,0.00286353948485145,0.00285865411755776,0.00283799570892991,0.00285264746066321,0.00281896191565942,0.0028562552161193,0.0028857684500824,0.00282975275149669,0.00289614612953783,0.00287139038535944,0.00291199106346247,0.00291731219957891,0.00290763296323091,0.00284778241011687,0.0028480269409907,0.00284998470456578,0.00288367869468639,0.00284534198283584,0.00293395262373282,0.00283694058808312,0.00286239973657835,0.00288066095846332,0.0028874838242963,0.00290635107697541,0.00284930026129351,0.00283608308110227,0.00287600842469489,0.00290509325873622,0.00289819753455664,0.0028629104289774,0.00287346718827346,0.00286448154170799,0.00287062884669815,0.00285839393903532,0.00284312391515401,0.00284338718075287,0.00289643128783354
1304,0.00278842541647689,0.00289012839023923,0.00280105878344734,0.00280035876031198,0.00285243873617458,0.00283362523851358,0.00281232258735224,0.0028349241852844,0.00277049088136345,0.00276319805947549,0.00277192465775436,0.00281056690940412,0.00277615619121749,0.00285071768885665,0.00281158257631573,0.00275438759191238,0.00278106802658363,0.00280872036111064,0.00280457265479522,0.00280805088293637,0.00278850068825174,0.002824111019649,0.0028524487639843,0.00278983777433682,0.00277547231304318,0.00277211591383045,0.00286103762075045,0.00287192152644083,0.00283030588919787,0.00280789043002851,0.00281719696770978,0.00282830366323721,0.0028293868380663,0.00275994113483484,0.0027793879794279,0.00280384536518474,0.00285288326693938,0.00272166224573377,0.00281233537301941,0.00280866135382689,0.0028381400149074,0.00280454750790544,0.00278291279960922,0.00278272310957409,0.00280604135445274,0.00285288665641391,0.00273955048729039,0.00281150040125584,0.00281267170982379,0.00285372322487481,0.00285750807153254,0.00278733227482587,0.00282245233158676,0.00284722194508649,0.00276070887879597,0.00276009824405638,0.0028380985290088,0.00281043166104777,0.0027874333214425,0.00279935578289219,0.00290164808210256,0.00294295782174723,0.00279204287521194,0.00283504681896971,0.00284819862859998,0.00280773264748049,0.00293341365420842,0.00282700363932037,0.00288188827877355,0.00286304487234055,0.00284321466050453,0.00281024102241288,0.00283501895191741,0.00281407827671676,0.00282943909791289,0.00280199815066316,0.00281811148606252,0.0027988182061604,0.00278499074269308,0.00281543018599964,0.00287212019798886,0.00285818782764179,0.00284685630812244,0.00275776411263119,0.00283839817966414,0.00285437664437225,0.00281917928097082,0.00277409384460852,0.00281811782938612,0.00281544768261113,0.00283455521208522,0.00276615399823595,0.00283898679062105,0.0027953775517794,0.0027993024656276
2831966,0.00275767377999116,0.00272357455680504,0.00271824304845769,0.00273380428547433,0.0026613338218382,0.00274185696459647,0.00276092243562517,0.00278826191456062,0.00271811344181528,0.00276621183112029,0.00270813057928381,0.00274449925612716,0.00279723681650126,0.0028126615202818,0.0027487434047091,0.00278373537844362,0.00274205789104114,0.00273039278205208,0.00276936014731256,0.00277807353134235,0.00273464815118529,0.00278130360744739,0.00272472136540589,0.0027974537791806,0.00277093944955626,0.00279063034919908,0.00272422978944924,0.00276394449780151,0.00272121486991401,0.00278760071351023,0.00277173010168839,0.00272892713993341,0.00278134229465981,0.00275289047624457,0.00280186103324492,0.00272855284573684,0.00287538969097128,0.00276522686840592,0.00283283552915432,0.00271217524412923,0.00279614733293979,0.00272207088198656,0.00271869578399501,0.00277640543942976,0.00280524463629418,0.00273264585319073,0.00271902252042377,0.00276469953598174,0.00278537092777734,0.00275150530548705,0.00282946903129239,0.00277651386188705,0.0027974165732767,0.00277429997630943,0.00275937471961811,0.00283316777798994,0.00277390475331066,0.00282438720405527,0.00276110275305931,0.00280220210295614,0.00284571114810236,0.0028460191772809,0.00274825456941739,0.00278460522574906,0.0027349814638624,0.00279519812673281,0.00279710640644065,0.00268873696139335,0.00277562182198011,0.00280984161034215,0.00268409594693253,0.00273247671931176,0.00273456836962924,0.00274015327820406,0.00276011299077855,0.00274826985869911,0.00268089490036973,0.00279564134100017,0.00272953355304394,0.00281017670096901,0.00272989691445708,0.0027347695012244,0.00274525768343963,0.00276585139741896,0.00277493089117476,0.00279568213561395,0.00279259370032512,0.00276437429386626,0.00281341835551833,0.00279388669492315,0.00267222385632704,0.00276615399823595,0.00279301874025477,0.00273790123540271,0.0027993024656276
1814128,0.00271861089040117,0.00274993559519031,0.00270618759336426,0.00277120156181168,0.0027269201237998,0.0027687159715966,0.00273193738765879,0.00271673859795941,0.00273079429560063,0.00272832441615709,0.00272395918522011,0.00274498864615144,0.00274642710427883,0.00279945835975583,0.00276567611562107,0.00274225717347946,0.00282007816212612,0.00269471477483692,0.00276314617540386,0.00266901799364687,0.00277911729164168,0.0026870487548934,0.00263827172368514,0.0027355737398249,0.00272651738738441,0.00272751295589693,0.00276001029917417,0.00274221537439112,0.00268182089072817,0.00275114800247741,0.00270527852827252,0.00274634364401758,0.00271757408250209,0.00278736036268588,0.00278137089594117,0.00275979123146522,0.0026922339643669,0.00273443118686181,0.0028285447988005,0.00277344744517811,0.00271175819321641,0.00276245362828709,0.00277396452694167,0.00271701934007302,0.00272915805215158,0.00277394436615188,0.00271840046082175,0.00275041295605596,0.00276359941804409,0.00276281630476356,0.0027544233647673,0.00281215098686199,0.00272428580558152,0.00276414169210168,0.00272935613811616,0.0028117983859905,0.00274272491940013,0.00264940616480745,0.00276795591469329,0.00275428904854636,0.00274412453233187,0.00281039215410096,0.00272384797274501,0.00277830002659648,0.00267558052989695,0.00268475883582081,0.00271644518866046,0.0027720112105994,0.0027266594613415,0.00268108971630602,0.00273750257397919,0.0027304655735419,0.00279454965257829,0.00273416887356255,0.00270946542028144,0.00272930693212356,0.00267331006397465,0.00265722078759026,0.00271451389751396,0.002760268593178,0.00269478005432578,0.00270165726730754,0.00276969721515027,0.00271775333526009,0.0027367329860654,0.00275237356604471,0.00275382306188348,0.00273555079856164,0.00264214864122546,0.00277371673869891,0.00274228995432523,0.00263841038211005,0.00268131637786473,0.00271220594102254,0.00277788431508988
1702238,0.00278925654178732,0.00273615596148892,0.00268155253295595,0.00268119455774551,0.00270656575422551,0.00269895716174904,0.0027385073318645,0.00268193313373101,0.00269826514893387,0.00271196394151389,0.00275177915928998,0.00273911596586015,0.0026815636418672,0.00267325167825762,0.00271901708999698,0.0026960833226703,0.00267538602302307,0.00271603956075862,0.00275900352746472,0.00269847849435134,0.00267426803386835,0.00271218338224113,0.00275159084864342,0.00270939372317441,0.00270068006550894,0.00269805817235593,0.00273019320773673,0.00267034212003368,0.0026858612988498,0.00278037895000373,0.00275832320529747,0.00268589812984311,0.00277260692313135,0.00273330531349382,0.00272056145620101,0.00269851593638263,0.00275664890211335,0.0027040110624097,0.00274511393080959,0.00270478032331298,0.00272710167316611,0.00273096877523922,0.0026592160892048,0.0027241793662366,0.00271322368898035,0.00272679827613428,0.00277189758659536,0.00272331771826569,0.00274079116975212,0.00269034212421404,0.00271360182088826,0.00276124080832636,0.00270913258344649,0.00270246639512606,0.00272435304119917,0.00268496070444545,0.00275116181563474,0.00269019929052166,0.00276146344577688,0.00266984821998259,0.00274669634538935,0.0025692883460693,0.00275938110613567,0.00272098003430028,0.00270807334847634,0.00269526073158239,0.00265620453234362,0.00268912976445564,0.00270054620233424,0.00271017416619848,0.00270281579558806,0.00269627609545434,0.00274179503022551,0.00272572030230396,0.00269904854407991,0.00274556086918831,0.00267951583920698,0.00271531203623442,0.00276419429657465,0.00271517617999841,0.00270707095537174,0.00269488431037,0.00271697765388875,0.0027100916970401,0.0027578887488952,0.00273470822845726,0.00273720707397992,0.00275599537081259,0.0027491922126585,0.0027024263761822,0.00272564058450388,0.00272125229120532,0.00265557426965962,0.00280484423918262,0.00273006704877311
1340,0.00267539237425905,0.00269182148784097,0.00269203553738501,0.00267041907134323,0.0027173083381675,0.0026687407788739,0.00264923338412802,0.0026566896102247,0.00267841685605246,0.00263489749516828,0.00271004919818518,0.00265689844178216,0.0027172385461936,0.00269033812129122,0.00270283694401444,0.0026960833226703,0.00267396747263971,0.00262951014096094,0.00266786527280372,0.00270519755591551,0.00267712385022793,0.00273967438090271,0.00272160606300154,0.00270415771984431,0.00268708147504817,0.00270773617266226,0.00271230295287426,0.00266465911852635,0.00267879058463695,0.00267755479341114,0.0026510680341701,0.00262169611478774,0.00270883871097364,0.00266867427641637,0.00260819618711593,0.00267088197977675,0.00274888806624029,0.0026476774986095,0.00269267167092959,0.00266815785831825,0.00268309011225774,0.00267142133577911,0.00268132358638347,0.00266689915692798,0.00270326471199834,0.00267526650332435,0.00267050187146631,0.00276469953598174,0.00271901966001887,0.00265431449688885,0.00270164399490349,0.00275105877261923,0.00271110909068149,0.00266546121694068,0.00269967109640868,0.00262498853980187,0.00274749359988056,0.00267087623097282,0.00265794463583201,0.0026817078869157,0.00271647754196395,0.00264965628207986,0.00270590194578003,0.00266366004200409,0.0027354891641527,0.0027138931272884,0.00262710523225836,0.00266124074703286,0.00274878319466709,0.00271017416619848,0.00266647726584498,0.00262521561158608,0.00270855239148266,0.00267784506517193,0.00264337213679586,0.00270131404051203,0.00264503931013844,0.00268490489827224,0.00275090767822121,0.00268847096442603,0.00270707095537174,0.0026828434980366,0.00273792582392644,0.00266752704026233,0.00266973973710439,0.00268114236609532,0.00263566492568038,0.00270237026326911,0.00268966554366647,0.00266695507385682,0.00275963304788914,0.00274318103184819,0.00267120340678415,0.00276359652978287,0.00266979736935302
2020965,0.00265212086556714,0.0027145878391737,0.00271090494535734,0.00263492335142981,0.00270430415760615,0.00268552765824898,0.00268788011474987,0.00267543101403999,0.00270708661243672,0.00264867473697308,0.00271292712653723,0.00267206953253465,0.00275723768134743,0.00271790942709545,0.00261441056480751,0.00269960505705405,0.00259878430232146,0.00259055139745013,0.00266372262486459,0.00270519755591551,0.00267549195516532,0.00266859051293491,0.00264255526449112,0.00261942966595727,0.00264855213540932,0.00266355399735075,0.00258356327572671,0.00270076289280823,0.00269596231915386,0.00260602494534673,0.00267788182695194,0.00268999613080409,0.0026773913734712,0.00263772971927019,0.00260951813145811,0.00269330953876123,0.00261540168922354,0.00261688181706539,0.00263784567196413,0.002660762937502,0.00265361447972278,0.00263069636281502,0.00262552847445637,0.0025915082932056,0.00269091558054064,0.00268586523673916,0.00269600631514908,0.00266764932062386,0.00263331593916418,0.00266143623717406,0.00260350735406298,0.00260469200932929,0.00260701304297124,0.00266147046243049,0.00265064074662216,0.0026291245511566,0.00264515038033895,0.00269127279382993,0.00262223605679179,0.0026855029803343,0.00262582113168776,0.00279464998106797,0.00269549325014034,0.00261551124847529,0.0026339491060921,0.00268543637748285,0.00268938794472154,0.00267263203583935,0.00265049578923698,0.0026683209334264,0.00256957451986341,0.00261180797312037,0.00275335768717954,0.00264721899435952,0.00268216602058087,0.00270086254226024,0.00263331729025514,0.00262681364962808,0.00263883794080523,0.00266439249136896,0.00260962166850738,0.00261210372557785,0.00272256383256547,0.00268072208386344,0.00271322658292119,0.00265264988611556,0.00265265015775957,0.00266516784491083,0.00264998109767178,0.00271390238575806,0.00264863724908012,0.00266277564949101,0.00260500941425672,0.0027879394402483,0.00264439444662223
1316411,0.00261721360252928,0.00269242060234973,0.00259716434730194,0.0026919700441478,0.00265285283451558,0.00265978777654052,0.00266391914176432,0.00271750355321717,0.00266683868520497,0.00269258969522588,0.00275849432544477,0.0026617923420249,0.00266480724741087,0.00268140657152366,0.00267311062930232,0.00265969206737156,0.00264063153863067,0.00269471477483692,0.00265888953560226,0.00263645638760509,0.00265550124064822,0.0027058997254042,0.00272082723740045,0.00271796172862366,0.00266351058491617,0.00267196964979104,0.00268634454385813,0.00260983486869091,0.00264747742169437,0.00266826966890278,0.00270294689411758,0.00265584612279592,0.00264594403596877,0.00268708432940207,0.00262141563053771,0.00264124556254726,0.00274112723036722,0.00268673543617764,0.00266692728880668,0.00265583299029117,0.00265038427341758,0.00271830638868736,0.00264026680590881,0.00259951067538842,0.00264988459537473,0.00270560080930466,0.00261451650728463,0.00266863460199805,0.00262709550781183,0.00269788279039839,0.00266412116164094,0.0026307834758288,0.00266762593151139,0.00271552704625031,0.00265997986086721,0.00265945530109129,0.00267559657109864,0.00265906769458187,0.00263269614560155,0.00264992397953496,0.00263289361759583,0.00272422447013088,0.00261868425473021,0.00265792804277447,0.00260754869099634,0.0026972933565685,0.00260821621290477,0.00267852408177374,0.00262547058268836,0.00263214271526749,0.00265381383881329,0.00267616463775578,0.00259581648618082,0.00267010054151822,0.00266169147080545,0.00270898951079261,0.00268089490036973,0.00267945884371185,0.00273126659022047,0.00265125877879238,0.00261181647226558,0.00261210372557785,0.00261014198669652,0.00267220915250789,0.0026168503300299,0.00272673033406293,0.00264009585578799,0.00264807484188134,0.00267974443216779,0.00275424229820654,0.00262019457563531,0.00265790259601482,0.00259029963813951,0.00262768194635093,0.00266382021106342
1346,0.00272858439412627,0.00272357455680504,0.0026065990512881,0.00266598210635405,0.00267377260324471,0.00266239906888776,0.00273889379917072,0.00263144608671839,0.00270102185627851,0.00270550585941789,0.00268462749774203,0.00268087855297158,0.00263453763161878,0.0026926680907958,0.00260989517523098,0.00262917036937907,0.00266120051918944,0.00267544044909999,0.00267891233397475,0.00260441163245286,0.00265264542428864,0.00264620498545333,0.0026211375604612,0.00264798968412144,0.00263767326304071,0.00263325764856572,0.00263232298995971,0.00261551787019824,0.00274444721661335,0.00259880318184022,0.00270411271119505,0.00262647711590888,0.00262803652433543,0.00265653147551091,0.00262472049139315,0.00263964359404837,0.00265187761782695,0.00269199323546566,0.00265024111520849,0.00269492042889132,0.00266734285651989,0.00263856757607699,0.00264763597163503,0.00262225428790802,0.00267219270381445,0.00262629304547661,0.00262509152051895,0.0027336631726947,0.002630205723488,0.00267819327313927,0.00260598138702535,0.00269696670792512,0.00266564942427638,0.00262120012146406,0.00261495198861429,0.0026884073805744,0.0026972390440483,0.00263491387014582,0.00266443710474841,0.00260675479189842,0.00261167615987161,0.00269108305321932,0.00266785636861427,0.00263442684593303,0.0027014732447024,0.00262615148205463,0.00271797673077021,0.00260192748462667,0.00261821689963079,0.00263604428781404,0.00264390333070154,0.0025595181831041,0.00265579776912987,0.00263525018507651,0.00270192216510102,0.0026390072817638,0.00258780827188467,0.00269262014223279,0.00260128880198028,0.00268190410813774,0.00263508139210257,0.00261661903020287,0.0026859045349995,0.00269902488627788,0.00261567500987269,0.00266974537410341,0.00263603416985601,0.00266248658953365,0.0025878436098643,0.00267530126263926,0.00271870334707831,0.0026707813802019,0.00267442117030979,0.00257088182193161,0.00266132972844276
1520,0.00265627649211927,0.00262172509031651,0.00259454359619467,0.00261273852648393,0.0025437307976312,0.00261614189016531,0.0026697161513576,0.00260620256321208,0.00258744551367933,0.00260389870110747,0.00261171997948996,0.00265591966173362,0.00264156450671337,0.00261500244064306,0.00259672528896612,0.00264443121837531,0.00265268921688926,0.00259342204170882,0.00263265276532107,0.00258735555309764,0.00263591849989678,0.00261753580113483,0.00263398818287915,0.00255421762448241,0.00266849673475179,0.00260590677813479,0.0025919822191914,0.00262019798908663,0.0027025279823515,0.0026441971238811,0.0025204965214933,0.00262545261566864,0.00258261259238747,0.00262088647930455,0.00269610548587073,0.00268249625139371,0.00264334069836658,0.00264016635676947,0.00264213640231795,0.00261674555169102,0.00265845978918059,0.00262042956290811,0.00259763091849282,0.00267068975901458,0.00259491104243401,0.00260107536942068,0.00258216940797966,0.00256123893221116,0.00259288313537387,0.00262876001704191,0.00266659519460331,0.00262123781735337,0.0025470589901761,0.00265203776995187,0.00262028862532574,0.00262154186367293,0.00265762231390316,0.00257748144315344,0.00257967431611759,0.00263616676589255,0.0025473808334346,0.00259331587333019,0.00260971124124772,0.0026619404422352,0.00257759437386846,0.00261395573213797,0.00261587392345353,0.00258464414988579,0.00259972000783398,0.002582131648989,0.00263234107123783,0.00259840033465466,0.00258786715952492,0.002578222329081,0.00260817027928723,0.00262320484295085,0.00266641475816094,0.0026313520284284,0.00264461473139368,0.00266833260514194,0.00264912813615509,0.00264295830718219,0.00256126292327523,0.00259346453746903,0.00263741843278109,0.0026121905645443,0.00262347986788443,0.00264472327265988,0.0026139517980187,0.00262313758274898,0.0026951167398314,0.00261195666323929,0.00264867906210467,0.00261415810720347,0.00263991157790504
46503,0.00256235933204121,0.00256301186845842,0.00255628063002857,0.00261844319575573,0.00257822014607653,0.00264561218951268,0.00258237454015221,0.00260429017506766,0.00259792100158897,0.00261939809813788,0.00256855105420914,0.00255950982695169,0.00257778210200861,0.00257112134830675,0.00255872076003037,0.00261938777386865,0.00258388952329614,0.00252903759190675,0.00249042185274406,0.0025899398075454,0.00256411511714151,0.00261949944389637,0.00254675971555731,0.00253946161509759,0.0025846387602437,0.00258486764703407,0.00258110775054951,0.00257105674075852,0.00258939655494602,0.00255959932280492,0.00259044554614158,0.00256534860157425,0.0026005201040208,0.00260325983282888,0.00258241827244348,0.0025859776493355,0.00250519781982599,0.00255791935362118,0.00258492666426704,0.00256674180140975,0.00252198357278584,0.00261734952293603,0.00254499402044838,0.00261298837169633,0.00258136683373846,0.00258609095321354,0.00259461060002003,0.00255779044740149,0.0025980668281675,0.00262205720265582,0.00256268581018394,0.00259132808746369,0.00260174235701123,0.00254900374441612,0.00256692225821117,0.00255674435244883,0.00256738420635034,0.00262847285029621,0.00261105458254687,0.00261576813876759,0.00266246946775686,0.00262148607770502,0.00255623208089208,0.00255016645725763,0.00248570062132362,0.00255060558673753,0.00255563326713668,0.00259210740806935,0.00262184374115957,0.00255694877164309,0.00261692472528622,0.00255683665541095,0.00256835517591499,0.00257364601964926,0.00261607273709529,0.00255954358944722,0.00250023788805057,0.00260139872834626,0.00253427803115423,0.00259171928177855,0.00258152818040233,0.00257071343318177,0.00257767232313809,0.00255430505323349,0.00265269759482483,0.00258996643016009,0.00257658585757883,0.00253881368526151,0.00251944015689977,0.00258140663883676,0.00252099208044976,0.00260638745926649,0.00255628328086847,0.00260807237958712,0.0025881095393952
1868135,0.00254490570052228,0.0026055489985801,0.00250963126031921,0.00252716848740694,0.00249962966355358,0.00250236415217866,0.00248653064821002,0.00246774566155626,0.00251356575684297,0.00251951309505307,0.00252778040255502,0.00250274058413593,0.00251075652418326,0.00253384183623343,0.00251883481877108,0.00247969230997993,0.00251721765527807,0.00249951096524593,0.00251251597508612,0.00246537874316335,0.00244947448899246,0.00249107720729156,0.00249224192348116,0.002508045595117,0.00251347280349901,0.00250113190525322,0.00250077699832393,0.00252325266925566,0.00253434599428888,0.00253793403228541,0.00253740086911663,0.00251583108996239,0.00250705162866634,0.00253079473065113,0.00249516994585977,0.00253271219674736,0.00250519781982599,0.00252036364442104,0.0024762281619703,0.00251814660747443,0.00253409684643034,0.00249996577733364,0.00244287843824218,0.0025156962514736,0.00248337050023543,0.00258462905894942,0.00253738111663431,0.00253118785029832,0.00250579709644088,0.00248967661853068,0.00254577991827444,0.00252578123259906,0.00255825919784113,0.00250147748615843,0.00247253049637726,0.00250711221619207,0.0025461085549761,0.00254688659886778,0.0025353091118555,0.0024981202427911,0.00255831103892889,0.00250549111851454,0.00248265337033565,0.00248940726542366,0.00255931716341755,0.00251367956615652,0.00250917648980759,0.00252415247829272,0.00249345355104054,0.00251686898093763,0.00254700058471998,0.00254141787117539,0.00250476056266779,0.00253492340138071,0.00253489294324886,0.00247782240587164,0.00242094187119293,0.00247795482497742,0.00253138963586,0.00248227167697371,0.00248407889353797,0.00251201447305642,0.00256231033177712,0.00253259707827683,0.0025516200613047,0.00255406590538559,0.00250975266178895,0.00252607772221993,0.00243798260985803,0.00250385663473322,0.00247867493215382,0.00251101484123244,0.00252962181165603,0.0025411293758072,0.00246258921531368
1309,0.00246844217196315,0.00252706499793306,0.00244254003197316,0.00252716848740694,0.00240464260554023,0.00251803190626207,0.00249425999433439,0.0025385040228997,0.00253120868384867,0.00252597117714907,0.00252730074782968,0.00251889045493697,0.0025096754664764,0.00247520427036811,0.00245524308223503,0.00246286624570202,0.00250870635297789,0.00242979531896343,0.00243518654688891,0.00247054725205888,0.00250414297359023,0.00245376799482227,0.00252261612192359,0.00252375360510729,0.00250395379017647,0.0024683108607361,0.00244850939098065,0.00245839959323081,0.0025045479843919,0.00247534541522905,0.0025467274057364,0.00249807308579814,0.00251360315731269,0.00256017247477725,0.0024409702278305,0.00247223788591421,0.00245785672100028,0.00243811664127275,0.00255775203869285,0.00246180435363638,0.00249816080128498,0.00247635213754774,0.00247182873216662,0.00252117156559869,0.0025291817943527,0.00254990907017677,0.0024838839908607,0.00251493070762416,0.00250061340364725,0.00245951395379331,0.002563098149011,0.00252896311875754,0.00251148185994601,0.00250401705721037,0.00250354969726261,0.00248229614806369,0.0025215315094231,0.00252326952608586,0.00248841905857037,0.00247345213557022,0.00248630027331943,0.00252289036239311,0.00248660149626794,0.00245902766950668,0.0025166703390321,0.00252960179521439,0.002478035133576,0.00246916004957175,0.00254277859583203,0.00246579384941916,0.00244954725495443,0.00242745294421685,0.00250909655902556,0.00251309792562934,0.00245586836516826,0.00246382596006588,0.00250782272444565,0.0024734164461771,0.00247246637185779,0.00254837803027583,0.00245861916994278,0.00251050937151475,0.0025155260853596,0.00255558199293682,0.00249402937360137,0.0025529262061864,0.00252784562639505,0.00256227466981178,0.00248341085724669,0.00244473779752424,0.00246757535227292,0.00255069541953858,0.00254892839280986,0.00256141513452839,0.0024869959449962
1531,0.00248340242755081,0.0024719464631275,0.00245983698928113,0.00250308210603712,0.00240577340384992,0.00239716637476149,0.00245677266563119,0.00251746775331111,0.00243527526825519,0.00249884723234586,0.00248029458474612,0.00244988646151437,0.00246859527361571,0.00251248378244143,0.00246314501399394,0.00251451834999701,0.0024966486747193,0.00248966875635899,0.00245106669732226,0.00247933371718126,0.00244090703991371,0.00248125899348385,0.00243421941620012,0.00248472158028293,0.00244819956928731,0.00241445068511827,0.00240115283399176,0.0024801287166412,0.00246616410723647,0.00245436791171016,0.00246220566761972,0.00246563057819037,0.00242057145053465,0.00247438946192899,0.00247534078072711,0.0024982698740212,0.00247725881068295,0.00250383913237298,0.00249672831810521,0.00249666612319868,0.00245697567089366,0.00248490780413684,0.00255920598292038,0.00248747732482891,0.00243915264243528,0.00250605224225342,0.00254173553384844,0.0024981809242629,0.00248679022286423,0.00247501421206113,0.00240805875003608,0.00249332599378259,0.0024653633577959,0.00250619383239774,0.00249087518507289,0.00244576138109691,0.00248521617345672,0.00251038748638664,0.00246894165182116,0.00248910689592193,0.00251394726368735,0.00241518075743051,0.0024309688126765,0.00248768766565478,0.00247046961261452,0.00250622660787412,0.00246016714229558,0.00248683618737492,0.00245101950515374,0.00255269251068321,0.00246496360090604,0.00244019020075927,0.0024570646027324,0.00242473995121654,0.00248137175173064,0.00249633383419539,0.0024829996235163,0.00248203936589771,0.00243953866550361,0.00242842345540973,0.00244018281837384,0.00249169560224381,0.00242405240952835,0.00250152487882906,0.00245583146849202,0.00246801861584672,0.00246138167478081,0.0024426236486054,0.00246461296177552,0.00246734205881003,0.00245023225870901,0.00250370526101815,0.00243538730840517,0.00251611027338441,0.00241427385247278
638619,0.00242688590644189,0.00242401730242701,0.00242000157245066,0.00250625136674368,0.00249962966355358,0.00245610697345621,0.00244208690799489,0.00247424778124727,0.00240936221921557,0.00242522509645146,0.00250235870211187,0.00243863049095607,0.00248751378348576,0.00250898882818455,0.00247029438082344,0.00247343144885326,0.00249168374837753,0.00244168798803515,0.00251527774037887,0.00250827736699618,0.00245681801677425,0.00249736086412849,0.00255182208196438,0.0024699655708981,0.00243233454708308,0.0024535834689656,0.00251586093869816,0.00246976559624547,0.00245858834200843,0.00251523706126497,0.00245579367369363,0.00242533356874072,0.00245463939949562,0.00242033441273694,0.00255003063606013,0.00244900934268029,0.00244311113284145,0.00245013446821679,0.00254440309981431,0.00246532574450126,0.00245011148249511,0.00246471643098657,0.00248551432565817,0.00250179737715606,0.00242600679281902,0.0024965499295367,0.00247952957364657,0.00242034369570176,0.00246951124688546,0.0025273799494524,0.0024352731126221,0.00246850728174647,0.00249237562334097,0.00251635211660549,0.00249787952075668,0.00253882163657833,0.00247494516934501,0.00247496187721377,0.00244008623441492,0.0024767728423115,0.00243614991869856,0.00251377647274243,0.00247655172116755,0.00242520887405193,0.00242071498416483,0.00251909989945282,0.00245301994578341,0.00250529793130267,0.00252174291496507,0.00250161737916475,0.00247707644415374,0.002416056451521,0.00239708331978334,0.00244022899852396,0.0024874781964005,0.0024200306296414,0.00246989854247026,0.0024693319052568,0.00252850124056578,0.0025024100362578,0.00245335164092308,0.00256168282393172,0.00246909097510938,0.00249343759404129,0.00245524380841341,0.00236658538711878,0.00247541295345493,0.00250328705151395,0.00241448524051907,0.00252020125443217,0.00249601802571773,0.00247725154214739,0.00248871024683004,0.00239845287280153,0.00245561586397582
2068654,0.00229639923270511,0.00237069611114772,0.00239903556359253,0.00236490233923133,0.0023808958410369,0.00237068040952525,0.00237174985826312,0.00232661141649825,0.00233107173062779,0.00242866940690266,0.00238772122275501,0.00234515699631979,0.00234805733930077,0.00239210202470467,0.00232956473902177,0.00234586640339746,0.00233918958216598,0.00234367599120271,0.00234404829222791,0.00238423315350368,0.00241030900748958,0.00237757865567446,0.00237191336811309,0.00232288147735262,0.00236298173573315,0.00238289198846719,0.00242465571783069,0.00237616321847764,0.0024040428323665,0.00238318195714606,0.00235553340503108,0.00240211156329516,0.0023485046354249,0.00238821474582572,0.00234777315170699,0.00240575619321022,0.00238024836226961,0.00236563412251649,0.00238946005925975,0.00233749925610618,0.00237702806483993,0.00236067952526317,0.00233023547642709,0.00235691214184601,0.00236744800816477,0.00237375081135132,0.00240612654060836,0.00242428482119853,0.00230570655460675,0.00234640396102816,0.00236929890029235,0.00234505009879757,0.00234743175944062,0.00237087097491593,0.00238047351310461,0.00239475057438858,0.00239241031487597,0.00238478759931918,0.00235784829480714,0.00233398245243681,0.00240335930221568,0.00239115323016963,0.00239974272575743,0.0023352164861469,0.00236029864961877,0.00233514733820983,0.00235142765250331,0.00235603276763146,0.00233822473360849,0.00236328889796891,0.00234879042248496,0.00234432558572945,0.00232553937988025,0.00237862483309671,0.00235277721103585,0.00238797425376369,0.00238646534212439,0.00235042638068829,0.00233497875585261,0.00234918338953103,0.00234756209977753,0.00232086657726363,0.00235736740157502,0.00242873931573909,0.00243291272542641,0.00237741252951109,0.00237128609592594,0.0023752571072539,0.00231422979800617,0.0024117008002604,0.00226153940073368,0.00234950792602148,0.00239585478509017,0.00236464327493289,0.00232909934684603
291645,0.00236122700691829,0.00232156872142973,0.00232408208192468,0.0023230680979048,0.00236619546301102,0.00236023524013631,0.00234740241797135,0.00238819031474849,0.00233823916972385,0.00228529998437144,0.00232488645373514,0.00237158405763057,0.00232913882943072,0.00235987077989128,0.002348755144722,0.00229421429910247,0.00232642262871572,0.00227970163343759,0.00231712108062352,0.00235839060902608,0.00233157007071817,0.00232024028703744,0.00233647680326359,0.00237619351125907,0.00234303713639069,0.00233534355217957,0.00237133574255432,0.0023457424457031,0.00235959834302863,0.00233950748260673,0.00236077958187971,0.0023020520398312,0.00233234419809726,0.00234747760730417,0.00230943676578385,0.0023721148547335,0.00232669859474545,0.00238966977640457,0.00237706461601539,0.00233996422971159,0.00227123880834459,0.00237299968515147,0.00239339975408041,0.00233669559738415,0.00238338237133599,0.00241431837718042,0.00227798226259251,0.00234792551469867,0.00233680871136853,0.00234221470203686,0.0024088834276902,0.00235523213450469,0.0023368903875206,0.00231681439109612,0.00232443882763431,0.00232926372793869,0.00232858336075325,0.00238693460593572,0.00231384378326263,0.00235532985291641,0.00226383844384736,0.00237126838002269,0.00231503747848271,0.00232031328814989,0.00230394391739513,0.0023863017336936,0.00233662274544239,0.00235210473700853,0.00240749740680831,0.00229518872261096,0.00238182544952413,0.00231348801725831,0.00238118466647155,0.00232335709611341,0.00227949987499749,0.00237713829572052,0.00236095271061367,0.00238037968077043,0.00234479929985298,0.00236012815001151,0.0022940088880773,0.00234645330347212,0.0022836996702758,0.00235595375264912,0.0022912866464825,0.00229592403676898,0.00230925307441932,0.00237693289186464,0.00239359868999555,0.00236162366756574,0.00227957621804015,0.00233976181906909,0.00230345900385396,0.00244308154198814,0.00238189757840413
1161942,0.00240028989650828,0.00230119882813202,0.00235395864454753,0.00233891440143758,0.0022960859678107,0.00227331650914978,0.00227242776056495,0.0023346434467048,0.00228034831548641,0.00234945026652505,0.00235174711835432,0.00234662516639261,0.00231940931006897,0.00233890105435003,0.00230360124895676,0.00227425780426122,0.00230585364815695,0.00224115298196374,0.00223633944581037,0.00230670552007087,0.00229893216946577,0.00224522913354656,0.00227300251677493,0.00227290144556532,0.00231402681007438,0.00235806581376834,0.00227030842097804,0.00230596143515177,0.00231010334353873,0.00227004099554417,0.00229665964261877,0.00228873353670801,0.00228473642326719,0.00229929810693734,0.00224466149301716,0.00235489369337041,0.00232902684550737,0.00229878496014025,0.00231747113887902,0.00227728347231676,0.0022914275977521,0.00230592325909296,0.00229286327881554,0.00231563669690304,0.00230570235087627,0.00223889106548702,0.00228980139503086,0.00236763114218251,0.0023105446678808,0.00231791699988731,0.00231651953042854,0.00230814021935923,0.00228352469217547,0.00229141868057674,0.00226706998298614,0.00235339046084128,0.00234435668849622,0.00228441503999605,0.00235784829480714,0.00231785330540777,0.00229662906033023,0.00227184412928798,0.00233980299569439,0.0023443876849143,0.00234100603858725,0.00230262533843206,0.00228557134178404,0.00234149905432663,0.00228418479482957,0.00231647002741032,0.00227611336299879,0.00228935426802003,0.0023587820186231,0.00232617328653294,0.0022741118355829,0.00230670456843991,0.00235060975189311,0.00231548086392579,0.00234942073232374,0.0022896438925172,0.00233834392399307,0.00228173393718007,0.00234968640589454,0.00230189663854136,0.0023124424093123,0.0023643059887204,0.00226900545927514,0.00230722025205811,0.00232780605584646,0.00235327747878329,0.00231079378645518,0.00229277166054866,0.0023029993233503,0.00236329089101814,0.00231565074069444
573,0.00237535613719552,0.00225326966743154,0.00227481196110805,0.00225904903163239,0.00230400155597847,0.00232927277373338,0.0023443106795216,0.00231590204288951,0.00230129929130568,0.00231371554559384,0.00234982849945295,0.00229915433403805,0.00225778902077793,0.00227016695396485,0.00235402309922794,0.00227464910808164,0.00228883104355659,0.0022833924617702,0.00225083871359734,0.00230825607273953,0.00227363779599517,0.00232495302966514,0.00229130491840049,0.00225005343103398,0.00231176037833092,0.00231472520370087,0.00229942393379343,0.00232601908753059,0.00227727502755053,0.00226591427354046,0.0023199759841682,0.00233312854711864,0.00231399991788751,0.00226521992375104,0.00226977843551853,0.0022880115085417,0.00235153326953926,0.00230479387361227,0.00230555244345175,0.00230932812918715,0.00230475219876105,0.00234014592544934,0.0023065488723071,0.0023510156497113,0.00233318912734663,0.0022622813737128,0.00229228963343894,0.00232526404309227,0.00236410949341498,0.00227351085457951,0.0023412598600522,0.00236159590682165,0.00235402011689064,0.00231391202417962,0.00227207307990313,0.00233546774497078,0.0023153777840382,0.00232842867563507,0.0023225004084845,0.00233540561246878,0.00234227874210052,0.0022933860502805,0.00233513702868349,0.00235757128314242,0.00229277451100847,0.00234293906732325,0.00236725358763739,0.00229436268685151,0.00231501294782426,0.00235513106446249,0.00231024955760593,0.00231549916302817,0.00232048071746286,0.00229836340614007,0.00230033362740055,0.00230309258242552,0.00233337148735884,0.0023086732957253,0.00227605549185039,0.00231766247934724,0.0022887413590576,0.00235473136195133,0.00229033325745441,0.00230359922481247,0.00227306918404573,0.00237912207830987,0.00231146853947313,0.00236419692882306,0.00232467307326793,0.00228372590559626,0.00229136952166361,0.00230182161700445,0.00231219293342355,0.00233218606097899,0.00230668500326004
1934254,0.00229058135553214,0.00230718997321958,0.00225751500380009,0.00224447043238224,0.00220166430895219,0.002248695752733,0.00227629243362714,0.00228912860886767,0.00222797087593825,0.00227755028585624,0.00228747338515843,0.00223798058100384,0.00225616743421764,0.00228259345798929,0.00229532303473313,0.0022715186775183,0.00224556525686401,0.00222556948455942,0.00229502695828146,0.00215836931476943,0.0022434477373367,0.00222009450619883,0.00224301773113305,0.00225338543315314,0.00226688502981038,0.0022394051143603,0.00225487369129278,0.00229024960745503,0.00227929523161134,0.0022604119775355,0.0022465295082875,0.00223170302333436,0.00225984061441109,0.00224171772845015,0.00224069565999063,0.00232806072101398,0.00231117692299931,0.00223719359705203,0.0022187843407412,0.00219136153521373,0.00227527656622609,0.00226314492614749,0.00223390995300578,0.00224235172322877,0.00225152551609411,0.00227763126348597,0.00233707792478429,0.0022626986758311,0.0022866996810301,0.00220899626611346,0.00227487330889539,0.00224004785556782,0.00226244194833542,0.00226384619486999,0.00223938618004545,0.00231616635864871,0.00220643177613906,0.00223449713616155,0.00224783701594586,0.00226756831761137,0.00223747736000818,0.0022701870584424,0.00224612473493718,0.00228592129277218,0.00220748086223756,0.00229347852599456,0.00220746269418678,0.00223937025813053,0.00225190590522338,0.0022629120769986,0.0022915297089504,0.00224712020685305,0.00220629948004177,0.00226703328772278,0.00224609403062705,0.002272842199555,0.00226786608212861,0.00222425945003926,0.00225814744102619,0.00227694797035984,0.00227601149726001,0.00222378752782556,0.00225856186623057,0.00226529103371249,0.00227013088365271,0.00231871802075278,0.00224315836698071,0.00223884823994018,0.00222702844957047,0.00227990056907097,0.00228859462669338,0.00224926225451123,0.00222669235974228,0.00225983352154009,0.00231066977545311
310298,0.00229390585677384,0.00221732279690617,0.00228424666509422,0.00226728910946943,0.00220901449796513,0.00223116278983014,0.00223919157223016,0.0022095732620599,0.0022114306318704,0.00216087426932183,0.00221888275943445,0.00223602302090674,0.00222914099154613,0.00225851710644194,0.00219523189912018,0.00225351870177914,0.00220017164459639,0.0022489447306659,0.00223357768051761,0.00221780716706792,0.00226507034691641,0.00220124353568803,0.0022585942431548,0.0022805174504091,0.00227640404313292,0.00220868798295325,0.00219594108703995,0.00221570199944708,0.00230202252729548,0.0022958330080674,0.00216200777017082,0.00230512554055194,0.00226115092014036,0.00224485135449027,0.00228365885111139,0.00227559625267529,0.00221959905969713,0.00229277604666823,0.00223547051433938,0.0022529858753491,0.00222359326534287,0.00227649176602647,0.00221496066970978,0.00225414470749819,0.00225152551609411,0.00225351000812813,0.00224314692487946,0.00225678698758595,0.00223797296876998,0.00219768526683695,0.00222250627785864,0.00227632135777446,0.00229208955686049,0.00223772489262149,0.00223905264025098,0.00221414474523204,0.0022357775021725,0.00216149891119927,0.00222042436940994,0.00222439912997483,0.00227091092975543,0.00225195927914104,0.00224504797331928,0.00225439529700927,0.00227602040142847,0.00225079340128625,0.00223349891005253,0.0022358350305699,0.0022870862680526,0.0022629120769986,0.00219572813053681,0.00217874125067792,0.00227567542176598,0.00226844138293255,0.00222957070975566,0.00222678937787153,0.00223614767538555,0.00225466658800143,0.00228414299867423,0.00221303056915381,0.0022536244989263,0.00227119822638834,0.00224250160253501,0.00225209599011138,0.00224133553980104,0.00222640238561836,0.00223503499511675,0.00223415604303013,0.00225000365514634,0.00221834742680045,0.00228304483675293,0.00221549895542618,0.00227357977111588,0.0022970240791956,0.00222748765592289
208479,0.00225816746842555,0.00229221211050068,0.00222868674162015,0.00218045136610983,0.00220957989711997,0.00225466442095525,0.00226779015289033,0.00220651344102883,0.00219433904633363,0.00222932993953944,0.00222559792558924,0.00218953096860074,0.00219887137575404,0.00222900415938389,0.00222119538918519,0.00220264920512498,0.00222499627630524,0.00223582178548332,0.00225498136153648,0.00224054860620821,0.00219285899039548,0.00226682920392352,0.00224846951034066,0.00227147344465711,0.0021825737689536,0.00226086502808303,0.00221172660603624,0.00221603629365339,0.00219495171207244,0.00219369663847542,0.00227217748399187,0.00221701851989084,0.00221223283958102,0.00227344569210636,0.00225788093643893,0.00223995245357495,0.00227237274363398,0.00222480021301598,0.0021715863068492,0.00224770378905178,0.00220663468224057,0.00215431684713419,0.00224180548771244,0.00222466224682463,0.00219535688591554,0.00224108390688318,0.0022313277924411,0.00218781729139253,0.00225352404715087,0.00224586174523692,0.00221219780718212,0.00228904890240837,0.00216625192956519,0.00219092422609293,0.00226406812483594,0.00219070734755524,0.00224164664737919,0.00224201165931943,0.00225252602127438,0.00223293809016668,0.00228505590157157,0.00221964639765226,0.00225904587435197,0.00219535570494419,0.00223286587675271,0.00221623877652237,0.00222890428372328,0.00221030283152087,0.00223050754020354,0.00224872454046569,0.00225023592515144,0.0022263383672312,0.00218172883401445,0.00224520781197141,0.00224070599121247,0.00224078582367729,0.00220994551329346,0.00216299133623487,0.00221539919067164,0.00222309974879586,0.00223606606886065,0.00216809877078357,0.00218908376893889,0.00221378779901139,0.0022477998006657,0.0021990496048378,0.00221989598391572,0.00219460752621681,0.00220509757152077,0.00227016334882479,0.00217690510414181,0.00224264882479354,0.00221382130563973,0.00222129057996984,0.00217319513479239
2026240,0.00224154496221704,0.00218736707146837,0.00221820373719108,0.0022020023389144,0.00218639853177147,0.00217744477582988,0.00217194626094814,0.00218662460432689,0.00218882563164435,0.00218972036935063,0.00220353380822349,0.00213178294573643,0.00221292512594322,0.00219444294506592,0.00221404602235569,0.00211225802260875,0.00216045223386222,0.00219850341012033,0.00219836517303495,0.00218576241191569,0.00214716592864212,0.00218514166504339,0.00219239406706234,0.00222054141226434,0.0022360615580993,0.00222636085307786,0.00220050134808332,0.00216756363373791,0.00220656788542211,0.0021926649579745,0.0021404401542376,0.00219243051412496,0.00220917545954606,0.00224524305774529,0.00226713454683417,0.00216425944200233,0.0021932122177287,0.00218461560417184,0.00219876093242338,0.00215931687834334,0.00218967609913826,0.00221420651325786,0.00224075274975155,0.00218128091183354,0.00219137329512273,0.00217822245352638,0.00228731315662279,0.00216909694528289,0.00219961364209711,0.00215788730641958,0.00217055158564896,0.00222732031093392,0.00216756960105519,0.00218620787985362,0.00219002229046446,0.00223482480200569,0.00221780324497702,0.00221624757992098,0.00213782573708459,0.0022044748895272,0.00215646524869754,0.00222047493307505,0.00217792983247025,0.00217472050771756,0.00217904964598059,0.00217863521427933,0.00217376876777227,0.0021502039629901,0.00223050754020354,0.00217282122001464,0.00220453747108059,0.00213382566181779,0.00224821411150015,0.00219909269385159,0.0021738943024716,0.00218570303695784,0.00224718016468748,0.00223379004551994,0.00218073844714092,0.00218150965897002,0.00222992061833767,0.00219293294622122,0.00220793712197281,0.00218995159121585,0.00218550783233353,0.00210559427050419,0.00222469615819897,0.00217751452318733,0.00216384663423682,0.00218704921886628,0.0022199159761803,0.00217164147414045,0.00213751434203171,0.00219356670971755,0.00211890261366189
39777,0.002180872814556,0.0021364423382241,0.00211232539245748,0.00214749105476166,0.00216830575881655,0.00215282401941309,0.00215919283984292,0.00210668677989024,0.00215905319232224,0.00216905450664343,0.00212726870689403,0.00211856941508104,0.00215184536550561,0.00211017571465019,0.0022035101133438,0.00213299712509083,0.00215974295867053,0.00213657951254,0.00218731811186392,0.00210926848026198,0.00214227024345426,0.00215922158059104,0.00218655287505418,0.00220007339924668,0.00216988175119022,0.00218891119971858,0.00215665268420473,0.00217090657580104,0.00214242640649132,0.00217753364396087,0.00212936489200162,0.00214974300411473,0.00219388855937126,0.00212028971939554,0.0022069860792651,0.00213462302477284,0.00213811028302992,0.00215682437936374,0.00210007413428556,0.00216389468646768,0.0021618155697559,0.00215021012717143,0.00213600532264313,0.00220276099032428,0.00213361122862704,0.00217420224430007,0.00218218508388163,0.00214298698886681,0.00212462288634926,0.00221486122870128,0.00218539578342315,0.00213822749849656,0.00215768706488017,0.00218257992120799,0.00213698946314435,0.00215555125104003,0.00216278000866433,0.00210997075240237,0.00217569847243027,0.00218834574249817,0.00212688939853651,0.00214590674502402,0.00218618500487414,0.002198221704559,0.0021648340378521,0.00209631390234186,0.00213241713080901,0.00216238085792117,0.00213657234460797,0.00210897730561656,0.00217590711431331,0.00215259635566979,0.0021484861952716,0.00214347293306584,0.00217245749196105,0.00214822868205854,0.00217753757596903,0.00215527609227432,0.00221077775820088,0.00212197016195619,0.00214915184003568,0.00211918297067912,0.00216848473506849,0.00215036646041253,0.00218785847264795,0.00213294705128475,0.00211650761473801,0.00213629022176328,0.00214765955758109,0.00214879585361341,0.00212556954719264,0.00216955302265065,0.00213797402253538,0.00217057618316688,0.002156757949496
712623,0.00214097879965558,0.00213404588018908,0.00209555258537097,0.0022020023389144,0.0021553015782552,0.00210171729776007,0.00214180181106309,0.00210706925751913,0.00206422245966661,0.00211394553942422,0.00211863492183786,0.00213325111580926,0.00212968368251497,0.00212376720342692,0.00209288306871896,0.00221164919299457,0.0021533594819454,0.00211197399032265,0.00204646808193329,0.002139245831856,0.00216022108914308,0.00208695952696631,0.00212307858856552,0.00213533735807456,0.00210370194428114,0.00210265076220564,0.00211069928445996,0.00211775379699717,0.00213586074329368,0.00213317138242092,0.00207748603205414,0.00212105699738787,0.00216418829617452,0.00213674125610616,0.0020787574780739,0.00216746337900012,0.00203178683156891,0.00209711080173552,0.00217540028938593,0.00211882088339724,0.00207783020582067,0.00212796539403978,0.00215179639205646,0.00207556523141836,0.00212803420151711,0.00214679172684798,0.00211562470646563,0.00208731859122499,0.00210941738748795,0.00210971082801961,0.00211488584399573,0.00210704501414348,0.00216691076531019,0.00211655107385762,0.00212831742848823,0.00215003656923373,0.00214407210831801,0.00210406648420689,0.00213566158077912,0.00214565094153896,0.00213396188444458,0.00210447997388456,0.00211870794348581,0.00208931371919624,0.00211101780707998,0.00210478317311732,0.00212016479393101,0.00209481873120683,0.00213076939816192,0.00213238674089586,0.00214177091970616,0.00214187024489722,0.00213114220984054,0.00212023936210471,0.00210636420847546,0.00211933279394342,0.00207410798876341,0.00212078441339185,0.00208830979772568,0.00212591027572916,0.00217109987761774,0.00214175949380425,0.00212414444182204,0.00216356150401363,0.00209735882054272,0.00211186261609973,0.00212980040506086,0.00215673479401423,0.00209857616385081,0.00215748980026179,0.00210059549246061,0.00214901658300098,0.00213659498102439,0.00213744277725561,0.00216970845912346
1848517,0.00211770729096367,0.0020765308873485,0.00210603558980004,0.00205811790283681,0.00211628903657115,0.00212745717946853,0.00212131904383351,0.00205008009081549,0.0021524370946951,0.00209672398716822,0.0020716287587543,0.00210829222457129,0.0020729281529048,0.00215871674599566,0.00216174275976096,0.00211969279519667,0.00218669541595444,0.00209598040088137,0.00208858500264784,0.0020648193037605,0.00209127352274739,0.00214076333863255,0.00207557022689916,0.00207298131841612,0.00215582987438075,0.00214136276343096,0.00213841164003123,0.0020940189083489,0.00218434564075317,0.00214176871992866,0.00207981766620908,0.00208690698937969,0.0020829493409599,0.00214457532120646,0.00211775483616813,0.00211900383190865,0.00205739758995003,0.0021173908847036,0.00212772550767683,0.00212515938695402,0.00213880034983134,0.0020975072209826,0.00212653068099513,0.00209199117379363,0.0020953687570161,0.00211755384156575,0.00209509673959901,0.00211884759519912,0.00211218202364455,0.00216877937979696,0.00211900923226634,0.00208349905657075,0.00208257978994999,0.00213795602986681,0.0021463285773894,0.00209695775684803,0.00211472638228457,0.00214808011984591,0.00210933101239593,0.00208398067348677,0.00216289478134124,0.00209950876134783,0.00207061259121966,0.00207842292065996,0.00205770927659816,0.00213899902705017,0.00210433885879692,0.00208499865464951,0.00208325777413482,0.00210188353735011,0.00213130982781043,0.00210634000296309,0.0020502036111623,0.00208398091045324,0.00205859025899946,0.00213332923974918,0.00213409714934267,0.00211079998003113,0.00214781074078674,0.00211190098231414,0.00213773886049301,0.00205596870592875,0.00206514042954921,0.0020597037414759,0.00216729036989676,0.00210502442090459,0.00210912273122532,0.0021134995510573,0.00210170914642934,0.00212271401366828,0.00214083146952888,0.00214483968002139,0.00205293312935777,0.00213811896921298,0.00211790642061363
1392877,0.0021118894137907,0.00205616099405079,0.00213329140131562,0.00207206264994565,0.00207388409995805,0.00208679562720444,0.00209078812664224,0.00212083845215893,0.00211218916746336,0.00210232099165142,0.00209753011392279,0.00211710124500822,0.00215671012518648,0.00207483784383069,0.00208008946491881,0.00208251893225709,0.00212711629985318,0.00208449782384661,0.00209341809191017,0.00207877427777841,0.00207373065082423,0.00207242857053091,0.00215617867661175,0.00206060531054498,0.00213361884329483,0.00211990284970823,0.00210824375928276,0.00214182297985175,0.00213081023314165,0.0020224376753212,0.00198422066585642,0.0020698319853756,0.00204232986335258,0.0020956124143296,0.00204901373037491,0.0020917703674275,0.00213811028302992,0.00203026163935928,0.00207099251744301,0.00211670804887831,0.00206854336269322,0.00212796539403978,0.00201020313631693,0.00213410897475585,0.00203880176775825,0.00205980901813334,0.0021181129448737,0.00210800950008301,0.00214051954424973,0.00211180545751526,0.00204891163166597,0.002133136480643,0.00212672178486509,0.00200988908967624,0.00207328336240133,0.0020928217454933,0.00206740639905565,0.00211802202721438,0.00205919472465259,0.00207781364668155,0.00204459138069713,0.00211027972184409,0.00209573702897063,0.00208415491988958,0.00208969439488725,0.00204211056937891,0.00215283769227235,0.00205789524335132,0.00210538150746041,0.00210294760259008,0.00211864640077875,0.00205740212256325,0.00204586761480454,0.00208679710087277,0.00208984088760406,0.00215409815933193,0.00201411882818415,0.00207721597690873,0.0020553820913715,0.00207906670087269,0.00208418564879277,0.00208908093984561,0.00209795922927493,0.00207034490567034,0.00205681027511894,0.00219961945443739,0.00212943116088523,0.00205618771737021,0.00203852733109569,0.00205942208206807,0.0021928607502206,0.00207244002837509,0.00206534450295666,0.00204209971126603,0.00205913103076593
2582913,0.00209360465696134,0.00201781766549041,0.00208035222894882,0.00207142879780434,0.00213381641037123,0.00207523133252383,0.00206450834981938,0.00207417618143515,0.00207138989876268,0.00203300424382101,0.002090814947768,0.00210976039464412,0.00208427925882684,0.00206357632455854,0.0020507394326714,0.00210951889586584,0.00206186298221847,0.00207260515477489,0.00208720412000146,0.00206326875109185,0.00213166292554724,0.00209756319787864,0.00208997850051928,0.00209725733385566,0.00211548738934714,0.00207992850061687,0.00206264114884903,0.00207362696176376,0.00204899196867876,0.00205682702535217,0.00212586744076921,0.00209441999114149,0.00209299501821762,0.00213321592681103,0.00208338428327152,0.00207855412731164,0.00211560385899803,0.00211513754215159,0.00205525983947901,0.00210966526714856,0.00209923032259263,0.00206636459459829,0.00206863009314625,0.00204355570268707,0.00203202966341048,0.00211572647373561,0.00200800839531639,0.00207795841817017,0.00205516140291462,0.0020971430510457,0.00208354809313909,0.00204340729097394,0.00210432136953504,0.00213360247949206,0.00210263486431434,0.00204181093878496,0.00205346717918977,0.00209923571931968,0.00206135888095806,0.00204365780591418,0.00207159541780068,0.0021401069970645,0.0021233739104967,0.00197639333437274,0.00200541614669695,0.00204786967350622,0.00208698138155309,0.002096389943456,0.00207600409107724,0.00207953816731078,0.00200082147100571,0.00207013937910567,0.00218461949825296,0.00208644507707033,0.0021113930452624,0.00207734345652614,0.00203066756213705,0.00210444624971068,0.00203054189184115,0.00209044925177239,0.00212149731268228,0.00206424676440796,0.00206723524655298,0.00208524253554255,0.00203447919213194,0.00205202840814224,0.00205484383740702,0.00207361587732184,0.00201764078057217,0.00211019473049461,0.00208047750392648,0.00210411487597035,0.00212188520490718,0.00210228079547222,0.00204568242461434
172042,0.00210773378723857,0.00206035479561209,0.00201430930104568,0.00204734241643452,0.0020801034906613,0.00206665137195435,0.00207146476133132,0.00203172116462908,0.00207910867932767,0.00204979525727062,0.00202750052402279,0.00204711847153708,0.00206968497978422,0.00208105109584291,0.00198714769613535,0.00204651898077876,0.00199306328862535,0.00203979779181842,0.00207132396956811,0.00201726902192171,0.00203374922179004,0.00201234110202774,0.00211412209415301,0.00204537330085742,0.00207877119510306,0.00204921136920982,0.00204440010467553,0.00204621483684604,0.00200858788746251,0.00204444685934102,0.00202152681233551,0.0020660754844947,0.00204538724338754,0.00211049713802017,0.00203116748175552,0.00206133296594856,0.00201316082547355,0.0020358949957393,0.00205716683074737,0.00203712461533207,0.00199586372082619,0.00203556419487755,0.00205862908251781,0.00198711784939769,0.00210612445215668,0.00205359596751086,0.00203537901780521,0.00202327530190253,0.00208004312832404,0.00200330364964054,0.00204190187160594,0.00196895115486558,0.00199166045713977,0.00202911727049806,0.00201024434124723,0.00208799639891278,0.00201201634116754,0.00204126654067316,0.00203683177616276,0.00203417007236769,0.00205745044598453,0.0020937090133883,0.00201785127194261,0.00207211772150738,0.00207192488472665,0.00204719213184419,0.00202061455679724,0.00205239600047922,0.00202559099382712,0.00205612873203148,0.00204431758994061,0.00200980500600997,0.00203141429361199,0.00206426757751652,0.00208481205081711,0.00208547042505851,0.00194930295353529,0.00203818591922593,0.0020490276217242,0.00203747661104685,0.00208989213856411,0.00198899168732419,0.00204000262550398,0.0020405496459259,0.00205974857551197,0.00206570479853252,0.00204561273301615,0.00203808924357429,0.00210223131019243,0.00199891221339535,0.00205203483048167,0.00210133027398395,0.00203316686770027,0.00205224259062663,0.00201679282621462
417367,0.00201631000309179,0.00204597604740194,0.00203632361034673,0.00210185370058726,0.00205466052869344,0.00205620620256541,0.00202779395572862,0.00203784080669122,0.00201570441040095,0.00204635094681942,0.0020107126086358,0.00203145799076032,0.00212157574971352,0.002020083560473,0.00201875542317102,0.00203712768908877,0.00204271255204307,0.00201519226960107,0.00205820558442751,0.00206120134753364,0.00205088411994755,0.00200880654505696,0.00208725261091547,0.00205632130782035,0.00207197189987267,0.0020807700658609,0.00204615405123067,0.00209869902723729,0.00207575967248452,0.00205476366435031,0.00204076279411379,0.00203021797608612,0.0020292268060599,0.00206623467020349,0.00202191387136027,0.00201407489523126,0.00199143048502896,0.00202613051134727,0.00208910893449247,0.00203149038994826,0.00201807138917445,0.00204719990143872,0.00205283902373292,0.00206461460316819,0.00205154925829523,0.00208466122062323,0.00198623630924573,0.00207845105885726,0.00207485943553041,0.00203807449926835,0.0020538596975907,0.00207522615255871,0.00211156856273006,0.00203746157538299,0.00207361690219579,0.00201423752975343,0.00206117043227355,0.00209279469947007,0.00199535211364129,0.00207022345984435,0.00206966655800757,0.00207630976950973,0.00204835951778308,0.00204460412520521,0.00201709325337392,0.00205633894428168,0.00203337740771183,0.00204218312085961,0.00200201652389001,0.00204477870280516,0.00207900436833174,0.00204667601179068,0.00207188359295112,0.00205828317287502,0.0020589494616271,0.00202767864882827,0.00211616935422703,0.00211125381791117,0.00204729458454766,0.00206286845536158,0.00202668179032776,0.00200855800736597,0.00205955425087249,0.00200734921363925,0.00207737837787013,0.00205145855854264,0.00209066052244358,0.00207160493578896,0.0020291283833601,0.00204168643090538,0.00200139299727505,0.00205016321248393,0.00205247344885411,0.00202316633645959,0.00206012722381419
938155,0.00205537289268178,0.00207593177283974,0.00200749534816678,0.00203656693003223,0.00201395178954487,0.00202375156910692,0.00203243156340325,0.00202598400019583,0.00197821319051384,0.00196713180644181,0.00204812567721252,0.00202754287056613,0.00202049685412207,0.00195251444484011,0.00196870985536455,0.00204143203111335,0.00194412330039932,0.00205169046089014,0.00204922984722605,0.00202140382903813,0.00201335053350729,0.00199113376020309,0.00199613001558819,0.00202109728541787,0.00200352566122013,0.00197094580151515,0.00198231039662344,0.0020452119542271,0.00198788079583919,0.00202140599482028,0.00205475259904345,0.00203841397800808,0.00208556995241843,0.00201570495030657,0.00203579428695314,0.00198523946225121,0.0020426520017912,0.00202875941099128,0.00207194601307719,0.00202867327725636,0.00198415422296984,0.00200613270181106,0.0020228359918476,0.00203134154040803,0.00197546267415263,0.00202837829145494,0.00203226871979512,0.0020144077695348,0.00203926474501415,0.00202508779639531,0.00201922323611758,0.00198549696288966,0.00205227334567992,0.00200952629381168,0.00201257911980849,0.00205284030239758,0.00199697665657541,0.00200691443480856,0.00198922033744246,0.00203749077910896,0.001995726932605,0.0020017415814587,0.00197693433046245,0.00197983253391051,0.00198612353566544,0.00206751838170529,0.00201959352872407,0.00205553842497756,0.00202160146814545,0.00198483636095363,0.00198595570883808,0.00196757094484299,0.00201479297424057,0.00199280674562091,0.00197956568091887,0.00201458519952611,0.00203963145969487,0.00204000127074606,0.00196122040477972,0.00199851326373633,0.00202009737905314,0.00204919574899121,0.00203546385532914,0.00197883089359815,0.00197101190364255,0.00201099923697139,0.00202124261742426,0.00203038063436491,0.00201502996175673,0.00201977768535146,0.0020228984332943,0.00198159238856893,0.0020377636727369,0.0020603568941151,0.00200932137835263
1173273,0.00197142923632882,0.00193214429073829,0.00195717692690725,0.00194339066525951,0.00195854267237041,0.00197115268039833,0.00192615305419315,0.00196287519143005,0.00192969514124817,0.00195378510344341,0.00192485441279949,0.00192819669563856,0.00190374262178115,0.00188067371844882,0.00197247268001165,0.00193695391106212,0.0019873890870919,0.00193194358609903,0.00189595187347801,0.00199504443367097,0.00195582623254994,0.00186271152359827,0.00197549113715937,0.00196873725211689,0.00189926980102089,0.00188763084235632,0.00192513173892576,0.00194458939812668,0.00195050702071416,0.00197016586327413,0.00197431122069792,0.00192059645037987,0.00198598671699405,0.00192326298212306,0.00196110443162012,0.00194398877340476,0.00190994170836176,0.00196491470535105,0.00192796817231573,0.00197690883154265,0.00192762561262881,0.00195514092894006,0.00192756320638717,0.00198838138342656,0.00194399230688946,0.00195272526328716,0.00196570834237912,0.00192179132036079,0.00190379757334061,0.00192203202520928,0.00192562232237474,0.00191804097632995,0.00192511804689461,0.0019126597979735,0.00191518549982439,0.00195564403556143,0.00193535063190519,0.00193928372638762,0.0019264598045839,0.00192126604316444,0.00191985844740932,0.00192220218087094,0.0019277622165784,0.00197123453506608,0.00198764663653635,0.00194589965336969,0.00193586922672439,0.001887025911254,0.00195305416325139,0.00193411591784849,0.00191493040070387,0.00191327000905686,0.00188977174592507,0.00194633960369864,0.00190844356064633,0.00190306513133181,0.00196860980981367,0.00194061077501895,0.00192193822877824,0.00197487258109849,0.00194679093352905,0.00190621110253203,0.00192443855412937,0.00194477916817594,0.00191871015664667,0.00195857307380863,0.00189717657441101,0.00187687876402171,0.00196072493039557,0.00195996333241062,0.00186334197250634,0.00197671933509274,0.00195410182107028,0.00193728995787324,0.00191617732833975
2865833,0.00188499220404459,0.00194113100836963,0.00192415546295568,0.00194529222168345,0.00190991834505406,0.00192974504460647,0.00196711858865232,0.00197587943081209,0.00194954343412958,0.00195163240941141,0.00193588647148237,0.00188708793359956,0.001901039977514,0.00195212611658934,0.00195102457952316,0.00190721482071046,0.00187248650603948,0.00192620229758165,0.00189526143215482,0.00198005575787397,0.00192114846246927,0.00195068271931533,0.00192876160109409,0.0019149492179077,0.00194550500858751,0.00188342301613617,0.00194617909758748,0.00192754039360468,0.00191313324558914,0.00198357770978621,0.00194691451937734,0.00191103444813758,0.00187810487861765,0.00192678831141819,0.00193466554477657,0.00192476515141806,0.00205584542277541,0.00187365433199472,0.00194656133718228,0.0019378213929425,0.00193610490417997,0.00194726971567809,0.00196967272482272,0.00191046345164645,0.00194359394781018,0.0018891328627983,0.00198250395163362,0.00191489435074145,0.00192971603730876,0.00192412665470494,0.00188851182793925,0.00192695025757368,0.00200944902225481,0.00195438132239818,0.00196088045166625,0.00186603045620895,0.00193314970245268,0.00191029913706437,0.00194413374774522,0.00191177830961795,0.00192114435393806,0.00192965899967604,0.00191663567986011,0.00195575813714611,0.00191758399647453,0.00193268759095997,0.00192157483370005,0.00193691190016517,0.00193745874467761,0.00193943624404833,0.00194521250882311,0.00196421903522656,0.00197143301066294,0.00192099388992286,0.00192784050253884,0.0019450544687491,0.00185966397795709,0.00195014137049963,0.00190749625230711,0.00193196912001499,0.00191562472016252,0.00194910649646978,0.00195236944751296,0.0019588255049126,0.00192282377719691,0.00188620217466004,0.00191711575989528,0.0019134108685357,0.00195132598265999,0.00195266041722598,0.00193757041295987,0.00191058503791584,0.00191824674178459,0.00192376611872578,0.00195951172593932
1045317,0.00194400210108478,0.00197408230635121,0.001948790523364,0.00193324903099854,0.00190030655942176,0.00190624341348136,0.00194045234452324,0.00192921716008831,0.00192363038508996,0.00195636833628181,0.00193108992422894,0.00189589695403649,0.00191076949687574,0.00193309803230192,0.00198489000134709,0.00194791041803378,0.00190369461447347,0.00192497202147078,0.00196292468182738,0.00197953890698441,0.00194195512451767,0.00196560640430305,0.00193538161870334,0.001930657227898,0.00192420055019897,0.00193055066980178,0.00190338280164197,0.00190012826868696,0.00195353732680538,0.0019261474952345,0.00195099487914849,0.00194791645678641,0.00191217282757862,0.00191738743329783,0.00192078512918371,0.00190994694280332,0.0019960869865528,0.00192022341140289,0.00193416589393791,0.00195296337366148,0.00191026325373836,0.00192468275588288,0.00189282285367785,0.00193784002227189,0.00195793487466428,0.00190448275257147,0.00191283327620753,0.0018858285502028,0.00189965061910571,0.00195638394893796,0.00192809635533711,0.00195685998746337,0.00191062366050458,0.00195401852653362,0.00193419726810896,0.00188946785388575,0.00194892303019565,0.00195001875947031,0.00191419625218625,0.00196585839083295,0.0018124852522595,0.00192468778713931,0.00194929744893637,0.00195174573768537,0.00194855371418301,0.00189982682035118,0.00192719048810247,0.00190705886743093,0.00194688853265245,0.0019326971641952,0.00192594207638359,0.00195684483407042,0.00195336635917226,0.0019357788896254,0.00192640369202829,0.00193873349322391,0.00185897444737572,0.00188887325669524,0.0019877936414866,0.00195560980265283,0.00189455460408374,0.00200027994888675,0.00193246868597716,0.00192136860694817,0.00188638885232337,0.00192267254903413,0.00192191593417853,0.00191441633930214,0.00195341463771234,0.00193735907112483,0.00192855200430664,0.00191824269337843,0.00191548865876261,0.00191768039110943,0.00196299840160825
195248,0.00192322396832415,0.0018884089315991,0.00188641664701103,0.00197444942018375,0.00193988450026065,0.00192974504460647,0.00189137099663348,0.0019108582339019,0.00194182465356459,0.0019322581631234,0.00190087167653237,0.00185674575209459,0.00195617392056388,0.00189038192471791,0.00194801431980548,0.00191738872004129,0.00184411549837221,0.00191061880017732,0.00195740115124186,0.00187875298352176,0.00189830193159259,0.00196599913285536,0.00193382396750117,0.00194350923607187,0.00191876111401466,0.00197052501889314,0.00189110517575597,0.00186001296392932,0.00189899181716345,0.00193199368473976,0.00186239278126066,0.00191171744829774,0.00195366584233877,0.00195029050671908,0.00187121221635205,0.00193357597816197,0.00194874588772709,0.00193862570891096,0.00192129370287646,0.00187830988732606,0.0018929008948479,0.00189833130278846,0.00194651248968317,0.00192688939402172,0.00188623024039377,0.00187670676155335,0.00195824362715489,0.00197647443662843,0.00188962881303802,0.00190820747053799,0.00193428143774302,0.00195558723299998,0.00195410681967468,0.00191665055248368,0.00192152275591925,0.00193565331401356,0.00191334133738011,0.00189151282916966,0.00191527833033898,0.00194783169709462,0.00190892824191502,0.00187497566177196,0.0019223784084889,0.00188238854700698,0.00192164559879695,0.0019055859244785,0.00187256548618804,0.00189606038168674,0.00191823648457504,0.00189616425762296,0.00193254908179142,0.00190924771751715,0.00197793700519958,0.00192909043737901,0.00195442149698413,0.00194731196000809,0.00192103219969909,0.00193879542349882,0.00189998642454212,0.00187155404216272,0.00188270266378943,0.00192878762565716,0.00187311553753703,0.0019094505030504,0.00187639863098708,0.00190842630904425,0.00186800628453587,0.00192681714542157,0.00193252808718882,0.00193562028179515,0.00193271434676198,0.00194956946572538,0.00189894016063076,0.00191700419915206,0.00192713545187068
2705473,0.00194483322639521,0.00190997705391431,0.00183767067641586,0.00197444942018375,0.0019268803196993,0.00190587037171747,0.00187011529479146,0.00189938390503539,0.00189165257989214,0.0019240779258018,0.00190662753323648,0.00195560253699789,0.00191347214114289,0.00186941219917667,0.0019235559595993,0.00191464959329837,0.00190369461447347,0.0019266123896186,0.00188628569495336,0.00195369636250681,0.0019480747310025,0.00191376623539835,0.00187073909381305,0.00189638520610099,0.00189790994197481,0.00191119466918912,0.00193600620756765,0.00194124645606355,0.00193737569431888,0.00190757724621777,0.00192126654367296,0.00190249694613553,0.00196720566820788,0.00192757171792822,0.00188244874326056,0.0019323745017878,0.00184785502137722,0.00192510565359891,0.00182546739164118,0.00189943823251533,0.00185373464339734,0.0019178382226116,0.00189861291246273,0.00189951282339627,0.00184559761430715,0.00187561034085527,0.00192651858745194,0.00192868828998013,0.00190517989141891,0.00192664021009972,0.00188727481145807,0.00186331253440414,0.00194554195498966,0.00190431549308856,0.00189450603256749,0.00191635192769149,0.00186528771100036,0.00193069569992147,0.00192177079925539,0.00184726172150181,0.00189028259724829,0.00195285799151414,0.00189366476534493,0.00193454973999651,0.00191707629618423,0.00193743038259423,0.0018924755336148,0.00193494788485371,0.0019240394310211,0.00190467677954271,0.0019017163898882,0.00192734802944586,0.00187170509443439,0.00190796900923253,0.00194508222866552,0.00190441962608721,0.00185759538621297,0.0018938654733756,0.00187283550877639,0.00184878894036331,0.00192484289594699,0.0019174993640946,0.00185810268234335,0.00192009166724484,0.00189344077326664,0.00188791172345883,0.00195736337503946,0.00191072961315853,0.00190015393387736,0.00191475480983904,0.00188831602723837,0.00194156373501449,0.00189388367509047,0.00191024227957833,0.00189475917780203
52133,0.00182598230700439,0.0018884089315991,0.00180884241423592,0.00193515058742247,0.00189295637040882,0.00191221208170361,0.00189832740814542,0.00190282620369535,0.00189054989695428,0.00178156958088339,0.00192389510334881,0.00184304283141492,0.00187725670796307,0.0018775670924427,0.00181894943440983,0.00184030186741922,0.00184411549837221,0.00185689674333611,0.0018897379015693,0.00183068585079342,0.00191502885598444,0.00183993326756439,0.0018641190762038,0.00186020918309304,0.00189519022388266,0.00187921518991603,0.00187637202469276,0.00184430113623258,0.00185404227681038,0.00186734170668154,0.00188862366550376,0.0018505889339631,0.00180429098920221,0.001869207932931,0.00187517804937859,0.00186829576183214,0.00185794410801221,0.00187553211745473,0.00186789794736227,0.00190472031881264,0.00186059883179589,0.00190620251605043,0.00187861089120585,0.00187339978679969,0.00185993854116125,0.00186172234534621,0.00191656563381964,0.00185232898348028,0.00186578382618732,0.00190736961873973,0.00191737554583352,0.00179331103891765,0.00190403530305456,0.00190322710549487,0.00188249859996671,0.00188808918343417,0.0018539162421624,0.00187755728616217,0.00196685738895263,0.00190418812278076,0.0018555631209723,0.00192137364544815,0.00191053403069201,0.00189843814484991,0.00185513686076726,0.00189169632040674,0.00192208534773664,0.00185795848464435,0.00185803091519719,0.00189261737348974,0.00186427669257714,0.00189315855135829,0.00192951837920456,0.00187171055758106,0.00187431931102062,0.00187823272748288,0.00188517660946781,0.00184757400961229,0.00185839353230526,0.00188643891641618,0.00189192083957389,0.00189642794251114,0.00184308982714967,0.00187114231195041,0.00189461609342385,0.0018434634546904,0.00185692895926683,0.00187855454863244,0.00190224258892971,0.00183511825853989,0.00188831602723837,0.00188761207152807,0.00190123856314907,0.00191159466349307,0.00188330295774697
2072408,0.00183180018417737,0.0018446735724599,0.00185444348350237,0.00183753735766058,0.00192066092899604,0.00180253780311975,0.00186006714482978,0.00186419596317811,0.00188669050667178,0.001875857579485,0.00187353135718784,0.00181906272022551,0.00186050031350674,0.00180611469430218,0.00180954237279207,0.00181878015729631,0.00182709289377185,0.00181916827593617,0.0018773099577519,0.00186893281662027,0.00181752312599291,0.00185210785268595,0.00185710964579401,0.00181736915584678,0.00178277520940696,0.00187122032009776,0.00184480098670017,0.00183594378107474,0.00179899171615325,0.00183329625015088,0.00186006114710571,0.00181302392515411,0.00188465640726399,0.00183199612370459,0.00184279041299524,0.0018290475336093,0.00189053961867909,0.00184436087881862,0.00179352528789609,0.00186739357564493,0.00183839116344763,0.00186068636979644,0.00182755310010275,0.00185992209049178,0.00183763043272153,0.0018485652969692,0.00185498173321979,0.00182079997950615,0.00184954158876728,0.00186128776983541,0.0018584110935638,0.00181749337372207,0.00186582282984447,0.00187347784460074,0.00181879249922369,0.00187223447324104,0.00185428306373782,0.00187218976962082,0.00184277909410581,0.00178274513338567,0.0017951255141215,0.00187000444923522,0.00184269804876438,0.00185086255124407,0.00180842843405938,0.00183546036245769,0.00183121384922478,0.0017907891609923,0.00182103713160357,0.0018748829528236,0.00184445567635364,0.00187773976712273,0.00184063045387042,0.00182981972509053,0.00182403094315116,0.00183985537607998,0.00178795279749452,0.00187661963393437,0.001821999751598,0.00181989477269484,0.00182256504081457,0.00184826469317753,0.00180259003174346,0.00187539877762819,0.00189872971397409,0.0018793639794649,0.00178012617073481,0.0018467146410285,0.00182026287812489,0.00184068238439485,0.00186126080127867,0.00180790283966749,0.00182768968256303,0.00185479453907375,0.00188778582646417
674703,0.00187086307376736,0.00184167799991612,0.00188851324789685,0.00190852879748741,0.00185959782027318,0.00186110536005058,0.00178857069317935,0.00180567688595894,0.00180068123751901,0.00184528932423059,0.00182892346773099,0.00183863832119646,0.00179401526453482,0.00186747055792285,0.00187050013207515,0.00183795404449672,0.00179304768457114,0.00179989395019924,0.00182759818248226,0.00183533750879939,0.00186403213527757,0.00186703153767366,0.00184153313377225,0.00186116118369851,0.00181541182651281,0.00183629536247057,0.00185532466603104,0.00184496972464521,0.00186212309305363,0.0018161015751354,0.00183907643971123,0.00186868843820744,0.00182700295517619,0.00182768738789942,0.00183551971911327,0.00185588050596573,0.00182379643017072,0.00180567849834248,0.00185740949538627,0.00179626148017439,0.00184242892132913,0.00185315738319804,0.0018043928649632,0.00182707020574125,0.00184121566443506,0.00187487939372321,0.00188421853451467,0.00185232898348028,0.00182085848864253,0.00184536858566846,0.00182212527678244,0.00184994861253854,0.00184276357876941,0.00185098450099787,0.00185848373476515,0.00189567187091784,0.00183043966133565,0.0018936598357862,0.00181572714028746,0.00180504130721993,0.00184141814915616,0.00184597692197433,0.00186172083734726,0.00187264414831663,0.00191859939705514,0.00185104382068453,0.00184040310188329,0.0017746842354383,0.00179782534581934,0.0018404781767313,0.0017860937952511,0.00184623181672831,0.00180883314724682,0.00183650817733692,0.00186354323219145,0.0018705572572023,0.00181622355133073,0.00184575865809216,0.0018589712113641,0.00187199183258194,0.00186733903748198,0.00183170857621909,0.00187102072053326,0.00184602916445153,0.00183585008556331,0.0019032976626479,0.0018757604122242,0.00182828101031043,0.00184793755756855,0.00179025749383425,0.00183559302280409,0.00177518376632734,0.00184929466623518,0.00183586116426731,0.00186636767592645
2811108,0.00186504519659438,0.00179195149568937,0.00185129858217365,0.00181852179342125,0.00187429819829905,0.00185774798417557,0.00182451215265768,0.00184583703699171,0.0018988200189882,0.00182591507794259,0.00184475207366729,0.00184108527131783,0.00183401439968866,0.00183290934360487,0.00192167454727575,0.00180312800447965,0.00185262680067239,0.00179825358205142,0.00183519303703734,0.0018017422009785,0.00180650783432022,0.00181872592573974,0.0018162213017369,0.0018306971643234,0.00184895501631604,0.00183334988411647,0.00182901546770388,0.00182023195337799,0.00177979977757553,0.00184842756416451,0.0017749565004503,0.00185093043404319,0.00182962356663472,0.00177363233870737,0.00184345138516633,0.00182103769111484,0.00179120091950383,0.00180980962635449,0.00180830447022591,0.00181105132180688,0.00184283269711728,0.00179942779701852,0.00183702774175075,0.00180601130526013,0.0018157206833611,0.00181238341393244,0.0018089493226704,0.00185627010897705,0.00183710072606257,0.00180808418064587,0.00186789488658621,0.00187476732457466,0.00189349393113453,0.00179801630477175,0.00182879869305767,0.00185913710395106,0.00181063129626308,0.00179650778638787,0.00179913527527888,0.00177183423980721,0.00185684902750104,0.00194374410186346,0.00185418350602197,0.00181990975540413,0.00180538223231756,0.00180768115431418,0.00177301524905427,0.00184067514990347,0.00182974155127266,0.0018404781767313,0.00182518524391412,0.00180064584594489,0.00178498516727913,0.00185234924844678,0.00182582695628935,0.00178928757187852,0.00183690946877185,0.00183441271109134,0.00178907204524382,0.00182908837149844,0.0018388065886253,0.00175494839759364,0.00180049521473969,0.00182602377576598,0.00181528198281212,0.00183776495869445,0.00183994372718763,0.00186548342866872,0.00180929743910004,0.00184763754171356,0.00189109092220859,0.00181486434463348,0.00188285134300256,0.00182301351707723,0.00181904850613381
2678261,0.00175866115685994,0.0017997399843032,0.00176009644364075,0.00178556148207308,0.00178553053098896,0.00177082925318904,0.00174837809333263,0.00182480076740311,0.00180784867661507,0.00180826298688019,0.00178287661409811,0.00177403883799233,0.00175942141791529,0.00180922132030829,0.00180427441828612,0.00176243240715632,0.00179233840937946,0.00181014625112314,0.00185797760070259,0.0017629783842621,0.0017922287525223,0.00176688575683505,0.00183880724416845,0.00181022915130574,0.00179501394082165,0.00176770779508223,0.00183988993634577,0.00178813970957188,0.00176919370625627,0.00178652673410877,0.00177379068337283,0.00179936392195084,0.00175100522287864,0.0017822498103177,0.00178065902891291,0.0018342539312307,0.00176791841188463,0.00177150280297036,0.00180735097459173,0.00177055532686078,0.00179397582675112,0.00180729901028049,0.00178017989186276,0.00182075253559691,0.00181133873348901,0.00180836320470613,0.00178157870018158,0.00178680777209654,0.00177040387878453,0.00179970566266327,0.00179243688123405,0.00182449352327072,0.00175118541021419,0.00179293716266787,0.00181145462374543,0.00184328239375793,0.00182310322982729,0.00185018295180131,0.00177677232678904,0.00174194787913576,0.00183434566324808,0.00176063777342705,0.00176301768903986,0.0017826517604116,0.00182416714305877,0.00177786932118456,0.00176178394024944,0.00178411150893332,0.00177533892834087,0.00179933432078588,0.00182022998985825,0.00176042293054776,0.00178137183698099,0.00175378258376318,0.00179529473294003,0.00181141098621666,0.00167762790447519,0.00177405227304702,0.00174574611583043,0.00177436456909602,0.00182958841284083,0.00183020347467742,0.00179037026588814,0.00178941817093711,0.00182350922391259,0.00180471368191793,0.0017683103571145,0.00180515518268231,0.00176282486418521,0.00177321735840343,0.00181547503426995,0.00177274723958924,0.00176976993910153,0.00181354682967401,0.00173985115879666
1763883,0.00181434655265844,0.0017601984267253,0.00179731110936394,0.00171076692939838,0.00169563206536919,0.00178910829961968,0.00172093891459111,0.00174524542059535,0.00180012989605008,0.00174454324353298,0.0017804783404714,0.00175544201706992,0.00172969233097663,0.00178281499925635,0.00180239300596257,0.00173504113972716,0.00184978969990567,0.00178554072890579,0.00176338713942565,0.00175884357714568,0.00177794967072437,0.00172447107318575,0.0017453481720379,0.00175501311618834,0.00180271980874942,0.00178622223045086,0.00173991498270258,0.00173532122497432,0.0017580825839218,0.00172153086255024,0.00176446414675305,0.00182702542843746,0.0017579935201014,0.00174856333038642,0.00174628847601629,0.00174174025041972,0.00173066639969391,0.0017271870661142,0.00179924626170118,0.00176985104868781,0.00177499836470806,0.00177341857058767,0.00173964948036854,0.00177358059851922,0.00175158487159692,0.0017425779628211,0.00174860954127459,0.00177744759904172,0.00177938894629349,0.00176702944253112,0.00179862196363996,0.00178503813490561,0.00175711493191921,0.00175774596380531,0.00175742117704192,0.00177228086550174,0.00170021800206227,0.00174927364082404,0.00182221960920387,0.00176898791974326,0.00174111743991441,0.00177720848188283,0.00171097421084141,0.00178781055971826,0.00176375080851271,0.00178125702949474,0.00178833067015178,0.0017746842354383,0.0017764269807995,0.00168476996328266,0.00173433891955641,0.00176712674978062,0.0017683638479077,0.00177279186909502,0.00175434563338918,0.00174142875718785,0.00175347626842598,0.0017863058958079,0.00180004794736188,0.00177348898825759,0.00175628196731674,0.00178580297919799,0.00176418505334102,0.00178473605869155,0.00173300957180736,0.0017853387955317,0.00174689419492769,0.00177163949046763,0.00179519901749666,0.00178643215730897,0.00178495118959747,0.00175325502568447,0.00172931805477921,0.00176215624091367,0.00175828073018958
47872,0.00172541614444293,0.00172844535776123,0.00168199806064418,0.00167463735734365,0.00173747160282745,0.00167010797693856,0.00168692979164388,0.00167792935791186,0.00171356928542838,0.00176305641220819,0.00175841422310564,0.00173390885600188,0.00171942228276145,0.00172806071589866,0.00169364737366128,0.00172838897478008,0.00170226046003589,0.00167440578689075,0.00176407758074884,0.00169113611061436,0.00168452367838938,0.0017174019592442,0.0017071857175846,0.00171074508803388,0.0017093428209188,0.00173867379416324,0.00172623419957246,0.0016908600955346,0.00169697141108223,0.00171843582104745,0.00170209293310833,0.00170306089936778,0.0017444536942323,0.00172388602532048,0.00173901778213432,0.00171010137256661,0.0017291142325193,0.00168888024273006,0.0016562219165739,0.00171315665576327,0.00169424320707803,0.00170018206458502,0.00166753693004767,0.00169650502275835,0.00176592579845102,0.00172540070521779,0.00166711973341014,0.00174936707987725,0.00168919269168432,0.00171717726053462,0.00171409250409246,0.00172012765727268,0.00170770225104409,0.00170695454276656,0.00170472188951628,0.00174401812124442,0.0017170917945315,0.00173907535939549,0.00169164884544065,0.00168976534463006,0.00171411340281086,0.00174489560039405,0.00169984767412312,0.00173507616680576,0.00173633499283635,0.00170300096752949,0.00172043230328618,0.00173933195983196,0.00170715430759968,0.00168725278217591,0.00164899843303855,0.00167260289859736,0.00166863593167915,0.00172210044154346,0.0017159109522318,0.00173871976767706,0.00174037518737994,0.00168056166976033,0.00172783806500622,0.00167411056309479,0.00173652873349288,0.00170678514826003,0.00171705167075621,0.0017076940299238,0.00176709385636647,0.00166567037961671,0.0017225240793358,0.00172438236444494,0.00171530796174419,0.00168210479752842,0.00174194031755898,0.00172192825333752,0.00169070489247154,0.00173916571436299,0.00170548249863148
2017483,0.00168469100423209,0.00167931796804323,0.00161438268207668,0.00168224358303938,0.00172390202311126,0.00164474113699399,0.00168847566086876,0.0016932284630672,0.00172514745627586,0.00170923906140818,0.00169222187100837,0.00167126693289484,0.00170644959027913,0.00165194837874897,0.00170079674049078,0.00166891079407676,0.00164622771989304,0.00170639296577331,0.00167224888476465,0.00170302368107406,0.0016527017246683,0.00168519821795492,0.00169589274636882,0.00170265308288736,0.00170254352568842,0.00170459040178008,0.00166168896634317,0.0016811655635515,0.00165959763595721,0.00168232700351494,0.00171200237826684,0.00160573337654448,0.00170820190238921,0.00169372487468434,0.00166168403811694,0.00170008906944854,0.00170505564131279,0.00171178922534214,0.00173917603674772,0.00166280076639551,0.00170110739547658,0.00169744425127651,0.001683327999461,0.00167376141023875,0.00170298506392468,0.00168373671869061,0.00168142710425657,0.00169025019742576,0.00167467835186216,0.00167905500371378,0.00167162160490518,0.00175385565055253,0.00160097086035383,0.00167720528187243,0.00166536419376928,0.0016861139622782,0.00167857552911261,0.00170203949526021,0.00165377611009496,0.00169356043804866,0.00161124088051164,0.00164547134965935,0.00159719639988342,0.00167145097535699,0.00173227339051392,0.00165625059284895,0.00168980146109117,0.00168158990967494,0.00167596347045212,0.00165994177435007,0.00162477274654316,0.00166053602397822,0.00175101986247665,0.00167000091878212,0.00168070909472317,0.00166467405438206,0.00165970010935955,0.00169054610312104,0.00164696299676789,0.00167411056309479,0.00170228979486486,0.001702269843635,0.00166572865416387,0.00170258627111047,0.00168012016473287,0.0016434462452325,0.0017033233822028,0.00166271349076995,0.00173567234850463,0.00169114650204273,0.00165383740225432,0.0016714573423341,0.00170817275161072,0.00170873707628121,0.00169900724381775
2681861,0.00162734335781274,0.00171226926602482,0.00160494797809052,0.00165308638453908,0.00167188530086585,0.00162720817409113,0.00166953876286405,0.00160334622027958,0.00163858684565416,0.00166187979270418,0.00163466330396727,0.00164288231148696,0.00162807290653175,0.00162321208819245,0.0016326896143782,0.00166499775587259,0.00167956365390208,0.00168383790374074,0.00168260550461249,0.00166425986435765,0.00167432433424801,0.00167852183256568,0.00165656205351389,0.00159460101416624,0.00167081348127995,0.00170879822800022,0.00165327002287848,0.00162166119482767,0.00166313299306363,0.00166547622199976,0.00170500747580201,0.00170545139992835,0.00163045709578597,0.00167374800867858,0.00167225959285436,0.00166404477822348,0.00166625146194746,0.00166672237430198,0.0017139084024419,0.00168885905879561,0.00164579011250001,0.00163139450520869,0.00166753693004767,0.00172346041537418,0.00164004432939834,0.00165888451620071,0.00163663881291122,0.0017079852621612,0.00166880350002937,0.00168450104040247,0.00166172547305572,0.00167749038274909,0.00168398416422403,0.00168373560743456,0.0016326772939116,0.00163992850215038,0.00167160591917967,0.00171170102503463,0.001679385293043,0.00171490783852826,0.00165881942207503,0.00167529862487976,0.00165067556023907,0.00172877096765318,0.00170130367280544,0.0016460874679184,0.00167193346981075,0.0016407383911965,0.00165782926280819,0.00165781364387013,0.00161761515735134,0.00168064748167679,0.00167875325651393,0.00166964889497968,0.00169004836304179,0.0016886034617274,0.00170658818889277,0.0016242857726363,0.00167122551723939,0.00171307391040532,0.00166497813097535,0.00166689995740563,0.00167829755618648,0.00166257549373938,0.00166484100268913,0.00167706737160861,0.00166418349958552,0.00164025797698611,0.00164377152620113,0.00166576017782946,0.00164898133605643,0.00162342295806877,0.00167185799182136,0.00163570834488495,0.00170598059515561
388950,0.00166806849802358,0.00162719500578146,0.00167203920643656,0.00168541284374594,0.00162213017523981,0.00167570360339692,0.00168615685703144,0.00163432690821914,0.00167166733378984,0.00164508877925457,0.0016485732910022,0.00164043536136559,0.00160861386780826,0.00169777111233909,0.0016616633641609,0.00166147602148884,0.00165332047180986,0.00162519474245605,0.00163289372934286,0.00164358582877557,0.00164495022312085,0.00167655818980414,0.001604380738241,0.00165457705231101,0.00167806606285903,0.00168144735756929,0.00167221264567403,0.00164472749506331,0.00168080977859574,0.00164346703797994,0.00168285695133005,0.00163441938327135,0.00165142198745426,0.00169137465515425,0.00163722806778666,0.00165883838060208,0.00168565355163012,0.00170690698314612,0.00162141932592626,0.00164026386486029,0.00166234491981417,0.0016464524784055,0.00166595782310633,0.00156720337380433,0.00164960494730108,0.00164609294138974,0.00160677995201432,0.00170502941803863,0.00170197913390861,0.00163548671020424,0.00162585199510141,0.00163167122206702,0.00163061846887891,0.00162387428978175,0.00165869339787995,0.0016213164510541,0.0016088794297832,0.00165909936292946,0.00164908710476645,0.001675059357633,0.00166203418839688,0.00162807210578077,0.00165282908347487,0.00166170657666664,0.00167236475625817,0.00169453169675403,0.00171532716292034,0.00168080430355035,0.0016610934201841,0.00168476996328266,0.00171616965468486,0.00166254716974808,0.00166140927108288,0.00166648068075771,0.00168070909472317,0.00168228248620221,0.00163832466133706,0.00165696209999864,0.00169086660524013,0.00166666812596806,0.00161800933054974,0.00173763972986438,0.00167515533068083,0.00167491924420493,0.00167835718449706,0.00163945729803533,0.0017118159982424,0.00169120182915242,0.00165734778404142,0.00164906780026457,0.00169407337932259,0.00163003638778646,0.00169162425347886,0.00166951794275359,0.00165417855664578
129958,0.00166058837022976,0.00160862245601002,0.0016468799958068,0.00167400350520234,0.00161760698200108,0.00165294805579959,0.00165137479947178,0.00170317288141817,0.00158345269876136,0.00162872830461137,0.00168454739540289,0.00164092475138987,0.00164158612786751,0.00162437707294474,0.00163908641627828,0.00166695427497467,0.00165261119661818,0.00160633050875608,0.00164048858389794,0.00164513638144423,0.00168085191449849,0.00164513990561947,0.00166590796072694,0.0016650490589712,0.00165902803621395,0.00164988866091822,0.00163783529319321,0.00166612232426739,0.00163636528925787,0.00165103269498675,0.00162573191453395,0.0016672033909592,0.00167588102773393,0.00164476196780748,0.00167886931456525,0.00169328070332825,0.00164064070356634,0.00159649319809773,0.00162904729099972,0.00166174434913604,0.00164336745777111,0.00164919029171401,0.00169648722397211,0.00165017544169991,0.00171732599077878,0.00166582851395524,0.00162544174007488,0.0016380302845936,0.00165705379636381,0.00166564937494161,0.00166378716719102,0.00169912720862673,0.00165236004846396,0.00164781881684287,0.00166036109685228,0.00171093003040658,0.0016437274794479,0.00163709254510995,0.0016613506571641,0.0016499168637348,0.00167425030041991,0.00166038498726955,0.00164277930837448,0.00158776378660455,0.0016434258397109,0.00167081773858275,0.00163211337495724,0.00164348801263255,0.00166363220925425,0.00166313397006997,0.0016550548546624,0.00172087039707392,0.0016700812637984,0.00166964889497968,0.00163006152422606,0.00162945719074176,0.00164246184482528,0.00166966956063955,0.00164003084806174,0.00167805067686777,0.00164917554391627,0.00161271630190531,0.00163744862461298,0.0016451239844605,0.00165661376158866,0.00161780301325071,0.00162725908202205,0.00164495017389617,0.00164377152620113,0.0016473290109349,0.00161776376764139,0.00164848437594633,0.00161393824835986,0.00160527970680317,0.00167211003151457
2448483,0.00159659172132701,0.00164217286850036,0.00159970647587599,0.00160174436109289,0.00159329481834291,0.00163839942700785,0.00163437023799816,0.00167792935791186,0.00156911782056923,0.00165154686135057,0.00162171262638302,0.00162673244068593,0.00167888261875419,0.00163369695096307,0.00164548321817836,0.00166499775587259,0.00167318017717694,0.00166046265763425,0.00158111063010366,0.00162342864408304,0.00159966513513315,0.001636892606021,0.00164877379750301,0.00166028905594384,0.00164860245019403,0.0016052857029847,0.00163327503214984,0.00164840473133276,0.00160707233037609,0.00165550331049078,0.00165312861585453,0.00165559238823642,0.00165709997894775,0.00160010779673578,0.00165110848337952,0.00164562214048623,0.00160804519289946,0.00162991777928585,0.00163047753445099,0.00166702643543336,0.00165628828299191,0.00165945709162092,0.00163648116020145,0.0016442789495652,0.00168027859640569,0.00161795147680559,0.00167956092545051,0.00168187530574513,0.00163666460470887,0.00170167700226681,0.0016217286068308,0.00166030819749331,0.00159438250290382,0.00161770676008418,0.00162700711740567,0.00161580176924779,0.00163822515581663,0.00160757120413256,0.001600754280611,0.0016480193170255,0.00168132278632798,0.00165789938100119,0.00164493283161028,0.00165712097728294,0.00161448692316362,0.00164507115542535,0.00165151290834742,0.00165448649837674,0.00163425479287108,0.00164078860003064,0.00160935640059155,0.00161495005319481,0.00160648665055121,0.00164641532401855,0.00162467348481148,0.00163216618025255,0.00162867123319786,0.00165333139695838,0.00163078798312022,0.00163514721578427,0.00162459374182436,0.00163755047734295,0.0016227849055866,0.00162852376831717,0.00161077627545743,0.00166965932681387,0.00161692024510428,0.00166405411845853,0.00162862877707158,0.00161846510806228,0.00164135037488831,0.00164604784920823,0.00162543026095143,0.00161407020224901,0.00161283654514274
1318743,0.00162983673374402,0.00154271986004685,0.00153890505018738,0.00164928327169121,0.00157463664623314,0.00157162495127142,0.00161813861113698,0.00157427792048443,0.00159062013785742,0.00161107621354897,0.0015751861180248,0.00155283454702059,0.0015572636267324,0.00155913792681643,0.00156834531291273,0.00156912831987053,0.0015823929526417,0.00159894885209087,0.00160527607641528,0.00160430516116961,0.00157641063049082,0.00156227418108242,0.00162852433187472,0.00163315703868788,0.00159647452009441,0.00155689570145305,0.00155575059441249,0.0015955862467352,0.00155707227987099,0.00159979256344061,0.00158143086559003,0.00158899987262047,0.0015811022466502,0.00159854098371572,0.001617398902654,0.00161278178625896,0.00152733249981956,0.0016167732810658,0.00157040730949753,0.00155680690136267,0.00161550692838875,0.00158348277230976,0.00154278748168236,0.00159921290253562,0.00160897232121445,0.00159565758927788,0.00158811816395376,0.00157743548008081,0.00160106991419261,0.00161705397064251,0.00155905310511754,0.00159794322878716,0.00159899435311883,0.00160936245519925,0.00166236233561908,0.00161304442834464,0.00157403138011849,0.00160703445247842,0.00160652536409225,0.00157306622200822,0.0016054543011323,0.00158664533464131,0.00158750554532233,0.00160438658437044,0.0015764094013909,0.00157562313506658,0.00156625706423798,0.00155864255117733,0.00157368653934035,0.00158864940327221,0.00159173771950399,0.00158545324857024,0.0016433426195922,0.00155348104017401,0.00158875322204757,0.00156444144248273,0.00153972178820103,0.00160386306803484,0.00160017099300142,0.00157604550918966,0.00157762494139874,0.00159164488032185,0.00156063866780811,0.0015897899306494,0.0015855068920774,0.00161552361485233,0.00157408792073066,0.00158093520176614,0.00157327941818425,0.0015909922366534,0.00159348343665192,0.00160567112040549,0.00157670412756318,0.00159040348374096,0.00159590126332221
2599640,0.00149103880690299,0.00157686938704595,0.00153995335063029,0.00154596537265752,0.00160290660397521,0.00158803878888261,0.00158335655357732,0.0015911069361553,0.00159889025989134,0.00155166185826576,0.00160540436572138,0.00157289953801582,0.00152537242438001,0.0015723410873424,0.00157662352713636,0.00156560658548678,0.00151926746058203,0.00159279747153654,0.0014872106101499,0.0016260128985308,0.00156090762739593,0.00161097252156865,0.00152883465493548,0.00157508500175406,0.00157109048456764,0.00153417343986427,0.00155820611958969,0.00150833545888733,0.00157979957555513,0.00160082424394154,0.00157093851189279,0.00154972736341107,0.00155489613206484,0.00157738900794492,0.00152684571521485,0.00158154340053057,0.00159407568832794,0.00157733978640566,0.00156897706604626,0.00158251305467628,0.00158360864112489,0.0015263309194946,0.00153173373309303,0.00153561502308266,0.001521731682852,0.00156641970399565,0.00158376374673963,0.00157201643252276,0.00154992414529545,0.00151609282895214,0.00163616046577794,0.00155339682256848,0.00156209955139874,0.00155603146310856,0.00157597552885236,0.00152894553079846,0.00155532347977217,0.00148894908856885,0.00158632657190788,0.00160247819600234,0.00160802611418979,0.00155516098857532,0.00159683747934412,0.00158719058668159,0.00156676309587514,0.00156613755179806,0.00155553626946973,0.00153664557968894,0.00154721059618021,0.00161205883855151,0.00156310736273671,0.00151573352854855,0.00153132938034999,0.00157319437311073,0.00156720106438923,0.00155225098968417,0.00154868568575885,0.00157572511947282,0.00156955400288262,0.00156159842535542,0.00155479898231339,0.00157809896644677,0.00157216016132884,0.0015804257061583,0.00155906218854016,0.00163318895243978,0.0015404867007479,0.00158629771252049,0.0015753680732366,0.00158647138439624,0.00158862737045403,0.00156912321933405,0.00151188917654673,0.00158837490786885,0.00157448311278449
2735436,0.00155254207987447,0.0015133632491178,0.0015331393977514,0.00151490661773328,0.00150056935694893,0.00151492260316004,0.00154200455181193,0.0015310579484206,0.00151067562486285,0.00153917623288016,0.00160012816374261,0.00154647247670503,0.00151888607813885,0.00154049817077977,0.00151679461524742,0.00149165016342804,0.00146678109639759,0.00152431210136491,0.00154658856394419,0.00155675487933082,0.0015747787354282,0.00156031053832088,0.00156582887098715,0.00150416095664637,0.00153392100397487,0.0015055602215673,0.00152873981746327,0.00151401846039466,0.00156717330017505,0.00149524893934647,0.00149574331039588,0.00150430785276019,0.00153742538900793,0.00153547675965832,0.00155064071337404,0.00152187007394687,0.00153509333569263,0.00152288400806546,0.00154704666646008,0.00153180502622204,0.00155776699068328,0.0015064817730079,0.0015064680220317,0.00153856326915002,0.00149583834269876,0.00151781171971394,0.00147179301837626,0.00154935496091635,0.00156167384896102,0.00159401304619035,0.00152482898247148,0.0015514876908734,0.00150609851307361,0.001532449731912,0.00150493155263108,0.00155720827505578,0.00159127199416314,0.00152115418781692,0.00154917522199735,0.00152562755427577,0.00153537239531596,0.00150793446947634,0.00151033762937291,0.00152585819492466,0.00157539400081029,0.00150278740639762,0.00149886921140897,0.00154371603481021,0.00153959422896976,0.00146911940798248,0.0015196112438018,0.00149361092508013,0.0015183213912767,0.00153165556442264,0.00151332067024337,0.00151748562429566,0.00155351239982844,0.00157027906491243,0.00152622807346922,0.00151650601217583,0.00151090290714927,0.00151638980323808,0.00152537591491133,0.00152977376459276,0.00152145194350941,0.00150497279253087,0.00158590373435097,0.0015547929618387,0.00153150631713721,0.00156282384951265,0.00159556460787959,0.0015381445222354,0.00157946221058515,0.00152684143974792,0.00151620581946093
2614441,0.00149103880690299,0.00149778627189015,0.00147757947427733,0.00156117782404898,0.00152883931469099,0.00152462168902119,0.00153156993454403,0.0015333528141939,0.00150902160045607,0.00149224750298256,0.00155216269120836,0.00149802286430193,0.00152375083781972,0.00150671361296333,0.00151190294320618,0.00151747621557554,0.0015128839838569,0.0015169304446997,0.00147961575559482,0.00152057531706218,0.00153194149003442,0.00154577958188547,0.00150118634609686,0.00153890897874611,0.00150944354114548,0.0014996692648591,0.00152558271366402,0.00151201269515678,0.00154848641261254,0.00147702258383006,0.00155869743257934,0.00148689134867602,0.0015348047775494,0.00152764269455803,0.00154799682468969,0.00150865383383101,0.00152655641623225,0.00150823728147741,0.00146504604192044,0.00153919994703828,0.00158603129585379,0.00150613954634433,0.00152910188819081,0.00151624083464004,0.00149663506085732,0.0015042891977709,0.00147117095877424,0.00152620084862285,0.00148944772936977,0.00151651175485127,0.00155163100623044,0.00148403170431368,0.00151861639222864,0.00152773338567268,0.00152394332091565,0.00156479096253946,0.00149076288249861,0.00151524991962144,0.00153546889872939,0.00150190822040954,0.00149615224618938,0.0015725602324539,0.00154945996815657,0.00153330979392316,0.0015271624732315,0.00149160796897401,0.00152541594131131,0.00151700542657431,0.0015084033918222,0.0014726662921157,0.00153117350326551,0.00153048193086083,0.00153638804276738,0.00150314163642489,0.00153702804366755,0.00148858973618054,0.00155420193040982,0.00153896425119019,0.00157879686782414,0.00151344147924129,0.00154601976728057,0.00155552244332164,0.00153270777442452,0.00153530716997387,0.00147737743761401,0.00155170045969767,0.00148362309770016,0.00146765216208055,0.00155552585023926,0.00149535882352123,0.00150815541631749,0.00151795615783403,0.00154038936777382,0.00150182233732512,0.00152367726732293
2528593,0.00150516793718022,0.00150497564599522,0.0015106009382289,0.00143630895221072,0.00147343019751654,0.00151790693727116,0.00149253673661596,0.00148822045398565,0.00151122696633178,0.00152410737465616,0.00151522927735699,0.00146963824289406,0.00154591252081036,0.00151914011698777,0.00148029521617051,0.00150573710096304,0.00152565093730717,0.00151570016858884,0.00146856869442379,0.00148129464945622,0.00153275743756573,0.00148647757048692,0.00151092166611046,0.00150701695846279,0.00151488297732979,0.00154258909230456,0.00152032087399858,0.00147290027301808,0.00153080962708043,0.00150522185085545,0.00151323056655795,0.00151386985500248,0.00154703429768923,0.00149904835694194,0.00147793377455429,0.00149984300708711,0.0014737827322954,0.00150673505310941,0.00154513967519171,0.00150081678661111,0.00153555932233502,0.00152941095946667,0.00144172463743705,0.00149686664619742,0.00148826952019242,0.00147651320675278,0.00154581811101649,0.00152767877068413,0.00149428584264382,0.00150101149658345,0.00151452051179495,0.00147894068646012,0.00153311077861867,0.00150306326688243,0.00150860049037021,0.00150275079221851,0.00149773249243155,0.00150183112826808,0.00150120309055948,0.00154033354127283,0.00148650794722382,0.00157670290956784,0.00149669864887952,0.00145306180470849,0.00148654645000726,0.00144519636512449,0.0014917220148968,0.00150050769795801,0.00149752286723584,0.00152054922791426,0.00147281162216298,0.00154724147894297,0.00146918009922205,0.00149398901756141,0.00145584824982112,0.00145743635680643,0.0015852308065715,0.00151854154658873,0.00144650836334857,0.00149155195828032,0.00152099900443702,0.00149230817857127,0.00152118628090379,0.00147784488332389,0.00152909152453128,0.00150896173972803,0.001520178271088,0.00148642094972076,0.00149443268995796,0.0014960543392531,0.00148664998029825,0.00149776779343266,0.00147419537524639,0.00153157478344953,0.001512719143792
2161816,0.00151514144090533,0.00154391808906436,0.00152580129465105,0.00145976148143922,0.00148586897892305,0.00150671568435444,0.00147437277322369,0.00149510505130555,0.00146877367322432,0.00147976187759696,0.0014826127560337,0.00146229739252995,0.00143186093273659,0.00149195713943431,0.00148180034602935,0.00145251978138638,0.00146465327082255,0.00150790841988668,0.00150723340852239,0.00146217116654279,0.00144300320912164,0.00149708124139924,0.00152065698612405,0.00149178494877523,0.00145096960216417,0.00151271352614154,0.00146349300561193,0.00149897522111055,0.00145151661769355,0.00146017180231488,0.00146076879807174,0.00145069234018735,0.00151471342303395,0.00150022346670699,0.00150106780054239,0.00148622627484653,0.00146912623077156,0.00147218380064528,0.00147458099826225,0.00148039271959481,0.00148347224566365,0.00149895278640949,0.00142224898516061,0.00150023607027439,0.0015010170107294,0.00146993468256428,0.00145002093230561,0.00146363548136168,0.00148426403657614,0.00148341660881998,0.00145844243131466,0.00147003140521638,0.00149160412668357,0.00146097894659318,0.00145423350387223,0.00149447876950905,0.00150543574551533,0.00147821405548617,0.00150841694491104,0.00153274335443563,0.00142092671425807,0.00146567916291409,0.00148880239701493,0.00144618340563295,0.00150431596016787,0.00146179613584439,0.00146466477095788,0.00145612095191894,0.00147068423992282,0.00147940537196883,0.00146290111405123,0.00153383384047726,0.00148796941677236,0.00151053413627616,0.00147488598908599,0.00144343991100066,0.0015238625848295,0.00146907321766519,0.0014430422889955,0.00149067637744189,0.00142179387456609,0.00147725716315451,0.00148801834501077,0.00148933734065389,0.00149206893957914,0.00149984414613451,0.00150060832977936,0.00147569592821207,0.00150278731016736,0.00147901420382228,0.00147763157164501,0.00148001595576938,0.00150591332999912,0.00152210809604631,0.00145045707827537
2949630,0.00145363816793386,0.00146483497390856,0.00150902848756454,0.00150159572276575,0.00150396175187797,0.00147202280031261,0.00144229598680755,0.00147559869223249,0.00147759513672717,0.00147717864475856,0.00146678415009739,0.00145104142197165,0.00148375170266589,0.0014931221241866,0.0014833054758882,0.00144430240115763,0.00145259559256396,0.00149437538266713,0.00150516208455283,0.00147457558789204,0.00146462581870135,0.00145820111472072,0.00147470627565987,0.00147845694029861,0.00149811138242817,0.00151313430876356,0.00145402169421415,0.00148727492388957,0.00150808233139629,0.00153066996987837,0.00149632621893462,0.00149133084971708,0.00151820757164533,0.00149904835694194,0.00143695349994679,0.0014874277512207,0.00147999140099385,0.00146016597370124,0.00146933677227425,0.00146947640791369,0.0014749929541125,0.00149279270646535,0.00152962825717125,0.00147749245775479,0.00147512367057616,0.00152548666460052,0.00142078413101073,0.0014606796372391,0.00152918937412093,0.00152614705053126,0.00146174114193115,0.0014961228717159,0.00143494425261344,0.00149326777853925,0.00148091668742952,0.00152756686034689,0.00145518118968307,0.00146211150586213,0.00148316845468058,0.001458739032773,0.00148007841458012,0.00143999456480763,0.00146152443602816,0.00148172180085659,0.00145557673229878,0.00148788148983281,0.00147079093939688,0.00149815087958426,0.00147793792298039,0.00148578976340864,0.00151465598974593,0.00154455995124983,0.00144316412107547,0.00145526639929285,0.00147273077332015,0.00149852269772011,0.0014742163829708,0.00151082630262818,0.00151409681323347,0.00146178220977341,0.00147051851799827,0.00146521635082111,0.00151455269372519,0.00153147635086387,0.00147855275777122,0.00145710542616487,0.00147919216759255,0.00146463574978123,0.00148921105232708,0.00146371285772113,0.00144710772697253,0.00148106018151428,0.00146454208466947,0.00149506041775139,0.00151819820555746
1854492,0.00148854543097172,0.00148999778327632,0.0014802002253846,0.00144391517790645,0.00144798723554868,0.0014764993014793,0.0014515712021568,0.00141631465975555,0.00146270891706611,0.00147976187759696,0.00147206035207616,0.00147355336308825,0.0014642926639424,0.00147875397890834,0.00146449135265268,0.00140634593057722,0.00146678109639759,0.00146115792767371,0.00148375840353395,0.00149421592169502,0.00149930358878203,0.00147862299944075,0.00142836615239514,0.00143799691456604,0.00150037781417164,0.00144160126302112,0.00146279142698987,0.00148526915865168,0.00146565804611924,0.00146361073731798,0.00142521137720886,0.00146127884266989,0.00148064547407298,0.00148259682023132,0.00147595085804102,0.00146219674736316,0.00147300664870809,0.00148908386978534,0.00149412765876298,0.0014867312231516,0.00146449478362059,0.00149176602647465,0.00145119927908504,0.00148549483993762,0.00146436797543559,0.00149515235862021,0.00147365919718232,0.00146511340342297,0.00147320549194973,0.00148760586781128,0.00151946857771968,0.00145794023781417,0.0014619565181585,0.00149145379921643,0.00144255961106592,0.00148689608202538,0.00144491018557137,0.0015131029130049,0.00145683788629739,0.00148245836663923,0.00141256832182126,0.00149964911524845,0.00150136461589042,0.00149318579931583,0.00149619275552302,0.00145976351085828,0.00147232248150663,0.00145140731517143,0.00149716018308296,0.00145173967572966,0.00143867542755584,0.00144936571814328,0.00145761744226802,0.00145632247070018,0.00143788811843916,0.00147955977114457,0.00148524887227273,0.00147996532678597,0.00144015389370128,0.00147272697025389,0.00146437306747529,0.00145994849542524,0.00144367805176432,0.00149274251319611,0.00146033529533445,0.00148046925974827,0.00143783681992146,0.00146363027901479,0.00149599918124722,0.00150718259096302,0.00145057634568532,0.00145982759136801,0.00149580035891854,0.00144299363703368,0.00148731622106121
1748967,0.00147857192724661,0.00150198007345144,0.00141520559792437,0.00150730039203755,0.00145986061780035,0.00145822025504865,0.00145311707138167,0.00147445125934584,0.0014880706246368,0.00145263793279375,0.00144711830635835,0.00143929606138908,0.00149672439514821,0.00148690887217438,0.00148669201807059,0.00147130236476638,0.00151430253424026,0.00142671019656942,0.00146097383986871,0.00146475542099056,0.00143892347146509,0.00151828858322389,0.00145484622283213,0.00140515289367724,0.0014491564567694,0.00145759100265766,0.00142981723175317,0.00147891756873172,0.00151363789256353,0.00148630770833842,0.00150332112139945,0.00144181333810523,0.00148239254837867,0.00144499330774989,0.00147198502501449,0.00139891899165695,0.00149473698915268,0.00143838366236516,0.00147839498079898,0.00149271758762189,0.00146126457731539,0.00144727656021136,0.00143751368559349,0.00147749245775479,0.0014579942301671,0.00141145891199981,0.00145872976673387,0.00146412812204877,0.00146214694732331,0.00147755164623216,0.00145143267125462,0.00144521269318026,0.0014632741896485,0.00144719270373981,0.00146957633441767,0.00146139067867121,0.00146288444276685,0.00143259016488474,0.00141860445823413,0.00145684148606371,0.00147364888193642,0.00142425239177463,0.00146367795926395,0.00146509900309069,0.0015099006633612,0.00145806965670319,0.00145955963059204,0.00145101451210914,0.00148990650002539,0.00147373035735567,0.00143537192485192,0.001453388009683,0.00148218808829534,0.00147251556561248,0.00150649582031822,0.00149445921345393,0.00143767126215815,0.00141915105086161,0.00150196555299772,0.00147929382654218,0.00147798085077617,0.001502843889363,0.00148138475783217,0.00144762397701168,0.00142918931116836,0.00147648031255111,0.00145482205200066,0.00140899970070487,0.00151375274919221,0.0014654516470508,0.00151648010122817,0.0014674852468306,0.00144339678150099,0.00147477465903021,0.00147187522881309
659350,0.00147275405007364,0.00148101106564498,0.0014959247320282,0.0014870171235156,0.00142819826512923,0.00144180641743746,0.00147321337130503,0.00147330382645919,0.00149523806373287,0.00145952655369615,0.00148692964856178,0.00147991543340381,0.00144050939439147,0.0014352612148228,0.00150249588158842,0.00146621541510096,0.00145826979409741,0.00150708823581276,0.0014616642811919,0.00143271066583833,0.00146013810727915,0.00148490665627769,0.00149067220048217,0.00147512493817946,0.00149901795512556,0.00149167439504082,0.00142666012795391,0.0014538455032582,0.00144848631160233,0.0014216557302802,0.0014520251699907,0.00144625283914629,0.00147933516834371,0.00146066143795048,0.00149181419014715,0.0014313588537595,0.00144817197391428,0.00148157272794532,0.00140974329513789,0.00149659111757325,0.00146126457731539,0.00147636582661428,0.00145962118277215,0.00142400285053277,0.00148269249308249,0.00148016794241306,0.0014531312303157,0.00149270128190033,0.00146836737867567,0.00144780790739392,0.00146875090199118,0.00144648544764365,0.00150873385605361,0.00140619677104425,0.00143121925805407,0.00149654677518641,0.00144857840132555,0.00142507564172686,0.00144421364118216,0.00146680360628752,0.00140999650876377,0.00150876300489913,0.00143927136259158,0.00145650100424627,0.00144034572358968,0.0014804285315504,0.0014207605638117,0.00149147322752528,0.00141084135469785,0.00144925685683641,0.0014799692113548,0.00143863960737072,0.00140703081809411,0.00147286758941493,0.00148063323112821,0.00151884011905106,0.00151076150378345,0.00147996532678597,0.00145806194452548,0.00145827988641965,0.00144813151966456,0.0014411347261543,0.00141679456688262,0.00144932656328279,0.00150382214115125,0.0014536863285673,0.0014658993772697,0.00144787790367389,0.00145527040772635,0.00149779312858278,0.00146167592556622,0.00145982759136801,0.00145350975258157,0.00147274608315809,0.00148133906277162
324078,0.00145613154386513,0.00144925799668091,0.00144403386010431,0.00142236420510188,0.00138862032429034,0.00142613866335406,0.00144075011758268,0.00145073764635506,0.00139985598960832,0.00144661038950415,0.00145287416306246,0.00137812230835487,0.00143240146159002,0.00142438802380142,0.00145094518392311,0.00143569371710847,0.00154480136748257,0.00140743587083249,0.00141885691915415,0.00141048607758759,0.0014478988943095,0.00145270291498841,0.00143148145479949,0.00143180891063047,0.00145595575199979,0.00138016700020703,0.00144525196143843,0.00141038725643742,0.00143838529129827,0.00148424434733656,0.00146543206638162,0.00141073683081779,0.00139853298170551,0.00141757407989885,0.00147793377455429,0.00146099527098899,0.00143109813499353,0.00142636583542112,0.00144263889451716,0.00144271383734062,0.00146449478362059,0.00144488097356641,0.0013806658357055,0.00143705936883106,0.00142134519487328,0.0014480062686026,0.00142949296543899,0.00142028310089725,0.00141756718929809,0.00142015879805132,0.00143947484526986,0.00142293949007092,0.00139211992918833,0.00144175076577137,0.00145289934469437,0.00142623458215601,0.00144124196981719,0.00142346538676446,0.00141283337475288,0.00143075021881086,0.00144985961115472,0.00147479305256477,0.00143819460097368,0.00144790300540184,0.00144999202910544,0.00142588642775644,0.00140034000234836,0.00140073572013567,0.00146887081915843,0.001374062913212,0.00142656258430814,0.00142053929544201,0.00146267610468541,0.00141372759060477,0.00141992798705721,0.00143892492848268,0.00142388065053073,0.00142005872662168,0.00142166816381823,0.00141800316785147,0.00141564842404311,0.00140200208607074,0.001431458285909,0.00141953130353836,0.00139275438629483,0.00144855768217094,0.00142454402959861,0.00145424588519468,0.00146362502793576,0.0014338056812507,0.00137149183903389,0.00142780466852446,0.0014764937777647,0.00143487933354521,0.00137325211703475
320324,0.00136886338627047,0.00138575185875276,0.00140419844327384,0.00137228988593831,0.00137505074457415,0.00136122939643708,0.00136577546017628,0.00137691946398055,0.00141639623367616,0.00137815471928655,0.00140922558305629,0.00136392999765093,0.00134753843160148,0.00134322741939179,0.00134934891845131,0.00140282419619347,0.00133343736036145,0.00136232574676735,0.00139952456210485,0.00139911535801744,0.00137895132791381,0.00139732818911294,0.00137579542432171,0.00135612486249541,0.0013902292314394,0.00142014134929839,0.00138456541063046,0.001343862709381,0.0013595973329266,0.00139001752825171,0.00135526235256057,0.00139434482697386,0.0013443736782291,0.00137879545765237,0.00140985364093216,0.00137849389329608,0.00139695045715204,0.0013659011436089,0.0013778011913928,0.00137017318552413,0.00137526033443941,0.00137609341419009,0.00133381899644596,0.00140462866209015,0.00133928322454147,0.00139537807509458,0.00132187665428975,0.0014133861312779,0.001371259533675,0.00133972502541833,0.00138587079775193,0.00133575580932865,0.00139211992918833,0.00141708064698112,0.00139186156230707,0.00131111559944936,0.00138365098247657,0.00135959193992246,0.00133636651862635,0.0013795164576598,0.00135598843455668,0.0014192811792379,0.00136246236718145,0.0013791190146464,0.00136774458207635,0.00136151996986295,0.0013314206074096,0.00142155428243719,0.00138799225306649,0.00139676297166465,0.00137040303834155,0.00140780203889958,0.00133910020848916,0.00135845985362146,0.00138688134531442,0.00129128500014448,0.00141491675297291,0.00139782067050008,0.00140607082922941,0.00136940843131813,0.00134585366453215,0.00136512709829969,0.00137001032046511,0.00138845910409059,0.00139921864715949,0.00136365009183126,0.00133112525316304,0.00137950589155596,0.00139574373873432,0.00136286307659993,0.00137010439154878,0.00136654342482375,0.00134778323673914,0.00135711725844733,0.00137424831008302
2740404,0.00133146274730134,0.00137856248464769,0.00137274942998663,0.00131524319322032,0.00141293248794852,0.00136869023171489,0.00136229725442032,0.00136353274696963,0.0013386570865573,0.00139839004318735,0.00132528600612135,0.00133114086602459,0.00134213314306718,0.00138400188572199,0.00133843672697471,0.00136878076381723,0.00138024952301243,0.00135699455028692,0.00142507089106286,0.00134484601461448,0.00135528884950582,0.00136669536203289,0.00131115289943142,0.00137802087642128,0.00135532618259009,0.0013852163916712,0.0013459785864173,0.00132848517589057,0.00136313269003302,0.00138520301924738,0.00134476999886333,0.00133799731376037,0.0013522355126047,0.00139015485204781,0.00136094170027159,0.00135166092093965,0.00132477468353252,0.00134562106064083,0.00136349875688007,0.00138918869619447,0.00132599968828509,0.00136753774760099,0.00132644983071974,0.00131028478793477,0.00135362415139557,0.00139976375788692,0.00138283849528759,0.00136215149981994,0.00133842947931534,0.00133386006283051,0.00138051039300014,0.00135293799458443,0.00137433136407329,0.00135794492105743,0.00138252244806202,0.00134006767893247,0.00135357161329229,0.00136388595315554,0.00137459994668962,0.00140560772491265,0.00136498978025786,0.00129002965328278,0.00133195412134098,0.00136478901657236,0.0013418518672709,0.00135643840739767,0.00137736687070211,0.00133710162404426,0.00139415788366543,0.00135242691999932,0.00135498669238994,0.00133406002733817,0.00132103355699848,0.00135775580601658,0.00137682367174052,0.0013951295980582,0.00135010087832405,0.00137649029013856,0.00135581275110987,0.00139917817982504,0.00132039394093695,0.00136813730138304,0.00137594563530912,0.00138931039722615,0.00139863098708088,0.00137561693342276,0.00137949624017118,0.00134330894396411,0.00137642367950006,0.00139485680026597,0.00129656967483781,0.00135992999510606,0.00136157365184902,0.0013354791158114,0.00136578066917276
1795355,0.0012874131058488,0.00136058904938501,0.00136698377755065,0.00134249883529669,0.00134508458936756,0.00135041118528425,0.00134761149678401,0.00134058408923662,0.00136291611119014,0.00129850504010254,0.00131089636436108,0.00137176023803931,0.00134321420077404,0.00131992772434597,0.00136101367485733,0.00137112858673973,0.00131712403095277,0.00135166335380649,0.0013442892562497,0.00138309298044133,0.0013210190531908,0.00132231703562205,0.00135165183068799,0.00134232085371606,0.00132042313374078,0.00135492004288616,0.00136351805196873,0.0013585716544588,0.00136868825120025,0.00137970072324242,0.00139373431611713,0.00136121931920593,0.00133083385235999,0.0013372749126208,0.00131863948132192,0.00133443975957657,0.00135504194343748,0.0013110698081767,0.00140306882569861,0.00135186195302676,0.0013453809261163,0.00138772912075126,0.00132223887887618,0.00134397902870454,0.00127753756725297,0.00136175450702002,0.00134053844235032,0.00134096795027482,0.00133462810460001,0.00128819713982532,0.00134587393152701,0.00133957407271883,0.00128407086700808,0.00133835394437106,0.00133916227478142,0.00131594094602988,0.0013128544184209,0.00137784149616303,0.00132915266427479,0.00135959221721217,0.00134570118232676,0.00129002965328278,0.00130682968359001,0.00135733741757385,0.00140429900297817,0.00135406701158054,0.00131151055998285,0.00133435200260821,0.00138472809569059,0.00132227840486689,0.00138471821672519,0.0014024389835133,0.00134849486726431,0.00133381818745056,0.00133946659846606,0.00134365879735314,0.00134734275599857,0.00133700639457573,0.0013459922071095,0.00133350961694214,0.0013581445655781,0.00140501228915409,0.00136128191628273,0.00134717138701616,0.0013792382044869,0.00128444099748753,0.00135291065952548,0.00132554562709033,0.00138425613594638,0.00137016599178457,0.00134374288933164,0.00138290296149383,0.00136249301285634,0.00129490759836902,0.00137125973093822
1660073,0.00131650249171368,0.00136658019447257,0.00132505175983437,0.00134693580028587,0.00130720284599319,0.00131310700889518,0.00135997845058301,0.00133293453665895,0.00128517696407128,0.00129247749681294,0.00129794568677683,0.0013179273353692,0.00137186223000584,0.00132614097635819,0.00130494758761549,0.00135665034538432,0.00136393619360376,0.00134838261751085,0.00133462307772505,0.0013381269530503,0.00129490873218889,0.00133841890626669,0.00135749302269615,0.00131566483676284,0.00132722242897116,0.00130148064989034,0.00136527199852388,0.00133316529477896,0.00135353672074416,0.00129063230666221,0.00132378529146884,0.0013523403171238,0.00131161603499739,0.00130907227825973,0.00136160267244268,0.00130720629509541,0.00132089426559598,0.00132308763512075,0.00133632413130588,0.00134517131038349,0.0013558790966082,0.00130627917482307,0.00131855429601307,0.00129259531153063,0.0013345029155901,0.00133178567460573,0.00135173551518665,0.0013197844007297,0.00132287840093445,0.00134684676570354,0.00132319529603866,0.00130775521113406,0.0013361188908632,0.001282846177093,0.00127645679342179,0.00134351435506141,0.00130221659273378,0.00134402614195256,0.00131147872111347,0.00130883284273844,0.0013662756867866,0.00133145642442224,0.00134020929374488,0.00135791061749681,0.00129057413795029,0.00131036557437917,0.00135898836538511,0.00129507169637895,0.0012911555842479,0.00130489867261408,0.00133516567616644,0.00134009346464774,0.00127333759706309,0.00131621699732849,0.00132545769598814,0.00134501329210853,0.0013514799394868,0.00130932228389375,0.00130497699393148,0.00135539913790311,0.00133356276348619,0.00131244854434104,0.00134731646959094,0.00133653022282172,0.00130930665513286,0.00132091137186162,0.00132484810217725,0.00132688625477892,0.00134561601747787,0.00130270096579315,0.00128130775250157,0.00130945908410264,0.00134272675119885,0.00132060289274919,0.00133141200900758
198467,0.00131733361702411,0.00126712718601906,0.00128940954477553,0.00135200661741636,0.00130946444261255,0.00131832959358965,0.0012765015124398,0.0013203127749058,0.0013700835502862,0.00131056012668174,0.00129938465095286,0.0013047138047138,0.00133618732567944,0.00131371447233375,0.00131397836676854,0.00134295471166974,0.0013391115618949,0.00131762571473916,0.00132633778184678,0.00134639656728313,0.00131000376151812,0.00130307333655894,0.00131855174264175,0.00134565285583522,0.0013190632746947,0.00132756917245523,0.00135755463368125,0.00135924024287143,0.00130858718039109,0.00132639723069442,0.00137974451118747,0.00136087781912585,0.00136970625566161,0.00131024738802477,0.00128625184493857,0.00133243729895295,0.00132477468353252,0.00131369870782071,0.00129961454938988,0.00132404296519422,0.00134659225348075,0.00131654597472998,0.00128486668126463,0.00130691536385779,0.00139863872735428,0.00131826315266269,0.00131192370065745,0.00131387271248455,0.00132806209372808,0.00132296798945312,0.00129680561110676,0.00130266419328049,0.00134534259129322,0.00132529329324681,0.00130080519841782,0.00134696103119035,0.00132275860095718,0.00130430651954662,0.00140056982235523,0.00126518926842459,0.00132062600501632,0.00129334379497394,0.00129857451118612,0.00132237222227317,0.0013250977576909,0.00129579842864538,0.00131508415823893,0.00128603722594621,0.00126467964108776,0.00132724404265341,0.00133021042211056,0.00134009346464774,0.00129646291097115,0.00129826378340398,0.00133659297744495,0.00130302395469125,0.00127356298379189,0.0013016070399332,0.00129169037557804,0.00132344043730009,0.00132258874469516,0.00132072660282026,0.00130088135934072,0.00133567892968617,0.00134104029937755,0.00132319077026001,0.0013296482764605,0.00132990266707824,0.0012787790558026,0.00131452473323494,0.00130558808349104,0.00134705121091898,0.00131008943543879,0.00128003137530682,0.00132991771943518
143,0.00131234686516155,0.00130187582752692,0.0012233666168724,0.00126897198690461,0.00128119448487048,0.00125080903432544,0.00124210592218635,0.001290097042224,0.00125760989062488,0.00123177152511053,0.00127348329578436,0.00124207188160677,0.00128537761345701,0.00129468638804632,0.00127070588332685,0.00129051999973391,0.00128095099617701,0.00124955043660449,0.00125660320820465,0.00129367777654882,0.00129001304700103,0.00130621516497741,0.00128817754419933,0.00128948482011235,0.00129594567091139,0.00123710090872215,0.00128809835009755,0.00131444481922539,0.00123484973217145,0.00126965480314332,0.00129638859014826,0.00128916280230868,0.00123430799697057,0.00125658404208773,0.00128757378928075,0.0013088082635943,0.00125570324426222,0.00130656312307269,0.00131296348826843,0.00126840498952914,0.00127108618109667,0.00129567014825259,0.00125539001835975,0.0012900682434729,0.00126279828131959,0.00127733011326757,0.0012434971444354,0.00125623375209434,0.00123060866920783,0.00124839917940795,0.00126010745549833,0.00126320880491538,0.00128604737424308,0.00125853885416731,0.00123476431911353,0.00126493013932154,0.00130184977115836,0.00130591677450902,0.00128045914740177,0.00124241870791301,0.00123639912738383,0.00128008722820931,0.00126052893402036,0.0012467098324422,0.00127280462778969,0.00126395397052965,0.001251269903666,0.00125932661771031,0.00124944690666686,0.00123857193932274,0.0012850625518237,0.00126568107116305,0.00126827893464569,0.00128594295031853,0.00126367484403422,0.00128180353685671,0.00123770739356061,0.0012653000095306,0.00127436000381268,0.00128403929957035,0.00126947449374657,0.00124471897496565,0.00125619192992697,0.00127438582392619,0.00123173552475694,0.00130381588387377,0.00125469170880666,0.0012521462611402,0.00130802022653553,0.00129365926127883,0.0013173813871145,0.00126072854934071,0.00127009723162013,0.00126515515224462,0.00126416897824962
1335061,0.00125998597060476,0.00128510062128175,0.00132557591005582,0.00122270078058891,0.00129024087134795,0.00127281849839499,0.00127186390476518,0.00125223175696454,0.00124933976859096,0.00123779906840013,0.00129362879424875,0.0012469657818495,0.00126645910358695,0.00128924979253563,0.00128387576959171,0.00125608526353725,0.00130293852711914,0.00130245230937179,0.00125038923629595,0.00125749821428018,0.00128919709946972,0.00126537139553735,0.00128934578260096,0.00126711280588374,0.00124291116811439,0.0012707635184833,0.0012617891517704,0.00128736698851399,0.00124545580349071,0.00126655976164054,0.00126724316321148,0.00128984580246884,0.00130200712631609,0.00125227530628257,0.00126906656849027,0.00124593100001282,0.00123164465305571,0.00127877189826459,0.00131725421862225,0.00124058600169661,0.00126543332006257,0.00127274096179382,0.00123328252118109,0.00122310093994296,0.00128948833963139,0.00126526948558865,0.00124287508483338,0.00127101297270721,0.00125376249701938,0.00125719662328968,0.00125598406722772,0.00127720910401268,0.00130844778957313,0.00127631585153087,0.00131781572793559,0.00125459011093472,0.00128607644341539,0.00130376976789248,0.00128262330370724,0.00126091978832866,0.00121003804354465,0.00126765919686747,0.00125945217240246,0.00123352623421407,0.00124843501385514,0.0012778435746014,0.00120685518248324,0.00123418722172358,0.0012911555842479,0.00126091730936207,0.00129497305993545,0.00128244061924519,0.00126177494010905,0.00126798973639402,0.00123422022856782,0.00127548256133152,0.00126322002507133,0.00122944681700803,0.00130151091957841,0.00122975328758715,0.00126991345449821,0.00129137712275759,0.00128482109564515,0.00123820586566509,0.00123584914530718,0.0012171987447353,0.00124176816265944,0.00124008061194291,0.00123126215336159,0.00127940118877549,0.00127298306759089,0.00125446319487132,0.00126274234356153,0.00125974561658564,0.00131945769242838
46124,0.00125416809343178,0.00122638739942365,0.00123437377152292,0.00129495992469837,0.00122917776262508,0.00124633253315875,0.00123244423953089,0.00126676590686211,0.00127690684203736,0.00123306314152973,0.00124998021424258,0.0012303265210242,0.00125402693995806,0.00121041915763059,0.00122028403305566,0.00128386783478683,0.0012887530232855,0.00127415595882184,0.00126903115202206,0.00126576782851301,0.00121005018893265,0.00124809133923578,0.00126792807857104,0.00127663281193847,0.00125469661318039,0.00127244664897135,0.00123337521757707,0.00125427186208893,0.00126161743597721,0.00122529254160338,0.00130571512676803,0.00119934828124717,0.00129676590339902,0.00122211415564642,0.00131467364829539,0.00121188916941137,0.00128364225340526,0.00126712962841255,0.00127577715853534,0.00126770071135617,0.00126825975057962,0.00124057165541882,0.00131329060620863,0.00125047751056841,0.00127036710382592,0.00125247791077767,0.00129637221060699,0.00123948396873308,0.0012800265405071,0.00127395365925489,0.00126216914963364,0.00124220835626943,0.001253764422738,0.00126180401694837,0.00126378228123208,0.00125252210525735,0.00127727272560536,0.00129732874804287,0.00126206381880529,0.0012229688541427,0.00128526357547596,0.00128008722820931,0.00124832563568417,0.00125014903197997,0.00122152689846908,0.00127885988709446,0.00129619513888534,0.00125264896565134,0.00127846163889715,0.0012378625624961,0.00122504891936921,0.0012495919050042,0.00126683360252644,0.00125144461767927,0.0012414042811206,0.00123304172566244,0.00128666406483794,0.00126756919893076,0.00127724839910691,0.00124157362890608,0.00128000955178596,0.00123644091648643,0.00123279980671822,0.00124416491761398,0.0012270342441281,0.0013003967862762,0.00126281508067062,0.0012823103841334,0.00123700595475555,0.00122793302461708,0.00124245922291841,0.00122905370174546,0.0012310243888088,0.00124148843373657,0.00125769372343589
1349819,0.00118352244204563,0.00120481927710843,0.00114369578321147,0.00115044163647946,0.00122691616600572,0.00119298756092238,0.00117486061090433,0.00116655676809463,0.00119475696316708,0.00113791406531532,0.00119529957555353,0.00115691801738313,0.00118646083327928,0.00117042134780193,0.0011634653808844,0.00117273754978852,0.00115540928724936,0.00115522926810464,0.0011364664179697,0.00121253218688915,0.00120637842504176,0.00118878932783723,0.00113474890078502,0.00113954472475044,0.00114862760758638,0.0011622016020036,0.00120005023302934,0.0011556550712264,0.00115555672278457,0.00117680355805971,0.00113492292491847,0.00119900678116709,0.00120373419662098,0.0011821604236349,0.00111836491348205,0.00113219123659152,0.00114084287334083,0.00117586925505622,0.00116993914314115,0.0011743838534369,0.00115520252989758,0.00115159272289223,0.00116011723289932,0.00112496646370098,0.00116002163886519,0.00116330236066686,0.00117320440940728,0.00120401383926218,0.00114110357363781,0.00114324877872627,0.00121969825044636,0.00117857063309989,0.00113912700310773,0.00121282657523243,0.00118640104891595,0.00116980187816276,0.00115328703311408,0.00118139039074984,0.00117946518647994,0.00110342341145691,0.00114188499752142,0.00112183696245657,0.00114818680521957,0.00115155864523052,0.00115552586072969,0.00117926126277505,0.00120123952808082,0.00120315577980246,0.00117799812854977,0.00119636401813735,0.00113970843285135,0.00114903461651137,0.00116710568629789,0.00119089652365934,0.00117674780814557,0.00118292541971277,0.00118116588588821,0.00118406302900478,0.0011865527868682,0.00119078994027663,0.00115271093380999,0.0012259052056947,0.00115354589674228,0.00114498926732179,0.00114946311375219,0.00117901882156243,0.00116348839742489,0.0011804226798008,0.00119105554360381,0.00118307225991145,0.00118765504725646,0.00111871384803452,0.0011533383836898,0.001146145367747,0.00121236693973978
587,0.00111537016659076,0.00113172730704019,0.00112901957701077,0.00107374552738083,0.00109857055785673,0.00112621308518595,0.00113428154375138,0.0010885313318024,0.00111040171842109,0.00111767874141452,0.00114877306719531,0.00110063816459165,0.00107186871635208,0.00111566706444424,0.00109648710216596,0.00109838982390937,0.00111356205094014,0.00112324208922208,0.0010784693468218,0.00114068991324141,0.00110560890492498,0.00108589444713245,0.00111099471995184,0.00114192472626413,0.00112641657650046,0.00112222725291224,0.00112673526702433,0.0011192170027382,0.00110505162126426,0.0011265951070145,0.00107138589419627,0.00110441125898444,0.00109716266397384,0.00111439576051733,0.00109324797098068,0.00109694792961591,0.00111523211495971,0.001113902334876,0.00113942728284733,0.00107648918739328,0.00109665504061581,0.00108040957687095,0.00112116592834644,0.0011308629558357,0.00112855127160202,0.00111908005917748,0.00113525877368414,0.00108036102680113,0.00110792793975858,0.00112523496506367,0.00110589273417753,0.00104556779167555,0.00107456110009757,0.00113809062713256,0.00108800680954844,0.00111672306577706,0.00112797634441024,0.00115938357293033,0.00109037408523818,0.00110389779813424,0.00111359505388913,0.00117486322951508,0.00110224497618921,0.00114009464677128,0.00113369474824666,0.00111286217989544,0.00112619396470306,0.00112027433365871,0.00109131661601178,0.00110875598004665,0.00108795355715665,0.00110881170111424,0.0011461483705687,0.00108071307349518,0.00111209133517053,0.00110797670991418,0.0011080756442629,0.00113051015916094,0.00112647416474829,0.00110454522769042,0.00108467201730559,0.00115892818709014,0.00111095128433231,0.00113690198253402,0.00112536905052936,0.00110607807281424,0.00110219386426953,0.0010771943477796,0.00112682940074398,0.00113264736935085,0.00112938225288173,0.00111349271931003,0.00109633800123562,0.00112450722511106,0.00113167530283023
93466,0.00109209865789885,0.00104545481777932,0.00106979060198653,0.00112065058583784,0.00110874774264387,0.00107809069764405,0.00107515204589995,0.00112065945262862,0.00112749330395786,0.00111251227573772,0.00107250796586585,0.00114027875655783,0.00112538107284167,0.00106285442234037,0.00107014732963623,0.00110034634301145,0.00117526899261645,0.00113267420607207,0.0010978017038711,0.00111743162321157,0.00111744014412897,0.00110003267501555,0.00110749000474694,0.00110241670113702,0.00113276258538215,0.00111928177455814,0.00112322737391404,0.00111587406067507,0.00110151626415784,0.00114138252752781,0.00113375710784099,0.00111602226170722,0.0011058980355023,0.00111517916702736,0.00112431366302185,0.00112458188622179,0.00115558846149966,0.00112103791962402,0.00110319444874842,0.00109761753258255,0.00111078719320106,0.00111257888324595,0.00111800771446378,0.00110517109724874,0.00112655947620561,0.00113077521329037,0.00112095140283771,0.00109021384054305,0.00112175112054159,0.00112607281686193,0.00112527265904939,0.00110284174252814,0.00114900953928275,0.00109564351097875,0.00113937193789622,0.00115050049184068,0.00111733851872312,0.00109926738766727,0.00111381911188075,0.00111812939845397,0.00112902593223401,0.001104437718578,0.00111983208261489,0.00112805744838908,0.00109155562415151,0.00109931134665471,0.00109658415058122,0.00110770463566534,0.00108406293295421,0.00113003728484601,0.0010901558922926,0.00109339291687867,0.00113097238331653,0.00108775354954401,0.00107186064087496,0.00113913008928829,0.00110945470542564,0.00110282604847896,0.00110452236051217,0.00110717197020574,0.00113032393547628,0.00111302259006904,0.00112072709701656,0.00109816814486626,0.00112008010982192,0.00113855949999117,0.00112287153810508,0.0011539452829512,0.00108818928227546,0.00107909265799683,0.00110093957943692,0.0011319407074699,0.0011027735282869,0.00114817394361911,0.00108983519480306
2734,0.00112866817155756,0.0011221414749001,0.0011106743192599,0.00116185097502306,0.00109687436039221,0.00113442000399155,0.00111843638419642,0.00109006124231794,0.00112308257220644,0.00109141587422412,0.00105619970520421,0.00115447106726176,0.00111943525545394,0.00112071533170417,0.00111567750786618,0.00110504198885645,0.0010844817680812,0.0011138099723721,0.00108882596666964,0.00107815095560561,0.00106970721354734,0.00110278177488171,0.00109853351033443,0.00110432070234797,0.00112007056761876,0.00112517273126634,0.00110112764731923,0.00110584523448566,0.00107626371339769,0.001119373343508,0.00115066145546433,0.00111294876098648,0.00112249524140636,0.0011030363661219,0.00110184060920483,0.00108333119737533,0.00110048652680088,0.00117586925505622,0.00111177590945605,0.00109973036710148,0.0010700058385979,0.00107082723029117,0.00113537789081844,0.00111654290350854,0.00112735619436418,0.00112127290057365,0.00107243075388025,0.0010843021522979,0.00107993599867297,0.00110303189240977,0.0011178505601623,0.00110029623360135,0.0010851024720176,0.00108222006398993,0.00111235521454447,0.00111051904874496,0.0011474178879074,0.00114381777496043,0.00109975209589521,0.0011205013318406,0.00115795882913067,0.00113675060006678,0.0011176785593791,0.00110856865100837,0.00117227997030969,0.00110168274247183,0.00109811569269097,0.00109984857441949,0.00110473592966829,0.0011048544075001,0.00113034850852359,0.00111819704804024,0.00105509244705568,0.00108036104969274,0.0011164017667022,0.0011012042361372,0.00112600343937854,0.00107604961355705,0.00109701253274718,0.0011062963893673,0.00110969278014914,0.00106410678996459,0.00110955473966313,0.00112753775804291,0.00113242097147263,0.00112374341040169,0.00111622514294365,0.00111003972614998,0.0011127309791406,0.00109404624623204,0.00110163330317947,0.00112915610548351,0.00111840266541143,0.00112383103315369,0.00112171337234757
2979331,0.00111204566534906,0.00115509277288168,0.00110490866682391,0.00106740700596772,0.00111270553672776,0.00111800616638036,0.00112577926301458,0.00112448422891745,0.00111536379164144,0.00109529072348172,0.00106723176388708,0.00109280792420327,0.00111943525545394,0.00112382195771028,0.00114841408229599,0.00106943334119854,0.00108306321769783,0.00114415678310683,0.00113370465267694,0.00110709460542053,0.00108194642651699,0.00111613454566019,0.0011133311967551,0.00110574870325618,0.00106250320133484,0.00110160890443353,0.00109060396798837,0.00108344752266264,0.0011282839679636,0.00109048628948198,0.00105739608926661,0.00110475275906452,0.00111113925841937,0.00110225295961187,0.00113224532907491,0.00111657204372733,0.00110747127908664,0.00114094244550009,0.00110748517910224,0.00109515255897713,0.00111401739950626,0.00110299653666616,0.00113695699775977,0.00110980405535458,0.00114289219845612,0.00108874575319716,0.00113774701209222,0.00111435323421074,0.00107267882876189,0.00110554544780456,0.00109847063529043,0.00115947931614903,0.00113385631714772,0.00112212760909181,0.00112069370940612,0.00114498581003438,0.00108579186323718,0.00106759904007334,0.00109650586143701,0.00111101359829411,0.00108144739067062,0.00109946650604127,0.00109937361187481,0.00115557104469125,0.00108444782008726,0.00111828251319174,0.0010787161593008,0.00111359668159973,0.00117255786625659,0.00109314968986045,0.00108905472472463,0.00105451076532812,0.00112085505848175,0.00111380331092467,0.00107724868028955,0.00108630479382784,0.00112117672530894,0.00109465696663838,0.00116806705698515,0.00109535162888681,0.00112330056345002,0.00104905577454783,0.00112980463736623,0.00113605068939846,0.00110832690824981,0.00113058160559683,0.00110034764339136,0.00109897954771914,0.00109654390248487,0.00110482674007603,0.00114186928024774,0.00110583506384744,0.00112345915095172,0.00110557385030462,0.00106841704426534
590652,0.00106965827451737,0.00109817689454986,0.00108866000995885,0.00105789922384805,0.00103468045335966,0.0010482473565328,0.00108404079394298,0.00109235610809124,0.00107787257175434,0.00106816677867851,0.00106147590718297,0.00107470049330514,0.00107186871635208,0.00107722256761863,0.0010690184822421,0.0011015202544727,0.00105114583407216,0.00106664938812218,0.00105775610712611,0.00102749956842951,0.00102972578451315,0.00104662159190162,0.00106971696309418,0.00109004069326588,0.00105162432896622,0.00108730229528505,0.00107516923830311,0.00111620835488138,0.00106515259106322,0.00107260382746588,0.00112967674806984,0.00106069924873397,0.00106222117786003,0.00108266779686113,0.00107341880584802,0.00103687411090748,0.00109583002527704,0.0010861111100679,0.00107315933627169,0.00109057475085279,0.00108494554275945,0.00107596063024462,0.00108116188583267,0.00108326984074838,0.00108513013196043,0.00110080638087608,0.00106558809825805,0.00107100085374631,0.00108926664570151,0.00108795056004109,0.00110259402356104,0.00105447707291929,0.00103832513412249,0.00108983877714575,0.00109367698605437,0.00109948968513235,0.00108359093378467,0.00105579050368238,0.00109362031969638,0.00106310054388433,0.00105251449377396,0.00106383948286133,0.00106061019363045,0.0010930922530884,0.00105195500150787,0.00108372788842786,0.0010940315803983,0.00109474213460968,0.00112105671654783,0.00106796681251454,0.00109566173013246,0.00102367319685698,0.00107026843430785,0.00109408997798795,0.00106862781722621,0.00105605441095732,0.00107153052345025,0.00102068139219308,0.00103520087345074,0.00104369235941893,0.00109915772210975,0.00111001238698569,0.00108127471011224,0.0010802909890196,0.00106601538259022,0.00108898258482639,0.00107450055109693,0.0010828920154561,0.00105424863767474,0.00108048368946057,0.0010822090383879,0.00103587193893925,0.00104577314583272,0.00107446902026547,0.00106493036859641
1617967,0.000972416613197605,0.00100112034413137,0.00100322352386194,0.000965356811216647,0.00102224167195315,0.00102288051658823,0.00103264064221591,0.000970728222106289,0.00105030549830793,0.00102468235923211,0.00104276937289462,0.00104680526192154,0.000999978378845863,0.00102557491026705,0.00103741075520643,0.00102208557892813,0.00102064700082985,0.000999804386098372,0.0010066634492101,0.00101561199796981,0.00103094970581012,0.000988105037607686,0.00102220860142782,0.00102578065239649,0.00101808113916299,0.00103849151113138,0.000976597441904028,0.00101023709147994,0.00105202126466794,0.00102755377892531,0.00101950703424879,0.00102620774064572,0.00102422231171125,0.00103331318672925,0.00102516783735854,0.00105129182739751,0.00102986292035597,0.00101700860513965,0.00103454276308732,0.00103740174879313,0.00102276407138433,0.00101983545742016,0.0010553698057909,0.0010192507832858,0.00102378283375121,0.00101163083076527,0.00101955568770866,0.00101089868992062,0.00100736429956215,0.00100961141690374,0.00104898997604311,0.00102074907963943,0.000995500810697384,0.000996237444088622,0.00106565964331921,0.00106502292384293,0.001012794369729,0.00103593069247941,0.0010131858436765,0.0010066485292827,0.00103644066216471,0.00103732634933208,0.0010164629672966,0.00103004026156259,0.00103367779105696,0.00102884701380288,0.00102664372756929,0.00105781864675417,0.00102530810018787,0.00100234945604985,0.0010461091895737,0.00100691364877484,0.00104931111857866,0.0010162927176484,0.00105964775153523,0.000977042216892536,0.0010584294424042,0.00101886604067295,0.00101729282262653,0.00101786272468499,0.00100302531750031,0.00100540782983924,0.00102192156167211,0.00101857223669184,0.00105955112172556,0.00100863379128347,0.00106416171417916,0.00099843247107512,0.000976968400737713,0.00100015162242955,0.000985781438172565,0.00100941822006849,0.00100256317848842,0.000996706945167594,0.00104749699025175
322509,0.00091839346801996,0.000957384984992182,0.000976491862567812,0.000944439690553385,0.000965136357314173,0.000983338089615823,0.000933318544517749,0.000961548759013085,0.000953820741245524,0.0009493380681121,0.000943001190023374,0.000956268107430898,0.000945925493502843,0.000925386221570003,0.000897057395869472,0.00095360741035523,0.000929859776294605,0.000949773157589758,0.000959713439233224,0.00097323022502654,0.000934667897115544,0.000962970410259955,0.000946662518122298,0.000972468618490041,0.000927423869424521,0.000911415159283054,0.000951340611509959,0.000966110256246538,0.000961112081931396,0.000946738806352538,0.000939648564441996,0.000949711722707399,0.000983602834103939,0.00093852099901565,0.000978899785382336,0.000962382575709031,0.000959239313911066,0.000997479636355579,0.000956356121084411,0.000959579010679322,0.000941201362177999,0.000947625631408194,0.000950622378682477,0.000963655286015669,0.000987133798457394,0.000954982428030945,0.000948018833476511,0.000992670984498075,0.000934101441412176,0.00097777304856985,0.000934359782120164,0.000994021235908222,0.000944770458332263,0.000914245578697498,0.000962929386623653,0.000919573191201601,0.000959605241293398,0.000930190616614933,0.000937079680267547,0.000960633021582222,0.00100943662506116,0.000985957153119146,0.000956164316694256,0.000984184267725634,0.000955999646640598,0.000979047701643174,0.000939856341350105,0.000972187579174367,0.000965465214962897,0.000928928954492058,0.000937644184128431,0.000935182782983293,0.000906223238772479,0.00095785676644312,0.000939674073903785,0.00097207573612275,0.00101016230170824,0.000991181929990969,0.000975122251330828,0.000961825551024911,0.000944643537532022,0.000940688463547193,0.000942318515528878,0.000944935380466313,0.00096963912969893,0.000981850860102493,0.000926433636667424,0.00095218081581887,0.000970702435580657,0.000944510363879921,0.00098855633314279,0.00095442233083717,0.000967167779706393,0.000986564065807001,0.000923969052266763
2108445,0.000980727866301858,0.000897473534116576,0.000924076840422465,0.000901971597085548,0.000901246252817101,0.000908356695073797,0.000937569684886153,0.000904559592309446,0.000915778179889489,0.000929963821824098,0.000942041880572689,0.000913691175319082,0.000932952801020518,0.000938977710346734,0.000963659392123204,0.000921129193260653,0.00097596266375391,0.000938290580554994,0.000921739166457808,0.000931882153862375,0.000948946978913468,0.000933515768836832,0.000916677732480415,0.000959616610316164,0.000890707675180442,0.00092656333367557,0.000933099567336464,0.000940369602360384,0.000924748408836777,0.000909942201819403,0.000937316930287053,0.000907707212857341,0.000925075844863296,0.000933428856700456,0.000955104787223144,0.000934748619103154,0.00088783962387885,0.000938141615819366,0.000901053374301862,0.000904645313187221,0.000887902958142179,0.000912034058397558,0.000864297865889606,0.000921537485053445,0.000932558604595948,0.000904547075919093,0.00090012024412107,0.000920745444182086,0.000933410282373025,0.000899433905432505,0.0009582754340897,0.000941838302909199,0.000932911414922234,0.00093057139260281,0.000942916998955687,0.0009726520035873,0.000889542320388567,0.000891007745863121,0.000930226518633566,0.00093027227423345,0.000937425859451702,0.000972700586354519,0.000916683057371295,0.000913680677201317,0.000914875923126053,0.0009058732021432,0.000926072462362353,0.000908160680020661,0.000909974539572468,0.000927155512425444,0.000909564411145137,0.000941216220292863,0.000897551246056953,0.000914205814940383,0.00093033480558517,0.000952209813043604,0.000898458347526171,0.000926736951026354,0.000944505261212028,0.000932493592937215,0.000912599402662209,0.000933915506609653,0.000914736758312583,0.000939401975085204,0.000974340410327773,0.000917457855348238,0.000934926252707021,0.000887830686766698,0.00093519529969067,0.00092294937619194,0.000906003207778586,0.000915437903027628,0.00091292548027419,0.000902716263092767,0.000925463341839162
2867247,0.000857721320358913,0.000941208893255768,0.000863799564955316,0.000872180546443931,0.000861668311978207,0.0008882124398237,0.000877280785116062,0.000844893082203622,0.00090695671638664,0.000899395566569695,0.00090414915727063,0.000931309216192937,0.000890791550452963,0.000874126892469189,0.000893294571222369,0.000877694469194411,0.000900779493435658,0.000882518063528998,0.000874789156480931,0.000881747617575825,0.00091712502519238,0.000886388342559836,0.000875399975622759,0.000899640572171404,0.000900679974851673,0.000892059158670394,0.000873465384461577,0.000885545352524941,0.000882324123559721,0.00089171584630299,0.00088718679595578,0.000899169710855297,0.000904110953195006,0.000880548917273448,0.000879753959719034,0.000912321060118674,0.000877750537243863,0.000860025740683086,0.000865774035837133,0.000867670709106,0.000865695289793921,0.000888762645275219,0.00087693072142027,0.000893318558408756,0.000862049047563277,0.000881887714825362,0.000897009946110977,0.000878870985778941,0.000873279445966914,0.000857960241418617,0.000872508958061018,0.000906837555165951,0.000878228048087103,0.00088993825577181,0.000918568593959661,0.000878213077654303,0.000845890552913829,0.000882956471051105,0.000889828934264834,0.000882833606500995,0.00089049027115268,0.000877419012733761,0.000881867765059229,0.000876422682208791,0.00089253711035272,0.000899097785522832,0.000922498864106269,0.000879486056473296,0.000868991230297183,0.000858345960240848,0.000893046897625552,0.000864122299115029,0.000878761928506647,0.000881115577510889,0.000910219458437382,0.000863716155691045,0.000901216469851654,0.000886345379703462,0.000878072169444821,0.000869451772569628,0.000866069562988234,0.000862423183380067,0.000870047328898838,0.000837246798818575,0.000834477311619685,0.000890674924167265,0.000875108696254202,0.000878446292946589,0.000902298982616124,0.000907995787956728,0.000875479363106106,0.000882718829687477,0.000879828484010473,0.00090339245505014,0.00085772221455707
43357,0.00086187694691104,0.000875306297292602,0.000835495452996829,0.00089056225854195,0.000901811651971943,0.000880751604545887,0.000895058281202114,0.000867459262307748,0.000899789277290576,0.00084945306502729,0.000862898850891175,0.000845665961945032,0.000885386261918661,0.000911794732793272,0.000865449668833803,0.000894129229651908,0.000882338338451936,0.00088128778741813,0.000824386939888107,0.000883298170244481,0.000881223333814742,0.000867930100601346,0.000873063498819495,0.000902020573685085,0.000873029507581441,0.000902157941598738,0.00087276380583952,0.000848438695624122,0.000915152439547919,0.000872113916785339,0.000892432972804402,0.000852384199884095,0.000897559424548665,0.000866055896837897,0.000848688267677866,0.000861458560278871,0.000881630955180397,0.000881432494927163,0.000855285583861133,0.000871544239057366,0.000893959594964431,0.000857962245554476,0.000883247149185602,0.000857939605600488,0.000875194897179538,0.000883349609089474,0.000878348158050415,0.000880841548527325,0.000868441332692859,0.000827378650782114,0.000904259047744713,0.000899837405617302,0.000871639690637088,0.000876514808782998,0.000868204084995279,0.000906475821911623,0.000849558768668009,0.00089583851075033,0.000883697158066009,0.00085626795257082,0.000868629860164095,0.000842620524976615,0.00087074122834094,0.000850055485752543,0.000893552510933326,0.000864881931589973,0.000880126199069843,0.000873986813601199,0.000908523802960953,0.000875725692493658,0.000898002151681428,0.000907026742205302,0.000857081946717831,0.000855065816130223,0.000854183848525689,0.000849719709885283,0.000834332003458685,0.000889976082743722,0.000887892713445191,0.00086157154502368,0.000880116307040755,0.000881236952651011,0.000854336201370569,0.000861083006614122,0.000859746694999718,0.000872439736980219,0.000859231196701911,0.00089989633596398,0.000844338804913352,0.000875306548558822,0.000908084379006255,0.000904995645578644,0.000890860816098379,0.000876344776755225,0.000876649882474125
2778065,0.000873512701256994,0.000913649625852989,0.000848075058311712,0.000857601947193778,0.000866191505216938,0.000887466356295919,0.000899695888876737,0.000875491292514301,0.000852925252431692,0.000889923712828894,0.000889759515510355,0.000885306553911205,0.000891332079306393,0.000867525312206205,0.000898938808193024,0.00086517274694108,0.000858222981934761,0.000891540088342027,0.000885836217651961,0.00087812966134896,0.000882855228877362,0.000854970058375172,0.000888640010841252,0.000854420543411466,0.000857164485377209,0.000836936635186516,0.000882936695859353,0.000893234119270156,0.000862627133966802,0.000895842568306706,0.000837639570163243,0.000872191204528837,0.000849514881142167,0.00085743842522757,0.000842739518138068,0.000877077753143062,0.000884735289529623,0.000825850045310963,0.000848134366604769,0.000868022848192488,0.000870944375039873,0.000898002765191442,0.000878509828361603,0.00090721743272629,0.000906266905363427,0.000878963926297139,0.000845378999143424,0.000892664925017624,0.000891595160504408,0.000878487610475996,0.000832512091836104,0.000882655220361526,0.000909193328102178,0.000875789217053873,0.000855863112600033,0.000889931776492704,0.000884039996757297,0.00089583851075033,0.000859170053270707,0.000883782379855644,0.000873773486279056,0.000870790729351447,0.000873612592655337,0.000887313480745068,0.000852936487709084,0.000864881931589973,0.000850516384948004,0.000911695907581296,0.000886400069635357,0.000878917888213562,0.00089194573005758,0.000949260803372289,0.000889601919401054,0.000876891291881592,0.000852747038015132,0.000870037131216228,0.00096534281391914,0.000885437703943397,0.000878072169444821,0.000869451772569628,0.000866947484491517,0.00084135176179661,0.000880521413917685,0.000870872877673007,0.000849756473663426,0.000854204549793173,0.000858492708350642,0.00086604548682716,0.000879845940803339,0.000877393095754433,0.000906696931521142,0.000862530465286107,0.000873392956959195,0.000849973290417684,0.000855231731936405
1838286,0.000842761064771258,0.000838760312258482,0.000853316560526247,0.000834149417965271,0.000857145118739476,0.000857996056948556,0.000827040035307653,0.000869754128081049,0.000831422935143498,0.000873132699379292,0.000831721293743911,0.000842729621799389,0.000888088906185812,0.000833352426138996,0.000833841941798133,0.000860085797275665,0.000907162970160793,0.000821824442059531,0.000848552386199735,0.000854871371319117,0.000796364790558508,0.000867144643496729,0.000836458695568365,0.000844900537356742,0.000896600397713442,0.000839882113540616,0.000840140399913846,0.000853453108718827,0.000876263511377284,0.000850448626265829,0.000830061759159679,0.000847944698843032,0.00086130763270558,0.000854696502442466,0.000859263822415285,0.000822610824180753,0.000891720041815384,0.000873170238903133,0.000865297288020043,0.000847598781176194,0.000887499182354029,0.000855566658909529,0.000848506796476276,0.000872680835937266,0.000837749143727159,0.000835472571939817,0.000837914283919199,0.00083305540187903,0.000838375914489804,0.000844135686747321,0.000867148553309225,0.00088901899267848,0.000874933869362095,0.000852570281721873,0.00085186063506644,0.000871319725396419,0.000848458303941755,0.000853435130073712,0.000852316891636726,0.000838715645509811,0.00081012111310641,0.000816935926870149,0.000868587705105142,0.000873556682593982,0.000854967288870296,0.000856073889983495,0.000878594656960093,0.000839420144119444,0.000866452441227033,0.00083209901765497,0.000847348443554701,0.000886915284506736,0.000858527278837086,0.00086668260161079,0.000850591822249298,0.000853783194151472,0.000881909613573272,0.000821446562858816,0.000861897155797154,0.0008348663294513,0.000848072172170942,0.00083457880485907,0.000851193975864915,0.000844057143903017,0.000859746694999718,0.000838818610604103,0.000836338057812561,0.0008311891669239,0.000881412432092603,0.000860005202457674,0.000832468491067613,0.000868795819755498,0.000866957429907917,0.000837125643227599,0.000886113716432653
2830995,0.000848578941944235,0.000826778022083361,0.000843881856540084,0.000853798834345912,0.000847533333107174,0.000844193511684601,0.000794576781585297,0.000861722097874495,0.000843552447459915,0.000863230306832091,0.000797186153519251,0.000823643410852713,0.000834576549696223,0.000870631938212315,0.00085190350010423,0.000840520606254835,0.000856804431551398,0.000876776775011616,0.000806435465485183,0.0008130064492654,0.000854297065281514,0.000836119087864374,0.000823608073150416,0.000843948536751269,0.000850365190146824,0.00083441193945443,0.000859784601331456,0.000839412752053653,0.000847980654525914,0.000827407761745081,0.000847549015321751,0.000830528194758862,0.000835538286696641,0.000842945404792019,0.000819605492149964,0.000852247241410245,0.00088783962387885,0.000817587789286933,0.00084336688843386,0.000837034608581559,0.000851563137208666,0.000841535365703413,0.000864297865889606,0.00085457018152351,0.000839740939123562,0.000870192560712469,0.000824851032276807,0.000851283107301575,0.000843905186803009,0.0008202569104969,0.000867148553309225,0.000829199532899112,0.000835403724662001,0.000857286627961185,0.000856530192188965,0.000806522214172319,0.000864965274835563,0.000853971881727846,0.000828871864994159,0.000855319179216171,0.000835839243681216,0.000859191233432399,0.000822645876074788,0.000862665884057705,0.000819428268549084,0.000847265848377017,0.000834690449813918,0.000822922415503151,0.000832722815009321,0.000865439728507301,0.000840741438146867,0.00084602198718632,0.000849132620061933,0.0008642184349937,0.000839456540792487,0.000838883751842113,0.000867429471364485,0.000849130673540798,0.000859586439561773,0.000855442479154609,0.000848072172170942,0.000802971672483884,0.000819771720808376,0.000837246798818575,0.000843879872877372,0.000857623647390744,0.000851846313189217,0.000810409437750802,0.000824496581916007,0.000836705425440018,0.00081790029247393,0.000841297875139839,0.00087247359595187,0.000833744683440735,0.00086917843461213
88190,0.000830294185114878,0.00084055765578475,0.000839164504547003,0.000843023347943625,0.000803432199029549,0.000818826671740035,0.000866073233235725,0.000835713619110418,0.000828114886329929,0.000845147676963289,0.00086577677924323,0.000798195129590478,0.000824306501481049,0.000834129082640523,0.000820672055533271,0.00083073801074442,0.000846165303676173,0.000842329043907324,0.000876860480450499,0.000851770265981805,0.000791061131604993,0.000831013616684366,0.00086566465560916,0.000879648559456484,0.00079914383274459,0.000834832722076444,0.000830318299205041,0.000820357982293773,0.000844445297419492,0.000848041371763661,0.000792755612680592,0.000859555701565812,0.000823745535133228,0.000842553701537004,0.000825554241689762,0.000839831985543836,0.000835065939941996,0.00082209447439095,0.000852425096958587,0.000837386747668047,0.000811589334181801,0.000843930952348359,0.000837979416867389,0.000817927694686376,0.000835358989251475,0.000856670038769436,0.000862796667999948,0.000865569687227354,0.000849434459116215,0.000843716760848191,0.000856015404978579,0.0008031080663996,0.000858462975737056,0.000890663847500935,0.000808166921991379,0.000795492850559706,0.000856895200176368,0.000872221437968416,0.000861334209576175,0.000830651071995294,0.000855127841612321,0.000853391485472874,0.000811878259895798,0.000811077890991131,0.000846336383935144,0.00083168239015017,0.000858684609533339,0.000849633023739053,0.00081712739643554,0.000855863141347589,0.000813212248947559,0.000827921675257611,0.000789151337112877,0.0008642184349937,0.000837660527654292,0.000841141243101107,0.00083019481997046,0.000836423212899888,0.00082203730073683,0.000840995395320371,0.000824368291582313,0.000865433386463418,0.000855034473705159,0.000863636886020788,0.000850931793820637,0.000778414553047014,0.000842984452973985,0.000854314994552024,0.00084747178749188,0.000835662151842213,0.000835937109780395,0.000845822853367732,0.000837537877673502,0.000885135272201072,0.000871170820708662
72361,0.000824476307941901,0.000826778022083361,0.000805618890373981,0.000832247861541338,0.00082095957282963,0.000815842337628909,0.000835155848738242,0.00080626284168639,0.000855681959776332,0.000813287805289686,0.000797186153519251,0.000811898050270143,0.000814036453265875,0.000825585861123721,0.000864320821439672,0.00081704237702984,0.000804318067366958,0.000828796006687781,0.000805745024161994,0.000781995395892276,0.000847769485031035,0.000863610086525955,0.000829838677959119,0.000816816519495306,0.000817275286692283,0.000830204113234287,0.000828915141960926,0.0008210265707064,0.00083737458320665,0.000833597844750655,0.000803830874916571,0.000852384199884095,0.000801470337735669,0.000812784254155874,0.000860585766757462,0.000829819682425765,0.000837394190703916,0.000804443291066886,0.00080761080215204,0.000838091025841023,0.000853178240361266,0.000801152619402883,0.000854823224241608,0.000820875940753732,0.000817831189763128,0.00084022372829818,0.000814276019042489,0.000834040683253222,0.000818677881874009,0.000879325462274257,0.000842408223685567,0.000765561809729571,0.000805097280391928,0.000811937144890873,0.000839519662671193,0.000817551577784932,0.000852493341271352,0.000837869332103814,0.000811919307267994,0.000854370405861522,0.000848698308968619,0.000772195014039533,0.000828747525242882,0.000823688289296294,0.000841767081322417,0.000797466536217312,0.000790786242667742,0.000840205750244029,0.000817852764741297,0.000836709967028165,0.000823673340843296,0.000808480599482331,0.000820948643736473,0.000868442720622998,0.000814312356857753,0.000800506400439217,0.00085501792089981,0.000816454346178458,0.000785643520029577,0.000844497718674125,0.000822173487824107,0.000780395149358752,0.000864112014054826,0.000841503264496352,0.000829776030990842,0.000854774399392768,0.00084261520879835,0.000806722711607188,0.00083441769341468,0.000836009909708148,0.000783214105346113,0.000824590263221464,0.000837537877673502,0.00084659233063082,0.000845767897977878
2499213,0.000788737919593613,0.00080101609820685,0.000805094740152528,0.000806893775888898,0.000800605203255342,0.000811365836462221,0.000815059548814879,0.000818502125810661,0.000787866959098182,0.000818454270966486,0.000801982700772676,0.000778130138595255,0.000809712222438434,0.000800344524824078,0.000785301503850499,0.000786129375216929,0.000824887047925725,0.000775894133920476,0.000776746488588041,0.000809905343928087,0.000815131583778637,0.000781137090541211,0.000801411543519412,0.000804916511926902,0.000779199233402127,0.000785180372678753,0.000815234358830805,0.000837406986815771,0.000799495757066421,0.000790955050712255,0.0008108257773814,0.000815843691315346,0.000828549989473877,0.000800249749995397,0.000828859102545206,0.000806190647067116,0.000794709593402048,0.000793552135398847,0.000789971132919675,0.000796890752721947,0.000796649630020245,0.000822712899207403,0.000825346561336725,0.000808240600465065,0.000803888621988306,0.000812813210846086,0.000831071628296994,0.000795614709659748,0.000810729552923776,0.000832405761571676,0.000786330143205275,0.000797380671314342,0.00083079187444699,0.000767676049414248,0.000821174973975558,0.000830648947074909,0.000806273822768689,0.000802443722930943,0.000799655754870344,0.000777994150812269,0.000791475468439675,0.000816935926870149,0.000774191603269335,0.000774393095921568,0.000779319945615145,0.000783915702976576,0.000764750026801987,0.000801318247077054,0.000774693350548741,0.000790245784882896,0.000792290065156085,0.00083998854987675,0.000794932665589894,0.00079240557929565,0.000779469701976764,0.000778834484352877,0.000835021534040056,0.000771978233935274,0.000809906040501079,0.000789773916271707,0.000801981293248608,0.000795446164775507,0.00082151740164485,0.000765312528864158,0.000795691746431728,0.000767017561055111,0.000793505733438937,0.000777899216302569,0.00081039816031263,0.000800886365248696,0.000750609089445964,0.000798136544350704,0.000815932894001353,0.000797906509699974,0.000780019156792318
2853432,0.000768790912143406,0.000805209899768143,0.000827109049453573,0.000789779768073502,0.000837921547474871,0.000806143251767752,0.000801919660403449,0.000794023557562118,0.00077408342237498,0.000797788408259284,0.000764089977470618,0.000755128807454389,0.000758902510215995,0.000794131272811858,0.00077627072469745,0.000813911946466507,0.000831979799842541,0.0007635913728118,0.000786412667112692,0.000767006720095266,0.000758423230352595,0.000814519017487417,0.000769869106675353,0.000774928492854521,0.000792797823862897,0.000788546633654867,0.000795590157413195,0.000780576971742445,0.000811616981431294,0.000757253487681907,0.000777599990673463,0.000803549688432402,0.000797976189124288,0.000803775079290531,0.000811012853925811,0.00078856899357931,0.000780740088830527,0.000753743083646704,0.000775668698406947,0.000773297433927263,0.000780094822706089,0.000779250112934799,0.000780078829018511,0.00078465463192622,0.000797913235799096,0.000809158475185807,0.000771353906503198,0.000748321203698549,0.000792759417905857,0.000791351023456918,0.000767774895987531,0.000782107617753652,0.000780061522081868,0.000803592840005935,0.00077214462418904,0.0008016968675918,0.0008330517977742,0.000774532636915954,0.000806148223786747,0.000777519764134944,0.000801762720669597,0.000817764462292939,0.000753733132529256,0.000749745499234205,0.000767642838938175,0.000755797724002049,0.000768323625058071,0.000779714078650957,0.000790288769122522,0.000788827031229605,0.000811009913811614,0.000811162127175473,0.00082672997221349,0.000794165698307857,0.000782702525625515,0.000782446470367267,0.000777100965204908,0.000791947100656703,0.000833590881913735,0.000777077994114346,0.000769059236875512,0.000805981875567235,0.000782414150907824,0.000795959081744146,0.000781587904545198,0.000769296959453491,0.000804583058707978,0.000791305493188438,0.000761314766582355,0.000812014616958621,0.000754771431901302,0.000788390437398319,0.000818231296519667,0.000821573228208024,0.000767566743688993
1325112,0.00075383065655575,0.000802813441733118,0.000760541971328983,0.00076949649955155,0.000821524971984472,0.000834121384059552,0.000791485043135548,0.000779106930035662,0.000818190739889224,0.000780566856003282,0.000807738557476786,0.00081532378044006,0.000757821452509135,0.000766948295258396,0.000802610497227175,0.000758346803967351,0.00081850357120059,0.000791887723361754,0.000779508253880798,0.00076804042187437,0.000823291059091736,0.000798809875395085,0.000783498554694391,0.000788732501633871,0.000801863550836744,0.000796962286095154,0.000775595166684557,0.000805314743009657,0.000831313971024213,0.000795425666216281,0.000764193094282542,0.000803549688432402,0.000816757237910464,0.00077713925794952,0.000807707993070368,0.000821409347806585,0.000807903014386262,0.00076651202477475,0.000794261863273494,0.000798299309067898,0.000784536356375741,0.000783014606234001,0.000780605197998956,0.000790551124060931,0.000803888621988306,0.000772976592149043,0.000798724528992021,0.000825665791572593,0.000787575725112227,0.00077291828389519,0.000781794416107604,0.000813290102106727,0.000794555908471903,0.000806858002786998,0.000792490551651472,0.000782395481269728,0.000779129026187759,0.000786877924961045,0.00079857367671761,0.000774673444070997,0.000787617748853454,0.000755624305583749,0.000787471663223422,0.000747452699542357,0.000790489352001812,0.000799499161203422,0.00078006544789949,0.000773822032716567,0.000805521503543424,0.0007934379806028,0.000771918465148597,0.000767587302161915,0.000815889981319082,0.000766707841717426,0.000784498538763711,0.000796894414424827,0.000797786882646032,0.000778331964255729,0.000755604208969623,0.000791087287529365,0.000802859214751891,0.000800714020171371,0.000797077869934209,0.000801066840557478,0.00077747428399496,0.000776135154648634,0.000777628233886646,0.00074907572099795,0.000768102895502499,0.000786280534879418,0.000796394856454683,0.00079395964137111,0.000804440881409785,0.000836449451270227,0.0007556124271098
2565555,0.000736377025036819,0.000738109074787464,0.000753203868228634,0.000737803892486,0.000759331064951924,0.00074981394542026,0.000749360106757729,0.000737799346116246,0.000775737446781765,0.00075387345000648,0.00077224410780144,0.000764916607939864,0.000768632029577739,0.000741706958958752,0.000772131617585636,0.000761085930710267,0.000733390548198796,0.000742676678927052,0.00074429574639814,0.00073806307028035,0.000775558128510104,0.000752467906222705,0.000775320885882968,0.000763028485286117,0.000751548766131895,0.000734265675415018,0.000749987546979458,0.000777568323885622,0.000738889635242056,0.000789235583210707,0.000729801490497134,0.000757447177621363,0.000765655314469007,0.000769305192849222,0.000750864386356741,0.000731298619743941,0.00075668149762402,0.000750738626910694,0.000753261551003673,0.000732449299894675,0.000738909692314774,0.000753583113167513,0.000772183294311846,0.000744221543002485,0.000745329837334054,0.000766398067960541,0.000739628866800244,0.000779357566985586,0.000753017773154692,0.000734377101175213,0.000751693681732153,0.000770652827583135,0.000742507884616778,0.000764773682497748,0.000737122945770098,0.000740346032496641,0.000737311366590111,0.00078741467661518,0.00074194492005787,0.000766608870556479,0.000794690234761525,0.000748996022201435,0.000764141828168945,0.000731976301622385,0.000756981132841812,0.000762911911453435,0.000750966147814234,0.000758502713287153,0.000755108406293295,0.0007668363496036,0.000723467092157815,0.000799095252556334,0.000731338052342703,0.000773748317766254,0.000772644852051622,0.000755356575259341,0.000779859087530391,0.000747924826293551,0.000716899712026989,0.00076744660489152,0.000756329375077916,0.000727716595400109,0.000753784985189644,0.000757650890644161,0.000732224457942344,0.000726558239483853,0.000753258118294757,0.000757454644051618,0.000749827163794418,0.000770283673046401,0.00079708858019724,0.000761588643279259,0.000752956664999559,0.000745163537024891,0.000763083874971795
2929509,0.0007521684059349,0.000774655059821584,0.000758969520664622,0.000766327238844995,0.000755938670022876,0.000759886073045308,0.000739698424102265,0.000747361286838333,0.000747619031866434,0.00076162314852168,0.000761212049118562,0.000750724297235925,0.000714038615381289,0.000765006654004577,0.000723591179638001,0.000759129411608184,0.000746157501649065,0.000732424378003155,0.000728415595964785,0.000754602298746016,0.000727417224162817,0.000772889790942737,0.000766753804271002,0.000769216489221687,0.000789624819422051,0.000757829502247821,0.000726835452451561,0.00073745301912798,0.000739394686257259,0.000751407298176642,0.000751952014969091,0.000765984679623407,0.000733334439813727,0.000739144042213076,0.000735662026421702,0.000744514859859796,0.000757457581211327,0.000752991969462702,0.000714644977819308,0.000777875242051605,0.000772826858519386,0.000736129553325759,0.000746917583250518,0.000745906255040974,0.000758874046029595,0.000763839752998345,0.000745849462820431,0.000756696095379178,0.000756473568350445,0.000736052804771734,0.000736437145130897,0.000776380222668393,0.000737896034401767,0.000778922721215685,0.000747796219193014,0.000785842157398669,0.000763355698444787,0.000764871107141534,0.000753487087020364,0.000757121137009988,0.000797262047819006,0.000800365218414366,0.000727531933160381,0.000767514696846025,0.000732103818616964,0.000755797724002049,0.00072952455827773,0.000769108395969055,0.000771066509019955,0.000737397211297819,0.00072566942729376,0.000736079351767496,0.000706044740255752,0.000751570818212444,0.000748578275999805,0.000759871557777328,0.000746761619624592,0.000797393155217093,0.00075098277649886,0.000735487904288507,0.000758963139587763,0.000720191087691731,0.000750991895851285,0.000733389036280836,0.000742802339357241,0.000769866809053087,0.000731103467756675,0.000744718681010042,0.000767058567976323,0.000774804525303558,0.000758240050614084,0.000770986674983345,0.000746980818451943,0.000780325518808279,0.000738677145289277
1873716,0.000695651884825979,0.000693774601139516,0.000712320150955264,0.000682024904050632,0.00069035236806128,0.000713628894322864,0.000698346422336883,0.000724412629105324,0.000726668056047168,0.000673362693209671,0.000707011065154859,0.000708147365124109,0.000710254913407278,0.000715688966157581,0.000730740546467498,0.000718042510464442,0.00068728766073949,0.000727913365596641,0.000708392797592293,0.000689479086662456,0.000675604555924636,0.000719478707828808,0.000666285301730667,0.000732564465911,0.000712566140144354,0.000716172022668401,0.000731044924183906,0.000685971711355673,0.00070303101316264,0.0007108278651401,0.000742042569810584,0.000715442667771306,0.000713243085298282,0.000698406903691529,0.0007416107759615,0.000725691729997821,0.000711668649560232,0.000706047332962533,0.000717028716904762,0.000701461060283747,0.000691264149313056,0.000713200366866983,0.000690069733362529,0.000704630810097995,0.000671235048587857,0.000714866295150604,0.000704171469485177,0.000712358433540554,0.000711893810325225,0.000679916734288289,0.00067417398224469,0.000703196841023422,0.000656859237766573,0.000693665693043498,0.000690760914339309,0.000727248663206663,0.00070136285219915,0.000743401040976158,0.000699743872101248,0.000676949788542139,0.000727823095267028,0.000716683140712656,0.000716764316981392,0.000729683501930537,0.000724488314262418,0.000693802661925682,0.00067898366865597,0.000720400816244763,0.00069852967844423,0.000714697152845169,0.000682723892142839,0.000722671713301785,0.000676415431811037,0.000700879390660879,0.000709065986959508,0.00068582584448233,0.00070263166241686,0.000711163958010919,0.00069725862402625,0.000697400137816424,0.000729552769227798,0.000748788016983566,0.00070769901110672,0.000680183215308634,0.000722821896684657,0.000661595385130003,0.000711533526448037,0.000716900656471863,0.000694999968670174,0.000717424477424255,0.000684011610160555,0.000681879411418678,0.000681706186931835,0.000662668118225402,0.000702814195551699
2044912,0.000678198253307048,0.000667413562754249,0.000648373823937941,0.000679489495485388,0.000665474805248261,0.000686396845558845,0.000643081597547633,0.000695344329310179,0.000677047323843644,0.000677668081273672,0.000671036960754171,0.000696891394565813,0.00066106678774513,0.000708699057643834,0.000675050741690366,0.000673825178757368,0.000702891714956486,0.000692235358381482,0.000669037642170499,0.000654333226172916,0.000678868346049876,0.000668816724581037,0.000670179429736107,0.00064878841262943,0.000698514263334891,0.000703969326629986,0.000665447323021531,0.000683297357705164,0.000693435043873782,0.000672311793105417,0.000652274654845282,0.000672072157600921,0.000688347276442188,0.000690181135336217,0.000684106197076784,0.000651600686924092,0.000647253711813777,0.000680885007798443,0.000678888891537488,0.00066695142980794,0.000689245270372305,0.000696431260352357,0.000674278663949199,0.000669251857289728,0.000662869507922964,0.000664065469472724,0.000681155264210485,0.000700042416363159,0.000655909928154018,0.000678241030691768,0.000700976006003653,0.000680923637914083,0.000668718281176602,0.000680967837783811,0.000692095073517174,0.000654868464498891,0.000702463316925404,0.000688652372254448,0.000661510444037984,0.000658448708126481,0.000686674086347337,0.000613944748286796,0.000671899249568936,0.000678095508863964,0.000685395391909085,0.000683300766164111,0.00071625119332656,0.000670514827333594,0.000677856681730148,0.000677100181032966,0.000712455416478092,0.000668370777515658,0.000720498061448295,0.000663212843799646,0.00069290186871575,0.000661444938885197,0.000689530581370814,0.000673949251848255,0.000653932694612854,0.000678137359370773,0.000689607340828442,0.000704387521504138,0.000677324164552065,0.000694229552045296,0.000697552513304624,0.000710032601095593,0.000652454458346488,0.000668302902760587,0.000661059324069452,0.000670477165523007,0.000699967256239351,0.000685708239149972,0.000675730340384219,0.000707972979369383,0.000682392238062245
2759943,0.000651602243373438,0.000687184341543199,0.000667767382131719,0.000673784826213589,0.000651905225532069,0.000666252590308748,0.000681728328169486,0.00067354310446382,0.000643415494239033,0.000674223770822471,0.000681109709986363,0.000702764074857098,0.000674580009080885,0.000669089576065932,0.000656989183384269,0.000635086100536125,0.000660335203455589,0.000663118823757616,0.000653847933060333,0.00065795118239978,0.0006931474278478,0.000652714853936397,0.000670958255337194,0.000701624446233148,0.000664517787182966,0.000683771760773297,0.000679829684773709,0.00068296306349885,0.000643940044383883,0.000693633190124617,0.000652274654845282,0.000659778154717977,0.000678738367760888,0.000676863224665711,0.000643125922469286,0.000680836612028861,0.000681401389655271,0.000678256108154434,0.000682702874074215,0.000678572019662038,0.000694090579830107,0.000673844300557145,0.000676910508851421,0.000675990705443684,0.000690356284393327,0.000676857044283701,0.000682399383414522,0.000655704754524535,0.00065349087151699,0.000649335143651785,0.000684894791748275,0.000682832769609169,0.000662129923726586,0.000687135367481373,0.000663077111398622,0.000674859186046752,0.000665781159383608,0.000653763514735712,0.000673052611000479,0.000683591202024682,0.000669957301473713,0.000690170007183402,0.000680513342512128,0.000686120307785431,0.000653410273619994,0.000679235516191891,0.000675410070399886,0.000686226949825301,0.000686198417246357,0.000675681427379676,0.000656295870511503,0.000681108034058083,0.000696650081480598,0.000671309391255799,0.000668116887408655,0.000674538388187361,0.00066057029695324,0.00067304157608819,0.000688593438143571,0.000668505970147947,0.000714189142920353,0.000681810998379006,0.000692337019745745,0.000704445069671958,0.000673458450081802,0.000661595385130003,0.000703779398759709,0.000655902096641158,0.000703354588879583,0.000721249813949542,0.000692336295071232,0.000664127573755405,0.000638496219587538,0.000666049078012266,0.000673426500627851
2482763,0.000636641987785782,0.000684787883508175,0.0006724847341248,0.000687729573322431,0.000682436779893501,0.000648719627405886,0.000676317785882427,0.000636442774462122,0.000641210128363321,0.00066561299469447,0.000640818713057593,0.000630334351264584,0.000693498518950942,0.000676079484579679,0.000664138550213766,0.000673433874936951,0.000641894048471867,0.00066968029634891,0.000655228815706712,0.000648131015498291,0.000662141421658022,0.000653893039593322,0.000652266440911086,0.000680680432912755,0.000648199478630042,0.000673672977844953,0.000681934420639882,0.000669925589452617,0.000657071370779162,0.000655804905090552,0.000683168807398275,0.000645435151354543,0.000663888236162516,0.0006792134441958,0.000659650226746503,0.000661612990042164,0.000668984052258364,0.000695531734386496,0.000677458648086215,0.00063138538207267,0.00067511311778705,0.000678977700510602,0.000671120450066533,0.000675148349424439,0.000659682635288719,0.000670643993661226,0.000641343449681288,0.000674917741321272,0.000664549416143402,0.000665673253717863,0.00067005059397408,0.000649104776329313,0.000660153416491581,0.000700558814470186,0.000668080208315614,0.000684509879207788,0.000644505508009366,0.000667719057743206,0.000673413303718057,0.000649909747934639,0.000623021713174691,0.00066117126738578,0.000653235381525355,0.000633385914872933,0.000686410792489691,0.00064976245389329,0.000664689275631634,0.000670514827333594,0.000661173210697732,0.000668942347526545,0.000695387319174521,0.000677756124441656,0.000673524767572529,0.000677645819699745,0.000662728847994069,0.000654220966856416,0.000665397011022836,0.000661241791207345,0.000653355015554009,0.000664128065955753,0.000641321658147902,0.000658481924483035,0.000666850079533219,0.000664434292300862,0.000675809090396224,0.000667293881125954,0.000668701202074414,0.000651880213575397,0.000665758797937244,0.00065517581942186,0.000647937975547626,0.000682575561915277,0.000631141331528934,0.00065049666299269,0.000653004543138397
2911495,0.000638304238406633,0.000684787883508175,0.000669863983017533,0.000658572374822125,0.000659255414545006,0.000692738555544986,0.000668974907064275,0.000646769670441976,0.000656096348024378,0.000695320172336073,0.000666240413500746,0.000638164591652964,0.000671877364813734,0.000672972858573569,0.000638175060148752,0.000663651279426536,0.000651114625963728,0.000655327075055455,0.000644872195858871,0.00063779399770725,0.000658061684001472,0.000674314924313353,0.000668232365733387,0.000664972422922461,0.00066134478274212,0.000673252195222939,0.000648258646781122,0.000687308888180928,0.000651010758596726,0.000669904538603249,0.000668596093929882,0.000649874652395606,0.000646417493105608,0.000651794216344758,0.000635855228587311,0.000633578541311564,0.000654238464099537,0.000636944828034285,0.000679365639354579,0.000659204369905208,0.000669056480964798,0.000650572887434806,0.000657961225555425,0.000663355365155017,0.000665658021477928,0.00066296904877464,0.000647564045701475,0.000648315144218098,0.0006631670980651,0.000645983736458744,0.000658092767989312,0.000640195495085577,0.000667400609686598,0.000667907186659561,0.000668747287904546,0.000630052396370512,0.00064377186485853,0.000668255809397341,0.000635179875654793,0.000687860682120603,0.00065774118945068,0.000694312684297348,0.000669027885254539,0.000685547107862469,0.000668133582038782,0.000673815182895596,0.000686641379204721,0.000670122024271301,0.000668064209602426,0.000665750151806641,0.000677768638086964,0.000667700395592373,0.000668466105155138,0.000676941772094862,0.000662728847994069,0.000644739503568642,0.000681945744975735,0.000648534330566435,0.000652777336495163,0.000672446083920921,0.000686095654815312,0.000651708967545495,0.000682212070894194,0.000673372870224192,0.000660529928352483,0.000640510949944981,0.000635469226267292,0.000642160662833142,0.000641217101072107,0.0006565668508856,0.000647937975547626,0.000663083348010506,0.000651826954193757,0.000620744216868285,0.000691856072020773
911092,0.000667393624271519,0.000687184341543199,0.000687685090546951,0.00062307665490871,0.000669997998486992,0.000663641297961513,0.000667042570533182,0.000633382953431054,0.00067263659209222,0.000639350127504068,0.000689263840317186,0.000648441782162712,0.000667553133986292,0.000673749515075097,0.000656989183384269,0.000653086076275288,0.000655370277113817,0.000592582993401209,0.000641419989242924,0.000652265822614707,0.00068172416240946,0.00065192939683178,0.000648372312905646,0.000660688420197835,0.000613296429780732,0.000658524803452437,0.000652117329202438,0.000644184935566463,0.000663637033976802,0.000667497284101081,0.000671510636623561,0.00064475215119438,0.00067742806203162,0.000669420862820428,0.000673530642339366,0.000667620371913007,0.000675192720956818,0.000662482710290377,0.000636935083633486,0.00064758378005111,0.000660980965201795,0.00066083968734172,0.000632695514494096,0.000661249475106905,0.000598733696158783,0.000641771581945021,0.000643831688089363,0.000662109083456781,0.000654527610075717,0.000652267624945697,0.000658092767989312,0.000712106122267158,0.000638411836906529,0.000641060292681936,0.000642064104347258,0.000632120402047877,0.000670916661439459,0.000628536186991394,0.000655378667839159,0.000668885215027621,0.000637166684990835,0.000612287677441217,0.000654671063682553,0.000635105514641819,0.00069453399713454,0.000646035974752088,0.000632526891326877,0.000640661794599351,0.000639412161525014,0.000662203267673414,0.000648037113751711,0.000654292757126663,0.00060920748826571,0.000647019748887341,0.000668835292663933,0.000641579015806051,0.000700563070672747,0.000643088276006045,0.00068743808002588,0.000654058886313708,0.000636054129128206,0.000615586530545283,0.000660216492354616,0.000658049593784198,0.000673458450081802,0.000694076812306928,0.000662424051088624,0.000636462995156647,0.000679857219540621,0.000644047567711934,0.000621576473330484,0.00065403339155472,0.000660101203259686,0.000661315734310656,0.000674422693676117
1532905,0.000649108867442162,0.000695571944665784,0.000624262913751081,0.000668714009083101,0.000636639448351353,0.000640139666836401,0.000632260512973514,0.000663981163741733,0.000617502445199415,0.000629017196150466,0.00065952524734595,0.000658718972672461,0.000623229768005016,0.000664429637056767,0.000647958404231221,0.000660129545042787,0.000609267389654512,0.000659838087461969,0.000663514111584984,0.000669321901969925,0.000654389920110577,0.000642503911576381,0.000660444109722508,0.000625464397795357,0.000647746192281349,0.000664836542782652,0.000647557068159065,0.000645522112391718,0.000653030962657538,0.000655461011590243,0.000616134325443666,0.000638263649672826,0.000654279327481217,0.000672554488860547,0.000652379532864528,0.000643590844429635,0.000629403789305723,0.000675251651418423,0.000641702561804395,0.000665895012548476,0.000637158193700936,0.000617034674405552,0.000664804022301201,0.000639769396616172,0.000632992576976917,0.000654928630322026,0.000699194992669028,0.00063747704910199,0.000621006396676907,0.000663997550121342,0.000637475826636264,0.000629377082146755,0.000658835745001578,0.000665367615607623,0.000670748526671343,0.000697607248497766,0.000637169076501006,0.000650006253156771,0.000653575204251269,0.000646114654516043,0.000660955955772531,0.000616430354555164,0.000616984407056091,0.000648289112869943,0.000641733166943025,0.000662296974640971,0.000656010537009715,0.000636733763976424,0.000649930001958494,0.000645178223833926,0.000651340616455628,0.000640214736737667,0.000633055468233407,0.000661452724787439,0.000656622403324205,0.00064925448608663,0.00063505766544252,0.000662603304847442,0.000625626420729435,0.000624289137806793,0.00065800216671027,0.000612576327461932,0.000658121675350847,0.000640598084505316,0.000681685691182278,0.000655327039534456,0.000662793295264259,0.000646182545898903,0.000618764059259321,0.000656219093019665,0.000659037555428527,0.000655425692547918,0.000649528551675444,0.000695801524136672,0.000647525481372933
85698,0.000631655235923231,0.000618885287545008,0.00062111801242236,0.000632584437028374,0.000629854658493256,0.000624098870989102,0.00062028002648074,0.000643709849410908,0.000671533909154363,0.000594574091638463,0.000657126973719238,0.000626419231070394,0.000615121835203563,0.000630256750989557,0.000654731488596007,0.000633520885254459,0.000635510571746732,0.000645484866168514,0.000633134693364652,0.000628490681695312,0.000633175284296519,0.000640932997367148,0.000656939394517613,0.000661640420803308,0.000626895020241502,0.000635802541863663,0.000625106552253225,0.000617441399061369,0.000632323871034213,0.000632420147069494,0.000669761911007353,0.000649874652395606,0.000634187972965772,0.000644351854499476,0.000638499117271666,0.000635180509810455,0.00063483637441687,0.00062417588690624,0.000621202405669485,0.000616243401353693,0.000640388400006137,0.000625590340994648,0.000655855749633647,0.000634294082491083,0.000638967963166126,0.000626056218605821,0.000642587568885325,0.000624175750550403,0.000668696370378306,0.000605347924243116,0.00063170308305741,0.000641468249548968,0.000668718281176602,0.000628362437422248,0.000649735519619978,0.000623848379338417,0.000639003184378096,0.000665572051126669,0.00062327701597472,0.00062192093397249,0.000621735806645951,0.000649571771466731,0.000661131633389947,0.000624214716105542,0.00059400933965454,0.000620289391594689,0.000624869180778125,0.000653624295655009,0.000624904795409869,0.000645178223833926,0.000650239448887656,0.00065161122943352,0.000612820818563846,0.000644203558467809,0.000667398482153377,0.000644288005316843,0.000648848277069936,0.00063673454568559,0.00062504874167059,0.000623851347387573,0.000640443736644619,0.000665254881420575,0.00061971669694841,0.000632085153149763,0.000664055888824116,0.00062284561235753,0.00060851440144596,0.00063411689670162,0.000643827919887547,0.000632919316002009,0.000679849267705217,0.000631408500415254,0.000636197817069224,0.000636972823845233,0.000630092103028277
1712516,0.000579294341366436,0.000584735760545913,0.000604345205335849,0.000561592997201543,0.000569356948925233,0.000580079942850002,0.000577768622796702,0.000566449368376444,0.000572292444747315,0.000594143552832063,0.000564073957002791,0.000574054498473103,0.000603770729281529,0.00057239584162576,0.000589634622201117,0.000580303565677803,0.000566001602961933,0.000586431612846871,0.000582732476771828,0.000562333767832648,0.000582178563589647,0.000567885486637804,0.000575162706403387,0.000596904379631185,0.00058972553964873,0.000555433061058925,0.000572137366287884,0.000572980269621649,0.000602525861137233,0.000585306737527069,0.000572999093577222,0.00057337863445729,0.000576971289454397,0.000594997244367601,0.000607433425230498,0.000561489958861449,0.000585943108416549,0.000596760219190141,0.00058306258030221,0.000574338850061642,0.000581033359148065,0.000574940794787203,0.000561109333153666,0.000577856229201703,0.000576425587719068,0.000592067176965224,0.000585358085499604,0.0005773748852763,0.000576772218171262,0.000566387815624009,0.000578511374366544,0.000572103131294169,0.00056791641219136,0.000586640912997561,0.000561013934291993,0.000582488265791119,0.000574442587104534,0.000558758471953921,0.000576747655407163,0.000577328586303982,0.000570942498760708,0.000555947268691552,0.000576426386115231,0.000569760723424159,0.000567608924558783,0.000572522704421095,0.000581475487668533,0.000577027698507938,0.000576305118924134,0.000595521845968753,0.000618856173200444,0.000622114424808958,0.000577410181642114,0.000593160107113803,0.000557841680723463,0.000589205218597394,0.000555761648584876,0.000557766754559936,0.000537819203784953,0.000578321143788761,0.000546945096545028,0.000584731948940935,0.000569790225025243,0.000592074375778667,0.000576494537111909,0.000564151103599227,0.000595590855298746,0.000588200398367518,0.00057646879444919,0.00056301998494904,0.000586890286202667,0.000549958892313176,0.000558052131446559,0.000572734587894812,0.000559860493125521
35703,0.000563502960468356,0.000563766752739451,0.000573420342270095,0.000563494553625476,0.000535998398789593,0.000528600179433088,0.000543759499849471,0.000562242114458725,0.000569535737402674,0.000560130987126459,0.000554960517221283,0.000556925847623522,0.000556744719033102,0.000546766177075352,0.000556521765306606,0.000550564475326142,0.000541886246444758,0.000560185722481697,0.000563400119722525,0.000544760837587878,0.000546276872212009,0.000555710901516246,0.000576330944805019,0.000582148370246364,0.00057794009458273,0.000557957756791011,0.000552142375559246,0.000547239615735496,0.00058535412662033,0.000549197919994553,0.000563672556957451,0.000551864129412138,0.000567362380773098,0.000522532142189848,0.000554555651543403,0.000558686513988389,0.000530065090130467,0.000556575610345997,0.000536341294227299,0.000566239651072422,0.00056609365498651,0.000549958248347045,0.000560582964173222,0.000549637302557014,0.000552125683882949,0.000538342562759121,0.000561097761020874,0.000574911681840821,0.000582992649523619,0.000544184742970109,0.000554183383569947,0.000556193700501783,0.00055539853303633,0.000562696385936436,0.000553008979224807,0.000540438817018032,0.000531524462780632,0.000571640511653147,0.000565566181162246,0.000583495613109201,0.000586373377105592,0.000526119993471141,0.000555967915375151,0.000581224721883397,0.000555931817881813,0.000555922933701193,0.000545739505107693,0.000564458000514572,0.00057993196045292,0.00055118579430342,0.000563797794801828,0.000547702031324266,0.000541276878660755,0.000530147846476787,0.000551016830798321,0.000545409888172913,0.000581274280095597,0.000559128268200034,0.000558615649903383,0.000570003125823593,0.000537726920760561,0.000540331453461508,0.000557919595337217,0.000530355623450913,0.000560627714989563,0.000547055615611372,0.000552020042573853,0.000551333136931377,0.000567592010476694,0.000550152943909438,0.000537635900481167,0.000558660773520663,0.000564487658497838,0.000551772637216253,0.000531967087774071
1325115,0.000541062577086873,0.000564964981756963,0.000531488324553817,0.000542577432962213,0.000541086991183166,0.000569261731697172,0.000543759499849471,0.000545795576416735,0.000537557932204848,0.000545062128902458,0.000563114647552106,0.000551542557356511,0.000558906834446823,0.000542882894567715,0.000562542284741972,0.000552520994428225,0.000556781025470072,0.000532709556005654,0.000560638354429768,0.000571120232955033,0.000560963927775588,0.000542750859290072,0.000543230856758785,0.000574056365099848,0.000595618262181731,0.000539864104044394,0.0005454773786497,0.000566294385495376,0.000553535912662538,0.000542663943488669,0.000564838374034922,0.00056962213357639,0.000561684389279603,0.000543684117960652,0.000533404542068565,0.00055468159274116,0.000551795430575055,0.000558453395806004,0.000553980963459664,0.000556027617564275,0.000547519968731603,0.000523949021916196,0.000572689450723442,0.000557218506730214,0.00053340280715676,0.000550037716872014,0.000571672774255192,0.000555698695044084,0.000550853754203111,0.00052449522571099,0.00052985539277335,0.00055110268264822,0.000565281069211354,0.000557980039697124,0.000556677916963934,0.000535613470437514,0.0005553678651828,0.00055500121037498,0.000547892238000926,0.000549339772341834,0.000527221676783536,0.000546833379040871,0.000564223087779043,0.000568041123655273,0.000534608405689086,0.000567779912786837,0.000562586468314946,0.000531462543281987,0.000544026229317936,0.000573531164342748,0.000556640205610008,0.00056043928786669,0.000575242183463233,0.000543876774772003,0.000549939222915404,0.00052825295460456,0.00055024540393391,0.000554136051519676,0.000560926366138764,0.000577007772531103,0.000571087937885298,0.00052603298881559,0.000552333416660499,0.000550361012136461,0.000540647272316979,0.000525401330826755,0.000553127775100757,0.000531223721602573,0.000571769320581398,0.000540415723663253,0.000522373978144927,0.000565274203238353,0.000528172898708482,0.000563267900491592,0.000578290064518443
2932244,0.000508648689980286,0.000535608370827916,0.00051523966768876,0.000533069650842548,0.000510555436821733,0.000521512385919166,0.000499702226940559,0.00052437682919926,0.000529287810170927,0.000505452558713653,0.000521384686447308,0.000520710985827265,0.000530799334068453,0.000504438397742104,0.000542975596577034,0.000516129739129482,0.00053833987048635,0.000538860936559992,0.000517140551068838,0.000498244257528192,0.000504663548115202,0.000499157989983851,0.000528822583138659,0.00048885231091007,0.000496801838166801,0.000517983407699649,0.000494262139239503,0.000503781368914717,0.000524748004795964,0.000508274593457701,0.000493723532309163,0.00051942162180437,0.000501847094309692,0.000526449174739997,0.000502338850027397,0.000494607774032731,0.000533169424479694,0.000535544413193922,0.000513934146824025,0.000515531622618175,0.000518851887772942,0.000509917728710079,0.000511630648991898,0.000513415993729502,0.000509102903320642,0.000511297518873055,0.00052937272131792,0.000497567093966777,0.000498671246747233,0.000497265042267529,0.000515011194999155,0.000505283521966151,0.000544857161116305,0.000538751858875311,0.00053900030785723,0.000530788123856996,0.000516484778188496,0.000510450823081824,0.000511462273525551,0.0005313130786035,0.000539437788806569,0.000507063678746989,0.000522947225759584,0.000548552326274567,0.000501100186529087,0.000524417246416482,0.000492646045303016,0.000530676937157402,0.000498690710208108,0.000533096685223964,0.000504885329915309,0.00050077529669428,0.00051959689687194,0.000513954751564482,0.000532338294161089,0.000480845638165689,0.00050818403847029,0.000520098210517239,0.000532620092255346,0.000505647934198349,0.000523241215956399,0.000582474296628422,0.00051951461693478,0.000504391182816478,0.000497748086578784,0.00054021742041623,0.000512141671605308,0.000527872152381106,0.000546705459953172,0.000524766619696171,0.000518905359432145,0.000528726302166908,0.000504729193021682,0.000495648704754306,0.000504571778946755
39483,0.000464599048527745,0.000468507545847238,0.000449196739785623,0.000436724125363276,0.000460800311195695,0.000453991826654953,0.000460282561706269,0.000439084317958243,0.00045761341921028,0.000464551372105649,0.000457110953251412,0.000444366142040561,0.000463233227389678,0.00045007244263518,0.000450786392722998,0.000482868914394072,0.000448261921142784,0.00046094344953838,0.000477094954323854,0.000479637625504317,0.000447955194689161,0.000448103278183772,0.000469631837455982,0.000466004296378732,0.000460085643922722,0.000451920536043398,0.000471460834022634,0.000492081071693738,0.000461616627895584,0.000449812698405056,0.00047507045906962,0.000481173612835212,0.000460790848125957,0.000452417259542185,0.000442190382458327,0.000450553640313217,0.0004873804928286,0.000450668510401617,0.000493910738506206,0.000448977335271976,0.000468783690042324,0.000452423649231359,0.000473205713419461,0.000466244056651812,0.000468470277234018,0.000444781329855974,0.000458457926687788,0.000476383544421657,0.000478282055092287,0.000452021045161469,0.00044079020612818,0.000442918553260001,0.00047172639342113,0.000456397197619624,0.000466622172458085,0.000447378561536611,0.00046512975762998,0.00041866629022484,0.000466014991110728,0.000474386677324554,0.000477071322162663,0.000466465443030319,0.000432140329316773,0.00046027953813843,0.00046809966765939,0.000448871351099379,0.000449252352193424,0.000451723521636575,0.000447189560499344,0.000461094937319464,0.000440467027188928,0.000443792833215011,0.000452388953326613,0.000448126300507935,0.000454750526591052,0.000442919785014592,0.000459916897774333,0.000437499716351325,0.000434414652251649,0.000453113083892027,0.000450373731183947,0.000473354434856948,0.000455971834487112,0.00045033406870872,0.000448972300054535,0.000430806297293955,0.000471894056461127,0.000475252515604068,0.000478824170751728,0.000453476257179461,0.000455082775116962,0.000476515014921986,0.000460140184166397,0.000447639075780833,0.000451773547388654
933262,0.00039810902369372,0.000424173072199289,0.000421940928270042,0.000433554864656722,0.000441576739931089,0.000439443197863217,0.000428592242596349,0.000418430525998534,0.000421224882261029,0.000432260961625646,0.000400511695660995,0.000401789209928745,0.000418909861408402,0.000429102717093938,0.000446647285611184,0.000438260278866581,0.000430530041350744,0.000428136086581912,0.000432906709639735,0.000423817729432694,0.000428372453937722,0.000406474051639092,0.000422512888590166,0.000434588276398144,0.000420196445237796,0.000419520274148294,0.000424455066344782,0.000418536346304729,0.000429293362922589,0.000410608839369753,0.000416196696657311,0.000438144602744909,0.000421044907671491,0.000432440393536426,0.000417073439956957,0.000416511809711774,0.000414428635621771,0.00043189065580155,0.000410003122698202,0.000413411287536706,0.000411851303913153,0.000442156849324445,0.000437938991729691,0.000431286281853166,0.000393180411249979,0.000415177971007713,0.000399984324098029,0.000431553241895938,0.000421952593401505,0.000411804158844971,0.000427595363662229,0.000399008524273019,0.000451302485326081,0.000417940835975999,0.000426930936916618,0.000441174544504516,0.000417076131250227,0.000418129538570705,0.000437880959139647,0.0004250504628828,0.000402488743495724,0.000427524278159226,0.000417424587205488,0.000429326742298486,0.000434083748209087,0.000404492372235969,0.000420153052108168,0.000454473143072623,0.00042434045886799,0.000424562030747229,0.000409634335285703,0.00046189314514372,0.000423482310941525,0.000442845943471314,0.000422422290103537,0.000394157973820325,0.00040682304300878,0.000408000254149213,0.000424594108251279,0.000425532287481208,0.000435888026379785,0.000444757505565113,0.000431183166609176,0.000401810359982072,0.000421939936438686,0.000414280658905695,0.000443462254937256,0.000433693057257873,0.000407809898971755,0.000418352712720009,0.000453001603889293,0.000426044103918562,0.000404978523726869,0.000397600870935241,0.000412922018506278
1299,0.000423873908316905,0.000418181927111729,0.000408837172733705,0.000404397666156416,0.000426310962750373,0.000387590392682413,0.000398447792711304,0.000400836555069894,0.000406338662599972,0.000405567555628843,0.000401950659837023,0.000429684441312348,0.000432423082744157,0.00043764593861074,0.000404127367098915,0.000412825530539502,0.000441169169225968,0.000419114061768883,0.000403908174065781,0.000391772974280466,0.000394510631388359,0.000422575922283732,0.000407715202169497,0.000416500264894168,0.000408411000171796,0.000417837143660237,0.00041673770150215,0.000423885053605747,0.000425252954800964,0.000417142815875637,0.000384719635565582,0.000428241100422538,0.000408815387531655,0.000424214625181114,0.000401210107850829,0.000415710825462328,0.000415204719209078,0.000414990586661489,0.000391886705648747,0.000421862625612414,0.000420330595464306,0.000414436489575776,0.000421095184355472,0.000386220234823587,0.000378042766237315,0.000418832706667992,0.000430465244596946,0.000406921207541147,0.000416423321088299,0.00038792538259455,0.000396669951632656,0.000385644602407415,0.000405842818920972,0.000395810288237686,0.000415257044110304,0.00043565986269821,0.00040570466241227,0.000437452598119544,0.000405057921840052,0.000428845556301397,0.000417919621840608,0.00040266821547555,0.000414553222891091,0.000409264744994818,0.000404129431081209,0.00041702689298365,0.000403306088900914,0.000403801548036869,0.000399315252319365,0.000387319747348349,0.000436612940701025,0.000378765786656316,0.000386626341900539,0.000406939515622288,0.00040949099550853,0.000404090935359898,0.000408891634752893,0.000405277226869018,0.000403219983074004,0.000414587527000724,0.000387602343699245,0.000416160576273278,0.000425946124099752,0.000420964455532065,0.000414300355416816,0.0004137108093061,0.000419092139345367,0.00041660005422839,0.00041720884670734,0.000404790155948537,0.000393341362029447,0.000423259501932166,0.000424285104880704,0.000424648549230155,0.00042138965941654
876,0.000417224905833502,0.00038463151462139,0.000399402468747543,0.000403763814015105,0.000387863820221162,0.000406242480876947,0.000397288390792648,0.000396246823523292,0.000417916833447461,0.000411164560112043,0.000416819956322641,0.000426748101166706,0.000418369332554972,0.000407356335051168,0.000400364542451811,0.000401086415927005,0.000392938456191618,0.000411322313066722,0.000407360380681728,0.000416064966089413,0.000393694683857049,0.000404903137429859,0.000421344650188534,0.000389368247638205,0.000416570154448258,0.000411946186952036,0.000401653761127914,0.000395804340275398,0.000385858975615127,0.000390663016351792,0.000424357416199611,0.000406726595377387,0.000408815387531655,0.000400712429880221,0.000418395384299135,0.00041450934908816,0.000404339548986784,0.000384946019301381,0.00040380540107602,0.000402494975855584,0.000408217321819801,0.000408960862958755,0.000389513045528811,0.000400961465160366,0.000403537747311275,0.00039288408348001,0.000431087304198964,0.000416774021283063,0.000396725288472504,0.000413060936542362,0.000416874554158643,0.000402190410431496,0.000419678369566005,0.000410684918684749,0.00041392288493244,0.000434970527472421,0.00040387055453518,0.000437452598119544,0.000406500692710364,0.000376663021795696,0.000421134388162459,0.00038278336532861,0.00042532083907008,0.000414423544301476,0.000399052428178178,0.000387892601516067,0.000393606322205829,0.000409300790908966,0.000398952568166487,0.000401861972294579,0.000387060400142271,0.000412284882820592,0.000422759644881898,0.000408347610832054,0.000395482093030607,0.000398672956338313,0.000412339287659747,0.000388939063187848,0.000376069067308276,0.000397513700651169,0.000411745185039515,0.000401109560856523,0.000399062639218047,0.000409471998202069,0.000403722474001918,0.000404593215712577,0.00043349266219512,0.000399507051198907,0.000378568728238825,0.000395052935702353,0.000388485295831553,0.000428132555408358,0.000377397693507105,0.000403686598551597,0.000378055261816966
2782643,0.00034325475320565,0.000379838598551341,0.000406740571847892,0.000394889884036751,0.000380513631208224,0.000398781645599133,0.00039149138119937,0.000401601510327661,0.000365539393899296,0.000361222058569638,0.000391398255879488,0.000392980189491817,0.000411882986313809,0.000415511228317207,0.000397730565198839,0.000372129933216177,0.000372369475632851,0.000393278263440664,0.000363172135997608,0.000379885403820768,0.000393286710091394,0.000387230352575985,0.000392917515748827,0.000377468240069801,0.000381213819250255,0.000406476012865849,0.00038586824213162,0.000391792809799634,0.00039798019998,0.000401323714861392,0.00039171453803041,0.000389310091293216,0.000379551892911333,0.00038778622246473,0.000360229833243331,0.000409302951466762,0.000396578713113717,0.000377059320369353,0.000363281836623291,0.000383127326098753,0.000361379330394384,0.000364813623359023,0.00037845929693948,0.00039043201491981,0.000378839484395877,0.0003822853500652,0.000389409310863711,0.000401009519295997,0.000387740220963545,0.000381641494107598,0.000390897208053802,0.000400917655968105,0.000354453630810849,0.000374768128093061,0.000397245895209134,0.000390163737796181,0.000388464048367626,0.000397732975713598,0.000369349342799834,0.000368124061603854,0.000371626986805956,0.000372840940255139,0.000366816791164238,0.000358823151774168,0.000353359402050906,0.000374002997444313,0.000382885527437577,0.000385732607171406,0.000361958784572867,0.0003834181748018,0.000362284129862894,0.00039016227935217,0.000380122347363895,0.000398490944363694,0.000389016445733104,0.00038512800878435,0.000411649757078376,0.00039302360410814,0.000379535141661347,0.000378688712624737,0.00038935818670581,0.000413150373189927,0.000393825596708624,0.000381804971296524,0.000386092671643756,0.000388637426923912,0.000365920978053972,0.00039816642351032,0.000381701710817353,0.00038879329411552,0.000378079439693208,0.000391932729585213,0.000395325233149951,0.000387457991574648,0.000382040034010031
2496867,0.00038397989341649,0.000395415575778999,0.000387347013654113,0.000364464981253823,0.00040426039571156,0.00038050259916849,0.000393423717730463,0.000372533210532516,0.000370501467119649,0.000403414861596843,0.000378927233020582,0.000354807767598465,0.000381613370521718,0.000372795120733195,0.000389828633439922,0.00037291254085701,0.000381590053124712,0.00036006080844724,0.000378361845107774,0.00036282932446555,0.00038390331348133,0.000359739353914404,0.000370331573317279,0.000351764223722046,0.000367615228789485,0.000369026359506573,0.000393936396285282,0.00038510692567336,0.000381313516478299,0.000388943548850244,0.000384719635565582,0.000387944090972889,0.000401390321732469,0.000398753913605147,0.000356924972387888,0.000388076868856451,0.000375624456256437,0.000375181534909346,0.000391886705648747,0.000381014491579826,0.000373492604038888,0.000376791556583757,0.000363720965487039,0.000360528376236631,0.000377246048078754,0.000380823455801089,0.000381944595639487,0.000378348047689589,0.000374608199219681,0.000362789828646739,0.000372341960836058,0.000399008524273019,0.000375536374650899,0.000383112432977999,0.00037022917185738,0.000374998362828839,0.000370489791172145,0.000400953485638404,0.000371152806387724,0.000395638488888678,0.000378699472714028,0.000379469223637453,0.00037471304302883,0.000367421150618597,0.000380267517436966,0.000377390705754497,0.000388501181839995,0.000380233364299308,0.000394963042484822,0.000356107166975955,0.000361182962294921,0.000384799223965886,0.00036855969040986,0.000400955110980784,0.000376444353765737,0.000347202155633253,0.000370967452777498,0.000387577549547751,0.000369714597660978,0.000387006730589905,0.000390675068960734,0.000392831502377308,0.000388937690366495,0.000368609927695418,0.000374927130150253,0.000386927878125126,0.000388814116943323,0.000375040595882195,0.000374391418134121,0.000371405400818761,0.000371835926010201,0.000371744365183843,0.000363607278397223,0.000403686598551597,0.000373074296575636
1679497,0.000346579254447352,0.00038463151462139,0.00040202321985481,0.000370803502666933,0.000377121236279176,0.000363342678029519,0.000370235679357351,0.000376740464450234,0.00036719341830608,0.000373277145148839,0.000359741044006882,0.000351382037428549,0.000354046398996778,0.000382114998751525,0.000378163877033901,0.000363521249167012,0.00038513642908312,0.000370723201408092,0.000320364773959867,0.00036282932446555,0.000363504625198581,0.000380553967186744,0.000374225701322718,0.000386988246124525,0.000375321096717255,0.000356823663468158,0.00038306192764339,0.000367055038532422,0.000382828669523909,0.000377595063340024,0.000342167312237873,0.000362331584966757,0.000369506215653611,0.000349007600218257,0.00037080538798075,0.000343221750887491,0.000353894115811849,0.000357530351585283,0.000376630775501837,0.000346857000190507,0.000359764227241783,0.000364813623359023,0.000371090131213259,0.000363897800313609,0.0003680837892553,0.000369859248820251,0.000357684271160757,0.000381303891812164,0.000347998576212379,0.000390857863888462,0.000369455589046631,0.000366553285456553,0.000363677331240871,0.000347921234115437,0.000371563331035244,0.000342599607216788,0.000382961724736356,0.000365527876465533,0.000367545879211944,0.000346776661124249,0.000342694089909299,0.000367041192295615,0.000371841678714433,0.000351944752698625,0.000360974906405451,0.000364517414175798,0.000375738330925409,0.000374341318364918,0.000357243890585445,0.000364619688895699,0.000376048724462548,0.000374743495116603,0.000354829035276944,0.000359064278490254,0.000371774719606429,0.000381967521021759,0.000382689472660802,0.000373962413146776,0.000377802104484811,0.000393135796458976,0.000363020541607334,0.000364987123856311,0.000357864571477251,0.000356691823797644,0.000381979051093518,0.000374961036533628,0.000357797606190009,0.000373029654349315,0.000379090892001913,0.000346714592337364,0.000367673583554862,0.000369655913694046,0.000382913859551058,0.00038542941570253,0.000375066682672168
1007676,0.000344917003826501,0.000343292613517222,0.000329690489294232,0.000353055642710225,0.000373728841350128,0.00034730188218222,0.000354004052496173,0.000352644373830575,0.000352858540113951,0.000347875355571237,0.000354944496753457,0.000350892647404275,0.000381613370521718,0.000353767036445771,0.000362736295980776,0.000360782122424096,0.000343289192773904,0.000353499335855946,0.000366624342613555,0.000372132640477488,0.000361056782604651,0.000354241154182088,0.000355923299697154,0.000351764223722046,0.000341777906914022,0.000363976968042401,0.000366224040714011,0.00037507809948395,0.000380808465463096,0.00033942288480565,0.000364317836709831,0.000394091092414361,0.000318841060788577,0.000359583588103659,0.000340400668110671,0.000381668994860885,0.000352341948637236,0.000336874711525209,0.000359467854086563,0.000354956199179727,0.000362186881970684,0.000358311316751311,0.000345824420151931,0.000353789528082676,0.000354141221480478,0.00034719988772652,0.00035644015195672,0.000344355840279978,0.000359748279877941,0.000337235348799798,0.000363270506640717,0.000348098345737386,0.000347865273360833,0.000360981885239687,0.000353218642339608,0.000352939635603613,0.000342244529864962,0.000356403098345248,0.000361053410295541,0.000346776661124249,0.000345908856231149,0.000335556846229625,0.000360356221456844,0.000346785953391968,0.000345743897696361,0.00035130535176608,0.000366038564230323,0.00034527389175526,0.000360508047961352,0.000361072804762472,0.00035567712445506,0.000340554017029042,0.000338930381965146,0.00034568737399748,0.000338368875235996,0.000365262085705204,0.000350281535336374,0.000352632032785248,0.000377224425425966,0.000350670125794699,0.000356875091084356,0.000328864686856099,0.000354373209804302,0.000343922426764316,0.000343193485905561,0.000345898706954274,0.000337858420705736,0.000369678085127847,0.00033731779095487,0.000346366834471429,0.000339924633852609,0.000368959763197447,0.000341082933717749,0.000357705545450242,0.000368093331334306
2249302,0.000340761377274374,0.000342693499008465,0.00033388369106586,0.000351154086286292,0.000368640248956556,0.000358866176862831,0.00034704764098424,0.00034996703042839,0.000330253539887901,0.000345292122732836,0.000336237962465099,0.000344530577088717,0.00033134418715271,0.000344447158427441,0.0003345151111275,0.000352564742195347,0.000346835568732312,0.00034816813937552,0.000321745656606246,0.000324582358638697,0.000326379012523979,0.000357382982600554,0.000334116182866693,0.000363664231290451,0.000342684479611407,0.000343358619563699,0.000340616421008912,0.000335297088932622,0.000343939741353274,0.000345612967811224,0.000356740025706267,0.000336719078960624,0.000390471107321901,0.000350574413238317,0.000348332334163735,0.000347226672134719,0.000337596360478409,0.000344385853365236,0.000325142011256016,0.000342631331152653,0.000344420747292078,0.00034564893019945,0.000326348767875491,0.000329361203524586,0.000337011781071411,0.000341352310670074,0.000349597496334514,0.000371943718757343,0.000340050247262146,0.000333883941606757,0.000338530177017058,0.000334098046640087,0.0003340297227158,0.000339939725095062,0.000360222978023396,0.000344667612894153,0.000337842670959946,0.00031883048255584,0.00034878985789789,0.000341558407673679,0.000345265902966779,0.000367041192295615,0.000355331333906649,0.000356530352082321,0.000326958986955149,0.000349611497610988,0.000337960292218235,0.000333096996824187,0.000323151580214854,0.00036745719620228,0.000351823037967157,0.000347257836261897,0.000324477060772602,0.000350263683429219,0.000329748012172659,0.0003666165804606,0.000339249046034441,0.000342193761544501,0.000338519928483332,0.000358112562921428,0.000350729640561378,0.000328112136085261,0.000344597397120046,0.00033072738316321,0.000342605825826955,0.000345328857354678,0.00034524330421843,0.000334821765224587,0.000310165275274293,0.000355060781119808,0.00034339325256539,0.000336936840353895,0.000362687917389897,0.00033809597868643,0.000346177084272453
1839798,0.000306685239546937,0.000340297040973441,0.000320255785308069,0.000308052140677144,0.000327366110653138,0.000339468005140516,0.000345115304453147,0.000328930760839798,0.00032198341785398,0.000336250807798436,0.000328563486859619,0.000340615456894527,0.00033026312944585,0.0003277490436446,0.000331504851409818,0.00034082562758285,0.00030640688280646,0.000328073629564683,0.000347291985564253,0.000332335121981978,0.000315363720851294,0.000342852026165147,0.000343462090079748,0.000332248211309862,0.000315940585038559,0.00031727009699881,0.000312202486815584,0.000331285558456858,0.000330808414957995,0.000332201121299147,0.000332257867079366,0.000332279577919561,0.000352909009749548,0.000352141226258376,0.00033577386291305,0.000326000589524408,0.000346133279938783,0.00034851698137725,0.00033753745450038,0.000337349244855336,0.000333518801012024,0.000345306703535886,0.000352140847917263,0.000344523611870986,0.000323069213296589,0.00033148452438732,0.000340266602304233,0.000346326403028361,0.000340395826781722,0.000348965273975443,0.00033481912757351,0.000337279932798564,0.00035906548102586,0.000341390908553312,0.000323867140426591,0.000323298220894716,0.000329038953149915,0.000332786025563334,0.00030622811722369,0.000323057327258021,0.00034719476275989,0.000348813412994252,0.000333078260470071,0.000342200354008272,0.00034726699856727,0.00035333797675219,0.000328260525523149,0.000336239421322529,0.000336208209718485,0.00032347583295027,0.000319889178495959,0.000359995092804322,0.0003403757140844,0.000317877493604608,0.00033693206472544,0.000339075187100876,0.000310978292198237,0.000335386193344014,0.000318878840482593,0.000342789898248751,0.000327025759972749,0.000346925905356205,0.000336916401439558,0.000328173503756544,0.000331440284333452,0.000346468556553869,0.000333796734773755,0.000329459254470239,0.000316431240431349,0.000340107192884596,0.000323275264031256,0.000332063786877702,0.000302929451913742,0.000317810219965244,0.000338207539886324
2527972,0.00034325475320565,0.000327715636289564,0.000340697643944755,0.000310587549242388,0.000329062308117662,0.00033648367102939,0.000335453621797684,0.0003335204923864,0.000343485735142174,0.000319890333155234,0.000310816262021946,0.000341594236943074,0.000322695725497827,0.000322700776384672,0.000295005452332914,0.000332216943533685,0.000311371809148231,0.000328483721601639,0.000315531684697542,0.000327166613086458,0.000336986330431008,0.00032596469841589,0.000321654973249288,0.000323204205557875,0.000311861007900328,0.000350091141515928,0.000318165905103072,0.000336634265757877,0.000317677088562716,0.000319477061787689,0.000330509141463159,0.000314521573755309,0.000335001498116217,0.000315321120286977,0.000339739695939582,0.000321595176152456,0.000325955106668809,0.000312463500545121,0.000303211611669833,0.000331010741298555,0.000310907356875615,0.000346333383526577,0.00033108608869949,0.000333151805611186,0.000326654445010114,0.000321982211670594,0.000327825410263859,0.00030987099218327,0.000328300543596584,0.000323829720027632,0.00032657235103229,0.00033091616048161,0.000328759036755787,0.000321437136002374,0.000339877050560964,0.000310890186830526,0.000325003915820318,0.000326881757367856,0.000344100852569377,0.000326852420676618,0.000300259174460868,0.000311529318968739,0.000335590704245169,0.000316979557397947,0.000326451286664846,0.000307265143733688,0.000318560758828064,0.000324062526391456,0.00031626058131016,0.000318510195163753,0.000334204356879599,0.000332509433949615,0.000321586396534094,0.000327030112468085,0.000323641567502795,0.000324627243043315,0.00033855951545307,0.000319955705422909,0.000320034198600284,0.000322651538964661,0.000336682896508857,0.000315318772981019,0.000311080325059737,0.000332004322866542,0.000323213043232977,0.000312277580578158,0.000333796734773755,0.000329794411392386,0.000325308024403846,0.000346019076605494,0.000336456015139827,0.000321621529428718,0.000320856991556589,0.000349591241961768,0.000322268451114068
2663121,0.000300036237063535,0.000320526262184491,0.00028566187069214,0.000285867315731259,0.000291180564743292,0.000298433411112541,0.000295647489257175,0.000302539804446838,0.000273465368588312,0.000294919082384031,0.000310336607296604,0.00029657035470989,0.000320533610084106,0.000284644607809825,0.000296510582191755,0.000304434372284107,0.000304279057231415,0.000285424057721274,0.000305175064849701,0.000312177937289448,0.00030516437670992,0.000304757356591242,0.000310362002033514,0.000307972195870317,0.000296902558393481,0.000313903836022695,0.000325181691323647,0.000305544904570704,0.000298990201000203,0.000322572103290476,0.000296700446216486,0.000319302574876454,0.000297439400543864,0.000297302770556293,0.000279591228370512,0.000299568109292699,0.000310433434922675,0.000314341286005128,0.000302734863852742,0.000310234535195773,0.000287488361162907,0.000305608410562484,0.000312663174383938,0.000309144659062719,0.000302354541173996,0.000292013379256305,0.00029858860896898,0.000300018178441354,0.000307220192902488,0.00029492383298765,0.000291523550732108,0.00028382424533615,0.000279346355880669,0.000309464872471812,0.000297183956869302,0.000283316777798994,0.000303728264446076,0.000302191181277673,0.000306949502658846,0.000280362526298811,0.000295115548345906,0.000301586893895268,0.000299339729775904,0.000294624760402432,0.000307158675633331,0.000285583810548511,0.000305287393876895,0.000294602296719505,0.000316623265463039,0.000309997673244009,0.000306124583896305,0.000286253081242915,0.000341821046203655,0.000287955470397086,0.000322204756992238,0.000316951772762736,0.000314425945105091,0.000289094729580699,0.00030212614777608,0.000328780604833732,0.000286641370821752,0.000316071323751857,0.000310032916557853,0.000290290959224336,0.00029970664008876,0.000285494649397185,0.000318657723572733,0.000308679525297142,0.000298155508723268,0.000312982079341653,0.000294832590586446,0.00031396387396613,0.000311663381483334,0.000290762541670329,0.000287899790948889
2800128,0.000290893858648856,0.000286376735185396,0.000307152029771733,0.000301079767122723,0.000298530753756229,0.000285749991140258,0.000300285096931797,0.000319368820117711,0.000293313661469722,0.00028716938386883,0.000303141786416466,0.000291187064442878,0.000312966206136084,0.000295129470580446,0.000296886864656465,0.000302086549361607,0.000309953258764868,0.000303468107347332,0.000307936830142459,0.000302357770387959,0.000316995615913914,0.000294939142783534,0.000292449013208493,0.00029750018921012,0.00029871570378825,0.00030759209669248,0.000298521703685463,0.000299861903063372,0.00030505081318264,0.000319133168287379,0.000297283354755222,0.000292665568630076,0.000291761409050369,0.000278892717570594,0.000304708170871882,0.000295963680170193,0.000311985602097288,0.000300821230693079,0.000291769664059651,0.000322911542309335,0.000290718567468108,0.000307319543880303,0.000290029308224831,0.000317147041245541,0.000290802127874858,0.000304439480501254,0.000290501834142737,0.0002709523779027,0.000286139842208391,0.000289477796298957,0.000305955409679242,0.000278733227482587,0.00030042909972072,0.000294590242024749,0.000300852894608429,0.00030951151637895,0.000315099733284033,0.000303264684585942,0.000302260497330333,0.00032400610061267,0.000291257828759685,0.000286673256285063,0.000291802398450612,0.000300356759632051,0.0003020816727303,0.000289649060520731,0.000288950944706225,0.000298530327342432,0.000297038321207593,0.000284460107484777,0.000294562324432596,0.000262119332004636,0.000289789089910498,0.000292179756026383,0.000292031736270557,0.00029708584968359,0.00029649814998945,0.000289548567460732,0.000292883282834556,0.000288066095846332,0.000288397213828317,0.000307793265272642,0.000297813150702532,0.000305188589096552,0.000312635161818079,0.000314556978976539,0.000295395340507748,0.000288234953046191,0.000307032292695764,0.000303244859095468,0.000300382380526897,0.00029342743431646,0.000300631049395428,0.000292114925585075,0.00028640550137649
490759,0.000304191863615661,0.000295962567325493,0.000303482978221558,0.000289670428579125,0.00029457295967234,0.000282392615265242,0.000289464012357679,0.000277296280940528,0.000294967685876506,0.000311710095833633,0.000283955597402766,0.000297059744734163,0.000296750340533178,0.000295906127081973,0.000303283666556541,0.000295043080594109,0.000336196440857088,0.000280502953277804,0.000297580210294618,0.00029770611238199,0.000295373006334201,0.000281586372005052,0.000279987803591087,0.000287980183155396,0.000270611950169325,0.000279820443639534,0.000290453549531801,0.000288495900048707,0.000302020507091421,0.000274083119746812,0.000290871360829129,0.000284469566708113,0.000294382020508905,0.000287901892435936,0.000288844838765753,0.000289555806174627,0.000293359596001928,0.000303450130337089,0.000267455525388013,0.000294036137217334,0.00029596765271406,0.000289181530711421,0.000291608415166164,0.00027924102037954,0.000274071046545072,0.000294206220652473,0.000275572403694288,0.0003064225073736,0.000293742591639049,0.000303721276869384,0.000278328708266156,0.000298460921665145,0.000278687520135667,0.000293864650295624,0.0002981845762527,0.000283316777798994,0.000284286720948923,0.00029091939654085,0.000284947246886591,0.000295542899973197,0.000306045753840199,0.000263474264446965,0.000267754722317536,0.000284307161789117,0.000295989269246664,0.000279485935590179,0.000289461458742808,0.000295387902844091,0.000287971217385628,0.000294036694644489,0.000285202400104831,0.000301671865478482,0.000281839763254599,0.000298164160667888,0.000295982965174587,0.000281283410870633,0.000281328477199292,0.000274571917419659,0.000285951134128412,0.000274056802431313,0.000282690724056981,0.000284464191376671,0.000291179563523929,0.000271988156809898,0.000289128758673863,0.000277516755002852,0.000276933131726013,0.000292927149956245,0.000283012759593715,0.000284813692200904,0.000276795773279981,0.000285421703605572,0.000293276161336824,0.000272505358821262,0.000282420729183426
2759167,0.000255986595610993,0.000295962567325493,0.000266792462719815,0.000269387160057173,0.000284961174040037,0.0002760509052791,0.000290623414276334,0.000263527086300722,0.000287248905311513,0.000264350827129628,0.000273882848170573,0.000295591574661342,0.000267561782447947,0.000282702966556006,0.000296510582191755,0.000272347459009947,0.000265978196880608,0.000282963505499539,0.000252701524287309,0.000266178208119314,0.000261919157550493,0.000259593573075787,0.000275704262785104,0.000289408184063605,0.000260639650498094,0.000270984008577233,0.000296767757130319,0.000273786954970905,0.000281313415468096,0.000291621688262605,0.0002593942997374,0.000283103566387786,0.000276474508875574,0.000264007993880028,0.000303386226529704,0.00026472529444181,0.00026930100479542,0.000291432303393046,0.000275560238278559,0.000278542017411869,0.000256801401263495,0.000276861370823124,0.000260552645319948,0.000262815078004273,0.000274469405624352,0.000291282432124249,0.000270595926878138,0.000277849347522042,0.000266441809592596,0.000268950427241578,0.000261010477529596,0.000271096700702242,0.000289887727800694,0.000277176040525749,0.000275503870229005,0.000257122039219038,0.000288321758278521,0.000290382644886716,0.000282422397863545,0.000268028472688373,0.000274541043886061,0.000283359114593906,0.000269549325014034,0.000260232765024716,0.000280758260537573,0.000280163477252216,0.000271593467462388,0.000283996614037603,0.000257143064390944,0.000272046013018483,0.000281898897400914,0.000283571553549773,0.000281839763254599,0.000271762375484781,0.000273353199633326,0.000276316930100847,0.000289602844175742,0.000296356135661219,0.000279018985422269,0.000271867850335216,0.000269960862259384,0.000250599406688972,0.000256964219129031,0.000253685354395461,0.000270911296237095,0.000267259462210139,0.000266225050632608,0.000291586522267658,0.000266825682937986,0.000288639028726191,0.0002733271545672,0.000289946681833465,0.000300631049395428,0.000258981519673805,0.000271462605652499
2833771,0.000281751480234178,0.000260614811308885,0.000250019655633305,0.00028016264645946,0.000287788169814244,0.000268590070001287,0.000280188797008434,0.000278061236198295,0.000264092563616535,0.000277266991321629,0.000257094932783585,0.000277484143763214,0.000262697022767075,0.000269888134280802,0.000266407985014927,0.000261390952038282,0.000260303995347155,0.000259998351430011,0.000274795646629369,0.000257908593886481,0.000265590921441388,0.000262342672941945,0.000253897145954644,0.000286552182247188,0.000280130963491864,0.000262989138758961,0.000265898297759789,0.000267101070844631,0.000277273007346472,0.000255512870730089,0.000247736128962685,0.000267053062623943,0.00027909512033411,0.000274975685020445,0.000273642478830714,0.000249106101577619,0.000273957506319261,0.000266645535320957,0.000264118290668377,0.00028171126919026,0.000275375087518402,0.000265567890925518,0.000279501928615944,0.000264920968052384,0.000243397397440463,0.000256562443351597,0.000263753271255932,0.00027686406614785,0.000252273049290007,0.000259315131561584,0.000254825395123681,0.000270460323470547,0.000258263612040619,0.000260850226620437,0.000280173427351531,0.000269530073283228,0.000278050754166818,0.000265155317142399,0.000279897548840499,0.000261861445883154,0.000275183997150431,0.000284187650016695,0.000268472563396135,0.000256220365563983,0.000273650456473331,0.000256788289911947,0.000262404214803886,0.000280461386476969,0.00028216827093957,0.00027027257095187,0.000265931967665316,0.000250722839308783,0.000267386442062055,0.000277042732521402,0.000269042768101657,0.000258257000028896,0.000246162417549381,0.000264133646178912,0.000257067181186148,0.000264425413208487,0.00025152451069045,0.000252104508230648,0.000277563252999429,0.00026092134604768,0.000253281493878933,0.000268399161409329,0.000266963538983877,0.000274493519238175,0.000279357613252099,0.000272294409027238,0.000277489497022538,0.000267669865942299,0.000273050219175664,0.000263038671418042,0.000259508289073306
1688404,0.000250168718438016,0.000239046688993667,0.000251067956076211,0.000228186770871959,0.000215417077994552,0.000257025775320676,0.000232266851037336,0.000226809233927908,0.000235422807232277,0.000234643649488025,0.000251818730804817,0.000245184402161146,0.000261075436206785,0.000246588439234978,0.00024759386177941,0.000240651849556203,0.000246118491513522,0.000239903841619175,0.000236130932530764,0.000235684005635742,0.000246416154455604,0.000250560816372696,0.000238320633932886,0.000232764148037998,0.000249760778129478,0.000238583746682129,0.000235379627700288,0.000244703359021614,0.00024545479338868,0.000239349876215535,0.000227334330106935,0.000242123556777974,0.000223625511128427,0.000243639424619255,0.000268354701462004,0.000247103640954004,0.000271629255557341,0.000235849853776846,0.000229315700020739,0.000255652976790161,0.00024145792131379,0.000226896277942807,0.000256341693476393,0.000225330235147895,0.000239015447568376,0.000253273181257346,0.000250690019613539,0.000226614716064077,0.000227045744361006,0.000253450168973761,0.000238744180868303,0.000249459874824599,0.000237180868200568,0.000237268495423874,0.000244818209138123,0.000204043226833339,0.000245036812379201,0.00022275193646578,0.000232286110120208,0.000231975085211707,0.00023082022190889,0.000246903555991181,0.000258781708835044,0.000248195566642516,0.000251311643699998,0.000235445727557788,0.000241473139303965,0.000236074640437897,0.000227402963854897,0.000231966222313022,0.0002466615352258,0.000248711693538926,0.000247151792392494,0.00022212701934054,0.000239228950007615,0.000244260554223134,0.000246162417549381,0.00023644953549693,0.000240314488479635,0.000234655664701571,0.000234844002128082,0.000248341754376459,0.000239507410764287,0.000241767250497687,0.000250343193485906,0.000231928787035238,0.000254778481187932,0.00023494500242486,0.000237062348441968,0.000232997770176564,0.000246965652350059,0.00025374685601032,0.00025052587449619,0.000259657711631178,0.000244067296825183
1783515,0.000229390585677384,0.000236650230958643,0.00023115024766098,0.000210438910915251,0.000248775628130191,0.000236135436542798,0.000229948047200025,0.000221837024752422,0.000233217441356565,0.000232490955456025,0.000231673232340432,0.00021826795082609,0.000241075868629867,0.000247365095736505,0.000234800257979258,0.000232825773147871,0.000210654731929441,0.000229241448658322,0.000219560340774219,0.000233099751187982,0.000209290541781001,0.000238386231251139,0.000243772413140501,0.000226576144102428,0.000246134487339939,0.0002318512247299,0.000239238310121605,0.000219965587754402,0.000242424487297462,0.000223530775201289,0.000243072860652799,0.000239733056217402,0.000214016602447127,0.000233063436733853,0.000214154983432733,0.000233486908713427,0.000283270509366941,0.000217071999176779,0.000239327404179648,0.000240510996071184,0.000240246593949339,0.000240243117821796,0.000227917768532399,0.000237544397426939,0.000235430215854851,0.000221476981012917,0.000236382648767109,0.000230063200873748,0.000234302914272089,0.000232922799916382,0.00023750716438712,0.000239914216349167,0.000214121617125513,0.000223845048435062,0.000251822544821911,0.000223344613155411,0.000237700380870842,0.000218457923232705,0.000232286110120208,0.000235295791952979,0.000234677941495111,0.000233646989226554,0.000228632383533874,0.000218389170648495,0.000239634537023028,0.000234768185895751,0.000236367998938131,0.000238824261873946,0.00023719543598262,0.000244380316779316,0.000228492270354257,0.000237985582766358,0.000252210454809885,0.00021473451948927,0.000228452871178443,0.000245163550726732,0.000233061336503335,0.000217388344535565,0.000218362684243515,0.000218019628771236,0.000232649198369875,0.0002212499266263,0.000241951363935351,0.000230700439735469,0.00024211595238543,0.000233068486234428,0.000231516098122947,0.000214835587096056,0.000224530418127855,0.000224999339260055,0.000246965652350059,0.00022694506189126,0.000223864405283752,0.000231257649421518,0.000229622497625325
1426,0.000216923706021004,0.000216280337660937,0.000215425741017376,0.00019712801594772,0.000205805292362249,0.000223452016570515,0.000195938924252794,0.00022374941289684,0.000201239636158738,0.000219574791264023,0.000220161518932212,0.000219246730874638,0.000202157791182893,0.000215910507424642,0.000206955355590692,0.000213260582127041,0.000212073282312805,0.000204225834404015,0.000202299307694485,0.000228964944071565,0.0002256094924072,0.000208931589828016,0.000222354709110585,0.00021753213835044,0.000233895755925246,0.000236479833572057,0.000236081206322346,0.00022798864870593,0.000219192140598122,0.000232472006209341,0.000222671061797049,0.000220950551812904,0.000220568131093468,0.00022562107488857,0.000188377068760274,0.000222273129221187,0.000201781732699739,0.000229089826120822,0.000203571317897828,0.000237693883379282,0.000220461580329982,0.000221420651325786,0.00020738937829507,0.000219012565003561,0.000208341798463768,0.000207954459069884,0.000217098801104529,0.000218239824383448,0.000224972267243554,0.000213652208556394,0.00022884804901884,0.000217641013239828,0.000209509766910502,0.000214775151820999,0.00021680086640297,0.000221276607478046,0.000225228447306631,0.000212553655037226,0.000218940479569823,0.000227705605115786,0.000225676595793928,0.000224533099575873,0.000198841978772004,0.000222401570109229,0.000214249522507877,0.000209021602738352,0.000233815428755214,0.000211328047513458,0.000236832751829742,0.000227000584526505,0.000200412497370962,0.000210499923911652,0.000226194476663306,0.00022459118595763,0.000225220047529692,0.000223040136388592,0.000235819458828819,0.000206496235414785,0.000214896609890443,0.000211014982063727,0.000219480375820637,0.000212219317376247,0.000225891100239787,0.000204735999101034,0.000212145288376554,0.000207425254252645,0.000225238947137158,0.000222879353227578,0.00020990983276139,0.000227433644321601,0.000218522978905248,0.000215110503449078,0.000209154629166544,0.000217057618316688,0.00020571386446694
1902580,0.000201132325122923,0.000208491849047108,0.000202846135702492,0.0001844509731215,0.000191670313491215,0.000223078974806624,0.000211011149195317,0.000215717382690286,0.000191866831186961,0.00019288138526722,0.000194260163763716,0.000194287839636677,0.00019188774296772,0.000206978957657076,0.000208836767914244,0.000207782328641209,0.000210654731929441,0.000192743257369251,0.000203680190340864,0.00022017847894918,0.000214186226968861,0.000199113376020309,0.000203273481883932,0.00019373212321363,0.00020171242516809,0.000188931397284437,0.000197494382109184,0.000202247994819777,0.000225757803795761,0.000218716266196954,0.00020343508001877,0.000205924548289307,0.000202660619460137,0.000214261680493139,0.000202918456524225,0.000207454920606441,0.000200229565525125,0.000214443099532769,0.000195466605007282,0.00020564922650889,0.000209155858261778,0.00020738935811967,0.000200546581549293,0.000212273716849605,0.000203561489512401,0.000202106882013438,0.000194704655431856,0.000212820776825394,0.000201127280392855,0.000193962691297275,0.000192974571064535,0.000199186073520662,0.000191721201795459,0.000225659027757874,0.000213465468458309,0.000223344613155411,0.000213856978468674,0.00020450238022521,0.000204873463584283,0.000201614337862935,0.000232749081702,0.000203819714006143,0.000215711244119087,0.000213230371341838,0.000204603216992119,0.000209699144400389,0.000191442763718788,0.000211328047513458,0.000216522439268539,0.000198980199874015,0.000189951405475225,0.00021519259737465,0.000221858480305543,0.00020980618625509,0.000209774334541212,0.000214913167856214,0.00021168588848084,0.000203319370254558,0.00019698855906624,0.000199194640744804,0.00020675051402304,0.00020093105581368,0.000208783428042338,0.000184304963847709,0.00019980442672584,0.000209134803051431,0.000191637727154401,0.000220198097850404,0.000214609306629182,0.000212480056086389,0.000212279465222241,0.000207800923234789,0.000202259421611603,0.000195419475680756,0.000210196733184137
1494608,0.00020528795167505,0.000197108673380743,0.000217522341903189,0.000205368093784763,0.000211459283910662,0.000203680803084309,0.000222991635688092,0.000200035799906063,0.000193520855593745,0.000217422097232023,0.000206251531897279,0.000215821000704722,0.000217833127932369,0.000201930690397147,0.000197924576437644,0.000208173632461626,0.000192213576945719,0.00020668638662575,0.000211275044895947,0.000196920188919337,0.000204394856593142,0.0002034333900957,0.000213398214698075,0.000190400121094477,0.000228003033392245,0.000220069311313498,0.000213630690416506,0.000219631293548088,0.00021060627333967,0.000192236466673109,0.000190611092166584,0.000198070046447426,0.000201350313730868,0.000198201847037529,0.000201596512182048,0.000196641633238924,0.000218079488033179,0.000202425272588726,0.000202141074446555,0.000203184252903475,0.000206733203532877,0.00018582907831515,0.000192124677862184,0.000211010182820739,0.000226267957031396,0.000198817619919186,0.000217098801104529,0.00019557835277704,0.000192142212883896,0.000198989802086837,0.000216890223034072,0.00018964041504523,0.000222686481810533,0.000212598376633624,0.000209796530719182,0.000193703198446514,0.00019111404079276,0.000201818621954538,0.00019657753107999,0.000207781364668155,0.000205102091334083,0.000187249005550359,0.000208173912793794,0.000207498372112219,0.000200033914379392,0.000201229873624929,0.000224115662060128,0.00019679433420863,0.000215797070962781,0.000221325569913343,0.000194356075747115,0.00018837732044323,0.000203791828814864,0.000193613091342784,0.000204745497754265,0.000207689195827434,0.000199274338016165,0.000219203696055695,0.000201609991537002,0.000210139401225288,0.000207628435526323,0.000215229520459598,0.000211576517380697,0.000208141171643255,0.000209794648062132,0.000198307660659122,0.000197176389788922,0.000211819174796736,0.000192678428579485,0.000196830952119306,0.000222685321360586,0.000199447117275601,0.000228461210320379,0.000211648082657705,0.000197744320080811
1790137,0.000180354192362291,0.000171346749504233,0.000172445422858191,0.000166703113164792,0.00017696993546534,0.000177567879611962,0.000176229091635649,0.000174792276399753,0.000179737318870544,0.000179104143462419,0.000182748450355496,0.000188415159345392,0.000188104040993708,0.000177854338849795,0.000179486735666836,0.000168260642779134,0.000187957925795629,0.000188232244962737,0.000176752978736479,0.00017521245155815,0.000193787538686112,0.000186938790898751,0.000163553376228451,0.000178500113526072,0.000179501394082165,0.00016789226618372,0.000173991498270258,0.000175838752520996,0.0001823234164883,0.00018088798116289,0.000180701647008076,0.000183727043083992,0.000186500182132496,0.000179791794051829,0.000191681929615717,0.000175816042753335,0.000173842723556698,0.000173131819412621,0.000193559613738919,0.000177478099589864,0.000191389723583171,0.000173508918426852,0.000168438073742189,0.00018489714622416,0.00016492065882218,0.000174330890995316,0.000187239940207631,0.000172916881170633,0.000171061862189799,0.000174273174038157,0.000174419323846791,0.000177549247643018,0.000175909143915421,0.000183937503333187,0.000161433260521596,0.000157857766705522,0.000179008928803967,0.000193767347142522,0.000186117442270229,0.000178843777351357,0.000183241680345497,0.000178963651322467,0.000174435382099628,0.000169667177196731,0.000167033395509696,0.00018835658204623,0.000186337623352954,0.000172440544346484,0.000169373499394317,0.000179472337141268,0.000186647902771308,0.000178991973517232,0.000176330518549031,0.000189388805713487,0.000173494869149667,0.000171117837431733,0.000193758093365199,0.000177450611092705,0.000180813545418572,0.000177742910203056,0.000173389496898303,0.000136964240292471,0.00017386981131285,0.000182176731008821,0.000179236323974651,0.000155568940689484,0.0001820373785879,0.000179308953348503,0.000195289247394925,0.000179095300956612,0.000175512106866755,0.000174733774646338,0.000154452649230679,0.000173105141087452,0.000177322362591357
37637,0.000161238310222509,0.000147981283662746,0.000165107319757843,0.000170506226012658,0.000147003780258749,0.000167122710223023,0.000163475670530438,0.000145341498975725,0.000170364513898767,0.000161452052400017,0.000153969166834946,0.00016981833842299,0.000141078030745281,0.000162709537070009,0.000159167482572478,0.00015378240142372,0.000151784891019867,0.000157475342191048,0.000169848565504585,0.000173661898889494,0.000166045322621574,0.000158662335132554,0.000163553376228451,0.000179452114131545,0.000163636371877934,0.00016200130947552,0.000159609136518079,0.000162466984268449,0.000155050661667335,0.000161286051645238,0.000165546025000947,0.000166993539159985,0.000156799918935752,0.000153939379220847,0.000163921098429993,0.000159395865639698,0.000146679798000964,0.000156231750272561,0.000154466292737462,0.000153180502622204,0.000155453678437808,0.000167348838482704,0.000167911704761744,0.00016215353370456,0.000164522299742899,0.000180178468051763,0.000156136960106696,0.00014729956544165,0.000161385635641689,0.000149137620090346,0.000168646580267938,0.000172458229789455,0.000147579206880353,0.000164709322511375,0.000162433879904995,0.000169576465543923,0.000164336065787249,0.000158341737969651,0.000165197264650707,0.000169356043804866,0.000151736970391359,0.000159078801175526,0.000164385606999238,0.000150751579738988,0.000145709983316968,0.000148720394817077,0.000176637856657869,0.000163798876976045,0.00016610934201841,0.000152516017728746,0.00016352338384389,0.000155528606202239,0.000154650536760216,0.000154538449271786,0.000158408358788826,0.000167054353165545,0.00017789888999367,0.000163381636811698,0.000170993001418202,0.000170300473076327,0.000159781713597424,0.000173839228063521,0.000154318185944337,0.000160468756052162,0.000162194181695094,0.000175513676675315,0.00016948307661632,0.000168583931839807,0.000141506379796857,0.000161707407659854,0.000171349764411417,0.000150368507265375,0.0001714608278662,0.000152819382366266,0.000172341397350027
2072413,0.000148771430566129,0.000151575970715283,0.000145189611342611,0.00014641984464284,0.000157180965045893,0.000168987919042476,0.000159610997468253,0.000157580783099996,0.000147208172203789,0.000156285586723216,0.000146294691229465,0.000159541147913241,0.000154050723227606,0.000142128139779531,0.000151641833278271,0.000145173717374555,0.000158877642936683,0.000151734053673666,0.000151206649778472,0.000169527091773078,0.000151358267057995,0.000167695091835645,0.00014564038740343,0.000154224098086526,0.000164996230924011,0.000156951918011348,0.000153996507541619,0.000153775334904293,0.000151010253545711,0.000165756667149264,0.000156219488381176,0.000149235534995733,0.000163788216158516,0.000151197456435743,0.000133516378559913,0.000154189468018301,0.000166081887683631,0.000143838366236516,0.000155896536188735,0.000147194138151911,0.000157472557378558,0.000161188758538555,0.00013948777981775,0.00014530641331967,0.000150181372888796,0.000154960791995837,0.000174798748167257,0.000163556708115812,0.000150672670534853,0.000141596953906002,0.000158750448418474,0.000160367062387242,0.000144285028155346,0.000163620934917687,0.000157430782988003,0.000151653749673427,0.000161034671608487,0.000162635751202726,0.000158344103016726,0.000145636709938638,0.000176169194437426,0.000141679557296953,0.00015218230866305,0.000150178379816026,0.000151294686510302,0.000163626311381887,0.000143454444279945,0.000158299634103947,0.000159943711419473,0.000142939430569034,0.00015636579465207,0.000156198988125525,0.000144533211925435,0.000154186425469345,0.000144399456310903,0.000155766896870575,0.000162729217203512,0.000167920015612023,0.000144997443770165,0.000144908628761605,0.000163732360362195,0.000151262704938389,0.00015746041144999,0.000138760781095504,0.000153966940594618,0.000147021196695556,0.000161359704752357,0.000152496399576764,0.000150383163769354,0.000151622429547734,0.000166493698213523,0.000171601097411643,0.000145259039157424,0.000153495574323639,0.000141459412853779
345370,0.000140460177461876,0.000134201649961357,0.000126844353591739,0.000117896498283845,0.000149830776032956,0.000130191575597846,0.000131012416808081,0.000137309468769172,0.000140040733107724,0.000139925112080015,0.000134303323095903,0.000138007986845196,0.000155131780934466,0.000133973246513492,0.000133580274972174,0.000132260691300807,0.000129797360077737,0.000132049635899785,0.000133945616698738,0.000145751950853683,0.000128103762415662,0.000132349522127898,0.000130453288182217,0.000143276091123594,0.00013190632746947,0.000128338699714373,0.000146279142698987,0.000138732095620178,0.000121717294663934,0.000131711210618606,0.000132903146831746,0.000133868031392053,0.000143696861643071,0.000136704436000193,0.000148057766323864,0.000146980609773289,0.00014279938006443,0.000139707238224501,0.000140163858224734,0.000131700018346446,0.000124362942750246,0.000130046132154248,0.000134750458993751,0.00013772520914647,0.00013305193247973,0.000139610902222664,0.000141207529658247,0.000136461470325542,0.000133393694556086,0.000140340176208612,0.000130299069351267,0.000126639069107385,0.000142967356665342,0.000144029958231312,0.000137751935114503,0.000131663028125567,0.00013352305345214,0.000132577658571199,0.000134899076374158,0.00012808440287763,0.000145950391012028,0.00012428031341838,0.000128493553069273,0.000139860781202711,0.000141648380994544,0.000131781853266157,0.000136307247767777,0.000128446601369704,0.000131291663342062,0.000142230053742388,0.000147556454108291,0.000136757912350245,0.000126466560434756,0.000129192735496003,0.000141166632662151,0.000142221949316612,0.000128942218716342,0.000122082389728741,0.000140376011299402,0.000135715029957998,0.000142223283531773,0.000142984646459173,0.000132671743572054,0.000146848065883278,0.000134574158000639,0.00014417194869758,0.000144005228497527,0.000134733082702987,0.000123752811851864,0.000126583863200402,0.000144988262194276,0.0001333128200987,0.000146638080668412,0.000144705078877792,0.000140463219805513
1177211,0.00010970854097614,9.64574359097254e-05,9.53953403045313e-05,0.000107754864022869,0.000100075650406918,9.69908586115759e-05,9.66168265546324e-05,9.63843624786386e-05,0.000110819635254538,0.000101176619504011,0.000106483349026037,8.90689844178216e-05,9.24304339365635e-05,9.24221236817712e-05,9.21892038540355e-05,0.000112695500279978,9.92985268354269e-05,0.000108674389793301,9.59713439233224e-05,0.000111639792143246,9.1386123506714e-05,9.46475811063006e-05,0.000104362630545774,9.66280614554471e-05,9.60967059227754e-05,0.000103091742393513,9.05036422454164e-05,0.000103631203957241,9.24243357821573e-05,9.8697434588877e-05,0.000100260268662546,0.000101425523784285,0.000103514152612182,9.63590007336602e-05,0.000108399436058544,9.65186020582091e-05,9.70104484133359e-05,0.00011416935596841,0.000101547285040369,0.000101768195994981,9.40797586389849e-05,9.65079191249949e-05,0.000101589213225758,9.43438741553801e-05,0.000109548746802172,9.79469156954816e-05,9.95295363229932e-05,9.16311677998224e-05,0.00010782081010751,0.000111015363269499,0.000104321723246426,0.000105638620461437,0.000108049062180259,9.97688627546872e-05,9.40582220394424e-05,9.23709202556331e-05,0.000102343219541612,9.98358076690003e-05,9.48621847230042e-05,9.44029487875863e-05,9.00134570118233e-05,0.000109366675808174,0.0001012155920825,0.000103749186056109,0.000104586259802423,0.000101970020136538,9.44450967679356e-05,9.42727349502417e-05,9.68366688185926e-05,0.000109244031303381,0.00010461091895737,0.000103909198109255,0.000103341246526686,0.000102086902708014,9.3033480558517e-05,0.000105650590920912,0.00010136099546151,8.94060623664015e-05,9.24286494152444e-05,0.000111198766481715,0.000102277855132417,9.85841509797459e-05,9.95038076790405e-05,8.93857792332999e-05,9.28502924196551e-05,9.97236799291563e-05,0.000100803659948269,0.000102222861254754,9.92111149867266e-05,9.11125608750144e-05,9.78150477004445e-05,0.000103726423993245,9.14764202288841e-05,0.000100752601648556,9.31440500128758e-05
831,7.64635285591279e-05,9.28627488571891e-05,8.91055376470897e-05,9.69793776205824e-05,8.70714698455669e-05,9.43795662643411e-05,8.92739477364803e-05,0.000105563825571842,9.15226838420561e-05,9.471853740801e-05,9.59309450685019e-05,9.49416647091066e-05,8.37819722816804e-05,9.82470474432274e-05,9.67045934305597e-05,9.66520436428977e-05,8.44037478101128e-05,9.18606162781113e-05,9.45904612769436e-05,9.87185199044446e-05,0.000102809388945053,9.50403096586089e-05,0.000103583804944686,9.52000605472385e-05,0.000102442714804468,8.71020027569677e-05,9.36607460446751e-05,9.56081430057128e-05,8.53536215693147e-05,8.32222270749416e-05,0.000101426085740017,9.69860227432223e-05,8.99743267430779e-05,0.000103017956068913,7.99776327017304e-05,0.000100123031180715,9.85626155879493e-05,9.76448439203504e-05,9.201232869855e-05,0.000102120335081469,9.85212923086365e-05,9.89035057699416e-05,0.000100536475264869,9.35015181361357e-05,8.60455611246155e-05,0.000108545649110291,9.89074767209745e-05,9.75428560449722e-05,9.05418341287422e-05,8.83933647164689e-05,9.97859961487554e-05,0.000104365865998046,0.00010014303324024,9.54153123799372e-05,0.000103063796490027,9.09922498040565e-05,9.97754685136867e-05,9.87623043607315e-05,9.91904973339398e-05,9.01334686916653e-05,0.000102229569034856,0.000112680817499331,0.0001008566715432,9.17119876739089e-05,8.88475508030296e-05,9.2484436868023e-05,0.000113334116121523,0.000101735993133802,0.000110981350780859,9.68299368370874e-05,8.42393189498826e-05,9.85461427229707e-05,0.000101895914407432,8.80059506103565e-05,9.59071015796295e-05,8.71391625971624e-05,9.30866284850599e-05,9.98443336071489e-05,0.000101671514356769,9.93784251627924e-05,9.65713653610803e-05,9.03060925005305e-05,9.32193566677327e-05,9.53448311821865e-05,9.10873121838389e-05,9.00362367360383e-05,0.000100434415772634,9.21681535903518e-05,0.000100777606275991,9.25035923387551e-05,9.92024951855572e-05,9.71129942755545e-05,8.68796151922568e-05,0.000100752601648556,9.712882220594e-05
1918946,9.3086034767634e-05,7.48893135945073e-05,7.54776318892995e-05,7.85976655225636e-05,7.91558816777881e-05,8.20691880559488e-05,6.4926507444713e-05,7.76429586633478e-05,8.76632935595598e-05,7.74969851520082e-05,9.20937072657618e-05,6.65570433012293e-05,8.43225011351106e-05,7.68889936512214e-05,7.07411033655456e-05,7.78694602629014e-05,8.15666470433864e-05,7.38165666520537e-05,8.2162517459535e-05,6.87411683104248e-05,7.710704170879e-05,7.65820677001188e-05,7.94402113109621e-05,8.71080554007232e-05,7.9325111021159e-05,6.81667847663226e-05,7.19118087608929e-05,7.52161964205782e-05,8.08081624324873e-05,8.63172685777287e-05,7.57781100356449e-05,7.51300176179891e-05,8.56066409788508e-05,7.59904314728865e-05,9.3197076123504e-05,7.80959643209576e-05,7.76083587306687e-05,8.11203318722911e-05,8.10471289054585e-05,7.74705990273214e-05,8.27740365707807e-05,8.24766259188786e-05,7.00070743990972e-05,7.07579056165351e-05,8.04685340146867e-05,8.18660787902533e-05,7.40250926402262e-05,7.14328996288938e-05,7.91377099827556e-05,7.54066618434331e-05,7.71073606604019e-05,7.38197588766669e-05,8.96016613202146e-05,8.30802529848123e-05,8.00495506718659e-05,7.10015282561956e-05,8.07007465919524e-05,7.89024931577583e-05,9.19766429823805e-05,8.3017668531797e-05,8.48698308968619e-05,7.70537943193954e-05,8.43463267354167e-05,8.31139888294799e-05,7.31088418036357e-05,7.3852041162011e-05,7.9640189707016e-05,8.64166737043882e-05,7.10860939642103e-05,6.70361101179836e-05,8.31381513819102e-05,8.44681223339749e-05,6.86532756645818e-05,8.51897601908251e-05,6.57340808579483e-05,7.72062010575895e-05,7.7916955694902e-05,8.5321521446109e-05,6.81661289437427e-05,7.57377425249475e-05,7.24285240208103e-05,6.47193662920469e-05,8.3792680150771e-05,8.04472013099699e-05,7.52204900614927e-05,6.89518015510166e-05,8.49261603959775e-05,7.03829536508141e-05,6.84034529645325e-05,7.3724667578256e-05,8.4634296591874e-05,8.0753457605479e-05,7.49279220970257e-05,7.50573072683874e-05,7.8699250813018e-05
657387,5.90098970401965e-05,6.59025959631664e-05,7.44293314463925e-05,6.71883269789656e-05,6.55863019615958e-05,6.08058075141803e-05,7.1496451650428e-05,7.11408389723285e-05,7.11230494917183e-05,6.97472866368074e-05,6.90702804493214e-05,6.75358233497768e-05,5.89176450238914e-05,6.40741613760179e-05,7.26225156890974e-05,6.73042571116535e-05,5.74512905262113e-05,7.21761985042303e-05,6.83536909957476e-05,7.39096772059454e-05,6.0380117316936e-05,6.67638538924112e-05,6.93154784968199e-05,6.09280387502326e-05,6.57265205603888e-05,6.85875673883369e-05,6.70007584064904e-05,6.61902528501088e-05,5.65657137027411e-05,6.84348065616255e-05,6.35370307221945e-05,6.96660163366808e-05,6.02740635463337e-05,6.34559273124104e-05,6.54362449377794e-05,6.16757872073204e-05,5.74301854606949e-05,6.87269478362466e-05,8.00936332712767e-05,7.04278172975649e-05,7.75249513248287e-05,7.11831460212728e-05,8.00080850275396e-05,6.19131674144682e-05,5.65669892578491e-05,6.94399775453041e-05,6.53162582119643e-05,7.14328996288938e-05,7.42995967087007e-05,7.24741805495219e-05,6.55618735026946e-05,7.19106271815807e-05,5.9295217050142e-05,6.56660514858123e-05,6.33725609485605e-05,6.54868464498891e-05,5.79578089160386e-05,7.29982249622798e-05,6.63674600343452e-05,6.1670268052192e-05,6.75100927588675e-05,5.79974795952439e-05,6.24521738381383e-05,7.10767904472794e-05,6.70164383199994e-05,6.57215412175695e-05,6.58563107192632e-05,6.16700807799498e-05,5.80294644605799e-05,7.02283058378875e-05,6.05642162384777e-05,6.97197200216936e-05,7.58799362608535e-05,7.18128556980509e-05,6.75300939961436e-05,6.27582570000289e-05,5.79205688351484e-05,6.80756820048742e-05,6.98991661202786e-05,6.2604029948367e-05,7.02337202626039e-05,6.32142647503714e-05,6.56375994514373e-05,6.08674591921994e-05,5.81783477819358e-05,7.29407487481829e-05,7.12641258974941e-05,7.27290521058412e-05,6.99699442537966e-05,6.88560574551636e-05,6.86786505130781e-05,6.99631249081951e-05,6.84923950457474e-05,7.84382670552516e-05,6.57487411855594e-05
980254,4.57118920733917e-05,3.47486415078514e-05,3.2497313730115e-05,3.86649806199708e-05,3.05315543614325e-05,4.0288510500193e-05,3.59414594783232e-05,3.17456431973294e-05,3.52858540113951e-05,3.7887414963204e-05,3.30961760486332e-05,3.91512019418996e-05,3.78370197401137e-05,3.3396229565682e-05,3.53705516827728e-05,2.89564827108277e-05,4.04286859258524e-05,3.19871788825566e-05,3.72838314522259e-05,2.84267989253636e-05,3.63096651432926e-05,3.88801266785218e-05,3.34895008467781e-05,2.80840178614354e-05,3.53563351980023e-05,3.8712001225319e-05,3.22726166146446e-05,3.47665974566228e-05,4.4444489337868e-05,2.88870540260128e-05,3.49745123241438e-05,3.41500080081769e-05,3.75620975723529e-05,3.44698864413093e-05,2.9082775527902e-05,3.84472439733945e-05,3.33715942541876e-05,3.4551252464124e-05,3.86165731843655e-05,4.04959949460998e-05,3.55322693572132e-05,3.4564893019945e-05,3.00030318853274e-05,3.20095287312897e-05,4.10309851659046e-05,3.83747244329312e-05,3.73235761211225e-05,4.13818177160488e-05,3.66314290749873e-05,2.80680352417223e-05,3.25747673378168e-05,3.75462566700289e-05,3.29417872500789e-05,3.88191575081874e-05,3.30204396521447e-05,3.58454317409919e-05,3.77826222680505e-05,3.32786025563334e-05,3.39051154523285e-05,3.32070674127188e-05,3.98631023909503e-05,4.55694482534059e-05,3.84044977050621e-05,3.66847950695635e-05,3.65544209018179e-05,3.31995414398031e-05,3.11413562315896e-05,3.53522756063406e-05,3.55430469821052e-05,3.75969718122024e-05,2.97315243352527e-05,3.15079503944192e-05,2.67386442062055e-05,3.69624992563497e-05,3.05322233493202e-05,3.29593723813101e-05,3.44765290685407e-05,3.40378410024371e-05,3.23500272953355e-05,2.97697485069158e-05,3.02882918632479e-05,3.16071323751857e-05,4.22454762426804e-05,4.21390102099842e-05,3.64349248735355e-05,3.47608255753059e-05,3.21242432802176e-05,3.28453783703799e-05,3.75957909423385e-05,3.30369972638411e-05,2.56677784745847e-05,3.41113743333489e-05,3.40163572710423e-05,3.58381737407615e-05,2.98857914479815e-05
9606,2.7427135244035e-05,2.39645803502423e-05,2.568336085122e-05,2.85233463589948e-05,2.65737602775431e-05,2.23825058334406e-05,3.2076786416138e-05,2.86858221662615e-05,2.92210978531866e-05,2.49712507712026e-05,2.6381009893838e-05,2.44695012136873e-05,2.54048561112192e-05,2.48530080488797e-05,2.44583602061727e-05,2.93477865312442e-05,2.55339069005383e-05,2.37853381434395e-05,1.44992677869768e-05,2.68762462567074e-05,2.69262685332282e-05,2.4741898795423e-05,2.49224192348116e-05,3.23680205860611e-05,2.35708901320015e-05,2.39846094548172e-05,1.99949907286385e-05,2.84150075366629e-05,2.27272956841371e-05,2.85431605257031e-05,2.44821586269006e-05,3.27840076878498e-05,3.27576432317031e-05,2.35021953008927e-05,2.57779146724585e-05,2.08255904855887e-05,2.63868419684274e-05,2.17823113360782e-05,2.57443821229104e-05,2.99318223514651e-05,2.82643051705105e-05,2.73781330851049e-05,2.52657110613283e-05,2.65342146062007e-05,2.0316313043312e-05,2.41212553578425e-05,2.30162052746922e-05,3.34995667225157e-05,2.07347711745211e-05,3.10005165356336e-05,2.84513790672071e-05,2.73642209629024e-05,2.17415795850521e-05,2.50329146548124e-05,2.33477856126275e-05,2.96414147088972e-05,2.27429376759139e-05,2.41538244360485e-05,2.59698756656133e-05,2.75144272848241e-05,3.02188034253978e-05,2.23704564153084e-05,2.65601199081738e-05,3.20991956858681e-05,3.24928185793937e-05,2.77792081435087e-05,2.8078272012089e-05,2.63178051736091e-05,3.15535213004403e-05,2.83750730658131e-05,3.0832691903225e-05,2.74856588547061e-05,1.51759872521707e-05,2.53457137757827e-05,1.93969418925093e-05,2.61868986043286e-05,2.89602844175742e-05,2.85917864420472e-05,3.63937807072525e-05,3.02075389261351e-05,2.89714096083241e-05,3.08545816043479e-05,2.16464423722825e-05,2.55387940666571e-05,2.05681027511894e-05,2.62130815813782e-05,2.40008714162545e-05,2.48016122388583e-05,3.23741533114582e-05,2.53863242132674e-05,2.4280330989472e-05,3.13267723469531e-05,2.29840251831367e-05,2.90762541670329e-05,2.29124401101192e-05
