name	taxonomy_id	taxonomic_lineage
Listeria	1637	d__Bacteria;p__Bacillota;c__Bacilli;o__Bacillales;f__Listeriaceae;g__
Brochothrix	2755	d__Bacteria;p__Bacillota;c__Bacilli;o__Bacillales;f__Listeriaceae;g__
Bacillus	1386	d__Bacteria;p__Bacillota;c__Bacilli;o__Bacillales;f__Bacillaceae;g__
Lysinibacillus	400634	d__Bacteria;p__Bacillota;c__Bacilli;o__Bacillales;f__Bacillaceae;g__
Priestia	2800373	d__Bacteria;p__Bacillota;c__Bacilli;o__Bacillales;f__Bacillaceae;g__
Cytobacillus	2675230	d__Bacteria;p__Bacillota;c__Bacilli;o__Bacillales;f__Bacillaceae;g__
Virgibacillus	84406	d__Bacteria;p__Bacillota;c__Bacilli;o__Bacillales;f__Bacillaceae;g__
Neobacillus	2675232	d__Bacteria;p__Bacillota;c__Bacilli;o__Bacillales;f__Bacillaceae;g__
Caldibacillus	1276290	d__Bacteria;p__Bacillota;c__Bacilli;o__Bacillales;f__Bacillaceae;g__
Anoxybacillus	150247	d__Bacteria;p__Bacillota;c__Bacilli;o__Bacillales;f__Bacillaceae;g__
Mesobacillus	2675231	d__Bacteria;p__Bacillota;c__Bacilli;o__Bacillales;f__Bacillaceae;g__
Gottfriedia	2837503	d__Bacteria;p__Bacillota;c__Bacilli;o__Bacillales;f__Bacillaceae;g__
Peribacillus	2675229	d__Bacteria;p__Bacillota;c__Bacilli;o__Bacillales;f__Bacillaceae;g__
Psychrobacillus	1221880	d__Bacteria;p__Bacillota;c__Bacilli;o__Bacillales;f__Bacillaceae;g__
Sediminibacillus	482460	d__Bacteria;p__Bacillota;c__Bacilli;o__Bacillales;f__Bacillaceae;g__
Halobacillus	45667	d__Bacteria;p__Bacillota;c__Bacilli;o__Bacillales;f__Bacillaceae;g__
Geobacillus	129337	d__Bacteria;p__Bacillota;c__Bacilli;o__Bacillales;f__Bacillaceae;g__
Rossellomorea	2837508	d__Bacteria;p__Bacillota;c__Bacilli;o__Bacillales;f__Bacillaceae;g__

Oceanobacillus	182709	d__Bacteria;p__Bacillota;c__Bacilli;o__Bacillales;f__Bacillaceae;g__
Heyndrickxia	2837504	d__Bacteria;p__Bacillota;c__Bacilli;o__Bacillales;f__Bacillaceae;g__
Metabacillus	2675233	d__Bacteria;p__Bacillota;c__Bacilli;o__Bacillales;f__Bacillaceae;g__
Aeribacillus	1055323	d__Bacteria;p__Bacillota;c__Bacilli;o__Bacillales;f__Bacillaceae;g__
Alkalihalobacillus	2675234	d__Bacteria;p__Bacillota;c__Bacilli;o__Bacillales;f__Bacillaceae;g__
Fictibacillus	1329200	d__Bacteria;p__Bacillota;c__Bacilli;o__Bacillales;f__Bacillaceae;g__
Gracilibacillus	74385	d__Bacteria;p__Bacillota;c__Bacilli;o__Bacillales;f__Bacillaceae;g__
Parageobacillus	1906945	d__Bacteria;p__Bacillota;c__Bacilli;o__Bacillales;f__Bacillaceae;g__
Salicibibacter	2685905	d__Bacteria;p__Bacillota;c__Bacilli;o__Bacillales;f__Bacillaceae;g__
Niallia	2837506	d__Bacteria;p__Bacillota;c__Bacilli;o__Bacillales;f__Bacillaceae;g__
Lentibacillus	175304	d__Bacteria;p__Bacillota;c__Bacilli;o__Bacillales;f__Bacillaceae;g__
Lederbergia	2804231	d__Bacteria;p__Bacillota;c__Bacilli;o__Bacillales;f__Bacillaceae;g__
Sutcliffiella	2837511	d__Bacteria;p__Bacillota;c__Bacilli;o__Bacillales;f__Bacillaceae;g__
Staphylococcus	1279	d__Bacteria;p__Bacillota;c__Bacilli;o__Bacillales;f__Staphylococcaceae;g__
Macrococcus	69965	d__Bacteria;p__Bacillota;c__Bacilli;o__Bacillales;f__Staphylococcaceae;g__
Mammaliicoccus	2803850	d__Bacteria;p__Bacillota;c__Bacilli;o__Bacillales;f__Staphylococcaceae;g__
Jeotgalicoccus	227979	d__Bacteria;p__Bacillota;c__Bacilli;o__Bacillales;f__Staphylococcaceae;g__
Planococcus	1372	d__Bacteria;p__Bacillota;c__Bacilli;o__Bacillales;f__Planococcaceae;g__
Solibacillus	648800	d__Bacteria;p__Bacillota;c__Bacilli;o__Bacillales;f__Planococcaceae;g__
Sporosarcina	1569	d__Bacteria;p__Bacillota;c__Bacilli;o__Bacillales;f__Planococcaceae;g__
Kurthia	1649	d__Bacteria;p__Bacillota;c__Bacilli;o__Bacillales;f__Planococcaceae;g__
Viridibacillus	496496	d__Bacteria;p__Bacillota;c__Bacilli;o__Bacillales;f__Planococcaceae;g__
Paenisporosarcina	651660	d__Bacteria;p__Bacillota;c__Bacilli;o__Bacillales;f__Planococcaceae;g__
Paenibacillus	44249	d__Bacteria;p__Bacillota;c__Bacilli;o__Bacillales;f__Paenibacillaceae;g__
Brevibacillus	55080	d__Bacteria;p__Bacillota;c__Bacilli;o__Bacillales;f__Paenibacillaceae;g__
Aneurinibacillus	55079	d__Bacteria;p__Bacillota;c__Bacilli;o__Bacillales;f__Paenibacillaceae;g__
Cohnella	329857	d__Bacteria;p__Bacillota;c__Bacilli;o__Bacillales;f__Paenibacillaceae;g__
Saccharibacillus	456492	d__Bacteria;p__Bacillota;c__Bacilli;o__Bacillales;f__Paenibacillaceae;g__
Exiguobacterium	33986	d__Bacteria;p__Bacillota;c__Bacilli;o__Bacillales;f__;g__
Gemella	1378	d__Bacteria;p__Bacillota;c__Bacilli;o__Bacillales;f__Gemellaceae;g__
Alicyclobacillus	29330	d__Bacteria;p__Bacillota;c__Bacilli;o__Bacillales;f__Alicyclobacillaceae;g__
Tumebacillus	432330	d__Bacteria;p__Bacillota;c__Bacilli;o__Bacillales;f__Alicyclobacillaceae;g__
Thermoactinomyces	2023	d__Bacteria;p__Bacillota;c__Bacilli;o__Bacillales;f__Thermoactinomycetaceae;g__
Sporolactobacillus	2077	d__Bacteria;p__Bacillota;c__Bacilli;o__Bacillales;f__Sporolactobacillaceae;g__
Enterococcus	1350	d__Bacteria;p__Bacillota;c__Bacilli;o__Lactobacillales;f__Enterococcaceae;g__
Tetragenococcus	51668	d__Bacteria;p__Bacillota;c__Bacilli;o__Lactobacillales;f__Enterococcaceae;g__
Vagococcus	2737	d__Bacteria;p__Bacillota;c__Bacilli;o__Lactobacillales;f__Enterococcaceae;g__
Limosilactobacillus	2742598	d__Bacteria;p__Bacillota;c__Bacilli;o__Lactobacillales;f__Lactobacillaceae;g__
Ligilactobacillus	2767887	d__Bacteria;p__Bacillota;c__Bacilli;o__Lactobacillales;f__Lactobacillaceae;g__
Lactobacillus	1578	d__Bacteria;p__Bacillota;c__Bacilli;o__Lactobacillales;f__Lactobacillaceae;g__
Lactiplantibacillus	2767842	d__Bacteria;p__Bacillota;c__Bacilli;o__Lactobacillales;f__Lactobacillaceae;g__
Latilactobacillus	2767885	d__Bacteria;p__Bacillota;c__Bacilli;o__Lactobacillales;f__Lactobacillaceae;g__
Lacticaseibacillus	2759736	d__Bacteria;p__Bacillota;c__Bacilli;o__Lactobacillales;f__Lactobacillaceae;g__
Leuconostoc	1243	d__Bacteria;p__Bacillota;c__Bacilli;o__Lactobacillales;f__Lactobacillaceae;g__
Fructilactobacillus	2767881	d__Bacteria;p__Bacillota;c__Bacilli;o__Lactobacillales;f__Lactobacillaceae;g__
Companilactobacillus	2767879	d__Bacteria;p__Bacillota;c__Bacilli;o__Lactobacillales;f__Lactobacillaceae;g__
Pediococcus	1253	d__Bacteria;p__Bacillota;c__Bacilli;o__Lactobacillales;f__Lactobacillaceae;g__
Weissella	46255	d__Bacteria;p__Bacillota;c__Bacilli;o__Lactobacillales;f__Lactobacillaceae;g__
Levilactobacillus	2767886	d__Bacteria;p__Bacillota;c__Bacilli;o__Lactobacillales;f__Lactobacillaceae;g__
Loigolactobacillus	2767889	d__Bacteria;p__Bacillota;c__Bacilli;o__Lactobacillales;f__Lactobacillaceae;g__
Bombilactobacillus	2767878	d__Bacteria;p__Bacillota;c__Bacilli;o__Lactobacillales;f__Lactobacillaceae;g__
Paucilactobacillus	2767890	d__Bacteria;p__Bacillota;c__Bacilli;o__Lactobacillales;f__Lactobacillaceae;g__
Liquorilactobacillus	2767888	d__Bacteria;p__Bacillota;c__Bacilli;o__Lactobacillales;f__Lactobacillaceae;g__
Apilactobacillus	2767877	d__Bacteria;p__Bacillota;c__Bacilli;o__Lactobacillales;f__Lactobacillaceae;g__
Lapidilactobacillus	2767884	d__Bacteria;p__Bacillota;c__Bacilli;o__Lactobacillales;f__Lactobacillaceae;g__
Streptococcus	1301	d__Bacteria;p__Bacillota;c__Bacilli;o__Lactobacillales;f__Streptococcaceae;g__
Lactococcus	1357	d__Bacteria;p__Bacillota;c__Bacilli;o__Lactobacillales;f__Streptococcaceae;g__
Carnobacterium	2747	d__Bacteria;p__Bacillota;c__Bacilli;o__Lactobacillales;f__Carnobacteriaceae;g__
Dolosigranulum	29393	d__Bacteria;p__Bacillota;c__Bacilli;o__Lactobacillales;f__Carnobacteriaceae;g__
Jeotgalibaca	1470540	d__Bacteria;p__Bacillota;c__Bacilli;o__Lactobacillales;f__Carnobacteriaceae;g__
Marinilactibacillus	191769	d__Bacteria;p__Bacillota;c__Bacilli;o__Lactobacillales;f__Carnobacteriaceae;g__
Granulicatella	117563	d__Bacteria;p__Bacillota;c__Bacilli;o__Lactobacillales;f__Carnobacteriaceae;g__
Aerococcus	1375	d__Bacteria;p__Bacillota;c__Bacilli;o__Lactobacillales;f__Aerococcaceae;g__
Abiotrophia	46123	d__Bacteria;p__Bacillota;c__Bacilli;o__Lactobacillales;f__Aerococcaceae;g__
Faecalibacterium	216851	d__Bacteria;p__Bacillota;c__Clostridia;o__Eubacteriales;f__Oscillospiraceae;g__
Flavonifractor	946234	d__Bacteria;p__Bacillota;c__Clostridia;o__Eubacteriales;f__Oscillospiraceae;g__
Dysosmobacter	2591381	d__Bacteria;p__Bacillota;c__Clostridia;o__Eubacteriales;f__Oscillospiraceae;g__
Ruthenibacterium	1905344	d__Bacteria;p__Bacillota;c__Clostridia;o__Eubacteriales;f__Oscillospiraceae;g__
Subdoligranulum	292632	d__Bacteria;p__Bacillota;c__Clostridia;o__Eubacteriales;f__Oscillospiraceae;g__
Anaerotruncus	244127	d__Bacteria;p__Bacillota;c__Clostridia;o__Eubacteriales;f__Oscillospiraceae;g__
Ruminococcus	1263	d__Bacteria;p__Bacillota;c__Clostridia;o__Eubacteriales;f__Oscillospiraceae;g__
Vescimonas	2892396	d__Bacteria;p__Bacillota;c__Clostridia;o__Eubacteriales;f__Oscillospiraceae;g__
Oscillibacter	459786	d__Bacteria;p__Bacillota;c__Clostridia;o__Eubacteriales;f__Oscillospiraceae;g__
Solibaculum	2842531	d__Bacteria;p__Bacillota;c__Clostridia;o__Eubacteriales;f__Oscillospiraceae;g__
Pusillibacter	2892397	d__Bacteria;p__Bacillota;c__Clostridia;o__Eubacteriales;f__Oscillospiraceae;g__
Caproicibacterium	2834348	d__Bacteria;p__Bacillota;c__Clostridia;o__Eubacteriales;f__Oscillospiraceae;g__
Monoglobus	2039302	d__Bacteria;p__Bacillota;c__Clostridia;o__Monoglobales;f__Monoglobaceae;g__
Acutalibacter	1918385	d__Bacteria;p__Bacillota;c__Clostridia;o__Eubacteriales;f__Acutalibacteraceae;g__
Ethanoligenens	253238	d__Bacteria;p__Bacillota;c__Clostridia;o__Eubacteriales;f__Oscillospiraceae;g__
Caproiciproducens	1738645	d__Bacteria;p__Bacillota;c__Clostridia;o__Eubacteriales;f__Acutalibacteraceae;g__
Acetivibrio	35829	d__Bacteria;p__Bacillota;c__Clostridia;o__Eubacteriales;f__Oscillospiraceae;g__
Caproicibacter	2576755	d__Bacteria;p__Bacillota;c__Clostridia;o__Eubacteriales;f__Acutalibacteraceae;g__
Thermoclostridium	2304691	d__Bacteria;p__Bacillota;c__Clostridia;o__Eubacteriales;f__Oscillospiraceae;g__
Pseudoclostridium	2304693	d__Bacteria;p__Bacillota;c__Clostridia;o__Eubacteriales;f__Oscillospiraceae;g__
Ruminiclostridium	1508657	d__Bacteria;p__Bacillota;c__Clostridia;o__Eubacteriales;f__Oscillospiraceae;g__
Mageeibacillus	1637257	d__Bacteria;p__Bacillota;c__Clostridia;o__Eubacteriales;f__Oscillospiraceae;g__
Blautia	572511	d__Bacteria;p__Bacillota;c__Clostridia;o__Lachnospirales;f__Lachnospiraceae;g__
Mediterraneibacter	2316020	d__Bacteria;p__Bacillota;c__Clostridia;o__Lachnospirales;f__Lachnospiraceae;g__
Roseburia	841	d__Bacteria;p__Bacillota;c__Clostridia;o__Lachnospirales;f__Lachnospiraceae;g__
Anaerostipes	207244	d__Bacteria;p__Bacillota;c__Clostridia;o__Lachnospirales;f__Lachnospiraceae;g__
Sellimonas	1769710	d__Bacteria;p__Bacillota;c__Clostridia;o__Lachnospirales;f__Lachnospiraceae;g__
Enterocloster	2719313	d__Bacteria;p__Bacillota;c__Clostridia;o__Lachnospirales;f__Lachnospiraceae;g__
Anaerobutyricum	2569097	d__Bacteria;p__Bacillota;c__Clostridia;o__Lachnospirales;f__Lachnospiraceae;g__
Dorea	189330	d__Bacteria;p__Bacillota;c__Clostridia;o__Lachnospirales;f__Lachnospiraceae;g__
Coprococcus	33042	d__Bacteria;p__Bacillota;c__Clostridia;o__Lachnospirales;f__Lachnospiraceae;g__
Lachnoclostridium	1506553	d__Bacteria;p__Bacillota;c__Clostridia;o__Lachnospirales;f__Lachnospiraceae;g__
Lachnospira	28050	d__Bacteria;p__Bacillota;c__Clostridia;o__Lachnospirales;f__Lachnospiraceae;g__
Simiaoa	2944193	d__Bacteria;p__Bacillota;c__Clostridia;o__Lachnospirales;f__Lachnospiraceae;g__
Faecalicatena	2005359	d__Bacteria;p__Bacillota;c__Clostridia;o__Lachnospirales;f__Lachnospiraceae;g__
Butyrivibrio	830	d__Bacteria;p__Bacillota;c__Clostridia;o__Lachnospirales;f__Lachnospiraceae;g__
Wansuia	2944198	d__Bacteria;p__Bacillota;c__Clostridia;o__Lachnospirales;f__Lachnospiraceae;g__
Marvinbryantia	248744	d__Bacteria;p__Bacillota;c__Clostridia;o__Lachnospirales;f__Lachnospiraceae;g__
Lacrimispora	2719231	d__Bacteria;p__Bacillota;c__Clostridia;o__Lachnospirales;f__Lachnospiraceae;g__
Wujia	2944152	d__Bacteria;p__Bacillota;c__Clostridia;o__Lachnospirales;f__Lachnospiraceae;g__
Pseudobutyrivibrio	46205	d__Bacteria;p__Bacillota;c__Clostridia;o__Lachnospirales;f__Lachnospiraceae;g__
Anaerocolumna	1843210	d__Bacteria;p__Bacillota;c__Clostridia;o__Lachnospirales;f__Lachnospiraceae;g__
Qiania	2944195	d__Bacteria;p__Bacillota;c__Clostridia;o__Lachnospirales;f__Lachnospiraceae;g__
Novisyntrophococcus	2888809	d__Bacteria;p__Bacillota;c__Clostridia;o__Lachnospirales;f__Lachnospiraceae;g__
Lachnoanaerobaculum	1164882	d__Bacteria;p__Bacillota;c__Clostridia;o__Lachnospirales;f__Lachnospiraceae;g__
Anaeromicropila	3024823	d__Bacteria;p__Bacillota;c__Clostridia;o__Lachnospirales;f__Lachnospiraceae;g__
Herbinix	1663717	d__Bacteria;p__Bacillota;c__Clostridia;o__Lachnospirales;f__Lachnospiraceae;g__
Anaerotignum	2039240	d__Bacteria;p__Bacillota;c__Clostridia;o__Lachnospirales;f__Anaerotignaceae;g__
Serpentinicella	1890059	d__Bacteria;p__Bacillota;c__Clostridia;o__Peptostreptococcales;f__Natronincolaceae;g__
Clostridium	1485	d__Bacteria;p__Bacillota;c__Clostridia;o__Eubacteriales;f__Clostridiaceae;g__
Hungatella	1649459	d__Bacteria;p__Bacillota;c__Clostridia;o__Eubacteriales;f__Clostridiaceae;g__
Caloramator	44258	d__Bacteria;p__Bacillota;c__Clostridia;o__Eubacteriales;f__Clostridiaceae;g__
Alkaliphilus	114627	d__Bacteria;p__Bacillota;c__Clostridia;o__Peptostreptococcales;f__Natronincolaceae;g__
Oceanirhabdus	1434026	d__Bacteria;p__Bacillota;c__Clostridia;o__Eubacteriales;f__Clostridiaceae;g__
Sarcina	1266	d__Bacteria;p__Bacillota;c__Clostridia;o__Eubacteriales;f__Clostridiaceae;g__
Candidatus Arthromitus	49082	d__Bacteria;p__Bacillota;c__Clostridia;o__Eubacteriales;f__Clostridiaceae;g__
Crassaminicella	1848399	d__Bacteria;p__Bacillota;c__Clostridia;o__Eubacteriales;f__Clostridiaceae;g__
Clostridioides	1870884	d__Bacteria;p__Bacillota;c__Clostridia;o__Peptostreptococcales;f__Peptostreptococcaceae;g__
Romboutsia	1501226	d__Bacteria;p__Bacillota;c__Clostridia;o__Peptostreptococcales;f__Peptostreptococcaceae;g__
Paeniclostridium	1849828	d__Bacteria;p__Bacillota;c__Clostridia;o__Peptostreptococcales;f__Peptostreptococcaceae;g__
Terrisporobacter	1505652	d__Bacteria;p__Bacillota;c__Clostridia;o__Peptostreptococcales;f__Peptostreptococcaceae;g__
Peptacetobacter	2743582	d__Bacteria;p__Bacillota;c__Clostridia;o__Peptostreptococcales;f__Peptostreptococcaceae;g__
Eubacterium	1730	d__Bacteria;p__Bacillota;c__Clostridia;o__Eubacteriales;f__Eubacteriaceae;g__
Acetobacterium	33951	d__Bacteria;p__Bacillota;c__Clostridia;o__Eubacteriales;f__Eubacteriaceae;g__
Flintibacter	1918454	d__Bacteria;p__Bacillota;c__Clostridia;o__Eubacteriales;f__;g__
Massilistercora	2717089	d__Bacteria;p__Bacillota;c__Clostridia;o__Eubacteriales;f__;g__
Intestinimonas	1392389	d__Bacteria;p__Bacillota;c__Clostridia;o__Eubacteriales;f__;g__
Emergencia	1926556	d__Bacteria;p__Bacillota;c__Clostridia;o__Peptostreptococcales;f__Anaerovoracaceae;g__
Mogibacterium	86331	d__Bacteria;p__Bacillota;c__Clostridia;o__Peptostreptococcales;f__Anaerovoracaceae;g__
Aminipila	2060094	d__Bacteria;p__Bacillota;c__Clostridia;o__Peptostreptococcales;f__Anaerovoracaceae;g__
Desulfitobacterium	36853	d__Bacteria;p__Bacillota;c__Clostridia;o__Eubacteriales;f__Desulfitobacteriaceae;g__
Desulfosporosinus	79206	d__Bacteria;p__Bacillota;c__Clostridia;o__Eubacteriales;f__Desulfitobacteriaceae;g__
Christensenella	990721	d__Bacteria;p__Bacillota;c__Clostridia;o__Christensenellales;f__Christensenellaceae;g__
Vallitalea	1348611	d__Bacteria;p__Bacillota;c__Clostridia;o__Lachnospirales;f__Vallitaleaceae;g__
Cellulosilyticum	698776	d__Bacteria;p__Bacillota;c__Clostridia;o__Lachnospirales;f__Cellulosilyticaceae;g__
Caldinitratiruptor	1006480	d__Bacteria;p__Bacillota;c__Clostridia;o__Eubacteriales;f__Symbiobacteriaceae;g__
Ammonifex	42837	d__Bacteria;p__Bacillota;c__Clostridia;o__Thermoanaerobacterales;f__Thermoanaerobacteraceae;g__
Moorella	44260	d__Bacteria;p__Bacillota;c__Clostridia;o__Moorellales;f__Moorellaceae;g__
Thermoanaerobacter	1754	d__Bacteria;p__Bacillota;c__Clostridia;o__Thermoanaerobacterales;f__Thermoanaerobacteraceae;g__
Caldicellulosiruptor	44000	d__Bacteria;p__Bacillota;c__;o__Caldicellulosiruptorales;f__Caldicellulosiruptoraceae;g__
Thermoanaerobacterium	28895	d__Bacteria;p__Bacillota;c__Clostridia;o__Thermoanaerobacterales;f__Thermoanaerobacteraceae;g__
Acetohalobium	28186	d__Bacteria;p__Bacillota;c__Clostridia;o__Halanaerobiales;f__Halobacteroidaceae;g__
Megasphaera	906	d__Bacteria;p__Bacillota;c__Negativicutes;o__Veillonellales;f__Veillonellaceae;g__
Veillonella	29465	d__Bacteria;p__Bacillota;c__Negativicutes;o__Veillonellales;f__Veillonellaceae;g__
Dialister	39948	d__Bacteria;p__Bacillota;c__Negativicutes;o__Veillonellales;f__Veillonellaceae;g__
Phascolarctobacterium	33024	d__Bacteria;p__Bacillota;c__Negativicutes;o__Acidaminococcales;f__Acidaminococcaceae;g__
Acidaminococcus	904	d__Bacteria;p__Bacillota;c__Negativicutes;o__Acidaminococcales;f__Acidaminococcaceae;g__
Megamonas	158846	d__Bacteria;p__Bacillota;c__Negativicutes;o__Selenomonadales;f__Selenomonadaceae;g__
Selenomonas	970	d__Bacteria;p__Bacillota;c__Negativicutes;o__Selenomonadales;f__Selenomonadaceae;g__
Thomasclavelia	3025755	d__Bacteria;p__Bacillota;c__Erysipelotrichia;o__Erysipelotrichales;f__Coprobacillaceae;g__
Catenibacterium	135858	d__Bacteria;p__Bacillota;c__Erysipelotrichia;o__Erysipelotrichales;f__Coprobacillaceae;g__
Faecalibacillus	2678885	d__Bacteria;p__Bacillota;c__Erysipelotrichia;o__Erysipelotrichales;f__Coprobacillaceae;g__
Faecalitalea	1573534	d__Bacteria;p__Bacillota;c__Erysipelotrichia;o__Erysipelotrichales;f__Erysipelotrichaceae;g__
Amedibacterium	2749267	d__Bacteria;p__Bacillota;c__Erysipelotrichia;o__Erysipelotrichales;f__Erysipelotrichaceae;g__
Longicatena	1918536	d__Bacteria;p__Bacillota;c__Erysipelotrichia;o__Erysipelotrichales;f__Erysipelotrichaceae;g__
Erysipelothrix	1647	d__Bacteria;p__Bacillota;c__Erysipelotrichia;o__Erysipelotrichales;f__Erysipelotrichaceae;g__
Allobaculum	174708	d__Bacteria;p__Bacillota;c__Erysipelotrichia;o__Erysipelotrichales;f__Erysipelotrichaceae;g__
Faecalibaculum	1729679	d__Bacteria;p__Bacillota;c__Erysipelotrichia;o__Erysipelotrichales;f__Erysipelotrichaceae;g__
Turicibacter	191303	d__Bacteria;p__Bacillota;c__Erysipelotrichia;o__Erysipelotrichales;f__Turicibacteraceae;g__
Gudongella	2692382	d__Bacteria;p__Bacillota;c__Tissierellia;o__Tissierellales;f__Tissierellaceae;g__
Anaerococcus	165779	d__Bacteria;p__Bacillota;c__Tissierellia;o__Tissierellales;f__Peptoniphilaceae;g__
Finegoldia	150022	d__Bacteria;p__Bacillota;c__Tissierellia;o__Tissierellales;f__Peptoniphilaceae;g__
Peptoniphilus	162289	d__Bacteria;p__Bacillota;c__Tissierellia;o__Tissierellales;f__Peptoniphilaceae;g__
Parvimonas	543311	d__Bacteria;p__Bacillota;c__Tissierellia;o__Tissierellales;f__Peptoniphilaceae;g__
Bifidobacterium	1678	d__Bacteria;p__Actinomycetota;c__Actinomycetes;o__Bifidobacteriales;f__Bifidobacteriaceae;g__
Gardnerella	2701	d__Bacteria;p__Actinomycetota;c__Actinomycetes;o__Bifidobacteriales;f__Bifidobacteriaceae;g__
Cutibacterium	1912216	d__Bacteria;p__Actinomycetota;c__Actinomycetes;o__Propionibacteriales;f__Propionibacteriaceae;g__
Tessaracoccus	72763	d__Bacteria;p__Actinomycetota;c__Actinomycetes;o__Propionibacteriales;f__Propionibacteriaceae;g__
Microlunatus	29404	d__Bacteria;p__Actinomycetota;c__Actinomycetes;o__Propionibacteriales;f__Propionibacteriaceae;g__
Propioniciclava	1085622	d__Bacteria;p__Actinomycetota;c__Actinomycetes;o__Propionibacteriales;f__Propionibacteriaceae;g__
Acidipropionibacterium	1912215	d__Bacteria;p__Actinomycetota;c__Actinomycetes;o__Propionibacteriales;f__Propionibacteriaceae;g__
Arachnia	2801844	d__Bacteria;p__Actinomycetota;c__Actinomycetes;o__Propionibacteriales;f__Propionibacteriaceae;g__
Nocardioides	1839	d__Bacteria;p__Actinomycetota;c__Actinomycetes;o__Propionibacteriales;f__Nocardioidaceae;g__
Aeromicrobium	2040	d__Bacteria;p__Actinomycetota;c__Actinomycetes;o__Propionibacteriales;f__Nocardioidaceae;g__
Friedmanniella	53387	d__Bacteria;p__Actinomycetota;c__Actinomycetes;o__Propionibacteriales;f__Nocardioidaceae;g__
Marmoricola	86795	d__Bacteria;p__Actinomycetota;c__Actinomycetes;o__Propionibacteriales;f__Nocardioidaceae;g__
Kribbella	182639	d__Bacteria;p__Actinomycetota;c__Actinomycetes;o__Propionibacteriales;f__Kribbellaceae;g__
Actinopolymorpha	117156	d__Bacteria;p__Actinomycetota;c__Actinomycetes;o__Propionibacteriales;f__Actinopolymorphaceae;g__
Corynebacterium	1716	d__Bacteria;p__Actinomycetota;c__Actinomycetes;o__Mycobacteriales;f__Corynebacteriaceae;g__
Mycolicibacterium	1866885	d__Bacteria;p__Actinomycetota;c__Actinomycetes;o__Mycobacteriales;f__Mycobacteriaceae;g__
Mycobacterium	1763	d__Bacteria;p__Actinomycetota;c__Actinomycetes;o__Mycobacteriales;f__Mycobacteriaceae;g__
Mycolicibacter	1073531	d__Bacteria;p__Actinomycetota;c__Actinomycetes;o__Mycobacteriales;f__Mycobacteriaceae;g__
Mycobacteroides	670516	d__Bacteria;p__Actinomycetota;c__Actinomycetes;o__Mycobacteriales;f__Mycobacteriaceae;g__
Rhodococcus	1827	d__Bacteria;p__Actinomycetota;c__Actinomycetes;o__Mycobacteriales;f__Nocardiaceae;g__
Nocardia	1817	d__Bacteria;p__Actinomycetota;c__Actinomycetes;o__Mycobacteriales;f__Nocardiaceae;g__
Gordonia	2053	d__Bacteria;p__Actinomycetota;c__Actinomycetes;o__Mycobacteriales;f__Gordoniaceae;g__
Tsukamurella	2060	d__Bacteria;p__Actinomycetota;c__Actinomycetes;o__Mycobacteriales;f__Tsukamurellaceae;g__
Dietzia	37914	d__Bacteria;p__Actinomycetota;c__Actinomycetes;o__Mycobacteriales;f__Dietziaceae;g__
Lawsonella	1847725	d__Bacteria;p__Actinomycetota;c__Actinomycetes;o__Mycobacteriales;f__Lawsonellaceae;g__
Rothia	32207	d__Bacteria;p__Actinomycetota;c__Actinomycetes;o__Micrococcales;f__Micrococcaceae;g__
Kocuria	57493	d__Bacteria;p__Actinomycetota;c__Actinomycetes;o__Micrococcales;f__Micrococcaceae;g__
Micrococcus	1269	d__Bacteria;p__Actinomycetota;c__Actinomycetes;o__Micrococcales;f__Micrococcaceae;g__
Arthrobacter	1663	d__Bacteria;p__Actinomycetota;c__Actinomycetes;o__Micrococcales;f__Micrococcaceae;g__
Pseudarthrobacter	1742993	d__Bacteria;p__Actinomycetota;c__Actinomycetes;o__Micrococcales;f__Micrococcaceae;g__
Glutamicibacter	1742989	d__Bacteria;p__Actinomycetota;c__Actinomycetes;o__Micrococcales;f__Micrococcaceae;g__
Citricoccus	169133	d__Bacteria;p__Actinomycetota;c__Actinomycetes;o__Micrococcales;f__Micrococcaceae;g__
Microbacterium	33882	d__Bacteria;p__Actinomycetota;c__Actinomycetes;o__Micrococcales;f__Microbacteriaceae;g__
Curtobacterium	2034	d__Bacteria;p__Actinomycetota;c__Actinomycetes;o__Micrococcales;f__Microbacteriaceae;g__
Agromyces	33877	d__Bacteria;p__Actinomycetota;c__Actinomycetes;o__Micrococcales;f__Microbacteriaceae;g__
Agrococcus	46352	d__Bacteria;p__Actinomycetota;c__Actinomycetes;o__Micrococcales;f__Microbacteriaceae;g__
Leifsonia	110932	d__Bacteria;p__Actinomycetota;c__Actinomycetes;o__Micrococcales;f__Microbacteriaceae;g__
Rathayibacter	33886	d__Bacteria;p__Actinomycetota;c__Actinomycetes;o__Micrococcales;f__Microbacteriaceae;g__
Leucobacter	55968	d__Bacteria;p__Actinomycetota;c__Actinomycetes;o__Micrococcales;f__Microbacteriaceae;g__
Cryobacterium	69578	d__Bacteria;p__Actinomycetota;c__Actinomycetes;o__Micrococcales;f__Microbacteriaceae;g__
Clavibacter	1573	d__Bacteria;p__Actinomycetota;c__Actinomycetes;o__Micrococcales;f__Microbacteriaceae;g__
Frondihabitans	447237	d__Bacteria;p__Actinomycetota;c__Actinomycetes;o__Micrococcales;f__Microbacteriaceae;g__
Cellulomonas	1707	d__Bacteria;p__Actinomycetota;c__Actinomycetes;o__Micrococcales;f__Cellulomonadaceae;g__
Pseudactinotalea	1926259	d__Bacteria;p__Actinomycetota;c__Actinomycetes;o__Micrococcales;f__Cellulomonadaceae;g__
Brevibacterium	1696	d__Bacteria;p__Actinomycetota;c__Actinomycetes;o__Micrococcales;f__Brevibacteriaceae;g__
Ornithinimicrobium	125287	d__Bacteria;p__Actinomycetota;c__Actinomycetes;o__Micrococcales;f__Ornithinimicrobiaceae;g__
Serinicoccus	265976	d__Bacteria;p__Actinomycetota;c__Actinomycetes;o__Micrococcales;f__Ornithinimicrobiaceae;g__
Brachybacterium	43668	d__Bacteria;p__Actinomycetota;c__Actinomycetes;o__Micrococcales;f__Dermabacteraceae;g__
Dermabacter	36739	d__Bacteria;p__Actinomycetota;c__Actinomycetes;o__Micrococcales;f__Dermabacteraceae;g__
Janibacter	53457	d__Bacteria;p__Actinomycetota;c__Actinomycetes;o__Micrococcales;f__Intrasporangiaceae;g__
Xylanimonas	186188	d__Bacteria;p__Actinomycetota;c__Actinomycetes;o__Micrococcales;f__Promicromonosporaceae;g__
Cellulosimicrobium	157920	d__Bacteria;p__Actinomycetota;c__Actinomycetes;o__Micrococcales;f__Promicromonosporaceae;g__
Beutenbergia	84756	d__Bacteria;p__Actinomycetota;c__Actinomycetes;o__Micrococcales;f__Beutenbergiaceae;g__
Ruania	626119	d__Bacteria;p__Actinomycetota;c__Actinomycetes;o__Micrococcales;f__Ruaniaceae;g__
Dermacoccus	57495	d__Bacteria;p__Actinomycetota;c__Actinomycetes;o__Micrococcales;f__Dermacoccaceae;g__
Georgenia	154116	d__Bacteria;p__Actinomycetota;c__Actinomycetes;o__Micrococcales;f__Bogoriellaceae;g__
Kytococcus	57499	d__Bacteria;p__Actinomycetota;c__Actinomycetes;o__Micrococcales;f__Kytococcaceae;g__
Actinomyces	1654	d__Bacteria;p__Actinomycetota;c__Actinomycetes;o__Actinomycetales;f__Actinomycetaceae;g__
Schaalia	2529408	d__Bacteria;p__Actinomycetota;c__Actinomycetes;o__Actinomycetales;f__Actinomycetaceae;g__
Fannyhessea	2767327	d__Bacteria;p__Actinomycetota;c__Coriobacteriia;o__Coriobacteriales;f__Atopobiaceae;g__
Pauljensenia	2740557	d__Bacteria;p__Actinomycetota;c__Actinomycetes;o__Actinomycetales;f__Actinomycetaceae;g__
Varibaculum	184869	d__Bacteria;p__Actinomycetota;c__Actinomycetes;o__Actinomycetales;f__Actinomycetaceae;g__
Streptomyces	1883	d__Bacteria;p__Actinomycetota;c__Actinomycetes;o__Kitasatosporales;f__Streptomycetaceae;g__
Kitasatospora	2063	d__Bacteria;p__Actinomycetota;c__Actinomycetes;o__Kitasatosporales;f__Streptomycetaceae;g__
Actinacidiphila	2995702	d__Bacteria;p__Actinomycetota;c__Actinomycetes;o__Kitasatosporales;f__Streptomycetaceae;g__
Peterkaempfera	2995704	d__Bacteria;p__Actinomycetota;c__Actinomycetes;o__Kitasatosporales;f__Streptomycetaceae;g__
Amycolatopsis	1813	d__Bacteria;p__Actinomycetota;c__Actinomycetes;o__Pseudonocardiales;f__Pseudonocardiaceae;g__
Pseudonocardia	1847	d__Bacteria;p__Actinomycetota;c__Actinomycetes;o__Pseudonocardiales;f__Pseudonocardiaceae;g__
Saccharopolyspora	1835	d__Bacteria;p__Actinomycetota;c__Actinomycetes;o__Pseudonocardiales;f__Pseudonocardiaceae;g__
Saccharothrix	2071	d__Bacteria;p__Actinomycetota;c__Actinomycetes;o__Pseudonocardiales;f__Pseudonocardiaceae;g__
Saccharomonospora	1851	d__Bacteria;p__Actinomycetota;c__Actinomycetes;o__Pseudonocardiales;f__Pseudonocardiaceae;g__
Actinoalloteichus	65496	d__Bacteria;p__Actinomycetota;c__Actinomycetes;o__Pseudonocardiales;f__Pseudonocardiaceae;g__
Lentzea	165301	d__Bacteria;p__Actinomycetota;c__Actinomycetes;o__Pseudonocardiales;f__Pseudonocardiaceae;g__
Allokutzneria	1137960	d__Bacteria;p__Actinomycetota;c__Actinomycetes;o__Pseudonocardiales;f__Pseudonocardiaceae;g__
Kutzneria	43356	d__Bacteria;p__Actinomycetota;c__Actinomycetes;o__Pseudonocardiales;f__Pseudonocardiaceae;g__
Actinosynnema	40566	d__Bacteria;p__Actinomycetota;c__Actinomycetes;o__Pseudonocardiales;f__Pseudonocardiaceae;g__
Micromonospora	1873	d__Bacteria;p__Actinomycetota;c__Actinomycetes;o__Micromonosporales;f__Micromonosporaceae;g__
Actinoplanes	1865	d__Bacteria;p__Actinomycetota;c__Actinomycetes;o__Micromonosporales;f__Micromonosporaceae;g__
Dactylosporangium	35753	d__Bacteria;p__Actinomycetota;c__Actinomycetes;o__Micromonosporales;f__Micromonosporaceae;g__
Phytohabitans	907364	d__Bacteria;p__Actinomycetota;c__Actinomycetes;o__Micromonosporales;f__Micromonosporaceae;g__
Plantactinospora	673534	d__Bacteria;p__Actinomycetota;c__Actinomycetes;o__Micromonosporales;f__Micromonosporaceae;g__
Actinocatenispora	390988	d__Bacteria;p__Actinomycetota;c__Actinomycetes;o__Micromonosporales;f__Micromonosporaceae;g__
Couchioplanes	56433	d__Bacteria;p__Actinomycetota;c__Actinomycetes;o__Micromonosporales;f__Micromonosporaceae;g__
Nonomuraea	83681	d__Bacteria;p__Actinomycetota;c__Actinomycetes;o__Streptosporangiales;f__Streptosporangiaceae;g__
Streptosporangium	2000	d__Bacteria;p__Actinomycetota;c__Actinomycetes;o__Streptosporangiales;f__Streptosporangiaceae;g__
Nocardiopsis	2013	d__Bacteria;p__Actinomycetota;c__Actinomycetes;o__Streptosporangiales;f__Nocardiopsaceae;g__
Actinomadura	1988	d__Bacteria;p__Actinomycetota;c__Actinomycetes;o__Streptosporangiales;f__Thermomonosporaceae;g__
Thermomonospora	2019	d__Bacteria;p__Actinomycetota;c__Actinomycetes;o__Streptosporangiales;f__Thermomonosporaceae;g__
Modestobacter	88138	d__Bacteria;p__Actinomycetota;c__Actinomycetes;o__Geodermatophilales;f__Geodermatophilaceae;g__
Geodermatophilus	1860	d__Bacteria;p__Actinomycetota;c__Actinomycetes;o__Geodermatophilales;f__Geodermatophilaceae;g__
Blastococcus	38501	d__Bacteria;p__Actinomycetota;c__Actinomycetes;o__Geodermatophilales;f__Geodermatophilaceae;g__
Nakamurella	53460	d__Bacteria;p__Actinomycetota;c__Actinomycetes;o__Nakamurellales;f__Nakamurellaceae;g__
Frankia	1854	d__Bacteria;p__Actinomycetota;c__Actinomycetes;o__Frankiales;f__Frankiaceae;g__
Catenulispora	414878	d__Bacteria;p__Actinomycetota;c__Actinomycetes;o__Catenulisporales;f__Catenulisporaceae;g__
Collinsella	102106	d__Bacteria;p__Actinomycetota;c__Coriobacteriia;o__Coriobacteriales;f__Coriobacteriaceae;g__
Parolsenella	2082587	d__Bacteria;p__Actinomycetota;c__Coriobacteriia;o__Coriobacteriales;f__Atopobiaceae;g__
Olsenella	133925	d__Bacteria;p__Actinomycetota;c__Coriobacteriia;o__Coriobacteriales;f__Atopobiaceae;g__
Parafannyhessea	2847312	d__Bacteria;p__Actinomycetota;c__Coriobacteriia;o__Coriobacteriales;f__Atopobiaceae;g__
Thermophilibacter	2847307	d__Bacteria;p__Actinomycetota;c__Coriobacteriia;o__Coriobacteriales;f__Atopobiaceae;g__
Leptogranulimonas	2995122	d__Bacteria;p__Actinomycetota;c__Coriobacteriia;o__Coriobacteriales;f__Atopobiaceae;g__
Eggerthella	84111	d__Bacteria;p__Actinomycetota;c__Coriobacteriia;o__Eggerthellales;f__Eggerthellaceae;g__
Gordonibacter	644652	d__Bacteria;p__Actinomycetota;c__Coriobacteriia;o__Eggerthellales;f__Eggerthellaceae;g__
Adlercreutzia	447020	d__Bacteria;p__Actinomycetota;c__Coriobacteriia;o__Eggerthellales;f__Eggerthellaceae;g__
Berryella	2815775	d__Bacteria;p__Actinomycetota;c__Coriobacteriia;o__Eggerthellales;f__Eggerthellaceae;g__
Xiamenia	2981344	d__Bacteria;p__Actinomycetota;c__Coriobacteriia;o__Eggerthellales;f__Eggerthellaceae;g__
Slackia	84108	d__Bacteria;p__Actinomycetota;c__Coriobacteriia;o__Eggerthellales;f__Eggerthellaceae;g__
Phoenicibacter	1981050	d__Bacteria;p__Actinomycetota;c__Coriobacteriia;o__Eggerthellales;f__Eggerthellaceae;g__
Arabiibacter	2005386	d__Bacteria;p__Actinomycetota;c__Coriobacteriia;o__Eggerthellales;f__Eggerthellaceae;g__
Conexibacter	191494	d__Bacteria;p__Actinomycetota;c__Thermoleophilia;o__Solirubrobacterales;f__Conexibacteraceae;g__
Paraconexibacter	2758920	d__Bacteria;p__Actinomycetota;c__Thermoleophilia;o__Solirubrobacterales;f__Paraconexibacteraceae;g__
Miltoncostaea	2843200	d__Bacteria;p__Actinomycetota;c__Thermoleophilia;o__Miltoncostaeales;f__Miltoncostaeaceae;g__
Aquihabitans	1648491	d__Bacteria;p__Actinomycetota;c__Acidimicrobiia;o__Acidimicrobiales;f__Iamiaceae;g__
Iamia	467975	d__Bacteria;p__Actinomycetota;c__Acidimicrobiia;o__Acidimicrobiales;f__Iamiaceae;g__
Rubrobacter	42255	d__Bacteria;p__Actinomycetota;c__Rubrobacteria;o__Rubrobacterales;f__Rubrobacteraceae;g__
Baekduia	2600304	d__Bacteria;p__Actinomycetota;c__Thermoleophilia;o__Solirubrobacterales;f__Baekduiaceae;g__
Cyanobacterium	102234	d__Bacteria;p__Cyanobacteriota;c__Cyanophyceae;o__Chroococcales;f__Geminocystaceae;g__
Chondrocystis	268175	d__Bacteria;p__Cyanobacteriota;c__Cyanophyceae;o__Chroococcales;f__Chroococcaceae;g__
Planktothrix	54304	d__Bacteria;p__Cyanobacteriota;c__Cyanophyceae;o__Oscillatoriales;f__Microcoleaceae;g__
Moorena	1155738	d__Bacteria;p__Cyanobacteriota;c__Cyanophyceae;o__Oscillatoriales;f__Oscillatoriaceae;g__
Synechococcus	1129	d__Bacteria;p__Cyanobacteriota;c__Cyanophyceae;o__Synechococcales;f__Synechococcaceae;g__
Cyanobium	167375	d__Bacteria;p__Cyanobacteriota;c__Cyanophyceae;o__Synechococcales;f__Prochlorococcaceae;g__
Prochlorococcus	1218	d__Bacteria;p__Cyanobacteriota;c__Cyanophyceae;o__Synechococcales;f__Prochlorococcaceae;g__
Acaryochloris	155977	d__Bacteria;p__Cyanobacteriota;c__Cyanophyceae;o__Acaryochloridales;f__Acaryochloridaceae;g__
Nostoc	1177	d__Bacteria;p__Cyanobacteriota;c__Cyanophyceae;o__Nostocales;f__Nostocaceae;g__
Calothrix	1186	d__Bacteria;p__Cyanobacteriota;c__Cyanophyceae;o__Nostocales;f__Calotrichaceae;g__
Leptolyngbya	47251	d__Bacteria;p__Cyanobacteriota;c__Cyanophyceae;o__Leptolyngbyales;f__Leptolyngbyaceae;g__
Thermosynechococcus	146785	d__Bacteria;p__Cyanobacteriota;c__Cyanophyceae;o__Acaryochloridales;f__Thermosynechococcaceae;g__
Gloeobacter	33071	d__Bacteria;p__Cyanobacteriota;c__Cyanophyceae;o__Gloeobacterales;f__Gloeobacteraceae;g__
Stanieria	102115	d__Bacteria;p__Cyanobacteriota;c__Cyanophyceae;o__Pleurocapsales;f__Dermocarpellaceae;g__
Chroococcidiopsis	54298	d__Bacteria;p__Cyanobacteriota;c__Cyanophyceae;o__Chroococcidiopsidales;f__Chroococcidiopsidaceae;g__
Mycoplasmopsis	2767358	d__Bacteria;p__Mycoplasmatota;c__;o__Mycoplasmoidales;f__Metamycoplasmataceae;g__
Mycoplasma	2093	d__Bacteria;p__Mycoplasmatota;c__Mollicutes;o__Mycoplasmatales;f__Mycoplasmataceae;g__
Mesomycoplasma	2923352	d__Bacteria;p__Mycoplasmatota;c__;o__Mycoplasmoidales;f__Metamycoplasmataceae;g__
Spiroplasma	2132	d__Bacteria;p__Mycoplasmatota;c__Mollicutes;o__Entomoplasmatales;f__Spiroplasmataceae;g__
Mesoplasma	46239	d__Bacteria;p__Mycoplasmatota;c__Mollicutes;o__Entomoplasmatales;f__Entomoplasmataceae;g__
Deinococcus	1298	d__Bacteria;p__Deinococcota;c__Deinococci;o__Deinococcales;f__Deinococcaceae;g__
Thermus	270	d__Bacteria;p__Deinococcota;c__Deinococci;o__Thermales;f__Thermaceae;g__
Dehalococcoides	61434	d__Bacteria;p__Chloroflexota;c__Dehalococcoidia;o__Dehalococcoidales;f__Dehalococcoidaceae;g__
Anaerolinea	233189	d__Bacteria;p__Chloroflexota;c__Anaerolineae;o__Anaerolineales;f__Anaerolineaceae;g__
Pseudomonas	286	d__Bacteria;p__Pseudomonadota;c__Gammaproteobacteria;o__Pseudomonadales;f__Pseudomonadaceae;g__
Stutzerimonas	2901164	d__Bacteria;p__Pseudomonadota;c__Gammaproteobacteria;o__Pseudomonadales;f__Pseudomonadaceae;g__
Azotobacter	352	d__Bacteria;p__Pseudomonadota;c__Gammaproteobacteria;o__Pseudomonadales;f__Pseudomonadaceae;g__
Entomomonas	2758906	d__Bacteria;p__Pseudomonadota;c__Gammaproteobacteria;o__Pseudomonadales;f__Pseudomonadaceae;g__
Halopseudomonas	2901189	d__Bacteria;p__Pseudomonadota;c__Gammaproteobacteria;o__Pseudomonadales;f__Pseudomonadaceae;g__
Permianibacter	1649479	d__Bacteria;p__Pseudomonadota;c__Gammaproteobacteria;o__Pseudomonadales;f__Pseudomonadaceae;g__
Marinobacter	2742	d__Bacteria;p__Pseudomonadota;c__Gammaproteobacteria;o__Pseudomonadales;f__Marinobacteraceae;g__
Salmonella	590	d__Bacteria;p__Pseudomonadota;c__Gammaproteobacteria;o__Enterobacterales;f__Enterobacteriaceae;g__
Escherichia	561	d__Bacteria;p__Pseudomonadota;c__Gammaproteobacteria;o__Enterobacterales;f__Enterobacteriaceae;g__
Klebsiella	570	d__Bacteria;p__Pseudomonadota;c__Gammaproteobacteria;o__Enterobacterales;f__Enterobacteriaceae;g__
Raoultella	160674	d__Bacteria;p__Pseudomonadota;c__Gammaproteobacteria;o__Enterobacterales;f__Enterobacteriaceae;g__
Enterobacter	547	d__Bacteria;p__Pseudomonadota;c__Gammaproteobacteria;o__Enterobacterales;f__Enterobacteriaceae;g__
Shigella	620	d__Bacteria;p__Pseudomonadota;c__Gammaproteobacteria;o__Enterobacterales;f__Enterobacteriaceae;g__
Citrobacter	544	d__Bacteria;p__Pseudomonadota;c__Gammaproteobacteria;o__Enterobacterales;f__Enterobacteriaceae;g__
Kosakonia	1330547	d__Bacteria;p__Pseudomonadota;c__Gammaproteobacteria;o__Enterobacterales;f__Enterobacteriaceae;g__
Cronobacter	413496	d__Bacteria;p__Pseudomonadota;c__Gammaproteobacteria;o__Enterobacterales;f__Enterobacteriaceae;g__
Leclercia	83654	d__Bacteria;p__Pseudomonadota;c__Gammaproteobacteria;o__Enterobacterales;f__Enterobacteriaceae;g__
Kluyvera	579	d__Bacteria;p__Pseudomonadota;c__Gammaproteobacteria;o__Enterobacterales;f__Enterobacteriaceae;g__
Cedecea	158483	d__Bacteria;p__Pseudomonadota;c__Gammaproteobacteria;o__Enterobacterales;f__Enterobacteriaceae;g__
Lelliottia	1330545	d__Bacteria;p__Pseudomonadota;c__Gammaproteobacteria;o__Enterobacterales;f__Enterobacteriaceae;g__
Buttiauxella	82976	d__Bacteria;p__Pseudomonadota;c__Gammaproteobacteria;o__Enterobacterales;f__Enterobacteriaceae;g__
Yokenella	158876	d__Bacteria;p__Pseudomonadota;c__Gammaproteobacteria;o__Enterobacterales;f__Enterobacteriaceae;g__
Pluralibacter	1330546	d__Bacteria;p__Pseudomonadota;c__Gammaproteobacteria;o__Enterobacterales;f__Enterobacteriaceae;g__
Pseudocitrobacter	1504576	d__Bacteria;p__Pseudomonadota;c__Gammaproteobacteria;o__Enterobacterales;f__Enterobacteriaceae;g__
Atlantibacter	1903434	d__Bacteria;p__Pseudomonadota;c__Gammaproteobacteria;o__Enterobacterales;f__Enterobacteriaceae;g__
Siccibacter	1649298	d__Bacteria;p__Pseudomonadota;c__Gammaproteobacteria;o__Enterobacterales;f__Enterobacteriaceae;g__
Jejubacter	2815296	d__Bacteria;p__Pseudomonadota;c__Gammaproteobacteria;o__Enterobacterales;f__Enterobacteriaceae;g__
Hamiltonella	568987	d__Bacteria;p__Pseudomonadota;c__Gammaproteobacteria;o__Enterobacterales;f__Enterobacteriaceae;g__
Plesiomonas	702	d__Bacteria;p__Pseudomonadota;c__Gammaproteobacteria;o__Enterobacterales;f__Enterobacteriaceae;g__
Pseudescherichia	2055880	d__Bacteria;p__Pseudomonadota;c__Gammaproteobacteria;o__Enterobacterales;f__Enterobacteriaceae;g__
Scandinavium	2726810	d__Bacteria;p__Pseudomonadota;c__Gammaproteobacteria;o__Enterobacterales;f__Enterobacteriaceae;g__
Phytobacter	447792	d__Bacteria;p__Pseudomonadota;c__Gammaproteobacteria;o__Enterobacterales;f__Enterobacteriaceae;g__
Shimwellia	1335483	d__Bacteria;p__Pseudomonadota;c__Gammaproteobacteria;o__Enterobacterales;f__Enterobacteriaceae;g__
Serratia	613	d__Bacteria;p__Pseudomonadota;c__Gammaproteobacteria;o__Enterobacterales;f__Yersiniaceae;g__
Yersinia	629	d__Bacteria;p__Pseudomonadota;c__Gammaproteobacteria;o__Enterobacterales;f__Yersiniaceae;g__
Rahnella	34037	d__Bacteria;p__Pseudomonadota;c__Gammaproteobacteria;o__Enterobacterales;f__Yersiniaceae;g__
Nissabacter	1964366	d__Bacteria;p__Pseudomonadota;c__Gammaproteobacteria;o__Enterobacterales;f__Yersiniaceae;g__
Dickeya	204037	d__Bacteria;p__Pseudomonadota;c__Gammaproteobacteria;o__Enterobacterales;f__Pectobacteriaceae;g__
Pectobacterium	122277	d__Bacteria;p__Pseudomonadota;c__Gammaproteobacteria;o__Enterobacterales;f__Pectobacteriaceae;g__
Lonsdalea	1082702	d__Bacteria;p__Pseudomonadota;c__Gammaproteobacteria;o__Enterobacterales;f__Pectobacteriaceae;g__
Brenneria	71655	d__Bacteria;p__Pseudomonadota;c__Gammaproteobacteria;o__Enterobacterales;f__Pectobacteriaceae;g__
Pantoea	53335	d__Bacteria;p__Pseudomonadota;c__Gammaproteobacteria;o__Enterobacterales;f__Erwiniaceae;g__
Erwinia	551	d__Bacteria;p__Pseudomonadota;c__Gammaproteobacteria;o__Enterobacterales;f__Erwiniaceae;g__
Mixta	2100764	d__Bacteria;p__Pseudomonadota;c__Gammaproteobacteria;o__Enterobacterales;f__Erwiniaceae;g__
Buchnera	32199	d__Bacteria;p__Pseudomonadota;c__Gammaproteobacteria;o__Enterobacterales;f__Erwiniaceae;g__
Tatumella	82986	d__Bacteria;p__Pseudomonadota;c__Gammaproteobacteria;o__Enterobacterales;f__Erwiniaceae;g__
Proteus	583	d__Bacteria;p__Pseudomonadota;c__Gammaproteobacteria;o__Enterobacterales;f__Morganellaceae;g__
Providencia	586	d__Bacteria;p__Pseudomonadota;c__Gammaproteobacteria;o__Enterobacterales;f__Morganellaceae;g__
Xenorhabdus	626	d__Bacteria;p__Pseudomonadota;c__Gammaproteobacteria;o__Enterobacterales;f__Morganellaceae;g__
Morganella	581	d__Bacteria;p__Pseudomonadota;c__Gammaproteobacteria;o__Enterobacterales;f__Morganellaceae;g__
Sodalis	84565	d__Bacteria;p__Pseudomonadota;c__Gammaproteobacteria;o__Enterobacterales;f__Bruguierivoracaceae;g__
Edwardsiella	635	d__Bacteria;p__Pseudomonadota;c__Gammaproteobacteria;o__Enterobacterales;f__Hafniaceae;g__
Stenotrophomonas	40323	d__Bacteria;p__Pseudomonadota;c__Gammaproteobacteria;o__Xanthomonadales;f__Xanthomonadaceae;g__
Xanthomonas	338	d__Bacteria;p__Pseudomonadota;c__Gammaproteobacteria;o__Xanthomonadales;f__Xanthomonadaceae;g__
Luteimonas	83614	d__Bacteria;p__Pseudomonadota;c__Gammaproteobacteria;o__Xanthomonadales;f__Xanthomonadaceae;g__
Lysobacter	68	d__Bacteria;p__Pseudomonadota;c__Gammaproteobacteria;o__Xanthomonadales;f__Xanthomonadaceae;g__
Pseudoxanthomonas	83618	d__Bacteria;p__Pseudomonadota;c__Gammaproteobacteria;o__Xanthomonadales;f__Xanthomonadaceae;g__
Thermomonas	141948	d__Bacteria;p__Pseudomonadota;c__Gammaproteobacteria;o__Xanthomonadales;f__Xanthomonadaceae;g__
Rhodanobacter	75309	d__Bacteria;p__Pseudomonadota;c__Gammaproteobacteria;o__Xanthomonadales;f__Rhodanobacteraceae;g__
Dyella	231454	d__Bacteria;p__Pseudomonadota;c__Gammaproteobacteria;o__Xanthomonadales;f__Rhodanobacteraceae;g__
Luteibacter	242605	d__Bacteria;p__Pseudomonadota;c__Gammaproteobacteria;o__Xanthomonadales;f__Rhodanobacteraceae;g__
Frateuria	70411	d__Bacteria;p__Pseudomonadota;c__Gammaproteobacteria;o__Xanthomonadales;f__Rhodanobacteraceae;g__
Tahibacter	1453544	d__Bacteria;p__Pseudomonadota;c__Gammaproteobacteria;o__Xanthomonadales;f__Rhodanobacteraceae;g__
Dokdonella	323413	d__Bacteria;p__Pseudomonadota;c__Gammaproteobacteria;o__Xanthomonadales;f__Rhodanobacteraceae;g__
Aerosticca	2707020	d__Bacteria;p__Pseudomonadota;c__Gammaproteobacteria;o__Xanthomonadales;f__Rhodanobacteraceae;g__
Ahniella	2233801	d__Bacteria;p__Pseudomonadota;c__Gammaproteobacteria;o__Xanthomonadales;f__Rhodanobacteraceae;g__
Halomonas	2745	d__Bacteria;p__Pseudomonadota;c__Gammaproteobacteria;o__Oceanospirillales;f__Halomonadaceae;g__
Kushneria	504090	d__Bacteria;p__Pseudomonadota;c__Gammaproteobacteria;o__Oceanospirillales;f__Halomonadaceae;g__
Cobetia	204286	d__Bacteria;p__Pseudomonadota;c__Gammaproteobacteria;o__Oceanospirillales;f__Halomonadaceae;g__
Alcanivorax	59753	d__Bacteria;p__Pseudomonadota;c__Gammaproteobacteria;o__Oceanospirillales;f__Alcanivoracaceae;g__
Alloalcanivorax	3020832	d__Bacteria;p__Pseudomonadota;c__Gammaproteobacteria;o__Oceanospirillales;f__Alcanivoracaceae;g__
Isoalcanivorax	3020833	d__Bacteria;p__Pseudomonadota;c__Gammaproteobacteria;o__Oceanospirillales;f__Alcanivoracaceae;g__
Endozoicomonas	305899	d__Bacteria;p__Pseudomonadota;c__Gammaproteobacteria;o__Oceanospirillales;f__Endozoicomonadaceae;g__
Marinobacterium	48075	d__Bacteria;p__Pseudomonadota;c__Gammaproteobacteria;o__Oceanospirillales;f__Oceanospirillaceae;g__
Vibrio	662	d__Bacteria;p__Pseudomonadota;c__Gammaproteobacteria;o__Vibrionales;f__Vibrionaceae;g__
Photobacterium	657	d__Bacteria;p__Pseudomonadota;c__Gammaproteobacteria;o__Vibrionales;f__Vibrionaceae;g__
Aeromonas	642	d__Bacteria;p__Pseudomonadota;c__Gammaproteobacteria;o__Aeromonadales;f__Aeromonadaceae;g__
Acinetobacter	469	d__Bacteria;p__Pseudomonadota;c__Gammaproteobacteria;o__Moraxellales;f__Moraxellaceae;g__
Moraxella	475	d__Bacteria;p__Pseudomonadota;c__Gammaproteobacteria;o__Moraxellales;f__Moraxellaceae;g__
Psychrobacter	497	d__Bacteria;p__Pseudomonadota;c__Gammaproteobacteria;o__Moraxellales;f__Moraxellaceae;g__
Cellvibrio	10	d__Bacteria;p__Pseudomonadota;c__Gammaproteobacteria;o__Cellvibrionales;f__Cellvibrionaceae;g__
Teredinibacter	2425	d__Bacteria;p__Pseudomonadota;c__Gammaproteobacteria;o__Cellvibrionales;f__Cellvibrionaceae;g__
Simiduia	447467	d__Bacteria;p__Pseudomonadota;c__Gammaproteobacteria;o__Cellvibrionales;f__Cellvibrionaceae;g__
Microbulbifer	48073	d__Bacteria;p__Pseudomonadota;c__Gammaproteobacteria;o__Cellvibrionales;f__Microbulbiferaceae;g__
Rheinheimera	67575	d__Bacteria;p__Pseudomonadota;c__Gammaproteobacteria;o__Chromatiales;f__Chromatiaceae;g__
Thioflavicoccus	156885	d__Bacteria;p__Pseudomonadota;c__Gammaproteobacteria;o__Chromatiales;f__Chromatiaceae;g__
Thiocapsa	1056	d__Bacteria;p__Pseudomonadota;c__Gammaproteobacteria;o__Chromatiales;f__Chromatiaceae;g__
Marichromatium	85076	d__Bacteria;p__Pseudomonadota;c__Gammaproteobacteria;o__Chromatiales;f__Chromatiaceae;g__
Thiocystis	13724	d__Bacteria;p__Pseudomonadota;c__Gammaproteobacteria;o__Chromatiales;f__Chromatiaceae;g__
Thiodictyon	53392	d__Bacteria;p__Pseudomonadota;c__Gammaproteobacteria;o__Chromatiales;f__Chromatiaceae;g__
Thioalkalivibrio	106633	d__Bacteria;p__Pseudomonadota;c__Gammaproteobacteria;o__Chromatiales;f__Ectothiorhodospiraceae;g__
Spiribacter	1335745	d__Bacteria;p__Pseudomonadota;c__Gammaproteobacteria;o__Chromatiales;f__Ectothiorhodospiraceae;g__
Acidihalobacter	1765964	d__Bacteria;p__Pseudomonadota;c__Gammaproteobacteria;o__Chromatiales;f__Ectothiorhodospiraceae;g__
Alkalilimnicola	133193	d__Bacteria;p__Pseudomonadota;c__Gammaproteobacteria;o__Chromatiales;f__Ectothiorhodospiraceae;g__
Halorhodospira	85108	d__Bacteria;p__Pseudomonadota;c__Gammaproteobacteria;o__Chromatiales;f__Ectothiorhodospiraceae;g__
Aquisalimonas	406099	d__Bacteria;p__Pseudomonadota;c__Gammaproteobacteria;o__Chromatiales;f__Ectothiorhodospiraceae;g__
Sulfuriflexus	1860077	d__Bacteria;p__Pseudomonadota;c__Gammaproteobacteria;o__Chromatiales;f__Granulosicoccaceae;g__
Sulfurivermis	2034504	d__Bacteria;p__Pseudomonadota;c__Gammaproteobacteria;o__Thiohalomonadales;f__Thiohalomonadaceae;g__
Thiohalobacter	1273155	d__Bacteria;p__Pseudomonadota;c__Gammaproteobacteria;o__Thiohalobacterales;f__Thiohalobacteraceae;g__
Wenzhouxiangella	1676142	d__Bacteria;p__Pseudomonadota;c__Gammaproteobacteria;o__Chromatiales;f__Wenzhouxiangellaceae;g__
Guyparkeria	2035712	d__Bacteria;p__Pseudomonadota;c__Gammaproteobacteria;o__Chromatiales;f__Thioalkalibacteraceae;g__
Solimonas	413435	d__Bacteria;p__Pseudomonadota;c__Gammaproteobacteria;o__Nevskiales;f__Nevskiaceae;g__
Flagellatimonas	2893022	d__Bacteria;p__Pseudomonadota;c__Gammaproteobacteria;o__Nevskiales;f__Nevskiaceae;g__
Sinimarinibacterium	1861863	d__Bacteria;p__Pseudomonadota;c__Gammaproteobacteria;o__Nevskiales;f__Nevskiaceae;g__
Steroidobacter	469322	d__Bacteria;p__Pseudomonadota;c__Gammaproteobacteria;o__Steroidobacterales;f__Steroidobacteraceae;g__
Paraneptunicella	2905123	d__Bacteria;p__Pseudomonadota;c__Gammaproteobacteria;o__Alteromonadales;f__Alteromonadaceae;g__
Alteromonas	226	d__Bacteria;p__Pseudomonadota;c__Gammaproteobacteria;o__Alteromonadales;f__Alteromonadaceae;g__
Agarivorans	261825	d__Bacteria;p__Pseudomonadota;c__Gammaproteobacteria;o__Alteromonadales;f__Alteromonadaceae;g__
Shewanella	22	d__Bacteria;p__Pseudomonadota;c__Gammaproteobacteria;o__Alteromonadales;f__Shewanellaceae;g__
Pseudoalteromonas	53246	d__Bacteria;p__Pseudomonadota;c__Gammaproteobacteria;o__Alteromonadales;f__Pseudoalteromonadaceae;g__
Colwellia	28228	d__Bacteria;p__Pseudomonadota;c__Gammaproteobacteria;o__Alteromonadales;f__Colwelliaceae;g__
Ferrimonas	44011	d__Bacteria;p__Pseudomonadota;c__Gammaproteobacteria;o__Alteromonadales;f__Ferrimonadaceae;g__
Haemophilus	724	d__Bacteria;p__Pseudomonadota;c__Gammaproteobacteria;o__Pasteurellales;f__Pasteurellaceae;g__
Pasteurella	745	d__Bacteria;p__Pseudomonadota;c__Gammaproteobacteria;o__Pasteurellales;f__Pasteurellaceae;g__
Aggregatibacter	416916	d__Bacteria;p__Pseudomonadota;c__Gammaproteobacteria;o__Pasteurellales;f__Pasteurellaceae;g__
Mergibacter	2899790	d__Bacteria;p__Pseudomonadota;c__Gammaproteobacteria;o__Pasteurellales;f__Pasteurellaceae;g__
Actinobacillus	713	d__Bacteria;p__Pseudomonadota;c__Gammaproteobacteria;o__Pasteurellales;f__Pasteurellaceae;g__
Methylophaga	40222	d__Bacteria;p__Pseudomonadota;c__Gammaproteobacteria;o__Thiotrichales;f__Piscirickettsiaceae;g__
Thiosulfatimonas	2781121	d__Bacteria;p__Pseudomonadota;c__Gammaproteobacteria;o__Thiotrichales;f__Piscirickettsiaceae;g__
Francisella	262	d__Bacteria;p__Pseudomonadota;c__Gammaproteobacteria;o__Thiotrichales;f__Francisellaceae;g__
Methylomonas	416	d__Bacteria;p__Pseudomonadota;c__Gammaproteobacteria;o__Methylococcales;f__Methylococcaceae;g__
Methylomagnum	1760987	d__Bacteria;p__Pseudomonadota;c__Gammaproteobacteria;o__Methylococcales;f__Methylococcaceae;g__
Methylomicrobium	39773	d__Bacteria;p__Pseudomonadota;c__Gammaproteobacteria;o__Methylococcales;f__Methylococcaceae;g__
Methylococcus	413	d__Bacteria;p__Pseudomonadota;c__Gammaproteobacteria;o__Methylococcales;f__Methylococcaceae;g__
Methylogaea	1295378	d__Bacteria;p__Pseudomonadota;c__Gammaproteobacteria;o__Methylococcales;f__Methylococcaceae;g__
Legionella	445	d__Bacteria;p__Pseudomonadota;c__Gammaproteobacteria;o__Legionellales;f__Legionellaceae;g__
Sulfurifustis	1692042	d__Bacteria;p__Pseudomonadota;c__Gammaproteobacteria;o__Acidiferrobacterales;f__Acidiferrobacteraceae;g__
Gilliamella	1193503	d__Bacteria;p__Pseudomonadota;c__Gammaproteobacteria;o__Orbales;f__Orbaceae;g__
Immundisolibacter	1934947	d__Bacteria;p__Pseudomonadota;c__Gammaproteobacteria;o__Immundisolibacterales;f__Immundisolibacteraceae;g__
Bradyrhizobium	374	d__Bacteria;p__Pseudomonadota;c__Alphaproteobacteria;o__Hyphomicrobiales;f__Nitrobacteraceae;g__
Rhodopseudomonas	1073	d__Bacteria;p__Pseudomonadota;c__Alphaproteobacteria;o__Hyphomicrobiales;f__Nitrobacteraceae;g__
Tardiphaga	1395974	d__Bacteria;p__Pseudomonadota;c__Alphaproteobacteria;o__Hyphomicrobiales;f__Nitrobacteraceae;g__
Nitrobacter	911	d__Bacteria;p__Pseudomonadota;c__Alphaproteobacteria;o__Hyphomicrobiales;f__Nitrobacteraceae;g__
Afipia	1033	d__Bacteria;p__Pseudomonadota;c__Alphaproteobacteria;o__Hyphomicrobiales;f__Nitrobacteraceae;g__
Mesorhizobium	68287	d__Bacteria;p__Pseudomonadota;c__Alphaproteobacteria;o__Hyphomicrobiales;f__Phyllobacteriaceae;g__
Aminobacter	31988	d__Bacteria;p__Pseudomonadota;c__Alphaproteobacteria;o__Hyphomicrobiales;f__Phyllobacteriaceae;g__
Aquibium	2911176	d__Bacteria;p__Pseudomonadota;c__Alphaproteobacteria;o__Hyphomicrobiales;f__Phyllobacteriaceae;g__
Roseitalea	1915401	d__Bacteria;p__Pseudomonadota;c__Alphaproteobacteria;o__Hyphomicrobiales;f__Phyllobacteriaceae;g__
Phyllobacterium	28100	d__Bacteria;p__Pseudomonadota;c__Alphaproteobacteria;o__Hyphomicrobiales;f__Phyllobacteriaceae;g__
Nitratireductor	245876	d__Bacteria;p__Pseudomonadota;c__Alphaproteobacteria;o__Hyphomicrobiales;f__Phyllobacteriaceae;g__
Hoeflea	274591	d__Bacteria;p__Pseudomonadota;c__Alphaproteobacteria;o__Hyphomicrobiales;f__Phyllobacteriaceae;g__
Rhizobium	379	d__Bacteria;p__Pseudomonadota;c__Alphaproteobacteria;o__Hyphomicrobiales;f__Rhizobiaceae;g__
Agrobacterium	357	d__Bacteria;p__Pseudomonadota;c__Alphaproteobacteria;o__Hyphomicrobiales;f__Rhizobiaceae;g__
Neorhizobium	1525371	d__Bacteria;p__Pseudomonadota;c__Alphaproteobacteria;o__Hyphomicrobiales;f__Rhizobiaceae;g__
Ensifer	106591	d__Bacteria;p__Pseudomonadota;c__Alphaproteobacteria;o__Hyphomicrobiales;f__Rhizobiaceae;g__
Sinorhizobium	28105	d__Bacteria;p__Pseudomonadota;c__Alphaproteobacteria;o__Hyphomicrobiales;f__Rhizobiaceae;g__
Shinella	323620	d__Bacteria;p__Pseudomonadota;c__Alphaproteobacteria;o__Hyphomicrobiales;f__Rhizobiaceae;g__
Methylobacterium	407	d__Bacteria;p__Pseudomonadota;c__Alphaproteobacteria;o__Hyphomicrobiales;f__Methylobacteriaceae;g__
Methylorubrum	2282523	d__Bacteria;p__Pseudomonadota;c__Alphaproteobacteria;o__Hyphomicrobiales;f__Methylobacteriaceae;g__
Microvirga	186650	d__Bacteria;p__Pseudomonadota;c__Alphaproteobacteria;o__Hyphomicrobiales;f__Methylobacteriaceae;g__
Labrys	204476	d__Bacteria;p__Pseudomonadota;c__Alphaproteobacteria;o__Hyphomicrobiales;f__Xanthobacteraceae;g__
Xanthobacter	279	d__Bacteria;p__Pseudomonadota;c__Alphaproteobacteria;o__Hyphomicrobiales;f__Xanthobacteraceae;g__
Ancylobacter	99	d__Bacteria;p__Pseudomonadota;c__Alphaproteobacteria;o__Hyphomicrobiales;f__Xanthobacteraceae;g__
Pseudolabrys	556257	d__Bacteria;p__Pseudomonadota;c__Alphaproteobacteria;o__Hyphomicrobiales;f__Xanthobacteraceae;g__
Starkeya	152053	d__Bacteria;p__Pseudomonadota;c__Alphaproteobacteria;o__Hyphomicrobiales;f__Xanthobacteraceae;g__
Azorhizobium	6	d__Bacteria;p__Pseudomonadota;c__Alphaproteobacteria;o__Hyphomicrobiales;f__Xanthobacteraceae;g__
Bosea	85413	d__Bacteria;p__Pseudomonadota;c__Alphaproteobacteria;o__Hyphomicrobiales;f__Boseaceae;g__
Aureimonas	414371	d__Bacteria;p__Pseudomonadota;c__Alphaproteobacteria;o__Hyphomicrobiales;f__Aurantimonadaceae;g__
Martelella	293088	d__Bacteria;p__Pseudomonadota;c__Alphaproteobacteria;o__Hyphomicrobiales;f__Aurantimonadaceae;g__
Aurantimonas	182269	d__Bacteria;p__Pseudomonadota;c__Alphaproteobacteria;o__Hyphomicrobiales;f__Aurantimonadaceae;g__
Brucella	234	d__Bacteria;p__Pseudomonadota;c__Alphaproteobacteria;o__Hyphomicrobiales;f__Brucellaceae;g__
Devosia	46913	d__Bacteria;p__Pseudomonadota;c__Alphaproteobacteria;o__Hyphomicrobiales;f__Devosiaceae;g__
Pelagibacterium	1082930	d__Bacteria;p__Pseudomonadota;c__Alphaproteobacteria;o__Hyphomicrobiales;f__Devosiaceae;g__
Hyphomicrobium	81	d__Bacteria;p__Pseudomonadota;c__Alphaproteobacteria;o__Hyphomicrobiales;f__Hyphomicrobiaceae;g__
Caenibius	2827482	d__Bacteria;p__Pseudomonadota;c__Alphaproteobacteria;o__Sphingomonadales;f__Erythrobacteraceae;g__
Methylocystis	133	d__Bacteria;p__Pseudomonadota;c__Alphaproteobacteria;o__Hyphomicrobiales;f__Methylocystaceae;g__
Roseibium	150830	d__Bacteria;p__Pseudomonadota;c__Alphaproteobacteria;o__Hyphomicrobiales;f__Stappiaceae;g__
Phreatobacter	1632780	d__Bacteria;p__Pseudomonadota;c__Alphaproteobacteria;o__Hyphomicrobiales;f__Phreatobacteraceae;g__
Methylocella	120652	d__Bacteria;p__Pseudomonadota;c__Alphaproteobacteria;o__Hyphomicrobiales;f__Beijerinckiaceae;g__
Chelatococcus	28209	d__Bacteria;p__Pseudomonadota;c__Alphaproteobacteria;o__Hyphomicrobiales;f__Chelatococcaceae;g__
Bartonella	773	d__Bacteria;p__Pseudomonadota;c__Alphaproteobacteria;o__Hyphomicrobiales;f__Bartonellaceae;g__
Kaustia	2838250	d__Bacteria;p__Pseudomonadota;c__Alphaproteobacteria;o__Hyphomicrobiales;f__Parvibaculaceae;g__
Kaistia	166953	d__Bacteria;p__Pseudomonadota;c__Alphaproteobacteria;o__Hyphomicrobiales;f__Kaistiaceae;g__
Blastochloris	59282	d__Bacteria;p__Pseudomonadota;c__Alphaproteobacteria;o__Hyphomicrobiales;f__Blastochloridaceae;g__
Hartmannibacter	1572860	d__Bacteria;p__Pseudomonadota;c__Alphaproteobacteria;o__Hyphomicrobiales;f__Pleomorphomonadaceae;g__
Acuticoccus	1904377	d__Bacteria;p__Pseudomonadota;c__Alphaproteobacteria;o__Hyphomicrobiales;f__Amorphaceae;g__
Sphingobium	165695	d__Bacteria;p__Pseudomonadota;c__Alphaproteobacteria;o__Sphingomonadales;f__Sphingomonadaceae;g__
Sphingomonas	13687	d__Bacteria;p__Pseudomonadota;c__Alphaproteobacteria;o__Sphingomonadales;f__Sphingomonadaceae;g__
Sphingopyxis	165697	d__Bacteria;p__Pseudomonadota;c__Alphaproteobacteria;o__Sphingomonadales;f__Sphingomonadaceae;g__
Novosphingobium	165696	d__Bacteria;p__Pseudomonadota;c__Alphaproteobacteria;o__Sphingomonadales;f__Sphingomonadaceae;g__
Rhizorhabdus	1649486	d__Bacteria;p__Pseudomonadota;c__Alphaproteobacteria;o__Sphingomonadales;f__Sphingomonadaceae;g__
Sphingorhabdus	1434046	d__Bacteria;p__Pseudomonadota;c__Alphaproteobacteria;o__Sphingomonadales;f__Sphingomonadaceae;g__
Blastomonas	150203	d__Bacteria;p__Pseudomonadota;c__Alphaproteobacteria;o__Sphingomonadales;f__Sphingomonadaceae;g__
Polymorphobacter	1508451	d__Bacteria;p__Pseudomonadota;c__Alphaproteobacteria;o__Sphingomonadales;f__Sphingosinicellaceae;g__
Sandaracinobacteroides	2883109	d__Bacteria;p__Pseudomonadota;c__Alphaproteobacteria;o__Sphingomonadales;f__Sphingosinicellaceae;g__
Sphingosinicella	335405	d__Bacteria;p__Pseudomonadota;c__Alphaproteobacteria;o__Sphingomonadales;f__Sphingosinicellaceae;g__
Erythrobacter	1041	d__Bacteria;p__Pseudomonadota;c__Alphaproteobacteria;o__Sphingomonadales;f__Erythrobacteraceae;g__
Porphyrobacter	1111	d__Bacteria;p__Pseudomonadota;c__Alphaproteobacteria;o__Sphingomonadales;f__Erythrobacteraceae;g__
Qipengyuania	1855416	d__Bacteria;p__Pseudomonadota;c__Alphaproteobacteria;o__Sphingomonadales;f__Erythrobacteraceae;g__
Altererythrobacter	361177	d__Bacteria;p__Pseudomonadota;c__Alphaproteobacteria;o__Sphingomonadales;f__Erythrobacteraceae;g__
Tsuneonella	2800686	d__Bacteria;p__Pseudomonadota;c__Alphaproteobacteria;o__Sphingomonadales;f__Erythrobacteraceae;g__
Croceicoccus	1295327	d__Bacteria;p__Pseudomonadota;c__Alphaproteobacteria;o__Sphingomonadales;f__Erythrobacteraceae;g__
Paracoccus	265	d__Bacteria;p__Pseudomonadota;c__Alphaproteobacteria;o__Rhodobacterales;f__Paracoccaceae;g__
Tritonibacter	2083206	d__Bacteria;p__Pseudomonadota;c__Alphaproteobacteria;o__Rhodobacterales;f__Paracoccaceae;g__
Fuscovulum	2818469	d__Bacteria;p__Pseudomonadota;c__Alphaproteobacteria;o__Rhodobacterales;f__Paracoccaceae;g__
Rhodobacter	1060	d__Bacteria;p__Pseudomonadota;c__Alphaproteobacteria;o__Rhodobacterales;f__Paracoccaceae;g__
Rhodovulum	34008	d__Bacteria;p__Pseudomonadota;c__Alphaproteobacteria;o__Rhodobacterales;f__Paracoccaceae;g__
Tabrizicola	1443919	d__Bacteria;p__Pseudomonadota;c__Alphaproteobacteria;o__Rhodobacterales;f__Paracoccaceae;g__
Silicimonas	1955420	d__Bacteria;p__Pseudomonadota;c__Alphaproteobacteria;o__Rhodobacterales;f__Paracoccaceae;g__
Sulfitobacter	60136	d__Bacteria;p__Pseudomonadota;c__Alphaproteobacteria;o__Rhodobacterales;f__Roseobacteraceae;g__
Leisingera	191028	d__Bacteria;p__Pseudomonadota;c__Alphaproteobacteria;o__Rhodobacterales;f__Roseobacteraceae;g__
Roseovarius	74030	d__Bacteria;p__Pseudomonadota;c__Alphaproteobacteria;o__Rhodobacterales;f__Roseobacteraceae;g__
Salipiger	263377	d__Bacteria;p__Pseudomonadota;c__Alphaproteobacteria;o__Rhodobacterales;f__Roseobacteraceae;g__
Dinoroseobacter	309512	d__Bacteria;p__Pseudomonadota;c__Alphaproteobacteria;o__Rhodobacterales;f__Roseobacteraceae;g__
Ponticoccus	983507	d__Bacteria;p__Pseudomonadota;c__Alphaproteobacteria;o__Rhodobacterales;f__Roseobacteraceae;g__
Ruegeria	97050	d__Bacteria;p__Pseudomonadota;c__Alphaproteobacteria;o__Rhodobacterales;f__Roseobacteraceae;g__
Phaeobacter	302485	d__Bacteria;p__Pseudomonadota;c__Alphaproteobacteria;o__Rhodobacterales;f__Roseobacteraceae;g__
Azospirillum	191	d__Bacteria;p__Pseudomonadota;c__Alphaproteobacteria;o__Rhodospirillales;f__Azospirillaceae;g__
Skermanella	204447	d__Bacteria;p__Pseudomonadota;c__Alphaproteobacteria;o__Rhodospirillales;f__Azospirillaceae;g__
Indioceanicola	2478349	d__Bacteria;p__Pseudomonadota;c__Alphaproteobacteria;o__Rhodospirillales;f__Azospirillaceae;g__
Roseomonas	125216	d__Bacteria;p__Pseudomonadota;c__Alphaproteobacteria;o__Rhodospirillales;f__Acetobacteraceae;g__
Komagataeibacter	1434011	d__Bacteria;p__Pseudomonadota;c__Alphaproteobacteria;o__Rhodospirillales;f__Acetobacteraceae;g__
Acetobacter	434	d__Bacteria;p__Pseudomonadota;c__Alphaproteobacteria;o__Rhodospirillales;f__Acetobacteraceae;g__
Gluconobacter	441	d__Bacteria;p__Pseudomonadota;c__Alphaproteobacteria;o__Rhodospirillales;f__Acetobacteraceae;g__
Thalassospira	168934	d__Bacteria;p__Pseudomonadota;c__Alphaproteobacteria;o__Rhodospirillales;f__Thalassospiraceae;g__
Magnetospirillum	13134	d__Bacteria;p__Pseudomonadota;c__Alphaproteobacteria;o__Rhodospirillales;f__Rhodospirillaceae;g__
Hypericibacter	2705399	d__Bacteria;p__Pseudomonadota;c__Alphaproteobacteria;o__Rhodospirillales;f__Dongiaceae;g__
Rhodospirillum	1081	d__Bacteria;p__Pseudomonadota;c__Alphaproteobacteria;o__Rhodospirillales;f__Rhodospirillaceae;g__
Tistrella	171436	d__Bacteria;p__Pseudomonadota;c__Alphaproteobacteria;o__Geminicoccales;f__Geminicoccaceae;g__
Brevundimonas	41275	d__Bacteria;p__Pseudomonadota;c__Alphaproteobacteria;o__Caulobacterales;f__Caulobacteraceae;g__
Caulobacter	75	d__Bacteria;p__Pseudomonadota;c__Alphaproteobacteria;o__Caulobacterales;f__Caulobacteraceae;g__
Phenylobacterium	20	d__Bacteria;p__Pseudomonadota;c__Alphaproteobacteria;o__Caulobacterales;f__Caulobacteraceae;g__
Asticcacaulis	76890	d__Bacteria;p__Pseudomonadota;c__Alphaproteobacteria;o__Caulobacterales;f__Caulobacteraceae;g__
Pelagibacter	198251	d__Bacteria;p__Pseudomonadota;c__Alphaproteobacteria;o__Candidatus Pelagibacterales;f__Candidatus Pelagibacteraceae;g__
Wolbachia	953	d__Bacteria;p__Pseudomonadota;c__Alphaproteobacteria;o__Rickettsiales;f__Anaplasmataceae;g__
Paracaedibacter	1521255	d__Bacteria;p__Pseudomonadota;c__Alphaproteobacteria;o__Holosporales;f__Candidatus Paracaedibacteraceae;g__
Hyphomonas	85	d__Bacteria;p__Pseudomonadota;c__Alphaproteobacteria;o__Hyphomonadales;f__Hyphomonadaceae;g__
Comamonas	283	d__Bacteria;p__Pseudomonadota;c__Betaproteobacteria;o__Burkholderiales;f__Comamonadaceae;g__
Acidovorax	12916	d__Bacteria;p__Pseudomonadota;c__Betaproteobacteria;o__Burkholderiales;f__Comamonadaceae;g__
Variovorax	34072	d__Bacteria;p__Pseudomonadota;c__Betaproteobacteria;o__Burkholderiales;f__Comamonadaceae;g__
Delftia	80865	d__Bacteria;p__Pseudomonadota;c__Betaproteobacteria;o__Burkholderiales;f__Comamonadaceae;g__
Diaphorobacter	238749	d__Bacteria;p__Pseudomonadota;c__Betaproteobacteria;o__Burkholderiales;f__Comamonadaceae;g__
Hydrogenophaga	47420	d__Bacteria;p__Pseudomonadota;c__Betaproteobacteria;o__Burkholderiales;f__Comamonadaceae;g__
Ottowia	219181	d__Bacteria;p__Pseudomonadota;c__Betaproteobacteria;o__Burkholderiales;f__Comamonadaceae;g__
Rhodoferax	28065	d__Bacteria;p__Pseudomonadota;c__Betaproteobacteria;o__Burkholderiales;f__Comamonadaceae;g__
Melaminivora	1649468	d__Bacteria;p__Pseudomonadota;c__Betaproteobacteria;o__Burkholderiales;f__Comamonadaceae;g__
Alicycliphilus	201096	d__Bacteria;p__Pseudomonadota;c__Betaproteobacteria;o__Burkholderiales;f__Comamonadaceae;g__
Ramlibacter	174951	d__Bacteria;p__Pseudomonadota;c__Betaproteobacteria;o__Burkholderiales;f__Comamonadaceae;g__
Pulveribacter	2678886	d__Bacteria;p__Pseudomonadota;c__Betaproteobacteria;o__Burkholderiales;f__Comamonadaceae;g__
Polaromonas	52972	d__Bacteria;p__Pseudomonadota;c__Betaproteobacteria;o__Burkholderiales;f__Comamonadaceae;g__

Simplicispira	352450	d__Bacteria;p__Pseudomonadota;c__Betaproteobacteria;o__Burkholderiales;f__Comamonadaceae;g__
Serpentinimonas	2490452	d__Bacteria;p__Pseudomonadota;c__Betaproteobacteria;o__Burkholderiales;f__Comamonadaceae;g__
Sutterella	40544	d__Bacteria;p__Pseudomonadota;c__Betaproteobacteria;o__Burkholderiales;f__Sutterellaceae;g__
Turicimonas	1918598	d__Bacteria;p__Pseudomonadota;c__Betaproteobacteria;o__Burkholderiales;f__Sutterellaceae;g__
Burkholderia	32008	d__Bacteria;p__Pseudomonadota;c__Betaproteobacteria;o__Burkholderiales;f__Burkholderiaceae;g__
Cupriavidus	106589	d__Bacteria;p__Pseudomonadota;c__Betaproteobacteria;o__Burkholderiales;f__Burkholderiaceae;g__
Paraburkholderia	1822464	d__Bacteria;p__Pseudomonadota;c__Betaproteobacteria;o__Burkholderiales;f__Burkholderiaceae;g__
Ralstonia	48736	d__Bacteria;p__Pseudomonadota;c__Betaproteobacteria;o__Burkholderiales;f__Burkholderiaceae;g__
Pandoraea	93217	d__Bacteria;p__Pseudomonadota;c__Betaproteobacteria;o__Burkholderiales;f__Burkholderiaceae;g__
Lautropia	47670	d__Bacteria;p__Pseudomonadota;c__Betaproteobacteria;o__Burkholderiales;f__Burkholderiaceae;g__
Caballeronia	1827195	d__Bacteria;p__Pseudomonadota;c__Betaproteobacteria;o__Burkholderiales;f__Burkholderiaceae;g__
Polynucleobacter	44013	d__Bacteria;p__Pseudomonadota;c__Betaproteobacteria;o__Burkholderiales;f__Burkholderiaceae;g__
Chitinimonas	240411	d__Bacteria;p__Pseudomonadota;c__Betaproteobacteria;o__Neisseriales;f__Chitinibacteraceae;g__
Limnobacter	131079	d__Bacteria;p__Pseudomonadota;c__Betaproteobacteria;o__Burkholderiales;f__Burkholderiaceae;g__
Bordetella	517	d__Bacteria;p__Pseudomonadota;c__Betaproteobacteria;o__Burkholderiales;f__Alcaligenaceae;g__
Achromobacter	222	d__Bacteria;p__Pseudomonadota;c__Betaproteobacteria;o__Burkholderiales;f__Alcaligenaceae;g__
Alcaligenes	507	d__Bacteria;p__Pseudomonadota;c__Betaproteobacteria;o__Burkholderiales;f__Alcaligenaceae;g__
Oligella	90243	d__Bacteria;p__Pseudomonadota;c__Betaproteobacteria;o__Burkholderiales;f__Alcaligenaceae;g__
Pigmentiphaga	152267	d__Bacteria;p__Pseudomonadota;c__Betaproteobacteria;o__Burkholderiales;f__Alcaligenaceae;g__
Kerstersia	257820	d__Bacteria;p__Pseudomonadota;c__Betaproteobacteria;o__Burkholderiales;f__Alcaligenaceae;g__
Orrella	1921582	d__Bacteria;p__Pseudomonadota;c__Betaproteobacteria;o__Burkholderiales;f__Alcaligenaceae;g__
Massilia	149698	d__Bacteria;p__Pseudomonadota;c__Betaproteobacteria;o__Burkholderiales;f__Oxalobacteraceae;g__
Pseudoduganella	1522432	d__Bacteria;p__Pseudomonadota;c__Betaproteobacteria;o__Burkholderiales;f__Oxalobacteraceae;g__
Duganella	75654	d__Bacteria;p__Pseudomonadota;c__Betaproteobacteria;o__Burkholderiales;f__Oxalobacteraceae;g__
Janthinobacterium	29580	d__Bacteria;p__Pseudomonadota;c__Betaproteobacteria;o__Burkholderiales;f__Oxalobacteraceae;g__
Herbaspirillum	963	d__Bacteria;p__Pseudomonadota;c__Betaproteobacteria;o__Burkholderiales;f__Oxalobacteraceae;g__
Collimonas	202907	d__Bacteria;p__Pseudomonadota;c__Betaproteobacteria;o__Burkholderiales;f__Oxalobacteraceae;g__
Noviherbaspirillum	1344552	d__Bacteria;p__Pseudomonadota;c__Betaproteobacteria;o__Burkholderiales;f__Oxalobacteraceae;g__
Herminiimonas	303379	d__Bacteria;p__Pseudomonadota;c__Betaproteobacteria;o__Burkholderiales;f__Oxalobacteraceae;g__
Caldimonas	196013	d__Bacteria;p__Pseudomonadota;c__Betaproteobacteria;o__Burkholderiales;f__Sphaerotilaceae;g__

Sphaerotilus	34102	d__Bacteria;p__Pseudomonadota;c__Betaproteobacteria;o__Burkholderiales;f__Sphaerotilaceae;g__
Methylibium	316612	d__Bacteria;p__Pseudomonadota;c__Betaproteobacteria;o__Burkholderiales;f__Sphaerotilaceae;g__
Rubrivivax	28067	d__Bacteria;p__Pseudomonadota;c__Betaproteobacteria;o__Burkholderiales;f__Sphaerotilaceae;g__
Ideonella	36862	d__Bacteria;p__Pseudomonadota;c__Betaproteobacteria;o__Burkholderiales;f__Sphaerotilaceae;g__
Roseateles	93681	d__Bacteria;p__Pseudomonadota;c__Betaproteobacteria;o__Burkholderiales;f__Sphaerotilaceae;g__
Aquincola	391952	d__Bacteria;p__Pseudomonadota;c__Betaproteobacteria;o__Burkholderiales;f__Sphaerotilaceae;g__

Inhella	644355	d__Bacteria;p__Pseudomonadota;c__Betaproteobacteria;o__Burkholderiales;f__Sphaerotilaceae;g__
Aquabacterium	92793	d__Bacteria;p__Pseudomonadota;c__Betaproteobacteria;o__Burkholderiales;f__;g__
Rhizobacter	212743	d__Bacteria;p__Pseudomonadota;c__Betaproteobacteria;o__Burkholderiales;f__;g__
Thiomonas	32012	d__Bacteria;p__Pseudomonadota;c__Betaproteobacteria;o__Burkholderiales;f__;g__
Xylophilus	54066	d__Bacteria;p__Pseudomonadota;c__Betaproteobacteria;o__Burkholderiales;f__;g__
Tepidimonas	114248	d__Bacteria;p__Pseudomonadota;c__Betaproteobacteria;o__Burkholderiales;f__;g__
Thauera	33057	d__Bacteria;p__Pseudomonadota;c__Betaproteobacteria;o__Rhodocyclales;f__Zoogloeaceae;g__
Azoarcus	12960	d__Bacteria;p__Pseudomonadota;c__Betaproteobacteria;o__Rhodocyclales;f__Zoogloeaceae;g__
Parazoarcus	2891322	d__Bacteria;p__Pseudomonadota;c__Betaproteobacteria;o__Rhodocyclales;f__Zoogloeaceae;g__
Nitrogeniibacter	2891294	d__Bacteria;p__Pseudomonadota;c__Betaproteobacteria;o__Rhodocyclales;f__Zoogloeaceae;g__
Azospira	146937	d__Bacteria;p__Pseudomonadota;c__Betaproteobacteria;o__Rhodocyclales;f__Rhodocyclaceae;g__
Aromatoleum	551759	d__Bacteria;p__Pseudomonadota;c__Betaproteobacteria;o__Rhodocyclales;f__Rhodocyclaceae;g__
Dechloromonas	73029	d__Bacteria;p__Pseudomonadota;c__Betaproteobacteria;o__Rhodocyclales;f__Azonexaceae;g__
Ferribacterium	88875	d__Bacteria;p__Pseudomonadota;c__Betaproteobacteria;o__Rhodocyclales;f__Azonexaceae;g__
Chromobacterium	535	d__Bacteria;p__Pseudomonadota;c__Betaproteobacteria;o__Neisseriales;f__Chromobacteriaceae;g__
Paludibacterium	400060	d__Bacteria;p__Pseudomonadota;c__Betaproteobacteria;o__Neisseriales;f__Chromobacteriaceae;g__
Pseudogulbenkiania	568394	d__Bacteria;p__Pseudomonadota;c__Betaproteobacteria;o__Neisseriales;f__Chromobacteriaceae;g__
Chitiniphilus	585890	d__Bacteria;p__Pseudomonadota;c__Betaproteobacteria;o__Neisseriales;f__Chitinibacteraceae;g__
Laribacter	168470	d__Bacteria;p__Pseudomonadota;c__Betaproteobacteria;o__Neisseriales;f__Aquaspirillaceae;g__
Microvirgula	57479	d__Bacteria;p__Pseudomonadota;c__Betaproteobacteria;o__Neisseriales;f__Aquaspirillaceae;g__
Aquitalea	407217	d__Bacteria;p__Pseudomonadota;c__Betaproteobacteria;o__Neisseriales;f__Chromobacteriaceae;g__
Neisseria	482	d__Bacteria;p__Pseudomonadota;c__Betaproteobacteria;o__Neisseriales;f__Neisseriaceae;g__
Chitinolyticbacter	1055692	d__Bacteria;p__Pseudomonadota;c__Betaproteobacteria;o__Neisseriales;f__Chitinibacteraceae;g__
Sulfuriferula	1778653	d__Bacteria;p__Pseudomonadota;c__Betaproteobacteria;o__Nitrosomonadales;f__Sulfuricellaceae;g__
Denitratisoma	311181	d__Bacteria;p__Pseudomonadota;c__Betaproteobacteria;o__Nitrosomonadales;f__Sterolibacteriaceae;g__
Usitatibacter	2803845	d__Bacteria;p__Pseudomonadota;c__Betaproteobacteria;o__Nitrosomonadales;f__Usitatibacteraceae;g__
Acidithiobacillus	119977	d__Bacteria;p__Pseudomonadota;c__Acidithiobacillia;o__Acidithiobacillales;f__Acidithiobacillaceae;g__
Bacteroides	816	d__Bacteria;p__Bacteroidota;c__Bacteroidia;o__Bacteroidales;f__Bacteroidaceae;g__
Phocaeicola	909656	d__Bacteria;p__Bacteroidota;c__Bacteroidia;o__Bacteroidales;f__Bacteroidaceae;g__
Prevotella	838	d__Bacteria;p__Bacteroidota;c__Bacteroidia;o__Bacteroidales;f__Prevotellaceae;g__
Paraprevotella	577309	d__Bacteria;p__Bacteroidota;c__Bacteroidia;o__Bacteroidales;f__Prevotellaceae;g__
Hoylesella	2974257	d__Bacteria;p__Bacteroidota;c__Bacteroidia;o__Bacteroidales;f__Prevotellaceae;g__
Parabacteroides	375288	d__Bacteria;p__Bacteroidota;c__Bacteroidia;o__Bacteroidales;f__Tannerellaceae;g__
Tannerella	195950	d__Bacteria;p__Bacteroidota;c__Bacteroidia;o__Bacteroidales;f__Tannerellaceae;g__
Alistipes	239759	d__Bacteria;p__Bacteroidota;c__Bacteroidia;o__Bacteroidales;f__Rikenellaceae;g__
Butyricimonas	574697	d__Bacteria;p__Bacteroidota;c__Bacteroidia;o__Bacteroidales;f__Odoribacteraceae;g__
Odoribacter	283168	d__Bacteria;p__Bacteroidota;c__Bacteroidia;o__Bacteroidales;f__Odoribacteraceae;g__
Porphyromonas	836	d__Bacteria;p__Bacteroidota;c__Bacteroidia;o__Bacteroidales;f__Porphyromonadaceae;g__
Sodaliphilus	2815786	d__Bacteria;p__Bacteroidota;c__Bacteroidia;o__Bacteroidales;f__Muribaculaceae;g__
Muribaculum	1918540	d__Bacteria;p__Bacteroidota;c__Bacteroidia;o__Bacteroidales;f__Muribaculaceae;g__
Barnesiella	397864	d__Bacteria;p__Bacteroidota;c__Bacteroidia;o__Bacteroidales;f__Barnesiellaceae;g__
Coprobacter	1348911	d__Bacteria;p__Bacteroidota;c__Bacteroidia;o__Bacteroidales;f__Barnesiellaceae;g__
Dysgonomonas	156973	d__Bacteria;p__Bacteroidota;c__Bacteroidia;o__Bacteroidales;f__Dysgonomonadaceae;g__
Paludibacter	346096	d__Bacteria;p__Bacteroidota;c__Bacteroidia;o__Bacteroidales;f__Paludibacteraceae;g__
Maribellus	2678352	d__Bacteria;p__Bacteroidota;c__Bacteroidia;o__Marinilabiliales;f__Prolixibacteraceae;g__
Flavobacterium	237	d__Bacteria;p__Bacteroidota;c__Flavobacteriia;o__Flavobacteriales;f__Flavobacteriaceae;g__
Polaribacter	52959	d__Bacteria;p__Bacteroidota;c__Flavobacteriia;o__Flavobacteriales;f__Flavobacteriaceae;g__
Zhouia	561555	d__Bacteria;p__Bacteroidota;c__Flavobacteriia;o__Flavobacteriales;f__Flavobacteriaceae;g__
Capnocytophaga	1016	d__Bacteria;p__Bacteroidota;c__Flavobacteriia;o__Flavobacteriales;f__Flavobacteriaceae;g__
Tenacibaculum	104267	d__Bacteria;p__Bacteroidota;c__Flavobacteriia;o__Flavobacteriales;f__Flavobacteriaceae;g__
Maribacter	252356	d__Bacteria;p__Bacteroidota;c__Flavobacteriia;o__Flavobacteriales;f__Flavobacteriaceae;g__
Christiangramia	292691	d__Bacteria;p__Bacteroidota;c__Flavobacteriia;o__Flavobacteriales;f__Flavobacteriaceae;g__
Olleya	336276	d__Bacteria;p__Bacteroidota;c__Flavobacteriia;o__Flavobacteriales;f__Flavobacteriaceae;g__
Cellulophaga	104264	d__Bacteria;p__Bacteroidota;c__Flavobacteriia;o__Flavobacteriales;f__Flavobacteriaceae;g__
Leeuwenhoekiella	283735	d__Bacteria;p__Bacteroidota;c__Flavobacteriia;o__Flavobacteriales;f__Flavobacteriaceae;g__
Allomuricauda	111500	d__Bacteria;p__Bacteroidota;c__Flavobacteriia;o__Flavobacteriales;f__Flavobacteriaceae;g__
Winogradskyella	286104	d__Bacteria;p__Bacteroidota;c__Flavobacteriia;o__Flavobacteriales;f__Flavobacteriaceae;g__
Myroides	76831	d__Bacteria;p__Bacteroidota;c__Flavobacteriia;o__Flavobacteriales;f__Flavobacteriaceae;g__
Aquimarina	290174	d__Bacteria;p__Bacteroidota;c__Flavobacteriia;o__Flavobacteriales;f__Flavobacteriaceae;g__
Nonlabens	363408	d__Bacteria;p__Bacteroidota;c__Flavobacteriia;o__Flavobacteriales;f__Flavobacteriaceae;g__
Chryseobacterium	59732	d__Bacteria;p__Bacteroidota;c__Flavobacteriia;o__Flavobacteriales;f__Weeksellaceae;g__
Kaistella	2782231	d__Bacteria;p__Bacteroidota;c__Flavobacteriia;o__Flavobacteriales;f__Weeksellaceae;g__
Epilithonimonas	2782229	d__Bacteria;p__Bacteroidota;c__Flavobacteriia;o__Flavobacteriales;f__Weeksellaceae;g__
Cloacibacterium	501783	d__Bacteria;p__Bacteroidota;c__Flavobacteriia;o__Flavobacteriales;f__Weeksellaceae;g__
Elizabethkingia	308865	d__Bacteria;p__Bacteroidota;c__Flavobacteriia;o__Flavobacteriales;f__Weeksellaceae;g__
Ornithobacterium	28250	d__Bacteria;p__Bacteroidota;c__Flavobacteriia;o__Flavobacteriales;f__Weeksellaceae;g__
Empedobacter	59734	d__Bacteria;p__Bacteroidota;c__Flavobacteriia;o__Flavobacteriales;f__Weeksellaceae;g__
Blattabacterium	34098	d__Bacteria;p__Bacteroidota;c__Flavobacteriia;o__Flavobacteriales;f__Blattabacteriaceae;g__
Hymenobacter	89966	d__Bacteria;p__Bacteroidota;c__Cytophagia;o__Cytophagales;f__Hymenobacteraceae;g__
Pontibacter	323449	d__Bacteria;p__Bacteroidota;c__Cytophagia;o__Cytophagales;f__Hymenobacteraceae;g__
Spirosoma	107	d__Bacteria;p__Bacteroidota;c__Cytophagia;o__Cytophagales;f__Cytophagaceae;g__
Rhodocytophaga	455076	d__Bacteria;p__Bacteroidota;c__Cytophagia;o__Cytophagales;f__Cytophagaceae;g__
Dyadobacter	120831	d__Bacteria;p__Bacteroidota;c__Cytophagia;o__Cytophagales;f__Spirosomataceae;g__
Marivirga	869806	d__Bacteria;p__Bacteroidota;c__Cytophagia;o__Cytophagales;f__Marivirgaceae;g__
Fulvivirga	396811	d__Bacteria;p__Bacteroidota;c__Cytophagia;o__Cytophagales;f__Fulvivirgaceae;g__
Sphingobacterium	28453	d__Bacteria;p__Bacteroidota;c__Sphingobacteriia;o__Sphingobacteriales;f__Sphingobacteriaceae;g__
Mucilaginibacter	423349	d__Bacteria;p__Bacteroidota;c__Sphingobacteriia;o__Sphingobacteriales;f__Sphingobacteriaceae;g__
Pedobacter	84567	d__Bacteria;p__Bacteroidota;c__Sphingobacteriia;o__Sphingobacteriales;f__Sphingobacteriaceae;g__
Chitinophaga	79328	d__Bacteria;p__Bacteroidota;c__Chitinophagia;o__Chitinophagales;f__Chitinophagaceae;g__
Phnomibacter	2836216	d__Bacteria;p__Bacteroidota;c__Chitinophagia;o__Chitinophagales;f__Chitinophagaceae;g__
Flavisolibacter	398041	d__Bacteria;p__Bacteroidota;c__Chitinophagia;o__Chitinophagales;f__Chitinophagaceae;g__
Salinibacter	146918	d__Bacteria;p__Rhodothermota;c__Rhodothermia;o__Rhodothermales;f__Salinibacteraceae;g__
Chlorobaculum	256319	d__Bacteria;p__Chlorobiota;c__Chlorobiia;o__Chlorobiales;f__Chlorobiaceae;g__
Melioribacter	1134403	d__Bacteria;p__Ignavibacteriota;c__Ignavibacteria;o__Ignavibacteriales;f__Melioribacteraceae;g__
Gemmatirosa	1706036	d__Bacteria;p__Gemmatimonadota;c__Gemmatimonadetes;o__Gemmatimonadales;f__Gemmatimonadaceae;g__
Akkermansia	239934	d__Bacteria;p__Verrucomicrobiota;c__Verrucomicrobiae;o__Verrucomicrobiales;f__Akkermansiaceae;g__
Sulfuriroseicoccus	2911469	d__Bacteria;p__Verrucomicrobiota;c__Verrucomicrobiae;o__Verrucomicrobiales;f__Verrucomicrobiaceae;g__
Luteolibacter	518753	d__Bacteria;p__Verrucomicrobiota;c__Verrucomicrobiae;o__Verrucomicrobiales;f__Verrucomicrobiaceae;g__
Planctomyces	118	d__Bacteria;p__Planctomycetota;c__Planctomycetia;o__Planctomycetales;f__Planctomycetaceae;g__
Gimesia	1649453	d__Bacteria;p__Planctomycetota;c__Planctomycetia;o__Planctomycetales;f__Planctomycetaceae;g__
Limnoglobus	2731450	d__Bacteria;p__Planctomycetota;c__Planctomycetia;o__Gemmatales;f__Gemmataceae;g__
Fusobacterium	848	d__Bacteria;p__Fusobacteriota;c__Fusobacteriia;o__Fusobacteriales;f__Fusobacteriaceae;g__
Leptotrichia	32067	d__Bacteria;p__Fusobacteriota;c__Fusobacteriia;o__Fusobacteriales;f__Leptotrichiaceae;g__
Campylobacter	194	d__Bacteria;p__Campylobacterota;c__Epsilonproteobacteria;o__Campylobacterales;f__Campylobacteraceae;g__
Aliarcobacter	2321111	d__Bacteria;p__Campylobacterota;c__Epsilonproteobacteria;o__Campylobacterales;f__Arcobacteraceae;g__
Arcobacter	28196	d__Bacteria;p__Campylobacterota;c__Epsilonproteobacteria;o__Campylobacterales;f__Arcobacteraceae;g__
Helicobacter	209	d__Bacteria;p__Campylobacterota;c__Epsilonproteobacteria;o__Campylobacterales;f__Helicobacteraceae;g__
Sulfurimonas	202746	d__Bacteria;p__Campylobacterota;c__Epsilonproteobacteria;o__Campylobacterales;f__Sulfurimonadaceae;g__
Sulfurovum	265570	d__Bacteria;p__Campylobacterota;c__Epsilonproteobacteria;o__Campylobacterales;f__Sulfurovaceae;g__
Sulfurospirillum	57665	d__Bacteria;p__Campylobacterota;c__Epsilonproteobacteria;o__Campylobacterales;f__Sulfurospirillaceae;g__
Myxococcus	32	d__Bacteria;p__Myxococcota;c__Myxococcia;o__Myxococcales;f__Myxococcaceae;g__
Corallococcus	83461	d__Bacteria;p__Myxococcota;c__Myxococcia;o__Myxococcales;f__Myxococcaceae;g__
Archangium	47	d__Bacteria;p__Myxococcota;c__Myxococcia;o__Myxococcales;f__Archangiaceae;g__
Cystobacter	42	d__Bacteria;p__Myxococcota;c__Myxococcia;o__Myxococcales;f__Archangiaceae;g__
Anaeromyxobacter	161492	d__Bacteria;p__Myxococcota;c__Myxococcia;o__Myxococcales;f__Anaeromyxobacteraceae;g__
Sandaracinus	1055688	d__Bacteria;p__Myxococcota;c__;o__Polyangiales;f__Sandaracinaceae;g__
Sorangium	39643	d__Bacteria;p__Myxococcota;c__;o__Polyangiales;f__Polyangiaceae;g__
Polyangium	55	d__Bacteria;p__Myxococcota;c__;o__Polyangiales;f__Polyangiaceae;g__
Labilithrix	1524217	d__Bacteria;p__Myxococcota;c__;o__Polyangiales;f__Labilitrichaceae;g__
Nannocystis	53	d__Bacteria;p__Myxococcota;c__;o__Nannocystales;f__Nannocystaceae;g__
Haliangium	162027	d__Bacteria;p__Myxococcota;c__;o__Haliangiales;f__Kofleriaceae;g__
Desulfovibrio	872	d__Bacteria;p__Thermodesulfobacteriota;c__Desulfovibrionia;o__Desulfovibrionales;f__Desulfovibrionaceae;g__
Pseudodesulfovibrio	2035811	d__Bacteria;p__Thermodesulfobacteriota;c__Desulfovibrionia;o__Desulfovibrionales;f__Desulfovibrionaceae;g__
Solidesulfovibrio	2910984	d__Bacteria;p__Thermodesulfobacteriota;c__Desulfovibrionia;o__Desulfovibrionales;f__Desulfovibrionaceae;g__
Desulfomicrobium	898	d__Bacteria;p__Thermodesulfobacteriota;c__Desulfovibrionia;o__Desulfovibrionales;f__Desulfomicrobiaceae;g__
Desulfonema	45654	d__Bacteria;p__Thermodesulfobacteriota;c__Desulfobacteria;o__Desulfobacterales;f__Desulfococcaceae;g__
Desulfosarcina	2299	d__Bacteria;p__Thermodesulfobacteriota;c__Desulfobacteria;o__Desulfobacterales;f__Desulfosarcinaceae;g__
Geobacter	28231	d__Bacteria;p__Thermodesulfobacteriota;c__Desulfuromonadia;o__Geobacterales;f__Geobacteraceae;g__
Geomonas	2651583	d__Bacteria;p__Thermodesulfobacteriota;c__Desulfuromonadia;o__Geobacterales;f__Geobacteraceae;g__
Syntrophotalea	2812025	d__Bacteria;p__Thermodesulfobacteriota;c__Desulfuromonadia;o__Desulfuromonadales;f__Syntrophotaleaceae;g__
Desulfobulbus	893	d__Bacteria;p__Thermodesulfobacteriota;c__Desulfobulbia;o__Desulfobulbales;f__Desulfobulbaceae;g__
Desulfosediminicola	2886823	d__Bacteria;p__Thermodesulfobacteriota;c__Desulfobulbia;o__Desulfobulbales;f__Desulfocapsaceae;g__
Treponema	157	d__Bacteria;p__Spirochaetota;c__Spirochaetia;o__Spirochaetales;f__Treponemataceae;g__
Spirochaeta	146	d__Bacteria;p__Spirochaetota;c__Spirochaetia;o__Spirochaetales;f__Spirochaetaceae;g__
Leptospira	171	d__Bacteria;p__Spirochaetota;c__Spirochaetia;o__Leptospirales;f__Leptospiraceae;g__
Edaphobacter	388463	d__Bacteria;p__Acidobacteriota;c__Terriglobia;o__Terriglobales;f__Acidobacteriaceae;g__
Terriglobus	392733	d__Bacteria;p__Acidobacteriota;c__Terriglobia;o__Terriglobales;f__Acidobacteriaceae;g__
Luteitalea	2004797	d__Bacteria;p__Acidobacteriota;c__Vicinamibacteria;o__Vicinamibacterales;f__Vicinamibacteraceae;g__
Bacteriovorax	146784	d__Bacteria;p__Bdellovibrionota;c__Bacteriovoracia;o__Bacteriovoracales;f__Bacteriovoracaceae;g__
Bdellovibrio	958	d__Bacteria;p__Bdellovibrionota;c__Bdellovibrionia;o__Bdellovibrionales;f__Pseudobdellovibrionaceae;g__
Pyramidobacter	638847	d__Bacteria;p__Synergistota;c__Synergistia;o__Synergistales;f__Dethiosulfovibrionaceae;g__





















Raoultibacter	1926677	d__Bacteria;p__Actinomycetota;c__Coriobacteriia;o__Eggerthellales;f__Eggerthellaceae;g__
Metamycoplasma	2895509	d__Bacteria;p__Mycoplasmatota;c__;o__Mycoplasmoidales;f__Metamycoplasmataceae;g__
Allomeiothermus	2935559	d__Bacteria;p__Deinococcota;c__Deinococci;o__Thermales;f__Thermaceae;g__
Rugosibacter	1914449	d__Bacteria;p__Pseudomonadota;c__Betaproteobacteria;o__Nitrosomonadales;f__Sterolibacteriaceae;g__
Abyssalbus	2967089	d__Bacteria;p__Bacteroidota;c__Flavobacteriia;o__Flavobacteriales;f__Flavobacteriaceae;g__
Flammeovirga	59739	d__Bacteria;p__Bacteroidota;c__Cytophagia;o__Cytophagales;f__Flammeovirgaceae;g__
Bernardetia	1937972	d__Bacteria;p__Bacteroidota;c__Cytophagia;o__Cytophagales;f__Bernardetiaceae;g__
Arachidicoccus	1769012	d__Bacteria;p__Bacteroidota;c__Chitinophagia;o__Chitinophagales;f__Chitinophagaceae;g__
Borrelia	138	d__Bacteria;p__Spirochaetota;c__Spirochaetia;o__Spirochaetales;f__Borreliaceae;g__
Evansella	2837485	d__Bacteria;p__Bacillota;c__Bacilli;o__Bacillales;f__Bacillaceae;g__
Salimicrobium	351195	d__Bacteria;p__Bacillota;c__Bacilli;o__Bacillales;f__Bacillaceae;g__
Rummeliibacillus	648802	d__Bacteria;p__Bacillota;c__Bacilli;o__Bacillales;f__Planococcaceae;g__
Jeotgalibacillus	157226	d__Bacteria;p__Bacillota;c__Bacilli;o__Bacillales;f__Planococcaceae;g__
Ureibacillus	160795	d__Bacteria;p__Bacillota;c__Bacilli;o__Bacillales;f__Planococcaceae;g__
Thermobacillus	76632	d__Bacteria;p__Bacillota;c__Bacilli;o__Bacillales;f__Paenibacillaceae;g__
Polycladomyces	1348505	d__Bacteria;p__Bacillota;c__Bacilli;o__Bacillales;f__Thermoactinomycetaceae;g__
Lentilactobacillus	2767893	d__Bacteria;p__Bacillota;c__Bacilli;o__Lactobacillales;f__Lactobacillaceae;g__
Oenococcus	46254	d__Bacteria;p__Bacillota;c__Bacilli;o__Lactobacillales;f__Lactobacillaceae;g__
Anaeropeptidivorans	2997360	d__Bacteria;p__Bacillota;c__Clostridia;o__Lachnospirales;f__Lachnospiraceae;g__
Paraclostridium	1849822	d__Bacteria;p__Bacillota;c__Clostridia;o__Peptostreptococcales;f__Peptostreptococcaceae;g__
Geosporobacter	390805	d__Bacteria;p__Bacillota;c__Clostridia;o__Peptostreptococcales;f__Thermotaleaceae;g__
Peptoclostridium	1481960	d__Bacteria;p__Bacillota;c__Clostridia;o__Peptostreptococcales;f__Peptoclostridiaceae;g__
Filifactor	44259	d__Bacteria;p__Bacillota;c__Clostridia;o__Peptostreptococcales;f__Filifactoraceae;g__
Tepidibacter	214904	d__Bacteria;p__Bacillota;c__Clostridia;o__Peptostreptococcales;f__Peptostreptococcaceae;g__
Alkalibacter	274470	d__Bacteria;p__Bacillota;c__Clostridia;o__Eubacteriales;f__Eubacteriaceae;g__
Thermaerobacter	73918	d__Bacteria;p__Bacillota;c__Clostridia;o__Eubacteriales;f__Clostridiales Family XVII. Incertae Sedis;g__
Syntrophobotulus	51196	d__Bacteria;p__Bacillota;c__Clostridia;o__Eubacteriales;f__Desulfitobacteriaceae;g__
Dehalobacter	56112	d__Bacteria;p__Bacillota;c__Clostridia;o__Eubacteriales;f__Desulfitobacteriaceae;g__
Dehalobacterium	51514	d__Bacteria;p__Bacillota;c__Clostridia;o__Eubacteriales;f__Peptococcaceae;g__
Candidatus Formimonas	2840454	d__Bacteria;p__Bacillota;c__Clostridia;o__Eubacteriales;f__Peptococcaceae;g__
Desulforamulus	2916693	d__Bacteria;p__Bacillota;c__Clostridia;o__Eubacteriales;f__Peptococcaceae;g__
Petrocella	2603323	d__Bacteria;p__Bacillota;c__Clostridia;o__Lachnospirales;f__Vallitaleaceae;g__
Heliomicrobium	2831443	d__Bacteria;p__Bacillota;c__Clostridia;o__Eubacteriales;f__Heliobacteriaceae;g__
Desulfoscipio	2867376	d__Bacteria;p__Bacillota;c__Clostridia;o__Eubacteriales;f__Desulfallaceae;g__
Zhaonella	2748674	d__Bacteria;p__Bacillota;c__Clostridia;o__Moorellales;f__Zhaonellaceae;g__
Iocasia	2899804	d__Bacteria;p__Bacillota;c__Clostridia;o__Halanaerobiales;f__Halanaerobiaceae;g__
Anoxybacter	1769008	d__Bacteria;p__Bacillota;c__Clostridia;o__Halanaerobiales;f__;g__
Koleobacter	2786989	d__Bacteria;p__Bacillota;c__Clostridia;o__Koleobacterales;f__Koleobacteraceae;g__
Intestinibaculum	2679910	d__Bacteria;p__Bacillota;c__Erysipelotrichia;o__Erysipelotrichales;f__Erysipelotrichaceae;g__
Methylomusa	2093783	d__Bacteria;p__Bacillota;c__Negativicutes;o__Selenomonadales;f__Sporomusaceae;g__
Pelosinus	365348	d__Bacteria;p__Bacillota;c__Negativicutes;o__Selenomonadales;f__Sporomusaceae;g__
Sporomusa	2375	d__Bacteria;p__Bacillota;c__Negativicutes;o__Selenomonadales;f__Sporomusaceae;g__
Murdochiella	1161127	d__Bacteria;p__Bacillota;c__Tissierellia;o__Tissierellales;f__Peptoniphilaceae;g__
Acidilutibacter	2992720	d__Bacteria;p__Bacillota;c__Tissierellia;o__Tissierellales;f__Acidilutibacteraceae;g__
Sedimentibacter	190972	d__Bacteria;p__Bacillota;c__Tissierellia;o__;f__;g__
Paenarthrobacter	1742992	d__Bacteria;p__Actinomycetota;c__Actinomycetes;o__Micrococcales;f__Micrococcaceae;g__
Jiangella	281472	d__Bacteria;p__Actinomycetota;c__Actinomycetes;o__Jiangellales;f__Jiangellaceae;g__
Pseudanabaena	1152	d__Bacteria;p__Cyanobacteriota;c__Cyanophyceae;o__Pseudanabaenales;f__Pseudanabaenaceae;g__
Arsenophonus	637	d__Bacteria;p__Pseudomonadota;c__Gammaproteobacteria;o__Enterobacterales;f__Morganellaceae;g__
Hafnia	568	d__Bacteria;p__Pseudomonadota;c__Gammaproteobacteria;o__Enterobacterales;f__Hafniaceae;g__
Aliivibrio	511678	d__Bacteria;p__Pseudomonadota;c__Gammaproteobacteria;o__Vibrionales;f__Vibrionaceae;g__
Marinomonas	28253	d__Bacteria;p__Pseudomonadota;c__Gammaproteobacteria;o__Oceanospirillales;f__Oceanospirillaceae;g__
Succinivibrio	83770	d__Bacteria;p__Pseudomonadota;c__Gammaproteobacteria;o__Aeromonadales;f__Succinivibrionaceae;g__
Mannheimia	75984	d__Bacteria;p__Pseudomonadota;c__Gammaproteobacteria;o__Pasteurellales;f__Pasteurellaceae;g__
Thiomicrorhabdus	2039723	d__Bacteria;p__Pseudomonadota;c__Gammaproteobacteria;o__Thiotrichales;f__Piscirickettsiaceae;g__
Frischella	1335631	d__Bacteria;p__Pseudomonadota;c__Gammaproteobacteria;o__Orbales;f__Orbaceae;g__
Pusillimonas	305976	d__Bacteria;p__Pseudomonadota;c__Betaproteobacteria;o__Burkholderiales;f__Alcaligenaceae;g__
Oxalobacter	846	d__Bacteria;p__Pseudomonadota;c__Betaproteobacteria;o__Burkholderiales;f__Oxalobacteraceae;g__
Uruburuella	299568	d__Bacteria;p__Pseudomonadota;c__Betaproteobacteria;o__Neisseriales;f__Neisseriaceae;g__
Methylopumilus	1679002	d__Bacteria;p__Pseudomonadota;c__Betaproteobacteria;o__Nitrosomonadales;f__Methylophilaceae;g__
Sulfuritortus	1938335	d__Bacteria;p__Pseudomonadota;c__Betaproteobacteria;o__Nitrosomonadales;f__Thiobacillaceae;g__
Pararhizobium	1612611	d__Bacteria;p__Pseudomonadota;c__Alphaproteobacteria;o__Hyphomicrobiales;f__Rhizobiaceae;g__
Celeribacter	875170	d__Bacteria;p__Pseudomonadota;c__Alphaproteobacteria;o__Rhodobacterales;f__Roseobacteraceae;g__
Pseudooceanicola	1679449	d__Bacteria;p__Pseudomonadota;c__Alphaproteobacteria;o__Rhodobacterales;f__Paracoccaceae;g__
Duncaniella	2518495	d__Bacteria;p__Bacteroidota;c__Bacteroidia;o__Bacteroidales;f__Muribaculaceae;g__
Formosa	225842	d__Bacteria;p__Bacteroidota;c__Flavobacteriia;o__Flavobacteriales;f__Flavobacteriaceae;g__
Aequorivita	153265	d__Bacteria;p__Bacteroidota;c__Flavobacteriia;o__Flavobacteriales;f__Flavobacteriaceae;g__
Gilvibacter	379070	d__Bacteria;p__Bacteroidota;c__Flavobacteriia;o__Flavobacteriales;f__Flavobacteriaceae;g__
Zunongwangia	417127	d__Bacteria;p__Bacteroidota;c__Flavobacteriia;o__Flavobacteriales;f__Flavobacteriaceae;g__
Riemerella	34084	d__Bacteria;p__Bacteroidota;c__Flavobacteriia;o__Flavobacteriales;f__Weeksellaceae;g__
Runella	105	d__Bacteria;p__Bacteroidota;c__Cytophagia;o__Cytophagales;f__Spirosomataceae;g__
Algoriphagus	246875	d__Bacteria;p__Bacteroidota;c__Cytophagia;o__Cytophagales;f__Cyclobacteriaceae;g__
Echinicola	390846	d__Bacteria;p__Bacteroidota;c__Cytophagia;o__Cytophagales;f__Cyclobacteriaceae;g__
Candidatus Uabimicrobium	2897349	d__Bacteria;p__Planctomycetota;c__Candidatus Uabimicrobiia;o__Candidatus Uabimicrobiales;f__Candidatus Uabimicrobiaceae;g__
Verrucomicrobium	2735	d__Bacteria;p__Verrucomicrobiota;c__Verrucomicrobiae;o__Verrucomicrobiales;f__Verrucomicrobiaceae;g__
Opitutus	178440	d__Bacteria;p__Verrucomicrobiota;c__Opitutae;o__Opitutales;f__Opitutaceae;g__
Chlamydia	810	d__Bacteria;p__Chlamydiota;c__Chlamydiia;o__Chlamydiales;f__Chlamydiaceae;g__
Halarcobacter	2321115	d__Bacteria;p__Campylobacterota;c__Epsilonproteobacteria;o__Campylobacterales;f__Arcobacteraceae;g__
Malaciobacter	2321114	d__Bacteria;p__Campylobacterota;c__Epsilonproteobacteria;o__Campylobacterales;f__Arcobacteraceae;g__
Desulfobacter	2289	d__Bacteria;p__Thermodesulfobacteriota;c__Desulfobacteria;o__Desulfobacterales;f__Desulfobacteraceae;g__
Desulfomarina	2894767	d__Bacteria;p__Thermodesulfobacteriota;c__Desulfobulbia;o__Desulfobulbales;f__Desulfobulbaceae;g__
Sphaerochaeta	399320	d__Bacteria;p__Spirochaetota;c__Spirochaetia;o__Spirochaetales;f__Sphaerochaetaceae;g__
Breznakiella	2845254	d__Bacteria;p__Spirochaetota;c__Spirochaetia;o__Spirochaetales;f__Breznakiellaceae;g__
Brachyspira	29521	d__Bacteria;p__Spirochaetota;c__Spirochaetia;o__Brachyspirales;f__Brachyspiraceae;g__
Fervidobacterium	2422	d__Bacteria;p__Thermotogota;c__Thermotogae;o__Thermotogales;f__Fervidobacteriaceae;g__
Pseudothermotoga	1643951	d__Bacteria;p__Thermotogota;c__Thermotogae;o__Thermotogales;f__Thermotogaceae;g__
Cloacibacillus	508459	d__Bacteria;p__Synergistota;c__Synergistia;o__Synergistales;f__Synergistaceae;g__
Halobacteriovorax	1652133	d__Bacteria;p__Bdellovibrionota;c__Bacteriovoracia;o__Bacteriovoracales;f__Halobacteriovoraceae;g__
Nitrospira	1234	d__Bacteria;p__Nitrospirota;c__Nitrospiria;o__Nitrospirales;f__Nitrospiraceae;g__






Arenimonas	490567	d__Bacteria;p__Pseudomonadota;c__Gammaproteobacteria;o__Xanthomonadales;f__Xanthomonadaceae;g__
Thalassotalea	1518149	d__Bacteria;p__Pseudomonadota;c__Gammaproteobacteria;o__Alteromonadales;f__Colwelliaceae;g__
Paraflavitalea	2698688	d__Bacteria;p__Bacteroidota;c__Chitinophagia;o__Chitinophagales;f__Chitinophagaceae;g__
Fenollaria	1686313	d__Bacteria;p__Bacillota;c__Clostridia;o__Eubacteriales;f__;g__
Tannockella	2943184	d__Bacteria;p__Bacillota;c__Erysipelotrichia;o__Erysipelotrichales;f__Coprobacillaceae;g__
Trueperella	1069494	d__Bacteria;p__Actinomycetota;c__Actinomycetes;o__Actinomycetales;f__Actinomycetaceae;g__
Tepidiforma	2682228	d__Bacteria;p__Chloroflexota;c__Tepidiformia;o__Tepidiformales;f__Tepidiformaceae;g__
Gemmobacter	204456	d__Bacteria;p__Pseudomonadota;c__Alphaproteobacteria;o__Rhodobacterales;f__Paracoccaceae;g__


Anaerobacillus	704093	d__Bacteria;p__Bacillota;c__Bacilli;o__Bacillales;f__Bacillaceae;g__
Caldalkalibacillus	379065	d__Bacteria;p__Bacillota;c__Bacilli;o__Bacillales;f__Bacillaceae;g__
Kroppenstedtia	1274351	d__Bacteria;p__Bacillota;c__Bacilli;o__Bacillales;f__Thermoactinomycetaceae;g__
Novibacillus	1677050	d__Bacteria;p__Bacillota;c__Bacilli;o__Bacillales;f__Thermoactinomycetaceae;g__
Suicoccus	2689587	d__Bacteria;p__Bacillota;c__Bacilli;o__Lactobacillales;f__Aerococcaceae;g__
Tyzzerella	1506577	d__Bacteria;p__Bacillota;c__Clostridia;o__Lachnospirales;f__Lachnospiraceae;g__
Thermanaerosceptrum	2651578	d__Bacteria;p__Bacillota;c__Clostridia;o__Eubacteriales;f__Peptococcaceae;g__
Mahella	252965	d__Bacteria;p__Bacillota;c__Clostridia;o__Thermoanaerobacterales;f__Thermoanaerobacterales Family IV. Incertae Sedis;g__
Parascardovia	196082	d__Bacteria;p__Actinomycetota;c__Actinomycetes;o__Bifidobacteriales;f__Bifidobacteriaceae;g__
Arcanobacterium	28263	d__Bacteria;p__Actinomycetota;c__Actinomycetes;o__Actinomycetales;f__Actinomycetaceae;g__
Flaviflexus	1522056	d__Bacteria;p__Actinomycetota;c__Actinomycetes;o__Actinomycetales;f__Actinomycetaceae;g__
Salinibacterium	235888	d__Bacteria;p__Actinomycetota;c__Actinomycetes;o__Micrococcales;f__Microbacteriaceae;g__
Stackebrandtia	283810	d__Bacteria;p__Actinomycetota;c__Actinomycetes;o__Glycomycetales;f__Glycomycetaceae;g__
Coriobacterium	33870	d__Bacteria;p__Actinomycetota;c__Coriobacteriia;o__Coriobacteriales;f__Coriobacteriaceae;g__
Lancefieldella	2767353	d__Bacteria;p__Actinomycetota;c__Coriobacteriia;o__Coriobacteriales;f__Atopobiaceae;g__
Atopobium	1380	d__Bacteria;p__Actinomycetota;c__Coriobacteriia;o__Coriobacteriales;f__Atopobiaceae;g__
Chloroflexus	1107	d__Bacteria;p__Chloroflexota;c__Chloroflexia;o__Chloroflexales;f__Chloroflexaceae;g__
Rouxiella	1565532	d__Bacteria;p__Pseudomonadota;c__Gammaproteobacteria;o__Enterobacterales;f__Yersiniaceae;g__
Duffyella	3026546	d__Bacteria;p__Pseudomonadota;c__Gammaproteobacteria;o__Enterobacterales;f__Erwiniaceae;g__
Amphritea	515417	d__Bacteria;p__Pseudomonadota;c__Gammaproteobacteria;o__Oceanospirillales;f__Oceanospirillaceae;g__
Aliamphritea	3018276	d__Bacteria;p__Pseudomonadota;c__Gammaproteobacteria;o__Oceanospirillales;f__Oceanospirillaceae;g__
Paraglaciecola	1621534	d__Bacteria;p__Pseudomonadota;c__Gammaproteobacteria;o__Alteromonadales;f__Alteromonadaceae;g__
Rodentibacter	1960084	d__Bacteria;p__Pseudomonadota;c__Gammaproteobacteria;o__Pasteurellales;f__Pasteurellaceae;g__
Methylocaldum	73778	d__Bacteria;p__Pseudomonadota;c__Gammaproteobacteria;o__Methylococcales;f__Methylococcaceae;g__
Pseudochrobactrum	354349	d__Bacteria;p__Pseudomonadota;c__Alphaproteobacteria;o__Hyphomicrobiales;f__Brucellaceae;g__
Labrenzia	478070	d__Bacteria;p__Pseudomonadota;c__Alphaproteobacteria;o__Hyphomicrobiales;f__Stappiaceae;g__
Nordella	169055	d__Bacteria;p__Pseudomonadota;c__Alphaproteobacteria;o__Hyphomicrobiales;f__;g__
Sphingosinithalassobacter	2676233	d__Bacteria;p__Pseudomonadota;c__Alphaproteobacteria;o__Sphingomonadales;f__Sphingomonadaceae;g__
Roseivivax	93682	d__Bacteria;p__Pseudomonadota;c__Alphaproteobacteria;o__Rhodobacterales;f__Roseobacteraceae;g__
Rhodobaca	119541	d__Bacteria;p__Pseudomonadota;c__Alphaproteobacteria;o__Rhodobacterales;f__Paracoccaceae;g__
Pikeienuella	2831955	d__Bacteria;p__Pseudomonadota;c__Alphaproteobacteria;o__Rhodobacterales;f__Paracoccaceae;g__
Rhodovastum	504465	d__Bacteria;p__Pseudomonadota;c__Alphaproteobacteria;o__Rhodospirillales;f__Acetobacteraceae;g__
Defluviicoccus	111830	d__Bacteria;p__Pseudomonadota;c__Alphaproteobacteria;o__Rhodospirillales;f__Rhodospirillaceae;g__
Nisaea	390876	d__Bacteria;p__Pseudomonadota;c__Alphaproteobacteria;o__Rhodospirillales;f__Thalassobaculaceae;g__
Sneathiella	510690	d__Bacteria;p__Pseudomonadota;c__Alphaproteobacteria;o__Sneathiellales;f__Sneathiellaceae;g__
Undibacterium	401469	d__Bacteria;p__Pseudomonadota;c__Betaproteobacteria;o__Burkholderiales;f__Oxalobacteraceae;g__
Vogesella	57739	d__Bacteria;p__Pseudomonadota;c__Betaproteobacteria;o__Neisseriales;f__Chromobacteriaceae;g__
Sterolibacterium	157591	d__Bacteria;p__Pseudomonadota;c__Betaproteobacteria;o__Nitrosomonadales;f__Sterolibacteriaceae;g__
Casimicrobium	2706000	d__Bacteria;p__Pseudomonadota;c__Betaproteobacteria;o__;f__Casimicrobiaceae;g__
Pseudoprevotella	2884814	d__Bacteria;p__Bacteroidota;c__Bacteroidia;o__Bacteroidales;f__Prevotellaceae;g__
Proteiniphilum	294702	d__Bacteria;p__Bacteroidota;c__Bacteroidia;o__Bacteroidales;f__Dysgonomonadaceae;g__
Petrimonas	307628	d__Bacteria;p__Bacteroidota;c__Bacteroidia;o__Bacteroidales;f__Dysgonomonadaceae;g__
Antarcticibacterium	2058174	d__Bacteria;p__Bacteroidota;c__Flavobacteriia;o__Flavobacteriales;f__Flavobacteriaceae;g__
Salegentibacter	143222	d__Bacteria;p__Bacteroidota;c__Flavobacteriia;o__Flavobacteriales;f__Flavobacteriaceae;g__
Lacinutrix	291183	d__Bacteria;p__Bacteroidota;c__Flavobacteriia;o__Flavobacteriales;f__Flavobacteriaceae;g__
Belliella	232244	d__Bacteria;p__Bacteroidota;c__Cytophagia;o__Cytophagales;f__Cyclobacteriaceae;g__
Chlorobium	1091	d__Bacteria;p__Chlorobiota;c__Chlorobiia;o__Chlorobiales;f__Chlorobiaceae;g__
Gemmatimonas	173479	d__Bacteria;p__Gemmatimonadota;c__Gemmatimonadetes;o__Gemmatimonadales;f__Gemmatimonadaceae;g__
Fuerstiella	1936111	d__Bacteria;p__Planctomycetota;c__Planctomycetia;o__Planctomycetales;f__Planctomycetaceae;g__
Crateriforma	2714592	d__Bacteria;p__Planctomycetota;c__Planctomycetia;o__Planctomycetales;f__Planctomycetaceae;g__
Lacipirellula	2691417	d__Bacteria;p__Planctomycetota;c__Planctomycetia;o__Pirellulales;f__Lacipirellulaceae;g__
Anaerohalosphaera	2690159	d__Bacteria;p__Planctomycetota;c__Phycisphaerae;o__Sedimentisphaerales;f__Anaerohalosphaeraceae;g__
Tichowtungia	2907187	d__Bacteria;p__Kiritimatiellota;c__Tichowtungiia;o__Tichowtungiales;f__Tichowtungiaceae;g__
Megalodesulfovibrio	2910978	d__Bacteria;p__Thermodesulfobacteriota;c__Desulfovibrionia;o__Desulfovibrionales;f__Desulfovibrionaceae;g__

Geotalea	2910589	d__Bacteria;p__Thermodesulfobacteriota;c__Desulfuromonadia;o__Geobacterales;f__Geobacteraceae;g__
Desulfolithobacter	3003266	d__Bacteria;p__Thermodesulfobacteriota;c__Desulfobulbia;o__Desulfobulbales;f__Desulfobulbaceae;g__
Entomospira	2834378	d__Bacteria;p__Spirochaetota;c__Spirochaetia;o__Spirochaetales;f__Spirochaetaceae;g__
Chondromyces	50	d__Bacteria;p__Myxococcota;c__;o__Polyangiales;f__Polyangiaceae;g__
Granulicella	940557	d__Bacteria;p__Acidobacteriota;c__Terriglobia;o__Terriglobales;f__Acidobacteriaceae;g__
Fretibacterium	1434006	d__Bacteria;p__Synergistota;c__Synergistia;o__Synergistales;f__Aminobacteriaceae;g__
Thermotoga	2335	d__Bacteria;p__Thermotogota;c__Thermotogae;o__Thermotogales;f__Thermotogaceae;g__
Denitrovibrio	117999	d__Bacteria;p__Deferribacterota;c__Deferribacteres;o__Deferribacterales;f__Geovibrionaceae;g__








Sporofaciens	2811390	d__Bacteria;p__Bacillota;c__Clostridia;o__Lachnospirales;f__Lachnospiraceae;g__
Fastidiosipila	236752	d__Bacteria;p__Bacillota;c__Clostridia;o__Eubacteriales;f__Oscillospiraceae;g__
Hathewaya	1769729	d__Bacteria;p__Bacillota;c__Clostridia;o__Eubacteriales;f__Clostridiaceae;g__
Butyricicoccus	580596	d__Bacteria;p__Bacillota;c__Clostridia;o__Eubacteriales;f__Butyricicoccaceae;g__
Peptostreptococcus	1257	d__Bacteria;p__Bacillota;c__Clostridia;o__Peptostreptococcales;f__Peptostreptococcaceae;g__
Acetoanaerobium	186831	d__Bacteria;p__Bacillota;c__Clostridia;o__Peptostreptococcales;f__Filifactoraceae;g__
Carboxydocella	178898	d__Bacteria;p__Bacillota;c__Clostridia;o__Eubacteriales;f__Clostridiales Family XVI. Incertae Sedis;g__
Desulfofarcimen	2282742	d__Bacteria;p__Bacillota;c__Clostridia;o__Eubacteriales;f__Peptococcaceae;g__
Acididesulfobacillus	2924872	d__Bacteria;p__Bacillota;c__Clostridia;o__Eubacteriales;f__Peptococcaceae;g__
Desulfotomaculum	1562	d__Bacteria;p__Bacillota;c__Clostridia;o__Eubacteriales;f__Desulfotomaculaceae;g__
Syntrophomonas	862	d__Bacteria;p__Bacillota;c__Clostridia;o__Eubacteriales;f__Syntrophomonadaceae;g__
Syntrophocurvum	2293313	d__Bacteria;p__Bacillota;c__Clostridia;o__Eubacteriales;f__Syntrophomonadaceae;g__
Contubernalis	338648	d__Bacteria;p__Bacillota;c__Dethiobacteria;o__Dethiobacterales;f__Dethiobacteraceae;g__
Syntrophothermus	129001	d__Bacteria;p__Bacillota;c__Clostridia;o__Eubacteriales;f__Syntrophomonadaceae;g__
Symbiobacterium	2733	d__Bacteria;p__Bacillota;c__Clostridia;o__Eubacteriales;f__Symbiobacteriaceae;g__
Alkalicella	2838170	d__Bacteria;p__Bacillota;c__Clostridia;o__Eubacteriales;f__Proteinivoraceae;g__
Thermincola	278993	d__Bacteria;p__Bacillota;c__Clostridia;o__Eubacteriales;f__Thermincolaceae;g__
Thermacetogenium	140458	d__Bacteria;p__Bacillota;c__Clostridia;o__Thermoanaerobacterales;f__Thermoanaerobacteraceae;g__
Caldanaerobacter	249529	d__Bacteria;p__Bacillota;c__Clostridia;o__Thermoanaerobacterales;f__Thermoanaerobacteraceae;g__
Gelria	189326	d__Bacteria;p__Bacillota;c__Clostridia;o__Thermoanaerobacterales;f__Thermoanaerobacteraceae;g__
Thermanaeromonas	202949	d__Bacteria;p__Bacillota;c__Clostridia;o__Moorellales;f__Moorellaceae;g__
Thermodesulfobium	227388	d__Bacteria;p__Thermodesulfobiota;c__Thermodesulfobiia;o__Thermodesulfobiales;f__Thermodesulfobiaceae;g__
Halanaerobium	2330	d__Bacteria;p__Bacillota;c__Clostridia;o__Halanaerobiales;f__Halanaerobiaceae;g__
Halothermothrix	32636	d__Bacteria;p__Bacillota;c__Clostridia;o__Halanaerobiales;f__Halothermotrichaceae;g__
Thermosediminibacter	291988	d__Bacteria;p__Bacillota;c__Clostridia;o__Thermosediminibacterales;f__Thermosediminibacteraceae;g__
Tepidanaerobacter	499228	d__Bacteria;p__Bacillota;c__Clostridia;o__Thermosediminibacterales;f__Tepidanaerobacteraceae;g__
Biomaibacter	2770094	d__Bacteria;p__Bacillota;c__Clostridia;o__Thermosediminibacterales;f__Tepidanaerobacteraceae;g__
Natranaerofaba	2807497	d__Bacteria;p__Bacillota;c__Clostridia;o__Natranaerobiales;f__Natranaerofabaceae;g__
Natranaerobius	375928	d__Bacteria;p__Bacillota;c__Clostridia;o__Natranaerobiales;f__Natranaerobiaceae;g__
Floricoccus	1930830	d__Bacteria;p__Bacillota;c__Bacilli;o__Lactobacillales;f__Streptococcaceae;g__
Melissococcus	33969	d__Bacteria;p__Bacillota;c__Bacilli;o__Lactobacillales;f__Enterococcaceae;g__
Schleiferilactobacillus	2767891	d__Bacteria;p__Bacillota;c__Bacilli;o__Lactobacillales;f__Lactobacillaceae;g__
Secundilactobacillus	2767892	d__Bacteria;p__Bacillota;c__Bacilli;o__Lactobacillales;f__Lactobacillaceae;g__
Furfurilactobacillus	2767882	d__Bacteria;p__Bacillota;c__Bacilli;o__Lactobacillales;f__Lactobacillaceae;g__
Nicoliella	2978367	d__Bacteria;p__Bacillota;c__Bacilli;o__Lactobacillales;f__Lactobacillaceae;g__
Ignavigranum	89092	d__Bacteria;p__Bacillota;c__Bacilli;o__Lactobacillales;f__Aerococcaceae;g__
Radiobacillus	2785518	d__Bacteria;p__Bacillota;c__Bacilli;o__Bacillales;f__Bacillaceae;g__
Allobacillus	1400133	d__Bacteria;p__Bacillota;c__Bacilli;o__Bacillales;f__Bacillaceae;g__
Halalkalibacterium (ex Joshi et al. 2022)	2893055	d__Bacteria;p__Bacillota;c__Bacilli;o__Bacillales;f__Bacillaceae;g__
Salisediminibacterium	1434042	d__Bacteria;p__Bacillota;c__Bacilli;o__Bacillales;f__Bacillaceae;g__
Pontibacillus	289201	d__Bacteria;p__Bacillota;c__Bacilli;o__Bacillales;f__Bacillaceae;g__
Terribacillus	459532	d__Bacteria;p__Bacillota;c__Bacilli;o__Bacillales;f__Bacillaceae;g__
Salipaludibacillus	1884449	d__Bacteria;p__Bacillota;c__Bacilli;o__Bacillales;f__Bacillaceae;g__
Pradoshia	2651279	d__Bacteria;p__Bacillota;c__Bacilli;o__Bacillales;f__Bacillaceae;g__
Paraliobacillus	200903	d__Bacteria;p__Bacillota;c__Bacilli;o__Bacillales;f__Bacillaceae;g__
Alkalihalophilus	2893060	d__Bacteria;p__Bacillota;c__Bacilli;o__Bacillales;f__Bacillaceae;g__
Amphibacillus	29331	d__Bacteria;p__Bacillota;c__Bacilli;o__Bacillales;f__Bacillaceae;g__
Mangrovibacillus	2920444	d__Bacteria;p__Bacillota;c__Bacilli;o__Bacillales;f__Bacillaceae;g__
Paenalkalicoccus	2944627	d__Bacteria;p__Bacillota;c__Bacilli;o__Bacillales;f__Bacillaceae;g__
Nosocomiicoccus	489909	d__Bacteria;p__Bacillota;c__Bacilli;o__Bacillales;f__Staphylococcaceae;g__
Salinicoccus	45669	d__Bacteria;p__Bacillota;c__Bacilli;o__Bacillales;f__Staphylococcaceae;g__
Kyrpidia	1129704	d__Bacteria;p__Bacillota;c__Bacilli;o__Bacillales;f__Alicyclobacillaceae;g__
Effusibacillus	1502725	d__Bacteria;p__Bacillota;c__Bacilli;o__Bacillales;f__Alicyclobacillaceae;g__
Staphylospora	2689589	d__Bacteria;p__Bacillota;c__Bacilli;o__Bacillales;f__Thermoactinomycetaceae;g__
Laceyella	292635	d__Bacteria;p__Bacillota;c__Bacilli;o__Bacillales;f__Thermoactinomycetaceae;g__
Bulleidia	118747	d__Bacteria;p__Bacillota;c__Erysipelotrichia;o__Erysipelotrichales;f__Erysipelotrichaceae;g__
Pectinatus	864	d__Bacteria;p__Bacillota;c__Negativicutes;o__Selenomonadales;f__Selenomonadaceae;g__
Miniphocaeibacter	2126548	d__Bacteria;p__Bacillota;c__Tissierellia;o__Tissierellales;f__Peptoniphilaceae;g__
Helcococcus	31983	d__Bacteria;p__Bacillota;c__Tissierellia;o__Tissierellales;f__Peptoniphilaceae;g__
Caloranaerobacter	171003	d__Bacteria;p__Bacillota;c__Tissierellia;o__Tissierellales;f__Thermohalobacteraceae;g__
Schnuerera	2794837	d__Bacteria;p__Bacillota;c__Tissierellia;o__Tissierellales;f__Tepidimicrobiaceae;g__
Keratinibaculum	1354809	d__Bacteria;p__Bacillota;c__Tissierellia;o__Tissierellales;f__Tepidimicrobiaceae;g__
Gottschalkia	1505664	d__Bacteria;p__Bacillota;c__Tissierellia;o__Tissierellales;f__Gottschalkiaceae;g__
Ezakiella	1582879	d__Bacteria;p__Bacillota;c__Tissierellia;o__;f__;g__
Ndongobacter	1930845	d__Bacteria;p__Bacillota;c__;o__;f__;g__
Limnochorda	1676651	d__Bacteria;p__Bacillota;c__Limnochordia;o__Limnochordales;f__Limnochordaceae;g__
Scardovia	196081	d__Bacteria;p__Actinomycetota;c__Actinomycetes;o__Bifidobacteriales;f__Bifidobacteriaceae;g__
Sinomonas	596707	d__Bacteria;p__Actinomycetota;c__Actinomycetes;o__Micrococcales;f__Micrococcaceae;g__
Paeniglutamicibacter	1742990	d__Bacteria;p__Actinomycetota;c__Actinomycetes;o__Micrococcales;f__Micrococcaceae;g__
Auritidibacter	1160973	d__Bacteria;p__Actinomycetota;c__Actinomycetes;o__Micrococcales;f__Micrococcaceae;g__
Renibacterium	1645	d__Bacteria;p__Actinomycetota;c__Actinomycetes;o__Micrococcales;f__Micrococcaceae;g__
Subtercola	120212	d__Bacteria;p__Actinomycetota;c__Actinomycetes;o__Micrococcales;f__Microbacteriaceae;g__
Agreia	110934	d__Bacteria;p__Actinomycetota;c__Actinomycetes;o__Micrococcales;f__Microbacteriaceae;g__
Microcella	337004	d__Bacteria;p__Actinomycetota;c__Actinomycetes;o__Micrococcales;f__Microbacteriaceae;g__
Gulosibacter	256818	d__Bacteria;p__Actinomycetota;c__Actinomycetes;o__Micrococcales;f__Microbacteriaceae;g__
Rhodoluna	529883	d__Bacteria;p__Actinomycetota;c__Actinomycetes;o__Micrococcales;f__Microbacteriaceae;g__
Aurantimicrobium	1705353	d__Bacteria;p__Actinomycetota;c__Actinomycetes;o__Micrococcales;f__Microbacteriaceae;g__
Herbiconiux	881616	d__Bacteria;p__Actinomycetota;c__Actinomycetes;o__Micrococcales;f__Microbacteriaceae;g__
Humibacter	427753	d__Bacteria;p__Actinomycetota;c__Actinomycetes;o__Micrococcales;f__Microbacteriaceae;g__
Marisediminicola	1230698	d__Bacteria;p__Actinomycetota;c__Actinomycetes;o__Micrococcales;f__Microbacteriaceae;g__
Microterricola	518733	d__Bacteria;p__Actinomycetota;c__Actinomycetes;o__Micrococcales;f__Microbacteriaceae;g__
Glaciihabitans	1649454	d__Bacteria;p__Actinomycetota;c__Actinomycetes;o__Micrococcales;f__Microbacteriaceae;g__
Frigoribacterium	96492	d__Bacteria;p__Actinomycetota;c__Actinomycetes;o__Micrococcales;f__Microbacteriaceae;g__
Homoserinibacter	1649457	d__Bacteria;p__Actinomycetota;c__Actinomycetes;o__Micrococcales;f__Microbacteriaceae;g__
Phycicoccus	367298	d__Bacteria;p__Actinomycetota;c__Actinomycetes;o__Micrococcales;f__Intrasporangiaceae;g__
Tetrasphaera	99479	d__Bacteria;p__Actinomycetota;c__Actinomycetes;o__Micrococcales;f__Intrasporangiaceae;g__
Sanguibacter	60919	d__Bacteria;p__Actinomycetota;c__Actinomycetes;o__Micrococcales;f__Sanguibacteraceae;g__
Occultella	2828348	d__Bacteria;p__Actinomycetota;c__Actinomycetes;o__Micrococcales;f__Ruaniaceae;g__
Miniimonas	947525	d__Bacteria;p__Actinomycetota;c__Actinomycetes;o__Micrococcales;f__Beutenbergiaceae;g__
Gephyromycinifex	2885697	d__Bacteria;p__Actinomycetota;c__Actinomycetes;o__Micrococcales;f__Dermatophilaceae;g__
Jonesia	43673	d__Bacteria;p__Actinomycetota;c__Actinomycetes;o__Micrococcales;f__Jonesiaceae;g__
Prescottella	2979332	d__Bacteria;p__Actinomycetota;c__Actinomycetes;o__Mycobacteriales;f__Nocardiaceae;g__
Skermania	59613	d__Bacteria;p__Actinomycetota;c__Actinomycetes;o__Mycobacteriales;f__Gordoniaceae;g__
Tomitella	741759	d__Bacteria;p__Actinomycetota;c__Actinomycetes;o__Mycobacteriales;f__;g__
Streptacidiphilus	228398	d__Bacteria;p__Actinomycetota;c__Actinomycetes;o__Kitasatosporales;f__Streptomycetaceae;g__
Streptantibioticus	2995706	d__Bacteria;p__Actinomycetota;c__Actinomycetes;o__Kitasatosporales;f__Streptomycetaceae;g__
Mobiluncus	2050	d__Bacteria;p__Actinomycetota;c__Actinomycetes;o__Actinomycetales;f__Actinomycetaceae;g__
Propionibacterium	1743	d__Bacteria;p__Actinomycetota;c__Actinomycetes;o__Propionibacteriales;f__Propionibacteriaceae;g__
Kibdelosporangium	2029	d__Bacteria;p__Actinomycetota;c__Actinomycetes;o__Pseudonocardiales;f__Pseudonocardiaceae;g__
Allosaccharopolyspora	2893576	d__Bacteria;p__Actinomycetota;c__Actinomycetes;o__Pseudonocardiales;f__Pseudonocardiaceae;g__
Prauserella	142577	d__Bacteria;p__Actinomycetota;c__Actinomycetes;o__Pseudonocardiales;f__Pseudonocardiaceae;g__
Alloactinosynnema	674734	d__Bacteria;p__Actinomycetota;c__Actinomycetes;o__Pseudonocardiales;f__Pseudonocardiaceae;g__
Actinokineospora	39845	d__Bacteria;p__Actinomycetota;c__Actinomycetes;o__Pseudonocardiales;f__Pseudonocardiaceae;g__
Catellatospora	53365	d__Bacteria;p__Actinomycetota;c__Actinomycetes;o__Micromonosporales;f__Micromonosporaceae;g__
Polymorphospora	338583	d__Bacteria;p__Actinomycetota;c__Actinomycetes;o__Micromonosporales;f__Micromonosporaceae;g__
Natronosporangium	2920401	d__Bacteria;p__Actinomycetota;c__Actinomycetes;o__Micromonosporales;f__Micromonosporaceae;g__
Thermobifida	83677	d__Bacteria;p__Actinomycetota;c__Actinomycetes;o__Streptosporangiales;f__Nocardiopsaceae;g__
Spiractinospora	2913367	d__Bacteria;p__Actinomycetota;c__Actinomycetes;o__Streptosporangiales;f__Nocardiopsaceae;g__
Natronoglycomyces	2838311	d__Bacteria;p__Actinomycetota;c__Actinomycetes;o__Glycomycetales;f__Glycomycetaceae;g__
Planktophila	622681	d__Bacteria;p__Actinomycetota;c__Actinomycetes;o__Candidatus Nanopelagicales;f__Candidatus Nanopelagicaceae;g__
Nanopelagicus	2039639	d__Bacteria;p__Actinomycetota;c__Actinomycetes;o__Candidatus Nanopelagicales;f__Candidatus Nanopelagicaceae;g__
Jatrophihabitans	1434010	d__Bacteria;p__Actinomycetota;c__Actinomycetes;o__Jatrophihabitantales;f__Jatrophihabitantaceae;g__
Kineococcus	33981	d__Bacteria;p__Actinomycetota;c__Actinomycetes;o__Kineosporiales;f__Kineosporiaceae;g__
Denitrobacterium	79603	d__Bacteria;p__Actinomycetota;c__Coriobacteriia;o__Eggerthellales;f__Eggerthellaceae;g__
Cryptobacterium	84162	d__Bacteria;p__Actinomycetota;c__Coriobacteriia;o__Eggerthellales;f__Eggerthellaceae;g__
Ilumatobacter	682522	d__Bacteria;p__Actinomycetota;c__Acidimicrobiia;o__Acidimicrobiales;f__Ilumatobacteraceae;g__
Capillimicrobium	2976759	d__Bacteria;p__Actinomycetota;c__Thermoleophilia;o__Solirubrobacterales;f__Capillimicrobiaceae;g__
Euzebya	908623	d__Bacteria;p__Actinomycetota;c__Nitriliruptoria;o__Euzebyales;f__Euzebyaceae;g__
Egibacter	1747770	d__Bacteria;p__Actinomycetota;c__Nitriliruptoria;o__Egibacterales;f__Egibacteraceae;g__
Anabaena	1163	d__Bacteria;p__Cyanobacteriota;c__Cyanophyceae;o__Nostocales;f__Nostocaceae;g__
Cylindrospermum	56106	d__Bacteria;p__Cyanobacteriota;c__Cyanophyceae;o__Nostocales;f__Nostocaceae;g__
Tolypothrix	111782	d__Bacteria;p__Cyanobacteriota;c__Cyanophyceae;o__Nostocales;f__Tolypothrichaceae;g__
Sphaerospermopsis	752201	d__Bacteria;p__Cyanobacteriota;c__Cyanophyceae;o__Nostocales;f__Aphanizomenonaceae;g__
Anabaenopsis	110103	d__Bacteria;p__Cyanobacteriota;c__Cyanophyceae;o__Nostocales;f__Aphanizomenonaceae;g__
Scytonema	1203	d__Bacteria;p__Cyanobacteriota;c__Cyanophyceae;o__Nostocales;f__Scytonemataceae;g__
Fischerella	1190	d__Bacteria;p__Cyanobacteriota;c__Cyanophyceae;o__Nostocales;f__Hapalosiphonaceae;g__
Rivularia	373984	d__Bacteria;p__Cyanobacteriota;c__Cyanophyceae;o__Nostocales;f__Rivulariaceae;g__
Chamaesiphon	217161	d__Bacteria;p__Cyanobacteriota;c__Cyanophyceae;o__Gomontiellales;f__Chamaesiphonaceae;g__
Synechocystis	1142	d__Bacteria;p__Cyanobacteriota;c__Cyanophyceae;o__Synechococcales;f__Merismopediaceae;g__
Microcystis	1125	d__Bacteria;p__Cyanobacteriota;c__Cyanophyceae;o__Chroococcales;f__Microcystaceae;g__
Atelocyanobacterium	1453359	d__Bacteria;p__Cyanobacteriota;c__Cyanophyceae;o__Chroococcales;f__Aphanothecaceae;g__
Gloeothece	28070	d__Bacteria;p__Cyanobacteriota;c__Cyanophyceae;o__Chroococcales;f__Aphanothecaceae;g__
Crocosphaera	263510	d__Bacteria;p__Cyanobacteriota;c__Cyanophyceae;o__Chroococcales;f__Aphanothecaceae;g__
Geminocystis	669357	d__Bacteria;p__Cyanobacteriota;c__Cyanophyceae;o__Chroococcales;f__Geminocystaceae;g__
Gloeocapsa	102231	d__Bacteria;p__Cyanobacteriota;c__Cyanophyceae;o__Chroococcales;f__Chroococcaceae;g__
Crinalium	241421	d__Bacteria;p__Cyanobacteriota;c__Cyanophyceae;o__Gomontiellales;f__Gomontiellaceae;g__
Oxynema	1492710	d__Bacteria;p__Cyanobacteriota;c__Cyanophyceae;o__Oscillatoriales;f__Microcoleaceae;g__
Oscillatoria	1158	d__Bacteria;p__Cyanobacteriota;c__Cyanophyceae;o__Oscillatoriales;f__Oscillatoriaceae;g__
Geitlerinema	63132	d__Bacteria;p__Cyanobacteriota;c__Cyanophyceae;o__Geitlerinematales;f__Geitlerinemataceae;g__
Limnospira	2596745	d__Bacteria;p__Cyanobacteriota;c__Cyanophyceae;o__Oscillatoriales;f__Sirenicapillariaceae;g__
Leptothermofonsia	2917830	d__Bacteria;p__Cyanobacteriota;c__Cyanophyceae;o__Leptolyngbyales;f__Leptolyngbyaceae;g__
Thermoleptolyngbya	2303528	d__Bacteria;p__Cyanobacteriota;c__Cyanophyceae;o__Oculatellales;f__Oculatellaceae;g__
Anthocerotibacter	2857076	d__Bacteria;p__Cyanobacteriota;c__Cyanophyceae;o__Gloeobacterales;f__Anthocerotibacteraceae;g__
Pleurocapsa	44474	d__Bacteria;p__Cyanobacteriota;c__Cyanophyceae;o__Pleurocapsales;f__Hyellaceae;g__
Gloeomargarita	1188227	d__Bacteria;p__Cyanobacteriota;c__Cyanophyceae;o__Gloeomargaritales;f__Gloeomargaritaceae;g__
Thermostichus	2881385	d__Bacteria;p__Cyanobacteriota;c__Cyanophyceae;o__Thermostichales;f__Thermostichaceae;g__
Ureaplasma	2129	d__Bacteria;p__Mycoplasmatota;c__;o__Mycoplasmoidales;f__Mycoplasmoidaceae;g__
Acholeplasma	2147	d__Bacteria;p__Mycoplasmatota;c__Mollicutes;o__Acholeplasmatales;f__Acholeplasmataceae;g__
Mariniplasma	2903100	d__Bacteria;p__Mycoplasmatota;c__Mollicutes;o__Acholeplasmatales;f__Acholeplasmataceae;g__
Haploplasma	2903106	d__Bacteria;p__Mycoplasmatota;c__Mollicutes;o__Acholeplasmatales;f__Acholeplasmataceae;g__
Alteracholeplasma	2903105	d__Bacteria;p__Mycoplasmatota;c__Mollicutes;o__Acholeplasmatales;f__Acholeplasmataceae;g__
Phytoplasma	33926	d__Bacteria;p__Mycoplasmatota;c__Mollicutes;o__Acholeplasmatales;f__Acholeplasmataceae;g__
Malacoplasma	2791001	d__Bacteria;p__Mycoplasmatota;c__;o__Mycoplasmoidales;f__Mycoplasmoidaceae;g__
Xianfuyuplasma	2975521	d__Bacteria;p__Mycoplasmatota;c__Candidatus Izimaplasma;o__Candidatus Izemoplasmatales;f__Candidatus Izemoplasmataceae;g__
Roseiflexus	120961	d__Bacteria;p__Chloroflexota;c__Chloroflexia;o__Chloroflexales;f__Roseiflexaceae;g__
Dehalogenimonas	670486	d__Bacteria;p__Chloroflexota;c__Dehalococcoidia;o__;f__;g__
Pelolinea	1649478	d__Bacteria;p__Chloroflexota;c__Anaerolineae;o__Anaerolineales;f__Anaerolineaceae;g__
Phototrophicus	2922426	d__Bacteria;p__Chloroflexota;c__Candidatus Thermofonsia;o__Phototrophicales;f__Phototrophicaceae;g__
Caldilinea	233191	d__Bacteria;p__Chloroflexota;c__Caldilineae;o__Caldilineales;f__Caldilineaceae;g__
Candidatus Promineifilum	1988031	d__Bacteria;p__Chloroflexota;c__Ardenticatenia;o__Candidatus Promineifilales;f__Candidatus Promineifilaceae;g__
Thermobaculum	262406	d__Bacteria;p__Chloroflexota;c__;o__;f__;g__
Meiothermus	65551	d__Bacteria;p__Deinococcota;c__Deinococci;o__Thermales;f__Thermaceae;g__
Sphaerobacter	2056	d__Bacteria;p__Thermomicrobiota;c__Thermomicrobia;o__Sphaerobacterales;f__Sphaerobacteraceae;g__
Thermomicrobium	499	d__Bacteria;p__Thermomicrobiota;c__Thermomicrobia;o__Thermomicrobiales;f__Thermomicrobiaceae;g__
Chthonomonas	1077265	d__Bacteria;p__Armatimonadota;c__Chthonomonadetes;o__Chthonomonadales;f__Chthonomonadaceae;g__
Candidatus Azobacteroides	511434	d__Bacteria;p__Bacteroidota;c__Bacteroidia;o__Bacteroidales;f__;g__
Tenuifilum	2760873	d__Bacteria;p__Bacteroidota;c__Bacteroidia;o__Bacteroidales;f__Tenuifilaceae;g__
Labilibaculum	2060722	d__Bacteria;p__Bacteroidota;c__Bacteroidia;o__Marinilabiliales;f__Marinifilaceae;g__
Draconibacterium	1471399	d__Bacteria;p__Bacteroidota;c__Bacteroidia;o__Marinilabiliales;f__Prolixibacteraceae;g__
Alkalitalea	1193324	d__Bacteria;p__Bacteroidota;c__Bacteroidia;o__Marinilabiliales;f__Marinilabiliaceae;g__
Alkaliflexus	286729	d__Bacteria;p__Bacteroidota;c__Bacteroidia;o__Marinilabiliales;f__Marinilabiliaceae;g__
Algibacter	261827	d__Bacteria;p__Bacteroidota;c__Flavobacteriia;o__Flavobacteriales;f__Flavobacteriaceae;g__
Mariniflexile	527198	d__Bacteria;p__Bacteroidota;c__Flavobacteriia;o__Flavobacteriales;f__Flavobacteriaceae;g__
Psychroserpens	49277	d__Bacteria;p__Bacteroidota;c__Flavobacteriia;o__Flavobacteriales;f__Flavobacteriaceae;g__

Flagellimonas	444459	d__Bacteria;p__Bacteroidota;c__Flavobacteriia;o__Flavobacteriales;f__Flavobacteriaceae;g__
Amniculibacterium	2715289	d__Bacteria;p__Bacteroidota;c__Flavobacteriia;o__Flavobacteriales;f__Flavobacteriaceae;g__
Tamlana	393005	d__Bacteria;p__Bacteroidota;c__Flavobacteriia;o__Flavobacteriales;f__Flavobacteriaceae;g__
Kordia	221065	d__Bacteria;p__Bacteroidota;c__Flavobacteriia;o__Flavobacteriales;f__Flavobacteriaceae;g__
Urechidicola	2700084	d__Bacteria;p__Bacteroidota;c__Flavobacteriia;o__Flavobacteriales;f__Flavobacteriaceae;g__
Candidatus Arcticimaribacter	2953860	d__Bacteria;p__Bacteroidota;c__Flavobacteriia;o__Flavobacteriales;f__Flavobacteriaceae;g__
Sinomicrobium	1434045	d__Bacteria;p__Bacteroidota;c__Flavobacteriia;o__Flavobacteriales;f__Flavobacteriaceae;g__
Lutibacter	358023	d__Bacteria;p__Bacteroidota;c__Flavobacteriia;o__Flavobacteriales;f__Flavobacteriaceae;g__
Costertonia	343334	d__Bacteria;p__Bacteroidota;c__Flavobacteriia;o__Flavobacteriales;f__Flavobacteriaceae;g__
Aggregatimonas	2913017	d__Bacteria;p__Bacteroidota;c__Flavobacteriia;o__Flavobacteriales;f__Flavobacteriaceae;g__
Aegicerativicinus	2893197	d__Bacteria;p__Bacteroidota;c__Flavobacteriia;o__Flavobacteriales;f__Flavobacteriaceae;g__
Zobellia	112040	d__Bacteria;p__Bacteroidota;c__Flavobacteriia;o__Flavobacteriales;f__Flavobacteriaceae;g__
Changchengzhania	2049301	d__Bacteria;p__Bacteroidota;c__Flavobacteriia;o__Flavobacteriales;f__Flavobacteriaceae;g__
Mesoflavibacter	444051	d__Bacteria;p__Bacteroidota;c__Flavobacteriia;o__Flavobacteriales;f__Flavobacteriaceae;g__
Constantimarinum	2907134	d__Bacteria;p__Bacteroidota;c__Flavobacteriia;o__Flavobacteriales;f__Flavobacteriaceae;g__
Sediminicola	389486	d__Bacteria;p__Bacteroidota;c__Flavobacteriia;o__Flavobacteriales;f__Flavobacteriaceae;g__
Muriicola	762641	d__Bacteria;p__Bacteroidota;c__Flavobacteriia;o__Flavobacteriales;f__Flavobacteriaceae;g__
Wenyingzhuangia	1518147	d__Bacteria;p__Bacteroidota;c__Flavobacteriia;o__Flavobacteriales;f__Flavobacteriaceae;g__
Robiginitalea	252306	d__Bacteria;p__Bacteroidota;c__Flavobacteriia;o__Flavobacteriales;f__Flavobacteriaceae;g__
Croceibacter	216431	d__Bacteria;p__Bacteroidota;c__Flavobacteriia;o__Flavobacteriales;f__Flavobacteriaceae;g__
Arenibacter	178469	d__Bacteria;p__Bacteroidota;c__Flavobacteriia;o__Flavobacteriales;f__Flavobacteriaceae;g__
Salinimicrobium	561367	d__Bacteria;p__Bacteroidota;c__Flavobacteriia;o__Flavobacteriales;f__Flavobacteriaceae;g__
Dokdonia	326319	d__Bacteria;p__Bacteroidota;c__Flavobacteriia;o__Flavobacteriales;f__Flavobacteriaceae;g__
Weeksella	1013	d__Bacteria;p__Bacteroidota;c__Flavobacteriia;o__Flavobacteriales;f__Weeksellaceae;g__
Apibacter	1778601	d__Bacteria;p__Bacteroidota;c__Flavobacteriia;o__Flavobacteriales;f__Weeksellaceae;g__
Cruoricaptor	1433995	d__Bacteria;p__Bacteroidota;c__Flavobacteriia;o__Flavobacteriales;f__Weeksellaceae;g__
Bergeyella	59735	d__Bacteria;p__Bacteroidota;c__Flavobacteriia;o__Flavobacteriales;f__Weeksellaceae;g__
Croceimicrobium	2828338	d__Bacteria;p__Bacteroidota;c__Flavobacteriia;o__Flavobacteriales;f__Owenweeksiaceae;g__
Owenweeksia	267986	d__Bacteria;p__Bacteroidota;c__Flavobacteriia;o__Flavobacteriales;f__Owenweeksiaceae;g__
Fluviicola	332102	d__Bacteria;p__Bacteroidota;c__Flavobacteriia;o__Flavobacteriales;f__Crocinitomicaceae;g__
Nibribacter	1649474	d__Bacteria;p__Bacteroidota;c__Cytophagia;o__Cytophagales;f__Hymenobacteraceae;g__
Rufibacter	1379908	d__Bacteria;p__Bacteroidota;c__Cytophagia;o__Cytophagales;f__Hymenobacteraceae;g__
Adhaeribacter	299566	d__Bacteria;p__Bacteroidota;c__Cytophagia;o__Cytophagales;f__Hymenobacteraceae;g__
Aquirufa	2676247	d__Bacteria;p__Bacteroidota;c__Cytophagia;o__Cytophagales;f__Cytophagaceae;g__
Cytophaga	978	d__Bacteria;p__Bacteroidota;c__Cytophagia;o__Cytophagales;f__Cytophagaceae;g__
Tellurirhabdus	2674996	d__Bacteria;p__Bacteroidota;c__Cytophagia;o__Cytophagales;f__Cytophagaceae;g__
Larkinella	332157	d__Bacteria;p__Bacteroidota;c__Cytophagia;o__Cytophagales;f__Spirosomataceae;g__
Fibrella	861914	d__Bacteria;p__Bacteroidota;c__Cytophagia;o__Cytophagales;f__Spirosomataceae;g__
Marinilongibacter	2975149	d__Bacteria;p__Bacteroidota;c__Cytophagia;o__Cytophagales;f__Spirosomataceae;g__
Emticicia	312278	d__Bacteria;p__Bacteroidota;c__Cytophagia;o__Cytophagales;f__Spirosomataceae;g__
Mongoliitalea	1511649	d__Bacteria;p__Bacteroidota;c__Cytophagia;o__Cytophagales;f__Cyclobacteriaceae;g__
Cyclobacterium	68288	d__Bacteria;p__Bacteroidota;c__Cytophagia;o__Cytophagales;f__Cyclobacteriaceae;g__
Persicobacter	59740	d__Bacteria;p__Bacteroidota;c__Cytophagia;o__Cytophagales;f__Persicobacteraceae;g__
Cardinium	273135	d__Bacteria;p__Bacteroidota;c__Cytophagia;o__Cytophagales;f__Amoebophilaceae;g__
Reichenbachiella	156993	d__Bacteria;p__Bacteroidota;c__Cytophagia;o__Cytophagales;f__Reichenbachiellaceae;g__
Mangrovivirga	2858886	d__Bacteria;p__Bacteroidota;c__Cytophagia;o__Cytophagales;f__Mangrovivirgaceae;g__
Olivibacter	376469	d__Bacteria;p__Bacteroidota;c__Sphingobacteriia;o__Sphingobacteriales;f__Sphingobacteriaceae;g__
Anseongella	1773450	d__Bacteria;p__Bacteroidota;c__Sphingobacteriia;o__Sphingobacteriales;f__Sphingobacteriaceae;g__
Pseudopedobacter	1649482	d__Bacteria;p__Bacteroidota;c__Sphingobacteriia;o__Sphingobacteriales;f__Sphingobacteriaceae;g__
Solitalea	929509	d__Bacteria;p__Bacteroidota;c__Sphingobacteriia;o__Sphingobacteriales;f__Sphingobacteriaceae;g__
Panacibacter	1874621	d__Bacteria;p__Bacteroidota;c__Chitinophagia;o__Chitinophagales;f__Chitinophagaceae;g__
Filimonas	649460	d__Bacteria;p__Bacteroidota;c__Chitinophagia;o__Chitinophagales;f__Chitinophagaceae;g__
Niastella	354354	d__Bacteria;p__Bacteroidota;c__Chitinophagia;o__Chitinophagales;f__Chitinophagaceae;g__
Ferruginibacter	1004303	d__Bacteria;p__Bacteroidota;c__Chitinophagia;o__Chitinophagales;f__Chitinophagaceae;g__
Lacibacter	649461	d__Bacteria;p__Bacteroidota;c__Chitinophagia;o__Chitinophagales;f__Chitinophagaceae;g__
Pseudocnuella	2812019	d__Bacteria;p__Bacteroidota;c__Chitinophagia;o__Chitinophagales;f__Chitinophagaceae;g__
Pseudobacter	1860196	d__Bacteria;p__Bacteroidota;c__Chitinophagia;o__Chitinophagales;f__Chitinophagaceae;g__
Flavihumibacter	1004301	d__Bacteria;p__Bacteroidota;c__Chitinophagia;o__Chitinophagales;f__Chitinophagaceae;g__
Rhodothermus	29548	d__Bacteria;p__Rhodothermota;c__Rhodothermia;o__Rhodothermales;f__Rhodothermaceae;g__
Rhodocaloribacter	2893090	d__Bacteria;p__Rhodothermota;c__Rhodothermia;o__Rhodothermales;f__Rhodothermaceae;g__
Saprospira	1007	d__Bacteria;p__Bacteroidota;c__Saprospiria;o__Saprospirales;f__Saprospiraceae;g__
Prosthecochloris	1101	d__Bacteria;p__Chlorobiota;c__Chlorobiia;o__Chlorobiales;f__Chlorobiaceae;g__
Chloroherpeton	100715	d__Bacteria;p__Chlorobiota;c__Chlorobiia;o__Chlorobiales;f__Chloroherpetonaceae;g__
Ignavibacterium	795750	d__Bacteria;p__Ignavibacteriota;c__Ignavibacteria;o__Ignavibacteriales;f__Ignavibacteriaceae;g__
Cyclonatronum	2489367	d__Bacteria;p__Balneolota;c__Balneolia;o__Balneolales;f__Cyclonatronaceae;g__
Cloacimonas	456826	d__Bacteria;p__Candidatus Cloacimonadota;c__Candidatus Cloacimonadia;o__Candidatus Cloacimonadales;f__Candidatus Cloacimonadaceae;g__
Fibrobacter	832	d__Bacteria;p__Fibrobacterota;c__Fibrobacteria;o__Fibrobacterales;f__Fibrobacteraceae;g__
Vallotia	2018044	d__Bacteria;p__Pseudomonadota;c__Betaproteobacteria;o__Burkholderiales;f__Burkholderiaceae;g__
Ephemeroptericola	2680021	d__Bacteria;p__Pseudomonadota;c__Betaproteobacteria;o__Burkholderiales;f__Burkholderiaceae;g__
Mycoavidus	1810868	d__Bacteria;p__Pseudomonadota;c__Betaproteobacteria;o__Burkholderiales;f__Burkholderiaceae;g__
Hylemonella	232523	d__Bacteria;p__Pseudomonadota;c__Betaproteobacteria;o__Burkholderiales;f__Comamonadaceae;g__
Pelistega	106146	d__Bacteria;p__Pseudomonadota;c__Betaproteobacteria;o__Burkholderiales;f__Alcaligenaceae;g__
Taylorella	29574	d__Bacteria;p__Pseudomonadota;c__Betaproteobacteria;o__Burkholderiales;f__Alcaligenaceae;g__
Advenella	290425	d__Bacteria;p__Pseudomonadota;c__Betaproteobacteria;o__Burkholderiales;f__Alcaligenaceae;g__
Paralcaligenes	1148163	d__Bacteria;p__Pseudomonadota;c__Betaproteobacteria;o__Burkholderiales;f__Alcaligenaceae;g__
Glaciimonas	1229970	d__Bacteria;p__Pseudomonadota;c__Betaproteobacteria;o__Burkholderiales;f__Oxalobacteraceae;g__
Ichthyocystis	2929841	d__Bacteria;p__Pseudomonadota;c__Betaproteobacteria;o__Burkholderiales;f__;g__
Kingella	32257	d__Bacteria;p__Pseudomonadota;c__Betaproteobacteria;o__Neisseriales;f__Neisseriaceae;g__
Snodgrassella	1193515	d__Bacteria;p__Pseudomonadota;c__Betaproteobacteria;o__Neisseriales;f__Neisseriaceae;g__
Wielerella	2944815	d__Bacteria;p__Pseudomonadota;c__Betaproteobacteria;o__Neisseriales;f__Neisseriaceae;g__
Vitreoscilla	59	d__Bacteria;p__Pseudomonadota;c__Betaproteobacteria;o__Neisseriales;f__Neisseriaceae;g__
Eikenella	538	d__Bacteria;p__Pseudomonadota;c__Betaproteobacteria;o__Neisseriales;f__Neisseriaceae;g__
Iodobacter	32014	d__Bacteria;p__Pseudomonadota;c__Betaproteobacteria;o__Neisseriales;f__Chitinibacteraceae;g__
Deefgea	400947	d__Bacteria;p__Pseudomonadota;c__Betaproteobacteria;o__Neisseriales;f__Chitinibacteraceae;g__
Jeongeupia	885864	d__Bacteria;p__Pseudomonadota;c__Betaproteobacteria;o__Neisseriales;f__Chitinibacteraceae;g__
Sulfurimicrobium	2772198	d__Bacteria;p__Pseudomonadota;c__Betaproteobacteria;o__Nitrosomonadales;f__Sulfuricellaceae;g__
Sulfuricella	935200	d__Bacteria;p__Pseudomonadota;c__Betaproteobacteria;o__Nitrosomonadales;f__Sulfuricellaceae;g__
Methylotenera	359407	d__Bacteria;p__Pseudomonadota;c__Betaproteobacteria;o__Nitrosomonadales;f__Methylophilaceae;g__
Methylophilus	16	d__Bacteria;p__Pseudomonadota;c__Betaproteobacteria;o__Nitrosomonadales;f__Methylophilaceae;g__
Methyloradius	2872156	d__Bacteria;p__Pseudomonadota;c__Betaproteobacteria;o__Nitrosomonadales;f__Methylophilaceae;g__
Nitrosospira	35798	d__Bacteria;p__Pseudomonadota;c__Betaproteobacteria;o__Nitrosomonadales;f__Nitrosomonadaceae;g__
Nitrosomonas	914	d__Bacteria;p__Pseudomonadota;c__Betaproteobacteria;o__Nitrosomonadales;f__Nitrosomonadaceae;g__
Sulfuritalea	1054211	d__Bacteria;p__Pseudomonadota;c__Betaproteobacteria;o__Nitrosomonadales;f__Sterolibacteriaceae;g__
Sideroxydans	314343	d__Bacteria;p__Pseudomonadota;c__Betaproteobacteria;o__Nitrosomonadales;f__Gallionellaceae;g__
Ferriphaselus	1443590	d__Bacteria;p__Pseudomonadota;c__Betaproteobacteria;o__Nitrosomonadales;f__Gallionellaceae;g__
Oryzomicrobium	1911577	d__Bacteria;p__Pseudomonadota;c__Betaproteobacteria;o__Rhodocyclales;f__Rhodocyclaceae;g__
Niveibacterium	1769726	d__Bacteria;p__Pseudomonadota;c__Betaproteobacteria;o__Rhodocyclales;f__Rhodocyclaceae;g__
Fluviibacter	2808942	d__Bacteria;p__Pseudomonadota;c__Betaproteobacteria;o__Rhodocyclales;f__Fluviibacteraceae;g__
Candidatus Kinetoplastibacterium	33055	d__Bacteria;p__Pseudomonadota;c__Betaproteobacteria;o__;f__;g__
Blochmannia	203804	d__Bacteria;p__Pseudomonadota;c__Gammaproteobacteria;o__Enterobacterales;f__Enterobacteriaceae;g__
Candidatus Gullanella	1906661	d__Bacteria;p__Pseudomonadota;c__Gammaproteobacteria;o__Enterobacterales;f__Enterobacteriaceae;g__
Candidatus Mikella	1906660	d__Bacteria;p__Pseudomonadota;c__Gammaproteobacteria;o__Enterobacterales;f__Enterobacteriaceae;g__
Symbiopectobacterium	801	d__Bacteria;p__Pseudomonadota;c__Gammaproteobacteria;o__Enterobacterales;f__Enterobacteriaceae;g__
Profftia	1177214	d__Bacteria;p__Pseudomonadota;c__Gammaproteobacteria;o__Enterobacterales;f__Enterobacteriaceae;g__
Chania	1745211	d__Bacteria;p__Pseudomonadota;c__Gammaproteobacteria;o__Enterobacterales;f__Yersiniaceae;g__
Gibbsiella	929812	d__Bacteria;p__Pseudomonadota;c__Gammaproteobacteria;o__Enterobacterales;f__Yersiniaceae;g__
Ewingella	41201	d__Bacteria;p__Pseudomonadota;c__Gammaproteobacteria;o__Enterobacterales;f__Yersiniaceae;g__
Photorhabdus	29487	d__Bacteria;p__Pseudomonadota;c__Gammaproteobacteria;o__Enterobacterales;f__Morganellaceae;g__
Moellerella	158848	d__Bacteria;p__Pseudomonadota;c__Gammaproteobacteria;o__Enterobacterales;f__Morganellaceae;g__
Leminorella	82980	d__Bacteria;p__Pseudomonadota;c__Gammaproteobacteria;o__Enterobacterales;f__Budviciaceae;g__
Avibacterium	292486	d__Bacteria;p__Pseudomonadota;c__Gammaproteobacteria;o__Pasteurellales;f__Pasteurellaceae;g__
Bisgaardia	109471	d__Bacteria;p__Pseudomonadota;c__Gammaproteobacteria;o__Pasteurellales;f__Pasteurellaceae;g__
Gallibacterium	155493	d__Bacteria;p__Pseudomonadota;c__Gammaproteobacteria;o__Pasteurellales;f__Pasteurellaceae;g__
Glaesserella	2094023	d__Bacteria;p__Pseudomonadota;c__Gammaproteobacteria;o__Pasteurellales;f__Pasteurellaceae;g__
Bibersteinia	476528	d__Bacteria;p__Pseudomonadota;c__Gammaproteobacteria;o__Pasteurellales;f__Pasteurellaceae;g__
Vespertiliibacter	1520333	d__Bacteria;p__Pseudomonadota;c__Gammaproteobacteria;o__Pasteurellales;f__Pasteurellaceae;g__
Basfia	697331	d__Bacteria;p__Pseudomonadota;c__Gammaproteobacteria;o__Pasteurellales;f__Pasteurellaceae;g__
Otariodibacter	1249016	d__Bacteria;p__Pseudomonadota;c__Gammaproteobacteria;o__Pasteurellales;f__Pasteurellaceae;g__
Xylella	2370	d__Bacteria;p__Pseudomonadota;c__Gammaproteobacteria;o__Xanthomonadales;f__Xanthomonadaceae;g__
Pseudolysobacter	2709666	d__Bacteria;p__Pseudomonadota;c__Gammaproteobacteria;o__Xanthomonadales;f__Xanthomonadaceae;g__
Parashewanella	2547964	d__Bacteria;p__Pseudomonadota;c__Gammaproteobacteria;o__Alteromonadales;f__Shewanellaceae;g__
Psychrosphaera	907197	d__Bacteria;p__Pseudomonadota;c__Gammaproteobacteria;o__Alteromonadales;f__Pseudoalteromonadaceae;g__
Flocculibacter	2834759	d__Bacteria;p__Pseudomonadota;c__Gammaproteobacteria;o__Alteromonadales;f__Pseudoalteromonadaceae;g__
Salinimonas	288793	d__Bacteria;p__Pseudomonadota;c__Gammaproteobacteria;o__Alteromonadales;f__Alteromonadaceae;g__
Saccharobesus	2894574	d__Bacteria;p__Pseudomonadota;c__Gammaproteobacteria;o__Alteromonadales;f__Alteromonadaceae;g__
Catenovulum	1172191	d__Bacteria;p__Pseudomonadota;c__Gammaproteobacteria;o__Alteromonadales;f__Alteromonadaceae;g__
Alkalimarinus	1858563	d__Bacteria;p__Pseudomonadota;c__Gammaproteobacteria;o__Alteromonadales;f__Alteromonadaceae;g__
Glaciecola	89404	d__Bacteria;p__Pseudomonadota;c__Gammaproteobacteria;o__Alteromonadales;f__Alteromonadaceae;g__
Thalassomonas	137583	d__Bacteria;p__Pseudomonadota;c__Gammaproteobacteria;o__Alteromonadales;f__Colwelliaceae;g__
Moritella	58050	d__Bacteria;p__Pseudomonadota;c__Gammaproteobacteria;o__Alteromonadales;f__Moritellaceae;g__
Psychromonas	67572	d__Bacteria;p__Pseudomonadota;c__Gammaproteobacteria;o__Alteromonadales;f__Psychromonadaceae;g__
Grimontia	246861	d__Bacteria;p__Pseudomonadota;c__Gammaproteobacteria;o__Vibrionales;f__Vibrionaceae;g__
Salinivibrio	51366	d__Bacteria;p__Pseudomonadota;c__Gammaproteobacteria;o__Vibrionales;f__Vibrionaceae;g__
Thaumasiovibrio	2014233	d__Bacteria;p__Pseudomonadota;c__Gammaproteobacteria;o__Vibrionales;f__Vibrionaceae;g__
Neptunomonas	75687	d__Bacteria;p__Pseudomonadota;c__Gammaproteobacteria;o__Oceanospirillales;f__Oceanospirillaceae;g__
Bacterioplanoides	2066071	d__Bacteria;p__Pseudomonadota;c__Gammaproteobacteria;o__Oceanospirillales;f__Oceanospirillaceae;g__
Venatoribacter	2893036	d__Bacteria;p__Pseudomonadota;c__Gammaproteobacteria;o__Oceanospirillales;f__Oceanospirillaceae;g__
Bermanella	599651	d__Bacteria;p__Pseudomonadota;c__Gammaproteobacteria;o__Oceanospirillales;f__Oceanospirillaceae;g__
Nitrincola	267849	d__Bacteria;p__Pseudomonadota;c__Gammaproteobacteria;o__Oceanospirillales;f__Oceanospirillaceae;g__
Chromohalobacter	42054	d__Bacteria;p__Pseudomonadota;c__Gammaproteobacteria;o__Oceanospirillales;f__Halomonadaceae;g__
Zymobacter	33073	d__Bacteria;p__Pseudomonadota;c__Gammaproteobacteria;o__Oceanospirillales;f__Halomonadaceae;g__
Portiera	235572	d__Bacteria;p__Pseudomonadota;c__Gammaproteobacteria;o__Oceanospirillales;f__Halomonadaceae;g__
Salinicola	404432	d__Bacteria;p__Pseudomonadota;c__Gammaproteobacteria;o__Oceanospirillales;f__Halomonadaceae;g__
Gynuella	1445504	d__Bacteria;p__Pseudomonadota;c__Gammaproteobacteria;o__Oceanospirillales;f__Saccharospirillaceae;g__
Hahella	158481	d__Bacteria;p__Pseudomonadota;c__Gammaproteobacteria;o__Oceanospirillales;f__Hahellaceae;g__
Oleiphilus	141450	d__Bacteria;p__Pseudomonadota;c__Gammaproteobacteria;o__Oceanospirillales;f__Oleiphilaceae;g__
Litorivicinus	418700	d__Bacteria;p__Pseudomonadota;c__Gammaproteobacteria;o__Oceanospirillales;f__Litorivicinaceae;g__
Tolumonas	43947	d__Bacteria;p__Pseudomonadota;c__Gammaproteobacteria;o__Aeromonadales;f__Aeromonadaceae;g__
Oceanimonas	129577	d__Bacteria;p__Pseudomonadota;c__Gammaproteobacteria;o__Aeromonadales;f__Aeromonadaceae;g__
Dongshaea	2802288	d__Bacteria;p__Pseudomonadota;c__Gammaproteobacteria;o__Aeromonadales;f__Aeromonadaceae;g__
Ectothiorhodospira	1051	d__Bacteria;p__Pseudomonadota;c__Gammaproteobacteria;o__Chromatiales;f__Ectothiorhodospiraceae;g__
Candidatus Nitrosacidococcus	2796146	d__Bacteria;p__Pseudomonadota;c__Gammaproteobacteria;o__Chromatiales;f__Chromatiaceae;g__
Allochromatium	85072	d__Bacteria;p__Pseudomonadota;c__Gammaproteobacteria;o__Chromatiales;f__Chromatiaceae;g__
Caldichromatium	2828366	d__Bacteria;p__Pseudomonadota;c__Gammaproteobacteria;o__Chromatiales;f__Chromatiaceae;g__
Nitrosococcus	1227	d__Bacteria;p__Pseudomonadota;c__Gammaproteobacteria;o__Chromatiales;f__Chromatiaceae;g__
Woeseia	1738655	d__Bacteria;p__Pseudomonadota;c__Gammaproteobacteria;o__Woeseiales;f__Woeseiaceae;g__
Granulosicoccus	437504	d__Bacteria;p__Pseudomonadota;c__Gammaproteobacteria;o__Chromatiales;f__Granulosicoccaceae;g__
Methylobacter	429	d__Bacteria;p__Pseudomonadota;c__Gammaproteobacteria;o__Methylococcales;f__Methylococcaceae;g__
Methylotuvimicrobium	2822410	d__Bacteria;p__Pseudomonadota;c__Gammaproteobacteria;o__Methylococcales;f__Methylococcaceae;g__
Methylovulum	762296	d__Bacteria;p__Pseudomonadota;c__Gammaproteobacteria;o__Methylococcales;f__Methylococcaceae;g__
Allofrancisella	1869285	d__Bacteria;p__Pseudomonadota;c__Gammaproteobacteria;o__Thiotrichales;f__Francisellaceae;g__
Thiomicrospira	933	d__Bacteria;p__Pseudomonadota;c__Gammaproteobacteria;o__Thiotrichales;f__Piscirickettsiaceae;g__
Hydrogenovibrio	28884	d__Bacteria;p__Pseudomonadota;c__Gammaproteobacteria;o__Thiotrichales;f__Piscirickettsiaceae;g__
Piscirickettsia	1237	d__Bacteria;p__Pseudomonadota;c__Gammaproteobacteria;o__Thiotrichales;f__Piscirickettsiaceae;g__
Thiothrix	1030	d__Bacteria;p__Pseudomonadota;c__Gammaproteobacteria;o__Thiotrichales;f__Thiotrichaceae;g__
Gilvimarinus	940550	d__Bacteria;p__Pseudomonadota;c__Gammaproteobacteria;o__Cellvibrionales;f__Cellvibrionaceae;g__
Marinagarivorans	1792291	d__Bacteria;p__Pseudomonadota;c__Gammaproteobacteria;o__Cellvibrionales;f__Cellvibrionaceae;g__
Spongiibacter	630749	d__Bacteria;p__Pseudomonadota;c__Gammaproteobacteria;o__Cellvibrionales;f__Spongiibacteraceae;g__
Zhongshania	1434050	d__Bacteria;p__Pseudomonadota;c__Gammaproteobacteria;o__Cellvibrionales;f__Spongiibacteraceae;g__
Oceanicoccus	1084558	d__Bacteria;p__Pseudomonadota;c__Gammaproteobacteria;o__Cellvibrionales;f__Spongiibacteraceae;g__
Aequoribacter	2847769	d__Bacteria;p__Pseudomonadota;c__Gammaproteobacteria;o__Cellvibrionales;f__Halieaceae;g__
Congregibacter	393661	d__Bacteria;p__Pseudomonadota;c__Gammaproteobacteria;o__Cellvibrionales;f__Halieaceae;g__
Tatlockia	465	d__Bacteria;p__Pseudomonadota;c__Gammaproteobacteria;o__Legionellales;f__Legionellaceae;g__
Aquicella	254245	d__Bacteria;p__Pseudomonadota;c__Gammaproteobacteria;o__Legionellales;f__Coxiellaceae;g__
Zophobihabitans	2894762	d__Bacteria;p__Pseudomonadota;c__Gammaproteobacteria;o__Orbales;f__Orbaceae;g__
Candidatus Thioglobus	655184	d__Bacteria;p__Pseudomonadota;c__Gammaproteobacteria;o__;f__;g__
Thiolapillus	1608298	d__Bacteria;p__Pseudomonadota;c__Gammaproteobacteria;o__Chromatiales;f__Sedimenticolaceae;g__
Reidiella	2738850	d__Bacteria;p__Pseudomonadota;c__Gammaproteobacteria;o__;f__;g__
Gallaecimonas	745410	d__Bacteria;p__Pseudomonadota;c__Gammaproteobacteria;o__;f__;g__
Ignatzschineria	112008	d__Bacteria;p__Pseudomonadota;c__Gammaproteobacteria;o__Cardiobacteriales;f__Ignatzschineriaceae;g__
Dichelobacter	869	d__Bacteria;p__Pseudomonadota;c__Gammaproteobacteria;o__Cardiobacteriales;f__Cardiobacteriaceae;g__
Suttonella	13275	d__Bacteria;p__Pseudomonadota;c__Gammaproteobacteria;o__Cardiobacteriales;f__Cardiobacteriaceae;g__
Sulfuricaulis	1744881	d__Bacteria;p__Pseudomonadota;c__Gammaproteobacteria;o__Acidiferrobacterales;f__Acidiferrobacteraceae;g__
Kangiella	261963	d__Bacteria;p__Pseudomonadota;c__Gammaproteobacteria;o__Kangiellales;f__Kangiellaceae;g__
Salaquimonas	2712688	d__Bacteria;p__Pseudomonadota;c__Alphaproteobacteria;o__Hyphomicrobiales;f__Phyllobacteriaceae;g__
Lentilitoribacter	1649463	d__Bacteria;p__Pseudomonadota;c__Alphaproteobacteria;o__Hyphomicrobiales;f__Phyllobacteriaceae;g__
Pseudorhizobium	1903858	d__Bacteria;p__Pseudomonadota;c__Alphaproteobacteria;o__Hyphomicrobiales;f__Rhizobiaceae;g__
Peteryoungia	2853332	d__Bacteria;p__Pseudomonadota;c__Alphaproteobacteria;o__Hyphomicrobiales;f__Rhizobiaceae;g__
Pseudovibrio	258255	d__Bacteria;p__Pseudomonadota;c__Alphaproteobacteria;o__Hyphomicrobiales;f__Stappiaceae;g__
Stappia	152161	d__Bacteria;p__Pseudomonadota;c__Alphaproteobacteria;o__Hyphomicrobiales;f__Stappiaceae;g__
Aquabacter	45402	d__Bacteria;p__Pseudomonadota;c__Alphaproteobacteria;o__Hyphomicrobiales;f__Xanthobacteraceae;g__
Youhaiella	1827478	d__Bacteria;p__Pseudomonadota;c__Alphaproteobacteria;o__Hyphomicrobiales;f__Devosiaceae;g__
Filomicrobium	119044	d__Bacteria;p__Pseudomonadota;c__Alphaproteobacteria;o__Hyphomicrobiales;f__Hyphomicrobiaceae;g__
Rhodoplanes	29407	d__Bacteria;p__Pseudomonadota;c__Alphaproteobacteria;o__Hyphomicrobiales;f__Hyphomicrobiaceae;g__
Methylosinus	425	d__Bacteria;p__Pseudomonadota;c__Alphaproteobacteria;o__Hyphomicrobiales;f__Methylocystaceae;g__
Cohaesibacter	655352	d__Bacteria;p__Pseudomonadota;c__Alphaproteobacteria;o__Hyphomicrobiales;f__Cohaesibacteraceae;g__
Parvibaculum	256616	d__Bacteria;p__Pseudomonadota;c__Alphaproteobacteria;o__Hyphomicrobiales;f__Parvibaculaceae;g__
Pyruvatibacter	1742974	d__Bacteria;p__Pseudomonadota;c__Alphaproteobacteria;o__Hyphomicrobiales;f__Parvibaculaceae;g__
Terrihabitans	2874214	d__Bacteria;p__Pseudomonadota;c__Alphaproteobacteria;o__Hyphomicrobiales;f__;g__
Pseudorhodoplanes	1734920	d__Bacteria;p__Pseudomonadota;c__Alphaproteobacteria;o__Hyphomicrobiales;f__;g__
Methylovirgula	1156568	d__Bacteria;p__Pseudomonadota;c__Alphaproteobacteria;o__Hyphomicrobiales;f__Beijerinckiaceae;g__
Aliiroseovarius	1658781	d__Bacteria;p__Pseudomonadota;c__Alphaproteobacteria;o__Rhodobacterales;f__Paracoccaceae;g__
Falsirhodobacter	1434002	d__Bacteria;p__Pseudomonadota;c__Alphaproteobacteria;o__Rhodobacterales;f__Paracoccaceae;g__
Paroceanicella	2683599	d__Bacteria;p__Pseudomonadota;c__Alphaproteobacteria;o__Rhodobacterales;f__Paracoccaceae;g__
Polymorphum	991903	d__Bacteria;p__Pseudomonadota;c__Alphaproteobacteria;o__Rhodobacterales;f__Paracoccaceae;g__
Cereibacter	1653176	d__Bacteria;p__Pseudomonadota;c__Alphaproteobacteria;o__Rhodobacterales;f__Paracoccaceae;g__
Cognatishimia	2211635	d__Bacteria;p__Pseudomonadota;c__Alphaproteobacteria;o__Rhodobacterales;f__Paracoccaceae;g__
Gymnodinialimonas	2937410	d__Bacteria;p__Pseudomonadota;c__Alphaproteobacteria;o__Rhodobacterales;f__Paracoccaceae;g__
Roseicitreum	1209946	d__Bacteria;p__Pseudomonadota;c__Alphaproteobacteria;o__Rhodobacterales;f__Paracoccaceae;g__
Frigidibacter	1775705	d__Bacteria;p__Pseudomonadota;c__Alphaproteobacteria;o__Rhodobacterales;f__Paracoccaceae;g__
Brevirhabdus	1855413	d__Bacteria;p__Pseudomonadota;c__Alphaproteobacteria;o__Rhodobacterales;f__Paracoccaceae;g__
Pontibrevibacter	2944826	d__Bacteria;p__Pseudomonadota;c__Alphaproteobacteria;o__Rhodobacterales;f__Paracoccaceae;g__
Thioclava	285107	d__Bacteria;p__Pseudomonadota;c__Alphaproteobacteria;o__Rhodobacterales;f__Paracoccaceae;g__
Pontivivens	1844015	d__Bacteria;p__Pseudomonadota;c__Alphaproteobacteria;o__Rhodobacterales;f__Paracoccaceae;g__
Pseudorhodobacter	238783	d__Bacteria;p__Pseudomonadota;c__Alphaproteobacteria;o__Rhodobacterales;f__Paracoccaceae;g__
Profundibacter	2778525	d__Bacteria;p__Pseudomonadota;c__Alphaproteobacteria;o__Rhodobacterales;f__Paracoccaceae;g__
Roseobacter	2433	d__Bacteria;p__Pseudomonadota;c__Alphaproteobacteria;o__Rhodobacterales;f__Roseobacteraceae;g__
Octadecabacter	53945	d__Bacteria;p__Pseudomonadota;c__Alphaproteobacteria;o__Rhodobacterales;f__Roseobacteraceae;g__
Pseudosulfitobacter	2854186	d__Bacteria;p__Pseudomonadota;c__Alphaproteobacteria;o__Rhodobacterales;f__Roseobacteraceae;g__
Roseibacterium	159345	d__Bacteria;p__Pseudomonadota;c__Alphaproteobacteria;o__Rhodobacterales;f__Roseobacteraceae;g__
Tateyamaria	299261	d__Bacteria;p__Pseudomonadota;c__Alphaproteobacteria;o__Rhodobacterales;f__Roseobacteraceae;g__
Oceanicola	252301	d__Bacteria;p__Pseudomonadota;c__Alphaproteobacteria;o__Rhodobacterales;f__Roseobacteraceae;g__
Parasphingorhabdus	2709685	d__Bacteria;p__Pseudomonadota;c__Alphaproteobacteria;o__Sphingomonadales;f__Sphingomonadaceae;g__
Aurantiacibacter	2800681	d__Bacteria;p__Pseudomonadota;c__Alphaproteobacteria;o__Sphingomonadales;f__Erythrobacteraceae;g__
Croceibacterium	2676755	d__Bacteria;p__Pseudomonadota;c__Alphaproteobacteria;o__Sphingomonadales;f__Erythrobacteraceae;g__
Zymomonas	541	d__Bacteria;p__Pseudomonadota;c__Alphaproteobacteria;o__Sphingomonadales;f__Zymomonadaceae;g__
Commensalibacter	1079922	d__Bacteria;p__Pseudomonadota;c__Alphaproteobacteria;o__Rhodospirillales;f__Acetobacteraceae;g__
Gluconacetobacter	89583	d__Bacteria;p__Pseudomonadota;c__Alphaproteobacteria;o__Rhodospirillales;f__Acetobacteraceae;g__
Granulibacter	364409	d__Bacteria;p__Pseudomonadota;c__Alphaproteobacteria;o__Rhodospirillales;f__Acetobacteraceae;g__
Swingsia	1649499	d__Bacteria;p__Pseudomonadota;c__Alphaproteobacteria;o__Rhodospirillales;f__Acetobacteraceae;g__
Asaia	91914	d__Bacteria;p__Pseudomonadota;c__Alphaproteobacteria;o__Rhodospirillales;f__Acetobacteraceae;g__
Novacetimonas	2919364	d__Bacteria;p__Pseudomonadota;c__Alphaproteobacteria;o__Rhodospirillales;f__Acetobacteraceae;g__
Acidibrevibacterium	2603324	d__Bacteria;p__Pseudomonadota;c__Alphaproteobacteria;o__Rhodospirillales;f__Acetobacteraceae;g__
Nitrospirillum	1543705	d__Bacteria;p__Pseudomonadota;c__Alphaproteobacteria;o__Rhodospirillales;f__Azospirillaceae;g__
Niveispirillum	1543704	d__Bacteria;p__Pseudomonadota;c__Alphaproteobacteria;o__Rhodospirillales;f__Azospirillaceae;g__
Ferrovibrio	1231242	d__Bacteria;p__Pseudomonadota;c__Alphaproteobacteria;o__Rhodospirillales;f__Rhodospirillaceae;g__
Pararhodospirillum	1612157	d__Bacteria;p__Pseudomonadota;c__Alphaproteobacteria;o__Rhodospirillales;f__Rhodospirillaceae;g__
Haematospirillum	1804663	d__Bacteria;p__Pseudomonadota;c__Alphaproteobacteria;o__Rhodospirillales;f__Novispirillaceae;g__
Endolissoclinum	1263978	d__Bacteria;p__Pseudomonadota;c__Alphaproteobacteria;o__Rhodospirillales;f__Rhodospirillaceae;g__
Aestuariispira	1647175	d__Bacteria;p__Pseudomonadota;c__Alphaproteobacteria;o__Rhodospirillales;f__Kiloniellaceae;g__
Terasakiella	196080	d__Bacteria;p__Pseudomonadota;c__Alphaproteobacteria;o__Rhodospirillales;f__Terasakiellaceae;g__
Stella	93	d__Bacteria;p__Pseudomonadota;c__Alphaproteobacteria;o__Rhodospirillales;f__Stellaceae;g__
Ehrlichia	943	d__Bacteria;p__Pseudomonadota;c__Alphaproteobacteria;o__Rickettsiales;f__Anaplasmataceae;g__
Anaplasma	768	d__Bacteria;p__Pseudomonadota;c__Alphaproteobacteria;o__Rickettsiales;f__Anaplasmataceae;g__
Rickettsia	780	d__Bacteria;p__Pseudomonadota;c__Alphaproteobacteria;o__Rickettsiales;f__Rickettsiaceae;g__
Candidatus Sneabacter	2601645	d__Bacteria;p__Pseudomonadota;c__Alphaproteobacteria;o__Rickettsiales;f__Rickettsiaceae;g__
Phycorickettsia	2115980	d__Bacteria;p__Pseudomonadota;c__Alphaproteobacteria;o__Rickettsiales;f__Rickettsiaceae;g__
Fokinia	1802983	d__Bacteria;p__Pseudomonadota;c__Alphaproteobacteria;o__Rickettsiales;f__Candidatus Midichloriaceae;g__
Maricaulis	74317	d__Bacteria;p__Pseudomonadota;c__Alphaproteobacteria;o__Maricaulales;f__Maricaulaceae;g__
Glycocaulis	1433402	d__Bacteria;p__Pseudomonadota;c__Alphaproteobacteria;o__Maricaulales;f__Maricaulaceae;g__
Marinicauda	1649466	d__Bacteria;p__Pseudomonadota;c__Alphaproteobacteria;o__Maricaulales;f__Maricaulaceae;g__
Hirschia	2723	d__Bacteria;p__Pseudomonadota;c__Alphaproteobacteria;o__Hyphomonadales;f__Hyphomonadaceae;g__
Hyphococcus	2038635	d__Bacteria;p__Pseudomonadota;c__Alphaproteobacteria;o__Parvularculales;f__Parvularculaceae;g__
Parvularcula	208215	d__Bacteria;p__Pseudomonadota;c__Alphaproteobacteria;o__Parvularculales;f__Parvularculaceae;g__
Pseudemcibacter	2943291	d__Bacteria;p__Pseudomonadota;c__Alphaproteobacteria;o__Emcibacterales;f__Emcibacteraceae;g__
Paremcibacter	2813804	d__Bacteria;p__Pseudomonadota;c__Alphaproteobacteria;o__Emcibacterales;f__Emcibacteraceae;g__
Magnetococcus	162171	d__Bacteria;p__Pseudomonadota;c__Alphaproteobacteria;o__Magnetococcales;f__Magnetococcaceae;g__
Kordiimonas	288021	d__Bacteria;p__Pseudomonadota;c__Alphaproteobacteria;o__Kordiimonadales;f__Kordiimonadaceae;g__
Cytomitobacter	2601574	d__Bacteria;p__Pseudomonadota;c__Alphaproteobacteria;o__Holosporales;f__Holosporaceae;g__
Ilyobacter	167639	d__Bacteria;p__Fusobacteriota;c__Fusobacteriia;o__Fusobacteriales;f__Fusobacteriaceae;g__
Cetobacterium	180162	d__Bacteria;p__Fusobacteriota;c__Fusobacteriia;o__Fusobacteriales;f__Fusobacteriaceae;g__
Sebaldella	32068	d__Bacteria;p__Fusobacteriota;c__Fusobacteriia;o__Fusobacteriales;f__Leptotrichiaceae;g__
Sneathia	168808	d__Bacteria;p__Fusobacteriota;c__Fusobacteriia;o__Fusobacteriales;f__Leptotrichiaceae;g__
Pseudoleptotrichia	2755140	d__Bacteria;p__Fusobacteriota;c__Fusobacteriia;o__Fusobacteriales;f__Leptotrichiaceae;g__
Streptobacillus	34104	d__Bacteria;p__Fusobacteriota;c__Fusobacteriia;o__Fusobacteriales;f__Leptotrichiaceae;g__
Sulfuricurvum	286130	d__Bacteria;p__Campylobacterota;c__Epsilonproteobacteria;o__Campylobacterales;f__Sulfurimonadaceae;g__
Nitratifractor	269260	d__Bacteria;p__Campylobacterota;c__Epsilonproteobacteria;o__Campylobacterales;f__Sulfurovaceae;g__
Hydrogenimonas	223785	d__Bacteria;p__Campylobacterota;c__Epsilonproteobacteria;o__Campylobacterales;f__Hydrogenimonadaceae;g__
Caminibacter	191301	d__Bacteria;p__Campylobacterota;c__Epsilonproteobacteria;o__Nautiliales;f__Nautiliaceae;g__
Nautilia	191291	d__Bacteria;p__Campylobacterota;c__Epsilonproteobacteria;o__Nautiliales;f__Nautiliaceae;g__
Nitratiruptor	269258	d__Bacteria;p__Campylobacterota;c__Epsilonproteobacteria;o__Nautiliales;f__Nitratiruptoraceae;g__
Nitrosophilus	2795692	d__Bacteria;p__Campylobacterota;c__Epsilonproteobacteria;o__Nautiliales;f__Nitratiruptoraceae;g__
Brucepastera	2967962	d__Bacteria;p__Spirochaetota;c__Spirochaetia;o__Spirochaetales;f__Treponemataceae;g__
Oceanispirochaeta	2035349	d__Bacteria;p__Spirochaetota;c__Spirochaetia;o__Spirochaetales;f__Spirochaetaceae;g__
Sediminispirochaeta	1911556	d__Bacteria;p__Spirochaetota;c__Spirochaetia;o__Spirochaetales;f__Spirochaetaceae;g__
Salinispira	1616789	d__Bacteria;p__Spirochaetota;c__Spirochaetia;o__Spirochaetales;f__Spirochaetaceae;g__
Thiospirochaeta	2792240	d__Bacteria;p__Spirochaetota;c__Spirochaetia;o__Spirochaetales;f__Spirochaetaceae;g__
Leadbettera	2951107	d__Bacteria;p__Spirochaetota;c__Spirochaetia;o__Spirochaetales;f__Breznakiellaceae;g__
Gracilinema	2951106	d__Bacteria;p__Spirochaetota;c__Spirochaetia;o__Spirochaetales;f__Breznakiellaceae;g__
Borreliella	64895	d__Bacteria;p__Spirochaetota;c__Spirochaetia;o__Spirochaetales;f__Borreliaceae;g__
Turneriella	338321	d__Bacteria;p__Spirochaetota;c__Spirochaetia;o__Leptospirales;f__Leptospiraceae;g__
Rubinisphaera	1649490	d__Bacteria;p__Planctomycetota;c__Planctomycetia;o__Planctomycetales;f__Planctomycetaceae;g__
Alienimonas	2714737	d__Bacteria;p__Planctomycetota;c__Planctomycetia;o__Planctomycetales;f__Planctomycetaceae;g__
Maioricimonas	2795777	d__Bacteria;p__Planctomycetota;c__Planctomycetia;o__Planctomycetales;f__Planctomycetaceae;g__
Planctopirus	1649480	d__Bacteria;p__Planctomycetota;c__Planctomycetia;o__Planctomycetales;f__Planctomycetaceae;g__
Caulifigura	2795778	d__Bacteria;p__Planctomycetota;c__Planctomycetia;o__Planctomycetales;f__Planctomycetaceae;g__
Pirellula	123	d__Bacteria;p__Planctomycetota;c__Planctomycetia;o__Pirellulales;f__Pirellulaceae;g__
Roseimaritima	1579506	d__Bacteria;p__Planctomycetota;c__Planctomycetia;o__Pirellulales;f__Pirellulaceae;g__
Lignipirellula	2795775	d__Bacteria;p__Planctomycetota;c__Planctomycetia;o__Pirellulales;f__Pirellulaceae;g__
Bremerella	2714594	d__Bacteria;p__Planctomycetota;c__Planctomycetia;o__Pirellulales;f__Pirellulaceae;g__
Rosistilla	2795779	d__Bacteria;p__Planctomycetota;c__Planctomycetia;o__Pirellulales;f__Pirellulaceae;g__
Blastopirellula	265487	d__Bacteria;p__Planctomycetota;c__Planctomycetia;o__Pirellulales;f__Pirellulaceae;g__
Rubripirellula	1579505	d__Bacteria;p__Planctomycetota;c__Planctomycetia;o__Pirellulales;f__Pirellulaceae;g__
Botrimarina	2795782	d__Bacteria;p__Planctomycetota;c__Planctomycetia;o__Pirellulales;f__Lacipirellulaceae;g__
Pirellulimonas	2795783	d__Bacteria;p__Planctomycetota;c__Planctomycetia;o__Pirellulales;f__Lacipirellulaceae;g__
Bythopirellula	1400386	d__Bacteria;p__Planctomycetota;c__Planctomycetia;o__Pirellulales;f__Lacipirellulaceae;g__
Thermogutta	1676125	d__Bacteria;p__Planctomycetota;c__Planctomycetia;o__Pirellulales;f__Thermoguttaceae;g__
Singulisphaera	466152	d__Bacteria;p__Planctomycetota;c__Planctomycetia;o__Isosphaerales;f__Isosphaeraceae;g__
Aquisphaera	1511635	d__Bacteria;p__Planctomycetota;c__Planctomycetia;o__Isosphaerales;f__Isosphaeraceae;g__
Tautonia	2680020	d__Bacteria;p__Planctomycetota;c__Planctomycetia;o__Isosphaerales;f__Isosphaeraceae;g__
Telmatocola	1382832	d__Bacteria;p__Planctomycetota;c__Planctomycetia;o__Gemmatales;f__Gemmataceae;g__
Gemmata	113	d__Bacteria;p__Planctomycetota;c__Planctomycetia;o__Gemmatales;f__Gemmataceae;g__
Urbifossiella	2807415	d__Bacteria;p__Planctomycetota;c__Planctomycetia;o__Gemmatales;f__Gemmataceae;g__
Frigoriglobus	2774146	d__Bacteria;p__Planctomycetota;c__Planctomycetia;o__Gemmatales;f__Gemmataceae;g__
Tuwongella	2051044	d__Bacteria;p__Planctomycetota;c__Planctomycetia;o__Gemmatales;f__Gemmataceae;g__
Sedimentisphaera	2483368	d__Bacteria;p__Planctomycetota;c__Phycisphaerae;o__Sedimentisphaerales;f__Sedimentisphaeraceae;g__
Mucisphaera	2913022	d__Bacteria;p__Planctomycetota;c__Phycisphaerae;o__Phycisphaerales;f__Phycisphaeraceae;g__
Phycisphaera	666508	d__Bacteria;p__Planctomycetota;c__Phycisphaerae;o__Phycisphaerales;f__Phycisphaeraceae;g__
Kuenenia	380738	d__Bacteria;p__Planctomycetota;c__Candidatus Brocadiia;o__Candidatus Brocadiales;f__Candidatus Brocadiaceae;g__
Roseimicrobium	1348508	d__Bacteria;p__Verrucomicrobiota;c__Verrucomicrobiae;o__Verrucomicrobiales;f__Verrucomicrobiaceae;g__
Lacunisphaera	1961799	d__Bacteria;p__Verrucomicrobiota;c__Opitutae;o__Opitutales;f__Opitutaceae;g__
Horticoccus	2986286	d__Bacteria;p__Verrucomicrobiota;c__Opitutae;o__Opitutales;f__Opitutaceae;g__
Ruficoccus	2175957	d__Bacteria;p__Verrucomicrobiota;c__Opitutae;o__Puniceicoccales;f__Cerasicoccaceae;g__
Methylacidimicrobium	1541670	d__Bacteria;p__Verrucomicrobiota;c__;o__;f__;g__
Chlamydiifrater	2822114	d__Bacteria;p__Chlamydiota;c__Chlamydiia;o__Chlamydiales;f__Chlamydiaceae;g__
Protochlamydia	282132	d__Bacteria;p__Chlamydiota;c__Chlamydiia;o__Parachlamydiales;f__Parachlamydiaceae;g__
Rhabdochlamydia	292833	d__Bacteria;p__Chlamydiota;c__Chlamydiia;o__Parachlamydiales;f__Rhabdochlamydiaceae;g__
Lentisphaera	256846	d__Bacteria;p__Lentisphaerota;c__Lentisphaeria;o__Lentisphaerales;f__Lentisphaeraceae;g__
Kiritimatiella	1921784	d__Bacteria;p__Kiritimatiellota;c__Kiritimatiellia;o__Kiritimatiellales;f__Kiritimatiellaceae;g__
Maridesulfovibrio	2794998	d__Bacteria;p__Thermodesulfobacteriota;c__Desulfovibrionia;o__Desulfovibrionales;f__Desulfovibrionaceae;g__
Oceanidesulfovibrio	2905722	d__Bacteria;p__Thermodesulfobacteriota;c__Desulfovibrionia;o__Desulfovibrionales;f__Desulfovibrionaceae;g__

Lawsonia	41707	d__Bacteria;p__Thermodesulfobacteriota;c__Desulfovibrionia;o__Desulfovibrionales;f__Desulfovibrionaceae;g__
Salidesulfovibrio	2950010	d__Bacteria;p__Thermodesulfobacteriota;c__Desulfovibrionia;o__Desulfovibrionales;f__Desulfovibrionaceae;g__
Trichlorobacter	115782	d__Bacteria;p__Thermodesulfobacteriota;c__Desulfuromonadia;o__Geobacterales;f__Geobacteraceae;g__
Desulfuromonas	890	d__Bacteria;p__Thermodesulfobacteriota;c__Desulfuromonadia;o__Desulfuromonadales;f__Desulfuromonadaceae;g__
Geoalkalibacter	392332	d__Bacteria;p__Thermodesulfobacteriota;c__Desulfuromonadia;o__Desulfuromonadales;f__Geoalkalibacteraceae;g__
Desulforapulum	2904687	d__Bacteria;p__Thermodesulfobacteriota;c__Desulfobacteria;o__Desulfobacterales;f__Desulfobacteraceae;g__
Desulfobacula	28222	d__Bacteria;p__Thermodesulfobacteriota;c__Desulfobacteria;o__Desulfobacterales;f__Desulfobacteraceae;g__
Desulfococcus	896	d__Bacteria;p__Thermodesulfobacteriota;c__Desulfobacteria;o__Desulfobacterales;f__Desulfococcaceae;g__
Desulfatibacillum	218207	d__Bacteria;p__Thermodesulfobacteriota;c__Desulfobacteria;o__Desulfobacterales;f__Desulfatibacillaceae;g__
Desulfosudis	2904716	d__Bacteria;p__Thermodesulfobacteriota;c__Desulfobacteria;o__Desulfobacterales;f__Desulfosudaceae;g__
Desulfoluna	497721	d__Bacteria;p__Thermodesulfobacteriota;c__Desulfobacteria;o__Desulfobacterales;f__Desulfolunaceae;g__
Desulfarculus	453229	d__Bacteria;p__Thermodesulfobacteriota;c__Desulfarculia;o__Desulfarculales;f__Desulfarculaceae;g__
Desulfocapsa	53318	d__Bacteria;p__Thermodesulfobacteriota;c__Desulfobulbia;o__Desulfobulbales;f__Desulfocapsaceae;g__
Thermodesulfobacterium	1740	d__Bacteria;p__Thermodesulfobacteriota;c__Thermodesulfobacteria;o__Thermodesulfobacteriales;f__Thermodesulfobacteriaceae;g__
Thermosulfurimonas	1522431	d__Bacteria;p__Thermodesulfobacteriota;c__Thermodesulfobacteria;o__Thermodesulfobacteriales;f__Thermodesulfobacteriaceae;g__
Thermodesulfatator	241192	d__Bacteria;p__Thermodesulfobacteriota;c__Thermodesulfobacteria;o__Thermodesulfobacteriales;f__Thermodesulfatatoraceae;g__
Syntrophus	43773	d__Bacteria;p__Thermodesulfobacteriota;c__Syntrophia;o__Syntrophales;f__Syntrophaceae;g__
Desulfoglaeba	361106	d__Bacteria;p__Thermodesulfobacteriota;c__Syntrophobacteria;o__Syntrophobacterales;f__Syntrophobacteraceae;g__
Stigmatella	40	d__Bacteria;p__Myxococcota;c__Myxococcia;o__Myxococcales;f__Archangiaceae;g__
Pyxidicoccus	224458	d__Bacteria;p__Myxococcota;c__Myxococcia;o__Myxococcales;f__Myxococcaceae;g__
Thermosipho	2420	d__Bacteria;p__Thermotogota;c__Thermotogae;o__Thermotogales;f__Fervidobacteriaceae;g__
Mesotoga	1184396	d__Bacteria;p__Thermotogota;c__Thermotogae;o__Kosmotogales;f__Kosmotogaceae;g__
Kosmotoga	651456	d__Bacteria;p__Thermotogota;c__Thermotogae;o__Kosmotogales;f__Kosmotogaceae;g__
Defluviitoga	1511648	d__Bacteria;p__Thermotogota;c__Thermotogae;o__Petrotogales;f__Petrotogaceae;g__
Tepiditoga	2778400	d__Bacteria;p__Thermotogota;c__Thermotogae;o__Petrotogales;f__Petrotogaceae;g__
Oceanotoga	1255275	d__Bacteria;p__Thermotogota;c__Thermotogae;o__Petrotogales;f__Petrotogaceae;g__
Marinitoga	160798	d__Bacteria;p__Thermotogota;c__Thermotogae;o__Petrotogales;f__Petrotogaceae;g__
Petrotoga	28236	d__Bacteria;p__Thermotogota;c__Thermotogae;o__Petrotogales;f__Petrotogaceae;g__
Athalassotoga	1769718	d__Bacteria;p__Thermotogota;c__Thermotogae;o__Mesoaciditogales;f__Mesoaciditogaceae;g__
Jonquetella	428711	d__Bacteria;p__Synergistota;c__Synergistia;o__Synergistales;f__Dethiosulfovibrionaceae;g__
Aminomonas	81411	d__Bacteria;p__Synergistota;c__Synergistia;o__Synergistales;f__Synergistaceae;g__
Thermanaerovibrio	81461	d__Bacteria;p__Synergistota;c__Synergistia;o__Synergistales;f__Synergistaceae;g__
Aminobacterium	81466	d__Bacteria;p__Synergistota;c__Synergistia;o__Synergistales;f__Aminobacteriaceae;g__
Thermovirga	336260	d__Bacteria;p__Synergistota;c__Synergistia;o__Synergistales;f__Thermovirgaceae;g__
Nanosynbacter	2093823	d__Bacteria;p__Candidatus Saccharibacteria;c__Candidatus Saccharimonadia;o__Candidatus Nanosynbacterales;f__Candidatus Nanosynbacteraceae;g__
Candidatus Minimicrobia	2905967	d__Bacteria;p__Candidatus Saccharibacteria;c__;o__;f__;g__
Candidatus Chromulinivorax	2953757	d__Bacteria;p__;c__Candidatus Babeliae;o__Candidatus Babeliales;f__Candidatus Chromulinivoraceae;g__
Alloacidobacterium	2951993	d__Bacteria;p__Acidobacteriota;c__Terriglobia;o__Terriglobales;f__Acidobacteriaceae;g__
Occallatibacter	1742983	d__Bacteria;p__Acidobacteriota;c__Terriglobia;o__Terriglobales;f__Acidobacteriaceae;g__
Chloracidobacterium	458032	d__Bacteria;p__Acidobacteriota;c__Blastocatellia;o__;f__;g__
Sulfidibacter	2915177	d__Bacteria;p__Acidobacteriota;c__Holophagae;o__Acanthopleuribacterales;f__Acanthopleuribacteraceae;g__
Flexistipes	2351	d__Bacteria;p__Deferribacterota;c__Deferribacteres;o__Deferribacterales;f__Flexistipitaceae;g__
Calditerrivibrio	545865	d__Bacteria;p__Deferribacterota;c__Deferribacteres;o__Deferribacterales;f__Calditerrivibrionaceae;g__
Deferribacter	53572	d__Bacteria;p__Deferribacterota;c__Deferribacteres;o__Deferribacterales;f__Deferribacteraceae;g__
Geovibrio	46200	d__Bacteria;p__Deferribacterota;c__Deferribacteres;o__Deferribacterales;f__Geovibrionaceae;g__
Mucispirillum	248038	d__Bacteria;p__Deferribacterota;c__Deferribacteres;o__Deferribacterales;f__Mucispirillaceae;g__
Pseudobdellovibrio	2862745	d__Bacteria;p__Bdellovibrionota;c__Bdellovibrionia;o__Bdellovibrionales;f__Pseudobdellovibrionaceae;g__
Silvanigrella	2024975	d__Bacteria;p__Bdellovibrionota;c__Oligoflexia;o__Silvanigrellales;f__Silvanigrellaceae;g__
Sulfurihydrogenibium	212790	d__Bacteria;p__Aquificota;c__Aquificae;o__Aquificales;f__Hydrogenothermaceae;g__
Persephonella	182899	d__Bacteria;p__Aquificota;c__Aquificae;o__Aquificales;f__Hydrogenothermaceae;g__
Hydrogenobacter	939	d__Bacteria;p__Aquificota;c__Aquificae;o__Aquificales;f__Aquificaceae;g__
Thermocrinis	75905	d__Bacteria;p__Aquificota;c__Aquificae;o__Aquificales;f__Aquificaceae;g__
Thermosulfidibacter	412592	d__Bacteria;p__Thermosulfidibacterota;c__Thermosulfidibacteria;o__Thermosulfidibacterales;f__Thermosulfidibacteraceae;g__
Desulfurobacterium	64159	d__Bacteria;p__Aquificota;c__Aquificae;o__Desulfurobacteriales;f__Desulfurobacteriaceae;g__
Dissulfurispira	2811506	d__Bacteria;p__Nitrospirota;c__Thermodesulfovibrionia;o__Thermodesulfovibrionales;f__Dissulfurispiraceae;g__
Thermodesulfovibrio	28261	d__Bacteria;p__Nitrospirota;c__Thermodesulfovibrionia;o__Thermodesulfovibrionales;f__Thermodesulfovibrionaceae;g__
Leptospirillum	179	d__Bacteria;p__Nitrospirota;c__Nitrospiria;o__Nitrospirales;f__Nitrospiraceae;g__
Dictyoglomus	13	d__Bacteria;p__Dictyoglomota;c__Dictyoglomia;o__Dictyoglomales;f__Dictyoglomaceae;g__
Atribacter	2847777	d__Bacteria;p__Atribacterota;c__Atribacteria;o__Atribacterales;f__Atribacteraceae;g__
Endomicrobium	1408194	d__Bacteria;p__Elusimicrobiota;c__Endomicrobiia;o__Endomicrobiales;f__Endomicrobiaceae;g__
Elusimicrobium	423604	d__Bacteria;p__Elusimicrobiota;c__Elusimicrobia;o__Elusimicrobiales;f__Elusimicrobiaceae;g__
Desulfurispirillum	393029	d__Bacteria;p__Chrysiogenota;c__Chrysiogenetes;o__Chrysiogenales;f__Chrysiogenaceae;g__
Caldithrix	187144	d__Bacteria;p__Calditrichota;c__Calditrichia;o__Calditrichales;f__Calditrichaceae;g__
Coprothermobacter	68335	d__Bacteria;p__Coprothermobacterota;c__Coprothermobacteria;o__Coprothermobacterales;f__Coprothermobacteraceae;g__



























































Psychromicrobium	2078575	d__Bacteria;p__Actinomycetota;c__Actinomycetes;o__Micrococcales;f__Micrococcaceae;g__
Nesterenkonia	57494	d__Bacteria;p__Actinomycetota;c__Actinomycetes;o__Micrococcales;f__Micrococcaceae;g__
Plantibacter	190323	d__Bacteria;p__Actinomycetota;c__Actinomycetes;o__Micrococcales;f__Microbacteriaceae;g__
Mycetocola	76634	d__Bacteria;p__Actinomycetota;c__Actinomycetes;o__Micrococcales;f__Microbacteriaceae;g__
Diaminobutyricimonas	1433997	d__Bacteria;p__Actinomycetota;c__Actinomycetes;o__Micrococcales;f__Microbacteriaceae;g__
Protaetiibacter	2680004	d__Bacteria;p__Actinomycetota;c__Actinomycetes;o__Micrococcales;f__Microbacteriaceae;g__
Paraoerskovia	665568	d__Bacteria;p__Actinomycetota;c__Actinomycetes;o__Micrococcales;f__Cellulomonadaceae;g__
Isoptericola	254250	d__Bacteria;p__Actinomycetota;c__Actinomycetes;o__Micrococcales;f__Promicromonosporaceae;g__
Pedococcus	2805645	d__Bacteria;p__Actinomycetota;c__Actinomycetes;o__Micrococcales;f__Intrasporangiaceae;g__
Arsenicicoccus	267408	d__Bacteria;p__Actinomycetota;c__Actinomycetes;o__Micrococcales;f__Intrasporangiaceae;g__
Luteimicrobium	754249	d__Bacteria;p__Actinomycetota;c__Actinomycetes;o__Micrococcales;f__;g__
Pengzhenrongella	2888818	d__Bacteria;p__Actinomycetota;c__Actinomycetes;o__Micrococcales;f__;g__
Luteipulveratus	745364	d__Bacteria;p__Actinomycetota;c__Actinomycetes;o__Micrococcales;f__Dermacoccaceae;g__
Yinghuangia	2805681	d__Bacteria;p__Actinomycetota;c__Actinomycetes;o__Kitasatosporales;f__Streptomycetaceae;g__
Winkia	2692118	d__Bacteria;p__Actinomycetota;c__Actinomycetes;o__Actinomycetales;f__Actinomycetaceae;g__
Nanchangia	2888879	d__Bacteria;p__Actinomycetota;c__Actinomycetes;o__Actinomycetales;f__Actinomycetaceae;g__
Actinotignum	1653174	d__Bacteria;p__Actinomycetota;c__Actinomycetes;o__Actinomycetales;f__Actinomycetaceae;g__
Actinobaculum	76833	d__Bacteria;p__Actinomycetota;c__Actinomycetes;o__Actinomycetales;f__Actinomycetaceae;g__
Mycolicibacillus	2126281	d__Bacteria;p__Actinomycetota;c__Actinomycetes;o__Mycobacteriales;f__Mycobacteriaceae;g__
Segniliparus	286801	d__Bacteria;p__Actinomycetota;c__Actinomycetes;o__Mycobacteriales;f__Segniliparaceae;g__
Pimelobacter	2044	d__Bacteria;p__Actinomycetota;c__Actinomycetes;o__Propionibacteriales;f__Nocardioidaceae;g__
Solicola	3024237	d__Bacteria;p__Actinomycetota;c__Actinomycetes;o__Propionibacteriales;f__Nocardioidaceae;g__
Vaginimicrobium	2919589	d__Bacteria;p__Actinomycetota;c__Actinomycetes;o__Propionibacteriales;f__Propionibacteriaceae;g__
Thermobispora	147067	d__Bacteria;p__Actinomycetota;c__Actinomycetes;o__Streptosporangiales;f__Streptosporangiaceae;g__
Streptomonospora	104204	d__Bacteria;p__Actinomycetota;c__Actinomycetes;o__Streptosporangiales;f__Nocardiopsaceae;g__
Actinopolyspora	1849	d__Bacteria;p__Actinomycetota;c__Actinomycetes;o__Actinopolysporales;f__Actinopolysporaceae;g__
Acidothermus	28048	d__Bacteria;p__Actinomycetota;c__Actinomycetes;o__Acidothermales;f__Acidothermaceae;g__
Actinomarinicola	2789775	d__Bacteria;p__Actinomycetota;c__Acidimicrobiia;o__Acidimicrobiales;f__Iamiaceae;g__
Egicoccus	1755825	d__Bacteria;p__Actinomycetota;c__Nitriliruptoria;o__Egicoccales;f__Egicoccaceae;g__
Desulforudis	471826	d__Bacteria;p__Bacillota;c__Clostridia;o__Eubacteriales;f__Peptococcaceae;g__
Carboxydothermus	129957	d__Bacteria;p__Bacillota;c__Clostridia;o__Thermoanaerobacterales;f__Thermoanaerobacteraceae;g__
Abyssicoccus	1955413	d__Bacteria;p__Bacillota;c__Bacilli;o__Bacillales;f__Abyssicoccaceae;g__
Parasynechococcus	2881427	d__Bacteria;p__Cyanobacteriota;c__Cyanophyceae;o__Synechococcales;f__Prochlorococcaceae;g__
Trichormus	264688	d__Bacteria;p__Cyanobacteriota;c__Cyanophyceae;o__Nostocales;f__Nostocaceae;g__
Dolichospermum	748770	d__Bacteria;p__Cyanobacteriota;c__Cyanophyceae;o__Nostocales;f__Aphanizomenonaceae;g__
Nodularia	159191	d__Bacteria;p__Cyanobacteriota;c__Cyanophyceae;o__Nostocales;f__Aphanizomenonaceae;g__
Cylindrospermopsis	77021	d__Bacteria;p__Cyanobacteriota;c__Cyanophyceae;o__Nostocales;f__Aphanizomenonaceae;g__
Euhalothece	65097	d__Bacteria;p__Cyanobacteriota;c__Cyanophyceae;o__Chroococcales;f__Halothecacae;g__
Kovacikia	1874526	d__Bacteria;p__Cyanobacteriota;c__Cyanophyceae;o__Leptolyngbyales;f__Leptolyngbyaceae;g__
Halomicronema	170610	d__Bacteria;p__Cyanobacteriota;c__Cyanophyceae;o__Nodosilineales;f__Nodosilineaceae;g__
Oceanithermus	208447	d__Bacteria;p__Deinococcota;c__Deinococci;o__Thermales;f__Thermaceae;g__
Marinithermus	186191	d__Bacteria;p__Deinococcota;c__Deinococci;o__Thermales;f__Thermaceae;g__
Brevefilum	2019482	d__Bacteria;p__Chloroflexota;c__Anaerolineae;o__Anaerolineales;f__Anaerolineaceae;g__
Fimbriimonas	1005038	d__Bacteria;p__Armatimonadota;c__Fimbriimonadia;o__Fimbriimonadales;f__Fimbriimonadaceae;g__
Aureibaculum	2706948	d__Bacteria;p__Bacteroidota;c__Flavobacteriia;o__Flavobacteriales;f__Flavobacteriaceae;g__
Bizionia	283785	d__Bacteria;p__Bacteroidota;c__Flavobacteriia;o__Flavobacteriales;f__Flavobacteriaceae;g__
Siansivirga	1204360	d__Bacteria;p__Bacteroidota;c__Flavobacteriia;o__Flavobacteriales;f__Flavobacteriaceae;g__
Oceanihabitans	2045416	d__Bacteria;p__Bacteroidota;c__Flavobacteriia;o__Flavobacteriales;f__Flavobacteriaceae;g__
Leadbetterella	319458	d__Bacteria;p__Bacteroidota;c__Cytophagia;o__Cytophagales;f__Spirosomataceae;g__
Chryseolinea	1433993	d__Bacteria;p__Bacteroidota;c__Cytophagia;o__Cytophagales;f__Fulvivirgaceae;g__
Niabella	379899	d__Bacteria;p__Bacteroidota;c__Chitinophagia;o__Chitinophagales;f__Chitinophagaceae;g__
Aureispira	365032	d__Bacteria;p__Bacteroidota;c__Saprospiria;o__Saprospirales;f__Saprospiraceae;g__
Pelodictyon	1099	d__Bacteria;p__Chlorobiota;c__Chlorobiia;o__Chlorobiales;f__Chlorobiaceae;g__
Riesia	401618	d__Bacteria;p__Pseudomonadota;c__Gammaproteobacteria;o__Enterobacterales;f__Enterobacteriaceae;g__

Obesumbacterium	82982	d__Bacteria;p__Pseudomonadota;c__Gammaproteobacteria;o__Enterobacterales;f__Hafniaceae;g__
Halotalea	376488	d__Bacteria;p__Pseudomonadota;c__Gammaproteobacteria;o__Oceanospirillales;f__Halomonadaceae;g__
Thalassolituus	187492	d__Bacteria;p__Pseudomonadota;c__Gammaproteobacteria;o__Oceanospirillales;f__Oceanospirillaceae;g__
Reinekea	230494	d__Bacteria;p__Pseudomonadota;c__Gammaproteobacteria;o__Oceanospirillales;f__Saccharospirillaceae;g__
Saccharospirillum	231683	d__Bacteria;p__Pseudomonadota;c__Gammaproteobacteria;o__Oceanospirillales;f__Saccharospirillaceae;g__
Paraphotobacterium	2042066	d__Bacteria;p__Pseudomonadota;c__Gammaproteobacteria;o__Vibrionales;f__Vibrionaceae;g__
Litorilituus	1407056	d__Bacteria;p__Pseudomonadota;c__Gammaproteobacteria;o__Alteromonadales;f__Colwelliaceae;g__
Lacimicrobium	1751872	d__Bacteria;p__Pseudomonadota;c__Gammaproteobacteria;o__Alteromonadales;f__Alteromonadaceae;g__
Idiomarina	135575	d__Bacteria;p__Pseudomonadota;c__Gammaproteobacteria;o__Alteromonadales;f__Idiomarinaceae;g__
Zobellella	347533	d__Bacteria;p__Pseudomonadota;c__Gammaproteobacteria;o__Aeromonadales;f__Aeromonadaceae;g__
Candidatus Nitrosoglobus	1980513	d__Bacteria;p__Pseudomonadota;c__Gammaproteobacteria;o__Chromatiales;f__Chromatiaceae;g__
Thermochromatium	85073	d__Bacteria;p__Pseudomonadota;c__Gammaproteobacteria;o__Chromatiales;f__Chromatiaceae;g__
Halothiobacillus	109262	d__Bacteria;p__Pseudomonadota;c__Gammaproteobacteria;o__Chromatiales;f__Halothiobacillaceae;g__
Methylospira	1808977	d__Bacteria;p__Pseudomonadota;c__Gammaproteobacteria;o__Methylococcales;f__Methylococcaceae;g__
Thiosulfativibrio	2781120	d__Bacteria;p__Pseudomonadota;c__Gammaproteobacteria;o__Thiotrichales;f__Piscirickettsiaceae;g__
Pseudohongiella	1524249	d__Bacteria;p__Pseudomonadota;c__Gammaproteobacteria;o__Pseudomonadales;f__Pseudohongiellaceae;g__
Endoriftia	393764	d__Bacteria;p__Pseudomonadota;c__Gammaproteobacteria;o__Chromatiales;f__Sedimenticolaceae;g__
Acidiferrobacter	986106	d__Bacteria;p__Pseudomonadota;c__Gammaproteobacteria;o__Acidiferrobacterales;f__Acidiferrobacteraceae;g__
Cardiobacterium	2717	d__Bacteria;p__Pseudomonadota;c__Gammaproteobacteria;o__Cardiobacteriales;f__Cardiobacteriaceae;g__
Salinisphaera	180541	d__Bacteria;p__Pseudomonadota;c__Gammaproteobacteria;o__Salinisphaerales;f__Salinisphaeraceae;g__
Mycetohabitans	2571159	d__Bacteria;p__Pseudomonadota;c__Betaproteobacteria;o__Burkholderiales;f__Burkholderiaceae;g__
Verminephrobacter	364316	d__Bacteria;p__Pseudomonadota;c__Betaproteobacteria;o__Burkholderiales;f__Comamonadaceae;g__
Limnohabitans	665874	d__Bacteria;p__Pseudomonadota;c__Betaproteobacteria;o__Burkholderiales;f__Comamonadaceae;g__
Symbiobacter	1436289	d__Bacteria;p__Pseudomonadota;c__Betaproteobacteria;o__Burkholderiales;f__Comamonadaceae;g__
Castellaniella	359336	d__Bacteria;p__Pseudomonadota;c__Betaproteobacteria;o__Burkholderiales;f__Alcaligenaceae;g__
Paenalcaligenes	1100891	d__Bacteria;p__Pseudomonadota;c__Betaproteobacteria;o__Burkholderiales;f__Alcaligenaceae;g__

Leptothrix	88	d__Bacteria;p__Pseudomonadota;c__Betaproteobacteria;o__Burkholderiales;f__Sphaerotilaceae;g__
Conchiformibius	334107	d__Bacteria;p__Pseudomonadota;c__Betaproteobacteria;o__Neisseriales;f__Neisseriaceae;g__
Alysiella	194195	d__Bacteria;p__Pseudomonadota;c__Betaproteobacteria;o__Neisseriales;f__Neisseriaceae;g__
Aquaspirillum	187	d__Bacteria;p__Pseudomonadota;c__Betaproteobacteria;o__Neisseriales;f__Aquaspirillaceae;g__
Chitinibacter	230666	d__Bacteria;p__Pseudomonadota;c__Betaproteobacteria;o__Neisseriales;f__Chitinibacteraceae;g__
Pseudazoarcus	2891323	d__Bacteria;p__Pseudomonadota;c__Betaproteobacteria;o__Rhodocyclales;f__Zoogloeaceae;g__
Pseudothauera	2891324	d__Bacteria;p__Pseudomonadota;c__Betaproteobacteria;o__Rhodocyclales;f__Zoogloeaceae;g__
Ferrigenium	2249462	d__Bacteria;p__Pseudomonadota;c__Betaproteobacteria;o__Nitrosomonadales;f__Gallionellaceae;g__
Sideroxyarcus	2943286	d__Bacteria;p__Pseudomonadota;c__Betaproteobacteria;o__Nitrosomonadales;f__Gallionellaceae;g__
Gallionella	96	d__Bacteria;p__Pseudomonadota;c__Betaproteobacteria;o__Nitrosomonadales;f__Gallionellaceae;g__
Ferrovum	416212	d__Bacteria;p__Pseudomonadota;c__Betaproteobacteria;o__Ferrovales;f__Ferrovaceae;g__
Variibacter	1649510	d__Bacteria;p__Pseudomonadota;c__Alphaproteobacteria;o__Hyphomicrobiales;f__Nitrobacteraceae;g__
Oricola	1594166	d__Bacteria;p__Pseudomonadota;c__Alphaproteobacteria;o__Hyphomicrobiales;f__Phyllobacteriaceae;g__
Georhizobium	2661800	d__Bacteria;p__Pseudomonadota;c__Alphaproteobacteria;o__Hyphomicrobiales;f__Rhizobiaceae;g__
Pannonibacter	227873	d__Bacteria;p__Pseudomonadota;c__Alphaproteobacteria;o__Hyphomicrobiales;f__Stappiaceae;g__
Chenggangzhangella	2041902	d__Bacteria;p__Pseudomonadota;c__Alphaproteobacteria;o__Hyphomicrobiales;f__Methylocystaceae;g__
Beijerinckia	532	d__Bacteria;p__Pseudomonadota;c__Alphaproteobacteria;o__Hyphomicrobiales;f__Beijerinckiaceae;g__
Lichenihabitans	2723776	d__Bacteria;p__Pseudomonadota;c__Alphaproteobacteria;o__Hyphomicrobiales;f__Lichenihabitantaceae;g__
Breoghania	1406135	d__Bacteria;p__Pseudomonadota;c__Alphaproteobacteria;o__Hyphomicrobiales;f__Breoghaniaceae;g__
Aquisediminimonas	2676781	d__Bacteria;p__Pseudomonadota;c__Alphaproteobacteria;o__Sphingomonadales;f__Sphingomonadaceae;g__
Hankyongella	1763827	d__Bacteria;p__Pseudomonadota;c__Alphaproteobacteria;o__Sphingomonadales;f__Sphingomonadaceae;g__
Sphingomicrobium	1227948	d__Bacteria;p__Pseudomonadota;c__Alphaproteobacteria;o__Sphingomonadales;f__Sphingomonadaceae;g__
Parasphingopyxis	1234545	d__Bacteria;p__Pseudomonadota;c__Alphaproteobacteria;o__Sphingomonadales;f__Sphingomonadaceae;g__
Rhodophyticola	2680018	d__Bacteria;p__Pseudomonadota;c__Alphaproteobacteria;o__Rhodobacterales;f__Paracoccaceae;g__

Yoonia	2211641	d__Bacteria;p__Pseudomonadota;c__Alphaproteobacteria;o__Rhodobacterales;f__Paracoccaceae;g__
Pukyongiella	2831925	d__Bacteria;p__Pseudomonadota;c__Alphaproteobacteria;o__Rhodobacterales;f__Paracoccaceae;g__
Haematobacter	366614	d__Bacteria;p__Pseudomonadota;c__Alphaproteobacteria;o__Rhodobacterales;f__Paracoccaceae;g__
Neotabrizicola	2946607	d__Bacteria;p__Pseudomonadota;c__Alphaproteobacteria;o__Rhodobacterales;f__Paracoccaceae;g__
Parasedimentitalea	2738399	d__Bacteria;p__Pseudomonadota;c__Alphaproteobacteria;o__Rhodobacterales;f__Paracoccaceae;g__
Qingshengfaniella	2816884	d__Bacteria;p__Pseudomonadota;c__Alphaproteobacteria;o__Rhodobacterales;f__Paracoccaceae;g__
Pelagovum	2795377	d__Bacteria;p__Pseudomonadota;c__Alphaproteobacteria;o__Rhodobacterales;f__Paracoccaceae;g__
Abyssibius	3029205	d__Bacteria;p__Pseudomonadota;c__Alphaproteobacteria;o__Rhodobacterales;f__Paracoccaceae;g__
Jannaschia	188905	d__Bacteria;p__Pseudomonadota;c__Alphaproteobacteria;o__Rhodobacterales;f__Roseobacteraceae;g__
Alloyangia	2919626	d__Bacteria;p__Pseudomonadota;c__Alphaproteobacteria;o__Rhodobacterales;f__Roseobacteraceae;g__
Ketogulonicigenium	92944	d__Bacteria;p__Pseudomonadota;c__Alphaproteobacteria;o__Rhodobacterales;f__Roseobacteraceae;g__
Thalassococcus	436357	d__Bacteria;p__Pseudomonadota;c__Alphaproteobacteria;o__Rhodobacterales;f__Roseobacteraceae;g__
Mameliella	1434019	d__Bacteria;p__Pseudomonadota;c__Alphaproteobacteria;o__Rhodobacterales;f__Roseobacteraceae;g__
Loktanella	245186	d__Bacteria;p__Pseudomonadota;c__Alphaproteobacteria;o__Rhodobacterales;f__Roseobacteraceae;g__
Thalassovita	335927	d__Bacteria;p__Pseudomonadota;c__Alphaproteobacteria;o__Rhodobacterales;f__Roseobacteraceae;g__
Thalassobacter	266808	d__Bacteria;p__Pseudomonadota;c__Alphaproteobacteria;o__Rhodobacterales;f__Roseobacteraceae;g__
Sediminicoccus	1706033	d__Bacteria;p__Pseudomonadota;c__Alphaproteobacteria;o__Rhodospirillales;f__Acetobacteraceae;g__
Roseococcus	35812	d__Bacteria;p__Pseudomonadota;c__Alphaproteobacteria;o__Rhodospirillales;f__Acetobacteraceae;g__
Oecophyllibacter	2791118	d__Bacteria;p__Pseudomonadota;c__Alphaproteobacteria;o__Rhodospirillales;f__Acetobacteraceae;g__
Neokomagataea	1223423	d__Bacteria;p__Pseudomonadota;c__Alphaproteobacteria;o__Rhodospirillales;f__Acetobacteraceae;g__
Acidiphilium	522	d__Bacteria;p__Pseudomonadota;c__Alphaproteobacteria;o__Rhodospirillales;f__Acetobacteraceae;g__
Aristophania	3027666	d__Bacteria;p__Pseudomonadota;c__Alphaproteobacteria;o__Rhodospirillales;f__Acetobacteraceae;g__
Acidocella	50709	d__Bacteria;p__Pseudomonadota;c__Alphaproteobacteria;o__Rhodospirillales;f__Acetobacteraceae;g__
Lichenicola	2804525	d__Bacteria;p__Pseudomonadota;c__Alphaproteobacteria;o__Rhodospirillales;f__Acetobacteraceae;g__
Magnetospira	1182780	d__Bacteria;p__Pseudomonadota;c__Alphaproteobacteria;o__Rhodospirillales;f__Thalassospiraceae;g__
Orientia	69474	d__Bacteria;p__Pseudomonadota;c__Alphaproteobacteria;o__Rickettsiales;f__Rickettsiaceae;g__
Candidatus Viadribacter	2892997	d__Bacteria;p__Pseudomonadota;c__Alphaproteobacteria;o__Hyphomonadales;f__Hyphomonadaceae;g__
Hyphobacterium	2004661	d__Bacteria;p__Pseudomonadota;c__Alphaproteobacteria;o__Maricaulales;f__Maricaulaceae;g__
Aquisalinus	1795639	d__Bacteria;p__Pseudomonadota;c__Alphaproteobacteria;o__Parvularculales;f__Parvularculaceae;g__
Mariprofundus	377315	d__Bacteria;p__Pseudomonadota;c__Zetaproteobacteria;o__Mariprofundales;f__Mariprofundaceae;g__
Desulfolutivibrio	2773294	d__Bacteria;p__Thermodesulfobacteriota;c__Desulfovibrionia;o__Desulfovibrionales;f__Desulfovibrionaceae;g__
Oleidesulfovibrio	2909705	d__Bacteria;p__Thermodesulfobacteriota;c__Desulfovibrionia;o__Desulfovibrionales;f__Desulfovibrionaceae;g__
Citrifermentans	2883512	d__Bacteria;p__Thermodesulfobacteriota;c__Desulfuromonadia;o__Geobacterales;f__Geobacteraceae;g__
Pelobacter	18	d__Bacteria;p__Thermodesulfobacteriota;c__Desulfuromonadia;o__Desulfuromonadales;f__Desulfuromonadaceae;g__
Deferrimonas	3031667	d__Bacteria;p__Thermodesulfobacteriota;c__Desulfuromonadia;o__Desulfuromonadales;f__Trichloromonadaceae;g__
Desulfotalea	109168	d__Bacteria;p__Thermodesulfobacteriota;c__Desulfobulbia;o__Desulfobulbales;f__Desulfocapsaceae;g__
Desulfurivibrio	427922	d__Bacteria;p__Thermodesulfobacteriota;c__Desulfobulbia;o__Desulfobulbales;f__Desulfobulbaceae;g__
Syntrophobacter	29526	d__Bacteria;p__Thermodesulfobacteriota;c__Syntrophobacteria;o__Syntrophobacterales;f__Syntrophobacteraceae;g__
Desulfomonile	2357	d__Bacteria;p__Thermodesulfobacteriota;c__Desulfomonilia;o__Desulfomonilales;f__Desulfomonilaceae;g__
Desulfobacca	60892	d__Bacteria;p__Thermodesulfobacteriota;c__Desulfobaccia;o__Desulfobaccales;f__Desulfobaccaceae;g__
Symmachiella	2795780	d__Bacteria;p__Planctomycetota;c__Planctomycetia;o__Planctomycetales;f__Planctomycetaceae;g__
Calycomorphotria	2795776	d__Bacteria;p__Planctomycetota;c__Planctomycetia;o__Planctomycetales;f__Planctomycetaceae;g__
Polystyrenella	2795774	d__Bacteria;p__Planctomycetota;c__Planctomycetia;o__Planctomycetales;f__Planctomycetaceae;g__
Stieleria	2795973	d__Bacteria;p__Planctomycetota;c__Planctomycetia;o__Pirellulales;f__Pirellulaceae;g__
Rhodopirellula	265488	d__Bacteria;p__Planctomycetota;c__Planctomycetia;o__Pirellulales;f__Pirellulaceae;g__
Paludisphaera	1763521	d__Bacteria;p__Planctomycetota;c__Planctomycetia;o__Isosphaerales;f__Isosphaeraceae;g__
Humisphaera	2807511	d__Bacteria;p__Planctomycetota;c__Phycisphaerae;o__Tepidisphaerales;f__Tepidisphaeraceae;g__
Ereboglobus	2028344	d__Bacteria;p__Verrucomicrobiota;c__Opitutae;o__Opitutales;f__Opitutaceae;g__
Nibricoccus	2576890	d__Bacteria;p__Verrucomicrobiota;c__Opitutae;o__Opitutales;f__Opitutaceae;g__
Methylacidiphilum (ex Ratnadevi et al. 2023)	511745	d__Bacteria;p__Verrucomicrobiota;c__Methylacidiphilae;o__Methylacidiphilales;f__Methylacidiphilaceae;g__
Melittangium	44	d__Bacteria;p__Myxococcota;c__Myxococcia;o__Myxococcales;f__Archangiaceae;g__
Vulgatibacter	1524214	d__Bacteria;p__Myxococcota;c__Myxococcia;o__Myxococcales;f__Vulgatibacteraceae;g__
Acidobacterium	33973	d__Bacteria;p__Acidobacteriota;c__Terriglobia;o__Terriglobales;f__Acidobacteriaceae;g__
Candidatus Korobacter	658061	d__Bacteria;p__Acidobacteriota;c__Terriglobia;o__Terriglobales;f__Candidatus Korobacteraceae;g__
Paludibaculum	1649475	d__Bacteria;p__Acidobacteriota;c__Terriglobia;o__Bryobacterales;f__Bryobacteraceae;g__
Thermotomaculum	1172428	d__Bacteria;p__Acidobacteriota;c__Holophagae;o__Thermotomaculales;f__Thermotomaculaceae;g__
Aminithiophilus	3029078	d__Bacteria;p__Synergistota;c__Synergistia;o__Synergistales;f__Aminithiophilaceae;g__
Acetomicrobium	49894	d__Bacteria;p__Synergistota;c__Synergistia;o__Synergistales;f__Acetomicrobiaceae;g__
Thermovibrio	171868	d__Bacteria;p__Aquificota;c__Aquificae;o__Desulfurobacteriales;f__Desulfurobacteriaceae;g__
Persicimonas	2766927	d__Bacteria;p__;c__Deltaproteobacteria;o__Bradymonadales;f__Bradymonadaceae;g__





































Heliorestis	79598	d__Bacteria;p__Bacillota;c__Clostridia;o__Eubacteriales;f__Heliobacteriaceae;g__
Fructobacillus	559173	d__Bacteria;p__Bacillota;c__Bacilli;o__Lactobacillales;f__Lactobacillaceae;g__
Periweissella	2930384	d__Bacteria;p__Bacillota;c__Bacilli;o__Lactobacillales;f__Lactobacillaceae;g__
Changpingibacter	2912996	d__Bacteria;p__Actinomycetota;c__Actinomycetes;o__Actinomycetales;f__Actinomycetaceae;g__
Aquiluna	529881	d__Bacteria;p__Actinomycetota;c__Actinomycetes;o__Micrococcales;f__Microbacteriaceae;g__
Cnuibacter	1759331	d__Bacteria;p__Actinomycetota;c__Actinomycetes;o__Micrococcales;f__Microbacteriaceae;g__
Tropheryma	2038	d__Bacteria;p__Actinomycetota;c__Actinomycetes;o__Micrococcales;f__Tropherymataceae;g__
Salinispora	168694	d__Bacteria;p__Actinomycetota;c__Actinomycetes;o__Micromonosporales;f__Micromonosporaceae;g__
Thermoleophilum	192992	d__Bacteria;p__Actinomycetota;c__Thermoleophilia;o__Thermoleophilales;f__Thermoleophilaceae;g__
Richelia	98443	d__Bacteria;p__Cyanobacteriota;c__Cyanophyceae;o__Nostocales;f__Nostocaceae;g__
Brasilonema	383614	d__Bacteria;p__Cyanobacteriota;c__Cyanophyceae;o__Nostocales;f__Scytonemataceae;g__
Halothece	76023	d__Bacteria;p__Cyanobacteriota;c__Cyanophyceae;o__Chroococcales;f__Halothecacae;g__
Phormidium	1198	d__Bacteria;p__Cyanobacteriota;c__Cyanophyceae;o__Oscillatoriales;f__Oscillatoriaceae;g__
Allocoleopsis	2886347	d__Bacteria;p__Cyanobacteriota;c__Cyanophyceae;o__Coleofasciculales;f__Coleofasciculaceae;g__
Leptodesmis	2664261	d__Bacteria;p__Cyanobacteriota;c__Cyanophyceae;o__Leptolyngbyales;f__Leptolyngbyaceae;g__
Paracholeplasma	2903107	d__Bacteria;p__Mycoplasmatota;c__Mollicutes;o__Acholeplasmatales;f__Acholeplasmataceae;g__
Ktedonosporobacter	2692417	d__Bacteria;p__Chloroflexota;c__Ktedonobacteria;o__Ktedonobacterales;f__Ktedonosporobacteraceae;g__
Salinivirga	1970191	d__Bacteria;p__Bacteroidota;c__Bacteroidia;o__Bacteroidales;f__Salinivirgaceae;g__
Psychroflexus	83612	d__Bacteria;p__Bacteroidota;c__Flavobacteriia;o__Flavobacteriales;f__Flavobacteriaceae;g__
Marixanthomonas	387658	d__Bacteria;p__Bacteroidota;c__Flavobacteriia;o__Flavobacteriales;f__Flavobacteriaceae;g__
Rasiella	2987594	d__Bacteria;p__Bacteroidota;c__Flavobacteriia;o__Flavobacteriales;f__Flavobacteriaceae;g__
Flavivirga	1209327	d__Bacteria;p__Bacteroidota;c__Flavobacteriia;o__Flavobacteriales;f__Flavobacteriaceae;g__
Pukyongia	2831916	d__Bacteria;p__Bacteroidota;c__Flavobacteriia;o__Flavobacteriales;f__Flavobacteriaceae;g__
Gillisia	244698	d__Bacteria;p__Bacteroidota;c__Flavobacteriia;o__Flavobacteriales;f__Flavobacteriaceae;g__
Arcticibacterium	2173039	d__Bacteria;p__Bacteroidota;c__Cytophagia;o__Cytophagales;f__Spirosomataceae;g__
Candidatus Amoebophilus	281119	d__Bacteria;p__Bacteroidota;c__Cytophagia;o__Cytophagales;f__Amoebophilaceae;g__
Sediminibacterium	504481	d__Bacteria;p__Bacteroidota;c__Chitinophagia;o__Chitinophagales;f__Chitinophagaceae;g__
Candidatus Sulfidibacterium	2923290	d__Bacteria;p__Bacteroidota;c__;o__Candidatus Sulfidibacteriales;f__;g__
Haliscomenobacter	2349	d__Bacteria;p__Bacteroidota;c__Saprospiria;o__Saprospirales;f__Haliscomenobacteraceae;g__

Pragia	82984	d__Bacteria;p__Pseudomonadota;c__Gammaproteobacteria;o__Enterobacterales;f__Budviciaceae;g__
Histophilus	214906	d__Bacteria;p__Pseudomonadota;c__Gammaproteobacteria;o__Pasteurellales;f__Pasteurellaceae;g__
Enterovibrio	188143	d__Bacteria;p__Pseudomonadota;c__Gammaproteobacteria;o__Vibrionales;f__Vibrionaceae;g__
Hydrocarboniclastica	2650549	d__Bacteria;p__Pseudomonadota;c__Gammaproteobacteria;o__Alteromonadales;f__Alteromonadaceae;g__
Saliniradius	2661818	d__Bacteria;p__Pseudomonadota;c__Gammaproteobacteria;o__Alteromonadales;f__Alteromonadaceae;g__
Cognaticolwellia	2848171	d__Bacteria;p__Pseudomonadota;c__Gammaproteobacteria;o__Alteromonadales;f__Colwelliaceae;g__
Aquirhabdus	2824158	d__Bacteria;p__Pseudomonadota;c__Gammaproteobacteria;o__Moraxellales;f__Moraxellaceae;g__
Spartinivicinus	2768738	d__Bacteria;p__Pseudomonadota;c__Gammaproteobacteria;o__Oceanospirillales;f__Zooshikellaceae;g__
Oceanisphaera	225143	d__Bacteria;p__Pseudomonadota;c__Gammaproteobacteria;o__Aeromonadales;f__Aeromonadaceae;g__
Beggiatoa	1021	d__Bacteria;p__Pseudomonadota;c__Gammaproteobacteria;o__Thiotrichales;f__Thiotrichaceae;g__
Agarilytica	2036021	d__Bacteria;p__Pseudomonadota;c__Gammaproteobacteria;o__Cellvibrionales;f__Cellvibrionaceae;g__
Marinimicrobium	359337	d__Bacteria;p__Pseudomonadota;c__Gammaproteobacteria;o__Cellvibrionales;f__Cellvibrionaceae;g__
Kineobactrum	2678529	d__Bacteria;p__Pseudomonadota;c__Gammaproteobacteria;o__Cellvibrionales;f__Halieaceae;g__
Halioglobus	1217416	d__Bacteria;p__Pseudomonadota;c__Gammaproteobacteria;o__Cellvibrionales;f__Halieaceae;g__
Coxiella	776	d__Bacteria;p__Pseudomonadota;c__Gammaproteobacteria;o__Legionellales;f__Coxiellaceae;g__
Candidatus Vesicomyosocius	2732587	d__Bacteria;p__Pseudomonadota;c__Gammaproteobacteria;o__;f__;g__
Celerinatantimonas	412033	d__Bacteria;p__Pseudomonadota;c__Gammaproteobacteria;o__;f__Celerinatantimonadaceae;g__
Baumannia	198346	d__Bacteria;p__Pseudomonadota;c__Gammaproteobacteria;o__;f__;g__
Sedimenticola	349742	d__Bacteria;p__Pseudomonadota;c__Gammaproteobacteria;o__;f__;g__
Nardonella	204619	d__Bacteria;p__Pseudomonadota;c__Gammaproteobacteria;o__;f__;g__
Liberibacter	34019	d__Bacteria;p__Pseudomonadota;c__Alphaproteobacteria;o__Hyphomicrobiales;f__Rhizobiaceae;g__
Jiella	1775688	d__Bacteria;p__Pseudomonadota;c__Alphaproteobacteria;o__Hyphomicrobiales;f__Aurantimonadaceae;g__
Methyloceanibacter	1484898	d__Bacteria;p__Pseudomonadota;c__Alphaproteobacteria;o__Hyphomicrobiales;f__Hyphomicrobiaceae;g__
Phaeomarinobacter	1541445	d__Bacteria;p__Pseudomonadota;c__Alphaproteobacteria;o__Hyphomicrobiales;f__Parvibaculaceae;g__
Novosphingopyxis	2709686	d__Bacteria;p__Pseudomonadota;c__Alphaproteobacteria;o__Sphingomonadales;f__Sphingomonadaceae;g__
Entomobacter	2811380	d__Bacteria;p__Pseudomonadota;c__Alphaproteobacteria;o__Rhodospirillales;f__Acetobacteraceae;g__
Kozakia	153497	d__Bacteria;p__Pseudomonadota;c__Alphaproteobacteria;o__Rhodospirillales;f__Acetobacteraceae;g__
Antarctobacter	74032	d__Bacteria;p__Pseudomonadota;c__Alphaproteobacteria;o__Rhodobacterales;f__Roseobacteraceae;g__
Pseudohalocynthiibacter	1759417	d__Bacteria;p__Pseudomonadota;c__Alphaproteobacteria;o__Rhodobacterales;f__Paracoccaceae;g__
Nesciobacter	2601651	d__Bacteria;p__Pseudomonadota;c__Alphaproteobacteria;o__Holosporales;f__Holosporaceae;g__
Luteithermobacter	2813803	d__Bacteria;p__Pseudomonadota;c__Alphaproteobacteria;o__Emcibacterales;f__Emcibacteraceae;g__
Basilea	1472344	d__Bacteria;p__Pseudomonadota;c__Betaproteobacteria;o__Burkholderiales;f__Alcaligenaceae;g__
Aquella	2593687	d__Bacteria;p__Pseudomonadota;c__Betaproteobacteria;o__Neisseriales;f__Neisseriaceae;g__
Simonsiella	71	d__Bacteria;p__Pseudomonadota;c__Betaproteobacteria;o__Neisseriales;f__Neisseriaceae;g__
Paralysiella	2898489	d__Bacteria;p__Pseudomonadota;c__Betaproteobacteria;o__Neisseriales;f__Neisseriaceae;g__
Methylovorus	81682	d__Bacteria;p__Pseudomonadota;c__Betaproteobacteria;o__Nitrosomonadales;f__Methylophilaceae;g__
Methyloversatilis	378210	d__Bacteria;p__Pseudomonadota;c__Betaproteobacteria;o__Nitrosomonadales;f__Sterolibacteriaceae;g__
Nitrotoga	453161	d__Bacteria;p__Pseudomonadota;c__Betaproteobacteria;o__Nitrosomonadales;f__Gallionellaceae;g__
Coraliomargarita	442430	d__Bacteria;p__Verrucomicrobiota;c__Opitutae;o__Puniceicoccales;f__Coraliomargaritaceae;g__
Thalassoglobus	2795865	d__Bacteria;p__Planctomycetota;c__Planctomycetia;o__Planctomycetales;f__Planctomycetaceae;g__
Anatilimnocola	2807414	d__Bacteria;p__Planctomycetota;c__Planctomycetia;o__Pirellulales;f__Pirellulaceae;g__
Aeoliella	2795781	d__Bacteria;p__Planctomycetota;c__Planctomycetia;o__Pirellulales;f__Lacipirellulaceae;g__
Adhaeretor	2862451	d__Bacteria;p__Planctomycetota;c__Planctomycetia;o__Pirellulales;f__Lacipirellulaceae;g__
Isosphaera	127	d__Bacteria;p__Planctomycetota;c__Planctomycetia;o__Isosphaerales;f__Isosphaeraceae;g__
Limihaloglobus	2690160	d__Bacteria;p__Planctomycetota;c__Phycisphaerae;o__Sedimentisphaerales;f__Sedimentisphaeraceae;g__
Neochlamydia	112987	d__Bacteria;p__Chlamydiota;c__Chlamydiia;o__Parachlamydiales;f__Parachlamydiaceae;g__
Thermospira	3024226	d__Bacteria;p__Spirochaetota;c__Spirochaetia;o__Brevinematales;f__Thermospiraceae;g__
Poseidonibacter	2321187	d__Bacteria;p__Campylobacterota;c__Epsilonproteobacteria;o__Campylobacterales;f__Arcobacteraceae;g__
Wolinella	843	d__Bacteria;p__Campylobacterota;c__Epsilonproteobacteria;o__Campylobacterales;f__Helicobacteraceae;g__
Hippea	84404	d__Bacteria;p__Campylobacterota;c__Desulfurellia;o__Desulfurellales;f__Hippeaceae;g__
Desulfocurvibacter	2582840	d__Bacteria;p__Thermodesulfobacteriota;c__Desulfovibrionia;o__Desulfovibrionales;f__Desulfovibrionaceae;g__
Desulfofervidus	1902583	d__Bacteria;p__Thermodesulfobacteriota;c__Candidatus Desulfofervidia;o__Candidatus Desulfofervidales;f__Candidatus Desulfofervidaceae;g__
Micavibrio	213485	d__Bacteria;p__Bdellovibrionota;c__Bdellovibrionia;o__Bdellovibrionales;f__Pseudobdellovibrionaceae;g__
Fluviispira	2698753	d__Bacteria;p__Bdellovibrionota;c__Oligoflexia;o__Silvanigrellales;f__Silvanigrellaceae;g__
Aquifex	2713	d__Bacteria;p__Aquificota;c__Aquificae;o__Aquificales;f__Aquificaceae;g__
Hydrogenobaculum	168657	d__Bacteria;p__Aquificota;c__Aquificae;o__Aquificales;f__Aquificaceae;g__
Dissulfurimicrobium	1769732	d__Bacteria;p__;c__Deltaproteobacteria;o__;f__;g__


























Oerskovia	162491	d__Bacteria;p__Actinomycetota;c__Actinomycetes;o__Micrococcales;f__Cellulomonadaceae;g__
Dactylococcopsis	13034	d__Bacteria;p__Cyanobacteriota;c__Cyanophyceae;o__Synechococcales;f__Synechococcaceae;g__
Williamsoniiplasma	2919614	d__Bacteria;p__Mycoplasmatota;c__Mollicutes;o__Entomoplasmatales;f__;g__
Rhodomicrobium	1068	d__Bacteria;p__Pseudomonadota;c__Alphaproteobacteria;o__Hyphomicrobiales;f__Hyphomicrobiaceae;g__
Actibacterium	1433986	d__Bacteria;p__Pseudomonadota;c__Alphaproteobacteria;o__Rhodobacterales;f__Roseobacteraceae;g__
Neoehrlichia	467749	d__Bacteria;p__Pseudomonadota;c__Alphaproteobacteria;o__Rickettsiales;f__Anaplasmataceae;g__
Morococcus	212742	d__Bacteria;p__Pseudomonadota;c__Betaproteobacteria;o__Neisseriales;f__Neisseriaceae;g__
Seonamhaeicola	1649495	d__Bacteria;p__Bacteroidota;c__Flavobacteriia;o__Flavobacteriales;f__Flavobacteriaceae;g__
Galbibacter	379068	d__Bacteria;p__Bacteroidota;c__Flavobacteriia;o__Flavobacteriales;f__Flavobacteriaceae;g__
Faecalibacter	2766734	d__Bacteria;p__Bacteroidota;c__Flavobacteriia;o__Flavobacteriales;f__Weeksellaceae;g__
Paracrocinitomix	3024544	d__Bacteria;p__Bacteroidota;c__Flavobacteriia;o__Flavobacteriales;f__Crocinitomicaceae;g__
Candidatus Karelsulcia	336809	d__Bacteria;p__Bacteroidota;c__Flavobacteriia;o__Flavobacteriales;f__;g__








Actinotalea	458839	d__Bacteria;p__Actinomycetota;c__Actinomycetes;o__Micrococcales;f__Cellulomonadaceae;g__
Koinonema	2023214	d__Bacteria;p__Cyanobacteriota;c__Cyanophyceae;o__Oscillatoriales;f__;g__
Entomoplasma	46238	d__Bacteria;p__Mycoplasmatota;c__Mollicutes;o__Entomoplasmatales;f__Entomoplasmataceae;g__
Limnobaculum	2172100	d__Bacteria;p__Pseudomonadota;c__Gammaproteobacteria;o__Enterobacterales;f__Budviciaceae;g__
Bacterioplanes	1537406	d__Bacteria;p__Pseudomonadota;c__Gammaproteobacteria;o__Oceanospirillales;f__Oceanospirillaceae;g__
Rickettsiella	59195	d__Bacteria;p__Pseudomonadota;c__Gammaproteobacteria;o__Legionellales;f__Coxiellaceae;g__
Aureliella	2795605	d__Bacteria;p__Planctomycetota;c__Planctomycetia;o__Pirellulales;f__Pirellulaceae;g__
Waddlia	71666	d__Bacteria;p__Chlamydiota;c__Chlamydiia;o__Parachlamydiales;f__Waddliaceae;g__
Desulfohalobium	45662	d__Bacteria;p__Thermodesulfobacteriota;c__Desulfovibrionia;o__Desulfovibrionales;f__Desulfohalobiaceae;g__


Halobacteroides	42417	d__Bacteria;p__Bacillota;c__Clostridia;o__Halanaerobiales;f__Halobacteroidaceae;g__
Amylolactobacillus	2767876	d__Bacteria;p__Bacillota;c__Bacilli;o__Lactobacillales;f__Lactobacillaceae;g__
Acetilactobacillus	2767874	d__Bacteria;p__Bacillota;c__Bacilli;o__Lactobacillales;f__Lactobacillaceae;g__
Hydrogenibacillus	1609627	d__Bacteria;p__Bacillota;c__Bacilli;o__Bacillales;f__Bacillales Family X. Incertae Sedis;g__
Hoyosella	697025	d__Bacteria;p__Actinomycetota;c__Actinomycetes;o__Mycobacteriales;f__Hoyosellaceae;g__
Neomicrococcus	1868332	d__Bacteria;p__Actinomycetota;c__Actinomycetes;o__Micrococcales;f__Micrococcaceae;g__
Pontimonas	1434032	d__Bacteria;p__Actinomycetota;c__Actinomycetes;o__Micrococcales;f__Microbacteriaceae;g__
Yimella	908935	d__Bacteria;p__Actinomycetota;c__Actinomycetes;o__Micrococcales;f__Dermacoccaceae;g__
Epidermidibacterium	2078948	d__Bacteria;p__Actinomycetota;c__Actinomycetes;o__Sporichthyales;f__Sporichthyaceae;g__
Rippkaea	2546365	d__Bacteria;p__Cyanobacteriota;c__Cyanophyceae;o__Chroococcales;f__Aphanothecaceae;g__
Truepera	332248	d__Bacteria;p__Deinococcota;c__Deinococci;o__Trueperales;f__Trueperaceae;g__
Imtechella	1165076	d__Bacteria;p__Bacteroidota;c__Flavobacteriia;o__Flavobacteriales;f__Flavobacteriaceae;g__
Euzebyella	1287916	d__Bacteria;p__Bacteroidota;c__Flavobacteriia;o__Flavobacteriales;f__Flavobacteriaceae;g__
Parvicella	2975260	d__Bacteria;p__Bacteroidota;c__Flavobacteriia;o__Flavobacteriales;f__Parvicellaceae;g__
Ichthyobacterium	1755829	d__Bacteria;p__Bacteroidota;c__Flavobacteriia;o__Flavobacteriales;f__Ichthyobacteriaceae;g__
Aquiflexum	280472	d__Bacteria;p__Bacteroidota;c__Cytophagia;o__Cytophagales;f__Cyclobacteriaceae;g__
Velamenicoccus	2789201	d__Bacteria;p__Candidatus Omnitrophota;c__;o__;f__;g__
Candidatus Hoaglandella	1906659	d__Bacteria;p__Pseudomonadota;c__Gammaproteobacteria;o__Enterobacterales;f__Enterobacteriaceae;g__
Thiopseudomonas	1654787	d__Bacteria;p__Pseudomonadota;c__Gammaproteobacteria;o__Pseudomonadales;f__Pseudomonadaceae;g__
Candidatus Carsonella	114185	d__Bacteria;p__Pseudomonadota;c__Gammaproteobacteria;o__Oceanospirillales;f__Halomonadaceae;g__
Candidatus Azoamicus	2817383	d__Bacteria;p__Pseudomonadota;c__Gammaproteobacteria;o__;f__Candidatus Azoamicaceae;g__
Methylobacillus	404	d__Bacteria;p__Pseudomonadota;c__Betaproteobacteria;o__Nitrosomonadales;f__Methylophilaceae;g__
Methyloligella	1485594	d__Bacteria;p__Pseudomonadota;c__Alphaproteobacteria;o__Hyphomicrobiales;f__Hyphomicrobiaceae;g__
Sagittula	58842	d__Bacteria;p__Pseudomonadota;c__Alphaproteobacteria;o__Rhodobacterales;f__Roseobacteraceae;g__
Citromicrobium	72173	d__Bacteria;p__Pseudomonadota;c__Alphaproteobacteria;o__Sphingomonadales;f__Sphingomonadaceae;g__
Paraurantiacibacter	2800682	d__Bacteria;p__Pseudomonadota;c__Alphaproteobacteria;o__Sphingomonadales;f__Erythrobacteraceae;g__
Terricaulis	2768684	d__Bacteria;p__Pseudomonadota;c__Alphaproteobacteria;o__Caulobacterales;f__Caulobacteraceae;g__
Neorickettsia	33993	d__Bacteria;p__Pseudomonadota;c__Alphaproteobacteria;o__Rickettsiales;f__Anaplasmataceae;g__
Caldimicrobium	444090	d__Bacteria;p__Thermodesulfobacteriota;c__Thermodesulfobacteria;o__Thermodesulfobacteriales;f__Thermodesulfobacteriaceae;g__
Candidatus Absconditicoccus	2900570	d__Bacteria;p__Candidatus Absconditabacteria;c__;o__Candidatus Absconditabacterales;f__Candidatus Absconditicoccaceae;g__
Candidatus Bipolaricaulis	2250122	d__Bacteria;p__Candidatus Bipolaricaulota;c__Candidatus Bipolaricaulia;o__Candidatus Bipolaricaulales;f__Candidatus Bipolaricaulaceae;g__
Microvenator	2946507	d__Bacteria;p__;c__Deltaproteobacteria;o__Bradymonadales;f__Microvenatoraceae;g__





















Boudabousia	2767318	d__Bacteria;p__Actinomycetota;c__Actinomycetes;o__Actinomycetales;f__Actinomycetaceae;g__
Intrasporangium	53357	d__Bacteria;p__Actinomycetota;c__Actinomycetes;o__Micrococcales;f__Intrasporangiaceae;g__
Quatrionicoccus	138117	d__Bacteria;p__Pseudomonadota;c__Betaproteobacteria;o__Rhodocyclales;f__Azonexaceae;g__
Hydrogenophilus	70774	d__Bacteria;p__Pseudomonadota;c__Hydrogenophilia;o__Hydrogenophilales;f__Hydrogenophilaceae;g__





Demequina	577469	d__Bacteria;p__Actinomycetota;c__Actinomycetes;o__Micrococcales;f__Demequinaceae;g__
Mycoplasmoides	2995234	d__Bacteria;p__Mycoplasmatota;c__;o__Mycoplasmoidales;f__Mycoplasmoidaceae;g__
Ishikawaella	409304	d__Bacteria;p__Pseudomonadota;c__Gammaproteobacteria;o__Enterobacterales;f__Enterobacteriaceae;g__
Cycloclasticus	34067	d__Bacteria;p__Pseudomonadota;c__Gammaproteobacteria;o__Thiotrichales;f__Piscirickettsiaceae;g__
Fluoribacter	461	d__Bacteria;p__Pseudomonadota;c__Gammaproteobacteria;o__Legionellales;f__Legionellaceae;g__
Thermosulfuriphilus	2033601	d__Bacteria;p__Thermodesulfobacteriota;c__Thermodesulfobacteria;o__Thermodesulfobacteriales;f__Thermodesulfobacteriaceae;g__
Bradymonas	1779136	d__Bacteria;p__;c__Deltaproteobacteria;o__Bradymonadales;f__Bradymonadaceae;g__




















Pseudoclavibacter	255204	d__Bacteria;p__Actinomycetota;c__Actinomycetes;o__Micrococcales;f__Microbacteriaceae;g__
Austwickia	1184606	d__Bacteria;p__Actinomycetota;c__Actinomycetes;o__Micrococcales;f__Dermatophilaceae;g__
Dermatophilus	1862	d__Bacteria;p__Actinomycetota;c__Actinomycetes;o__Micrococcales;f__Dermatophilaceae;g__
Auraticoccus	1278221	d__Bacteria;p__Actinomycetota;c__Actinomycetes;o__Propionibacteriales;f__Propionibacteriaceae;g__
Raineyella	1911549	d__Bacteria;p__Actinomycetota;c__Actinomycetes;o__Propionibacteriales;f__Propionibacteriaceae;g__
Micropruina	116071	d__Bacteria;p__Actinomycetota;c__Actinomycetes;o__Propionibacteriales;f__Nocardioidaceae;g__
Musicola	2884243	d__Bacteria;p__Pseudomonadota;c__Gammaproteobacteria;o__Enterobacterales;f__Pectobacteriaceae;g__
Ketobacter	2025617	d__Bacteria;p__Pseudomonadota;c__Gammaproteobacteria;o__Pseudomonadales;f__Ketobacteraceae;g__
Ectothiorhodosinus	233099	d__Bacteria;p__Pseudomonadota;c__Gammaproteobacteria;o__Chromatiales;f__Ectothiorhodospiraceae;g__
Curvibacter	281915	d__Bacteria;p__Pseudomonadota;c__Betaproteobacteria;o__Burkholderiales;f__Comamonadaceae;g__
Crenobacter	1654931	d__Bacteria;p__Pseudomonadota;c__Betaproteobacteria;o__Neisseriales;f__Neisseriaceae;g__
Pacificitalea	2846749	d__Bacteria;p__Pseudomonadota;c__Alphaproteobacteria;o__Rhodobacterales;f__Paracoccaceae;g__
Allosphingosinicella	2823232	d__Bacteria;p__Pseudomonadota;c__Alphaproteobacteria;o__Sphingomonadales;f__Sphingomonadaceae;g__
Tardibacter	2685927	d__Bacteria;p__Pseudomonadota;c__Alphaproteobacteria;o__Sphingomonadales;f__Sphingomonadaceae;g__
Neoasaia	320496	d__Bacteria;p__Pseudomonadota;c__Alphaproteobacteria;o__Rhodospirillales;f__Acetobacteraceae;g__
Candidatus Puniceispirillum	767891	d__Bacteria;p__Pseudomonadota;c__Alphaproteobacteria;o__Candidatus Puniceispirillales;f__Candidatus Puniceispirillaceae;g__
Mariniblastus	2005380	d__Bacteria;p__Planctomycetota;c__Planctomycetia;o__Pirellulales;f__Pirellulaceae;g__
Poriferisphaera	2803301	d__Bacteria;p__Planctomycetota;c__Phycisphaerae;o__Phycisphaerales;f__Phycisphaeraceae;g__
Acidisarcina	2608728	d__Bacteria;p__Acidobacteriota;c__Terriglobia;o__Terriglobales;f__Acidobacteriaceae;g__
Caldisericum	693074	d__Bacteria;p__Caldisericota;c__Caldisericia;o__Caldisericales;f__Caldisericaceae;g__















Allobranchiibius	2040262	d__Bacteria;p__Actinomycetota;c__Actinomycetes;o__Micrococcales;f__Dermacoccaceae;g__
Acidimicrobium	53634	d__Bacteria;p__Actinomycetota;c__Acidimicrobiia;o__Acidimicrobiales;f__Acidimicrobiaceae;g__
Microcoleus	44471	d__Bacteria;p__Cyanobacteriota;c__Cyanophyceae;o__Oscillatoriales;f__Microcoleaceae;g__
Schneideria	1081630	d__Bacteria;p__Pseudomonadota;c__Gammaproteobacteria;o__Enterobacterales;f__Enterobacteriaceae;g__
Wigglesworthia	51228	d__Bacteria;p__Pseudomonadota;c__Gammaproteobacteria;o__Enterobacterales;f__Erwiniaceae;g__
Pistricoccus	1897649	d__Bacteria;p__Pseudomonadota;c__Gammaproteobacteria;o__Oceanospirillales;f__Halomonadaceae;g__
Candidatus Pseudothioglobus	2841677	d__Bacteria;p__Pseudomonadota;c__Gammaproteobacteria;o__;f__;g__
Steffania	1076625	d__Bacteria;p__Pseudomonadota;c__Gammaproteobacteria;o__;f__;g__
Ciceribacter	1648508	d__Bacteria;p__Pseudomonadota;c__Alphaproteobacteria;o__Hyphomicrobiales;f__Rhizobiaceae;g__
Maritalea	623276	d__Bacteria;p__Pseudomonadota;c__Alphaproteobacteria;o__Hyphomicrobiales;f__Devosiaceae;g__
Paradevosia	1573407	d__Bacteria;p__Pseudomonadota;c__Alphaproteobacteria;o__Hyphomicrobiales;f__Devosiaceae;g__
Falsihalocynthiibacter	2854182	d__Bacteria;p__Pseudomonadota;c__Alphaproteobacteria;o__Rhodobacterales;f__Roseobacteraceae;g__

Elioraea	457933	d__Bacteria;p__Pseudomonadota;c__Alphaproteobacteria;o__Rhodospirillales;f__Elioraeaceae;g__
Midichloria	411566	d__Bacteria;p__Pseudomonadota;c__Alphaproteobacteria;o__Rickettsiales;f__Candidatus Midichloriaceae;g__
Fonsibacter	2045213	d__Bacteria;p__Pseudomonadota;c__Alphaproteobacteria;o__Candidatus Pelagibacterales;f__;g__
Candidatus Gromoviella	2900571	d__Bacteria;p__Pseudomonadota;c__Alphaproteobacteria;o__Holosporales;f__Holosporaceae;g__
Parachlamydia	83551	d__Bacteria;p__Chlamydiota;c__Chlamydiia;o__Parachlamydiales;f__Parachlamydiaceae;g__
Simkania	34093	d__Bacteria;p__Chlamydiota;c__Chlamydiia;o__Parachlamydiales;f__Simkaniaceae;g__
Pajaroellobacter	1882917	d__Bacteria;p__Myxococcota;c__;o__Polyangiales;f__Polyangiaceae;g__
Babela	1551504	d__Bacteria;p__;c__Candidatus Babeliae;o__Candidatus Babeliales;f__Candidatus Babeliaceae;g__
















Gryllotalpicola	1195526	d__Bacteria;p__Actinomycetota;c__Actinomycetes;o__Micrococcales;f__Microbacteriaceae;g__
Devriesea	472568	d__Bacteria;p__Actinomycetota;c__Actinomycetes;o__Micrococcales;f__Dermabacteraceae;g__
Mumia	1546255	d__Bacteria;p__Actinomycetota;c__Actinomycetes;o__Propionibacteriales;f__Nocardioidaceae;g__
Hepatoplasma	295595	d__Bacteria;p__Mycoplasmatota;c__Mollicutes;o__Mycoplasmatales;f__Mycoplasmataceae;g__
Candidatus Walczuchella	1940138	d__Bacteria;p__Bacteroidota;c__Flavobacteriia;o__Flavobacteriales;f__;g__
Candidatus Purcelliella	472825	d__Bacteria;p__Pseudomonadota;c__Gammaproteobacteria;o__Enterobacterales;f__Enterobacteriaceae;g__

Moranella	1048757	d__Bacteria;p__Pseudomonadota;c__Gammaproteobacteria;o__Enterobacterales;f__Enterobacteriaceae;g__
Candidatus Fukatsuia	1927833	d__Bacteria;p__Pseudomonadota;c__Gammaproteobacteria;o__Enterobacterales;f__Yersiniaceae;g__
Denitrificimonas	2901261	d__Bacteria;p__Pseudomonadota;c__Gammaproteobacteria;o__Pseudomonadales;f__Pseudomonadaceae;g__
Saccharophagus	316625	d__Bacteria;p__Pseudomonadota;c__Gammaproteobacteria;o__Cellvibrionales;f__Cellvibrionaceae;g__
Thiobacillus	919	d__Bacteria;p__Pseudomonadota;c__Betaproteobacteria;o__Nitrosomonadales;f__Thiobacillaceae;g__
Nasuia	1301080	d__Bacteria;p__Pseudomonadota;c__Betaproteobacteria;o__;f__;g__
Parasaccharibacter	1602345	d__Bacteria;p__Pseudomonadota;c__Alphaproteobacteria;o__Rhodospirillales;f__Acetobacteraceae;g__
Deianiraea	2603321	d__Bacteria;p__Pseudomonadota;c__Alphaproteobacteria;o__Rickettsiales;f__Candidatus Deianiraeaceae;g__





































Candidatus Tachikawaea	1682492	d__Bacteria;p__Pseudomonadota;c__Gammaproteobacteria;o__Enterobacterales;f__Enterobacteriaceae;g__
Candidatus Ruthturnera	1541743	d__Bacteria;p__Pseudomonadota;c__Gammaproteobacteria;o__;f__;g__
Hodgkinia	573657	d__Bacteria;p__Pseudomonadota;c__Alphaproteobacteria;o__Hyphomicrobiales;f__;g__
Pelagerythrobacter	2800685	d__Bacteria;p__Pseudomonadota;c__Alphaproteobacteria;o__Sphingomonadales;f__Erythrobacteraceae;g__
Formicincola	2952773	d__Bacteria;p__Pseudomonadota;c__Alphaproteobacteria;o__Rhodospirillales;f__Acetobacteraceae;g__
Xiphinematobacter	134550	d__Bacteria;p__Verrucomicrobiota;c__Spartobacteria;o__;f__;g__
















Microscilla	1023	d__Bacteria;p__Bacteroidota;c__Cytophagia;o__Cytophagales;f__Microscillaceae;g__
Frederiksenia	1649317	d__Bacteria;p__Pseudomonadota;c__Gammaproteobacteria;o__Pasteurellales;f__Pasteurellaceae;g__
Candidatus Comchoanobacter	2975286	d__Bacteria;p__Pseudomonadota;c__Gammaproteobacteria;o__Candidatus Comchoanobacterales;f__Candidatus Comchoanobacteraceae;g__
Profftella	1381133	d__Bacteria;p__Pseudomonadota;c__Betaproteobacteria;o__;f__;g__
Candidatus Hydrogenosomobacter	2654634	d__Bacteria;p__Pseudomonadota;c__Alphaproteobacteria;o__Holosporales;f__Holosporaceae;g__
Nucleicultrix	1509243	d__Bacteria;p__Pseudomonadota;c__Alphaproteobacteria;o__Holosporales;f__Caedimonadaceae;g__
Candidatus Mycosynbacter	2831665	d__Bacteria;p__Candidatus Saccharibacteria;c__;o__;f__;g__










































Candidatus Doolittlea	1906657	d__Bacteria;p__Pseudomonadota;c__Gammaproteobacteria;o__Enterobacterales;f__Enterobacteriaceae;g__







Izhakiella	1780190	d__Bacteria;p__Pseudomonadota;c__Gammaproteobacteria;o__Enterobacterales;f__Erwiniaceae;g__





Arthrospira	35823	d__Bacteria;p__Cyanobacteriota;c__Cyanophyceae;o__Oscillatoriales;f__Microcoleaceae;g__








Photodesmus	1076727	d__Bacteria;p__Pseudomonadota;c__Gammaproteobacteria;o__Vibrionales;f__Vibrionaceae;g__

















Candidatus Annandia	1302410	d__Bacteria;p__Pseudomonadota;c__Gammaproteobacteria;o__Enterobacterales;f__Enterobacteriaceae;g__











Limimaricola	2211638	d__Bacteria;p__Pseudomonadota;c__Alphaproteobacteria;o__Rhodobacterales;f__Paracoccaceae;g__












Allorhizobium	78526	d__Bacteria;p__Pseudomonadota;c__Alphaproteobacteria;o__Hyphomicrobiales;f__Rhizobiaceae;g__



































Gayadomonas	1234605	d__Bacteria;p__Pseudomonadota;c__Gammaproteobacteria;o__Alteromonadales;f__Alteromonadaceae;g__


















Saccharimonas	1331051	d__Bacteria;p__Candidatus Saccharibacteria;c__Candidatus Saccharimonadia;o__Candidatus Saccharimonadales;f__Candidatus Saccharimonadaceae;g__


































































Sulfobacillus	28033	d__Bacteria;p__Bacillota;c__Clostridia;o__Eubacteriales;f__Clostridiales Family XVII. Incertae Sedis;g__











Chazhemtobacterium	2715734	d__Bacteria;p__;c__;o__;f__Candidatus Chazhemtobacteraceae;g__












































































Regiella	568988	d__Bacteria;p__Pseudomonadota;c__Gammaproteobacteria;o__Enterobacterales;f__Enterobacteriaceae;g__
































Metallibacterium	1218803	d__Bacteria;p__Pseudomonadota;c__Gammaproteobacteria;o__Xanthomonadales;f__Rhodanobacteraceae;g__


































































































































































































































Pseudalkalibacillus	2893058	d__Bacteria;p__Bacillota;c__Bacilli;o__Bacillales;f__Bacillaceae;g__




















Carbonactinospora	2864378	d__Bacteria;p__Actinomycetota;c__Actinomycetes;o__Kitasatosporales;f__Carbonactinosporaceae;g__
























































































Lyngbya	28073	d__Bacteria;p__Cyanobacteriota;c__Cyanophyceae;o__Oscillatoriales;f__Oscillatoriaceae;g__




















Limnothrix	132605	d__Bacteria;p__Cyanobacteriota;c__Cyanophyceae;o__Pseudanabaenales;f__Pseudanabaenaceae;g__





Wenxinia	653686	d__Bacteria;p__Pseudomonadota;c__Alphaproteobacteria;o__Rhodobacterales;f__Roseobacteraceae;g__

























Denitromonas	139331	d__Bacteria;p__Pseudomonadota;c__Betaproteobacteria;o__Rhodocyclales;f__Zoogloeaceae;g__














