"Species","EX_12dgr180(e)","EX_12dhchol(e)","EX_12ppd_S(e)","EX_13ppd(e)","EX_15dap(e)","EX_1hibup_S(e)","EX_1hibupglu_S(e)","EX_1hmdgluc(e)","EX_1ohmdz(e)","EX_26dap_M(e)","EX_2ddglcn(e)","EX_2dmmq8(e)","EX_2fuclac(e)","EX_2hatvacid(e)","EX_2hatvacidgluc(e)","EX_2hatvlac(e)","EX_2hatvlacgluc(e)","EX_2hibup_S(e)","EX_2hibupglu_S(e)","EX_2hyoxplac(e)","EX_2mbut(e)","EX_2obut(e)","EX_2oh_cbz(e)","EX_2oh_cbz_glc(e)","EX_2oh_mtz(e)","EX_2oh_mtz_glc(e)","EX_2omfuc(e)","EX_2omxyl(e)","EX_34dhpha(e)","EX_34dhphe(e)","EX_3ddlhept(e)","EX_3dhcdchol(e)","EX_3dhchol(e)","EX_3fuclac(e)","EX_3hibup_S(e)","EX_3hibupglu_S(e)","EX_3hphac(e)","EX_3meacmp(e)","EX_3mop(e)","EX_3oh_cbz(e)","EX_3oh_cbz_glc(e)","EX_3oh_dlor(e)","EX_3oh_dlor_glc(e)","EX_3oh_mdea(e)","EX_3oh_mdea_glc(e)","EX_3oh_mxn(e)","EX_3oh_mxn_glc(e)","EX_3slac(e)","EX_4abut(e)","EX_4abz(e)","EX_4ahmmp(e)","EX_4dh_tpno(e)","EX_4dh_tpno_1glc(e)","EX_4hbz(e)","EX_4hmdgluc(e)","EX_4hoxpacd(e)","EX_4hphac(e)","EX_4hpro_LT(e)","EX_4mcat(e)","EX_4oh_dcf(e)","EX_4oh_dcf_glc(e)","EX_4oh_kp(e)","EX_4oh_kp_glc(e)","EX_4oh_levole(e)","EX_4oh_levole_glc(e)","EX_4oh_meth(e)","EX_4oh_meth_glc(e)","EX_4oh_propl(e)","EX_4oh_propl_glc(e)","EX_4oh_trz(e)","EX_4oh_trz_glc(e)","EX_4oh_vcz(e)","EX_4oh_vcz_glc(e)","EX_4ohmdz(e)","EX_5aptn(e)","EX_5asa(e)","EX_5fura(e)","EX_5htrp(e)","EX_5mta(e)","EX_5mthf(e)","EX_5oh_sulfp(e)","EX_5oh_sulfp_glc(e)","EX_5ohfvs(e)","EX_5ohfvsglu(e)","EX_6bhglz(e)","EX_6bhglzglc(e)","EX_6ohfvs(e)","EX_6ohfvsglu(e)","EX_6slac(e)","EX_7a_czp(e)","EX_7bhglz(e)","EX_7bhglzglc(e)","EX_7dhcdchol(e)","EX_7ocholate(e)","EX_7oh_efv(e)","EX_7oh_efv_glc(e)","EX_814dioh_efv(e)","EX_814dioh_efv_glc(e)","EX_8oh_efv(e)","EX_8oh_efv_glc(e)","EX_C02528(e)","EX_Cit_Mg(e)","EX_HC02191(e)","EX_HC02192(e)","EX_HC02193(e)","EX_HC02194(e)","EX_Lcyst(e)","EX_Lcystin(e)","EX_Lkynr[e]","EX_M01989(e)","EX_M03134(e)","EX_N_oh_phtn(e)","EX_N_oh_phtn_glc(e)","EX_R_6oh_warf(e)","EX_R_6oh_warf_glc(e)","EX_R_7oh_warf(e)","EX_R_7oh_warf_glc(e)","EX_R_8oh_warf(e)","EX_R_8oh_warf_glc(e)","EX_S_4oh_warf(e)","EX_S_4oh_warf_glc(e)","EX_S_6oh_warf(e)","EX_S_6oh_warf_glc(e)","EX_Ser_Thr(e)","EX_T_antigen(e)","EX_Tn_antigen(e)","EX_Tyr_ggn(e)","EX_abz_ala_b(e)","EX_ac(e)","EX_ac5asa(e)","EX_ac_amn_b_gly(e)","EX_ac_amn_b_gly_glc(e)","EX_acac(e)","EX_acald(e)","EX_acerA(e)","EX_acgal(e)","EX_acgalglcur(e)","EX_acgalidour(e)","EX_acgalidour2s(e)","EX_acgam(e)","EX_acisnzd(e)","EX_acmana(e)","EX_acmp(e)","EX_acmp_glc(e)","EX_acmpglu(e)","EX_acnam(e)","EX_actn_R(e)","EX_adchac(e)","EX_ade(e)","EX_adn(e)","EX_adocbl(e)","EX_ahcys(e)","EX_akg(e)","EX_ala_D(e)","EX_ala_L(e)","EX_alaala(e)","EX_alaasp(e)","EX_alagln(e)","EX_alaglu(e)","EX_alagly(e)","EX_alahis(e)","EX_alaleu(e)","EX_alathr(e)","EX_alchac(e)","EX_algin(e)","EX_all_D(e)","EX_alltn(e)","EX_alpz_4oh(e)","EX_alpz_4oh_glc(e)","EX_alpz_aoh(e)","EX_alpz_aoh_glc(e)","EX_am14(e)","EX_am14_glc(e)","EX_am1ccs(e)","EX_am1cglc(e)","EX_am5(e)","EX_am5_glc(e)","EX_am6(e)","EX_am6_glc(e)","EX_amet(e)","EX_amio(e)","EX_amio_c(e)","EX_amio_c_glc(e)","EX_amio_glc(e)","EX_amn_b_gly(e)","EX_amn_b_gly_glc(e)","EX_amntd_m6(e)","EX_amntd_m6_glc(e)","EX_amylopect900(e)","EX_amylose300(e)","EX_anzp(e)","EX_apio-D(e)","EX_arab_D(e)","EX_arab_L(e)","EX_arabinan101(e)","EX_arabinogal(e)","EX_arabinoxyl(e)","EX_arabttr(e)","EX_arbt(e)","EX_arg_L(e)","EX_arsenb(e)","EX_asn_L(e)","EX_aso3(e)","EX_aso4(e)","EX_asp_L(e)","EX_atvacid(e)","EX_atvacylgluc(e)","EX_atvethgluc(e)","EX_atvlac(e)","EX_atvlacgluc(e)","EX_bglc(e)","EX_bhb(e)","EX_bhpm(e)","EX_bhpm_glc(e)","EX_bilr_355(e)","EX_bilr_M10(e)","EX_bilr_M12(e)","EX_bilr_M14(e)","EX_bilr_M15(e)","EX_bilr_M16(e)","EX_bilr_M7(e)","EX_biomass(e)","EX_brv(e)","EX_bsn(e)","EX_bsn_glc(e)","EX_btd_RR(e)","EX_btn(e)","EX_btoh(e)","EX_but(e)","EX_butam(e)","EX_butso3(e)","EX_bvu(e)","EX_bz(e)","EX_bz_glc(e)","EX_bzam(e)","EX_bzd(e)","EX_ca2(e)","EX_caribup_s(e)","EX_caribupglu_S(e)","EX_cbl1(e)","EX_cbl2(e)","EX_cbz(e)","EX_cbz_glc(e)","EX_cd2(e)","EX_cd6168(e)","EX_cd6168_glc(e)","EX_cellb(e)","EX_cellttr(e)","EX_cgly(e)","EX_ch4s(e)","EX_chlphncl(e)","EX_chlphncl_glc(e)","EX_chol(e)","EX_cholate(e)","EX_chols(e)","EX_chor(e)","EX_chsterol(e)","EX_cinnm(e)","EX_cit(e)","EX_cl(e)","EX_clcxb(e)","EX_clcxb_c(e)","EX_clcxb_c_glc(e)","EX_clcxb_glc(e)","EX_clobi_c(e)","EX_clobi_glc(e)","EX_co2(e)","EX_cobalt2(e)","EX_coprost(e)","EX_core2(e)","EX_core3(e)","EX_core4(e)","EX_core5(e)","EX_core6(e)","EX_core7(e)","EX_core8(e)","EX_crn(e)","EX_cro4(e)","EX_crvsm1(e)","EX_crvsm23(e)","EX_csn(e)","EX_cspg_a(e)","EX_cspg_a_degr(e)","EX_cspg_ab_rest(e)","EX_cspg_b(e)","EX_cspg_b_degr(e)","EX_cspg_c(e)","EX_cspg_c_degr(e)","EX_cspg_c_rest(e)","EX_ctbt(e)","EX_cu2(e)","EX_cvm1gluc(e)","EX_cvm23gluc(e)","EX_cynt(e)","EX_cys_L(e)","EX_cytd(e)","EX_czp(e)","EX_daa(e)","EX_daa_glc(e)","EX_dad_2(e)","EX_dcf(e)","EX_dcf_glc(e)","EX_dchac(e)","EX_dcyt(e)","EX_ddca(e)","EX_ddea(e)","EX_ddea_glc(e)","EX_des_astzl(e)","EX_des_astzl_glc(e)","EX_dextran40(e)","EX_dextrin(e)","EX_dfdcytd(e)","EX_dfduri(e)","EX_dflnh_a(e)","EX_dfuclac(e)","EX_dgchol(e)","EX_dgsn(e)","EX_dh5fura(e)","EX_dhcinnm(e)","EX_dhna(e)","EX_dhnacoa(e)","EX_dhpppn(e)","EX_diact(e)","EX_digitoxin(e)","EX_digoxin(e)","EX_digoxin_glc(e)","EX_dihydro_digitoxin(e)","EX_dihydro_digoxin(e)","EX_din(e)","EX_dlb(e)","EX_dlb_glc(e)","EX_dma(e)","EX_dms(e)","EX_dmso(e)","EX_dnpz_5des(e)","EX_dnpz_6des(e)","EX_dnpz_m11(e)","EX_dnpz_m12(e)","EX_dnpz_m13(e)","EX_dnpz_m14(e)","EX_dnpz_m9(e)","EX_doh_etr(e)","EX_doh_etr_glc(e)","EX_doh_vcz(e)","EX_doh_vcz_glc(e)","EX_dopa(e)","EX_dpcoa(e)","EX_drib(e)","EX_dsT_antigen(e)","EX_dslac(e)","EX_duri(e)","EX_dxo(e)","EX_dxo_glc(e)","EX_efv(e)","EX_efv_glc(e)","EX_eltr(e)","EX_eltr_glc(e)","EX_eltr_m3(e)","EX_eltr_m4(e)","EX_estradiol(e)","EX_estradiolglc(e)","EX_estriol(e)","EX_estriolglc(e)","EX_estrone(e)","EX_estroneglc(e)","EX_etha(e)","EX_ethso3(e)","EX_etoh(e)","EX_eztmb(e)","EX_eztmb_glc(e)","EX_f1a(e)","EX_fald(e)","EX_fcsn(e)","EX_fe2(e)","EX_fe3(e)","EX_fecrm(e)","EX_fol(e)","EX_for(e)","EX_fru(e)","EX_fruur(e)","EX_fuc1p_L(e)","EX_fuc_L(e)","EX_fuclachx(e)","EX_fucneulacnhx(e)","EX_fum(e)","EX_fvs(e)","EX_fvsgluc(e)","EX_fvstet(e)","EX_fvstetglu(e)","EX_g6p(e)","EX_gal(e)","EX_galactan(e)","EX_galam(e)","EX_galct_D(e)","EX_galctn_D(e)","EX_galmannan(e)","EX_galt(e)","EX_galur(e)","EX_gam(e)","EX_gam26s(e)","EX_gbbtn(e)","EX_gcald(e)","EX_gchola(e)","EX_glc3meacp(e)","EX_glc_D(e)","EX_glcmannan(e)","EX_glcn(e)","EX_glcr(e)","EX_glctnb(e)","EX_glcur(e)","EX_gln_L(e)","EX_gltmn(e)","EX_gltmn_glc(e)","EX_glu_L(e)","EX_glutar(e)","EX_gly(e)","EX_glyasn(e)","EX_glyasp(e)","EX_glyb(e)","EX_glyc(e)","EX_glyc3p(e)","EX_glyclt(e)","EX_glycys(e)","EX_glygln(e)","EX_glyglu(e)","EX_glygn2(e)","EX_glygn4(e)","EX_glygn5(e)","EX_glyleu(e)","EX_glymet(e)","EX_glyphe(e)","EX_glypro(e)","EX_glytyr(e)","EX_gmfl(e)","EX_gmfl_glc(e)","EX_gmfl_mI(e)","EX_gmfl_mII(e)","EX_gmfl_mIII(e)","EX_gmfl_mIII_glc(e)","EX_gmfl_mII_glc(e)","EX_gmfl_mI_glc(e)","EX_gncore1(e)","EX_gncore2(e)","EX_gsn(e)","EX_gtacmp(e)","EX_gthox(e)","EX_gthrd(e)","EX_gua(e)","EX_gulur(e)","EX_h(e)","EX_h2(e)","EX_h2o(e)","EX_h2s(e)","EX_ha(e)","EX_ha_deg1(e)","EX_ha_pre1(e)","EX_hdca(e)","EX_hexs(e)","EX_hg2(e)","EX_his_L(e)","EX_hista(e)","EX_homogal(e)","EX_hspg(e)","EX_hspg_degr_1(e)","EX_hspg_degr_10(e)","EX_hspg_degr_11(e)","EX_hspg_degr_12(e)","EX_hspg_degr_13(e)","EX_hspg_degr_14(e)","EX_hspg_degr_15(e)","EX_hspg_degr_2(e)","EX_hspg_degr_3(e)","EX_hspg_degr_4(e)","EX_hspg_degr_5(e)","EX_hspg_degr_6(e)","EX_hspg_degr_7(e)","EX_hspg_degr_8(e)","EX_hspg_degr_9(e)","EX_hspg_rest(e)","EX_hst(e)","EX_hst_37_diglc(e)","EX_hst_3_glc(e)","EX_hst_3_s(e)","EX_hst_3glc_7s(e)","EX_hst_7_glc(e)","EX_hst_7_s(e)","EX_hst_7glc_3s(e)","EX_hxan(e)","EX_ibup_S(e)","EX_ibupgluc(e)","EX_icdchol(e)","EX_ichor(e)","EX_idon_L(e)","EX_idour(e)","EX_ile_L(e)","EX_imn(e)","EX_imn_glc(e)","EX_ind3ac(e)","EX_ind3ppa(e)","EX_indole(e)","EX_inost(e)","EX_ins(e)","EX_inulin(e)","EX_inv(e)","EX_inv_m1(e)","EX_isetac(e)","EX_isnzd(e)","EX_isobut(e)","EX_isocapr(e)","EX_isochol(e)","EX_isomal(e)","EX_isosorbide_5mn(e)","EX_isosorbide_5mn_glc(e)","EX_isoval(e)","EX_k(e)","EX_kdo(e)","EX_kesto(e)","EX_kestopt(e)","EX_kestottr(e)","EX_kprofen(e)","EX_kprofen_glc(e)","EX_lac_D(e)","EX_lac_L(e)","EX_lacdfucttr(e)","EX_lacndfuchx(e)","EX_lacndfucpt_ii(e)","EX_lacnfucpt(e)","EX_lacnfucpt_i(e)","EX_lacnfucpt_ii(e)","EX_lacnfucpt_iii(e)","EX_lacnfucpt_v(e)","EX_lacnhx(e)","EX_lacnnhx(e)","EX_lacnnttr(e)","EX_lacnttr(e)","EX_lactl(e)","EX_lanost(e)","EX_lctnb(e)","EX_lcts(e)","EX_leu_L(e)","EX_levan1000(e)","EX_levanb(e)","EX_levanttr(e)","EX_levantttr(e)","EX_lichn(e)","EX_lmn2(e)","EX_lmn30(e)","EX_lnlc(e)","EX_lntri_i(e)","EX_lntri_ii(e)","EX_lst4exp(e)","EX_lstn(e)","EX_lstn1gluc(e)","EX_lstnm4(e)","EX_lstnm7(e)","EX_lys_L(e)","EX_mal_D(e)","EX_mal_L(e)","EX_malt(e)","EX_malthx(e)","EX_malttr(e)","EX_man(e)","EX_man6p(e)","EX_mannan(e)","EX_mannur(e)","EX_mantr(e)","EX_mdz(e)","EX_mdz_glc(e)","EX_mdzglc(e)","EX_melib(e)","EX_meoh(e)","EX_met_D(e)","EX_met_L(e)","EX_metala(e)","EX_metsox_R_L(e)","EX_metsox_S_L(e)","EX_mg2(e)","EX_miso(e)","EX_miso_glc(e)","EX_mma(e)","EX_mn2(e)","EX_mnl(e)","EX_mobd(e)","EX_mops(e)","EX_mqn7(e)","EX_mqn8(e)","EX_mrphn(e)","EX_mrphn_3glc(e)","EX_mrphn_6glc(e)","EX_mso3(e)","EX_mtym(e)","EX_mtz(e)","EX_mtz_glc(e)","EX_n2(e)","EX_n2o(e)","EX_na1(e)","EX_nac(e)","EX_naclacn(e)","EX_ncam(e)","EX_nchlphncl(e)","EX_neopront(e)","EX_neulacnttr(e)","EX_neulacnttr_b(e)","EX_neulacnttr_c(e)","EX_nh4(e)","EX_ni2(e)","EX_nmn(e)","EX_no(e)","EX_no2(e)","EX_no3(e)","EX_norval_L(e)","EX_nsldp_m5(e)","EX_nsldp_m5_glc(e)","EX_nverp(e)","EX_nverp_glc(e)","EX_nzp(e)","EX_o2(e)","EX_ocdca(e)","EX_ocdcea(e)","EX_odsm_egltmn(e)","EX_odsm_egltmn_glc(e)","EX_odsm_gltmn(e)","EX_odsm_gltmn_glc(e)","EX_oh_etr(e)","EX_oh_etr_glc(e)","EX_oh_pbl(e)","EX_oh_pbl_glc(e)","EX_olsa(e)","EX_orn(e)","EX_orot(e)","EX_oxa(e)","EX_pac(e)","EX_pb(e)","EX_pcresol(e)","EX_peamn(e)","EX_pect(e)","EX_pecticgal(e)","EX_phe_L(e)","EX_pheme(e)","EX_phenol(e)","EX_phppa(e)","EX_phppa_glc(e)","EX_phpyr(e)","EX_phtn_glc(e)","EX_pi(e)","EX_pime(e)","EX_pnto_R(e)","EX_ppa(e)","EX_ppal(e)","EX_ppi(e)","EX_pppn(e)","EX_ppt(e)","EX_pro_L(e)","EX_prob(e)","EX_prob_glc(e)","EX_pront(e)","EX_pront_glc(e)","EX_propl(e)","EX_propl_glc(e)","EX_prx_mI(e)","EX_prx_mII(e)","EX_prx_mII_glc(e)","EX_prx_mI_glc(e)","EX_psics_D(e)","EX_ptrc(e)","EX_ptvst(e)","EX_ptvstgluc(e)","EX_pullulan1200(e)","EX_pvs(e)","EX_pvsgluc(e)","EX_pydam(e)","EX_pydx(e)","EX_pydx5p(e)","EX_pydxn(e)","EX_pyr(e)","EX_q8(e)","EX_r34hpp(e)","EX_r406(e)","EX_r406_glc(e)","EX_r529(e)","EX_r529_glc(e)","EX_r788(e)","EX_raffin(e)","EX_rbflvrd(e)","EX_regfnb(e)","EX_regfnb_glc(e)","EX_rep(e)","EX_rep_glc(e)","EX_rhamnogalurI(e)","EX_rhamnogalurII(e)","EX_rib_D(e)","EX_ribflv(e)","EX_rmn(e)","EX_rpn_104557(e)","EX_rpn_104557_cb_glc(e)","EX_rpn_96990(e)","EX_rpn_96990_glc(e)","EX_rpn_oh(e)","EX_rpn_oh_glc(e)","EX_rsv(e)","EX_rsvgluc(e)","EX_sT_antigen(e)","EX_sTn_antigen(e)","EX_salcn(e)","EX_sanilamide(e)","EX_sb_611855(e)","EX_sb_y(e)","EX_sbt_D(e)","EX_sch_488128(e)","EX_sch_57871(e)","EX_sch_57871_glc(e)","EX_sel(e)","EX_selni(e)","EX_ser_D(e)","EX_ser_L(e)","EX_sfnd_1689(e)","EX_sfnd_1689_glc(e)","EX_sftz(e)","EX_sftz_glc(e)","EX_sheme(e)","EX_simvgluc(e)","EX_smap(e)","EX_smap_glc(e)","EX_smvacid(e)","EX_sn38(e)","EX_sn38g(e)","EX_so3(e)","EX_so4(e)","EX_spmd(e)","EX_spz(e)","EX_spz_glc(e)","EX_spz_sfn(e)","EX_spz_sfn_glc(e)","EX_srtn(e)","EX_srv(e)","EX_ssz(e)","EX_starch1200(e)","EX_stg(e)","EX_stg_m3(e)","EX_stg_m4(e)","EX_strch1(e)","EX_strch2(e)","EX_stys(e)","EX_succ(e)","EX_sucr(e)","EX_sulfac(e)","EX_sulfp(e)","EX_tab(e)","EX_tagat_D(e)","EX_tagur(e)","EX_tat(e)","EX_taur(e)","EX_tchola(e)","EX_tdchola(e)","EX_tdechola(e)","EX_tet(e)","EX_tgz(e)","EX_tgz_glc(e)","EX_thf(e)","EX_thm(e)","EX_thr_L(e)","EX_thsacmp(e)","EX_thymd(e)","EX_tlf_a(e)","EX_tlf_a_1a(e)","EX_tlf_a_1b(e)","EX_tlf_a_1x(e)","EX_tlf_a_2(e)","EX_tlf_a_2a(e)","EX_tlf_a_3(e)","EX_tlf_a_4(e)","EX_tlf_a_m1(e)","EX_tlf_a_m2(e)","EX_tlf_a_m3(e)","EX_tlf_a_m4(e)","EX_tlf_a_m4a(e)","EX_tlf_a_m5(e)","EX_tlf_a_m5a(e)","EX_tlf_a_m5b(e)","EX_tlf_a_m6(e)","EX_tlf_a_m9(e)","EX_tlms(e)","EX_tlms_glc(e)","EX_tma(e)","EX_tmacmp(e)","EX_tmao(e)","EX_tolcp(e)","EX_tolcp_ac(e)","EX_tolcp_ac_glc(e)","EX_tolcp_am(e)","EX_tolcp_am_glc(e)","EX_tolcp_glc(e)","EX_tpno_1glc_4g(e)","EX_tpno_4g(e)","EX_tpno_4glc(e)","EX_tpnoh(e)","EX_tre(e)","EX_trp_L(e)","EX_trypta(e)","EX_tsacmgluc(e)","EX_tsul(e)","EX_ttdca(e)","EX_turan_D(e)","EX_tym(e)","EX_tyr_L(e)","EX_uchol(e)","EX_ura(e)","EX_urea(e)","EX_uri(e)","EX_val_L(e)","EX_xan(e)","EX_xtsn(e)","EX_xyl_D(e)","EX_xylan(e)","EX_xylottr(e)","EX_xyluglc(e)","EX_zn2(e)"
"Alistipes onderdonkii",0,0,0,0,0,0,0,0,0,-0.263629574295902,0,0,0,0,0,0,0,0,0,0,0,-0.132165347140585,0,0,0,0,0,0,0,0,0,0,0,0,0,0,0,0,0,0,0,0,0,0,0,0,0,0,1.73703140782316,0,0,0,0,-0.00125096293381859,0,0,0,0,0,0,0,0,0,0,0,0,0,0,0,0,0,0,0,0,0,0,0,0,0,0,0,0,0,0,0,0,0,0,0,0,0,0,0,0,0,0,0,0,0,0,0,0,0,0,0,0,0,0,0,0,0,0,0,0,0,0,0,0,0,0,0,0,0,0,0,0,0,0,8.71076890560119,0,0,0,0,0,0,0,0,0,0,0,0,0,0,0,0,0,0,0,0,-1,0,0,-1,0,0,0,0,0,0,0,0,0,0,0,0,0,0,0,0,0,0,0,0,0,0,0,0,0,0,0,0,0,0,0,0,0,0,0,0,0,0,0,0,0,0,0,0,0,0,-0.0996649623035834,0,0,0,0,0,0,0,0,0,0,0,0,0,0,0,0,0,0,0,0,0,0.403992,0,0,0,0,0,0,0,0,0,0,0,0,0,0,-0.00125096293381859,0,0,0,0,0,0,0,0,0,0,0,-0.0861881118429437,0,0,0,0,0,0,0,0,0,-0.00500385173527436,-0.00125096293381859,0,0,0,0,0,0,-3.03967964604809,-0.00125096293381859,0,0,0,0,0,0,0,0,0,0,0,0,0,0,0,0,0,0,0,0,0,0,-0.00125096293381859,0,0,0,-3.32135058487004e-05,-1,0,0,0,-0.00752632543920306,0,0,0,0.958454999029072,0,0,0,0,0,0,0,0,0,0,0,0,-0.91800977807807,0,0,0.00125007044437402,0,0,0,0,0,0,0,0,0,0,0,0,0,0,0,0,0,0,0,0,0,0,0,0,0,0,0,0,0,0,-5.16654560674679e-05,0,0,0,0,0,0,0,0,0,0,0,0,0,0,0,0,0,0,0,0,0,0,-4.44965633388146e-06,-0.00250192586763718,0,-0.00375288880145577,9.11871719925844,-1,0,0,0,0,0,-1,0,0,0,0,0,-1,0,0,0,0,0,0,0,-1,0,0,0,0,0,-1,0,0,0,0,0,0,0,0,-1,0,0,0,0,0,-1,-1,0,0,0,0,0,0,0,0,0,0,0,0,0,0,0,0,0,0,0,0,0,0,-0.0301816679253761,0,-0.000625481466909294,0,-9.75501585206984e-06,0,23.8914461549715,0,1.13764983586043,0,0,0,0,-4.64989087962664e-05,0,0,0,0,0,0,0,0,0,0,0,0,0,0,0,0,0,0,0,0,0,0,0,0,0,0,0,0,0,0,0,0,0,0,0,0,0,0,0,0,0,0,0.980901707797031,0,-3.57683904862183e-05,0,0,0,0,0,0,0,0,0,0,0,0,-0.00125096293381859,0,0,0,0,0,0,0,0,0,0,0,0,0,0,0,0,0,0,0,0,0,0,0,0,-0.186068465131782,0,0,0,0,0,0,0,0,0,0,0,0,0,0,0,0,0,0,0,0,0,-1,0,0,0,0,0,0,0,0,0,0,-3.87490878415234e-05,0,0,0,-0.00125096293381859,0,0,0,-0.00125096293381859,-1,0,0,-0.00125790136359544,-0.00250192586763718,0,0,0,0,0,0,0,0,0,0,-0.00250192586754501,0,0,0,0,0,0,0,1.06296005004826,0,0,0,0,0,0,0,0,0,0,0,0,-0.0344137014546755,0,0,0,0,0,0,0,0,0,0,0,0,0,0,0,0,0,0,0,0.888769736146703,-0.00125096293381859,0,0,0,0,0,-1,0,0,0,0,0,0,0,0,0,0,0,0,0,0,0,0,0,0,0,-2.58327269044012e-05,0,0,0,0,0,0,-0.00125096293381859,0,0,0,0,0,0,0,0,0,0,0,0,0,0,0,0,0,0,0,-0.00250192586763718,0,0,0,0,0,0,0,0,0,0,0,0,0,0,0,0,0,0,0,0,0,0,-1,0,0,0,0,-0.00125096293381859,0,0,0,0,0,0,0,-0.00125096293381859,-0.00125096293381859,0,0,0,0,0,0,0,0,0,0,0,0,0,0,6.21957159647673,0,0,0,0,0,0,0,0,0,0,0,0,0,0,0,-0.00125096293379556,0,0,0.0130366710556965,0,0,0,0,0,0,0,0,0,0,0,0,0,0,0,0,0,0,0,0,0,0,0,0,0,0,0,0,0,0,0,0,0,0,-1,0,0,0,-0.111228511326597,0,0,-1,0,0,0,-0.0654524935952674,0,0,0,0,0,0,0,-0.00125096293381859
"Anaerococcus hydrogenalis",-0.0270576281431619,0,0,0,0,0,0,0,0,-0.467872333675362,0,0,0,0,0,0,0,0,0,0,0,0,0,0,0,0,0,0,0,0,0,0,0,0,0,0,0,0,-0.0541152562863237,0,0,0,0,0,0,0,0,0,0,0,0,0,0,-0.00196706517145207,0,0,0,0,0,0,0,0,0,0,0,0,0,0,0,0,0,0,0,0,0,0,0,0,0,0,0,0,0,0,0,0,0,0,0,0,0,0,0,0,0,0,0,0,0,0,0,0,0,0,0,0,0,0,0,0,0,0,0,0,0,0,0,0,0,0,0,0,0,0,0,0,0,0,-1,0,0,0,0,-1,0,0,0,0,0,-1,0,0,0,0,0,0,0,0,0,-0.236366347404361,0,0,0,0,-1,0,0,0,0,0,0,0,0,0,0,0,0,0,0,0,0,0,0,0,0,0,0,0,0,0,0,0,0,0,0,0,0,0,0,0,0,0,0,0,0,0,0,0,0,-0.33990189122013,0,0,0,0,0,0,0,0,0,0,0,0,0,0,0,0,0,0,0,0,0,1.270549,0,0,0,0,0,0,10.7077506205634,0,0,0,0,0,0,0,-0.00692818090260365,0,0,0,0,0,0,0,0,0,0,0,-0.120753517693323,0,0,0,-1,0,0,-1,0,0,0,-0.00692818090260365,0,0,0,0,0,0,-8.46416501028045,-0.00692818090260364,0,0,0,0,0,0,0,0,0,0,0,0,0,0,0,0,0,0,0,0,0,0,-0.00692818090260364,0,0,0,0,0,0,0,0,0,0,0,0,0,0,0,0,0,0,0,0,0,0,0,0,0,0,0,0,0,0,0,0,0,0,0,0,0,0,0,0,0,0,0,0,0,0,0,0,0,0,0,0,0,0,0,0,-1,0,0,0,0,0,0,0,0,0,0,0,0,0,0,0,0,0,0,0,-1,0,0,0,0,0,-0.00692818090260364,-0.00692818090260364,0,-0.00590119551435619,0.709051199007603,-1,0,0,0,0,0,-1,0,0,0,0,0,0,0,0,0,0,0,0,0,-1,0,0,0,0,0,-1,0,0,0,0,0,0,0,0,-1,0,-0.613277780106641,0,0,0,-1,0,0,0,0,0,0,0,0,0,0,0,0,0,0,0,0,0,0,0,0,0,0,0,0,0,0,0,0,0,-1,0,-10,0,0,0,0,0,0,0,-0.109196130406457,0,0,0,0,0,0,0,0,0,0,0,0,0,0,0,0,0,0,0,0,0,0,0,0,0,0,0,-0.232382284455116,0,0,0,0,0,0,-0.333100036170771,0,0,0,0,0.934930562965284,0,0,0,0,0,0,0,0,0,0,0,0,0,0,-0.00692818090260364,0,0,0,0,0,0,0,-1,0,0,0,0,0,0,0,0,0,0,0,0,0,0,0,-1,-0.571254428282461,0,0,0,0,0,0,0,0,0,0,0,0,0,0,0,0,0,0,-1,0,0,-1,0,0,0,0,0,0,0,0,0,0,-0.000170956856042181,0,0,-0.182988264101229,-0.00692818090260364,0,0,0,-0.00692818090260364,-1,0,0,-0.00393413034290413,0,0,0,0,0,0,0,0,0,0,-4.44089209850063e-16,0.986134953994053,0,0,0,0,0,0,0,4.34791533637349,0,-1,0,0,-1,0,0,0,0,0,0,0,0,0,0,0,0,0,0,0,0,0,0,-0.255958473177306,0,0,0,0,0,0,0,0,0.786961263691863,-0.00196706517145206,0,0,0,0,0,-0.588984461868227,0,-0.0138563618052075,0,0,0,0,0,-5.69856195218321e-05,0,0,0,0,0,0,0,0,0,0,0,-5.69856195218321e-05,0,0,0,0,0,0,0,0,0,0,0,0,0,0,0,0,0,0,0,0,0,0,0,0,0,-1,-0.0138563618052073,0,0,0,0,0,0,0,0,0,0,0,0,0,0,0,0,0,0,0,0,0,0,-1,0,0,0,0,-0.00196706517145206,0,0,0,0,0,0,0,-0.00692818090260364,-0.00196706517145206,0,0,0,0,0,0,0,0,0,0,0,0,0,0,-1,-1,0,0,0,0,0,0,0,0,0,0,0,0,0,0,-0.00196706517145207,-1,0,0,0,0,0,0,0,0,0,0,0,0,0,0,0,0,0,0,0,0,0,0,0.999943014383843,0,0,0,0,0,0,0,0,0,0,0,0,-1,-1,0,0,0,0,0,0,-0.161944275128071,0,-0.32032719921908,0,0,-0.485248372484804,-0.232382284455116,0,-1,0,0,0,-0.00692818090260365
"Anaerostipes hadrus",-0.000935746030837712,0,0,0,0,0,0,0,0,-1,0,0,0,0,0,0,0,0,0,0,0,0,0,0,0,0,0,0,0,0,0,0,0,0,0,0,0,0,0,0,0,0,0,0,0,0,0,0,0,0,0,0,0,0,0,0,0,0,0,0,0,0,0,0,0,0,0,0,0,0,0,0,0,0,0,0,0,0,0,0,0,0,0,0,0,0,0,0,0,0,0,0,0,0,0,0,0,0,0,0,0,0,0,0,0,0,0,0,0,0,0,0,0,0,0,0,0,0,0,0,0,0,0,0,0,0,0,0,-1,0,0,0,0,-1,0,0,0,0,0,-1,0,0,0,0,0,0,0,0,0,0,0,0,0,-1,-1,0,0,0,0,0,0,0,0,0,0,0,0,0,0,0,0,0,0,0,0,0,0,0,0,0,0,0,0,0,0,0,0,0,0,0,0,0,0,-1,0,0,0,0,0,-0.280681843363943,0,0,0,0,0,0,0,0,0,0,0,0,0,0,0,0,0,0,0,0,0,1.165719,0,0,0,0,-5.1972653452026e-06,0,11.962079496366,0,0,0,0,0,0,0,-0.00423692261770278,0,0,0,0,0,0,0,0,0,-1,0,-0.0989954901818599,0,0,0,0,0,0,0,0,0,0,-0.00423692261770278,0,0,0,0,0,0,14.3053663542763,-0.00423692261770278,0,0,0,0,0,0,0,0,0,0,0,0,-1,0,0,0,0,0,0,0,0,0,-0.00423692261770278,0,0,0,0,0,0,0,0,0,0,0,0,0,0,0,0,0,0,0,0,0,0,0,0,0,0,0,0,0,0,0,0,0,0,0,0,0,0,0,0,0,0,0,0,0,0,0,0,0,0,0,0,0,0,0,0,-1,0,0,0,0,0,0,0,0,0,0,0,0,0,0,0,0,0,0,0,-1,0,0,0,0,0,-0.00423712121617127,-0.00423692261770278,0,-0.0127107678531084,-0.132340415879189,-1,0,0,0,0,0,-1,0,0,0,0,0,0.817188855138255,0,0,0,0,0,0,0,-1,0,0,0,0,0,-1,0,0,0,0,0,-6.9297055635964e-06,0,0,-0.836975886747155,0,0.244325416734321,0,0,0,-1,-1,0,0,0,0,0,0,0,0,0,0,0,0,0,0,0,0,0,0,0,0,0,0,0,0,0,0,0,0,8.9763041310493,0,10.5896721895876,0,0,0,0,0,0,0,0,0,0,0,0,0,0,0,0,0,0,0,0,0,0,0,0,0,0,0,0,0,0,0,0,0,0,0,-0.326470287630585,0,0,0,0,0,0,-0.384614816445007,0,0,0,0,0.944026879571036,0,0,0,0,0,0,0,0,0,0,0,0,0,0,-0.00423692261770278,0,0,0,0,0,0,0,-1,0,0,0,0,0,0,0,0,0,0,0,0,0,0,0,0,-0.533022502335007,0,0,0,0,0,0,0,0,0,0,0,0,0,0,0,-0.337697164233291,0,0,-1,0,0,-1,0,0,0,0,0,0,0,-1,0,0,-0.151383106306906,0,0,0,-0.00423692261770278,0,0,0,-0.00423692261770278,-1,0,0,-0.00847384523540556,0,0,0,0,0,0,0,0,0,0,-10,-0.00847384523541095,0,0,0,0,0,0,0,5.96794591044329,0,0,0,0,-1,0,0,0,0,0,0,0,-0.0971660059738703,0,0,0,0,0,0,0,0,0,0,0.280680665869317,0,0,0,0,0,0,0,0,-0.182936297363148,-0.00423692261770278,0,0,0,0,0,-0.215400203823634,0,-0.00847423557237015,0,0,0,0,0,-0.211881102457948,0,0,0,0,0,0,0,0,0,0,0,-1.03945425637408e-05,0,0,0,0,0,0,0,0,0,0,0,0,0,0,0,0,0,0,0,0,0,0,0,0,0,-1,-0.00847384523540557,0,0,0,0,0,0,0,0,0,0,0,0,0,0,0,0,0,0,0,0,0,0,-1,0,0,0,0,-0.00423692261770278,0,0,0,0,0,0,0,-0.00423911060174285,-0.00423692261770278,0,0,0,0,0,0,0,0,0,0,0,0,0,0,-1,-1,0,0,0,0,0,0,0,0,0,0,0,0,0,0,-0.00423692261770278,0,0,0,0,0,0,0,0,0,0,0,0,0,0,0,0,0,0,0,0,0,0,0,0,0,0,0,0,0,0,0,0,0,0,0,0,0,-1,0,0,0,0,0,0,-0.139431966175277,0,0.77498495243168,0,0,-0.404836834065108,-4.15782240707208e-05,0,0,0,0,0,-0.00423692261770278
"Bacteroides caccae",0,0,0,0,0,0,0,0,0,-1,0,0,0,0,0,0,0,0,0,0,0,0,0,0,0,0,0,0,0,0,0,0,0,0,0,0,0,0,0,0,0,0,0,0,0,0,0,0,0,-0.0110882158411833,0,0,0,0,0,0,0,0,0,0,0,0,0,0,0,0,0,0,0,0,0,0,0,0,0,0,0,0,0,0,0,0,0,0,0,0,0,0,0,0,0,0,0,0,0,0,0,0,0,0,0,0,0,0,0,0,0,0,0,0,0,0,0,0,0,0,0,0,0,0,0,0,0,0,0,0,0,0,-1,0,0,0,0,0,0,0,0,0,0,-1,0,0,0,0,0,-1,0,0,0,-1,0,0,0,0,-1,0,0,0,0,0,0,0,0,0,0,0,0,0,0,0,0,0,0,0,0,0,0,0,0,0,0,0,0,0,0,0,0,0,0,0,0,0,0,-1,0,0,0,0,0,-0.274417958135679,0,-1,0,0,-1,0,0,0,0,0,0,0,0,0,0,0,0,0,0,0,0,1.091059,0,0,0,0,-1,0,0,0,0,0,0,0,0,0,-0.00511619452537062,0,0,0,0,0,0,0,0,0,-1,0,-1,0,0,0,0,0,0,0,0,0,-0.020464778101483,-0.00511619452537075,0,0,0,0,0,0,-10,-0.00511619452536875,0,0,0,0,0,0,0,0,0,0,0,0,0,0,0,0,0,0,0,0,0,0,-0.00511619452536875,0,0,0,-1,-1,0,0,0,-1,0,0,0,-1,0,0,0,0,0,0,0,0,0,0,0,0,-1,0,0,0,0,0,0,0,0,0,0,0,0,0,0,0,0,0,0,0,0,0,0,0,0,0,0,0,0,0,0,0,0,0,-1,0,0,0,0,0,0,0,0,0,0,0,0,0,0,0,0,0,0,0,0,0,0,-0.0102323890507479,-0.010232389050748,0,-0.011088215841182,-1,-1,0,0,-1,0,0,-1,0,0,0,0,0,-1,0,0,0,0,0,0,0,-1,0,0,0,0,0,-1,0,0,0,0,0,-1,0,0,-1,0,0,0,0,0,0,0,0,0,0,0,0,0,0,0,0,0,0,0,0,0,0,0,0,0,0,0,0,0,-1,0,-1,0,0,0,-1,-1,-10,-1,0,0,0,0,0,0,-0.0893992039196084,0,0,0,0,0,0,0,0,0,0,0,0,0,0,0,0,0,0,0,0,0,0,0,0,0,0,0,0,0,0,0,0,0,0,-0.350882874146547,0,0,0,0,0,0,-1,0,0,0,0,0,0,0,0,0,0,0,0,-0.00511619452537196,0,0,0,0,0,0,0,-1,0,0,0,0,0,0,0,0,0,0,0,0,0,0,0,-1,-1,0,0,0,0,0,0,0,0,0,0,0,0,0,0,0,-0.327143172926625,0,0,-1,0,0,-1,0,0,0,0,0,0,0,-1,0,0,-1,0,0,-1,-0.00511619452536566,0,0,0,-0.00511619452536566,0,0,0,0,-0.00739214389410932,0,0,0,0,0,0,0,0,0,0,-0.0102323890507304,0,0,0,0,0,0,0,-10,0,0,0,-1,0,0,0,0,0,0,0,0,-0.0744521301075028,0,0,0,0,0,0,0,0,0,0,0,0,0,0,0,0,0,0,0,-0.177264378686575,-1,0,0,0,0,0,-1,-1,-0.0102324308954011,0,0,0,0,0,-1,0,0,0,0,0,0,0,0,0,0,0,-0.00739214389410751,0,0,0,0,0,-1.2950928862665e-07,-1.29507077062385e-07,-0.00511619452536441,-1.29506133816903e-07,0,0,0,0,0,0,0,0,0,0,0,0,0,0,0,0,-1,-0.0102325172328209,-1,0,0,0,0,0,0,0,0,0,0,0,0,0,0,0,0,0,0,0,0,0,-1,0,0,0,0,-0.0036960719470546,0,0,0,0,0,0,0,-1,-0.00369607194705832,0,0,0,0,0,0,0,0,0,0,0,-0.1,0,0,-1,-1,0,0,0,0,0,0,0,0,0,0,0,0,0,0,-0.00369607194705832,-1,0,-0.0456706445955585,0,0,0,0,0,0,0,0,0,0,0,0,0,0,0,0,0,0,0,0,0,0,0,0,0,0,0,0,0,0,0,0,0,-1,-0.0542736459246868,0,0,0,-0.379261597066022,0,0,-1,0,-1,-1,-1,-1,-1,0,-1,0,0,0,-0.00511619452537074
"Bacteroides cellulosilyticus",-0.039613450312983,0,0,0,0,0,0,0,0,-1,0,0,0,0,0,0,0,0,0,0,0,0,0,0,0,0,0,0,0,0,0,0,0,0,0,0,0,0,0,0,0,0,0,0,0,0,0,0,0,-0.0108708080913866,0,0,0,0,0,0,0,0,0,0,0,0,0,0,0,0,0,0,0,0,0,0,0,0,0,0,0,0,0,0,0,0,0,0,0,0,0,0,0,0,0,0,0,0,0,0,0,0,0,0,0,0,0,0,0,0,0,0,0,0,0,0,0,0,0,0,0,0,0,0,0,0,0,0,0,0,0,0,-1,0,0,0,0,0,0,0,0,0,0,-1,0,0,0,0,0,0,0,0,-1,-1,0,0,0,0,-1,0,0,0,0,0,0,0,0,0,0,0,0,0,0,0,0,0,0,0,0,0,0,0,0,0,0,0,0,0,0,0,0,0,0,0,0,0,0,-1,0,0,0,0,0,-1,0,-1,0,0,-1,0,0,0,0,0,0,0,0,0,0,0,0,0,0,0,0,1.093158,0,0,0,0,-1,0,0,0,0,0,0,0,0,0,-0.00469074429026988,0,0,0,0,0,0,0,0,0,-1,0,-1,0,0,0,0,0,0,0,0,0,-0.00469074429026728,-0.00469074429027281,0,0,0,0,0,0,-10,-0.00469074429026598,0,0,0,0,0,0,0,0,0,0,0,0,0,0,0,0,0,0,0,0,0,0,-0.00469074429026925,0,0,0,-1,-1,0,0,0,-1,0,0,0,-1,0,0,0,0,0,0,0,0,0,0,0,0,-1,0,0,0,0,0,0,0,0,0,0,0,0,0,0,0,0,0,0,0,0,0,0,0,0,0,0,0,0,0,0,0,0,0,-1,0,0,0,0,0,0,0,0,0,0,0,0,0,0,0,0,0,0,0,0,0,0,-0.00938148858053546,-0.00938148858059617,0,-0.0108708080913944,-1,-1,0,0,-1,0,0,-1,0,0,0,0,0,-1,0,0,0,0,0,0,0,-1,0,0,0,0,0,-1,0,0,0,0,0,-1,0,0,-1,0,-1,0,0,0,-1,0,0,0,0,0,0,0,0,0,0,0,0,0,0,0,0,0,0,0,0,0,0,0,-1,0,-0.00181180134857773,0,-1,0,-1,-1,-10,-1,0,0,0,0,0,0,-1,0,0,0,0,0,0,0,0,0,0,0,0,0,0,0,0,0,0,0,0,0,0,0,0,0,0,0,-1,0,0,0,0,0,0,-0.353030378226349,0,0,0,0,-1,0,-1,0,0,0,0,0,0,0,0,0,0,0,0,-0.00469074429026414,0,0,0,0,0,0,0,-1,0,0,0,0,0,0,0,0,0,0,0,0,0,0,0,-1,-1,0,0,0,0,0,0,0,0,0,0,0,0,0,0,0,-0.323837354590734,0,0,-1,0,0,-1,0,0,0,0,0,0,0,0,-0.00181250620198625,0,-1,0,0,-1,-0.00469074429026635,0,0,0,-0.00469074429026949,0,0,0,-1,-0.00362360269713062,0,0,0,0,0,0,0,0,0,0,-0.00938148858048071,0,0,0,0,0,0,0,-10,0,0,0,-1,-1,0,0,0,0,0,0,0,0,0,0,0,0,0,0,0,0,0,0,-1,-1,0,0,0,0,0,0,0,-0.175430119716065,-1,0,0,0,0,0,-1,-1,-0.00938148858053629,0,0,0,0,0,-0.202584183610586,0,0,0,0,0,0,0,0,0,0,0,-0.00362360269712852,0,0,0,0,0,-7.06128738102052e-07,-7.06128163983521e-07,-0.00469074429026789,-7.0612805438941e-07,0,0,0,0,0,0,0,0,0,0,0,0,0,0,0,0,-1,-0.00938148858053226,-1,0,0,0,0,0,0,0,0,0,0,0,0,0,0,0,0,0,0,0,0,0,-1,0,0,0,0,-0.00362360269712875,0,0,0,0,0,0,0,-0.00469074429026712,-0.00362360269712208,0,0,0,0,0,0,0,0,0,0,0,0,0,0,-1,-1,0,0,0,0,0,0,0,0,0,0,0,0,0,0,-0.00362360269712891,-1,0,-0.0460460337904113,0,0,0,0,0,0,0,0,0,0,0,0,0,0,0,0,0,0,0,0,0,0,0,0,0,0,0,0,0,0,0,0,0,0,-1,0,0,0,-0.383502580366053,0,0,-1,0,-1,-1,-1,-1,-1,0,-1,0,0,0,-0.00469074429027144
"Bacteroides eggerthii",0,0,0.999984920673796,0,0,0,0,0,0,0,0,0,0,0,0,0,0,0,0,0,0,0,0,0,0,0,0,0,0,0,0,0,0,0,0,0,0,0,0,0,0,0,0,0,0,0,0,0,0,0,0,0,0,0,0,0,0,0,0,0,0,0,0,0,0,0,0,0,0,0,0,0,0,0,0,0,0,0,0,0,0,0,0,0,0,0,0,0,0,0,0,0,0,0,0,0,0,0,0,0,0,0,0,0,0,0,0,0,0,0,0,0,0,0,0,0,0,0,0,0,0,0,0,0,0,0,0,0,15.4340749473039,0,0,0,0,0,0,0,0,0,0,0,0,0,0,0,0,0,0,0,0,-1,0,0,0,0,0,0,0,0,0,0,0,0,0,0,0,0,0,0,0,0,0,0,0,0,0,0,0,0,0,0,0,0,0,0,0,0,0,0,0,0,0,0,0,-1,0,0,0,0,0,0,0,0,0,0,0,0,0,0,0,0,0,0,0,0,0,0,0,0,0,0,0,0.726636,0,0,0,0,0,0,0,0,0,0,0,0,0,0,-0.00567459387325266,0,0,0,0,0,0,0,0,0,-1,0,0,0,0,0,0,0,0,0,0,0,-0.0113491877465053,-0.00567459387325266,0,0,0,0,0,0,17.2198123932928,-0.00567459387325266,0,0,0,0,0,0,0,0,0,0,0,0,0,0,0,0,0,0,0,0,0,0,-0.00567459387325266,0,0,0,-0.0760052897315517,-1,0,0,0,0,0,0,0,-3.61903856101742e-05,0,0,0,0,0,0,0,0,0,0,0,0,-0.772549165041259,0,0,0,0,0,0,0,0,0,0,0,0,0,0,0,0,0,0,0,0,0,0,0,0,0,0,0,0,0,0,0,0,0,-2.58502754546253e-05,0,0,0,0,0,0,0,0,0,0,0,0,0,0,0,0,0,0,0,0,0,0,-0.00567459387325266,-0.00567459387325266,0,0,-0.197016601100092,0,0,0,0,0,0,-1,0,0,0,0,0,-1,0,0,0,0,0,0,0,-1,0,0,0,0,0,-1,0,0,0,0,0,0,0,0,0,0,0,0,0,0,0,-1,0,0,0,0,0,0,0,0,0,0,0,0,0,0,0,0,0,0,0,0,0,0,-0.10488326067442,0,0,0,0,0,20.3896413726461,15.5684405963479,1.12944070035062,0,0,0,0,0,0,0,0,0,0,0,0,0,0,0,0,0,0,0,0,0,0,0,0,0,0,0,0,0,0,0,0,0,0,0,0,0,0,0,0,0,0,0,0,0,0,0,0.959898319155172,0,-1.90475723060024e-05,0,0,0,0,0,0,0,0,0,0,0,0,-0.00567459387325276,0,0,0,0,0,0,0,0,0,0,0,0,0,0,0,0,0,0,0,0,0,0,0,-1,-1,0,0,0,0,0,0,0,0,0,0,0,0,0,0,0,-0.242369552900794,0,-1,-1,0,0,-1,0,0,0,0,0,0,0,0,0,0,-0.114192776803102,0,0,0,-0.00567459387325276,0,0,0,-0.00567459387325276,0,0,0,0,0,0,0,0,0,0,0,0,0,0,0,-0.0113491877465002,0,0,0,0,0,0,0,-1.40573860568138,0,0,0,0,0,0,0,0,0,0,0,0,0,0,0,0,0,0,0,0,0,0,0,0,0,0,0,0,0,0,0,0,0,0,0,0,0,0,0,-4.52379795419233e-05,-2.36538443232348e-06,0,9.29446306905368,0,0.0219767282160497,0,0,0,0,0,0,0,0,0,0,0,0,0,0,0,0,0,0,0,0,0,0,0,0,0,0,0,0,0,0,0,0,0,0,0,0,0,0,0,0,0,0,-1,0,0,0,0,0,0,0,0,0,0,0,0,0,0,0,0,0,0,0,0,0,0,0,0,0,0,0,0,0,0,0,0,0,0,-0.00567459387325275,0,0,0,0,0,0,0,0,0,0,0,0,-0.1,0,0,-1,0,0,0,0,0,0,0,0,0,0,0,0,0,0,0,0,0,0,-0.0267307712263873,0,0,0,0,0,0,0,0,0,0,0,0,0,0,0,0,0,0,0,0,0,0,0,0,0,0,0,0,0,0,0,0,0,0,-1,0,0,0,0,0,0,0,0,0,0,0.795073015544678,-1,0,0,-1,0,0,0,-0.00567459387325275
"Bacteroides faecis",0,0,0,0,0,0,0,0,0,-1,0,-1,0,0,0,0,0,0,0,0,0,0,0,0,0,0,0,0,0,0,0,0,0,0,0,0,0,0,0,0,0,0,0,0,0,0,0,0,0,-0.0102180218648843,0,0,0,0,0,0,0,0,0,0,0,0,0,0,0,0,0,0,0,0,0,0,0,0,0,0,0,0,0,0,0,0,0,0,0,0,0,0,0,0,0,0,0,0,0,0,0,0,0,0,0,0,0,0,0,0,0,0,0,0,0,0,0,0,0,0,0,0,0,0,0,0,0,0,0,0,0,0,-1,0,0,0,0,0,0,0,0,0,0,0,0,0,0,0,0,0,0,0,-1,-1,0,0,0,0,-1,0,0,0,0,0,0,0,0,0,0,0,0,0,0,0,0,0,0,0,0,0,0,0,0,0,0,0,0,0,0,0,0,0,0,0,0,0,0,-1,0,0,0,0,0,-1,0,-1,0,0,-1,0,0,0,0,0,0,0,0,0,0,0,0,0,0,0,0,1.099953,0,0,0,0,-1,0,0,0,0,0,0,0,0,0,-0.00340600728829462,0,0,0,0,0,0,0,0,0,-1,0,-1,0,0,0,0,0,0,0,0,0,-1,-0.00340600728829462,0,0,0,0,0,0,4.82887921930458,-0.00340600728829457,0,0,0,0,0,0,0,0,0,0,0,0,0,0,0,0,0,0,0,0,0,0,-0.00340600728829457,0,0,0,-1,-1,0,0,0,-1,0,0,0,-1,0,0,0,0,0,0,0,0,0,0,0,0,-1,0,0,0,0,0,0,0,0,0,0,0,0,0,0,0,0,0,0,0,0,0,0,0,0,0,0,0,0,0,0,0,0,0,-1,0,0,0,0,0,0,0,0,0,0,0,0,0,0,0,0,0,0,0,0,0,0,-0.00681201457658936,-0.00681201457658941,0,-0.0102180218648841,-1,0,0,0,0,0,0,-1,0,0,0,0,0,-1,0,0,0,0,0,-8.2906182896636e-07,0,0,0,0,0,0,0,-1,0,0,0,0,0,-1,0,0,-1,0,-1,0,0,0,-1,0,0,0,0,0,0,0,0,0,0,0,0,0,0,0,0,0,0,0,0,0,0,0,-0.754799331470942,0,-0.00170300364414728,-0.00340600728829459,-1,0,-1,-1,-10,0,0,0,0,0,0,0,-1,0,0,0,0,0,0,0,0,0,0,0,0,0,0,0,0,0,0,0,0,0,0,0,0,0,0,0,-1,0,0,0,0,0,0,-0.359667329938886,0,0,0,0,-1,0,-1,0,0,0,0,0,0,0,0,0,0,0,0,-0.00340600728829421,0,0,0,0,0,0,0,-1,0,0,0,0,0,0,0,0,0,0,0,0,0,0,0,-1,-1,0,0,0,0,0,0,0,0,0,0,0,0,0,0,0,-0.313970844621572,0,0,-1,0,0,-1,0,0,0,0,0,0,0,0,-0.00170300364414716,0,-1,0,0,0,-0.00340600728829458,0,0,0,-0.00340600728829458,0,0,0,0,-0.00340600728829439,0,0,0,0,0,0,0,0,0,0,-0.00681201457658892,0,-1,0,0,0,0,0,1.49591422085285,0,0,0,-1,0,0,0,0,0,0,0,0,-0.0936984740339436,0,0,0,0,0,0,0,0,0,0,-0.274764637361717,-1,0,0,0,0,0,0,0,-0.169964878471592,-0.00340600728829462,0,0,0,0,0,-1,-0.74276139081471,-0.00681228528366751,0,0,0,0,0,-1,0,0,0,0,0,0,0,0,0,0,0,-0.00340600728829479,0,0,0,0,0,-8.29063196761125e-07,-8.29063367291383e-07,-0.00340600728829479,-8.29063097285143e-07,0,-0.00340600728829479,0,0,0,0,0,0,0,0,0,0,0,0,0,0,0,-0.00681283799287178,-1,0,0,0,0,0,0,0,0,0,0,0,0,0,0,0,0,0,0,0,0,0,-1,0,0,0,0,-0.00340600728829479,0,0,0,0,0,0,0,-0.00340600728829479,-0.00340600728829479,0,0,0,0,0,0,0,0,0,0,0,0,0,0,-1,-1,0,0,0,0,0,0,0,0,0,0,0,0,0,0,-0.00340600728829474,-1,0,-0.0478336957681489,0,0,0,0,0,0,0,0,0,0,0,0,0,0,0,0,0,0,0,0,0,0,0,0,0,0,0,0,0,0,0,0,0,0,-1,0,0,0,-0.302781735153046,0,0,-1,0,-1,-1,-1,-1,-1,0,-1,0,0,0,-0.00340600728829476
"Bacteroides finegoldii",-0.0324674569784353,0,0,0,0,0,0,0,0,-1,0,0,0,0,0,0,0,0,0,0,0,0,0,0,0,0,0,0,0,0,0,0,0,0,0,0,0,0,0,0,0,0,0,0,0,0,0,0,0,0,0,0,0,0,0,0,0,0,0,0,0,0,0,0,0,0,0,0,0,0,0,0,0,0,0,0,0,0,0,0,0,0,0,0,0,0,0,0,0,0,0,0,0,0,0,0,0,0,0,0,0,0,0,0,0,0,0,0,0,0,0,0,0,0,0,0,0,0,0,0,0,0,0,0,0,0,0,0,7.49404213075312,0,0,0,0,0,0,0,0,0,0,0,0,0,0,0,0,0,0,0,-1,-1,0,0,0,0,-1,0,0,0,0,0,0,0,0,0,0,0,0,0,0,0,0,0,0,0,0,0,0,0,0,0,0,0,0,0,0,0,0,0,0,0,0,0,0,-1,0,0,0,0,0,-1,0,-1,0,0,-1,0,0,0,0,0,0,0,0,0,0,0,0,0,0,0,0,1.086478,0,0,0,0,-1,0,0,0,0,0,0,0,0,0,-0.0059598783013714,0,0,0,0,0,0,0,0,0,-1,0,-1,0,0,0,0,0,0,0,0,0,-0.0178796349040654,-0.00595987830135514,0,0,0,0,0,0,-8.03492740255967,-0.00595987830136017,0,0,0,0,0,0,0,0,0,0,0,0,0,0,0,0,0,0,0,0,0,0,-0.00595987830136017,0,0,0,-1,-1,0,0,0,-1,0,0,0,-1,0,0,0,0,0,0,0,0,0,0,0,0,-1,0,0,0,0,0,0,0,0,0,0,0,0,0,0,0,0,0,0,0,0,0,0,0,0,0,0,0,0,0,0,0,0,0,-1,0,0,0,0,0,0,0,0,0,0,0,0,0,0,0,0,0,0,0,0,0,0,-0.00595987830136055,-0.00595987830136055,0,-0.0115162384546716,-1,0,0,0,0,0,0,-1,0,0,0,0,0,-1,0,0,0,0,0,-5.42354085419916e-07,0,0,0,0,0,0,0,-1,0,0,0,0,0,-1,0,0,-1,0,-1,0,0,0,-1,0,0,0,0,0,0,0,0,0,0,0,0,0,0,0,0,0,0,0,0,0,0,0,-0.853934622345274,0,-0.00191937307577764,0,-1,0,-1,-1,-0.75735203604679,0,0,0,0,0,0,0,-0.0904765045204159,0,0,0,0,0,0,0,0,0,0,0,0,0,0,0,0,0,0,0,0,0,0,0,0,0,0,0,-1,0,0,0,0,0,0,-0.346495840361979,0,0,0,0,0,0,-1,0,0,0,0,0,0,0,0,0,0,0,0,-0.00595987830136033,0,0,0,0,0,0,0,0,0,0,0,0,0,0,0,0,0,0,0,0,0,0,0,-1,-1,0,0,0,0,0,0,0,0,0,0,0,0,0,0,0,-0.333581521259076,0,0,-1,0,0,-1,0,0,0,0,0,0,0,0,0,0,-1,0,0,0,-0.00595987830136044,0,0,0,-0.00595987830136044,0,0,0,0,-0.00767749230311429,0,0,0,0,0,0,0,0,0,0,-0.0119197566027205,0,0,0,0,0,0,0,-2.14766391637193,0,0,0,0,0,0,0,0,0,0,0,0,-0.0649349139568776,0,0,0,0,0,0,0,0,0,0,-0.268689631854355,-1,0,0,0,0,0,0,0,-0.180844361181565,-1,0,0,0,0,0,-1,-0.785356860901175,-0.0119197566027202,0,0,0,0,0,-0.202400096392385,0,0,0,0,0,0,0,0,0,0,0,-0.00383874615155715,0,0,0,0,0,-5.42352957211278e-07,-5.42352957211278e-07,-0.00595987830136046,-5.42353177479526e-07,0,0,0,0,0,0,0,0,0,0,0,0,0,0,0,0,0,-0.0119202924909494,-1,0,0,0,0,0,0,0,0,0,0,0,0,0,0,0,0,0,0,0,0,0,-1,0,0,0,0,-0.00383874615155715,0,0,0,0,0,0,0,-0.00596041742117917,-0.00383874615155715,0,0,0,0,0,0,0,0,0,0,0,0,0,0,-1,-1,0,0,0,0,0,0,0,0,0,0,0,0,0,0,-0.00383874615155715,-1,0,-0.0446564429755751,0,0,0,0,0,0,0,0,0,0,0,0,0,0,0,0,0,0,0,0,0,0,0,0,0,0,0,0,0,0,0,0,0,0,-0.0554256187522746,0,0,0,-0.370695046339888,0,0,-1,0,-1,0,-1,-1,-1,0,-1,0,0,0,-0.00595987830137065
"Bacteroides fragilis",-0.0732275469533119,0,0,0,0,0,0,0,0,-1,0,0,0,0,0,0,0,0,0,0,0,-1,0,0,0,0,0,0,0,0,0,0,0,0,0,0,0,0,0,0,0,0,0,0,0,0,0,0,0,0,0,0,0,0,0,0,0,0,0,0,0,0,0,0,0,0,0,0,0,0,0,0,0,0,0,0,0,0,0,0,0,0,0,0,0,0,0,0,0,0,0,0,0,0,0,0,0,0,0,0,0,0,0,0,0,0,0,0,0,0,0,0,0,0,0,0,0,0,0,0,0,0,0,0,0,0,0,0,64.8253537249057,0,0,0,0,0,0,0,0,0,0,-1,0,0,0,0,0,-1,0,0,0,-1,-3.99129101201652e-05,0,0,0,-1,0,0,0,0,0,0,0,0,0,0,0,0,0,0,0,0,0,0,0,0,0,0,0,0,0,0,0,0,0,0,0,0,0,0,0,0,0,0,-1,0,0,0,0,0,-1,0,-1,0,0,-1,0,0,0,0,0,0,0,0,0,0,0,0,0,0,0,0,1.947784,0,0,0,0,0,0,0,0,0,0,0,0,0,0,-0.0101719161398148,0,0,-1.57034458040926e-05,0,0,0,0,0,0,0,0,-1,0,0,0,0,0,0,0,0,0,-0.0406911487482187,-0.0101719161398144,0,0,0,0,0,0,-2.85120660360889,-0.0101719161398138,0,0,0,0,0,0,0,0,0,0,0,0,0,0,0,0,0,0,0,0,0,0,-0.0101719161398142,0,0,0,-1,-1,0,0,0,-1,0,0,0,-0.0259070607386822,0,0,0,0,0,0,0,0,0,0,0,0,-0.000169042956546036,0,0,0,0,0,0,0,0,0,0,0,0,0,0,0,0,0,0,0,0,0,0,0,0,0,0,0,0,0,0,0,0,0,-0.0259070607355843,0,0,0,0,0,0,0,0,0,0,0,0,0,0,0,0,0,0,0,0,0,0,-1.03557852530685e-05,-0.0203455743739324,0,0,20.9088506271652,-1,0,0,0,0,0,-1,0,0,0,0,0,-1,0,0,0,0,0,0,0,-1,0,0,0,0,0,-1,0,0,0,0,0,0,0,0,-1,0,0,0,0,0,-1,-1,0,0,0,0,0,0,0,0,0,0,0,0,0,0,0,0,0,0,0,0,0,0,-1,0,-0.000136844298491269,0,0,0,-1,3.89091597320441,31.6209796931245,1.84523897432072,0,0,0,0,0,0,0,0,0,0,0,0,0,0,0,0,0,0,0,0,0,0,0,0,0,0,0,0,0,0,0,0,0,0,0,0,0,0,0,0,0,0,0,0,0,0,0.901717757683288,0,-1,0,0,0,0,0,0.387413118701954,0,0,0,0,0,0,-0.0101719161398145,0,0,0,0,0,0,0,-1,0,0,0,0,0,0,0,0,0,0,0,0,0,0,0,-1,-1,0,0,0,0,0,0,0,0,0,0,0,0,0,0,0,-0.589536001002927,0,-1,-1,0,0,-1,0,0,0,0,0,0,0,-1,0,0,-0.249638123179216,0,0,-3.83164061563548e-05,-0.0101719161398146,0,0,0,-0.0101719161398145,0,0,0,0,-0.0095634281934932,0,0,0,0,0,0,0,0,0,0,-0.0203438322796359,0,0,0,0,0,0,0,13.0122204435428,0,0,0,-1,0,0,0,0,0,0,0,0,-1.57034460603427e-05,0,0,0,0,0,0,0,0,0,0,0,0,0,1.45146411267867,0,0,0,0,0,-1,-0.00960333758414708,0,0,0,0,0,-0.575543947007942,-4.62758554641596e-06,0,0,0,0,0,0,-1,0,0,0,0,0,0,0,0,0,0,0,-0.00956907049675999,0,0,0,0,0,-2.59479053701739e-06,-0.000136844291666421,0,-0.0101719161398143,0,-0.00956342819349337,0,0,0,0,0,0,0,0,0,0,0,0,0,0,0,-0.0203438322795369,0,0,0,0,0,0,0,0,0,0,0,0,0,0,0,0,0,0,0,0,0,0,-1,0,0,0,0,-0.00956342819349229,0,0,0,0,0,0,0,-0.0101835942139641,-0.00956342819349253,0,0,0,0,0,0,0,0,0,0,0,-0.1,0,0,-1,-1,0,0,0,0,0,0,0,0,0,0,0,0,0,0,-0.00956342819349225,-1,0,-0.0807551544638695,0,0,0,0,0,0,0,0,0,0,0,0,0,0,0,0,0,0,0,0,0,0,0,0,0,0,0,0,0,0,0,0,0,0,-1,0,0,0,-0.538199189082556,0,0,-1,0,-8.7082754353105e-06,-1,-0.132132322624549,-1,-8.28164238504314e-06,0,-1,0,0,0,-0.010171916139814
"Bacteroides intestinalis",-0.0197051536804896,0,0,0,0,0,0,0,0,-1,0,0,0,0,0,0,0,0,0,0,0,0,0,0,0,0,0,0,0,0,0,0,0,0,0,0,0,0,0,0,0,0,0,0,0,0,0,0,0,0,0,0,0,0,0,0,0,0,0,0,0,0,0,0,0,0,0,0,0,0,0,0,0,0,0,0,0,0,0,0,0,0,0,0,0,0,0,0,0,0,0,0,0,0,0,0,0,0,0,0,0,0,0,0,0,0,0,0,0,0,0,0,0,0,0,0,0,0,0,0,0,0,0,0,0,0,0,0,-1,0,0,0,0,0,0,0,0,0,0,0,0,0,0,0,0,0,0,0,-1,-1,0,0,0,0,-1,0,0,0,0,0,0,0,0,0,0,0,0,0,0,0,0,0,0,0,0,0,0,0,0,0,0,0,0,0,0,0,0,0,0,0,0,0,0,-1,0,0,0,0,0,-1,0,-1,0,0,-1,0,0,0,0,0,0,0,0,0,0,0,0,0,0,0,0,0.925298,0,0,0,0,-1,0,0,0,0,0,0,0,0,0,-0.00504555937755197,0,0,0,0,0,0,0,0,0,-1,0,0,0,0,0,0,0,0,0,0,0,-0.00504555937755197,-0.00504555937755197,0,0,0,0,0,0,-10,-0.00504555937755204,0,0,0,0,0,0,0,0,0,0,0,0,0,0,0,0,0,0,0,0,0,0,-0.00504555937755204,0,0,0,-1,-1,0,0,0,-1,0,0,0,-1,0,0,0,0,0,0,0,0,0,0,0,0,-1,0,0,0,0,0,0,0,0,0,0,0,0,0,0,0,0,0,0,0,0,0,0,0,0,0,0,0,0,0,0,0,0,0,-1,0,0,0,0,0,0,0,0,0,0,0,0,0,0,0,0,0,0,0,0,0,0,-0.00504555937755418,-0.00504555937755418,0,-0.00429764072053185,-1,0,0,0,0,0,0,-1,0,0,0,0,0,-1,0,0,0,0,0,0,0,0,0,0,0,0,0,-1,0,0,0,0,0,-1,0,0,-1,0,-1,0,0,0,-1,0,0,0,0,0,0,0,0,0,0,0,0,0,0,0,0,0,0,0,0,0,0,0,-1,0,-0.000716273453424545,0,-1,0,-1,-1,-10,-1,0,0,0,0,0,0,-1,0,0,0,0,0,0,0,0,0,0,0,0,0,0,0,0,0,0,0,0,0,0,0,0,0,0,0,-1,0,0,0,0,0,0,-0.281995776013112,0,0,0,0,-1,0,-1,0,0,0,0,0,0,0,0,0,0,0,0,-0.00504555937755139,0,0,0,0,0,0,0,0,0,0,0,0,0,0,0,0,0,0,0,0,0,0,0,-1,-1,0,0,0,0,0,0,0,0,0,0,0,0,0,0,0,-0.286379839599512,0,0,-1,0,0,-1,0,0,0,0,0,0,0,0,0,0,-1,0,0,0,-0.0050455593775518,0,0,0,-0.0050455593775518,0,0,0,-1,-0.0028650938136866,0,0,0,0,0,0,0,0,0,0,-0.0100911187551035,0,-1,0,0,0,0,0,-10,0,0,0,-1,-1,0,0,0,0,0,0,0,0,0,0,0,0,0,0,0,0,0,0,-0.24894060278568,-1,0,0,0,0,0,0,0,-0.155024485707594,-1,0,0,0,0,0,-1,-1,-0.0100912413324434,0,0,0,0,0,-1,0,0,0,0,0,0,0,0,0,0,0,-0.00143254690684334,0,0,0,0,0,0,-3.79212329093548e-07,-0.00504555937755204,-3.79212263368345e-07,0,0,0,0,0,0,0,0,0,0,0,0,0,0,0,0,-1,-0.0100914941397256,-1,0,0,0,0,0,0,0,0,0,0,0,0,0,0,0,0,0,0,0,0,0,-1,0,0,0,0,-0.00143254690684334,0,0,0,0,0,0,0,-0.00504574707030099,-0.00143254690684334,0,0,0,0,0,0,0,0,0,0,0,0,0,0,-1,-1,0,0,0,0,0,0,0,0,0,0,0,0,0,0,-0.00143254690684334,-1,0,-0.0370748543233503,0,0,0,0,0,0,0,0,0,0,0,0,0,0,0,0,0,0,0,0,0,0,0,0,0,0,0,0,0,0,0,0,0,0,-1,0,0,0,-0.266018571250998,0,0,-1,0,-1,0,-1,-1,-1,0,-1,0,0,0,-0.00504555937755218
"Bacteroides ovatus",-0.0609093853999054,0,1.99999924650673,0,0,-4.30567952776073e-07,0,0,0,-1,0,0,0,0,0,0,0,0,0,0,0,-1,0,0,0,0,0,0,0,0,0,0,0,0,0,0,0,-4.46515026283123e-07,0,0,0,-4.63690155243057e-07,0,0,0,0,0,0,0,0,0,0,0,0,0,0,0,0,0,-4.30570915114004e-07,0,0,0,0,0,0,0,0,0,0,0,0,0,0,0,0,0,0,0,0,0,0,-4.63685230329247e-07,0,-4.63688522813754e-07,0,0,0,0,0,-4.63690715832854e-07,0,0,0,0,0,0,0,0,0,0,0,0,0,0,0,0,0,0,0,0,0,0,0,0,-4.01863779643463e-07,0,-4.01862195076319e-07,0,0,0,0,0,0,0,0,-1.43522072846736e-07,0,52.5742493852753,0,-4.63689237903964e-07,0,0,0,0,0,0,0,0,-1,0,0,0,0,0,0,0,0,0,-1,-1.5069881560521e-06,0,0,0,-1,0,0,0,0,0,0,0,0,0,0,0,0,0,0,-4.63691289269264e-07,0,0,0,0,0,-4.30567361718204e-07,0,0,0,0,0,0,0,0,0,0,0,0,0,0,0,0,0,-1,0,0,0,0,0,-0.485595326147042,0,-1,0,0,0,0,0,0,0,0,0,0,0,0,-4.30564744874573e-07,0,0,0,0,0,0,2.00497,0,0,0,0,0,0,0,0,0,0,0,0,0,0,-0.0115450184010689,0,0,-6.34524822089588e-07,0,0,0,0,-4.01863715069339e-07,0,-1,0,-1,0,0,0,0,0,0,0,0,0,-0.0738562788428319,-0.0115450184010676,0,0,0,0,-4.63686911416516e-07,0,2.90971070416933,-0.0115450184010672,0,0,0,0,0,0,0,0,0,0,0,-4.63692458652076e-07,0,0,0,-1.03929269613445e-07,0,0,0,0,0,0,-0.0115450184010682,0,0,0,0,-1,0,0,0,0.538470315825596,-4.30568718343238e-07,0,0,-1.20559769420652e-05,0,-4.63685340150732e-07,0,0,0,0,0,0,0,0,0,0,-1.20559155657247e-05,0,0,0,0,0,0,0,-4.30564356179275e-07,0,0,0,0,0,0,0,0,0,0,0,0,0,0,0,-4.63685870840891e-07,-4.30567502917256e-07,0,0,0,0,0,0,0,0,-1.20559376095564e-05,-4.30572971595211e-07,0,-4.30564536259226e-07,0,-4.30567678677107e-07,0,0,0,0,0,0,0,0,0,0,0,0,0,0,0,0,0,-3.13138113543221e-07,-0.0311556302208822,0,0,8.23869929699347,-1,0,0,-1,0,0,-1,-4.63685030013039e-07,0,0,0,0,-1,0,0,0,0,0,0,0,-1,0,0,0,0,0,-1,0,0,0,0,0,0,0,0,-1,0,0,0,0,0,0,-1,0,0,0,0,0,0,0,0,0,0,0,0,0,0,0,0,0,0,0,0,0,0,0.852404525713146,0,-4.01862569196965e-06,0,0,0,-1,-1,41.2542896425856,0.863608091448664,0,0,0,0,0,0,0,0,0,0,0,0,0,0,0,0,0,0,0,0,0,0,0,0,0,-1.43522337680224e-07,0,0,0,0,0,0,0,0,0,0,0,0,0,0,0,0,0,0,0,0,0.896941331427165,0,-1,0,0,0,0,0,0.328748869688316,0,0,0,-4.63691800291599e-07,0,0,-0.0115450184010685,0,0,0,0,0,0,0,-1,0,0,0,0,0,0,0,0,0,0,0,0,0,0,0,-1,-1,0,0,0,0,0,0,0,0,0,0,-4.30564867883731e-07,-4.30564867883731e-07,0,0,0,-0.619295141489005,0,0,-1,0,0,-1,0,0,0,0,0,0,0,0,-7.77794411987998e-07,0,-0.308148482078427,0,0,-1.339538243883e-06,-0.0115450184010678,0,0,0,-0.0115450184010693,0,0,0,0,-0.0080655934187455,0,0,0,0,0,0,0,0,0,0,-0.0230900368022354,0,0,0,0,0,0,0,5.57780465964567,0,0,0,-1,0,0,-4.30569565878613e-07,0,0,0,0,0,-5.47993731836449e-07,0,0,0,-4.63692698531304e-07,0,0,0,-4.63688930494754e-07,0,0,0,0,0,0.664106279907461,0,0,0,0,0,-1,-0.00806710029867554,0,-4.63689790763055e-07,0,0,0,-1,-1.74723332690974e-07,0,0,0,0,0,0,-0.367871900286211,0,0,0,0,-4.63688237914539e-07,0,0,0,0,0,0,-2.00932121424557e-06,-2.1528365937229e-07,0,0,0,0,-1.09598071673656e-06,-4.01859793707458e-06,0,-0.0115450184010691,0,0,0,0,0,-4.30571794368007e-07,0,0,0,0,0,0,0,0,0,0,-1,0,-1,0,0,-4.63688299532805e-07,0,0,0,0,0,0,0,0,0,0,0,0,0,0,0,0,0,0,-1,0,0,0,0,0,0,-4.30564940756994e-07,0,0,0,0,0,-0.0115457910692937,-0.00806559341874463,0,0,-4.63689647176579e-07,0,0,0,0,0,-4.63689294974756e-07,0,0,0,0,0,-1,-1,0,0,0,0,0,0,0,0,0,0,0,-4.63689285879809e-07,0,0,0,0,0,-0.0823761984693654,0,-4.30565510100678e-07,-4.63687214278252e-07,-4.30565510100678e-07,-4.30565510100678e-07,-4.30565510100678e-07,-4.30565510100678e-07,-4.30565510100678e-07,0,0,0,0,0,0,0,0,0,0,0,0,0,0,0,0,0,0,0,0,0,0,0,0,0,-1,-1,0,0,0,-0.557494166650856,0,0,0,0,-2.80369296223881e-07,-1,-1,-1,-2.80370284315268e-07,0,-1,0,0,0,-0.0115450184010685
"Bacteroides salyersiae",-0.0492124452498561,0,0,0,0,0,0,0,0,-1,0,-1,0,0,0,0,0,0,0,0,0,0,0,0,0,0,0,0,0,0,0,0,0,0,0,0,0,0,0,0,0,0,0,0,0,0,0,0,0,-0.0174556953363663,0,0,0,0,0,0,0,0,0,0,0,0,0,0,0,0,0,0,0,0,0,0,0,0,0,0,0,0,0,0,0,0,0,0,0,0,0,0,0,0,0,0,0,0,0,0,0,0,0,0,0,0,0,0,0,0,0,0,0,0,0,0,0,0,0,0,0,0,0,0,0,0,0,0,0,0,0,0,10.2068245017322,0,0,0,0,0,0,0,0,0,0,0,0,0,0,0,0,0,0,0,-1,-1,0,0,0,0,-1,0,0,0,0,0,0,0,0,0,0,0,0,0,0,0,0,0,0,0,0,0,0,0,0,0,0,0,0,0,0,0,0,0,0,0,0,0,0,-1,0,0,0,0,0,-1,0,-1,0,0,-1,0,0,0,0,0,0,0,0,0,0,0,0,0,0,0,0,1.235128,0,0,0,0,-1,0,0,0,0,0,0,0,0,0,-0.00581856511212647,0,0,0,0,0,0,0,0,0,-1,0,-1,0,0,0,0,0,0,0,0,0,-1,-0.00581856511212647,0,0,0,0,0,0,-7.27377450747395,-0.00581856511212579,0,0,0,0,0,0,0,0,0,0,0,0,0,0,0,0,0,0,0,0,0,0,-0.00581856511212579,0,0,0,-1,-1,0,0,0,-1,0,0,0,-1,0,0,0,0,0,0,0,0,0,0,0,0,-1,0,0,0,0,0,0,0,0,0,0,0,0,0,0,0,0,0,0,0,0,0,0,0,0,0,0,0,0,0,0,0,0,0,-1,0,0,0,0,0,0,0,0,0,0,0,0,0,0,0,0,0,0,0,0,0,0,-0.0116371302242513,-0.011637130224251,0,-0.0174556953363764,-1,0,0,0,0,0,0,-1,0,0,0,0,0,-1,0,0,0,0,0,0,0,0,0,0,0,0,0,-1,0,0,0,0,0,-1,0,0,-1,0,-1,0,0,0,-1,0,0,0,0,0,0,0,0,0,0,0,0,0,0,0,0,0,0,0,0,0,0,0,-1,0,-0.00290928255606307,-0.00581856511212614,-1,0,-1,-1,-5.32646631841953,0,0,0,0,0,0,0,-1,0,0,0,0,0,0,0,0,0,0,0,0,0,0,0,0,0,0,0,0,0,0,0,0,0,0,0,-1,0,0,0,0,0,0,-0.408861994934494,0,0,0,0,-1,0,-1,0,0,0,0,0,0,0,0,0,0,0,0,-0.00581856511212577,0,0,0,0,0,0,0,-1,0,0,0,0,0,0,0,0,0,0,0,0,0,0,0,0,-1,0,0,0,0,0,0,0,0,0,0,0,0,0,0,0,-0.368302857370093,0,0,-1,0,0,-1,0,0,0,0,0,0,0,0,0,0,-1,0,0,-1,-0.00581856511212603,0,0,0,-0.00581856511212603,0,0,0,0,-0.0116371302242521,0,0,0,0,0,0,0,0,0,0,-0.0116371302242511,0,-1,0,0,0,0,0,-4.02627636962859,0,0,0,-1,-1,0,0,0,0,0,0,0,0,0,0,0,0,0,0,0,0,0,0,-1,-1,0,0,0,0,0,0,0,-0.199769623900996,-0.00581856511212566,0,0,0,0,0,-1,-1,-0.0116371643328468,0,0,0,0,0,-0.218098925364424,0,0,0,0,0,0,0,0,0,0,0,-0.00581856511212642,0,0,0,0,0,-1.06028494970857e-07,-1.06028330559838e-07,-0.00581856511212642,-1.06028345214781e-07,0,-0.00581856511212642,0,0,0,0,0,0,0,0,0,0,0,0,0,0,0,-0.0116372350188274,-1.06028352320209e-07,0,0,0,0,0,0,0,0,0,0,0,0,0,0,0,0,0,0,0,0,0,-1,0,0,0,0,-0.00581856511212642,0,0,0,0,0,0,0,-0.00581867052357008,-0.00581856511212642,0,0,0,0,0,0,0,0,0,0,0,0,0,0,-1,-1,0,0,0,0,0,0,0,0,0,0,0,0,0,0,-0.00581856511212642,-1,0,-0.0526325150444805,0,0,0,0,0,0,0,0,0,0,0,0,0,0,0,0,0,0,0,0,0,0,0,0,0,0,0,0,0,0,0,0,0,0,-1,0,0,0,-0.438480586092943,0,0,-1,0,-1,-1,-1,-1,-1,0,-1,0,0,0,-0.00581856511212615
"Bacteroides stercoris",-0.0527609922950032,0,0.999972685555317,0,0,0,0,0,0,-1,0,0,0,0,0,0,0,0,0,0,0,0,0,0,0,0,0,0,0,0,0,0,0,0,0,0,0,0,0,0,0,0,0,0,0,0,0,0,0,-1.04055026371964e-05,0,0,0,0,0,0,0,0,0,0,0,0,0,0,0,0,0,0,0,0,0,0,0,0,0,0,0,0,0,0,0,0,0,0,0,0,0,0,0,0,0,0,0,0,0,0,0,0,0,0,0,0,0,0,0,0,0,0,0,0,0,0,0,0,0,0,0,0,0,0,0,0,0,0,0,0,0,0,46.0609309761952,0,0,0,0,0,0,0,0,0,0,0,0,0,0,0,0,0,0,0,-9.10481490967729e-06,-1,0,0,0,0,-1,0,0,0,0,0,0,0,0,0,0,0,0,0,0,0,0,0,0,0,0,0,0,0,0,0,0,0,0,0,0,0,0,0,0,0,0,0,0,0,0,0,0,0,0,-1,0,-1,0,0,-1,0,0,0,0,0,0,0,0,0,0,0,0,0,0,0,0,1.406644,0,0,0,0,-3.12165081499671e-05,0,0,0,0,0,0,0,0,0,-0.0056998650136658,0,0,0,0,0,0,0,0,0,0,0,0,0,0,0,0,0,0,0,0,0,-0.028499325068329,-0.0056998650136658,0,0,0,0,0,0,18.6935092449355,-0.0056998650136658,0,0,0,0,0,0,0,0,0,0,0,0,0,0,0,0,0,0,0,0,0,0,-0.0056998650136658,0,0,0,-0.113124663314094,-1,0,0,0,0.790958699172829,0,0,0,-8.19433337851255e-05,0,0,0,0,0,0,0,0,0,0,0,0,-8.19433336956554e-05,0,0,0,0,0,0,0,0,0,0,0,0,0,0,0,0,0,0,0,0,0,0,0,0,0,0,0,0,0,0,0,0,0,-8.19433336958636e-05,0,0,0,0,0,0,0,0,0,0,0,0,0,0,0,0,0,0,0,0,0,0,-8.91900229752982e-06,-0.0113997300273316,0,-0.0138042484879719,1.00909356992746,-1,0,0,0,0,0,-1,0,0,0,0,0,0,0,0,0,0,0,0,0,-1,0,0,0,0,0,-1,0,0,0,0,0,-1,0,0,-1,0,-1,0,0,0,-1,-1,0,0,0,0,0,0,0,0,0,0,0,0,0,0,0,0,0,0,0,0,0,0,-0.207815330266624,0,-0.00230070808132864,0,-8.19433339377396e-06,0,16.1525315813047,16.1244724699451,-10,0,0,0,0,0,0,0,-1,0,0,0,0,0,0,0,0,0,0,0,0,0,0,0,0,0,0,0,0,0,0,0,0,0,0,0,0.999990766948287,0,0,0,0,0,0,-0.455410788790108,0,0,0,0,0.931385619292923,0,-1,0,0,0,0,0,0,0,0,0,0,0,0,-0.0056998650136658,0,0,0,0,0,0,0,-1,0,0,0,0,0,0,0,0,0,0,0,0,0,0,0,-1,-0.638691362767287,0,0,0,0,0,0,0,0,0,0,0,0,0,0,0,-0.413666075175548,0,0,-1,0,0,-1,0,0,0,0,0,0,0,0,0,0,-0.195689571379174,0,0,-3.64192579728889e-05,-0.0056998650136658,0,0,0,-0.0056998650136658,0,0,0,-5.75040919303937e-06,-0.00920283232531456,0,0,0,0,0,0,0,0,0,0,-0.0113997300273316,0,0,0,0,0,0,0,16.2572767756592,0,0,0,0,0,0,0,0,0,0,0,0,0,0,0,0,0,0,0,0,0,0,0,-0.00463263035955984,-8.85873840528184e-06,0,1.60098817119625,0,0,0,0,0,-1,-0.00463263036068362,0,0,0,0,0,-0.285336481706254,-4.42936923561107e-06,-0.0113997300273322,3.22336783223162,0,0,0,0,-0.260412134443856,0,0,0,0,0,0,0,0,0,0,0,-3.12165067546388e-05,0,0,0,0,0,0,0,-0.0056998650136658,0,0,0,0,0,0,0,0,0,0,0,0,0,0,0,0,0,0,-0.0113997300273316,-1,0,0,0,0,0,0,0,0,0,0,0,0,0,0,0,0,0,0,0,0,0,-1,0,0,0,0,-0.00460141616265728,0,0,0,0,0,0,0,-0.0056998650136658,-0.00460141616265728,0,0,0,0,0,0,0,0,0,0,0,-0.1,0,0,-1,-1,0,0,0,0,0,0,0,0,0,0,0,0,0,0,0,-1,0,-0.000327773319468871,0,0,0,0,0,0,0,0,0,0,0,0,0,0,0,0,0,0,0,0,0,0,0,0,0,0,0,0,0,0,0,0,0,0,-1,0,0,0,-0.390675588119741,0,0,-1,0,-8.19433301124661e-06,-1,-0.204331708208901,-0.4976946878971,-8.19433301657568e-06,0,-1,0,0,0,-0.0056998650136658
"Bacteroides thetaiotaomicron",-0.0417751261094272,0,0,0,0,0,0,0,0,-1,0,0,0,0,0,0,0,0,0,0,0,0,0,0,0,0,0,0,0,0,0,0,0,0,0,0,0,0,0,0,0,0,0,0,0,0,0,0,0,0,0,0,0,0,0,0,0,0,0,0,0,0,0,0,0,0,0,0,0,0,0,0,0,0,0,0,0,0,0,0,0,0,0,0,0,0,0,0,0,0,0,0,0,0,0,0,0,0,0,0,0,0,0,0,0,0,0,0,0,0,0,0,0,0,0,0,0,0,0,0,0,0,0,0,0,0,0,0,-1,0,0,0,0,0,0,0,0,0,0,-1,0,0,0,0,0,-1,0,0,0,-1,0,0,0,0,-1,0,0,0,0,0,0,0,0,0,0,0,0,0,0,0,0,0,0,0,0,0,0,0,0,0,0,0,0,0,0,0,0,0,0,0,0,0,0,-1,0,0,0,0,0,-1,0,-1,0,0,0,0,0,0,0,0,0,0,0,0,0,0,0,0,0,0,0,1.109011,0,0,0,0,0,0,0,0,0,0,0,0,0,0,-0.00476475492021478,0,0,0,0,0,0,0,0,0,0,0,-1,0,0,0,0,0,0,0,0,0,-1,-0.00476475492020692,0,0,0,0,0,0,-10,-0.00476475492020615,0,0,0,0,0,0,0,0,0,0,0,0,0,0,0,0,0,0,0,0,0,0,-0.00476475492021107,0,0,0,-1,-1,0,0,0,-1,0,0,0,-1,0,0,0,0,0,0,0,0,0,0,0,0,-1,0,0,0,0,0,0,0,0,0,0,0,0,0,0,0,0,0,0,0,0,0,0,0,0,0,0,0,0,0,0,0,0,0,-1,0,0,0,0,0,0,0,0,0,0,0,0,0,0,0,0,0,0,0,0,0,0,-1,-1,0,0,-1,-1,0,0,-1,0,0,-1,0,0,0,0,0,-1,0,0,0,0,0,0,0,-1,0,0,0,0,0,-1,0,0,0,0,0,0,0,0,-1,0,0,0,0,0,0,0,0,0,0,0,0,0,0,0,0,0,0,0,0,0,0,0,0,0,0,0,0,0,-1,0,-1,0,0,0,-1,-1,-10,-1,0,0,0,0,0,0,-1,0,0,0,0,0,0,0,0,0,0,0,0,0,0,0,0,0,0,0,0,0,0,0,0,0,0,0,-1,0,0,0,0,0,0,0,0,0,0,0,-1,0,-1,0,0,0,0,0,0,0,0,0,0,0,0,-0.0047647549202114,0,0,0,0,0,0,0,-1,0,0,0,0,0,0,0,0,0,0,0,0,0,0,0,-1,-1,0,0,0,0,0,0,0,0,0,0,0,0,0,0,0,-0.32807872824822,0,0,-1,0,0,-1,0,0,0,0,0,0,0,-1,-0.00202156072672512,0,-1,0,0,0,-0.00476475492021446,0,0,0,-0.00476475492020889,0,0,0,0,-0.00404312145345495,0,0,0,0,0,0,0,0,0,0,-0.00952950984039588,0,0,0,0,0,0,0,-10,0,0,0,-1,0,0,0,0,0,0,0,0,-0.0835502522187593,0,0,0,0,0,0,0,0,0,0,-1,0,0,0,0,0,0,0,0,-1,-1,0,0,0,0,0,-1,-1,0,0,0,0,0,0,-1,0,0,0,0,0,0,0,0,0,0,0,-0.00808624290689569,0,0,0,0,0,-0.00404312145345159,-0.00476475492020995,0,-0.0047647549202136,0,-0.00404312145344083,0,0,0,0,0,0,0,0,0,0,0,0,0,0,-1,0,-1,0,0,0,0,0,0,0,0,0,0,0,0,0,0,0,0,0,0,0,0,0,-1,0,0,0,0,0,0,0,0,0,0,0,0,-1,-0.00404312145345472,0,0,0,0,0,0,0,0,0,0,0,-0.1,0,0,-1,-1,0,0,0,0,0,0,0,0,0,0,0,0,0,0,0,0,0,-0.0467026718182919,0,0,0,0,0,0,0,0,0,0,0,0,0,0,0,0,0,0,0,0,0,0,0,0,0,0,0,0,0,0,0,0,0,-1,-1,0,0,0,-0.388869858883315,0,0,0,0,-1,-1,-1,-1,-1,0,-1,0,0,0,-0.0047647549202085
"Bacteroides uniformis",-0.045136243408344,0,0,0,0,0,0,0,0,-1,0,0,0,0,0,0,0,0,0,0,0,0,0,0,0,0,0,0,0,0,0,0,0,0,0,0,0,0,0,0,0,0,0,0,0,0,0,0,0,-0.0129585665965365,0,0,0,0,0,0,0,0,0,0,0,0,0,0,0,0,0,0,0,0,0,0,0,0,0,0,0,0,0,0,0,0,0,0,0,0,0,0,0,0,0,0,0,0,0,0,0,0,0,0,0,0,0,0,0,0,0,0,0,0,0,0,0,0,0,0,0,0,0,0,0,0,0,0,0,0,0,0,-1,0,0,0,0,0,0,0,0,0,0,-1,0,0,0,0,0,0,0,0,-1,-1,0,0,0,0,-1,0,0,0,0,0,0,0,0,0,0,0,0,0,0,0,0,0,0,0,0,0,0,0,0,0,0,0,0,0,0,0,0,0,0,0,0,0,0,-1,0,0,0,0,0,-1,0,-1,0,0,-1,0,0,0,0,0,0,0,0,0,0,0,0,0,0,0,0,1.144335,0,0,0,0,-1,0,0,0,0,0,0,0,0,0,-0.00469188888322326,0,0,0,0,0,0,0,0,0,-1,0,-1,0,0,0,0,0,0,0,0,0,-1,-0.00469188888321927,0,0,0,0,0,0,-10,-0.00469188888321923,0,0,0,0,0,0,0,0,0,0,0,0,0,0,0,0,0,0,0,0,0,0,-0.00469188888321724,0,0,0,-1,-1,0,0,0,-1,0,0,0,-1,0,0,0,0,0,0,0,0,0,0,0,0,-1,0,0,0,0,0,0,0,0,0,0,0,0,0,0,0,0,0,0,0,0,0,0,0,0,0,0,0,0,0,0,0,0,0,-1,0,0,0,0,0,0,0,0,0,0,0,0,0,0,0,0,0,0,0,0,0,0,-0.00938377776643566,-0.00938377776643579,0,-0.012958566596533,-1,-1,0,0,0,0,0,-1,0,0,0,0,0,-1,0,0,0,0,0,0,0,-1,0,0,0,0,0,-1,0,0,0,0,0,-1,0,0,-1,0,-1,0,0,0,-1,0,0,0,0,0,0,0,0,0,0,0,0,0,0,0,0,0,0,0,0,0,0,0,-1,0,-0.0021597610993922,0,-1,0,-1,-1,-10,-1,0,0,0,0,0,0,-1,0,0,0,0,0,0,0,0,0,0,0,0,0,0,0,0,0,0,0,0,0,0,0,0,0,0,0,-1,0,0,0,0,0,0,-0.3743765947743,0,0,0,0,-1,0,-1,0,0,0,0,0,0,0,0,0,0,0,0,-0.00469188888321951,0,0,0,0,0,0,0,-1,0,0,0,0,0,0,0,0,0,0,0,0,0,0,0,-1,-1,0,0,0,0,0,0,0,0,0,0,0,0,0,0,0,-0.336228577758263,0,0,-1,0,0,-1,0,0,0,0,0,0,0,-1,0,0,-1,0,0,-1,-0.0046918888832178,0,0,0,-0.0046918888832178,0,0,0,-1,-0.00431952219884295,0,0,0,0,0,0,0,0,0,0,-0.00938377776645513,0,0,0,0,0,0,0,-10,0,0,0,-1,-1,0,0,0,0,0,0,0,-0.0902724868167175,0,0,0,0,0,0,0,0,0,0,-0.278445026936507,-1,0,0,0,0,0,0,0,-1,-1,0,0,0,0,0,-1,-1,-0.00938377776643496,0,0,0,0,0,-0.207994371701684,0,0,0,0,0,0,0,0,0,0,0,-0.00431952219884075,0,0,0,0,0,-2.02419282572919e-07,-2.02417172772584e-07,-0.00469188888321446,-2.02415368676157e-07,0,0,0,0,0,0,0,0,0,0,0,0,0,0,0,0,-1,-0.00938377776643808,0,0,0,0,0,0,0,0,0,0,0,0,0,0,0,0,0,0,0,0,0,0,-1,0,0,0,0,-0.00431952219884821,0,0,0,0,0,0,0,-1,-0.00431952219884463,0,0,0,0,0,0,0,0,0,0,0,0,0,0,-1,-1,0,0,0,0,0,0,0,0,0,0,0,0,0,0,-0.004319522198845,-1,0,-0.0475322525163205,0,0,0,0,0,0,0,0,0,0,0,0,0,0,0,0,0,0,0,0,0,0,0,0,0,0,0,0,0,0,0,0,0,0,-1,0,0,0,-0.406471044447192,0,0,-1,0,-1,-1,-1,-1,-1,0,-1,0,0,0,-0.00469188888321848
"Bacteroides xylanisolvens",-0.0532305301269759,0,0,0,0,0,0,0,0,-1,0,0,0,0,0,0,0,0,0,0,0,0,0,0,0,0,0,0,0,0,0,0,0,0,0,0,0,0,0,0,0,0,0,0,0,0,0,0,0,0,0,0,0,0,0,0,0,0,0,0,0,0,0,0,0,0,0,0,0,0,0,0,0,0,0,0,0,0,0,0,0,0,0,0,0,0,0,0,0,0,0,0,0,0,0,0,0,0,0,0,0,0,0,0,0,0,0,0,0,0,0,0,0,0,0,0,0,0,0,0,0,0,0,0,0,0,0,0,30.4226929610084,0,0,0,0,0,0,0,0,0,0,-1,0,0,0,0,0,0,0,0,0,-1,-1,0,0,0,-1,0,0,0,0,0,0,0,0,0,0,0,0,0,0,0,0,0,0,0,0,0,0,0,0,0,0,0,0,0,0,0,0,0,0,0,0,0,0,-1,0,0,0,0,0,-1,0,-1,0,0,0,0,0,0,0,0,0,0,0,0,0,0,0,0,0,0,0,1.937149,0,0,0,0,-1,0,0,0,0,0,0,0,0,0,-0.0100840228695976,0,0,-1,0,0,0,0,0,0,-1,0,-1,0,0,0,0,0,0,0,0,0,-0.542707221741488,-0.0100840228695936,0,0,0,0,0,0,-0.149146332357994,-0.0100840228695894,0,0,0,0,0,0,0,0,0,0,0,0,0,0,0,0,0,0,0,0,0,0,-0.0100840228695894,0,0,0,-1,-1,0,0,0,-1,0,0,0,-1,0,0,0,0,0,0,0,0,0,0,0,0,-1,0,0,0,0,0,0,0,0,0,0,0,0,0,0,0,0,0,0,0,0,0,0,0,0,0,0,0,0,0,0,-1,0,0,-1,0,0,0,0,0,0,0,0,0,0,0,0,0,0,0,0,0,0,0,0,0,0,-0.231658586185391,-0.266311599453396,0,0,-1,-1,0,0,-1,0,0,-1,0,0,0,0,0,-1,0,0,0,0,0,0,0,-1,0,0,0,0,0,-1,0,0,0,0,0,-1,0,0,-1,0,0,0,0,0,-1,-1,0,0,0,0,0,0,0,0,0,0,0,0,0,0,0,0,0,0,0,0,0,0,-0.349881461009351,0,-1,0,0,0,8.12774686065777,-1,-10,-1,0,0,0,0,0,0,-1,0,0,0,0,0,0,0,0,0,0,0,0,0,0,0,0,0,0,0,0,0,0,0,0,0,0,0,-1,0,0,0,0,0,0,-0.607330307442175,0,0,0,0,-1,0,-1,0,0,0,0,0,0,0,0,0,0,0,0,-0.0100840228695979,0,0,0,0,0,0,0,-1,0,0,0,0,0,0,0,0,0,0,0,0,0,0,0,-1,-1,0,0,0,0,0,0,0,0,0,0,0,0,0,0,0,-0.592244565837045,0,0,-1,0,0,-1,0,0,0,0,0,0,0,0,-0.00252071514504747,0,-1,0,0,-1,-0.0100840228695921,0,0,0,-0.0100840228695921,-1,0,0,0,-0.00504143029009223,0,0,0,0,0,0,0,0,0,0,-0.020168045739162,0,0,0,0,0,0,0,2.20714063028456,0,0,0,-1,0,0,0,0,0,0,0,0,-0.106461060253892,0,0,0,0,0,0,0,0,0,0,-1,0,0,0,0,0,0,0,0,-0.320811247009671,-1,0,0,0,0,0,-1,-0.798098841419365,0,0,0,0,0,0,-0.372165067178786,0,0,0,0,0,0,0,0,0,0,0,-0.0100828605801914,0,0,0,0,0,-0.00504143029007553,-0.0100840228695853,0,-0.0100840228695921,0,0,0,0,0,0,0,0,0,0,0,0,0,0,0,0,-1,0,-1,0,0,0,0,0,0,0,0,0,0,0,0,0,0,0,0,0,0,0,0,0,-1,0,0,0,0,-0.0050414302900946,0,0,0,0,0,0,0,-1,-0.00504143029009646,0,0,0,0,0,0,0,0,0,0,0,0,0,0,-1,-1,0,0,0,0,0,0,0,0,0,0,0,0,0,0,0,0,0,-0.0792332686745267,0,0,0,0,0,0,0,0,0,0,0,0,0,0,0,0,0,0,0,0,0,0,0,0,0,0,0,0,0,0,0,0,0,-1,-1,0,0,0,-0.639831808694774,0,0,-1,0,-1,-1,-1,-1,-1,0,-1,0,0,0,-0.0100840228695901
"Bifidobacterium adolescentis",0,0,0,0,0,0,0,0,0,-1,0,0,0,0,0,0,0,0,0,0,0,0,0,0,0,0,0,0,0,0,0,0,0,0,0,0,0,0,0,0,0,0,0,0,0,0,0,0,0,-1,0,0,0,0,0,0,0,0,0,0,0,0,0,0,0,0,0,0,0,0,0,0,0,0,0,0,0,0,0,0,0,0,0,0,0,0,0,0,0,0,0,0,0,0,0,0,0,0,0,0,0,0,0,0,0,0,0,0,0,0,0,0,0,0,0,0,0,0,0,0,0,0,0,0,0,0,0,0,-1,0,0,0,0,-1,0,0,0,0,0,-1,0,0,0,0,0,0,0,0,-1,0,0,0,0,0,-1,0,0,0,0,0,0,0,0,0,0,0,0,0,0,0,0,0,0,0,0,0,0,0,0,0,0,0,0,0,0,0,0,0,0,0,0,0,0,-1,0,0,0,0,0,-0.22618616702839,0,-1,0,0,-1,0,0,0,0,0,0,0,0,0,0,0,0,0,0,0,0,0.944055,0,0,0,0,0,0,0,0,0,0,0,0,0,0,-0.00353293748850259,0,0,0,0,0,0,0,0,0,-1,0,-1,0,0,0,0,0,0,0,0,0,-1,-0.00353293748850259,0,0,0,0,0,0,-10,-0.00353293748850346,0,0,0,0,0,0,0,0,0,0,0,0,0,0,0,0,0,0,0,0,0,0,-0.00353293748850346,0,0,0,-1,-0.17990699281997,0,0,0,0,0,0,0,0,0,0,0,0,0,0,0,0,0,0,0,0,0,0,0,0,0,0,0,0,0,0,0,0,0,0,0,0,0,0,0,0,0,0,0,0,0,0,0,0,0,0,0,-1.30766525607839e-07,0,0,0,0,0,0,0,0,0,0,0,0,0,0,0,0,0,0,0,-1,0,0,0,0,0,-0.0141317499540142,-0.0141317499540142,0,0,-1,-1,0,0,-1,0,0,-1,0,0,0,0,0,-1,0,0,0,0,0,0,0,-1,0,0,0,0,0,-1,0,0,0,0,0,-1,0,0,-1,0,-1,0,0,0,-1,0,0,0,0,0,0,0,0,0,0,0,0,0,0,0,0,0,0,0,0,0,0,0,0,0,0,0,-1,0,-1,0,-10,0,0,0,0,0,0,0,-0.0751675570396025,0,0,0,0,0,0,0,0,0,0,0,0,0,0,0,0,0,0,0,0,0,0,0,0,0,0,0,-1,0,0,0,0,0,0,-0.312039213834207,0,0,0,0,0,0,0,0,0,0,0,0,0,0,0,0,0,0,0,-0.00353293748850349,0,0,0,0,0,0,0,-1,0,0,0,0,0,0,0,0,0,0,0,0,0,0,0,-1,-0.43103734658057,0,0,0,0,0,0,0,0,0,0,0,0,0,0,0,-0.274285775568604,0,0,-1,0,0,0,0,0,0,0,0,0,0,-1,0,0,-1,0,0,-1,-0.00353293748850276,0,0,0,-0.00353293748850276,-1,0,0,-1,-1,0,0,0,0,0,0,0,0,0,-10,-0.00706587497700908,0,0,0,0,0,0,0,-10,0,0,0,0,0,0,0,0,0,0,0,0,-0.0801604247256808,0,0,0,0,0,0,0,0,0,0,-1,-1,0,0,0,0,0,0,0,-0.148603716982912,-0.00353293748850234,0,0,0,0,0,-1,0,-0.00706593943816047,0,0,0,0,0,-0.171100550574826,0,0,0,0,0,0,0,0,0,0,0,-0.00706587497700471,0,0,0,0,0,0,-1,0,-1,0,0,0,0,0,0,0,0,0,0,0,0,0,0,0,0,-1,-0.00706587497700471,0,0,0,0,0,0,0,0,0,0,0,0,0,0,0,0,0,0,0,0,0,0,-1,0,0,0,0,-0.00353293748850516,0,0,0,0,0,0,0,-0.00353293748850516,-0.00353293748850512,0,0,0,0,0,0,0,0,0,0,0,-0.1,0,0,-1,-1,0,0,0,0,0,0,0,0,0,0,0,0,0,0,-0.00353293748850512,-1,0,0,0,0,0,0,0,0,0,0,0,0,0,0,0,0,0,0,0,0,0,0,0,0,0,0,0,0,0,0,0,0,0,0,0,-1,-1,0,0,0,0,0,0,-1,0,-1,-1,0,-1,-1,0,-1,0,0,0,-0.0035329374884995
"Bifidobacterium breve",0,0,0.999977973203519,0,0,0,0,0,0,-0.394359976715506,0,0,0,0,0,0,0,0,0,0,0,0,0,0,0,0,0,0,0,0,0,0,0,0,0,0,0,0,0,0,0,0,0,0,0,0,0,0,0,-1.04465320687752e-05,0,0,0,0,0,0,0,0,0,0,0,0,0,0,0,0,0,0,0,0,0,0,0,0,0,0,0,0,0,0,0,0,0,0,0,0,0,0,0,0,0,0,0,0,0,0,0,0,0,0,0,0,0,0,0,0,0,0,0,0,0,0,0,0,0,0,0,0,0,0,0,0,0,0,0,0,0,0,33.8660637174065,0,0,0,0,-1,0,0,0,0,0,-1,0,0,0,0,0,-1,0,0,-9.04922518429885e-06,0,-0.122051405854917,0,0,0,-1,0,0,0,0,0,0,0,0,0,0,0,0,0,0,0,0,0,0,0,0,0,0,0,0,0,0,0,0,0,0,0,0,0,0,0,0,0,0,0,0,0,0,0,0,-1,0,-0.18986081075821,0,0,-1,0,0,0,0,0,0,0,0,0,0,0,0,0,0,0,0,1.223487,0,0,0,0,0,0,0,0,0,0,0,0,0,0,-0.00894124761580743,0,0,0.122025887814112,0,0,0,0,0,0,-1,0,-9.47152245052152e-05,0,0,0,0,0,0,0,0,0,0,-0.00894124761580743,0,0,0,0,0,0,-10,-0.00894124761580743,0,0,0,0,0,0,0,0,0,0,0,0,-1.11868376748703e-05,0,0,0,0,0,0,0,0,0,-0.00894124761580743,0,0,0,-0.0817808247794948,0,0,0,0,0,0,0,0,0,0,0,0,0,0,0,0,0,0,0,0,0,0,0,0,0.00893940028732755,0,0,0,0,0,0,0,0,0,0,0,0,0,0,0,0,0,0,0,0,0,0,0,0,0,0,0,0,0,0,0,0,0,0,0,0,0,0,0,0,0,0,0,0,0,0,0,14.4178169198798,0,0,0,0,0,-4.98501189379469e-05,-0.0178904452545257,0,-1,46.2002668925453,-1,0,0,-1,0,0,-1,0,0,0,0,0,-1,0,0,0,0,0,0,0,-1,0,0,0,0,0,-1,0,0,0,0,0,0,0,0,3.29578885543375,0,0,0,0,0,-1,-1,0,0,0,0,0,0,0,0,0,0,0,0,0,0,0,0,0,0,0,0,0,0,0,0,0,0,0,0,-1,0,68.6024563795875,0,0,0,0,0,0,0,-0.0998341438087924,0,0,0,0,0,0,0,0,0,0,0,0,0,0,0,0,0,0,0,0,0,0,0,0,0,0,0,-0.000118394030579339,0,0,0,0,0,0,-0.428363901381317,0,0,0,0,0,0,0,0,0,0,0,0,0,0,0,0,0,0,0,-0.00894124761580743,0,0,0,0,0,0,0,-1,0,0,0,0,0,0,0,0,0,0,0,0,0,0,0,-1,-0.531626204181332,0,0,0,0,0,0,0,0,0,0,0,0,0,0,0,-0.389937743244935,0,0,-1,0,0,-1,0,0,0,0,0,0,0,-1,0,0,-9.47152236470267e-05,0,0,-0.159047005779034,-0.00894124761580743,0,0,0,-0.00894124761580743,0,0,0,-0.0268237428474223,0,0,0,0,0,0,0,0,0,0,-10,-0.0178824952316191,0,0,0,0,0,0,0,-10,0,0,0,0,0,0,0,0,0,0,0,0,-0.10206567374681,0,0,0,0,0,0,0,0,0,0,0,-1.20400709017199e-05,0,0,0,0,0,0,0,0.650403988357084,-0.00894124761580743,0,0,0,0,0,-0.488522118212487,0,-0.017882495231591,0,0,0,0,0,0.55366329133819,0,0,0,0,0,0,0,0,0,0,0,-0.00895065179327462,0,0,0,0,0,0.990940362974009,-1,0,-0.000473576120712971,0,0,0,0,0,0,0,0,0,0,0,0,0,0,0,0,-1,-0.0178824952316149,0,0,0,0,0,0,0,0,0,0,0,0,0,0,0,0,0,0,0,0,0,0,-1,0,0,0,0,-0.00894124761580743,0,0,0,0,0,0,0,-0.00894124761580743,-0.00894124761580743,0,0,0,0,0,0,0,0,0,0,0,-0.1,0,0,-1,-1,0,0,0,0,0,0,0,0,0,0,0,0,0,0.973117073996754,-0.00894124761580743,-0.361406499395785,0,0,0,0,0,0,0,0,0,0,0,0,0,0,0,0,0,0,0,0,0,0,0,0,0,0,0,0,0,0,0,0,0,0,0,-1,-0.0655116452638765,0,0,0,0,0,0,-1,0,-1.30342055086885e-05,6.06049723532775,-0.119537827297602,-0.383639343787507,-0.0862467042401328,0,-1,0,0,0,-0.00894124761580744
"Bifidobacterium dentium",0,0,0,0,0,0,0,0,0,-1,0,0,0,0,0,0,0,0,0,0,0,0,0,0,0,0,0,0,0,0,0,0,0,0,0,0,0,0,0,0,0,0,0,0,0,0,0,0,0,-1,0,0,0,0,0,0,0,0,0,0,0,0,0,0,0,0,0,0,0,0,0,0,0,0,0,0,0,0,0,0,0,0,0,0,0,0,0,0,0,0,0,0,0,0,0,0,0,0,0,0,0,0,0,0,0,0,0,0,0,0,0,0,0,0,0,0,0,0,0,0,0,0,0,0,0,0,0,0,-1,0,0,0,0,-1,0,0,0,0,0,-1,0,0,0,0,0,0,0,0,-1,0,0,0,0,0,-1,0,0,0,0,0,0,0,0,0,0,0,0,0,0,0,0,0,0,0,0,0,0,0,0,0,0,0,0,0,0,0,0,0,0,0,0,0,0,-1,0,0,0,0,-8.95293084113291e-09,0,0,0,0,0,-1,0,0,0,0,0,0,0,0,0,0,0,0,0,0,0,0,0.842412,0,0,0,0,0,0,0,0,0,0,0,0,0,0,-0.0050564938340434,0,0,0,0,0,0,0,0,0,-1,0,-1,0,0,0,0,0,0,0,0,0,0,-0.00505649383404339,0,0,0,0,0,0,-10,-0.00505649383404966,0,0,0,0,0,0,0,0,0,0,0,0,0,0,0,0,0,0,0,0,0,0,-0.00505649383404966,0,0,0,-1,0,0,0,0,0,0,0,0,0,0,0,0,0,0,0,0,0,0,0,0,0,0,0,0,0,0,0,0,0,0,0,0,0,0,0,0,0,0,0,0,0,0,0,0,0,0,0,0,0,0,0,0,-1,0,0,0,0,0,0,0,0,0,0,0,0,0,0,0,0,0,0,0,-1,0,0,0,0,0,-0.020225975336199,-0.0202259753361992,0,0,-1,-1,0,0,0,0,0,-1,0,0,0,0,0,-1,0,0,0,0,0,0,0,-1,0,0,0,0,0,-1,0,-1,0,0,0,-1,0,0,-1,0,-1,0,0,0,-1,0,0,0,0,0,0,0,0,0,0,0,0,0,0,0,0,0,0,0,0,0,0,0,0,0,0,0,-1,0,-1,0,-10,0,0,0,0,0,0,0,-0.0681292286976762,0,0,0,0,0,0,0,0,0,0,0,0,0,0,0,0,0,0,0,0,0,0,0,0,0,0,0,0,0,0,0,0,0,0,-0.288898137044477,0,0,0,0,0,0,0,0,0,0,0,0,0,0,0,0,0,0,0,-0.00505649383404965,0,0,0,0,0,0,0,-1,0,0,0,0,0,0,0,0,0,0,0,0,0,0,0,-1,-0.372844492844468,0,0,0,0,0,0,0,0,0,0,0,0,0,0,0,-0.259799863124902,0,0,-1,0,0,-1,0,0,0,0,0,0,0,-1,0,0,-0.740869333742276,0,0,0,-0.0050564938340487,0,0,0,-0.0050564938340487,-1,0,0,-1,-1,0,0,0,0,0,0,0,0,0,-10,-0.0101129876681085,0,0,0,0,0,0,0,-10,0,0,0,0,0,0,0,0,0,0,0,0,-0.0707302772786598,0,0,0,0,0,0,0,0,0,0,-1,-0.111709395594588,0,0,0,0,0,0,0,-0.141120859502852,-0.00505649383404912,0,0,0,0,0,-1,0,-0.0101129876680982,0,0,0,0,0,-0.143513309604277,0,0,0,0,0,0,0,0,0,0,0,-0.0101129876680995,0,0,0,0,0,0,-0.00505649383404976,0,0,0,0,0,0,0,0,0,-2.9840462878461e-09,0,0,0,0,0,0,0,0,-1,-0.0101129965300059,0,0,0,0,0,0,0,0,0,0,0,0,0,0,0,-8.95291502045481e-09,0,0,0,0,0,0,-1,0,0,0,0,-0.00505649383404952,0,0,0,0,0,0,0,-0.00505649383404952,-0.00505649383404953,0,0,0,0,0,0,0,0,0,0,0,-0.1,0,0,-1,-1,0,0,0,0,0,0,0,0,0,0,0,0,0,0,-0.00505649826454658,-1,0,0,0,0,0,0,0,0,0,0,0,0,0,0,0,0,0,0,0,0,0,0,0,0,0,0,0,0,0,0,0,0,0,0,0,-1,-0.0434499265248245,0,0,0,0,0,0,-1,0,-0.111709395594247,-1,0,-1,-1,0,-1,0,0,0,-0.00505649383404971
"Bifidobacterium longum",0,0,0.999963689723138,0,0,0,0,0,0,-0.0001407023261039,0,-2.3450387419922e-05,0,0,0,0,0,0,0,0,0,0,0,0,0,0,0,0,0,0,0,0,0,0,0,0,0,0,0,0,0,0,0,0,0,0,0,0,0.00747486195189129,-6.41987786431779e-06,0,0,0,-3.58477253553646e-06,0,0,0,0,0,0,0,0,0,0,0,0,0,0,0,0,0,0,0,0,0,0,0,0,0,0,0,0,0,0,0,0,0,0,0,0,0,0,0,0,0,0,0,0,0,0,0,0,0,0,0,0,0,0,0,0,0,0,0,0,0,0,0,0,0,0,0,0,0,0,0,0,0,0,23.7400019981944,0,0,0,0,-1,0,0,0,0,0,-1,0,0,0,0,0,-1,0,0,-1.04871296322528e-05,0,-1,0,0,0,-1,0,0,0,0,0,0,0,0,0,0,0,0,0,0,0,0,0,0,0,0,0,0,0,0,0,0,0,0,0,0,0,0,0,0,0,0,0,0,-1,0,0,0,0,0,-0.342046946473095,0,-0.274926809077929,0,0,-1,0,0,0,0,0,0,0,0,0,0,0,0,0,0,0,0,1.343399,0,0,0,0,0,0,0,0,0,0,0,0,0,0,-0.00587643460029116,0,0,0.99995670698009,0,0,0,0,0,0,0,0,-7.0351159249249e-05,0,0,0,0,0,0,0,0,0,0,-0.00587643460029116,0,0,0,0,0,0,5.75923929163129,-0.00587643460029116,0,0,0,0,0,0,0,0,0,0,0,0,-1.20601989387625e-05,0,0,0,0,0,0,0,0,0,-0.00587643460029116,0,0,0,-1,-0.337047859294874,0,0,0,0.856978617067359,0,0,0,0,0,0,0,0,0,0,0,0,0,0,0,0,0,0,0,0,0,0,0,0,0,0,0,0,0,0,0,0,0,0,0,0,0,0,0,0,0,0,0,0,0,0,0,0,0,0,0,0,0,0,0,0,0,0,0,0,0,0,0,0,0,0,0,14.4393524843298,0,0,0,0,0,-0.0117558071369468,-0.000225123717044085,0,-0.421578687747812,37.4867728983221,-1,0,0,-1,0,0,-1,0,0,0,0,0,-1,0,0,0,0,0,0,0,-1,0,0,0,0,0,-1,0,0,0,0,0,0,0,0,-1,0,0,0,0,0,-1,-1,0,0,0,0,0,0,0,0,0,0,0,0,0,0,0,0,0,0,0,0,0,0,0,0,0,0,-0.280060779210618,0,49.9664963244714,0,-10,0.879985913168707,0,0,0,0,0,0,-0.109813545831699,0,0,0,0,0,0,0,0,0,0,0,0,0,0,0,0,0,0,0,0,0,0,0,0,0,0,0,-2.2512371032235e-05,0,0,0,0,0,0,-0.413974799733181,0,0,0,0,0,0,0,0,0,0,0,0,0,0,0,0,0,0,0,-0.00587643460029119,0,0,0,0,0,0,0,-1,0,0,0,0,0,0,0,0,0,0,0,0,0,0,0,-1,-0.611818967068232,0,0,0,0,0,0,0,0,0,0,0,0,0,0,0,-0.397041868668372,0,0,-1,0,0,-1,0,0,0,0,0,0,0,-1,0,0,-0.000112561854976406,0,0,-0.178494947915859,-0.00587643460029119,0,0,0,-0.00587643460029119,-1,0,0,-1.14859040334925e-05,-1,0,0,0,0,0,0,0,0,0,-10,-0.0117528692005822,0,0,0,0,0,0,0,-5.13594390694141,0,0,0,0,0,0,0,0,0,0,0,0,-2.81404642573507e-05,0,0,0,0,0,0,0,0,0,0,-8.04013253997704e-05,-1.3190842491323e-05,0,0,0,0,1.61969764985954,0,0,-1,-0.00341707222853956,0,0,0,0,0,-1,0,-0.0117528692005877,0,0,0.26734209885548,0,0,-0.253754825148937,0,0,0,0,0,0,0,0,0,0,0,-5.62809277845355e-05,0,0,0,0,0,1.99398286743128,-1,0,-1,0,-0.00341707222853956,0,0,0,0,0,0,0,0,0,0,0,0,0,0,-1,-0.0117528692005823,0,0,0,0,0,0,0,0,0,0,0,0,0,0,0,0,0,0,0,0,0,0,-1,0,0,0,0,-0.00341707222853956,0,0,0,0,0,0,0,-0.00587643460029116,-0.00341707222853956,0,0,0,0,0,0,0,0,0,0,0,0,0,0,-1,-1,0,0,0,0,0,0,0,0,0,0,0,0,0,0,-0.00341707222853956,-1,0,0.046595794315,0,0,0,0,0,0,0,0,0,0,0,0,0,0,0,0,0,0,0,0,0,0,0,0,0,0,0,0,0,0,0,0,0,-1,-0.0657124107796086,0,0,0,0,0,0,-1,0,-1.23242907840437e-05,-1,0,-0.48488898002779,-2.44699687930172e-05,0,-1,0,0,0,-0.00587643460029116
"Blautia obeum",0,0,0,0,0,0,0,0,0,0,0,0,0,0,0,0,0,0,0,0,0,0,0,0,0,0,0,0,0,0,0,0,0,0,0,0,0,0,0,0,0,0,0,0,0,0,0,0,0,0,0,0,0,0,0,0,0,0,0,0,0,0,0,0,0,0,0,0,0,0,0,0,0,0,0,0,0,0,0,0,0,0,0,0,0,0,0,0,0,0,0,0,0,0,0,0,0,0,0,0,0,0,0,0,0,0,0,0,0,0,0,0,0,0,0,0,0,0,0,0,0,0,0,0,0,0,0,0,35.7574209553651,0,0,0,0,-1,0,0,0,0,0,-1,0,0,0,0,0,0,0,0,-0.20523030554211,0,0,0,0,0,-1,0,0,0,0,0,0,0,0,0,0,0,0,0,0,0,0,0,0,0,0,0,0,0,0,0,0,0,0,0,0,0,0,0,0,0,0,0,0,-1,0,0,0,0,0,-0.310130886180905,0,0,0,0,-1,0,0,0,0,0,0,0,0,0,0,0,0,0,0,0,0,1.287705,0,0,0,0,-3.38105446809345e-06,0,0,0,0,0,0,0,0,0,-0.0101400334796194,0,0,0,0,0,0,0,0,0,-1,0,-1,0,0,0,0,0,0,0,0,0,0,-0.0101400334796194,0,0,0,0,0,0,-10,-0.0101401336990536,0,0,0,0,0,0,0,0,0,0,0,0,0,0,0,0,0,0,0,0,0,0,-0.0101400334796186,0,0,0,-1,0,0,0,0,0,0,0,0,0,0,0,0,0,0,0,0,0,0,0,0,0,0,0,0,0,0,0,0,0,0,0,0,0,0,0,0,0,0,0,0,0,0,0,0,0,0,0,0,0,0,0,0,0,0,0,0,0,0,0,0,0,0,0,0,0,0,0,0,0,0,0,0,-1,0,0,0,0,0,-0.0101402834708367,-0.0101400334796186,0,0,-1,-1,0,0,0,0,0,-1,0,0,0,0,0,-1,0,0,0,0,0,0,0,-1,0,0,0,0,0,-1,0,0,0,0,0,-4.50807331690839e-06,0,0,-0.741822258641482,0,0,0,0,0,0,-1,0,0,0,0,0,0,0,0,0,0,0,0,0,0,0,0,0,0,0,0,0,0,0,0,-0.947992878936077,-1,-1.35242119227996e-05,0,-1,-1,25.1277656941663,-1.93203213871146e-06,0,0,0,0,0,0,-0.112397335991943,0,0,0,0,0,0,0,0,0,0,0,0,0,0,0,0,0,0,0,0,0,0,0,0,0,0,0,-0.192027592754857,0,0,0,0,0,0,-0.409572249166699,0,0,0,0,0,0,0,0,0,0,0,0,0,0,0,0,0,0,0,-0.0101400334796192,0,0,0,0,0,0,0,-1,0,0,0,0,0,0,0,0,0,0,0,0,0,0,0,-1,-0.559679370036702,0,0,0,0,0,0,0,0,0,0,0,0,0,0,0,-0.423178513227156,0,0,-1,0,0,-1,0,0,0,0,0,0,0,0,0,0,-0.189595096847111,0,0,0,-0.0101400334796192,0,0,0,-0.0101400334796192,0,0,0,-0.0102238630788982,0,0,0,0,0,0,0,0,0,0,-10,-0.0202800669592307,0,0,0,0,0,0,0,3.15038375066967,0,0,0,0,0,0,0,0,0,0,0,0,0,0,0,0,0,0,0,0,0,0,0,0,0,0,0,0,0,0,0,0,-0.229700828255059,-0.00511193153944912,0,0,0,0,0,-0.807622016501817,0,-0.0202805118976812,0,0,0,0,0,-0.242384723076857,0,0,0,0,0,0,0,0,0,0,0,-0.00511239236227644,0,0,0,0,0,-1.57870295058871e-07,-0.0101400334796192,0,0,0,0,0,0,0,0,0,0,0,0,0,0,0,0,0,0,-1,-1,0,0,0,0,0,0,0,0,0,0,0,0,0,0,0,0,0,0,0,0,0,0,-1,0,0,0,0,-0.00511193153944912,0,0,0,0,0,0,0,-0.0101400334796192,-0.00511193153944912,0,0,0,0,0,0,0,0,0,0,0,0,0,0,0.0153357939269654,-1,0,0,0,0,0,0,0,0,0,0,0,0,0,0,-0.00511193153944912,-1,0,0,0,0,0,0,0,0,0,0,0,0,0,0,0,0,0,0,0,0,0,0,0,0,0,0,0,0,0,0,0,0,0,0,0,0,-0.0706010052177382,0,0,0,0,0,0,-0.163049189633827,0,-0.243686987631184,0,0,-0.46313936135243,-1.35242179012396e-05,0,-1,0,0,0,-0.0101400334796192
"Blautia wexlerae",-0.00239875361480926,0,0,0,0,0,0,0,0,-0.0213685140168777,0,0,0,0,0,0,0,0,0,0,0,0,0,0,0,0,0,0,0,0,0,0,0,0,0,0,0,0,0,0,0,0,0,0,0,0,0,0,0,0,0,0,0,0,0,0,0,0,0,0,0,0,0,0,0,0,0,0,0,0,0,0,0,0,0,0,0,0,0,0,0,0,0,0,0,0,0,0,0,0,0,0,0,0,0,0,0,0,0,0,0,0,0,0,0,0,0,0,0,0,0,0,0,0,0,0,0,0,0,0,0,0,0,0,0,0,0,0,31.8099588054046,0,0,0,0,-1,0,0,0,0,0,-1,0,0,0,0,0,0,0,0,0,0,0,0,0,0,-0.645763424233477,0,0,0,0,0,0,0,0,0,0,0,0,0,0,0,0,0,0,0,0,0,0,0,0,0,0,0,0,0,0,0,0,0,0,0,0,0,0,-1,0,0,0,0,0,-1,0,0,0,0,0,0,0,0,0,0,0,0,0,0,0,0,0,0,0,0,0,1.162119,0,0,0,0,-1.52093565086719e-05,0,0,0,0,0,0,0,0,0,-0.00520664293763441,0,0,0,0,0,0,0,0,0,-1,0,-0.0925397030876347,0,0,0,0,0,0,0,0,0,-0.0104132858752688,-0.00520664293763441,0,0,0,0,0,0,26.1345579550189,-0.00520664293763441,0,0,0,0,0,0,0,0,0,0,0,0,0,0,0,0,0,0,0,0,0,0,-0.00520664293763441,0,0,0,0,0,0,0,0,0,0,0,0,0,0,0,0,0,0,0,0,0,0,0,0,0,0,0,0,0,0,0,0,0,0,0,0,0,0,0,0,0,0,0,0,0,0,0,0,0,0,0,0,0,0,0,0,0,0,0,0,0,0,0,0,0,0,0,0,0,0,0,0,0,0,0,0,-1,0,0,0,0,0,-0.00520664293763462,-0.00520664293763462,0,-0.0156199288128982,-1,-1,0,0,0,0,0,-1,0,0,0,0,0,-3.80233819990972e-06,0,0,0,0,0,0,0,-1,0,0,0,0,0,-1,0,0,0,0,0,-1,0,0,-0.558437793352198,0,0,0,0,0,0,-1,0,0,0,0,0,0,0,0,0,0,0,0,0,0,0,0,0,0,0,0,0,0,0,0,0,-0.00520664293763462,-1.5209348682238e-05,0,-1,40.3519400016771,-2.70635357847313,0,0,0,0,0,0,0,-0.0930055668017363,0,0,0,0,0,0,0,0,0,0,0,0,0,0,0,0,0,0,0,0,0,0,0,0,0,0,0,-0.296211184608655,0,0,0,0,0,0,-0.388822142193162,0,0,0,0,0,0,0,0,0,0,0,0,0,0,0,0,0,0,0,-0.00520664293763441,0,0,0,0,0,0,0,-1,0,0,0,0,0,0,0,0,0,0,0,0,0,0,0,-0.313496123856911,-0.525289807342016,0,0,0,0,0,0,0,0,0,0,0,0,0,0,0,-0.344417286214474,0,0,-1,0,0,-1,0,0,0,0,0,0,0,0,0,0,-0.159385702938464,0,0,0,-0.00520664293763441,0,0,0,-0.00520664293763441,0,0,0,-0.0104132858752688,0,0,0,0,0,0,0,0,0,0,0,-0.0104132858752688,0,0,0,0,0,0,0,0.135950455201524,0,0,0,0.999992395322423,-1,0,0,0,0,0,0,0,-0.0935223856980351,0,0,0,0,0,0,0,0,0,0,-0.00522185111038131,0,0,0,0,0,0,0,0,-0.18676418688642,-0.00520664293763442,0,0,0,0,0,-0.356063299676441,0,-0.0104132858752688,0,0,0,0,0,-0.206496971985863,0,0,0,0,0,0,0,0,0,0,0,-0.00520664293763442,0,0,0,0,0,0,-0.00520664293763442,0,-0.00520664293763442,0,0,0,0,0,0,0,0,0,0,0,0,0,0,0,0,-1,-0.0104132858752688,0,0,0,0,0,0,0,0,0,0,0,0,0,0,0,0,0,0,0,0,0,0,-1,0,0,0,0,-0.00520664293763442,0,0,0,0,0,0,0,-0.00520664293763442,-0.00520664293763442,0,0,0,0,0,0,0,0,0,0,0,0,0,0,-0.783502207211427,-1,0,0,0,0,0,0,0,0,0,0,0,0,0,0,-0.00520664293763442,0,0,0,0,0,0,0,0,0,0,0,0,0,0,0,0,0,0,0,0,0,0,0,0,0,0,0,0,0,0,0,0,0,0,0,0,-1,0,0,0,0,-1.52093551264443e-05,0,0,-0.137049685584465,0,0,-1,0,-0.394566231044564,-1.52093552520938e-05,0,-1,0,0,0,-0.00520664293763444
"Citrobacter amalonaticus",0,0,0,0,0,0,0,0,0,-1,0,0,0,0,0,0,0,0,0,0,0,0,0,0,0,0,0,0,0,0,0,0,0,0,0,0,0,0,-1,0,0,0,0,0,0,0,0,0,0,-0.0159247983612466,0,0,0,0,0,0,0,0,0,0,0,0,0,0,0,0,0,0,0,0,0,0,0,0,0,0,0,0,0,0,0,0,0,0,0,0,0,0,0,0,0,0,0,0,0,0,0,0,0,0,0,0,0,0,0,0,0,0,0,0,0,0,0,0,0,0,0,0,0,0,0,0,0,0,0,0,0,0,21.9400471558106,0,0,0,0,-1,0,0,0,0,0,-1,0,0,0,0,0,0,0,0,0,-1,0,0,-1,-1,-1,0,0,0,0,0,0,0,0,0,0,0,0,0,0,0,0,0,0,0,0,0,0,0,0,0,0,0,0,0,0,0,0,0,0,0,0,0,0,-1,0,0,0,0,0,-1,0,0,0,0,-1,0,0,0,0,0,0,0,0,0,0,0,0,0,0,0,0,1.714279,0,0,0,0,0,0,0,0,0,0,0,0,0,0,-0.00530826612041538,0,0,0,0,0,0,0,0,0,-1,0,-0.146489205874843,0,0,0,0,0,0,0,0,0,-1,-0.00530826612041538,0,0,0,0,0,0,4.14283186353759,-0.00530920313358799,0,0,0,0,0,0,0,0,0,0,0,0,0,0,0,0,0,0,0,0,0,0,-0.00530826612041552,0,0,0,0,-1,0,0,0,0.753596315247005,0,0,0,0.826450263339393,0,0,0,0,0,0,0,0,0,0,0,0,-3.26497096472256e-05,0,0,0,0,0,0,0,0,0,0,0,0,0,0,0,0,0,0,0,0,0,0,0,0,0,0,0,0,0,0,-1,0,0,-3.26497099137346e-05,0,0,0,0,0,0,0,0,0,0,0,0,0,0,0,0,15.0138469105674,0,0,0,0,0,-2.72080887953052e-05,-0.0106187971878466,0,0,39.620896074169,-1,0,0,-1,0,0,-1,0,0,0,0,0,-1,0,0,0,0,0,0,0,-1,0,0,0,0,0,-1,0,-1,0,0,0,-1.81387270004052e-05,0,0,0.174057389983601,0,-1,0,0,0,-1,-1,0,0,0,0,0,0,0,0,0,0,0,0,0,0,0,0,0,0,0,0,0,0,-1,0,0,0,-6.27879046533053e-06,0,51.0455772756187,0,-10,0,0,0,0,-3.62774567033153e-05,0,0,-0.13588064129456,0,0,0,0,0,0,0,0,0,0,0,0,0,0,0,0,0,0,0,0,0,0,0,0,0,0,0,-7.09776282903363e-06,0,0,0,0,0,0,0.439403779279475,0,0,0,0,-0.720977402240848,0,-5.44161848665681e-05,0,0,0,0,0,0,0,0,0,0,0,0,-0.00530826612041533,0,0,0,0,0,0,0,-1,0,0,0,0,0,0,0,0,0,0,0,0,0,0,0,-1,-0.789552514175414,0,0,0,0,0,0,0,0,0,0,0,0,0,0,0,0.467745953986947,0,-1,-1,0,0,-1,0,0,0,0,0,0,0,-1,0,0,-5.44161857305436e-05,0,0,-0.224420329215263,-0.00530826612041533,0,0,0,-0.00530826612041533,-1,0,0,0,0,0,0,0,0,0,0,0,0,0,0,0,0,0,0,0,0,0,0,1.79502381205108,0,-0.0106165322408304,0,-1,-1,0,0,0,0,0,0,0,-0.146029175262868,0,0,0,0,0,0,0,0,0,0,-1,0,0,0,0,0,0,0,0,-0.264890450807879,-0.00530826612041546,0,0,0,0,0,-0.553250332809057,0,-0.0106165322408309,2.63811271528672,0,0,0,0,-0.316054541739989,0,0,0,0,0,0,0,0,0,0,0,1.57172468959294,0,0,0,0,0,-1.77444076035603e-06,-0.00530826612041546,0,-0.00530826612041546,0,0,0,0,0,0,0,0,0,0,0,0,0,0,0,0,-1,0,-1,0,0,0,0,0,0,0,0,0,0,0,0,0,0,0,0,0,0,0,0,0,-1,0,0,0,0,-0.00530826612041546,0,0,0,0,0,0,0,-0.0053354730150618,-0.00530826612041546,0,0,0,0,0,0,0,0,0,0,0,0,0,0,-1,-1,0,0,0,0,0,0,0,0,0,0,0,0,0,0,-0.00530826612041548,-1,0,-3.26497092828504e-05,0,0,0,0,0,0,0,0,0,0,0,0,0,0,0,0,0,0,0,0,0,0,0,0,0,0,0,0,0,0,0,0,0,-1,-1,0,0,0,-0.471900861941228,0,0,-0.206881441424328,0,-6.27879030706824e-06,0,-0.224285648126456,-0.603847700261781,-6.27879023795685e-06,0,-1,0,0,0,-0.00530826612041553
"Clostridioides difficile",0,0,0,0,0,0,0,0,0,-1,0,-1,0,0,0,0,0,0,0,0,0,0,0,0,0,0,0,0,0,0,0,0,0,0,0,0,0,0,0,0,0,0,0,0,0,0,0,0,0,0,0,0,0,0,0,0,0,0,0,0,0,0,0,0,0,0,0,0,0,0,0,0,0,0,0,0,0,0,0,0,0,0,0,0,0,0,0,0,0,0,0,0,0,0,0,0,0,0,0,0,0,0,0,0,0,0,0,0,0,0,0,0,0,0,0,0,0,0,0,0,0,0,0,0,0,0,0,0,-1,0,0,0,0,-1,0,0,0,0,0,-1,0,0,0,0,0,0,0,0,-1,-1,0,0,0,-1,-1,0,0,0,0,0,0,0,0,0,0,0,0,0,0,0,0,0,0,0,0,0,0,0,0,0,0,0,0,0,0,0,0,0,0,0,0,0,0,0,0,0,0,0,0,-1,0,-1,0,0,-1,0,0,0,0,0,0,0,0,0,0,0,0,0,0,0,0,1.709666,0,0,0,0,-1,0,0,0,0,0,0,0,0,0,-0.00711751158487456,0,0,0,0,0,0,0,0,0,-1,0,-1,0,0,0,0,0,0,0,0,0,0,-0.00711751158487163,0,0,0,0,0,0,-10,-0.00711751158486981,0,0,0,0,0,0,0,0,0,0,0,0,-1,0,0,0,0,0,0,0,0,0,-0.00711751158488274,0,0,0,-1,-1,0,0,0,-1,0,0,0,-1,0,0,0,0,0,0,0,0,0,0,0,0,-1,0,0,0,0,0,0,0,0,0,0,0,0,0,0,0,0,0,0,0,0,0,0,0,0,0,0,0,0,0,0,-1,0,0,-1,0,0,0,0,0,0,0,0,0,0,0,0,0,0,0,0,-1,0,0,0,0,0,-0.0193744508979206,-0.00711751158486214,0,-0.0183854089695876,-1,-1,0,0,0,0,0,0,0,0,0,0,0,-1,0,0,0,0,0,0,0,-1,0,0,0,0,0,-1,0,0,0,0,0,-1,0,0,-1,0,-1,0,0,0,-1,-1,0,0,0,0,0,0,0,0,0,0,0,0,0,0,0,0,0,0,0,0,0,0,0,0,0,0,0,0,-1,0,-10,-1,0,0,0,0,0,0,-1,0,0,0,0,0,0,0,0,0,0,0,0,0,0,0,0,0,0,0,0,0,0,0,0,0,0,0,-1,0,0,0,0,0,0,-1,0,0,0,0,-1,0,-1,0,0,0,0,0,0,0,0,0,0,0,0,-0.00711751158486912,0,0,0,0,0,0,0,-1,0,0,0,0,0,0,0,0,0,0,0,0,0,0,0,-1,-1,0,0,0,0,0,0,0,0,0,0,0,0,0,0,0,-0.503787355267321,0,-1,-1,0,0,-1,0,0,0,0,0,0,0,-1,0,0,-1,0,0,-1,-0.00711751158486912,0,0,0,-0.00711751158486912,-1,0,0,-1,-0.00612846965653705,0,0,0,0,0,0,0,0,0,-10,-0.0142350231697416,0,0,0,0,0,0,0,-10,0,0,0,0,0,0,0,0,0,0,0,0,-0.134332062503882,0,0,0,0,0,0,0,0,0,0,-1,0,0,0,0,0,0,0,0,-1,-0.00612846965653516,0,0,0,0,0,-1,0,-0.0142351203613013,0,0,0,0,0,-1,0,0,0,0,0,0,0,0,0,0,0,-1,0,0,0,0,0,-0.00612846965653628,-0.0071175115848749,0,-0.00711751158487486,0,-0.00612846965653619,0,0,0,0,0,0,0,0,0,0,0,0,0,0,-1,-0.0142350231697404,0,0,0,0,0,0,0,0,0,0,0,0,0,0,0,0,0,0,0,0,0,0,-1,0,0,0,0,-0.00612846965653619,0,0,0,0,0,0,0,-0.00711751158487023,-0.00612846965653695,0,0,0,0,0,0,0,0,0,0,0,0,0,0,-1,-1,0,0,0,0,0,0,0,0,0,0,0,0,0,0,-0.00612846965653716,-1,0,-0.034885739926808,0,0,0,0,0,0,0,0,0,0,0,0,0,0,0,0,0,0,0,0,0,0,0,0,0,0,0,0,0,0,0,0,0,-1,-1,0,0,0,0,0,0,-1,0,-1,0,-1,-1,-1,0,-1,0,0,0,-0.00711751158486211
"Clostridium cadaveris",-0.0262106952918797,0,0,0,0,0,0,0,0,0,0,0,0,0,0,0,0,0,0,0,0,0,0,0,0,0,0,0,0,0,0,0,0,0,0,0,0,0,-1,0,0,0,0,0,0,0,0,0,0,0,0,0,0,0,0,0,0,0,0,0,0,0,0,0,0,0,0,0,0,0,0,0,0,0,0,0,0,0,0,0,0,0,0,0,0,0,0,0,0,0,0,0,0,0,0,0,0,0,0,0,0,0,0,0,0,0,0,0,0,0,0,0,0,0,0,0,0,0,0,0,0,0,0,0,0,0,0,0,21.2722384142752,0,0,0,0,-1,0,0,0,0,0,-1,0,0,0,0,0,0,0,0,0,-1,0,0,0,0,0,0,0,0,0,0,0,0,0,0,0,0,0,0,0,0,0,0,0,0,0,0,0,0,0,0,0,0,0,0,0,0,0,0,0,0,0,0,0,0,0,0,0,0,0,-0.121937375054544,0,0,0,0,0,0,0,0,0,0,0,0,0,0,0,0,0,0,0,0,0,0.630477,0,0,0,0,-1.40546446800727e-05,0,0,0,0,0,0,0,0,0,-0.00500579844054134,0,0,0,0,0,0,0,0,0,0,0,-0.0509255838404083,0,0,0,0,0,0,0,0,0,0,-0.00500579844054134,0,0,0,0,0,0,-10,-0.00500579844054134,0,0,0,0,0,0,0,0,0,0,0,0,-6.69268832353964e-07,0,0,0,0,0,0,0,0,0,-0.00500579844054134,0,0,0,0,-0.636566242186105,0,0,0,1.90459091374018,0,0,0,1.35009356126331,0,0,0,0,0,0,0,0,0,0,0,0,-0.0320057248731279,0,0,0,0,0,0,0,0,0,0,0,0,0,0,0,0,0,0,0,0,0,0,0,0,0,0,0,0,0,0,-1,0,0,-1,0,0,0,0,0,0,0,0,0,0,0,0,0,0,0,0,-1,0,0,0,0,0,-0.00500579844054135,-0.00500579844054135,0,-0.0150173953216241,27.3346416113118,-1,0,0,0,0,0,-1,0,0,0,0,0,-0.195857120588381,0,0,0,0,0,0,0,-1,0,0,0,0,0,-1,0,0,0,0,0,-1,0,0,0.664719839067755,0,-1,0,0,0,-1,-1,0,0,0,0,0,0,0,0,0,0,0,0,0,0,0,0,0,0,0,0,0,0,0,0,0,0,-7.59710512478196e-07,0,-1,0,38.433042868996,0,0,0,0,0,0,0,-0.0516850687281949,0,0,0,0,0,0,0,0,0,0,0,0,0,0,0,0,0,0,0,0,0,0,0,0,0,0,0,-9.36976510379495e-07,0,0,0,0,0,0,0.777064661793352,0,0,0,0,0.965639363154754,0,-1,0,0,0,0,0,0.967180513748017,0.485670271305336,0,0,0,0,0.242835135652668,-0.00500579844054134,0,0,0,0,0,0,0,-1,0,0,0,0,0,0,0,0,0,0,0,0,0,0,0,0,-1,0,0,0,0,0,0,0,0,0,0,0,0,0,0,0,-1.40546452405133e-05,0,-1,-1,-2.86829500983909e-07,0,-1,0,0,0,0,0,0,0,0,0,0,-1.4054645438577e-05,0,0,-0.0915823361732693,-0.00500579844054134,0,0,0,-0.00500579844054134,0,0,0,-0.0100115968810827,0,0,0,0,0,0,0,0,0,0,0,-0.0100115968810821,0,0,0,0,0,0,0,1.84488826604743,0,0,0,0,0,0,0,0,0,0,0,0,0,0,0,0,0,0,0,0,0,0,0,0,0,0,0,0,0,0,0,0,-0.111083747149008,-0.00500579844054134,0,0,0,0,0,-3.74790533896885e-06,0,-0.0100123361918887,0,0,0.107283757009938,0,0,-0.101525715440177,0,0,0,0,0,0,0,0,0,0,0,-0.00500579844054134,0,0,0,0,0,0,-0.00500579844054134,0,0,0,0,0,0,0,0,0,0,0,0,0,0,0,0,0,0,-1,-0.0100115968810827,0,0,0,0,0,0,0,0,0,0,0,0,0,0,0,0,0,0,0,0,0,0,0,0,0,0,0,-0.00500579844054134,0,0,0,0,0,0,0,-0.00500579844054134,-0.00500579844054134,0,0,0,0,0,0,0,0,0,0,0,0,0,0,-1,0,0,0,0,0,0,0,0,0,0,0,0,0,0,0,-0.00500579844054134,-1,0,-0.0116745430839331,0,0,0,0,0,0,0,0,0,0,0,0,0,0,0,0,0,0,0,0,0,0,0,0,0,0,0,0,0,0,0,0,0,0,-1,0,0,0,0,0,0,-0.0700081689280087,0,-9.0675124764239e-07,0,-1,-1,0,0,0,0,0,0,-0.00500579844054134
"Clostridium jeddahense",-0.0103250481352879,0,0,0,0,0,0,0,0,-0.00050721650748109,0,0,0,0,0,0,0,0,0,0,0,0,0,0,0,0,0,0,0,0,0,0,0,0,0,0,0,0,0,0,0,0,0,0,0,0,0,0,0,0,0,0,0,0,0,0,0,0,0,0,0,0,0,0,0,0,0,0,0,0,0,0,0,0,0,0,0,0,0,0,0,0,0,0,0,0,0,0,0,0,0,0,0,0,0,0,0,0,0,0,0,0,0,0,0,0,0,0,0,0,0,0,0,0,0,0,0,0,0,0,0,0,0,0,0,0,0,0,11.1856356567993,0,0,0,0,-1,0,0,0,0,0,0,0,0,0,0,0,0,0,0,0,0,0,0,0,0,0,0,0,0,0,0,0,0,0,0,0,0,0,0,0,0,0,0,0,0,0,0,0,0,0,0,0,0,0,0,0,0,0,0,0,0,0,0,0,0,0,0,0,0,0,0,0,0,0,0,-1,0,0,0,0,0,0,0,0,0,0,0,0,0,0,0,0,0.24836,0,0,0,0,-1,0,0,0,0,0,0,0,0,0,-0.00197190914924531,0,0,0,0,0,0,0,0,0,0,0,-0.020060860599633,0,0,0,0,0,0,0,0,0,0,-0.00197190914924531,0,0,0,0,0,0,-0.00701486028776183,-0.00197190914924531,0,0,0,0,0,0,0,0,0,0,0,0,0,0,0,0,0,0,0,0,0,0,-0.00197190914924531,0,0,0,0,0,0,0,0,0,0,0,0,0,0,0,0,0,0,0,0,0,0,0,0,0,0,0,0,0,0,0,0,0,0,0,0,0,0,0,0,0,0,0,0,0,0,0,0,0,0,0,0,0,0,0,0,-1,0,0,0,0,0,0,0,0,0,0,0,0,0,0,0,0,0,0,0,4.01247622205952,0,0,0,0,0,-0.00197190914924531,-0.00197190914924531,0,-0.00591572744773594,11.4621227625381,0,0,0,0,0,0,-1,0,0,0,0,0,0,0,0,0,0,0,0,0,0,0,0,0,0,0,-1,0,0,0,0,0,-1,0,0,-0.220091208466289,0,-1,0,0,0,-1,-1,0,0,0,0,0,0,0,0,0,0,0,0,0,0,0,0,0,0,0,0,0,0,0,0,0,0,0,0,-1,0,9.64848081975789,0,0,0,0,0,0,0,0,0,0,0,0,0,0,0,0,0,0,0,0,0,0,0,0,0,0,0,0,0,0,0,0,0,0,0,-0.0375804949041818,0,0,0,0,0,0,-0.0878142701348794,0,0,0,0,0.986406719928087,0,0,0,0,0,0,0,0,0,0,0,0,0,0,-0.00197190914924532,0,0,0,0,0,0,0,-1,0,0,0,0,0,0,0,0,0,0,0,0,0,0,0,0,-0.106945491940032,0,0,0,0,0,0,0,0,0,0,0,0,0,0,0,-0.0803943463368526,0,-1,-1,0,0,0,0,0,0,0,0,0,0,0,0,0,-0.000117307024730277,0,0,-0.0301900906478329,-0.00197190914924532,0,0,0,-0.00197190914924532,0,0,0,-0.00394381829849063,0,0,0,0,0,0,0,0,0,0,0,-0.00394381829849166,0,0,0,0,0,0,0,3.0832038696165,0,0,0,0,0,0,0,0,0,0,0,0,0,0,0,0,0,0,0,0,0,0,0,0,0,0,0,0,0,0,0,0,-0.0437586650636084,-0.00197190914924531,0,0,0,0,0,0.691382691515745,0,-0.00394381829849062,0,0,0,0,0,-1,0,0,0,0,0,0,0,0,0,0,0,-0.00197190914924531,0,0,0,0,0,0,0,0,0,0,0,0,0,0,0,0,0,0,0,0,0,0,0,0,0,-1,-0.00394381829849062,0,0,0,0,0,0,0,0,0,0,0,0,0,0,0,0,0,0,0,0,0,0,-1,0,0,0,0,-0.00197190914924531,0,0,0,0,0,0,0,-0.00197190914924531,-0.00197190914924531,0,0,0,0,0,0,0,0,0,0,0,0,0,0,2.09185343096829,0,0,0,0,0,0,0,0,0,0,0,0,0,0,0,-0.00197190914924531,0,0,-0.00321030991890688,0,0,0,0,0,0,0,0,0,0,0,0,0,0,0,0,0,0,0,0,0,0,0,0,0,0,0,0,0,0,0,0,0,0,-1,0,0,0,0,0,0,-0.0275779679247578,0,-0.0169620397819639,0,0,-0.07642554295575,0,0,0,0,0,0,-0.00197190914924531
"Clostridium scindens",0,0,0,0,0,0,0,0,0,0,0,0,0,0,0,0,0,0,0,0,0,0,0,0,0,0,0,0,0,0,0,0,0,0,0,0,0,0,0,0,0,0,0,0,0,0,0,0,0,0,0,0,0,0,0,0,0,0,0,0,0,0,0,0,0,0,0,0,0,0,0,0,0,0,0,0,0,0,0,0,0,0,0,0,0,0,0,0,0,0,0,0,0,0,0,0,0,0,0,0,0,0,0,0,0,0,0,0,0,0,0,0,0,0,0,0,0,0,0,0,0,0,0,0,0,0,0,0,5.06209674024732,0,0,0,0,-1,0,0,0,0,0,0,0,0,0,0,0,0,0,0,0,0,0,0,0,0,0,0,0,0,0,0,0,0,0,0,0,0,0,0,0,0,0,0,0,0,0,0,0,0,0,0,0,0,0,0,0,0,0,0,0,0,0,0,0,0,0,0,0,0,0,0,0,-1,0,0,0,0,0,0,0,0,0,0,0,0,0,0,0,0,0,0,0,0.446958,0,0,0,0,-3.35214312006116e-05,0,0,0,0,0,0,0,0,0,-0.00894989883463522,0,0,0,0,0,0,0,0,0,0,0,-0.0474853277112706,0,0,0,0,0,0,0,0,0,0,-0.00894989883463522,0,0,0,0,0,0,0.154553606820027,-0.00894989883463526,0,0,0,0,0,0,0,0,0,0,0,0,0,0,0,0,0,0,0,0,0,0,-0.00894989883463526,0,0,0,0,0,0,0,0,0,0,0,0,0,0,0,0,0,0,0,0,0,0,0,0,0,0,0,0,0,0,0,0,0,0,0,0,0,0,0,0,0,0,0,0,0,0,0,0,0,0,0,0,0,0,0,0,-1,0,0,0,0,0,0,0,0,0,0,0,0,0,0,0,0,0,0,0,6.61248829046683,0,0,0,0,0,-0.00894989883463526,-0.00894989883463526,0,0,3.94934356081399,-1,0,0,0,0,0,-1,0,0,0,0,0,-1,0,0,0,0,0,0,0,0,0,0,0,0,0,-1,0,0,0,0,0,0,0,0,-0.379092342565945,0,-1,0,0,0,0,0,0,0,0,0,0,0,0,0,0,0,0,0,0,0,0,0,0,0,0,0,0,0,0,0,0,0,0,0,-1,0,-5.31758509351405,0,0,0,0,0,0,0,0,0,0,0,0,0,0,0,0,0,0,0,0,0,0,0,0,0,0,0,0,0,0,0,0,0,0,0,-0.106571197487736,0,0,0,0,0,0,-0.140479085283952,0,0,0,0,0,0,0,0,0,0,0,0,0,0,0,0,0,0,0,-0.00894989883463526,0,0,0,0,0,0,0,0,0,0,0,0,0,0,0,0,0,0,0,0,0,0,0,-1,-0.180495287973969,0,0,0,0,0,0,0,0,0,0,0,0,0,0,0,-0.168150291678892,0,0,0,0,0,-1,0,0,0,0,0,0,0,0,0,0,-0.0679082066291187,0,0,0,-0.00894989883463526,0,0,0,-0.00894989883463526,0,0,0,0,0,0,0,0,0,0,0,0,0,0,-10,0,0,0,0,0,0,0,0,1.14103347304539,0,-0.0178997976692705,0,0,0,0,0,0,0,0,0,0,0,0,0,0,0,0,0,0,0,0,0,0,0,0,0,0,0,0,0,0,0,0,0,0,0,0,0,-0.511276855340247,0,-0.0178997976692706,0,0,0,0,0,-0.0836483003846379,0,0,0,0,0,0,0,0,0,0,0,0,0,0,0,0,0,0,-0.00894989883463526,0,0,0,0,0,0,0,0,0,0,0,0,0,0,0,0,0,0,-1,-0.0178997976692705,0,0,0,0,0,0,0,0,0,0,0,0,0,0,0,0,0,0,0,0,0,0,0,0,0,0,0,0,0,0,0,0,0,0,0,-0.00894989883463526,0,0,0,0,0,0,0,0,0,0,0,0,0,0,0,1.74146116819298,0,0,0,0,0,0,0,0,0,0,0,0,0,0,0,0,0,0,0,0,0,0,0,0,0,0,0,0,0,0,0,0,0,0,0,0,0,0,0,0,0,0,0,0,0,0,0,0,0,0,0,0,0,-0.0283085693463074,0,0,0,0,0,0,0,0,-0.0463377168319355,0,0,-0.159879110971149,0,0,-1,0,0,0,-0.00894989883463526
"Clostridium symbiosum",0,0,0,0,0,0,0,0,0,0,0,0,0,0,0,0,0,0,0,0,0,0,0,0,0,0,0,0,0,0,0,0,0,0,0,0,0,0,-1,0,0,0,0,0,0,0,0,0,0,0,0,0,0,0,0,0,0,0,0,0,0,0,0,0,0,0,0,0,0,0,0,0,0,0,0,0,0,0,0,0,0,0,0,0,0,0,0,0,0,0,0,0,0,0,0,0,0,0,0,0,0,0,0,0,0,0,0,0,0,0,0,0,0,0,0,0,0,0,0,0,0,0,0,0,0,0,0,0,20.3291158643738,0,0,0,0,-1,0,0,0,0,0,-1,0,0,0,0,0,-1,0,0,0,0,0,0,0,0,-1,0,0,0,0,0,0,0,0,0,0,0,0,0,0,0,0,0,0,0,0,0,0,0,0,0,0,0,0,0,0,0,0,0,0,0,0,0,0,-1,0,0,0,0,0,-0.244418601906943,0,0,0,0,0,0,0,0,0,0,0,0,0,0,0,0,0,0,0,0,0,0.952342,0,0,0,0,-6.32516341880773e-06,0,8.19109620373035,0,0,0,0,0,0,0,-0.00747855210229822,0,0,0,0,0,0,0,0,0,0,0,-0.0920507215594769,0,0,0,0,0,0,0,0,0,-1,-0.00747855210229822,0,0,0,0,0,0,3.95118453730977,-0.00747855210229822,0,0,0,0,0,0,0,0,0,0,0,0,-1,0,0,0,0,0,0,0,0,0,-0.00747855210229822,0,0,0,-1,0,0,0,0,0,0,0,0,0,0,0,0,0,0,0,0,0,0,0,0,0,0,0,0,0,0,0,0,0,0,0,0,0,0,0,0,0,0,0,0,0,0,0,0,0,0,0,0,0,0,0,0,-1,0,0,0,0,0,0,0,0,0,0,0,0,0,0,0,0,0,0,0,-1,0,0,0,0,0,-0.00747855210229822,-0.00747855210229822,0,-0.00756140586565651,18.9358206495667,-1,0,0,0,0,0,-1,0,0,0,0,0,-0.187261599644134,0,0,0,0,0,0,0,-1,0,0,0,0,0,-1,0,0,0,0,0,0,0,0,-1,0,-1,0,0,0,0,-1,0,0,0,0,0,0,0,0,0,0,0,0,0,0,0,0,0,0,0,0,0,0,0,0,-0.5,-1,-0.328016644634516,0,-1,0,25.9767957211928,0,0,0,0,0,0,0,-0.0949042930842474,0,0,0,0,0,0,0,0,0,0,0,0,0,0,0,0,0,0,0,0,0,0,0,0,0,0,0,0,0,0,0,0,0,0,0.708330701043298,0,0,0,0,0,0,0,0,0,0,0,0,0,0,0,0,0,0,0,-0.00747855210229822,0,0,0,0,0,0,0,-1,0,0,0,0,0,0,0,0,0,0,0,0,0,0,0,0,-0.415197769376833,0,0,0,0,0,0,0,0,0,0,0,0,0,0,0,-0.314530027865989,0,-1,0,0,0,-1,0,0,0,0,0,0,0,0,0,0,-0.138327143807052,0,0,-1.08431357830341e-05,-0.00747855210229822,0,0,0,-0.00747855210229822,0,0,0,-1.30865535585833e-06,-0.00504093724377119,0,0,0,0,0,0,0,0,0,-10,-0.0149571042045962,0,0,0,0,0,0,0,3.52876679505662,0,0,0,0,0,0,0,0,0,0,0,0,-0.0263951815547405,0,0,0,0,0,0,0,0,0,0,0.244414779202596,0,0,0,0,0,0,0,0,-0.17056447146516,-0.0025204686218855,0,0,0,0,0,-0.330142310367764,-4.59084479764726e-07,-0.0149577702742274,0,0,0,0,0,-0.187897097822871,0,0,0,0,0,0,0,0,0,0,0,-0.00252143319274302,0,0,0,0,0,0,-0.00747855210229822,0,0,0,0,0,0,0,0,0,0,0,0,0,0,0,0,0,0,-1,-1,0,0,0,0,0,0,0,0,0,0,0,0,0,0,0,0,0,0,0,0,0,0,-1,0,0,0,0,-0.0025204686218855,0,0,0,0,0,0,0,-0.00747855210229822,-0.0025204686218855,0,0,0,0,0,0,0,0,0,0,0,0,0,0,-1,-1,0,0,0,0,0,0,0,0,0,0,0,0,0,0,-0.0025204686218855,-1,0,0.66496327808,0,0,0,0,0,0,0,0,0,0,0,0,0,0,0,0,0,0,0,0,0,0,0,0,0,0,0,0,0,0,0,0,0,0,-0.0523188183633809,0,0,0,0,0,0,-0.120480800028238,0,0.121568452974098,0,0,-0.359010688903806,0,0,-1,0,0,0,-0.00747855210229822
"Collinsella aerofaciens",0,0,0,0,0,0,0,0,0,-0.0220711922162486,0,0,0,0,0,0,0,0,0,0,0,0,0,0,0,0,0,0,0,0,0,0,0,0,0,0,0,0,0,0,0,0,0,0,0,0,0,0,0,0,0,0,0,0,0,0,0,0,0,0,0,0,0,0,0,0,0,0,0,0,0,0,0,0,0,0,0,0,0,0,0,0,0,0,0,0,0,0,0,0,0,0,0,0,0,0,0,0,0,0,0,0,0,0,0,0,0,0,0,0,0,0,0,0,0,0,0,0,0,0,0,0,0,0,0,0,0,0,11.0780386771705,0,0,0,0,-1,0,0,0,0,0,-1,0,0,0,0,0,-1,0,0,-0.128254664701312,0,0,0,0,0,-0.513507103760529,0,0,0,0,0,0,0,0,0,0,0,0,0,0,0,0,0,0,0,0,0,0,0,0,0,0,0,0,0,0,0,0,0,0,0,0,0,0,0,0,0,0,0,0,-1,0,-1,0,0,-1,0,0,0,0,0,0,0,0,0,0,0,0,0,0,0,0,0.898079,0,0,0,0,0,0,0,0,0,0,0,0,0,0,-0.00362545675717979,0,0,0,0,0,0,0,0,0,-1,0,-0.00264619112823894,0,0,0,0,0,0,0,0,0,0,-0.00362545675717979,0,0,0,0,0,0,20.9460417356376,-0.0036262727327492,0,0,0,0,0,0,0,0,0,0,0,0,0,0,0,0,0,0,0,0,0,0,-0.0036254567571798,0,0,0,-0.0751600532490597,0,0,0,0,0,0,0,0,0,0,0,0,0,0,0,0,0,0,0,0,0,0,0,0,0,0,0,0,0,0,0,0,0,0,0,0,0,0,0,0,0,0,0,0,0,0,0,0,0,0,0,0,0,0,0,0,0,0,0,0,0,0,0,0,0,0,0,0,0,0,0,0,23.7883100482882,0,0,0,0,0,-0.0062526881949851,-0.0036254567571798,0,-0.00787929967527482,-1,-1,0,0,0,0,0,0,0,0,0,0,0,-1,0,0,0,0,0,0,0,-1,0,0,0,0,0,-1,0,0,0,0,0,-1.97590949164161e-05,0,0,-1,0,0.353860892600611,0,0,0,-1,0,0,0,0,0,0,0,0,0,0,0,0,0,0,0,0,0,0,0,0,0,0,0,0,0,0,0,-0.134914876961057,0,-0.725693186961844,-0.0641430500878886,-10,0,0,0,0,0,0,0,0,0,0,0,0,0,0,0,0,0,0,0,0,0,0,0,0,0,0,0,0,0,0,0,0,0,0,0,-1.97590907373146e-05,0,0,0,0,0,0,-0.293023552681292,0,0,0,0,0,0,0,0,0,0,0,0,0,0,0,0,0,0,0,-0.00362545675717979,0,0,0,0,0,0,0,-1,0,0,0,0,0,0,0,0,0,0,0,0,0,0,0,-1,-0.410797686084785,0,0,0,0,0,0,0,0,0,0,0,0,0,0,0,-0.260874106077829,0,0,-1,0,0,-1,0,0,0,0,0,0,0,0,0,0,-0.118610048427103,0,0,0,-0.00362545675717979,0,0,0,-0.00362545675717979,0,0,0,-0.00525286645018321,0,0,0,0,0,0,0,0,0,0,-10,-0.0072509135143596,0,0,0,0,0,0,0,6.82801793601609,0,0,0,0,0,0,0,0,0,0,0,0,-0.0722486921156334,0,0,0,0,0,0,0,0,0,0,0.999960481814249,0,0,0,0,0,0,0,0,0,-0.00262643322509161,0,0,0,0,0,-1,0,-0.00725091351436014,0,0,0.0387032609359135,0,0,0.163533704380441,0,0,0,0,0,0,0,0,0,0,0,0,0,0,0,0,0,0,-0.0036254567571798,0,0,0,0,0,0,0,0,0,0,0,0,0,0,0,0,0,0,0,-0.00725091351435959,0,0,0,0,0,0,0,0,0,0,0,0,0,0,0,0,0,0,0,0,0,0,-1,0,0,0,0,0,0,0,0,0,0,0,0,-0.0036254567571798,-0.00262643322509161,0,0,0,0,0,0,0,0,0,0,0,0,0,0,0.0719630689184887,-1,0,0,0,0,0,0,0,0,0,0,0,0,0,0,-0.00262643322509161,-1,0,0,0,0,0,0,0,0,0,0,0,0,0,0,0,0,0,0,0,0,0,0,0,0,0,0,0,0,0,0,0,0,0,0,0,0,-0.0431958233067041,0,0,0,0,0,0,0,0,-0.180815113727743,0,0,-0.316599933267753,-1.12909102624736e-05,0,0,0,0,0,-0.0036254567571798
"Dorea formicigenerans",0,0,0,0,0,0,0,0,0,-1,0,-0.00728756133494563,0,0,0,0,0,0,0,0,0,0,0,0,0,0,0,0,0,0,0,0,0,0,0,0,0,0,0,0,0,0,0,0,0,0,0,0,0,-5.39165220514448e-06,0,0,0,0,0,0,0,0,0,0,0,0,0,0,0,0,0,0,0,0,0,0,0,0,0,0,0,0,0,0,0,0,0,0,0,0,0,0,0,0,0,0,0,0,0,0,0,0,0,0,0,0,0,0,0,0,0,0,0,0,0,0,0,0,0,0,0,0,0,0,0,0,0,0,0,0,0,0,46.1584505804443,0,0,0,0,-1,0,0,0,0,0,-1,0,0,0,0,0,0,0,0,0,0,0,0,0,0,-1,0,0,0,0,0,0,0,0,0,0,0,0,0,0,0,0,0,0,0,0,0,0,0,0,0,0,0,0,0,0,0,0,0,0,0,0,0,0,-1,0,0,0,0,0,-0.481969219524124,0,-1,0,0,0,0,0,0,0,0,0,0,0,0,0,0,0,0,0,0,0,2.000983,0,0,0,0,-3.04469587035783e-05,0,0,0,0,0,0,0,0,0,-0.00727277488127562,0,0,0,0,0,0,0,0,0,0,0,-1,0,0,0,0,0,0,0,0,0,-1,-0.00727277488127562,0,0,0,0,0,0,2.41784677080637,-0.00727277488127562,0,0,0,0,0,0,0,0,0,0,0,0,0,0,0,0,0,0,0,0,0,0,-0.00727277488127562,0,0,0,0.299181940236851,0,0,0,0,0,0,0,0,0,0,0,0,0,0,0,0,0,0,0,0,0,0,0,0,0,0,0,0,0,0,0,0,0,0,0,0,0,0,0,0,0,0,0,0,0,0,0,0,0,0,0,0,-1,0,0,0,0,0,0,0,0,0,0,0,0,0,0,0,0,0,0,0,-1,0,0,0,0,0,-0.00727466185870379,-0.00727277488127562,0,-0.0218183246438268,-1,-1,0,0,0,0,0,-1,0,0,0,0,0,-1,0,0,0,0,0,0,0,-1,0,0,0,0,0,-1,0,0,0,0,0,-7.39426379823271e-05,0,0,-0.940371077336863,0,-1,0,0,0,0,-1,0,0,0,0,0,0,0,0,0,0,0,0,0,0,0,0,0,0,0,0,0,0,0,0,0,0,-8.62663952574394e-05,0,29.9815931666787,0,26.9829847650544,0,0,0,0,0,0,0,-0.159202254747166,0,0,0,0,0,0,0,0,0,0,0,0,0,0,0,0,0,0,0,0,0,0,0,0,0,0,0,-0.56039588827188,0,0,0,0,0,0,-1,0,0,0,0,0,0,0,0,0,0,0,0,0,0,0,0,0,0,0,-0.00727277488127562,0,0,0,0,0,0,0,-1,0,0,0,0,0,0,0,0,0,0,0,0,0,0,0,-1,-0.270102449901887,0,0,0,0,0,0,0,0,0,0,0,0,0,0,0,-0.579664930214256,0,0,-1,0,0,0,0,0,0,0,0,0,0,-1,0,0,-0.259821961977529,0,0,0,-0.00727277488127562,0,0,0,-0.00727277488127562,0,0,0,-5.12473492902954e-06,-0.00727277488127562,0,0,0,0,0,0,0,0,0,-10,0.985449791329441,0,0,0,0,0,0,0,5.04169981969244,0,-1,0,0,0,0,0,0,0,0,0,0,-0.169998441536752,0,0,0,0,0,0,0,0,0,0,-0.00732453266288713,0,0,0,0,0,0,0,0,0,-0.00727277488127562,0,0,0,0,0,-0.12393086773551,0,-0.0145455497625512,0,0,0,0,0,-0.363698773570862,0,0,0,0,0,0,0,0,0,0,0,-5.17598262743113e-05,0,0,0,0,0,-6.42181514035056e-07,-8.62664173812422e-05,0,-0.00727277488127562,0,-0.00727277488127562,0,0,0,0,0,0,0,0,0,0,0,0,0,0,-1,-0.0145455497625512,0,0,0,0,0,0,0,0,0,0,0,0,0,0,0,0,0,0,0,0,0,0,-1,0,0,0,0,-0.00727277488127562,0,0,0,0,0,0,0,-0.00727277488127562,-0.00727277488127562,0,0,0,0,0,0,0,0,0,0,0,0,0,0,7.03282182757653,-1,0,0,0,0,0,0,0,0,0,0,0,0,0,0,-0.00727277488127562,0,0,0,0,0,0,0,0,0,0,0,0,0,0,0,0,0,0,0,0,0,0,0,0,0,0,0,0,0,0,0,0,0,0,0,0,-1,-0.0960712231331659,0,0,0,-6.46997969226959e-05,0,0,0,0,-0.38700889149517,0,0,-1,-3.23498960597135e-05,0,-1,0,0,0,-0.00727277488127562
"Dorea longicatena",0,0,0,0,0,0,0,0,0,-1,0,-0.00890456097920163,0,0,0,0,0,0,0,0,0,0,0,0,0,0,0,0,0,0,0,0,0,0,0,0,0,0,0,0,0,0,0,0,0,0,0,0,0,0,0,0,0,0,0,0,0,0,0,0,0,0,0,0,0,0,0,0,0,0,0,0,0,0,0,0,0,0,0,0,0,0,0,0,0,0,0,0,0,0,0,0,0,0,0,0,0,0,0,0,0,0,0,0,0,0,0,0,0,0,0,0,0,0,0,0,0,0,0,0,0,0,0,0,0,0,0,0,24.5622092765964,0,0,0,0,-1,0,0,0,0,0,-1,0,0,0,0,0,-1,0,0,0,-1,0,0,0,-1,-1,0,0,0,0,0,0,0,0,0,0,0,0,0,0,0,0,0,0,0,0,0,0,0,0,0,0,0,0,0,0,0,0,0,0,0,0,0,0,-1,0,0,0,0,0,-0.396165974080025,0,0,0,0,0,0,0,0,0,0,0,0,0,0,0,0,0,0,0,0,0,1.581627,0,0,0,0,-8.17533701491513e-06,0,0,0,0,0,0,0,0,0,-0.00557507761911003,0,0,0,0,0,0,0,0,0,-1,0,-0.1334460787699,0,0,0,0,0,0,0,0,0,-0.0167252328573301,-0.00557507761911003,0,0,0,0,0,0,1.30488988552721,-0.00557507761910974,0,0,0,0,0,0,0,0,0,0,0,0,-2.47321047464055e-06,0,0,0,0,0,0,0,0,0,-0.00557507761910974,0,0,0,-1.0900452100282e-05,-0.160547836688114,0,0,0,0.756221750554165,0,0,0,-8.40891697606594e-06,0,0,0,0,0,0,0,0,0,0,0,0,-9.19725709680463e-06,0,0,0,0,0,0,0,0,0,0,0,0,0,0,0,0,0,0,0,0,0,0,0,0,0,0,0,0,0,0,-1,0,0,-9.19725709680463e-06,0,0,0,0,0,0,0,0,0,0,0,0,0,0,0,0,16.2512669218094,0,0,0,0,0,-0.00557616908089684,-0.00557507761910974,0,-0.0133568414688024,7.85159961045396,-1,0,0,0,0,0,-1,0,0,0,0,0,-1,0,0,0,0,0,0,0,-1,0,0,0,0,0,-1,0,0,0,0,0,-9.81040525960264e-06,0,0,-1,0,-1,0,0,0,-1,-1,0,0,0,0,0,0,0,0,0,0,0,0,0,0,0,0,0,0,0,0,0,0,-0.245613335749694,0,0,-0.00445228048960082,0,0,-1,-1.09004508885846e-05,-10,0,0,0,0,-8.91855987372736e-06,0,0,-0.12730019258629,0,0,0,0,0,0,0,0,0,0,0,0,0,0,0,0,0,0,0,0,0,0,0,0,0,0,0,-2.75058080489998e-06,0,0,0,0,0,0,-0.51077143752154,0,0,0,0,0.92417600001022,0,-0.000294312093586768,0,0,0,0,0,0,0,0,0,0,0,0,-0.00557507761910974,0,0,0,0,0,0,0,-1,0,0,0,0,0,0,0,0,0,0,0,0,0,0,0,-1,-0.725302588604313,0,0,0,0,0,0,0,0,0,0,0,0,0,0,0,-0.458371370760644,0,0,-1,0,0,-1,0,0,0,0,0,0,0,-1,0,0,-1.96208150612387e-05,0,0,-0.210814003957307,-0.00557507761910974,0,0,0,-0.00557507761910974,0,0,0,-4.90520012875361e-05,0,0,0,0,0,0,0,0,0,0,0,0.988846698250999,0,0,0,0,0,0,0,-6.86697288872873,0,-1,0,0,0,0,0,0,0,0,0,0,-0.122481208211256,0,0,0,0,0,0,0,0,0,0,0.396162427243549,0,0,0,0,0,0,0,0,-0.248141487038533,-0.00445228048960081,0,0,0,0,0,-3.92416288832464e-05,0,-0.0111501552382194,0,0,0.143692588321178,0,0,-0.296048974082942,0,0,0,0,0,0,0,0,0,0,0,-9.81040360165109e-06,0,0,0,0,0,-4.8011780201529e-07,-0.00557507761910974,0,-9.81041044560982e-05,0,0,0,0,0,0,0,0,0,-9.74543750481155e-07,0,0,0,0,0,0,-1,-0.0111501552382195,0,0,0,0,0,0,0,0,0,0,0,0,0,0,0,0,0,0,0,0,0,0,-1,0,0,0,0,-0.00445228048960081,0,0,0,0,0,0,0,-0.00557507761910974,-0.00445228048960081,0,0,0,0,0,0,0,0,0,0,0,0,0,0,-0.149139026573113,-1,0,0,0,0,0,0,0,0,0,0,0,0,0,0,-0.00445228048960081,0,0,-1.1319716638522e-05,0,0,0,0,0,0,0,0,0,0,0,0,0,0,0,0,0,0,0,0,0,0,0,0,0,0,0,0,0,0,0,0,0,-1,-1,0,0,0,-9.81041057390719e-06,0,0,-0.192816898366517,0,-2.53717358988936e-06,0,-0.180443614425705,-0.565647074406707,-1.76234857871442e-06,0,-1,0,0,0,-0.00557507761910974
"Eggerthella lenta",0,0,0,0,0,0,0,0,0,-0.222675070406257,0,-0.00133016003676925,0,0,0,0,0,0,0,0,0,-0.000120361813856107,0,0,0,0,0,0,0,0,0,0,0,0,0,0,0,0,0,0,0,0,0,0,0,0,0,0,0.999819457269722,0,0,0,0,-2.19504841022199e-06,0,0,0,0,0,0,0,0,0,0,0,0,0,0,0,0,0,0,0,0,0,0,0,0,0,0,0,0,0,0,0,0,0,0,0,0,0,0,0,0,0,0,0,0,0,0,0,0,0,0,0,0,0,0,0,0,0,0,0,0,0,0,0,0,0,0,0,0,0,0,0,0,0,0,11.415527421382,0,0,0,0,0,0,0,0,0,0,0,0,0,0,0,0,0,0,0,0,-0.0937285912860943,0,0,0,0,-1,0,0,0,0,0,0,0,0,0,0,0,0,0,0,0,0,0,0,0,0,0,0,0,0,0,0,0,0,0,0,0,0,0,0,0,0,0,0,0,0,0,0,0,0,-0.1944247831312,0,-1,0,0,0,0,0,0,0,0,0,0,0,0,0,0,0,0,0,0,0,0.426857,0,0,0,0,0,0,0,0,0,0,0,0,0,0,-0.00132176530853401,0,0,0,0,0,0,0,0,0,0,0,-0.0364692400395818,0,0,0,0,0,0,0,0,0,-0.00132176530853401,-0.00132176530853401,0,0,0,0,0,0,2.18962597682281,-0.00132176530853399,0,0,0,0,0,0,0,0,0,0,0,0,0,0,0,0,0,0,0,0,0,0,-0.00132176530853399,0,0,0,0,0,0,0,0,0,0,0,0,0,0,0,0,0,0,0,0,0,0,0,0,0,0,0,0,0,0,0,0,0,0,0,0,0,0,0,0,0,0,0,0,0,0,0,0,0,0,0,0,0,0,0,0,0,0,0,0,0,0,0,0,0,0,0,0,0,0,0,0,0,0,0,0,0,0,0,0,0,0,-0.00132176530853399,-0.00132176530853399,0,-0.00396529592560224,4.95616409317665,0,0,0,0,0,0,-1,0,0,0,0,0,0,0,0,0,0,0,0,0,0,0,0,0,0,0,0,0,0,0,0,0,-1,0,0,-1,0,0,0,0,0,0,-1,0,0,0,0,0,0,0,0,0,0,0,0,0,0,0,0,0,0,0,0,0,0,0,0,0,0,0,0,-1,-1,-10,0,0,0,0,0,0,0,0,0,0,0,0,0,0,0,0,0,0,0,0,0,0,0,0,0,0,0,0,0,0,0,0,0,0,0,-5.15836388714774e-05,0,0,0,0,0,0,-0.139579260866439,0,0,0,0,0,0,0,0,0,0,0,0,0,0,0,0,0,0,0,-0.00132176530853399,0,0,0,0,0,0,0,-1,0,0,0,0,0,0,0,0,0,0,0,0,0,-0.00533915773773695,0,0,-0.196603087496439,0,0,0,0,0,0,0,0,0,0,0,0,0,0,0,0,0,0,0,0,0,0,0,0,0,0,0,0,0,0,0,0,-0.0558824846369725,0,0,0,-0.00132176530853399,0,0,0,-0.00132176530853399,0,0,0,0,-0.00132834784592168,0,0,0,0,0,0,0,0,0,-10,-7.22170955638757e-06,0,0,0,0,0,0,0,9.92939442100669,0,-0.00264353061706804,0,-1,-1,0,0,0,0,0,0,0,-0.0363743987773191,0,0,0,0,0,0,0,0,0,0,-1,0,0,0,0,0,0,0,0,-0.0659580737848125,-0.00132176530853399,0,0,0,0,0,0.535854398595404,0,-0.00264353061706807,0,0,0,0,0,-1,0,0,0,0,0,0,0,0,0,0,0,-0.00132176530853399,0,0,0,0,0,0,0,0,0,0,-0.00132176530853399,0,0,0,0,0,0,0,0,0,0,0,0,0,0,0,-0.00264353061706798,0,0,0,0,0,0,0,0,0,0,0,0,0,0,0,0,0,0,0,0,0,0,-1,0,0,0,0,-0.00132176530853399,0,0,0,0,0,0,0,-0.00132176530853399,-0.00132176530853399,0,0,0,0,0,0,0,0,0,0,0,0,0,0,-1,0,0,0,0,0,0,0,0,0,0,0,0,0,0,0,-0.00132176530853399,0,0,0,0,0,0,0,0,0,0,0,0,0,0,0,0,0,0,0,0,0,0,0,0,0,0,0,0,0,0,0,0,0,0,0,0,0,-0.0201485438699891,0,0,0,0,0,0,-0.0515132044029975,0,-6.0180908917698e-05,0,0,-0.150412022018984,-0.0327283554965312,0,0,0,0,0,-0.00132176530853399
"Eggerthella sinensis",-0.00323246691905237,0,0,0,0,0,0,0,0,-0.0253095220961723,0,0,0,0,0,0,0,0,0,0,0,0,0,0,0,0,0,0,0,0,0,0,0,0,0,0,0,0,0,0,0,0,0,0,0,0,0,0,0,0,0,0,0,-0.000617346380258247,0,0,0,0,0,0,0,0,0,0,0,0,0,0,0,0,0,0,0,0,0,0,0,0,0,0,0,0,0,0,0,0,0,0,0,0,0,0,0,0,0,0,0,0,0,0,0,0,0,0,0,0,0,0,0,0,0,0,0,0,0,0,0,0,0,0,0,0,0,0,0,0,0,0,5.09802588649224,0,0,0,0,0,0,0,0,0,0,0,0,0,0,0,0,0,0,0,0,0,0,0,0,0,0,0,0,0,0,0,0,0,0,0,0,0,0,0,0,0,0,0,0,0,0,0,0,0,0,0,0,0,0,0,0,0,0,0,0,0,0,0,0,0,0,0,0,0,0,0.653129572640367,0,-0.0115333058659277,0,0,0,0,0,0,0,0,0,0,0,0,0,0,0,0,0,0,0,0.077754,0,0,0,0,0,0,0,0,0,0,0,0,0,0,-0.000617346380258247,0,0,0,0,0,0,0,0,0,0,0,-0.0157229290932762,0,0,0,0,0,0,0,0,0,0,-0.000617346380258247,0,0,0,0,0,0,-1.55951292890542,-0.000617346380258247,0,0,0,0,0,0,0,0,0,0,0,0,-0.00341947786684216,0,0,0,0,0,0,0,0,0,-0.000617346380258247,0,0,0,0,0,0,0,0,0,0,0,0,0,0,0,0,0,0,0,0,0,0,0,0,0,0,0,0,0,0,0,0,0,0,0,0,0,0,0,0,0,0,0,0,0,0,0,0,0,0,0,0,0,0,0,0,0,0,0,0,0,0,0,0,0,0,0,0,0,0,0,0,0,0,0,0,0,0,0,0,0,0,-0.000617346380258247,-0.000617346380258247,0,-0.00185203914077474,2.93030600563645,0,0,0,0,0,0,-1,0,0,0,0,0,0,0,0,0,0,0,0,0,0,0,0,0,0,0,-0.0689858863100812,0,0,0,0,0,-3.01707887933877e-05,0,0,-4.69323383223141e-05,0,0,0,0,0,0,-1,0,0,0,0,0,0,0,0,0,0,0,0,0,0,0,0,0,0,0,0,0,0,0,0,0,0,0,0,-1,-1,5.59016432028657,0,0,0,0,0,0,0,0,0,0,0,0,0,0,0,0,0,0,0,0,0,0,0,0,0,0,0,0,0,0,0,0,0,0,0,-0.0117650527690073,0,0,0,0,0,0,-0.0274920484158895,0,0,0,0,0,0,0,0,0,0,0,0,0,0,0,0,0,0,0,-0.000617346380258247,0,0,0,0,0,0,0,-1,0,0,0,0,0,0,0,0,0,0,0,0,0,0,0,0,-0.0334814676220677,0,0,0,0,0,0,0,0,0,0,0,0,0,0,0,0,0,0,0,0,0,0,0,0,0,0,0,0,0,0,0,0,-8.44782064716582e-05,0,0,0,-0.000617346380258247,0,0,0,-0.000617346380258247,0,0,0,-0.00123469276051649,0,0,0,0,0,0,0,0,0,0,0,0,0,0,0,0,0,0,0,-0.487163876377683,0,-0.00123469276051658,0,-2.34661691325133e-05,-0.000120683151228019,0,0,0,0,0,0,0,0,0,0,0,0,0,0,0,0,0,0,-0.669071919878632,0,0,0,0,0,0,0,0,-0.0136995426448985,-0.000617346380258247,0,0,0,0,0,0.897972472993115,0,-0.00123469276051649,0,0,0,0,0,-0.0634023766637206,0,0,0,0,0,0,0,0,0,0,0,0,0,0,0,0,0,0,0,0,0,0,0,0,0,0,0,0,0,0,0,0,0,0,0,0,0,0,-0.00123469276051649,0,0,0,0,0,0,0,0,0,0,0,0,0,0,0,0,0,0,0,0,0,0,-1,0,0,0,0,-0.000617346380258247,0,0,0,0,0,0,0,-0.000617346380258247,-0.000617346380258247,0,0,0,0,0,0,0,0,0,0,0,0,0,0,0.0111737695839317,0,0,0,0,0,0,0,0,0,0,0,0,0,0,0,-0.000617346380258247,0,0,-0.000729126064158049,0,0,0,0,0,0,0,0,0,0,0,0,0,0,0,0,0,0,0,0,0,0,0,0,0,0,0,0,0,0,0,0,0,0,-0.00423730220770979,0,0,0,0,0,0,-0.00863384536744156,0,-0.00233504151863866,0,0,-0.0239265750762709,-0.000422391041561276,0,0,0,0,0,-0.000617346380258247
"Enterocloster asparagiformis",0,0,0,0,0,0,0,0,0,-1,0,-3.03375371995606e-06,0,0,0,0,0,0,0,0,0,0,0,0,0,0,0,0,0,0,0,0,0,0,0,0,0,0,0,0,0,0,0,0,0,0,0,0,0,0,0,0,0,0,0,0,0,0,0,0,0,0,0,0,0,0,0,0,0,0,0,0,0,0,0,0,0,0,0,0,0,0,0,0,0,0,0,0,0,0,0,0,0,0,0,0,0,0,0,0,0,0,0,0,0,0,0,0,0,0,0,0,0,0,0,0,0,0,0,0,0,0,0,0,0,0,0,0,20.7478898510645,0,0,0,0,-1,0,0,0,0,0,-1,0,0,0,0,0,0,0,0,0,0,0,0,0,0,-0.701300393655674,0,0,0,0,0,0,0,0,0,0,0,0,0,0,0,0,0,0,0,0,0,0,0,0,0,0,0,0,0,0,0,0,0,0,0,0,0,0,-1,0,0,0,0,0,-0.289808669360521,0,0,0,0,0,0,0,0,0,0,0,0,0,0,0,0,0,0,0,0,0,1.005185,0,0,0,0,0,0,0,0,0,0,0,0,0,0,-0.00784989345460054,0,0,0,0,0,0,0,0,0,-1,0,-0.105141167756687,0,0,0,-1,0,0,0,0,0,-1,-0.00784989345460054,0,0,0,0,0,0,26.3967558802414,-0.00784989345460054,0,0,0,0,0,0,0,0,0,0,0,0,-6.59841523561466e-05,0,0,0,0,0,0,0,0,0,-0.00784989345460054,0,0,0,0,0,0,0,0,0,0,0,0,0,0,0,0,0,0,0,0,0,0,0,0,0,0,0,0,0,0,0,0,0,0,0,0,0,0,0,0,0,0,0,0,0,0,0,0,0,0,0,0,0,0,0,0,-1,0,0,0,0,0,0,0,0,0,0,0,0,0,0,0,0,0,0,0,11.2393984464088,0,0,0,0,0,-0.00784989345460054,-0.00784989345460054,0,0,-1,-1,0,0,0,0,0,-1,0,0,0,0,0,0.859643754984479,0,0,0,0,0,0,0,0,0,0,0,0,0,-1,0,0,0,0,0,0,0,0,-1,0,0,0,0,0,0,-1,0,0,0,0,0,0,0,0,0,0,0,0,0,0,0,0,0,0,0,0,0,0,0,0,0,0,-0.221992140211561,0,-1,26.2062044001387,-10,0,0,0,0,0,0,0,0,0,0,0,0,0,0,0,0,0,0,0,0,0,0,0,0,0,0,0,0,0,0,0,0,0,0,0,-0.222047333468532,0,0,0,0,0,0,-0.284015083821726,0,0,0,0,0.944524018883925,0,0,0,0,0,0,0,0,0,0,0,0,0,0,-0.00784989345460055,0,0,0,0,0,0,0,-1,0,0,0,0,0,0,0,0,0,0,0,0,0,0,0,-1,-0.440934548466601,0,0,0,0,0,0,0,0,0,0,0,0,0,0,0,-0.335279530025612,0,-1,-1,0,0,-1,0,0,0,0,0,0,0,0,0,0,-0.157964254162215,0,0,-3.77052239741715e-05,-0.00784989345460055,0,0,0,-0.00784989345460055,0,0,0,0,0,0,0,0,0,0,0,0,0,0,-10,0,0,0,0,0,0,0,0,-0.0301274863337934,0,-0.0156997869095683,0,0,0,0,0,0,0,0,0,0,0,0,0,0,0,0,0,0,0,0,0,0.289759181271464,0,0,0,0,0,0,0,0,0,0,0,0,0,0,0,-0.344642831768127,0,-0.0156997869092011,0,0,0,0,0,-0.216547051876533,0,0,0,0,0,0,0,0,0,0,0,0,0,0,0,0,0,0,-0.00784989345460055,0,0,0,0,0,0,0,0,0,0,0,0,0,0,0,0,0,0,-1,-0.0156997869092011,0,0,0,0,0,0,0,0,0,0,0,0,0,0,0,0,0,0,0,0,0,0,0,0,0,0,0,0,0,0,0,0,0,0,0,-0.00784989345460055,0,0,0,0,0,0,0,0,0,0,0,0,0,0,0,4.53456516491909,-1,0,0,0,0,0,0,0,0,0,0,0,0,0,0,0,0,0,-0.0118079107756284,0,0,0,0,0,0,0,0,0,0,0,0,0,0,0,0,0,0,0,0,0.999970673714715,0,0,0,0,0,0,0,0,0,0,0,0,-1,-1,0,0,0,0,0,0,0,0,-0.285174062380021,-1,0,-0.413745621503106,-9.42630795464083e-06,0,0,0,0,0,-0.00784989345460054
"Enterococcus faecalis",0,0,0,0,0,0,0,0,0,-1,0,0,0,0,0,0,0,0,0,0,0,-1,0,0,0,0,0,0,0,0,0,0,0,0,0,0,0,0,0,0,0,0,0,0,0,0,0,0,0,-1,0,0,0,0,0,0,0,0,0,0,0,0,0,0,0,0,0,0,0,0,0,0,0,0,0,0,0,0,0,0,0,0,0,0,0,0,0,0,0,0,0,0,0,0,0,0,0,0,0,0,0,0,0,0,0,0,0,0,0,0,0,0,0,0,0,0,0,0,0,0,0,0,0,0,0,0,0,0,31.4702001763278,0,0,0,0,-1,0,0,0,0,0,-1,0,0,0,0,0,0,0,0,-5.59701691855707e-05,-1,0,0,0,-1,-1,0,0,0,0,0,0,0,0,0,0,0,0,0,0,0,0,0,0,0,0,0,0,0,0,0,0,0,0,0,0,0,0,0,0,0,0,0,0,0,0,0,0,0,0,-1,0,-1,0,0,-1,0,0,0,0,0,0,0,0,0,0,0,0,0,0,0,0,1.207274,0,0,0,0,-1,0,0,0,0,0,0,0,0,0,-0.00886598419501174,0,0,0,0,0,0,0,0,0,-1,0,-1,0,0,0,0,0,0,-1,0,0,-1,-0.00886598419501174,0,0,0,0,0,0,-10,-0.00886598419501174,0,0,0,0,0,0,0,0,0,0,0,0,-5.59701696377368e-05,0,0,0,0,0,0,0,0,0,-0.00886598419501174,0,0,0,-0.247133584122542,0,0,0,0,0,0,0,0,0,0,0,0,0,0,0,0,0,0,0,0,0,0,0,0,0,0,0,0,0,0,0,0,0,0,0,0,0,0,0,0,0,0,0,0,0,0,0,0,0,0,0,0,-1,0,0,0,0,0,0,0,0,0,0,0,0,0,0,0,0,0,0,0,-1,0,0,0,0,0,-4.47761381745689e-05,-0.0177426185876764,0,-1,18.0272468920018,-1,0,0,0,0,0,0,0,0,0,0,0,-1,0,0,0,0,0,0,0,-1,0,0,0,0,0,-1,0,-1,0,0,0,-1,0,0,-1,0,-1,0,0,0,-1,-1,0,0,0,0,0,0,0,0,0,0,0,0,0,0,0,0,0,0,0,0,0,0,0,0,0,0,-0.000111940348574535,0,-1,0,53.680086022292,0,0,0,0,0,0,0,-0.0986524549273371,0,0,0,0,0,0,0,0,0,0,0,0,0,0,0,0,0,0,0,0,0,0,0,0,0,0,0,-0.208504938224587,0,0,0,0,0,0,-0.521568209451812,0,0,0,0,0,0,0,0,0,0,0,0,0,0,0,0,0,0,0,-0.00886598419504026,0,0,0,0,0,0,0,-1,0,0,0,0,0,0,0,0,0,0,0,0,0,0,0,-1,-0.42491241554458,0,0,0,0,0,0,0,0,0,0,0,0,0,0,0,-1,0,-1,-1,0,0,-1,0,0,0,0,0,0,0,0,0,0,-5.59701708340299e-05,0,0,-0.000111940346336326,-0.00886598419501162,0,0,0,-0.00886598419501162,-1,0,0,0,-0.0174342544405026,0,0,0,0,0,0,0,0,0,-10,0.982252050919101,0,0,0,0,0,0,0,-5.66448816412151,0,-1,0,0,0,0,0,0,0,0,0,0,-0.09968582724008,0,0,0,0,0,0,0,0,0,0,-1,0,0,0,0,0,0,0,0,-0.209425948188709,-0.00871712722025124,0,0,0,0,0,0.533187186125474,-1.59914764292779e-05,-0.0177319683900231,0,0,0,0,0,-1,0,0,0,0,0,0,0,0,0,0,0,-0.00875443536192482,0,0,0,0,0,0,-0.00886598419501157,0,0,0,-1,0,0,0,0,0,0,0,0,0,0,0,0,0,0,-1,-0.0177319683900231,0,0,0,0,0,0,0,0,0,0,0,0,0,0,0,0,0,0,0,0,0,0,-1,0,0,0,0,-0.00871712722025124,0,0,0,0,0,0,0,-0.00886598419501157,-0.00871712722025124,0,0,0,0,0,0,0,0,0,0,0,0,0,0,0,-1,0,0,0,0,0,0,0,0,0,0,0,0,0,1.97379266407665,-0.00871712722025125,-1,0,0,0,0,0,0,0,0,0,0,0,0,0,0,0,0,0,0,0,0,0,0,0,0,0,0,0,0,0,0,0,0,0,0,0,-1,-0.0646761220751056,0,0,0,0,0,0,-1,0,-0.120000075932331,0,0,-0.479356303826673,-1,0,0,0,0,0,-0.00886598419501158
"Enterococcus faecium",-0.046585665519032,0,0,0,0,0,0,0,0,-1,0,0,0,0,0,0,0,0,0,0,0,0,0,0,0,0,0,0,0,0,0,0,0,0,0,0,0,0,0,0,0,0,0,0,0,0,0,0,0,0,0,0,0,-3.32007221920741e-06,0,0,0,0,0,0,0,0,0,0,0,0,0,0,0,0,0,0,0,0,0,0,0,0,0,0,0,0,0,0,0,0,0,0,0,0,0,0,0,0,0,0,0,0,0,0,0,0,0,0,0,0,0,0,0,0,0,0,0,0,0,0,0,0,0,0,0,0,0,0,0,0,0,0,33.7906128260162,0,0,0,0,-1,0,0,0,0,0,-1,0,0,0,0,0,0,0,0,0,-1,0,0,0,-1,-1,0,0,0,0,0,0,0,0,0,0,0,0,0,0,0,0,0,0,0,0,0,0,0,0,0,0,0,0,0,0,0,0,0,0,0,0,0,0,-1,0,0,0,0,0,-0.219921694212743,0,-1,0,0,0,0,0,0,0,0,0,0,0,0,0,0,0,0,0,0,0,1.125801,0,0,0,0,0,0,0,0,0,0,0,0,0,0,-0.00879352283234914,0,0,0,0,0,0,0,0,0,-1,0,-0.0912151383747996,0,0,0,0,0,0,0,0,0,-1,-0.00879352283234914,0,0,0,0,0,0,-10,-0.00879352283234914,0,0,0,0,0,0,0,0,0,0,0,0,0,0,0,0,0,0,0,0,0,0,-0.00879352283234914,0,0,0,0,-1,0,0,0,2.82354439775,0,0,0,2.92147505726904,0,0,0,0,0,0,0,0,0,0,0,0,-1,0,0,0,0,0,0,0,0,0,0,0,0,0,0,0,0,0,0,0,0,0,0,0,0,0,0,0,0,0,0,-1,0,0,-1,0,0,0,0,0,0,0,0,0,0,0,0,0,0,0,0,-1,0,0,0,0,0,-3.32007221486783e-05,-0.0175870456646982,0,-0.0262410816928472,18.0007495502172,-1,0,0,0,0,0,-1,0,0,0,0,0,-1,0,0,0,0,0,0,0,-1,0,0,0,0,0,-1,0,-1,0,0,0,-0.788171158934712,0,0,-1,0,-1,0,0,0,-1,-1,0,0,0,0,0,0,0,0,0,0,0,0,0,0,0,0,0,0,0,0,0,0,0,0,0,0,0,0,-1,0,74.2007974836847,0,0,0,0,0,0,0,-0.0922402932085755,0,0,0,0,0,0,0,0,0,0,0,0,0,0,0,0,0,0,0,0,0,0,0,0,0,0,0,-4.15009035119596e-05,0,0,0,0,0,0,-0.39684502405652,0,0,0,0,0,0,-1,0,0,0,0,0,0,0,0,0,0,0,0,-0.00879352283234914,0,0,0,0,0,0,0,-1,0,0,0,0,0,0,0,0,0,0,0,0,0,0,0,-1,-0.485715793415447,0,0,0,0,0,0,0,0,0,0,0,0,0,0,0,-1,0,-1,-1,0,0,-1,0,0,0,0,0,0,0,-1,0,0,-8.30018074419181e-05,0,0,-0.137223599316144,-0.00879352283234914,0,0,0,-0.00879352283234914,-1,0,0,0,-0.00874702723094904,0,0,0,0,0,0,0,0,0,-10,-0.017587045664699,0,0,0,0,0,0,0,5.76805888308661,0,0,0,0,0,0,0,0,0,0,0,0,-2.76672690304736e-05,0,0,0,0,0,0,0,0,0,0,-0.796918182384184,0,0,0,0,0,0,0,0,0.676744563132976,-0.00874702723094904,0,0,0,0,0,-0.394114934972428,0,-0.0175870456646979,0,0,0,0,0,-0.788171158934754,0,0,0,0,0,0,0,0,0,0,0,-0.00874702723094904,0,0,0,0,0,0,-0.00879352283234914,0,0,0,-1,0,0,0,0,0,0,0,0,0,0,0,0,0,0,-1,-0.0175870456646983,0,0,0,0,0,0,0,0,0,0,0,0,0,0,0,0,0,0,0,0,0,0,-1,0,0,0,0,-0.00874702723094904,0,0,0,0,0,0,0,-0.00879352283234914,-0.00874702723094904,0,0,0,0,0,0,0,0,0,0,0,0,0,0,15.0181134323368,-1,0,0,0,0,0,0,0,0,0,0,0,0,0,0,-0.00874702723094904,-1,0,-0.0185070506396174,0,0,0,0,0,0,0,0,0,0,0,0,0,0,0,0,0,0,0,0,0,0,0,0,0,0,0,0,0,0,0,0,0,-1,-0.0611389013374111,0,0,0,0,0,0,-1,0,-4.15009033964964e-05,-4.15009033858382e-05,-1,-0.34842062035404,-8.30018064184035e-05,0,-1,0,0,0,-0.00879352283234913
"Escherichia coli",0,0,0,0,0,0,0,0,0,-1,0,-1,0,0,0,0,0,0,0,0,0,-1,0,0,0,0,0,0,0,0,0,0,0,0,0,0,0,0,0,0,0,0,0,0,0,0,0,0,0,-1,0,0,0,0,0,0,0,0,0,0,0,0,0,0,0,0,0,0,0,0,0,0,0,0,0,0,0,0,0,0,0,0,0,0,0,0,0,0,0,0,0,0,0,0,0,0,0,0,0,0,0,0,0,0,0,0,0,0,0,0,0,0,0,0,0,0,0,0,0,0,0,0,0,0,0,0,0,0,31.7719565986616,0,0,0,0,-1,0,0,0,0,0,-1,0,0,0,0,0,-1,0,0,1.48892765969818,-1,-1,0,-1,-1,-1,0,0,0,0,0,0,0,0,0,0,0,0,0,0,0,0,0,0,0,0,0,0,0,0,0,0,0,0,0,0,0,0,0,0,0,0,0,-1,-1,0,0,0,0,0,-1,0,-1,0,0,-1,0,0,0,0,0,0,0,0,0,0,0,0,0,0,0,0,3.761094,0,0,0,0,-1,0,0,0,0,0,0,0,0,0,-0.0181995591496039,0,0,-1,0,0,0,0,0,0,-1,0,-1,0,0,0,-1,0,0,0,0,0,-1,-0.0181995591496002,0,0,0,0,0,0,-10,-0.0181995591496022,0,0,0,0,0,0,0,0,0,0,0,0,-1,0,0,0,0,0,0,0,0,0,-0.0181995591496024,0,0,0,0,-1,0,0,0,-1,0,0,0,-1,-1,0,0,0,0,0,0,0,0,0,0,0,-1,0,0,0,0,0,0,0,0,0,0,0,0,0,0,0,0,0,0,0,0,0,0,0,0,0,0,0,0,0,0,-1,0,0,-1,0,0,0,0,0,0,0,0,0,0,0,0,0,0,0,0,-1,0,0,0,-1,0,-0.0726184562914472,-0.0726184562914472,0,0,31.4408537367768,-1,0,0,-1,0,0,-1,0,0,0,0,0,-1,0,0,0,0,0,0,0,-1,0,0,0,0,0,-1,0,-1,0,0,0,-1,0,0,-1,0,-1,0,0,0,-1,-1,0,0,0,0,0,0,0,0,0,0,0,0,0,0,0,0,0,0,0,0,0,0,-1,0,0,0,0,0,-1,-1,-3.34470442861499,-1,0,0,0,-0.297283346751883,0,0,-1,0,0,0,0,0,0,0,0,0,0,0,0,0,0,0,0,0,0,0,0,0,0,0,0,0,0,0,-1,0,0,0,0,0,0,-1,0,0,0,0,-1,0,-1,0,0,0,0,0,0,0,0,0,0,0,0,-0.0181995591495973,0,0,0,0,0,0,0,-1,0,0,0,0,0,0,0,0,0,0,0,0,0,0,0,-1,-1,0,0,0,0,0,0,0,0,0,0,0,0,0,0,0,-1,0,-1,-1,0,0,-1,0,0,0,0,0,0,0,-1,-10,0,-1,0,0,-1,-0.0181995591496055,0,0,0,-0.0181995591496068,-1,0,0,0,-0.0362193379921791,0,0,0,0,0,0,0,0,0,-10,-1,0,-1,0,0,0,0,0,-4.31425239688179,0,-1,0,-1,-1,0,0,0,0,0,0,0,-0.297283346737181,0,0,0,0,0,0,0,0,0,0,-1,0,0,0,0,0,0,0,0,-1,-0.0181096689961226,0,0,0,0,0,-1,-0.689473581973516,-0.0363991182992068,0,0,0,0,0,-1,0,0,0,0,0,0,0,0,0,0,0,-1,0,0,0,0,0,-0.585154227295112,-0.0181995591496094,0,-1,0,-0.0181096689961231,0,0,0,0,0,0,0,0,0,0,0,0,0,0,-1,-0.0363991182992123,-1,0,0,0,0,0,0,0,0,0,0,0,0,0,0,0,0,0,0,-1,0,0,-1,0,0,0,0,-0.0181096689961214,0,0,0,0,0,0,0,-1,-0.0181096689961233,0,0,0,0,0,0,0,0,0,0,0,0,0,0,-1,-1,0,0,0,0,0,0,0,0,0,0,0,0,0,0,-0.0181096689960968,-1,0,-0.128813718265514,0,0,0,0,0,0,0,0,0,0,0,0,0,0,0,0,0,0,0,0,0,0,0,0,0,0,0,0,0,0,0,0,0,-1,-1,0,0,0,-1,0,0,-1,0,-1,-1,-1,-1,-1,0,-1,0,0,0,-0.0181995591495994
"Eubacterium limosum",-0.0470162473862334,0,0,0,0,0,0,0,0,-1,0,-0.00526249092498961,0,0,0,0,0,0,0,0,0,0,0,0,0,0,0,0,0,0,0,0,0,0,0,0,0,0,-1,0,0,0,0,0,0,0,0,0,0,-4.98581584906788e-06,0,0,0,-8.8226374874804e-07,0,0,0,0,0,0,0,0,0,0,0,0,0,0,0,0,0,0,0,0,0,0,0,0,0,0,0,0,0,0,0,0,0,0,0,0,0,0,0,0,0,0,0,0,0,0,0,0,0,0,0,0,0,0,0,0,0,0,0,0,0,0,0,0,0,0,0,0,0,0,0,0,0,0,27.0168511305629,0,0,0,0,0,0,0,0,0,0,-1,0,0,0,0,0,0,0,0,0,0,-0.143683198017925,0,0,0,-1,0,0,0,0,0,0,0,0,0,0,0,0,0,0,0,0,0,0,0,0,0,0,0,0,0,0,0,0,0,0,0,0,0,0,0,0,0,0,-1,0,0,0,0,0,-1,0,-1,0,0,0,0,0,0,0,0,0,0,0,0,0,0,0,0,0,0,0,1.112754,0,0,0,0,-3.57316830257304e-05,0,0,0,0,0,0,0,0,0,-0.00524207636946518,0,0,0.143667523102522,0,0,0,0,0,0,0,0,-1,0,0,0,0,0,0,0,0,0,0,-0.00524207636946518,0,0,0,0,0,0,-10,-0.00524207636946518,0,0,0,0,0,0,0,0,0,0,0,0,0,0,0,0,0,0,0,0,0,0,-0.00524207636946518,0,0,0,0.906517376061677,0,0,0,0,0,0,0,0,0,0.162536606389835,0,0,0,0,0,0,0,0,0,0,0,0,0,0,0,0,0,0,0,0,0,0,0,0,0,0,0,0,0,0,0,0,0,0,0,0,0,0,0,0,0,0,0,0,0,0,0,0,0,0,0,0,0,0,0,0,0,0,0,0,0,0,0,0,0,0,0,0,-0.00524417468215034,-0.00524207636946518,0,-0.0157262291083958,15.9353829256849,-1,0,0,0,0,0,-1,0,0,0,0,0,0,0,0,0,0,0,0,0,-1,0,0,0,0,0,-1,0,0,0,0,0,-0.55809734223499,0,0,-1,0,0,0,0,0,-1,-1,0,0,0,0,0,0,0,0,0,0,0,0,0,0,0,0,0,0,0,0,0,0,0,0,0,0,-0.132175680428077,0,-1,5.17638019368815,4.29118156248364,0,0,0,0,0,0,0,-0.0891973083062598,0,0,0,0,0,0,0,0,0,0,0,0,0,0,0,0,0,0,0,0,0,0,0,0,0,0,0,-3.57316739609814e-05,0,0,0,0,0,0,-1,0,0,0,0,0,0,0,0,0,0,0,0,0.749310001471116,0,0,0,0,0,0,-0.00524207636946518,0,0,0,0,0,0,0,-1,0,0,0,0,0,0,0,0,0,0,0,0,0,0,0,0,-1,0,0,0,0,0,0,0,0,0,0,0,0,0,0,0,-0.331812340022251,0,0,-1,0,0,-1,0,0,0,0,0,0,0,0,0,0,-0.142149991764889,0,0,-0.142149991764899,-0.00524207636946518,0,0,0,-0.00524207636946518,-1,0,0,-8.40745362601369e-06,-0.00524207636946518,0,0,0,0,0,0,0,0,0,-10,-0.0104841527389305,0,0,0,0,0,0,0,12.0513526297611,0,0,0,-1,-1,0,0,0,0,0,0,0,-2.19887257859597e-05,0,0,0,0,0,0,0,0,0,0,0.999928536642668,0,0,0,0,0,0,0,0,-0.179976953872359,-0.00524207636946518,0,0,0,0,0,-0.248505519632363,0,-0.0104841527389305,2.38104317928382,0,0,0,0,-0.196490234418086,0,0,0,0,0,0,0,0,0,0,0,0,0,0,0,0,0,0,-0.00524207636946518,0,-0.00524207636946518,0,-0.00524207636946518,0,0,0,0,0,0,0,0,0,0,0,0,0,0,-1,-0.0104841527389304,0,0,0,0,0,0,0,0,0,0,0,0,0,0,0,0,0,0,0,0,0,0,-1,0,0,0,0,-0.00524207636946518,0,0,0,0,0,0,0,-0.00524207636946518,-0.00524207636946518,0,0,0,0,0,0,0,0,0,0,0,0,0,0,1.38104317928134,0,0,0,0,0,0,0,0,0,0,0,0,0,0,0,-0.00524207636946518,0,0,-0.0177495510771485,0,0,0,0,0,0,0,0,0,0,0,0,0,0,0,0,0,0,0,0,0,0,0,0,0,0,0,0,0,0,0,0,0,0,0,0,0,0,-0.162750996494745,0,0,-1,0,-0.167271562936926,0,0,-1,0,0,-1,0,0,0,-0.00524207636946518
"Flavonifractor plautii",-0.0010747171576844,0,0,0,0,0,0,0,0,-1,0,0,0,0,0,0,0,0,0,0,0,0,0,0,0,0,0,0,0,0,0,0,0,0,0,0,0,0,-1,0,0,0,0,0,0,0,0,0,0,0,0,0,0,0,0,0,0,0,0,0,0,0,0,0,0,0,0,0,0,0,0,0,0,0,0,0,0,0,0,0,0,0,0,0,0,0,0,0,0,0,0,0,0,0,0,0,0,0,0,0,0,0,0,0,0,0,0,0,0,0,0,0,0,0,0,0,0,0,0,0,0,0,0,0,0,0,0,0,-1,0,0,0,0,-1,0,0,0,0,0,-1,0,0,0,0,0,0,0,0,0,0,0,0,0,0,-1,0,0,0,0,0,0,0,0,0,0,0,0,0,0,0,0,0,0,0,0,0,0,0,0,0,0,0,0,0,0,0,0,0,0,0,0,0,0,0,0,0,0,0,0,-1,0,0,0,0,-1,0,0,0,0,0,0,0,0,0,0,0,0,0,0,0,0,1.19011,0,0,0,0,0,0,16.2561761313389,0,0,0,0,0,0,0,-0.00440566912432659,0,0,0,0,0,0,0,0,0,0,0,-0.101033472061384,0,0,0,0,0,0,0,0,0,-1,-0.00440566912432659,0,0,0,0,0,0,12.126466701751,-0.00440566912432659,0,0,0,0,0,0,0,0,0,0,0,0,0,0,0,0,0,0,0,0,0,0,-0.00440566912432659,0,0,0,0,0,0,0,0,0,0,0,0,0,0,0,0,0,0,0,0,0,0,0,0,0,0,0,0,0,0,0,0,0,0,0,0,0,0,0,0,0,0,0,0,0,0,0,0,0,0,0,0,0,0,0,0,-1,0,0,0,0,0,0,0,0,0,0,0,0,0,0,0,0,0,0,0,-1,0,0,0,0,0,-0.00440687408801967,-0.00440566912432659,0,-0.0132170073729798,18.0435572185127,-1,0,0,0,0,0,-1,0,0,0,0,0,-1,0,0,0,0,0,0,0,-1,0,0,0,0,0,-1,0,0,0,0,0,0,0,0,-0.854801660678607,0,0,0,0,0,0,-1,0,0,0,0,0,0,0,0,0,0,0,0,0,0,0,0,0,0,0,0,0,0,0,0,0,0,-0.169837063055525,0,10.1297849742545,0,16.8189395320721,0,0,0,0,0,0,0,-0.0947327756817842,0,0,0,0,0,0,0,0,0,0,0,0,0,0,0,0,0,0,0,0,0,0,0,0,0,0,0,-0.161161042565753,0,0,0,0,0,0,0.606851195961036,0,0,0,0,0.942728328535317,0,0,0,0,0,0,0,0,0,0,0,0,0,0,-0.00440566912432659,0,0,0,0,0,0,0,-1,0,0,0,0,0,0,0,0,0,0,0,0,0,0,0,0,-0.543673399022975,0,0,0,0,0,0,0,0,0,0,0,0,0,0,0,-0.095383599191644,0,0,-1,0,0,-1,0,0,0,0,0,0,0,0,0,0,-0.1543852107852,0,0,0,-0.00440566912432659,0,0,0,-0.00440566912432659,0,0,0,-0.00881133824865319,0,0,0,0,0,0,0,0,0,0,-10,0.991185958806613,0,0,0,0,0,0,0,5.65481504132521,0,-1,0,0,0,0,0,0,0,0,0,0,-0.0989219637521345,0,0,0,0,0,0,0,0,0,0,0.999975882417238,0,0,0,0,0,0,0,0,0.670648327839994,-0.00440566912432659,0,0,0,0,0,-2.41175803239457e-05,0,-0.0088113382486531,0,0,0.377720172169472,0,0,-0.2159336032626,0,0,0,0,0,0,0,0,0,0,0,-1.60783865924552e-05,0,0,0,0,0,0,-0.00440566912432659,0,0,0,-0.00440566912432659,0,0,0,0,0,0,0,0,0,0,0,0,0,0,-1,-0.00881133824865319,0,0,0,0,0,0,0,0,0,0,0,0,0,0,0,0,0,0,0,0,0,0,-1,0,0,0,0,-0.00440566912432659,0,0,0,0,0,0,0,-0.00440566912432659,-0.00440566912432659,0,0,0,0,0,0,0,0,0,0,0,0,0,0,1.3246899006143,-1,0,0,0,0,0,0,0,0,0,0,0,0,0,0,-0.00440566912432659,0,0,0,0,0,0,0,0,0,0,0,0,0,0,0,0,0,0,0,0,0,0,0,0,0,0,0,0,0,0,0,0,0,0,0,0,0,-1,0,0,0,-1.92940634580197e-05,0,0,-1,0,-0.227614059547547,0,0,-0.412586152624557,-4.82351675590853e-05,0,0,0,0,0,-0.00440566912432659
"Fusobacterium ulcerans",0,0,0,0,0,0,0,0,0,0,0,0,0,0,0,0,0,0,0,0,0,0,0,0,0,0,0,0,0,0,0,0,0,0,0,0,0,0,0,0,0,0,0,0,0,0,0,0,0,0,0,0,0,0,0,0,0,0,0,0,0,0,0,0,0,0,0,0,0,0,0,0,0,0,0,0,0,0,0,0,0,0,0,0,0,0,0,0,0,0,0,0,0,0,0,0,0,0,0,0,0,0,0,0,0,0,0,0,0,0,0,0,0,0,0,0,0,0,0,0,0,0,0,0,0,0,0,0,23.1849008032596,0,0,0,0,-1,0,0,0,0,0,-1,0,0,0,0,0,0,0,0,0,0,0,0,0,-1,-1,0,0,0,0,0,0,0,0,0,0,0,0,0,0,0,0,0,0,0,0,0,0,0,0,0,0,0,0,0,0,0,0,0,0,0,0,0,0,0,0,0,0,0,0,-0.271904568320955,0,0,0,0,0,0,0,0,0,0,0,0,0,0,0,0,0,0,0,0,0,1.016503,0,0,0,0,0,0,11.9868694289191,0,0,0,0,0,0,0,-0.00554289289542538,0,0,0,0,0,0,0,0,0,-1,0,-1,0,0,0,0,0,0,0,0,0,-1,-0.00554289289542538,0,0,0,0,0,0,15.7504567731932,-0.00554289289542538,0,0,0,0,0,0,0,0,0,0,0,0,-0.267168677693988,0,0,0,0,0,0,0,0,0,-0.00554289289542538,0,0,0,0,0,0,0,0,0,0,0,0,0,-0.254460928260611,0,0,0,0,0,0,0,0,0,0,0,0,0,0,0,0,0,0,0,0,0,0,0,0,0,0,0,0,0,0,0,0,0,0,0,0,0,0,0,0,0,0,-1,0,0,0,0,0,0,0,0,0,0,0,0,0,0,0,0,0,0,0,-1,0,0,0,0,0,-0.000182263996667436,-0.0110873815027658,0,-0.00472125297403084,0.912546534184049,-1,0,0,0,0,0,-1,0,0,0,0,0,-1,0,0,0,0,0,0,0,-1,0,0,0,0,0,-1,0,0,0,0,0,0,0,0,-1,0,1.16554149759357,0,0,0,-1,-1,0,0,0,0,0,0,0,0,0,0,0,0,0,0,0,0,0,0,0,0,0,0,0,0,0,0,0,0,17.2505859311472,0,4.86246260250476,0.903330076496566,0,0,0,0,0,0,-1,0,0,0,0,0,0,0,0,0,0,0,0,0,0,0,0,0,0,0,0,0,0,0,0,0,0,0,-0.375025913914255,0,0,0,0,0,0,-0.309791693336689,0,0,0,0,0.94794101520261,0,0,0,0,0,0,0,0,0,0,0,0,0,0,-0.00554289289542538,0,0,0,0,0,0,0,-1,0,0,0,0,0,0,0,0,0,0,0,0,0,0,0,0,-0.457032250820297,0,0,0,0,0,0,0,0,0,0,0,0,0,0,0,-1,0,-1,-1,0,0,-1,0,0,0,0,0,0,0,0,0,0,-0.146401755497214,0,0,-5.66496047364751e-05,-0.00554289289542538,0,0,0,-0.00554289289542538,0,0,0,-0.00314750198268722,0,0,0,0,0,0,0,0,0,0,-10,-0.0110857857906719,0,0,0,0,0,0,0,8.88877612450987,0,0,0,0,0,0,0,0,0,0,0,0,-0.0433024287016805,0,0,0,0,0,0,0,0,0,0,-0.0015912169151757,0,0,0,0,0,0,0,0,0,-0.00157375099134361,0,0,0,0,0,-0.134891723642353,-2.04557851441674e-06,-0.0110857857908508,0,0,0,0,0,-0.203188919816351,0,0,0,0,0,0,0,0,0,0,0,-4.36674232560108e-05,0,0,0,0,0,0,-0.00209603571585354,0,-0.00554289289542538,0,0,0,0,0,0,0,0,0,0,0,0,0,0,0,0,-1,-0.0110857857908508,0,0,0,0,0,0,0,0,0,0,0,0,0,0,0,0,0,0,0,0,0,0,-1,0,0,0,0,-0.00157375099134361,0,0,0,0,0,0,0,-0.00554289289542538,-0.00157375099134361,0,0,0,0,0,0,0,0,0,0,0,0,0,0,-1,0,0,0,0,0,0,0,0,0,0,0,0,0,0,0,-0.00157375099134361,-1,0,0,0,0,0,0,0,0,0,0,0,0,0,0,0,0,0,0,0,0,0,0,0,0,0,0,0,0,0,0,0,0,0,0,0,0,-1,0,0,0,-0.0254458600154467,0,0,0,0,-0.000174669676614281,0,0,-0.388223083977491,-0.000161233512557146,0,0,0,0,0,-0.00554289289542538
"Gordonibacter pamelaeae",0,0,0,0,0,0,0,0,0,-0.0718372341492433,0,-1.6216589838268e-05,0,0,0,0,0,0,0,0,0,0,0,0,0,0,0,0,0,0,0,0,0,0,0,0,0,0,0,0,0,0,0,0,0,0,0,0,0.136582227029967,0,0,0,0,0,0,0,0,0,0,0,0,0,0,0,0,0,0,0,0,0,0,0,0,0,0,0,0,0,0,0,0,0,0,0,0,0,0,0,0,0,0,0,0,0,0,0,0,0,0,0,0,0,0,0,0,0,0,0,0,0,0,0,0,0,0,0,0,0,0,0,0,0,0,0,0,0,0,0,0.956016381391954,0,0,0,0,0,0,0,0,0,0,0,0,0,0,0,0,0,0,0,0,0,0,0,0,0,-0.0522843381747536,0,0,0,0,0,0,0,0,0,0,0,0,0,0,0,0,0,0,0,0,0,0,0,0,0,0,0,0,0,0,0,0,0,0,0,0,0,0,0,0,0,0,0,0,-0.0376903446235053,0,0,0,0,0,0,0,0,0,0,0,0,0,0,0,0,0,0,0,0,0,0.077345,0,0,0,0,-2.4324886908289e-05,0,0,0,0,0,0,0,0,0,-0.000361009916355065,0,0,0,0,0,0,0,0,0,0,0,-0.00710219236472681,0.0240961079381317,0,0,0,0,0,0,0,0,-1,-0.000361009916355065,0,0,0,0,0,0,1.25840322401991,-0.000361009916355065,0,0,0,0,0,0,0,0,0,0,0,0,0,0,0,0,0,0,0,0,0,0,-0.000361009916355065,0,0,0,0,0,0,0,0,0,0,0,0,0,0,0,0,0,0,0,0,0,0,0,0,0,0,0,0,0,0,0,0,0,0,0,0,0,0,0,0,0,0,0,0,0,0,0,0,0,0,0,0,0,0,0,0,0,0,0,0,0,0,0,0,0,0,0,0,0,0,0,0,0,0,0,0,0,0,0,0,0,0,-0.000363710552842158,-0.000361009916355065,0,-0.000478992675092721,-1,0,0,0,0,0,0,0,0,0,0,0,0,0,0,0,0,0,0,0,0,0,0,0,0,0,0,-1,0,0,0,0,0,-2.43248867177748e-05,0,0,-0.172015361872705,0,0,0,0,0,0,-1,0,0,0,0,0,0,0,0,0,0,0,0,0,0,0,0,0,0,0,0,0,0,0,0,0,0,0,0,-1,0,3.31268244438628,0,0,0,0,0,0,0,0,0,0,0,0,0,0,0,0,0,0,0,0,0,0,0,0,0,0,0,0,0,0,0,0,0,0,0,-0.0266714811915319,0,0,0,0,0,0,-4.86497732882472e-05,0,0,0,0,0,0,0,0,0,0,0,0,0,0,0,0,0,0,0,-0.000361009916355065,0,0,0,0,0,0,0,-1,0,0,0,0,0,0,0,0,0,0,0,0,0,0,0,0,-0.035058343949072,0,0,0,0,0,0,0,0,0,0,0,0,0,0,0,0,0,0,0,0,0,0,0,0,0,0,0,0,0,0,0,0,-0.0349459996740842,0,0,0,-0.000361009916355065,0,0,0,-0.000361009916355065,0,0,0,-6.94996811431009e-06,-0.000319328450061815,0,0,0,0,0,0,0,0,0,0,-0.00072201983271013,0,0,0,0,0,0,0,1.17864738915489,0,-0.000194599106341897,0,-9.72995518391251e-05,-1,0,0,0,0,0,0,0,-0.00439241751383773,0,0,0,0,0,0,0,0,0,0,-0.000256962837408781,0,0,0,0,0,0,0,0,-1,-0.000159664225030907,0,0,0,0.266977760924701,0,-3.89198213044395e-05,0,-0.000722019832710129,0,0,0.451425494281139,0,0,-0.0547210175728002,0,0,0,0,0,0,0,0,0,0,0,0,0,0,0,0,0,0,-0.000361009916355065,0,0,3.02635954907753,0,0,0,0,0,0,0,0,0,0,0,0,0,0,0,0,-0.000722019832710129,0,0,0,0,0,0,0,0,0,0,0,0,0,0,0,0,0,0,0,0,0,0,-1,0,0,0,0,-0.000159664225030907,0,0,0,0,0,0,-4.86497773290462e-05,-0.000361009916355065,-0.000159664225030907,0,0,0,0,0,0,0,0,0,0,0,0,0,0,0.949618085987481,0,0,0,0,0,0,0,0,0,0,0,0,0,0,0,-0.000159664225030907,0,0,-0.000860468199132318,0,0,0,0,0,0,0,0,0,0,0,0,0,0,0,0,0,0,0,0,0,0,0,0,0,0,0,0,0,0,0,0,0,0,-0.00385598036849821,0,0,0,0,0,0,-0.00968365110394303,0,-0.0175373314231013,0,0,-0.0287982117902658,-0.0139646388501404,0,0,0,0,0,-0.000361009916355065
"Lacticaseibacillus rhamnosus",0,0,0.999978494564094,0,0,0,0,0,0,-1,0,-0.00437567772728174,0,0,0,0,0,0,0,0,0,0,0,0,0,0,0,0,0,0,0,0,0,0,0,0,0,0,0,0,0,0,0,0,0,0,0,0,0.356478010823913,-3.60243330728251e-06,0,0,0,0,0,0,0,0,0,0,0,0,0,0,0,0,0,0,0,0,0,0,0,0,0,0,0,0,0,0.986715260287696,0,0,0,0,0,0,0,0,0,0,0,0,0,0,0,0,0,0,0,0,0,0,0,0,0,0,0,0,0,0,0,0,0,0,0,0,0,0,0,0,0,0,0,0,0,0,0,0,5.73604055067093,0,0,0,0,-1,0,0,0,0,0,-1,0,0,0,0,0,0,0,0,-0.197819883648099,0,0,0,0,0.1980815853819,-1,0,0,0,0,0,0,0,0,0,0,0,0,0,0,0,0,0,0,0,0,0,0,0,0,0,0,0,0,0,0,0,0,0,0,0,0,0,0,0,0,0,0,0,0,-0.332539949903323,0,-1,0,0,-1,0,0,0,0,0,0,0,0,0,0,0,0,0,0,0,0,1.336096,0,0,0,0,0,0,0,0,0,0,0,0,0,0,-0.00529789017292541,0,0,0,0,0,0,0,0,0,-1,0,-7.88532552178367e-05,0,0,0,0,0,0,0,0,0,-1,-0.00529789017292541,0,0,0,0,0,0,38.4406837868171,-0.00529789017292545,0,0,0,0,0,0,0,0,0.103200991028871,0,0,0,-0.273770999908466,0,0,0,0,0,0,0,0,0,-0.00529789017292545,0,0,0,-0.111572676732496,0,0,0,0,0,0,0,0,0,0,0,0,0,0,0,0,0,0,0,0,0,0,0,0,0,0,0,0,0,0,0,0,0,0,0,0,0,0,0,0,0,0,0,0,0,0,0,0,0,0,0,0,-1,0,0,0,0,0,0,0,0,0,0,0,0,0,0,0,0,0,0,0,37.673631341723,0,0,0,0,0,-0.0105974184946972,-0.000236559752963217,0,-1,4.16762330646101,-1,0,0,-1,0,0,0,0,0,0,0,0,-1,0,0,0,0,0,0,0,-1,0,0,0,0,0,-1,0,-1,0,0,0,-5.91399452608554e-05,0,0,-1,0,-1,0,0,0,-1,-0.535484335969272,0,0,0,0,0,0,0,0,0,0,0,0,0,0,0,0,0,0,0,0,0,0,0,0,0,0,-0.197998266311288,0,-1,0,-10,0,0,0,0,0,0,0,-0.107852388413923,0,0,0,0,0,0,0,0,0,0,0,0,0,0,0,0,0,0,0,0,0,0,0,0,0,0,0,0,0,0,0,0,0,0,-0.434721721412076,0,0,0,0,-3.9426628134831e-05,0,0,0,0,0,0,0,0,0,0,0,0,0,0,-0.00529789017292545,0,0,0,0,0,0,0,-1,0,0,0,0,0,0,0,0,0,0,0,0,0,0,0,-1,-0.60906888845185,0,0,0,0,0,0,0,0,0,0,0,0,0,0,0,0.569224576912995,0,-1,-1,0,0,-1,0,0,0,0,0,0,0,-1,0,0,-0.000118279889107703,0,0,-0.176940937252851,-0.00529789017292545,0,0,0,-0.00529789017292545,-1,0,0,-7.63096041822564e-06,-1,0,0,0,0,0,0,0,0,0,-10,1.98928594439805,0,-1,0,0,0,0,0,7.00114601427158,0,-1,0,0,0,0,0,0,0,0,0,0,-1.81969057213988e-05,0,0,0,0,0,0,0,0,0,0,0,0,0,0,0,0,0,0,0,-0.212252303256062,-0.00434939520829321,0,0,0,0,0,-1.47849861864557e-05,0,-0.0105957803458509,0,0,0,0,0,-0.247258033743969,0,0,0,0,0,0,0,0,0,0,0,-2.95699724510712e-05,0,0,0,0,0,0,-0.00529789017292545,0,-2.36559778088452e-05,0,-0.00434939520829321,0,0,0,0,0,0,0,0,0,0,0,0,0,0,-1,-0.0105957803458509,0,0,0,0,0,0,0,0,0,0,0,0,0,0,0,0,0,0,0,0,0,0,-1,0,0,0,0,-0.00434939520829321,0,0,0,0,0,0,0,-0.00529789017292545,-0.00434939520829321,0,0,0,0,0,0,0,0,0,0,0,0,0,0,2.12595811062875,-1,0,0,0,0,0,0,0,0,0,0,0,0,0,0,-0.00434939520829321,-0.283386085362022,0,0,0,0,0,0,0,0,0,0,0,0,0,0,0,0,0,0,0,0,0,0,0,0,0,0,0,0,0,0,0,0,0,0,0,-1,-0.0649182607994809,0,0,0,0,0,0.838160660272576,-1,0,-0.0001182798886461,0.00431982333634893,0,-0.472417029996717,-0.000118279888670525,0,-1,0,0,0,-0.00529789017292545
"Lactonifactor longoviformis",0,0,0,0,0,0,0,0,0,-1,0,0,0,0,0,0,0,0,0,0,0,0,0,0,0,0,0,0,0,0,0,0,0,0,0,0,0,0,0,0,0,0,0,0,0,0,0,0,0,0,0,0,0,0,0,0,0,0,0,0,0,0,0,0,0,0,0,0,0,0,0,0,0,0,0,0,0,0,0,0,0,0,0,0,0,0,0,0,0,0,0,0,0,0,0,0,0,0,0,0,0,0,0,0,0,0,0,0,0,0,0,0,0,0,0,0,0,0,0,0,0,0,0,0,0,0,0,0,18.454008605403,0,0,0,0,-1,0,0,0,0,0,-1,0,0,0,0,0,0,0,0,0,0,0,0,0,-1,-1,0,0,0,0,0,0,0,0,0,0,0,0,0,0,0,0,0,0,0,0,0,0,0,0,0,0,0,0,0,0,0,0,0,0,0,0,0,0,-1,0,0,0,0,0,0.999924567145316,0,0,0,0,0,0,0,0,0,0,0,0,0,0,0,0,0,0,0,0,0,0.707879,0,0,0,0,-1,0,0,0,0,0,0,0,0,0,-0.00562035352066425,0,0,0,0,0,0,0,0,0,0,0,-0.637906945128284,0,0,0,0,0,0,0,0,0,0,-0.00562035352066425,0,0,0,0,0,0,-10,-0.00562035352066425,0,0,0,0,0,0,0,0,0,0,0,0,0,0,0,0,0,0,0,0,0,0,-0.00562035352066425,0,0,0,0,0,0,0,0,0,0,0,0,0,0,0,0,0,0,0,0,0,0,0,0,0,0,0,0,0,0,0,0,0,0,0,0,0,0,0,0,0,0,0,0,0,0,0,0,0,0,0,0,0,0,0,0.494739606191785,-1,0,0,0,0,0,0,0,0,0,0,0,0,0,0,0,0,0,0,0,-1,0,0,0,0,0,-0.0112407070413286,-0.0056203535206643,0,-0.0168610605619929,8.0518682394029,-1,0,0,0,0,0,-1,0,0,0,0,0,-1,0,0,0,0,0,0,0,-1,0,0,0,0,0,-1,0,0,0,0,0,-1,0,0,-1,0,0,0,0,0,0,-1,0,0,0,0,0,0,0,0,0,0,0,0,0,0,0,0,0,0,0,0,0,0,0,0,0,0,0,0,-1,0,52.9392819641405,0,0,0,0,0,0,0,0,0,0,0,0,0,0,0,0,0,0,0,0,0,0,0,0,0,0,0,0,0,0,0,0,0,0,0,-0.563160587873499,0,0,0,0,0,0,-0.309146130706294,0,0,0,0,0,0,0,0,0,0,0,0,0,0,0,0,0,0,0,-0.00562035352066435,0,0,0,0,0,0,0,0,0,0,0,0,0,0,0,0,0,0,0,0,0,0,0,0,-0.24595992723781,0,0,0,0,0,0,0,0,0,0,0,0,0,0,0,-0.229140702374026,0,0,-1,0,0,-1,0,0,0,0,0,0,0,-1,0,0,0,0,0,0,-0.00562035352066435,0,0,0,-0.00562035352066435,0,0,0,-0.0112407070413287,0,0,0,0,0,0,0,0,0,0,0,0,0,0,0,0,0,0,0,-0.0434123817430238,0,0,0,0,0,0,0,0,0,0,0,0,-0.0588570935536288,0,0,0,0,0,0,0,0,0,0,-1,0,0,0,0,0,0,0,0,-0.124721348011366,-0.00562035352066432,0,0,0,0,0,-0.868915253105044,0,-0.506005444269124,0,0,0,0,0,-0.113989889722858,0,0,0,0,0,0,0,0,0,0,0,-0.00562035352066432,0,0,0,0,0,0,0,0,0,0,0,0,0,0,0,0,0,0,0,0,0,0,0,0,0,-1,-0.0112407070413286,0,0,0,0,0,0,0,0,0,0,0,0,0,0,0,0,0,0,0,0,0,0,0,0,0,0,0,0,0,0,0,0,0,0,0,-0.00562035352066432,-0.00562035352066432,0,0,0,0,0,0,0,0,0,0,0,0,0,0,10.4106185761729,-1,0,0,0,0,0,0,0,0,0,0,0,0,0,0,-0.00562035352066432,0,0,0,0,0,0,0,0,0,0,0,0,0,0,0,0,0,0,0,0,0,0,0,0,0,0,0,0,0,0,0,0,0,0,0,0,-1,0,0,0,0,0,0,0,-0.0786029768044845,0,-0.0574968316639721,0,0,-0.217828782621362,-0.038843490149428,0,0,0,0,0,-0.00562035352066432
"Parabacteroides distasonis",0,0,0,0,0,0,0,0,0,-1,0,0,0,0,0,0,0,0,0,0,0,0,0,0,0,0,0,0,0,0,0,0,0,0,0,0,0,0,0,0,0,0,0,0,0,0,0,0,0,0,0,0,0,0,0,0,0,0,0,0,0,0,0,0,0,0,0,0,0,0,0,0,0,0,0,0,0,0,0,0,0,0,0,0,0,0,0,0,0,0,0,0,0,0,0,0,0,0,0,0,0,0,0,0,0,0,0,0,0,0,0,0,0,0,0,0,0,0,0,0,0,0,0,0,0,0,0,0,-1,0,0,0,0,0,0,0,0,0,0,0,0,0,0,0,0,0,0,0,0,-1,-1,0,0,0,-1,0,0,0,0,0,0,0,0,0,0,0,0,0,0,0,0,0,0,0,0,0,0,0,0,0,0,0,0,0,0,0,0,0,0,0,0,0,0,-1,0,0,0,0,0,-1,0,-1,0,0,0,0,0,0,0,0,0,0,0,0,0,0,0,0,0,0,0,0.94634,0,0,0,0,0,0,0,0,0,0,0,0,0,0,-0.00369422803213092,0,0,0.999986696637025,0,0,0,0,0,0,-1,0,-1,0,0,0,0,0,0,0,0,0,0,-0.00369422803213092,0,0,0,0,0,0,-1.84299124392055,-0.00369456004210737,0,0,0,0,0,0,0,0,0,0,0,0,0,0,0,0,0,0,0,0,0,0,-0.00369422803213095,0,0,0,-1,-1,0,0,0,-1,0,0,0,-0.12929800197921,0,0,0,0,0,0,0,0,0,0,0,0,-9.97751936315794e-06,0,0,0,0,0,0,0,0,0,0,0,0,0,0,0,0,0,0,0,0,0,0,0,0,0,0,0,0,0,0,0,0,0,-1.33033578215425e-05,0,0,0,0,0,0,0,0,0,0,0,0,0,0,0,0,0,0,0,0,0,0,-0.00738879602764191,-1.33033529436943e-05,0,0,0.0332081370359036,-1,0,0,0,0,0,-1,0,0,0,0,0,-1,0,0,0,0,0,0,0,-1,0,0,0,0,0,-1,0,0,0,0,0,0,0,0,-1,0,-1,0,0,0,-1,0,0,0,0,0,0,0,0,0,0,0,0,0,0,0,0,0,0,0,0,0,0,0,0,0,-1,0,0,0,2.07335832220214,0,-9.57136044413473,-5.70143559519565e-06,0,0,0,0,0,0,0,0,0,0,0,0,0,0,0,0,0,0,0,0,0,0,0,0,0,0,0,0,0,0,0,0,0,0,0,0,0,0,0,0,0,0,0,0,0,0,0,0,2.7239973019836,0,0,0,0,0,0,0,0,0,0,0,0,-0.00369422803213099,0,0,0,0,0,0,0,0,0,0,0,0,0,0,0,0,0,0,0,0,0,0,0,-1,-1,0,0,0,0,0,0,0,0,0,0,0,0,0,0,0,-0.276160981719027,0,0,-1,0,0,-1,0,0,0,0,0,0,0,-1,-2.34765134110582e-06,0,-0.122386004351128,0,0,-1.33033487692558e-05,-0.00369422803213134,0,0,0,-0.00369422803213134,0,0,0,0,-0.00369422803213134,0,0,0,0,0,0,0,0,0,0,-0.00738845606424388,0,0,0,0,0,0,0,-8.68027763638065,0,0,0,-1,-1,0,0,0,0,0,0,0,0,0,0,0,0,0,0,0,0,0,0,0.999993348320257,0,0,0.850341952429901,0,0,0,0,0,-1,-0.00369422803213108,0,0,0,0,0,-0.817140512930319,-1.02333615359385e-06,0,0,0,0,0,0,-1,0,0,0,0,0,0,0,0,0,0,0,-0.00369604155195602,0,0,0,0,0,-2.10053143420014e-06,-0.00369422803213107,0,-0.00369422803213108,0,-0.00369422803213108,0,0,0,0,0,0,0,0,0,0,0,0,0,0,-1,0,-1,0,0,0,0,0,0,0,0,0,0,0,0,0,0,0,0,0,0,0,0,0,-1,0,0,0,0,-0.00369422803213108,0,0,0,0,0,0,0,-0.00370753082258238,-0.00369422803213108,0,0,0,0,0,0,0,0,0,0,0,-0.1,0,0,-1,-1,0,0,0,0,0,0,0,0,0,0,0,0,0,0,-0.00369422803214547,0,0,-3.99100838150979e-05,0,0,0,0,0,0,0,0,0,0,0,0,0,0,0,0,0,0,0,0,0,0,0,0,0,0,0,0,0,0,0,0,0,-1,0,0,0,0,-0.33854145134239,0,0,0,0,0,0,0.929533549020035,-1,-1.81409394400811e-06,0,-1,0,0,0,-0.00369422803213075
"Parabacteroides goldsteinii",-0.0250634897492102,0,0,0,0,0,0,0,0,-1,0,0,0,0,0,0,0,0,0,0,0,0,0,0,0,0,0,0,0,0,0,0,0,0,0,0,0,0,0,0,0,0,0,0,0,0,0,0,0,-0.0107861792441426,0,0,0,0,0,0,0,0,0,0,0,0,0,0,0,0,0,0,0,0,0,0,0,0,0,0,0,0,0,0,0,0,0,0,0,0,0,0,0,0,0,0,0,0,0,0,0,0,0,0,0,0,0,0,0,0,0,0,0,0,0,0,0,0,0,0,0,0,0,0,0,0,0,0,0,0,0,0,19.2019459253564,0,0,0,0,0,0,0,0,0,0,0,0,0,0,0,0,0,0,0,0,-1,0,0,0,0,0,0,0,0,0,0,0,0,0,0,0,0,0,0,0,0,0,0,0,0,0,0,0,0,0,0,0,0,0,0,0,0,0,0,0,0,0,0,0,0,0,0,0,0,0,0,0,0,0,0,0,0,0,0,0,0,0,0,0,0,0,0,0,0,0,0,0,0.651507,0,0,0,0,0,0,0,0,0,0,0,0,0,0,-0.00359508299415432,0,0,0,0,0,0,0,0,0,-1,0,-0.0505627556482525,0,0,0,0,0,0,0,0,0,0,-0.00359508299415432,0,0,0,0,0,0,-1.40701617261535,-0.00359508299415432,0,0,0,0,0,0,0,0,0,0,0,0,0,0,0,0,0,0,0,0,0,0,-0.00359508299415432,0,0,0,0,-1,0,0,0,-1,0,0,0,-0.0743085442515743,0,0,0,0,0,0,0,0,0,0,0,0,-0.0317582963284559,0,0,0,0,0,0,0,0,0,0,0,0,0,0,0,0,0,0,0,0,0,0,0,0,0,0,0,0,0,0,-1,0,0,-2.46720850512472e-05,0,0,0,0,0,0,0,0,0,0,0,0,0,0,0,0,0,0,0,0,0,0,-0.00719016598830864,-2.46720752754455e-05,0,0,7.20571582898147,0,0,0,0,0,0,-1,0,0,0,0,0,-1,0,0,0,0,0,0,0,0,0,0,0,0,0,-1,0,0,0,0,0,0,0,0,0,0,0,0,0,0,0,0,0,0,0,0,0,0,0,0,0,0,0,0,0,0,0,0,0,0,0,0,0,0,0,0,0,-0.00359508299415432,-4.93441459743088e-06,0,-1,0,15.2299723001986,0,0,0,0,-6.1680186362878e-06,0,0,0,0,0,0,0,0,0,0,0,0,0,0,0,0,0,0,0,0,0,0,0,0,0,0,0,0,0,0,-5.69355597690446e-06,0,0,0,0,0,0,0,0,0,0,0,0,0,1.86793666195454,0,0,0,0,0,0,0,0,0,0,0,0,-0.00359508299415433,0,0,0,0,0,0,0,0,0,0,0,0,0,0,0,0,0,0,0,0,0,0,0,0,-1,0,0,0,0,0,0,0,0,0,0,0,0,0,0,0,-0.198429609381777,0,0,0,0,0,-1,0,0,0,0,0,0,0,0,-5.21241164008757e-07,0,-0.082273416548695,0,0,-2.46720759999874e-05,-0.00359508299415433,0,0,0,-0.00359508299415433,0,0,0,0,-0.00719016598830865,0,0,0,0,0,0,0,0,0,0,-0.00719016598830634,0,0,0,0,0,0,0,7.9364270333092,0,0,0,-1,-1,0,0,0,0,0,0,0,-8.22402367273157e-06,0,0,0,0,0,0,0,0,0,0,-1,0,0,0,0,0,0,0,0,-0.107733263970091,-0.00359508299415432,0,0,0,0,0,-0.49878162112693,-1.4512983835878e-06,0,0,0,0,0,0,-1,0,0,0,0,0,0,0,0,0,0,0,-2.46720721008842e-05,0,0,0,0,0,-1.02800333801317e-06,-0.00359508299415433,0,-0.00359508299415432,0,0,0,0,0,0,0,0,0,0,0,0,0,0,0,0,-1,0,-1,0,0,0,0,0,0,0,0,0,0,0,0,0,0,0,0,0,0,0,0,0,-1,0,0,0,0,-0.00359508299415432,0,0,0,0,0,0,0,-0.00359508299415432,-0.00359508299415432,0,0,0,0,0,0,0,0,0,0,0,0,0,0,-1,-1,0,0,0,0,0,0,0,0,0,0,0,0,0,0,-0.00359508299415438,-1,0,-7.40162340662209e-05,0,0,0,0,0,0,0,0,0,0,0,0,0,0,0,0,0,0,0,0,0,0,0,0,0,0,0,0,0,0,0,0,0,0,0,0,0,0,-0.179397386865301,0,0,-1,0,-4.11201228900371e-06,0,0.964055835093696,0,-4.11201279566092e-06,0,-1,0,0,0,-0.00359508299415433
"Parabacteroides johnsonii",-0.0131157630008755,0,0.999861986055072,0,0,0,0,0,0,-1,0,0,0,0,0,0,0,0,0,0,0,0,0,0,0,0,0,0,0,0,0,0,0,0,0,0,0,0,0,0,0,0,0,0,0,0,0,0,0,0,0,0,0,0,0,0,0,0,0,0,0,0,0,0,0,0,0,0,0,0,0,0,0,0,0,0,0,0,0,0,0,0,0,0,0,0,0,0,0,0,0,0,0,0,0,0,0,0,0,0,0,0,0,0,0,0,0,0,0,0,0,0,0,0,0,0,0,0,0,0,0,0,0,0,0,0,0,0,12.3424519228241,0,0,0,0,0,0,0,0,0,0,0,0,0,0,0,0,0,0,0,0,-0.331874155245055,0,0,0,0,0,0,0,0,0,0,0,0,0,0,0,0,0,0,0,0,0,0,0,0,0,0,0,0,0,0,0,0,0,0,0,0,0,0,0,0,0,0,0,-1,0,0,0,0,0,0,0,0,0,0,0,0,0,0,0,0,0,0,0,0,0,0,0,0,0,0,0,0.763107,0,0,0,0,0,0,0,0,0,0,0,0,0,0,-0.00600909230712795,0,0,0,0,0,0,0,0,0,0,0,-1,0,0,0,0,0,0,0,0,0,0,-0.00600909230712915,0,0,0,0,0,0,5.04122580732356,-0.00600909230712818,0,0,0,0,0,0,0,0,0,0,0,0,0,0,0,0,0,0,0,0,0,0,-0.00600909230712836,0,0,0,0,-1,0,0,0,0.143850356559664,0,0,0,-0.0935357694314462,0,0,0,0,0,0,0,0,0,0,0,0,-0.0505446103782183,0,0,0,0,0,0,0,0,0,0,0,0,0,0,0,0,0,0,0,0,0,0,0,0,0,0,0,0,0,0,0,0,0,-0.000138013954794587,0,0,0,0,0,0,0,0,0,0,0,0,0,0,0,0,0,0,0,0,0,0,-0.0120181846142551,-0.000276027891417471,0,-0.00908815593673065,15.3934651064745,0,0,0,0,0,0,-1,0,0,0,0,0,-1,0,0,0,0,0,0,0,0,0,0,0,0,0,-1,0,0,0,0,0,0,0,0,0,0,0,0,0,0,-1,0,0,0,0,0,0,0,0,0,0,0,0,0,0,0,0,0,0,0,0,0,0,0,0,0,0,0,-1.11903203143129e-05,0,2.85016839645415,0,29.9999803137187,0.935122560618034,0,0,0,0,0,0,0,0,0,0,0,0,0,0,0,0,0,0,0,0,0,0,0,0,0,0,0,0,0,0,0,0,0,0,-1.21777005186914e-05,0,0,0,0,0,0,0,0,0,0,0,0,0,-6.90069738448074e-05,0,0,0,0,0,0,0,0,0,0,0,0,-0.00600909230712738,0,0,0,0,0,0,0,0,0,0,0,0,0,0,0,0,0,0,0,0,0,0,0,-1,0,0,0,0,0,0,0,0,0,0,0,0,0,0,0,0,-0.250780113644257,0,0,-1,0,0,-1,0,0,0,0,0,0,0,0,-4.14041857425218e-05,0,-0.115392351614751,0,0,-6.90069710763055e-05,-0.00600909230712881,0,0,0,-0.00600909230712769,0,0,0,0,-0.00302938531218916,0,0,0,0,0,0,0,0,0,0,0,0,-0.0120181846141386,0,0,0,0,0,3.68642308383975,0,0,0,0,0,0,0,0,0,0,0,0,0,0,0,0,0,0,0,0,0,0,0,0,0,0,0,0,0,0,0,0,0,-0.00302938531218946,0,0,0,0,0,-0.717269473932923,-4.92906893049394e-06,0,13.2921070316983,0,0,0,0,-1,0,0,0,0,0,0,0,0,0,0,0,-0.00302938531218967,0,0,0,0,0,-4.60046482662619e-05,-0.00600909230712837,0,-0.000138013949310334,0,0,0,0,0,0,0,0,0,0,0,0,0,0,0,0,-1,0,-1,0,0,0,0,0,0,0,0,0,0,0,0,0,0,0,0,0,0,0,0,0,-1,0,0,0,0,-0.00302938531218988,0,0,0,0,0,0,0,-0.00600909230712792,-0.00302938531218953,0,0,0,0,0,0,0,0,0,0,0,0,0,0,-1,-1,0,0,0,0,0,0,0,0,0,0,0,0,0,0,0,0,0,-0.000103510467642081,0,0,0,0,0,0,0,0,0,0,0,0,0,0,0,0,0,0,0,0,0,0,0,0,0,0,0,0,0,0,0,0,0,-1,0,0,0,0,0,0,0,0,0,-1.03510461924543e-05,-1,0.931210591007843,0,-1.03510460712641e-05,0,-1,0,0,0,-0.0060090923071282
"Parabacteroides merdae",0,0,0,0,0,0,0,0,0,-1,0,0,0,0,0,0,0,0,0,0,0,0,0,0,0,0,0,0,0,0,0,0,0,0,0,0,0,0,0,0,0,0,0,0,0,0,0,0,0,0,0,0,0,0,0,0,0,0,0,0,0,0,0,0,0,0,0,0,0,0,0,0,0,0,0,0,0,0,0,0,0,0,0,0,0,0,0,0,0,0,0,0,0,0,0,0,0,0,0,0,0,0,0,0,0,0,0,0,0,0,0,0,0,0,0,0,0,0,0,0,0,0,0,0,0,0,0,0,14.8041317569796,0,0,0,0,0,0,0,0,0,0,0,0,0,0,0,0,0,0,0,0,-1,0,0,0,0,-1,0,0,0,0,0,0,0,0,0,0,0,0,0,0,0,0,0,0,0,0,0,0,0,0,0,0,0,0,0,0,0,0,0,0,0,0,0,0,-1,0,0,0,0,0,0,0,-1,0,0,0,0,0,0,0,0,0,0,0,0,0,0,0,0,0,0,0,0.96669,0,0,0,0,0,0,0,0,0,0,0,0,0,0,-0.00577732896171263,0,0,0,0,0,0,0,0,0,0,0,-1,0,0,0,0,0,0,0,0,0,0,-0.0057773289617124,0,0,0,0,0,0,0.0338091095558793,-0.00577771646483229,0,0,0,0,0,0,0,0,0,0,0,0,0,0,0,0,0,0,0,0,0,0,-0.00577732896171208,0,0,0,-1,-1,0,0,0,0.863167050251714,0,0,0,-0.124712534469539,0,0,0,0,0,0,0,0,0,0,0,0,-0.133332346539685,0,0,0,0,0,0,0,0,0,0,0,0,0,0,0,0,0,0,0,0,0,0,0,0,0,0,0,0,0,0,0,0,0,-3.4610936358149e-05,0,0,0,0,0,0,0,0,0,0,0,0,0,0,0,0,0,0,0,0,0,0,-0.0115554157083165,-3.46109316924412e-05,0,-0.0128023653210038,11.1560437797674,0,0,0,0,0,0,-1,0,0,0,0,0,-1,0,0,0,0,0,0,0,0,0,0,0,0,0,-1,0,0,0,0,0,0,0,0,-1,0,0,0,0,0,-1,0,0,0,0,0,0,0,0,0,0,0,0,0,0,0,0,0,0,0,0,0,0,0,0,0,-1,0,-6.92218634083019e-06,0,-1,0,10.2497479499532,-2.59582023791154e-05,0,0,0,0,0,0,-1,0,0,0,0,0,0,0,0,0,0,0,0,0,0,0,0,0,0,0,0,0,0,0,0,0,0,0,-7.98713703215981e-06,0,0,0,0,0,0,0,0,0,0,0,0,0,-5.19163847620803e-05,0,0,0,0,0,0,0,0,0,0,0,0,-0.0057773289617126,0,0,0,0,0,0,0,0,0,0,0,0,0,0,0,0,0,0,0,0,0,0,0,-1,-1,0,0,0,0,0,0,0,0,0,0,0,0,0,0,0,-0.300031723085279,0,0,-1,0,0,-1,0,0,0,0,0,0,0,-1,0,0,-0.136497205393939,0,0,-3.46109316342336e-05,-0.00577732896171304,0,0,0,-0.00577732896171447,0,0,0,-5.76848850971601e-06,-0.00853491021393893,0,0,0,0,0,0,0,0,0,0,0,0,-0.0115546579234262,0,0,0,0,0,-4.04428788544004,0,0,0,0,0,0,0,0,0,0,0,0,-0.0595070276400725,0,0,0,0,0,0,0,0,0,0,0,0,0,0,0,0,0,0,0,0,-0.00426745510700101,0,0,0,0,0,-0.835937544062337,-2.2092076616218e-06,0,0,0,0,0,0,-1,0,0,0,0,0,0,0,0,0,0,0,-0.00427116132045245,0,0,0,0,0,-1.03832773575618e-06,-0.00577732896171224,0,-0.00577836444394961,0,0,0,0,0,0,0,-5.19163885648766e-07,0,0,0,0,0,0,0,0,-1,0,-1,0,0,0,0,0,0,0,0,0,0,0,0,0,0,0,0,0,0,0,0,0,-1,0,0,0,0,-0.00426825171849238,0,0,0,0,0,0,0,-0.00577732896171271,-0.00426745510700041,0,0,0,0,0,0,0,0,0,0,0,-0.1,0,0,-1,-1,0,0,0,0,0,0,0,0,0,0,0,0,0,0,-0.00426745510697222,0,0,-0.000103832787361171,0,0,0,0,0,0,0,0,0,0,0,0,0,0,0,0,0,0,0,0,0,0,0,0,0,0,0,0,0,0,0,0,0,-1,0,0,0,0,-0.270910910786034,0,0,0,0,-5.76849061963003e-06,-1,0.932215015349296,-1,-5.76848858111134e-06,0,-1,0,0,0,-0.00577732896171264
"Paraeggerthella hongkongensis",-0.0013972442798016,0,0.999787043724253,0,0,0,0,0,0,-0.0109401227789691,0,0,0,0,0,0,0,0,0,0,0,0,0,0,0,0,0,0,0,0,0,0,0,0,0,0,0,0,0,0,0,0,0,0,0,0,0,0,0,0,0,0,0,-0.000266849969411267,0,0,0,0,0,0,0,0,0,0,0,0,0,0,0,0,0,0,0,0,0,0,0,0,0,0,0,0,0,0,0,0,0,0,0,0,0,0,0,0,0,0,0,0,0,0,0,0,0,0,0,0,0,0,0,0,0,0,0,0,0,0,0,0,0,0,0,0,0,0,0,0,0,0,-0.0353612329981476,0,0,0,0,0,0,0,0,0,0,0,0,0,0,0,0,0,0,0,0,0,0,0,0,0,-0.0162768499296096,0,0,0,0,0,0,0,0,0,0,0,0,0,0,0,0,0,0,0,0,0,0,0,0,0,0,0,0,0,0,0,0,0,0,0,0,0,0,0,0,0,0,0,0,0.909106981239186,0,0,0,0,-1,0,0,0,0,0,0,0,0,0,0,0,0,0,0,0,0,0.033609,0,0,0,0,-0.000106478136968069,0,0,0,0,0,0,0,0,0,-0.000266849969411267,0,0,0,0,0,0,0,0,0,0,0,-0.00273654478467557,1.99549262057368,0,0,0,0,0,0,0,0,-0.000533699938822535,-0.000266849969411267,0,0,0,0,0,0,3.04276704457217,-0.000266849969411267,0,0,0,0,0,0,0,0,0,0,0,0,-0.00143163360039326,0,0,0,0,0,0,0,0,0,-0.000266849969411267,0,0,0,0,0,0,0,0,0,0,0,0,0,0,0,0,0,0,0,0,0,0,0,0,0,0,0,0,0,0,0,0,0,0,0,0,0,0,0,0,0,0,0,0,0,0,0,0,0,0,0,0,0,0,0,0,0,0,0,0,0,0,0,0,0,0,0,0,0,0,0,0,0,0,0,0,0,0,0,0,0,0,-0.000266849969411267,-0.000266849969411267,0,-0.000800549908233802,-6.81460077455072e-05,0,0,0,0,0,0,0,0,0,0,0,0,0,0,0,0,0,0,0,0,0,0,0,0,0,0,0,0,0,0,0,0,-0.0246950589110414,0,0,0,0,0,0,0,0,0,-1,0,0,0,0,0,0,0,0,0,0,0,0,0,0,0,0,0,0,0,0,0,0,0,0,0,0,0,0,-1,0,3.06490031087074,0,0,0,0,0,0,0,0,0,0,0,0,0,0,0,0,0,0,0,0,0,0,0,0,0,0,0,0,0,0,0,0,0,0,0,0,0,0,0,0,0,0,-0.0118835268391212,0,0,0,0,0,0,0,0,0,0,0,0,0,0,0,0,0,0,0,-0.000266849969411267,0,0,0,0,0,0,0,0,0,0,0,0,0,0,0,0,0,0,0,0,0,0,0,0,-0.014472472661224,0,0,0,0,0,0,0,0,0,0,0,0,0,0,0,0,0,0,0,0,0,0,0,0,0,0,0,0,0,0,0,0,-1,0,0,-1,-0.000266849969411267,0,0,0,-0.000266849969411267,0,0,0,-0.000533699938822534,0,0,0,0,0,0,0,0,0,0,0,-0.000533699938822796,0,0,0,0,0,0,0,1.39345960140043,0,0,0,-8.9665803963801e-05,-0.225467064864887,0,0,0,0,0,0,0,0,0,0,0,0,0,0,0,0,0,0,-0.909245402818205,0,0,0,0,0,0,0,0,-0.00592167161360898,-0.000266849969411267,0,0,0,0,0,-0.000121689301408878,0,-0.000533699938822534,2.98483209447307,0,0.479031869948898,0,0,-0.00541215040546826,0,0,0,0,0,0,0,0,0,0,0,0,0,0,0,0,0,0,0,0,0,0,0,0,0,0,0,0,0,0,0,0,0,0,0,0,0,0,-0.000533699938822535,-1,0,0,0,0,0,0,0,0,0,0,0,0,0,0,0,0,0,0,0,0,0,-0.0187534612484797,0,0,0,0,-0.000266849969411268,0,0,0,0,0,0,0,-0.000266849969411268,-0.000266849969411268,0,0,0,0,0,0,0,0,0,0,0,0,0,0,0.990408367518853,0,0,0,0,0,0,0,0,0,0,0,0,0,0,0,-0.000266849969411268,-1,0,-0.000349506005504966,0,0,0,0,0,0,0,0,0,0,0,0,0,0,0,0,0,0,0,0,0,0,0,0,0,0,0,0,0,0,0,0,0,0,-0.0018315875830367,0,0,0,0,0,0,-0.00373200758258212,0,-0.000948630349589164,0,0,0.94448700104067,-0.00197876392673381,0,0,0,0,0,-0.000266849969411268
"Phocaeicola dorei",-0.0373156755532787,0,0,0,0,0,0,0,0,-1,0,0,0,0,0,0,0,0,0,0,0,0,0,0,0,0,0,0,0,0,0,0,0,0,0,0,0,0,0,0,0,0,0,0,0,0,0,0,0,0,0,0,0,0,0,0,0,0,0,0,0,0,0,0,0,0,0,0,0,0,0,0,0,0,0,0,0,0,0,0,0,0,0,0,0,0,0,0,0,0,0,0,0,0,0,0,0,0,0,0,0,0,0,0,0,0,0,0,0,0,0,0,0,0,0,0,0,0,0,0,0,0,0,0,0,0,0,0,44.5272697955156,0,0,0,0,0,0,0,0,0,0,0,0,0,0,0,0,0,0,0,0,-1,0,0,0,0,0,0,0,0,0,0,0,0,0,0,0,0,0,0,0,0,0,0,0,0,0,0,0,0,0,0,0,0,0,0,0,0,0,0,0,0,0,0,0,-1,0,0,0,0,0,0,0,0,0,0,0,0,0,0,0,0,0,0,0,0,0,0,0,0,0,0,0,1.189473,0,0,0,0,0,0,0,0,0,0,0,0,0,0,-0.00749796288418977,0,0,0,0,0,0,0,0,0,0,0,-1,0,0,0,0,0,0,0,0,0,0,-0.00749796288418977,0,0,0,0,0,0,-4.0843055599956,-0.00749796288418977,0,0,0,0,0,0,0,0,0,0,0,0,0,0,0,0,0,0,0,0,0,0,-0.00749796288418977,0,0,0,0,-1,0,0,0,0.741186570503118,0,0,0,-0.014463559526436,0,0,0,0,0,0,0,0,0,0,0,0,-3.52520455635386e-05,0,0,0,0,0,0,0,0,0,0,0,0,0,0,0,0,0,0,0,0,0,0,0,0,0,0,0,0,0,0,-1,0,0,-0.014463559526436,0,0,0,0,0,0,0,0,0,0,0,0,0,0,0,0,0,0,0,0,0,0,-0.0149959257683795,-5.70747317851783e-05,0,0,13.4032384299686,0,0,0,0,0,0,-1,0,0,0,0,0,-1,0,0,0,0,0,0,0,0,0,0,0,0,0,-1,0,0,0,0,0,0,0,0,-1,0,0,0,0,0,-1,0,0,0,0,0,0,0,0,0,0,0,0,0,0,0,0,0,0,0,0,0,0,0,-1,0,-0.00297487232269792,0,0,0,-1,2.36141427580056,35.7062854789056,0.915186965150593,0,0,0,0,0,0,0,0,0,0,0,0,0,0,0,0,0,0,0,0,0,0,0,0,0,0,0,0,0,0,0,0,0,0,0,0,0,0,0,0,0,0,0,0,0,0,0,0,-1.17506780208804e-05,0,0,0,0,0,0.696685703431591,0,0,0,0,0,0,-0.00749796288418977,0,0,0,0,0,0,0,-1,0,0,0,0,0,0,0,0,0,0,0,0,0,0,0,-1,-1,0,0,0,0,0,0,0,0,0,0,0,0,0,0,0,-0.371817408777346,0,0,-1,0,0,-1,0,0,0,0,0,0,0,0,0,0,-0.173129053903703,0,0,-7.99046173938223e-06,-0.00749796288418977,0,0,0,-0.00749796288418977,0,0,0,0,-0.00594974464539584,0,0,0,0,0,0,0,0,0,0,-0.0149959257683795,0,0,0,0,0,0,0,4.83973116704465,0,0,0,0,0,0,0,0,0,0,0,0,0,0,0,0,0,0,0,0,0,0,0,-1,0,0,0,0,0,0,0,0,0,-0.00595806734407489,0,0,0,0,0,-0.979726322307828,-9.77625970136065e-07,0,0,0,0,0,0,-1,0,0,0,0,0,0,0,0,0,0,0,-0.00594974464539584,0,0,0,0,0,-3.02668648144433e-06,-2.85373640292394e-05,0,-0.00749796288418977,0,0,0,0,0,0,0,0,0,0,0,0,0,0,0,0,-1,-0.0149959257683795,-1,0,0,0,0,0,0,0,0,0,0,0,0,0,0,0,0,0,0,0,0,0,-1,0,0,0,0,-0.00594974464539584,0,0,0,0,0,0,0,-0.00749796288418977,-0.00594974464539584,0,0,0,0,0,0,0,0,0,0,0,0,0,0,-1,-1,0,0,0,0,0,0,0,0,0,0,0,0,0,0,0,-1,0,-0.0487029777100625,0,0,0,0,0,0,0,0,0,0,0,0,0,0,0,0,0,0,0,0,0,0,0,0,0,0,0,0,0,0,0,0,0,0,0,0,0,0,-0.332375636089149,0,0,0,0,0,-1,-0.0806367436412074,-1,-1.72704528722534e-06,0,-1,0,0,0,-0.00749796288418977
"Phocaeicola vulgatus",-0.0474424657935844,0,0,0,0,0,0,0,0,-1,0,0,0,0,0,0,0,0,0,0,0,-1,0,0,0,0,0,0,0,0,0,0,0,0,0,0,0,0,0,0,0,0,0,0,0,0,0,0,0,0,0,0,0,0,0,0,0,0,0,0,0,0,0,0,0,0,0,0,0,0,0,0,0,0,0,0,0,0,0,0,0,0,0,0,0,0,0,0,0,0,0,0,0,0,0,0,0,0,0,0,0,0,0,0,0,0,0,0,0,0,0,0,0,0,0,0,0,0,0,0,0,0,0,0,0,0,0,0,-1,0,0,0,0,0,0,0,0,0,0,-1,0,0,0,0,0,-1,0,0,-1,-1,0,0,0,0,-1,0,0,0,0,0,0,0,0,0,0,0,0,0,0,0,0,0,0,0,0,0,0,0,0,0,0,0,0,0,0,0,0,0,0,0,0,0,0,-1,0,0,0,0,0,0,0,-1,0,0,0,0,0,0,0,0,0,0,0,0,0,0,0,0,0,0,0,1.140317,0,0,0,0,0,0,0,0,0,0,0,0,0,0,-0.00419374683917642,0,0,0,0,0,0,0,0,0,0,0,-1,0,0,0,0,0,0,0,0,0,-0.00838749367838335,-0.00419374683919168,0,0,0,0,0,0,-10,-0.00419374683918157,0,0,0,0,0,0,0,0,0,0,0,0,0,0,0,0,0,0,0,0,0,0,-0.00419374683915778,0,0,0,-1,-1,0,0,0,-1,0,0,0,-1,0,0,0,0,0,0,0,0,0,0,0,0,-1,0,0,0,0,0,0,0,0,0,0,0,0,0,0,0,0,0,0,0,0,0,0,0,0,0,0,0,0,0,0,-1,0,0,-1,0,0,0,0,0,0,0,0,0,0,0,0,0,0,0,0,0,0,0,0,0,0,-0.0167749873567783,-0.00419374683918169,0,-0.012581240517545,-1,-1,0,0,0,0,0,-1,0,0,0,0,0,-1,0,0,0,0,0,0,0,-1,0,0,0,0,0,-1,0,0,0,0,0,0,0,0,-1,0,0,0,0,0,-1,0,0,0,0,0,0,0,0,0,0,0,0,0,0,0,0,0,0,0,0,0,0,0,-1,0,-1,0,-1,0,-1,-1,-10,-1,0,0,0,0,0,0,0,0,0,0,0,0,0,0,0,0,0,0,0,0,0,0,0,0,0,0,0,0,0,0,0,0,0,0,0,0,0,0,0,0,0,0,0,0,0,0,0,0,-1,0,0,0,0,0,0,0,0,0,0,0,0,-0.00419374683918188,0,0,0,0,0,0,0,-1,0,0,0,0,0,0,0,0,0,0,0,0,0,0,0,-1,-1,0,0,0,0,0,0,0,0,0,0,0,0,0,0,0,-0.330726376748466,0,0,-1,0,0,-1,0,0,0,0,0,0,0,-1,0,0,-1,0,0,-1,-0.00419374683917405,0,0,0,-0.00419374683918309,0,0,0,0,-0.00838749367836263,0,0,0,0,0,0,0,0,0,0,-0.00838749367840566,0,-1,0,0,0,0,0,-10,0,0,0,0,0,0,0,0,0,0,0,0,-0.0948849315877171,0,0,0,0,0,0,0,0,0,0,-1,0,0,0,0,0,0,0,0,0,-0.00419374683918067,0,0,0,0,0,-1,-1,0,0,0,0,0,0,-1,0,0,0,0,0,0,0,0,0,0,0,-0.00838749367835875,0,0,0,0,0,-0.00209687341959083,-0.00419374683917943,0,-0.00629062025877837,0,-0.00419374683918037,0,0,0,0,0,0,0,0,0,0,0,0,0,0,-1,-0.00838749367836647,-1,0,0,0,0,0,0,0,0,0,0,0,0,0,0,0,0,0,0,0,0,0,-1,0,0,0,0,-0.00419374683918537,0,0,0,0,0,0,0,-0.00419374683917676,-0.00419374683917676,0,0,0,0,0,0,0,0,0,0,0,0,0,0,-1,-1,0,0,0,0,0,0,0,0,0,0,0,0,0,0,0,0,0,-0.0490975239709474,0,0,0,0,0,0,0,0,0,0,0,0,0,0,0,0,0,0,0,0,0,0,0,0,0,0,0,0,0,0,0,0,0,0,-0.0548230597350498,0,0,0,-0.408796315271317,0,0,0,0,-1,0,-1,-1,-1,0,-1,0,0,0,-0.00419374683918323
"Prevotella conceptionensis",0,0,0,0,0,0,0,0,0,-0.00272382542201489,0,-0.000337247907532149,0,0,0,0,0,0,0,0,0,0,0,0,0,0,0,0,0,0,0,0,0,0,0,0,0,0,0,0,0,0,0,0,0,0,0,0,0,-0.00101169168450288,0,0,0,0,0,0,0,0,0,0,0,0,0,0,0,0,0,0,0,0,0,0,0,0,0,0,0,0,0,0,0,0,0,0,0,0,0,0,0,0,0,0,0,0,0,0,0,0,0,0,0,0,0,0,0,0,0,0,0,0,0,0,0,0,0,0,0,0,0,0,0,0,0,0,0,0,0,0,2.9688990958246,0,0,0,0,0,0,0,0,0,0,0,0,-0.0163492664741251,0,0,0,0,0,0,0,-1,0,0,0,0,-0.0547751929160303,0,0,0,0,0,0,0,0,0,0,0,0,0,0,0,0,0,0,0,0,0,0,0,0,0,0,0,0,0,0,0,0,0,0,0,0,0,0,0,0,0,0,0,0,-0.0268668642084632,0,0,0,0,0,0,0,0,0,0,0,0,0,0,0,0,0,0,0,0,0,0.108905,0,0,0,0,0,0,0,0,0,0,0,0,0,0,-0.000337224341392404,0,0,0,0,0,0,0,0,0,0,0,-0.00930435337285022,0,0,0,0,0,0,0,0,0,0,-0.000337224341392404,0,0,0,0,0,0,1.31785701191509,-0.000337224341392404,0,0,0,0,0,0,0,0,0,0,0,0,0,0,0,0,0,0,0,0,0,0,-0.000337224341392404,0,0,0,0,-1,0,0,0,0.00989146565235584,0,0,0,-0.0161090221052039,-0.0272540514103004,0,0,0,0,0,0,0,0,0,0,0,-0.974232799067282,0,0,0,0,0,0,0,0,0,0,0,0,0,0,0,0,0,0,0,0,0,0,0,0,0,0,0,0,0,0,0,0,0,-5.93303905428721e-07,0,0,0,0,0,0,0,0,0,0,0,0,0,0,0,0,0,0,0,0,0,0,-0.000674448682784809,-5.27382718829017e-07,0,0,2.9990357898123,0,0,0,0,0,0,-1,0,0,0,0,0,-1.3960132427826e-07,0,0,0,0,0,0,0,0,0,0,0.0010116729975,0,0,-1,0,0,0,0,0,0,0,0,0,0,0,0,0,0,0.00347886132,0,0,0,0,0,0,0,0,0,0,0,0,0,0,0,0,0,0,0,0,0,0,0,-0.0173971293164641,0,0,0,-4.11541588689335e-08,0,0.270682793270391,0,-2.02427525202261,0,0,0,0,0,0,0,-0.00863283922586857,0,0,0,0,0,0,0,0,0,0,0,0,0,0,0,0,0,0,0,0,0,0,0,0,0,0,0,-4.4221541206646e-08,0,0,0,0,0,0,-0.0356102207728752,0,0,0,0,0,0,-1.24906585879936e-07,0,0,0,0,0,0,0,0,0,0,0,0,-0.000337224341392404,0,0,0,0,0,0,0,0,0,0,0,0,0,0,0,0,0,0,0,0,0,0,0,0,-0.0501588127926579,0,0,0,0,0,0,0,0,0,0,0,0,0,0,0,-0.0310858440197151,0,0,0,0,0,0,0,0,0,0,0,0,0,0,0,0,-0.0142553049728237,0,0,0,-0.000337224341392404,0,0,0,-0.000337224341392404,0,0,0,0,-0.000337224341392606,0,0,0,0,0,0,0,0,0,0,-0.000674448682784773,0,0,0,0,0,0,0,1.78901573545366,0,0,0,-1,0,0,0,0,0,0,0,0,-0.00927696376462799,0,0,0,0,0,0,0,0,0,0,-0.000337224341392404,0,0,0,0,0,0,0,0,0,-0.000337224341392404,0,0,0,0,0,-0.0993481084325703,0,-0.000674448682784797,0,0,0,0,0,-0.0200766372794089,0,0,0,0,0,0,0,0,0,0,0,0,0,0,0,0,0,0,0,0,0,0,-0.000337224341392404,0,0,0,0,0,0,0,0,0,0,0,0,0,0,0,-0.000674448682784808,0,0,0,0,0,0,0,0,0,0,0,0,0,0,0,0,0,0,0,0,0,0,0,0,0,0,0,-0.000337224341392404,0,0,0,0,0,0,0,-0.000337224341392404,-0.000337224341392404,0,0,0,0,0,0,0,0,0,0,0,0,0,0,-0.421957842807046,0,0,0,0,0,0,0,0,0,0,0,0,0,0,0,-0.000337224341392404,0,0,-2.63691042158738e-07,0,0,0,0,0,0,0,0,0,0,0,0,0,0,0,0,0,0,0,0,0,0,0,0,0,0,0,0,0,0,0,0,0,0,-0.00514053394555281,0,0,0,-0.0027238230268256,0,0,-0.0299706567903083,0,-3.84846882243994e-08,0,0.9908400605762,-0.0383596091615199,-3.05565497180256e-08,0,0,0,0,0,-0.000337224341392404
"Prevotella copri",0,0,0.999055195978372,0,0,0,0,0,0,-0.0395029554407224,0,0,0,0,0,0,0,0,0,0,0,0,0,0,0,0,0,0,0,0,0,0,0,0,0,0,0,0,0,0,0,0,0,0,0,0,0,0,0,-3.51228250972699e-06,0,0,0,0,0,0,0,0,0,0,0,0,0,0,0,0,0,0,0,0,0,0,0,0,0,0,0,0,0,0,0,0,0,0,0,0,0,0,0,0,0,0,0,0,0,0,0,0,0,0,0,0,0,0,0,0,0,0,0,0,0,0,0,0,0,0,0,0,0,0,0,0,0,0,0,0,0,0,20.4460628704796,0,0,0,0,0,0,0,0,0,0,0,0,0,0,0,0,0,0,0,-3.37430007240902e-05,-1,0,0,0,0,-1,0,0,0,0,0,0,0,0,0,0,0,0,0,0,0,0,0,0,0,0,0,0,0,0,0,0,0,0,0,0,0,0,0,0,0,0,0,0,-1,0,0,0,0,0,-0.180767551436242,0,-1,0,0,-1,0,0,0,0,0,0,0,0,0,0,0,0,0,0,0,0,0.671885,0,0,0,0,0,0,0,0,0,0,0,0,0,0,-0.0036637237047258,0,0,0,0,0,0,0,0,0,-1,0,0,0,0,0,0,0,0,0,0,0,0,-0.0036637237047258,0,0,0,0,0,0,2.8982718299658,-0.0036637237047258,0,0,0,0,0,0,0,0,0,0,0,0,0,0,0,0,0,0,0,0,0,0,-0.0036637237047258,0,0,0,0.838320299077496,-1,0,0,0,-0.0186785702098572,0,0,0,-0.00902244116678547,0,0,0,0,0,0,0,0,0,0,0,0,-0.895330073705768,0,0,0,0,0,0,0,0,0,0,0,0,0,0,0,0,0,0,0,0,0,0,0,0,0,0,0,0,0,0,0,0,0,-5.55767085771847e-05,0,0,0,0,0,0,0,0,0,0,0,0,0,0,0,0,0,0,0,0,0,0,-0.00470393662622747,-0.0036637237047258,0,-0.00312063876450502,15.8389912936666,0,0,0,0,0,0,-1,0,0,0,0,0,0,0,0,0,0,0,0,0,0,0,0,0,0,0,-1,0,0,0,0,0,-1,0,0,-1,0,-1,0,0,0,0.01073134722,0,0,0,0,0,0,0,0,0,0,0,0,0,0,0,0,0,0,0,0,0,0,0,-0.124521943677511,0,0,0,-3.37430006789041e-05,0,31.8456069726295,0,-10,0,0,0,0,0,0,0,-0.0577445157767342,0,0,0,0,0,0,0,0,0,0,0,0,0,0,0,0,0,0,0,0,0,0,0,0,0,0,0,-0.220863274844026,0,0,0,0,0,0,-0.204765127491728,0,0,0,0,0,0,0.220820701899024,0,0,0,0,0,0,0,0,0,0,0,0,-0.0036637237047258,0,0,0,0,0,0,0,0,0,0,0,0,0,0,0,0,0,0,0,0,0,0,0,-1,0.808206183382576,0,0,0,0,0,0,0,0,0,0,0,0,0,0,0,-0.207948520349288,0,0,-1,0,0,0,0,0,0,0,0,0,0,0,0,0,-1,0,0,0,-0.0036637237047258,0,0,0,-0.0036637237047258,0,0,0,0,-0.00208042584300335,0,0,0,0,0,0,0,0,0,0,-0.00732744740945142,0,0,0,0,0,0,0,7.5500120407853,0,0,0,0,0,0,0,0,0,0,0,0,-0.0286169414498122,0,0,0,0,0,0,0,0,0,0,0,0,0,0,0,0,0,0,0,-0.112567673988109,-0.00104021292150167,0,0,0,0,0,-0.767007394859891,0,-0.00732744740945157,9.53830031240477,0,0,0,0,-0.134303165533503,0,0,0,0,0,0,0,0,0,0,0,-1.15220003991112e-05,0,0,0,0,0,0,-0.0036637237047258,0,0,0,-0.00104021292150167,0,0,0,0,0,0,0,0,0,0,0,0,0,0,0,-0.00732744740945159,-1,0,0,0,0,0,0,0,0,0,0,0,0,0,0,0,0,0,0,0,0,0,-0.145863780969786,0,0,0,0,0,0,0,0,0,0,0,0,-0.0036637237047258,-0.00104021292150167,0,0,0,0,0,0,0,0,0,0,0,0,0,0,-1,-1,0,0,0,0,0,0,0,0,0,0,0,0,0,0,0,-1,0,-0.0266953493070046,0,0,0,0,0,0,0,0,0,0,0,0,0,0,0,0,0,0,0,0,0,0,0,0,0,0,0,0,0,0,0,0,0,0,-0.0343870929611521,0,0,0,-0.185007916958431,0,0,-0.0867112539059981,0,-2.09956448572052e-05,0,0.850423135391522,-1,-1.0159183034375e-05,0,-1,0,0,0,-0.0036637237047258
"Prevotella histicola",0,0,0,0,0,0,0,0,0,-0.0120294750064041,0,0,0,0,0,0,0,0,0,0,0,0,0,0,0,0,0,0,0,0,0,0,0,0,0,0,0,0,0,0,0,0,0,0,0,0,0,0,0,0,0,0,0,0,0,0,0,0,0,0,0,0,0,0,0,0,0,0,0,0,0,0,0,0,0,0,0,0,0,0,0,0,0,0,0,0,0,0,0,0,0,0,0,0,0,0,0,0,0,0,0,0,0,0,0,0,0,0,0,0,0,0,0,0,0,0,0,0,0,0,0,0,0,0,0,0,0,0,10.1459185299845,0,0,0,0,0,0,0,0,0,0,0,0,0,0,0,0,0,0,0,0,-1,0,0,0,0,-0.240786945445532,0,0,0,0,0,0,0,0,0,0,0,0,0,0,0,0,0,0,0,0,0,0,0,0,0,0,0,0,0,0,0,0,0,0,0,0,0,0,0,0,0,0,0,0,-0.118104229659155,0,0,0,0,0,0,0,0,0,0,0,0,0,0,0,0,0,0,0,0,0,0.478736,0,0,0,0,0,0,0,0,0,0,0,0,0,0,-0.00148240675776074,0,0,0,0,0,0,0,0,0,0,0,0,0,0,0,0,0,0,0,0,0,-0.00148240675776074,-0.00148240675776074,0,0,0,0,0,0,-7.04934023759498,-0.00148240675776074,0,0,0,0,0,0,0,0,0,0,0,0,0,0,0,0,0,0,0,0,0,0,-0.00148240675776074,0,0,0,0,-1,0,0,0,-0.00903894695033883,0,0,0,-0.000446471109313507,0,0,0,0,0,0,0,0,0,0,0,0,-0.938375119662411,0,0,0,0,0,0,0,0,0,0,0,0,0,0,0,0,0,0,0,0,0,0,0,0,0,0,0,0,0,0,0,0,0,-4.96079010896544e-05,0,0,0,0,0,0,0,0,0,0,0,0,0,0,0,0,0,0,0,0,0,0,-0.00148240675776074,-0.00148240675776074,0,-0.00444722027328223,9.66962962287264,-1,0,0,0,0,0,-1,0,0,0,0,0,0,0,0,0,0,0,0,0,0,0,0,0,0,0,-1,0,0,0,0,0,0,0,0,0,0,-1,0,0,0,-1,0,0,0,0,0,0,0,0,0,0,0,0,0,0,0,0,0,0,0,0,0,0,0,-0.0711544966692709,0,-0.000741203378880369,0,0,0,33.3454260730186,0,-0.107581313423839,-0.102084800338132,0,0,0,0,0,0,-0.0379465490867583,0,0,0,0,0,0,0,0,0,0,0,0,0,0,0,0,0,0,0,0,0,0,0,0,0,0,0,-0.131325711054842,0,0,0,0,0,0,0,0,0,0,0,0,0,0.131296048513591,0,0,0,0,0,0,0,0,0,0,0,0,-0.00148240675776074,0,0,0,0,0,0,0,0,0,0,0,0,0,0,0,0,0,0,0,0,0,0,0,-1,-1,0,0,0,0,0,0,0,0,0,0,0,0,0,0,0,-0.136650471479162,0,0,-1,0,0,-1,0,0,0,0,0,0,0,0,0,0,0,0,0,0,-0.00148240675776074,0,0,0,-0.00148240675776074,0,0,0,-0.00296481351552148,0,0,0,0,0,0,0,0,0,0,0,0,0,0,0,0,0,0,0,2.33522305115384,0,0,0,0,0,0,0,0,0,0,0,0,-0.0407806676095885,0,0,0,0,0,0,0,0,0,0,0,0,0,0,0,0,0,0,0,0,-0.00148240675776074,0,0,0,0,0,-0.436720332144705,0,-0.00296556963485872,0,0,0,0,0,-0.0882550252844154,0,0,0,0,0,0,0,0,0,0,0,-0.00148240675776074,0,0,0,0,0,0,0,0,0,0,0,0,0,0,0,0,0,0,0,0,0,0,0,0,0,0,-0.00296481351552148,0,0,0,0,0,0,0,0,0,0,0,0,0,0,0,0,0,0,0,0,0,0,-1,0,0,0,0,-0.00148240675776074,0,0,0,0,0,0,0,-0.00148240675776074,-0.00148240675776074,0,0,0,0,0,0,0,0,0,0,0,0,0,0,9.07417787193197,-1,0,0,0,0,0,0,0,0,0,0,0,0,0,0,-0.00148240675776077,-1,0,-0.0210002437706871,0,0,0,0,0,0,0,0,0,0,0,0,0,0,0,0,0,0,0,0,0,0,0,0,0,0,0,0,0,0,0,0,0,0,-0.0225973078572008,0,0,0,-0.131779809004285,0,0,0,0,-2.62630143388343e-05,0,0.909868097745865,0,-5.58088991431394e-06,0,0,0,0,0,-0.00148240675776074
"Prevotella loescheii",0,0,0,0,0,0,0,0,0,-0.0125518595288072,0,-0.00155637401596234,0,0,0,0,0,0,0,0,0,0,0,0,0,0,0,0,0,0,0,0,0,0,0,0,0,0,0,0,0,0,0,0,0,0,0,0,0,0,0,0,0,0,0,0,0,0,0,0,0,0,0,0,0,0,0,0,0,0,0,0,0,0,0,0,0,0,0,0,0,0,0,0,0,0,0,0,0,0,0,0,0,0,0,0,0,0,0,0,0,0,0,0,0,0,0,0,0,0,0,0,0,0,0,0,0,0,0,0,0,0,0,0,0,0,0,0,10.854048822797,0,0,0,0,0,0,0,0,0,0,0,0,0,0,0,0,0,0,0,0,-1,0,0,0,0,-0.251792975074815,0,0,0,0,0,0,0,0,0,0,0,0,0,0,0,0,0,0,0,0,0,0,0,0,0,0,0,0,0,0,0,0,0,0,0,0,0,0,0,0,0,0,0,0,-0.123502442483244,0,0,0,0,0,0,0,0,0,0,0,0,0,0,0,0,0,0,0,0,0,0.500617,0,0,0,0,0,0,0,0,0,0,0,0,0,0,-0.00155016340960424,0,0,0,0,0,0,0,0,0,-1,0,-3.33644760593943e-05,0,0,0,0,0,0,0,0,0,0,-0.00155016340960424,0,0,0,0,0,0,-9.83061198240431,-0.00155016340960424,0,0,0,0,0,0,0,0,0,0,0,0,0,0,0,0,0,0,0,0,0,0,-0.00155016340960424,0,0,0,0,-1,0,0,0,0.926869683529777,0,0,0,-1,0,0,0,0,0,0,0,0,0,0,0,0,-9.83060426262838e-05,0,0,0,0,0,0,0,0,0,0,0,0,0,0,0,0,0,0,0,0,0,0,0,0,0,0,0,0,0,0,0,0,0,-5.45063279377977e-05,0,0,0,0,0,0,0,0,0,0,0,0,0,0,0,0,0,0,0,0,0,0,-0.00310032681920848,-1.50003775338803e-05,0,-0.00465049022881281,12.4916095822422,-1,0,0,0,0,0,-1,0,0,0,0,0,-1,0,0,0,0,0,0,0,0,0,0,0,0,0,-1,0,0,0,0,0,0,0,0,0,0,0,0,0,0,0,0,0,0,0,0,0,0,0,0,0,0,0,0,0,0,0,0,0,0,0,0,0,0,1.11701177595779,0,-0.00077508170480212,0,-7.92106204933196e-06,0,44.2239358365466,0,2.34909136249377,-0.106754362260196,0,0,0,0,0,0,-0.0396809793311386,0,0,0,0,0,0,0,0,0,0,0,0,0,0,0,0,0,0,0,0,0,0,0,0,0,0,0,-1.35261389280217e-05,0,0,0,0,0,0,-0.163694052099478,0,0,0,0,0,0,-1,0,0,0,0,0,0,0,0,0,0,0,0,-0.00155016340960424,0,0,0,0,0,0,0,0,0,0,0,0,0,0,0,0,0,0,0,0,0,0,0,-1,-0.230571600909111,0,0,0,0,0,0,0,0,0,0,0,0,0,0,0,-0.142896380958319,0,0,-1,0,0,-1,0,0,0,0,0,0,0,0,0,0,0,0,0,0,-0.00155016340960424,0,0,0,-0.00155016340960424,0,0,0,0,-0.00155016340960424,0,0,0,0,0,0,0,0,0,0,-0.00310032681920868,0,0,0,0,0,0,0,-1.60551643027407,0,0,0,0,0,0,0,0,0,0,0,0,0,0,0,0,0,0,0,0,0,0,0,-0.00155016340960424,0,0,0,0,0,0,0,0,0.232839283348619,-0.00155016340960424,0,0,0,0,0,-0.4566834903416,0,-0.00310032681920833,0,0,0,0,0,-0.0922889147620028,0,0,0,0,0,0,0,0,0,0,0,0,0,0,0,0,0,0,0,0,0,0,-0.00155016340960424,0,0,0,0,0,0,0,0,0,0,0,0,0,0,0,0,0,0,0,0,0,0,0,0,0,0,0,0,0,0,0,0,0,0,0,0,0,0,0,0,0,0,0,-0.00155016340960424,0,0,0,0,0,0,0,-0.00155016340960424,-0.00155016340960424,0,0,0,0,0,0,0,0,0,0,0,-0.1,0,0,10.6948677933947,-1,0,0,0,0,0,0,0,0,0,0,0,0,0,0,-0.00155016340960424,0,0,0.0443842955287408,0,0,0,0,0,0,0,0,0,0,0,0,0,0,0,0,0,0,0,0,0,0,0,0,0,0,0,0,0,0,0,0,0,0,-0.0236301673696559,0,0,0,0,0,0,0,0,-7.43937586755727e-06,0,1.83929374801778,-0.176332652273503,-5.71665450865844e-06,0,0,0,0,0,-0.00155016340960424
"Prevotella melaninogenica",-0.0352428057143489,0,0,0,0,0,0,0,0,-0.012284477995558,0,-0.00505889777823333,0,0,0,0,0,0,0,0,0,0,0,0,0,0,0,0,0,0,0,0,0,0,0,0,0,0,0,0,0,0,0,0,0,0,0,0,0,-0.0151655830162996,0,0,0,0,0,0,0,0,0,0,0,0,0,0,0,0,0,0,0,0,0,0,0,0,0,0,0,0,0,0,0,0,0,0,0,0,0,0,0,0,0,0,0,0,0,0,0,0,0,0,0,0,0,0,0,0,0,0,0,0,0,0,0,0,0,0,0,0,0,0,0,0,0,0,0,0,0,0,17.6811135044418,0,0,0,0,0,0,0,0,0,0,0,0,0,0,0,0,0,0,0,0,-1,0,0,0,0,-0.355421873126684,0,0,0,0,0,0,0,0,0,0,0,0,0,0,0,0,0,0,0,0,0,0,0,0,0,0,0,0,0,0,0,0,0,0,0,0,0,0,0,0,0,0,0,0,-0.901051231221363,0,0,0,0,0,0,0,0,0,0,0,0,0,0,0,0,0,0,0,0,0,0.916111,0,0,0,0,0,0,0,0,0,0,0,0,0,0,-0.00505519433876655,0,0,0,0,0,0,0,0,0,0,0,-1,0,0,0,0,0,0,0,0,0,0,-0.00505519433876655,0,0,0,0,0,0,-4.30460711378589,-0.00505519433876655,0,0,0,0,0,0,0,0,0,0,0,0,0,0,0,0,0,0,0,0,0,0,-0.00505519433876655,0,0,0,0,-1,0,0,0,0.0930151347670289,0,0,0,0.844993340512941,0,0,0,0,0,0,0,0,0,0,0,0,-0.794652616971574,0,0,0,0,0,0,0,0,0,0,0,0,0,0,0,0,0,0,0,0,0,0,0,0,0,0,0,0,0,0,0,0,0,-0.000224810621709537,0,0,0,0,0,0,0,0,0,0,0,0,0,0,0,0,0,0,0,0,0,0,-0.000138344973385178,-0.0101103886775331,0,0,16.6730267030844,-1,0,0,0,0,0,-1,0,0,0,0,0,0,0,0,0,0,0,0,0,0,0,0,0,0,0,-1,0,0,0,0,0,0,0,0,0,0,-1,0,0,0,-1,0,0,0,0,0,0,0,0,0,0,0,0,0,0,0,0,0,0,0,0,0,0,0,-0.117947052994753,0,-0.00252759716938327,0,-5.6319989110154e-06,0,-1,0,26.2219100283979,0.928900495991329,0,0,0,0,0,0,-1,0,0,0,0,0,0,0,0,0,0,0,0,0,0,0,0,0,0,0,0,0,0,0,0,0,0,0,-6.08967827453455e-06,0,0,0,0,0,0,-0.305110903123574,0,0,0,0,0,0,-1.72931212756129e-05,0,0,0,0,0,0.83656759883477,0,0,0,0,0,0,-0.00505519433876654,0,0,0,0,0,0,0,0,0,0,0,0,0,0,0,0,0,0,0,0,0,0,0,-1,-1,0,0,0,0,0,0,0,0,0,0,0,0,0,0,0,-0.279020050335827,0,0,-1,0,0,-1,0,0,0,0,0,0,0,0,0,0,-0.115587543266027,0,0,-5.99494940622947e-05,-0.00505519433876654,0,0,0,-0.00505519433876654,0,0,0,0,-1,0,0,0,0,0,0,0,0,0,0,-0.010110388677532,0,0,0,0,0,0,0,8.9429210497608,0,0,0,-1,0,0,0,0,0,0,0,0,-1.13828152470824e-05,0,0,0,0,0,0,0,0,0,0,-0.000112405309772967,0,0,0,0,0,0,0,0,-0.151488181776052,-0.00505519433876654,0,0,0,0,0,-0.701329478804884,0,-0.0101103886775334,0,0,0,0,0,-0.158203278367843,0,0,0,0,0,0,0,0,0,0,0,0.694284761695254,0,0,0,0,0,0,-0.00505519433876654,0,0,0,-0.00505519433876654,0,0,0,0,0,0,0,0,0,0,0,0,0,0,0,0,0,0,0,0,0,0,0,0,0,0,0,0,0,0,0,0,0,0,0,0,0,0,-1,0,0,0,0,-0.00505519433876654,0,0,0,0,0,0,0,-0.00505519433876654,-0.00505519433876654,0,0,0,0,0,0,0,0,0,0,0,-0.1,0,0,7.29144798324154,-1,0,0,0,0,0,0,0,0,0,0,0,0,0,0,-0.00505519433876654,-1,0,-3.90974950179868e-05,0,0,0,0,0,0,0,0,0,0,0,0,0,0,0,0,0,0,0,0,0,0,0,0,0,0,0,0,0,0,0,0,0,0,-0.0465833487852593,0,0,0,-0.252254065879825,0,0,-0.106142311824938,0,-5.49435306562707e-06,0,-0.000224810590971014,-1,-4.24838954948825e-06,0,0,0,0,0,-0.00505519433876654
"Proteus mirabilis",0,0,0,0,0,0,0,0,0,-1,0,-1.78519930904564e-05,0,0,0,0,0,0,0,0,0,0,0,0,0,0,0,0,0,0,0,0,0,0,0,0,0,0,-1,0,0,0,0,0,0,0,0,0,0,-0.0200129192091755,0,0,0,0,0,0,0,0,0,0,0,0,0,0,0,0,0,0,0,0,0,0,0,0,0,0,0,0,0,0,0,0,0,0,0,0,0,0,0,0,0,0,0,0,0,0,0,0,0,0,0,0,0,0,0,0,0,0,0,0,0,0,0,0,0,0,0,0,0,0,0,0,0,0,0,0,0,0,31.8115082168804,0,0,0,0,-1,0,0,0,0,0,-1,0,0,0,0,0,0,0,0,0,-1,0,0,-1,-1,-1,0,0,0,0,0,0,0,0,0,0,0,0,0,0,0,0,0,0,0,0,0,0,0,0,0,0,0,0,0,0,0,0,0,0,0,0,0,0,0,0,0,0,0,0,-1,0,0,0,0,-1,0,0,0,0,0,0,0,0,0,0,0,0,0,0,0,0,1.089405,0,0,0,0,-1,0,0,0,0,0,0,0,0,0,-0.00667097306972516,0,0,0,0,0,0,0,0,0,0,0,-1,0,0,0,-1,0,0,0,0,0,-1,-0.00667097306972516,0,0,0,0,0,0,-9.74040663227368,-0.00667097306972516,0,0,0,0,0,0,0,0,0,0,0,0,-3.34724866368763e-06,0,0,0,0,0,0,0,0,0,-0.00667097306972516,0,0,0,0,-1,0,0,0,1.01328351833105,0,0,0,1.84926564379204,0.699899075574567,0,0,0,0,0,0,0,0,0,0,0,-2.38026566794503e-05,0,0,0,0,0,0,0,0,0,0,0,0,0,0,0,0,0,0,0,0,0,0,0,0,0,0,0,0,0,0,-1,0,0,-2.47181432749821e-05,0,0,0,0,0,0,0,0,0,0,0,0,0,0,0,0,-1,0,0,0,0,0,-1.13747211258897e-05,-0.0133454263507405,0,0,26.3127120108572,-1,0,0,0,0,0,-1,0,0,0,0,0,0,0,0,0,0,0,0,0,-1,0,0,0.0200129145523533,0,0,-1,0,0,0,0,0,0,0,0,5.80332472647545,0,-1,0,0,0,-1,-1,0,0,0,0,0,0,0,0,0,0,0,0,0,0,0,0,0,0,0,0,0,0,-0.129819350525352,0,0,0,-3.63091373048463e-06,0,-1,0,51.9902647108411,0.923426933407085,0,0,0,0,0,0,0,0,0,0,0,0,0,0,0,0,0,0,0,0,0,0,0,0,0,0,0,0,0,0,0,0,0,0,-3.80279133854744e-06,0,0,0,0,0,0,0.635480836455244,0,0,0,0,0,0,-0.141582264803476,0,0,0,0,0,0,0,0,0,0,0,0,-0.00667097306972516,0,0,0,0,0,0,0,-1,0,0,0,0,0,0,0,0,0,0,0,0,0,0,0,0,-0.47150461623733,0,0,0,0,0,0,0,0,0,0,0,0,0,0,0,-0.337007515166078,0,-1,0,0,0,0,0,0,0,0,0,0,0,0,-5.53549966753053e-07,0,-3.78042191773176e-05,0,0,-0.149517444845726,-0.00667097306972516,0,0,0,-0.00667097306972516,0,0,0,0,-0.0133419461394503,0,0,0,0,0,0,0,0,0,-10,-2.71169503740509e-06,0,0,0,0,0,0,0,-5.96938215625391,0,-0.0133419461394517,0,-1,-1,0,0,0,0,0,0,0,-0.0815737938568734,0,0,0,0,0,0,0,0,0,0,-1,0,0,0,0,0,0,0,0,0.691965614179724,-0.00667097306972516,0,0,0,0,0,-2.2952562275691e-05,-2.07313467712363e-06,-0.0133419461394504,0.788407186660082,0,0.12672394382281,0,0,-0.185023448074407,0,0,0,0,0,0,0,0,0,0,0,-0.00667097306972516,0,0,0,0,0,-1.08012056598846e-06,-0.00667097306972516,0,-3.78042191791356e-05,0,0,0,0,0,0,0,0,0,0,0,0,0,0,0,0,-1,0,0,0,0,0,0,0,0,0,0,0,0,0,0,0,0,0,0,0,0,0,0,0,-1,0,0,0,0,-0.00667097306972516,0,0,0,0,0,0,0,-0.00675130548590723,-0.00667097306972516,0,0,0,0,0,0,0,0,0,0,0,0,0,0,-1,-1,0,0,0,0,0,0,0,0,0,0,0,0,0,0,-0.00667097306972516,0,0,-0.000160667936938474,0,0,0,0,0,0,0,0,0,0,0,0,0,0,0,0,0,0,0,0,0.999979268653492,0,0,0,0,0,0,0,0,0,0,0,0,-1,-0.0564288591886717,0,0,0,-1,0,0,-1,0,-3.65154397974354e-06,3.02577645332553,-1,-0.353423763307839,-3.99174989862416e-06,0,-1,0,0,0,-0.00667097306972516
"Proteus penneri",0,0,0,0,0,0,0,0,0,-0.269778645733903,0,-3.00652149912975e-06,0,0,0,0,0,0,0,0,0,0,0,0,0,0,0,0,0,0,0,0,0,0,0,0,0,0,-1,0,0,0,0,0,0,0,0,0,0,-0.00807033100304355,0,0,0,0,0,0,0,0,0,0,0,0,0,0,0,0,0,0,0,0,0,0,0,0,0,0,0,0,0,0,0,0,0,0,0,0,0,0,0,0,0,0,0,0,0,0,0,0,0,0,0,0,0,0,0,0,0,0,0,0,0,0,0,0,0,0,0,0,0,0,0,0,0,0,0,0,0,0,18.7229552539107,0,0,0,0,-1,0,0,0,0,0,-1,0,0,0,0,0,0,0,0,0,-1,0,0,-1,-1,-1,0,0,0,0,0,0,0,0,0,0,0,0,0,0,0,0,0,0,0,0,0,0,0,0,0,0,0,0,0,0,0,0,0,0,0,0,0,0,0,0,0,0,0,0,-0.21450223827607,0,0,0,0,-1,0,0,0,0,0,0,0,0,0,0,0,0,0,0,0,0,0.868758,0,0,0,0,-1,0,0,0,0,0,0,0,0,0,-0.00269011033434785,0,0,0,0,0,0,0,0,0,0,0,-0.00270341578952255,0,0,0,-1,0,0,0,0,0,-0.0161406620060871,-0.00269011033434785,0,0,0,0,0,0,2.90152596742797,-0.00269011033434785,0,0,0,0,0,0,0,0,0,0,0,0,-5.98798940742995e-06,0,0,0,0,0,0,0,0,0,-0.00269011033434785,0,0,0,0,-1,0,0,0,0.870783023641131,0,0,0,0.916355376497927,0,0,0,0,0,0,0,0,0,0,0,0,-3.26617606780655e-05,0,0,0,0,0,0,0,0,0,0,0,0,0,0,0,0,0,0,0,0,0,0,0,0,0,0,0,0,0,0,-1,0,0,-3.26617603680912e-05,0,0,0,0,0,0,0,0,0,0,0,0,0,0,0,0,7.791507299199,0,0,0,0,0,-3.55722155675683e-06,-0.00807033100304355,0,0,25.3637878598424,-1,0,0,0,0,0,-1,0,0,0,0,0,0,0,0,0,0,0,0,0,-1,0,0,0.008070327441,0,0,-1,0,0,0,0,0,0,0,0,-8.98198420816732e-05,0,-1,0,0,0,-1,-1,0,0,0,0,0,0,0,0,0,0,0,0,0,0,0,0,0,0,0,0,0,0,-0.141982036598858,0,0,0,-6.08948063662851e-06,0,33.6410560134259,0,-10,0,0,0,0,0,0,0,0,0,0,0,0,0,0,0,0,0,0,0,0,0,0,0,0,0,0,0,0,0,0,0,0,0,0,0,-6.65332153104714e-06,0,0,0,0,0,0,0.715885124210196,0,0,0,0,0.958873125099188,0,-4.49099181541734e-05,0,0,0,0,0,0,0,0,0,0,0,0,-0.00269011033434785,0,0,0,0,0,0,0,-1,0,0,0,0,0,0,0,0,0,0,0,0,0,0,0,0,-0.400127523698345,0,0,0,0,0,0,0,0,0,0,0,0,0,0,0,0,0,-1,-1,0,0,0,0,0,0,0,0,0,0,0,-9.24786081405204e-07,0,-4.49099191789371e-05,0,0,-0.113748623227123,-0.00269011033434785,0,0,0,-0.00269011033434785,0,0,0,0,-0.0053802206686957,0,0,0,0,0,0,0,0,0,-10,0,0,0,0,0,0,0,0,4.71029333172205,0,-0.00538022066858046,0,0.99998987945379,-1,0,0,0,0,0,0,0,-0.0740043141356652,0,0,0,0,0,0,0,0,0,0,-0.00271006911102426,0,0,0,0,0,0,0,0,0.760872888482278,-0.00269011033434785,0,0,0,0,0,-3.78188797540702e-05,-2.54808055899503e-06,-0.0053802206686957,0,0,0.106424600381506,0,0,0.405072446317433,0,0,0,0,0,0,0,0,0,0,0,-7.18558683842074e-05,0,0,0,0,0,-1.990467440526e-06,-0.00269011033434785,0,-2.05890758174752e-06,0,0,0,0,0,0,0,0,0,0,0,0,0,0,0,0,-1,0,0,0,0,0,0,0,0,0,0,0,0,0,0,0,0,0,0,0,0,0,0,0,-1,0,0,0,0,0,0,0,0,0,0,0,0,-0.0742504109812108,-0.00269011033434785,0,0,0,0,0,0,0,0,0,0,0,0,0,0,1.63921248461495,-1,0,0,0,0,0,0,0,0,0,0,0,0,0,0,-0.00269011033434785,0,0,-3.42170794310759e-05,0,0,0,0,0,0,0,0,0,0,0,0,0,0,0,0,0,0,0,0,0.999948674374582,0,0,0,0,0,0,0,0,0,0,0,0,0,-1,0,0,0,-0.239143325500875,0,0,-1,0,-6.08948072722271e-06,-1,-0.11800907397067,0.736901152227233,-6.19447175864707e-06,0,-1,0,0,0,-0.00269011033434785
"Providencia alcalifaciens",-0.097050126165229,0,0,0,0,0,0,0,0,0,0,-1.50979435644058e-05,0,0,0,0,0,0,0,0,0,0,0,0,0,0,0,0,0,0,0,0,0,0,0,0,0,0,0,0,0,0,0,0,0,0,0,0,0,0,0,0,0,0,0,0,0,0,0,0,0,0,0,0,0,0,0,0,0,0,0,0,0,0,0,0,0,0,0,0,0,0,0,0,0,0,0,0,0,0,0,0,0,0,0,0,0,0,0,0,0,0,0,0,0,0,0,0,0,0,0,0,0,0,0,0,0,0,0,0,0,0,0,0,0,0,0,0,41.2323477729238,0,0,0,0,-1,0,0,0,0,0,-1,0,0,0,0,0,0,0,0,2.79185043855955,-1,0,0,-1,-1,-1,0,0,0,0,0,0,0,0,0,0,0,0,0,0,0,0,0,0,0,0,0,0,0,0,0,0,0,0,0,0,0,0,0,0,0,0,0,0,0,0,0,0,0,0,-1,0,0,0,0,-1,0,0,0,0,0,0,0,0,0,0,0,0,0,0,0,0,1.649792,0,0,0,0,-1,0,0,0,0,0,0,0,0,0,-0.0124310232124313,0,0,0,0,0,0,0,0,0,0,0,-0.00944414694322759,0,0,0,-1,0,0,0,0,0,-1,-0.0124310232124313,0,0,0,0,0,0,-2.00370129141211,-0.0124310232124313,0,0,0,0,0,0,0,0,0,0,0,0,-8.45848714181585e-06,0,0,0,0,0,0,0,0,0,-0.0124310232124313,0,0,0,-0.132055447970595,-1,0,0,0,-1,0,0,0,-7.39004611549632e-05,-0.413128920108453,0,0,0,0,0,0,0,0,0,0,0,-0.216066648851154,0,0,0,0,0,0,0,0,0,0,0,0,0,0,0,0,0,0,0,0,0,0,0,0,0,0,0,0,0,0,-1,0,0,-7.39004535503796e-05,0,0,0,0,0,0,0,0,0,0,0,0,0,0,0,0,-1,0,0,0,0,0,-0.000234018136493685,-0.0248650357140962,0,0,21.0884850012288,-1,0,0,0,0,0,-1,0,0,0,0,0,0,0,0,0,0,0,0,0,-1,0,0,0.0276303864576,0,0,-1,0,0,0,0,0,0,0,0,-1,0,-1,0,0,0,-1,-1,0,0,0,0,0,0,0,0,0,0,0,0,0,0,0,0,0,0,0,0,0,0,0,0,0,0,0,0,-1,0,91.1807879595279,0,0,0,0,-0.000133724641063537,0,0,-0.139600511110472,0,0,0,0,0,0,0,0,0,0,0,0,0,0,0,0,0,0,0,0,0,0,0,0,0,0,0,-2.22874394797401e-05,0,0,0,0,0,0,-0.479500934178122,0,0,0,0,0.909794717472068,0,-1,0,0,0,0,0,0,0,0,0,0,0,0,-0.0124310232124313,0,0,0,0,0,0,0,0,0,0,0,0,0,0,0,0,0,0,0,0,0,0,0,0,-0.639186454988704,0,0,0,0,0,0,0,0,0,0,0,0,0,0,0,-0.538096395568168,0,-1,0,0,0,-1,0,0,0,0,0,0,0,0,-1.22096489576506e-05,0,-0.000117009062161555,0,0,-0.214471601883441,-0.0124310232124313,0,0,0,-0.0124310232124313,0,0,0,0,-0.0184202657462524,0,0,0,0,0,0,0,0,0,-10,0.975131582205956,0,0,0,0,0,0,0,4.84720375619509,0,-1,0,-1,-1,0,0,0,0,0,0,0,-1.80013930730638e-05,0,0,0,0,0,0,0,0,0,0,-5.20040281509204e-05,0,0,0,0,0,0,0,0,0.514646167892677,-0.00921013287312623,0,0,0,0,0,0.743344654124321,-2.54829168877535e-06,-0.0248620464248628,0,0,0,0,0,0.418253442009153,0,0,0,0,0,0,0,0,0,0,0,-0.00921718464206997,0,0,0,0,0,-9.95821927052276e-06,-0.0124310232124313,0,-0.000117009069587226,0,0,0,0,0,0,0,0,0,0,0,0,0,0,0,0,-1,0,0,0,0,0,0,0,0,0,0,0,0,0,0,0,0,0,0,0,0,0,0,0,-1,0,0,0,0,-0.00921013287312624,0,0,0,0,0,0,0,-0.0124480372397213,-0.00921013287312625,0,0,0,0,0,0,0,0,0,0,0,0,0,0,-1,-1,0,0,0,0,0,0,0,0,0,0,0,0,0,0,-0.00921013287312625,0,0,-0.0240886235948333,0,0,0,0,0,0,0,0,0,0,0,0,0,0,0,0,0,0,0,0,0.999957451252079,0,0,0,0,0,0,0,0,0,0,0,0,0,-1,0,0,0,-0.04133444114819,0,0,-1,0,-8.45848730657295e-06,0,-0.099415049034206,-0.55054372596954,-9.55176074057817e-06,0,0,0,0,0,-0.0124310232124313
"Providencia rettgeri",0,0,0,0,0,0,0,0,0,0,0,-2.76184273406699e-05,0,0,0,0,0,0,0,0,0,0,0,0,0,0,0,0,0,0,0,0,0,0,0,0,0,0,0,0,0,0,0,0,0,0,0,0,0,0,0,0,0,0,0,0,0,0,0,0,0,0,0,0,0,0,0,0,0,0,0,0,0,0,0,0,0,0,0,0,0,0,0,0,0,0,0,0,0,0,0,0,0,0,0,0,0,0,0,0,0,0,0,0,0,0,0,0,0,0,0,0,0,0,0,0,0,0,0,0,0,0,0,0,0,0,0,0,40.437493708208,0,0,0,0,-1,0,0,0,0,0,-1,0,0,0,0,0,0,0,0,0,-1,0,0,-1,-1,-1,0,0,0,0,0,0,0,0,0,0,0,0,0,0,0,0,0,0,0,0,0,0,0,0,0,0,0,0,0,0,0,0,0,0,0,0,0,0,0,0,0,0,0,0,-1,0,0,0,0,-1,0,0,0,0,0,0,0,0,0,0,0,0,0,0,0,0,1.335475,0,0,0,0,-1,0,0,0,0,0,0,0,0,0,-0.0105162056891507,0,0,0,0,0,0,0,0,0,0,0,-0.00553862682620565,0,0,0,-1,0,0,0,0,0,-1,-0.0105162056891507,0,0,0,0,0,0,-5.54672384423088,-0.0105162056891507,0,0,0,0,0,0,0,0,0,0,0,0,-1.2699544405137e-05,0,0,0,0,0,0,0,0,0,-0.0105162056891507,0,0,0,-0.107969686053695,-0.11963764512511,0,0,0,1.01024755006268,0,0,0,-6.05254882444228e-05,-0.33445204101716,0,0,0,0,0,0,0,0,0,0,0,-9.80930326051066e-05,0,0,0,0,0,0,0,0,0,0,0,0,0,0,0,0,0,0,0,0,0,0,0,0,0,0,0,0,0,0,-1,0,0,-9.80930326051066e-05,0,0,0,0,0,0,0,0,0,0,0,0,0,0,0,0,-1,0,0,0,0,0,-4.62552512612291e-05,-0.0210402216290561,0,0,22.6889933835448,-1,0,0,0,0,0,-1,0,0,0,0,0,-1,0,0,0,0,0,0,0,-1,0,0,0.0159047059649995,0,0,-1,0,0,0,0,0,0,0,0,-0.0964279221249171,0,-1,0,0,0,-1,-1,0,0,0,0,0,0,0,0,0,0,0,0,0,0,0,0,0,0,0,0,0,0,0.555439958589538,0,0,0,0,0,-1,0,53.3203441061105,0,0,0,0,-4.74116321473872e-05,0,0,-0.116567021852501,0,0,0,0,0,0,0,0,0,0,0,0,0,0,0,0,0,0,0,0,0,0,0,0,0,0,0,-1.466339140066e-05,0,0,0,0,0,0,-0.415141152246584,0,0,0,0,0.926734758237964,0,-1,0,0,0,0,0,0,0,0,0,0,0,0,-0.0105162056891507,0,0,0,0,0,0,0,0,0,0,0,0,0,0,0,0,0,0,0,0,0,0,0,0,-0.570794190634715,0,0,0,0,0,0,0,0,0,0,0,0,0,0,0,0,0,-1,0,0,0,-1,0,0,0,0,0,0,0,0,-2.17152518189323e-05,0,-0.000189646530676435,0,0,-0.196655078123699,-0.0105162056891507,0,0,0,-0.0105162056891507,-1,0,0,0,-0.0106031451761484,0,0,0,0,0,0,0,0,0,-10,0.97895737149814,0,0,0,0,0,0,0,-3.43758754960572,0,-1,0,-1,-1,0,0,0,0,0,0,0,-0.045886495981037,0,0,0,0,0,0,0,0,0,0,-1,0,0,0,0,0,0,0,0,0.597792314219934,-0.0053015725880742,0,0,0,0,0,0.704372606194752,-7.83663323566941e-06,-0.0210324113783145,0.0105083140461204,0,0,0,0,-0.252324691904115,0,0,0,0,0,0,0,0,0,0,0,-0.00531077479692599,0,0,0,0,0,-1.72405939551368e-05,-0.0105162056891507,0,-0.000189646540128763,0,0,0,0,0,0,0,0,0,0,0,0,0,0,0,0,-1,0,0,0,0,0,0,0,0,0,0,0,0,0,0,0,0,0,0,0,0,-1,0.999938823698669,0,-1,0,0,0,0,-0.00530157258807421,0,0,0,0,0,0,0,-0.0105408273079397,-0.00530157258807421,0,0,0,0,0,0,0,0,0,0,0,0,0,0,-1,-1,0,0,0,0,0,0,0,0,0,0,0,0,0,0,-0.00530157258807421,0,0,-0.0350442254732368,0,0,0,0,0,0,0,0,0,0,0,0,0,0,0,0,0,0,0,0,0.999854118043717,0,0,0,0,0,0,0,0,0,0,0,0,0,-1,0,0,0,-0.0334728239780356,0,0,-1,0,-1.38092138432522e-05,2.56698737194289,-0.113222272316224,-0.480358166007968,-1.51313726277635e-05,0,-1,0,0,0,-0.0105162056891507
"Staphylococcus aureus",-0.0533556642370706,0,0,0,0,0,0,0,0,-1,0,0,0,0,0,0,0,0,0,0,0,-1,0,0,0,0,0,0,0,0,0,0,0,0,0,0,0,0,-1,0,0,0,0,0,0,0,0,0,0,-0.000109128180497464,0,0,0,-1,0,0,0,0,0,0,0,0,0,0,0,0,0,0,0,0,0,0,0,0,0,0,0,0,0,0,0,0,0,0,0,0,0,0,0,0,0,0,0,0,0,0,0,0,0,0,0,0,0,0,0,0,0,0,0,0,0,0,0,0,0,0,0,0,0,0,0,0,0,0,0,0,0,0,36.5316681199031,0,0,0,0,-1,0,0,0,0,0,-1,0,0,0,0,0,-1,0,0,0,-1,-1,0,-1,-1,-1,0,0,0,0,0,0,0,0,0,0,0,0,0,0,0,0,0,0,0,0,0,0,0,0,0,0,0,0,0,0,0,0,0,0,0,0,0,0,0,0,0,0,0,0,-1,0,-1,0,0,-1,0,0,0,0,0,0,0,0,0,0,0,0,0,0,0,0,1.279426,0,0,0,0,-8.18461460738718e-05,0,0,0,0,0,0,0,0,0,-0.00936719261405181,0,0,0.999967261541322,0,0,0,0,0,0,0,0,-1,0,0,0,-0.000109128193733099,0,0,0,0,0,-0.0562288143175948,-0.00936719261405181,0,0,0,0,0,0,-10,-0.00936719261405181,0,0,0,0,0,0,0,0,0,0,0,0,-1.12891239389956e-05,0,0,0,0,0,0,0,0,0,-0.00936719261405181,0,0,0,-1,-1,0,0,0,3.22579056213254,0,0,0,1.87315991849765,0,0,0,0,0,0,0,0,0,0,0,0,-1,0,0,0,0,0,0,0,0,0,0,0,0,0,0,0,0,0,0,0,0,0,0,0,0,0,0,0,0,0,0,-1,0,0,-0.000163692304877117,0,0,0,0,0,0,0,0,0,0,0,0,0,0,0,0,8.70577893011979,0,0,0,-1,0,-8.28821734107088e-06,-0.0281144071611242,0,-0.0281015778421553,44.9368760682952,-1,0,0,0,0,0,0,0,0,0,0,0,-1,0,0,0,0,0,0,0,-1,0,0,0,0,0,-1,0,-1,0,0,0,-1,0,0,-0.944882811956932,0,-1,0,0,0,-1,-1,0,0,0,0,0,0,0,0,0,0,0,0,0,0,0,0,0,0,0,0,0,0,0,0,0,0,-1.2125356738224e-05,0,-1,0,74.6577636099123,4.72953935281976,0,0,0,0,0,0,-0.104407593256711,0,0,0,0,0,0,0,0,0,0,0,0,0,0,0,0,0,0,0,0,0,0,0,0,0,0,0,-1.12891236589974e-05,0,0,0,0,0,0,0.44492476076198,0,0,0,0,0,0,-1,0,0,0,0,0,0,0,0,0,0,0,0,-0.00936719261403596,0,0,0,0,0,0,0,-1,0,0,0,0,0,0,0,0,0,0,0,0,0,0,0,-1,-0.449117057299223,0,0,0,0,0,0,0,0,0,0,0,0,0,0,0,-0.407906732211316,0,-1,-1,0,0,-1,0,0,0,0,0,0,0,0,0,0,-1,0,0,-1,-0.0093671926140516,0,0,0,-0.0093671926140516,-1,0,0,0,-0.0093671926140515,0,0,0,0,0,0,0,0,0,-10,0.981183774808837,0,-1,0,0,0,0,0,-10,0,0,0,-1,-1,0,0,0,0,0,0,0,-1.76964655574235e-05,0,0,0,0,0,0,0,0,0,0,-1,0,0,0,0,0,0,0,0,0,-0.0093671926140516,0,0,0,0,0,-0.660593422135392,-5.74358932436958e-06,-0.018734385228104,0,0,0,0,0,1.53385656427003,0,0,0,0,0,0,0,0,0,0,0,-0.00937348537364713,0,0,0,0,0,0,-0.0093671926140516,0,0,0,-0.0093671926140516,0,0,0,0,0,0,0,0,0,0,0,0,0,0,-1,-0.0187343852281032,0,0,0,0,0,0,0,0,0,0,0,0,0,0,0,0,0,0,0,0,0,0,-1,0,0,0,0,-1.00733724123937e-05,0,0,0,0,0,0,0,-1,-0.0093671926140516,0,0,0,0,0,0,0,0,0,0,0,0,0,0,-1,-1,0,0,0,0,0,0,0,0,0,0,0,0,0,0,-0.0093671926140516,0,0,-0.0232190307263377,0,0,0,0,0,0,0,0,0,0,0,0,0,0,0,0,0,0,0,0,0,0,0,0,0,0,0,0,0,0,0,0,0,-1,0,0,0,0,0,0,0,0,0,-1.09128206371434e-05,12.2928570617576,-1,-0.400995493019529,-1.36410278468446e-05,0,0,0,0,0,-0.0093671926140517
"Streptococcus parasanguinis",-0.0452473069896493,0,0,0,0,0,0,0,0,-0.0120416920291588,0,-0.000137591533155831,0,0,0,0,0,0,0,0,0,0,0,0,0,0,0,0,0,0,0,0,0,0,0,0,0,0,0,0,0,0,0,0,0,0,0,0,0,0,0,0,0,0,0,0,0,0,0,0,0,0,0,0,0,0,0,0,0,0,0,0,0,0,0,0,0,0,0,0,0,0,0,0,0,0,0,0,0,0,0,0,0,0,0,0,0,0,0,0,0,0,0,0,0,0,0,0,0,0,0,0,0,0,0,0,0,0,0,0,0,0,0,0,0,0,0,0,21.3008786128865,0,0,0,0,-1,0,0,0,0,0,-1,0,0,0,0,0,0,0,0,0.791440364951298,0,0,0,0,0,-1,0,0,0,0,0,0,0,0,0,0,0,0,0,0,0,0,0,0,0,0,0,0,0,0,0,0,0,0,0,0,0,0,0,0,0,0,0,0,0,0,0,0,0,0,0.764499816147553,0,-1,0,0,-1,0,0,0,0,0,0,0,0,0,0,0,0,0,0,0,0,1.080816,0,0,0,0,0,0,0,0,0,0,0,0,0,0,-0.0070857256806192,0,0,0,0,0,0,0,0,0,-1,0,-0.0887412051762864,0,0,0,0,0,0,0,0,0,0,-0.0070857256806192,0,0,0,0,0,0,-10,-0.0070857256806192,0,0,0,0,0,0,0,0,0,0,0,0,-0.000104422148479943,0,0,0,0,0,0,0,0,0,-0.0070857256806192,0,0,0,-4.49818477322728e-05,0,0,0,0,0,0,0,0,0,0,0,0,0,0,0,0,0,0,0,0,0,0,0,0,0,0,0,0,0,0,0,0,0,0,0,0,0,0,0,0,0,0,0,0,0,0,0,0,0,0,0,0,0,0,0,0,0,0,0,0,0,0,0,0,0,0,0,0,0,0,0,0,2.58182647580414,0,0,0,0,0,-3.12708036355192e-05,-0.0178071237231944,0,-0.0212571770418576,22.1898375823813,-1,0,0,0,0,0,0,0,0,0,0,0,-1,0,0,0,0,0,0,0,-1,0,0,0,0,0,-1,0,0,0,0,0,-0.00016243445327091,0,0,-0.142477670509098,0,-1,0,0,0,-1,0,0,0,0,0,0,0,0,0,0,0,0,0,0,0,0,0,0,0,0,0,0,0,0,0,0,0,-0.000153885270613774,0,-1,0,58.4503969753429,0,0,0,0,0,0,0,-0.710124847792647,0,0,0,0,0,0,0,0,0,0,0,0,0,0,0,0,0,0,0,0,0,0,0,0,0,0,0,0,0,0,0,0,0,0,-0.37393877263675,0,0,0,0,0,0,0,0,0,0,0,0,0,0,0,0,0,0,0,-0.0070857256806192,0,0,0,0,0,0,0,-1,0,0,0,0,0,0,0,0,0,0,0,0,0,0,0,-1,-0.474660073476742,0,0,0,0,0,0,0,0,0,0,0,0,0,0,0,-0.338047014311882,0,0,-1,0,0,-1,0,0,0,0,0,0,0,0,0,0,-8.35377133699411e-05,0,0,-0.134364514413584,-0.0070857256806192,0,0,0,-0.0070857256806192,0,0,0,-0.381998286084276,0.364903022734822,0,0,0,0,0,0,0,0,0,-10,0.985819333364347,0,0,0,0,0,0,0,4.75947552093552,0,-1,0,0,0,0,0,0,0,0,0,0,0,0,0,0,0,0,0,0,0,0,0,-1,0,0,0,0,0,0,0,0,0,-0.0070857256806192,0,0,0,0,0,-0.273172750927849,0,-0.0141714513612384,0,0,0,0,0,-0.000243651670245981,0,0,0,0,0,0,0,0,0,0,0,-0.000194921336037268,0,0,0,0,0,0,-0.0070857256806192,0,-8.35377155397055e-05,0,-0.0070857256806192,0,0,0,0,0,0,0,0,0,0,0,0,0,0,0,-0.0141714513612384,0,0,0,0,0,0,0,0,0,0,0,0,0,0,0,0,0,0,0,0,0,0,-1,0,0,0,0,-0.00361165657244009,0,0,0,0,0,0,0,-0.0070857256806192,-0.0070857256806192,0,0,0,0,0,0,0,0,0,0,0,0,0,0,11.7308007420652,-1,0,0,0,0,0,0,0,0,0,0,0,0,0,0,-0.0070857256806192,-0.209613829500153,0,-0.0178269893342078,0,0,0,0,0,0,0,0,0,0,0,0,0,0,0,0,0,0,0,0,0,0,0,0,0,0,0,0,0,0,0,0,0,-1,0,0,0,0,0,0,0,0,0,-0.108815605385067,0.0066680330095946,0,-0.346388890115598,-1,0,0,0,0,0,-0.0070857256806192
"Veillonella montpellierensis",0,0,0,0,0,0,0,0,0,0,0,0,0,0,0,0,0,0,0,0,0,0,0,0,0,0,0,0,0,0,0,0,0,0,0,0,0,0,0,0,0,0,0,0,0,0,0,0,0,0,0,0,0,-0.000723003812232259,0,0,0,0,0,0,0,0,0,0,0,0,0,0,0,0,0,0,0,0,0,0,0,0,0,0,0,0,0,0,0,0,0,0,0,0,0,0,0,0,0,0,0,0,0,0,0,0,0,0,0,0,0,0,0,0,0,0,0,0,0,0,0,0,0,0,0,0,0,0,0,0,0,0,14.6906628453204,0,0,0,0,0,0,0,0,0,0,0,0,0,0,0,0,0,0,0,0,0,0,0,-1,-1,-1,0,0,0,0,0,0,0,0,0,0,0,0,0,0,0,0,0,0,0,0,0,0,0,0,0,0,0,0,0,0,0,0,0,0,0,0,0,0,0,0,0,0,0,0,-0.0635610578282725,0,-1,0,0,0,0,0,0,0,0,0,0,0,0,0,0,0,0,0,0,0,0.257645,0,0,0,0,-0.000723003812232259,0,0,0,0,0,0,0,0,0,-0.000723003812232259,0,0,0,0,0,0,0,0,0,0,0,-0.0217901187670414,0,0,0,0,0,0,0,0,0,0,-0.000723003812232259,0,0,0,0,0,0,8.5189553370648,-0.000723003812232259,0,0,0,0,0,0,0,0,0,0,0,0,0,0,0,0,0,0,0,0,0,0,-0.000723003812232259,0,0,0,0,0,0,0,0,0,0,0,0,0,-0.0644780168267998,0,0,0,0,0,0,0,0,0,0,0,0,0,0,0,0,0,0,0,0,0,0,0,0,0,0,0,0,0,0,0,0,0,0,0,0,0,0,0,0,0,0,0,0,0,0,0,0,0,0,0,0,0,0,0,0,0,0,0,0,0,0,0,0,0,0,0,0,-0.000723003812232259,-0.000723003812232259,0,-0.00216901143669678,-8.85901976466208e-06,0,0,0,0,0,0,0,0,0,0,0,0,0,0,0,0,0,0,0,0,0,0,0,0,0,0,0,0,0,0,0,0,-1,0,0,-1,0,-0.0928764839802008,0,0,0,0,-1,0,0,0,0,0,0,0,0,0,0,0,0,0,0,0,0,0,0,0,0,0,0,0,0,0,0,0,0,-1,3.86705863245489,-8.38024714505053,0,0,0,0,0,0,0,-0.0204219849521703,0,0,0,0,0,0,0,0,0,0,0,0,0,0,0,0,0,0,0,0,0,0,0,0,0,0,0,-0.0758747438801536,0,0,0,0,0,0,-0.0842458408306478,0,0,0,0,0,0,0,0,0,0,0,0,0,0,0,0,0,0,0,-0.000723003812232292,0,0,0,0,0,0,0,-1,0,0,0,0,0,0,0,0,0,0,0,0,0,0,0,0,-0.118664656052696,0,0,0,0,0,0,0,0,0,0,0,0,0,0,0,-0.0735422308330075,0,-1,0,0,0,0,0,0,0,0,0,0,0,0,0,0,-0.0336500536316632,0,0,-1.77180391231144e-05,-0.000723003812232292,0,0,0,-0.000723003812232292,0,0,0,0,0,0,0,0,0,0,0,0,0,0,0,-0.00144600762446452,0,0,0,0,0,0,0,7.30121044674066,0,0,0,0.999995570490142,-1,0,0,0,0,0,0,0,-0.0219472442239311,0,0,0,0,0,0,0,0,0,0,-1,0,0,0,0,0,0,0,0,-0.0398113281541351,-0.000723003812232292,0,0,0,0,0,0.763959785820935,0,0,0.572348838603579,0,0,0,0,-0.0474968828968081,0,0,0,0,0,0,0,0,0,0,0,0.905114630223203,0,0,0,0,0,0,0,0,0,0,0,0,0,0,0,0,0,0,0,0,0,0,0,0,0,-0.340888899575243,-0.00216901143669685,0,0,0,0,0,0,0,0,0,0,0,0,0,0,0,0,0,0,0,0,0,0,-1,0,0,0,0,-0.000723003812232282,0,0,0,0,0,0,0,-0.000723003812232282,-0.000723003812232282,0,0,0,0,0,0,0,0,0,0,0,0,0,0,-1,0,0,0,0,0,0,0,0,0,0,0,0,0,0,0,-0.000723003812232282,0,0,0,0,0,0,0,0,0,0,0,0,0,0,0,0,0,0,0,0,0,0,0,0,0,0,0,0,0,0,0,0,0,0,0,0,0,-0.0121613662408197,0,0,0,-0.00644396277804167,0,0,-0.0310926163709614,0,-0.0605023461690702,0,0,-0.0921963578427586,-8.85902172820252e-06,0,0,0,0,0,-0.000723003812232282
"Alistipes shahii",0,0,0,0,0,0,0,0,0,-0.160987340702626,0,-8.63581988370249e-06,0,0,0,0,0,0,0,0,0,-0.080712659264826,0,0,0,0,0,0,0,0,0,0,0,0,0,0,0,0,0,0,0,0,0,0,0,0,0,0,0.839410094902505,0,0,0,0,0,0,0,0,0,0,0,0,0,0,0,0,0,0,0,0,0,0,0,0,0,0,0,0,0,0,0,0,0,0,0,0,0,0,0,0,0,0,0,0,0,0,0,0,0,0,0,0,0,0,0,0,0,0,0,0,0,0,0,0,0,0,0,0,0,0,0,0,0,0,0,0,0,0,0,6.50415392807793,0,0,0,0,0,0,0,0,0,0,0,0,0,0,0,0,0,0,0,0,-1,0,0,0,0,0,0,0,0,0,0,0,0,0,0,0,0,0,0,0,0,0,0,0,0,0,0,0,0,0,0,0,0,0,0,0,0,0,0,0,0,0,0,0,0,0,0,0,0,0,-0.0608812469943993,0,0,0,0,0,0,0,0,0,0,0,0,0,0,0,0,0,0,0,0,0,0.24667,0,0,0,0,0,0,0,0,0,0,0,0,0,0,-0.000763815154129457,0,0,0,0,0,0,0,0,0,0,0,-0.0526545634319725,0,0,0,0,0,0,0,0,0,-0.00152763030825891,-0.000763815154129457,0,0,0,0,0,0,-2.09331620739716,-0.000763815154129457,0,0,0,0,0,0,0,0,0,0,0,0,0,0,0,0,0,0,0,0,0,0,-0.000763815154129457,0,0,0,-2.15895512446496e-05,-1,0,0,0,0.0413472304147322,0,0,0,0.933178923331914,0,0,0,0,0,0,0,0,0,0,0,0,-0.903976144073612,0,0,0,0,0,0,0,0,0,0,0,0,0,0,0,0,0,0,0,0,0,0,0,0,0,0,0,0,0,0,0,0,0,-9.71529733618248e-05,0,0,0,0,0,0,0,0,0,0,0,0,0,0,0,0,0,0,0,0,0,0,-0.000763815154129457,-0.000763815154129457,0,-0.00229144546238837,6.75476719469793,0,0,0,0,0,0,-1,0,0,0,0,0,-1,0,0,0,0,0,0,0,0,0,0,0,0,0,-1,0,0,0,0,0,0,0,0,-1,0,0,0,0,0,-1,-1,0,0,0,0,0,0,0,0,0,0,0,0,0,0,0,0,0,0,0,0,0,0,-0.0185234725349216,0,-0.000381907577064728,0,-8.15269785583994e-06,0,15.9204643867197,0,-2.45524473112296,0,0,0,0,0,0,0,0,0,0,0,0,0,0,0,0,0,0,0,0,0,0,0,0,0,0,0,0,0,0,0,0,0,0,0,0,0,0,0,0,0,0,0,0,0,0,0,0.988332394415101,0,-2.98932253117758e-05,0,0,0,0,0,0,0,0,0,0,0,0,-0.000763815154129457,0,0,0,0,0,0,0,0,0,0,0,0,0,0,0,0,0,0,0,0,0,0,0,0,-0.113610011560801,0,0,0,0,0,0,0,0,0,0,0,0,0,0,0,0,0,0,0,0,0,-1,0,0,0,0,0,0,0,0,0,0,0,0,0,0,-0.000763815154129457,0,0,0,-0.000763815154129457,0,0,0,-1.11031963163227e-05,-0.00152763030825891,0,0,0,0,0,0,0,0,0,0,-0.00152763030827932,0,0,0,0,0,0,0,2.43949148032407,0,0,0,0,0,0,0,0,0,0,0,0,-0.0210123785207052,0,0,0,0,0,0,0,0,0,0,0,0,0,0,0,0,0,0,0,-0.0381155232088111,-0.000763815154129457,0.970176348411394,0,0,0,0,0.774928812713592,0,0,0,0,0,0,0,0,0,0,0,0,0,0,0,0,0,0,0,-2.15895483975929e-05,0,0,0,0,0,0,-0.000763815154129457,0,0,0,-0.000763815154129457,0,0,0,0,0,0,0,0,0,0,0,0,0,0,0,-0.00152763030825891,0,0,0,0,0,0,0,0,0,0,0,0,0,0,0,0,0,0,0,0,0,0,-1,0,0,0,0,-0.000763815154129457,0,0,0,0,0,0,0,-0.000763815154129457,-0.000763815154129457,0,0,0,0,0,0,0,0,0,0,0,0,0,0,4.20081982069973,0,0,0,0,0,0,0,0,0,0,0,0,0,0,0,-0.000763815154186887,0,0,0.00944806244694638,0,0,0,0,0,0,0,0,0,0,0,0,0,0,0,0,0,0,0,0,0,0,0,0,0,0,0,0,0,0,0,0,0,0,-1,0,0,0,-0.0679038677769964,0,0,-1,0,-7.52152118443927e-06,0,-9.71529834371543e-05,0,0,0,0,0,0,0,-0.000763815154129457
"Blautia producta",0,0,0,0,0,0,0,0,0,-0.0201245239600212,0,0,0,0,0,0,0,0,0,0,0,0,0,0,0,0,0,0,0,0,0,0,0,0,0,0,0,0,0,0,0,0,0,0,0,0,0,0,0,0,0,0,0,0,0,0,0,0,0,0,0,0,0,0,0,0,0,0,0,0,0,0,0,0,0,0,0,0,0,0,0,0,0,0,0,0,0,0,0,0,0,0,0,0,0,0,0,0,0,0,0,0,0,0,0,0,0,0,0,0,0,0,0,0,0,0,0,0,0,0,0,0,0,0,0,0,0,0,27.630725716828,0,0,0,0,-1,0,0,0,0,0,-1,0,0,0,0,0,0,0,0,0,0,0,0,0,0,-1,0,0,0,0,0,0,0,0,0,0,0,0,0,0,0,0,0,0,0,0,0,0,0,0,0,0,0,0,0,0,0,0,0,0,0,0,0,0,-1,0,0,0,0,0,-1,0,0,0,0,0,0,0,0,0,0,0,0,0,0,0,0,0,0,0,0,0,1.155847,0,0,0,0,-3.9027796759683e-05,0,0,0,0,0,0,0,0,0,-0.00544508277477142,0,0,0,0,0,0,0,0,0,-1,0,-0.0969689332711813,0,0,0,0,0,0,0,0,0,-0.00544508277477142,-0.00544508277477142,0,0,0,0,0,0,-10,-0.00544508277477142,0,0,0,0,0,0,0,0,0,0,0,0,0,0,0,0,0,0,0,0,0,0,-0.00544508277477142,0,0,0,0,0,0,0,0,0,0,0,0,0,0,0,0,0,0,0,0,0,0,0,0,0,0,0,0,0,0,0,0,0,0,0,0,0,0,0,0,0,0,0,0,0,0,0,0,0,0,0,0,0,0,0,0,-1,0,0,0,0,0,0,0,0,0,0,0,0,0,0,0,0,0,0,0,-1,0,0,0,0,0,-0.00544623601146379,-0.00544508277477142,0,-0.0163352483243143,-1,-1,0,0,0,0,0,-1,0,0,0,0,0,-1,0,0,0,0,0,0,0,-1,0,0,0,0,0,-1,0,0,0,0,0,0,0,0,-0.834292473868173,0,0,0,0,0,0,-1,0,0,0,0,0,0,0,0,0,0,0,0,0,0,0,0,0,0,0,0,0,0,0,0,0,0,0,0,48.0427656278662,13.1750536805137,-10,0,0,0,0,0,0,0,0,0,0,0,0,0,0,0,0,0,0,0,0,0,0,0,0,0,0,0,0,0,0,0,0,0,0,0,-0.286531271166119,0,0,0,0,0,0,-0.388187293064467,0,0,0,0,0,0,0,0,0,0,0,0,0,0,0,0,0,0,0,-0.00544508277477142,0,0,0,0,0,0,0,-1,0,0,0,0,0,0,0,0,0,0,0,0,0,0,0,-1,-0.520809177844467,0,0,0,0,0,0,0,0,0,0,0,0,0,0,0,-0.344662215841791,0,0,-1,0,0,-1,0,0,0,0,0,0,0,-1,0,0,-0.147649021253646,0,0,0,-0.00544508277477142,0,0,0,-0.00544508277477142,0,0,0,-0.0108901655495428,0,0,0,0,0,0,0,0,0,0,0,-0.0108901655495472,0,0,0,0,0,0,0,2.9190705044848,0,0,0,0,0,0,0,0,0,0,0,0,-0.0976800793300843,0,0,0,0,0,0,0,0,0,0,0.99989592587992,0,0,0,0,0,0,0,0,-0.186946801670919,-0.00544508277477142,0,0,0,0,0,-0.296860270396395,0,-0.0108901655495428,0,0,0,0,0,-0.204099581050147,0,0,0,0,0,0,0,0,0,0,0,-0.000104074119315678,0,0,0,0,0,0,0,0,0,0,0,0,0,0,0,0,0,0,0,0,0,0,0,0,0,-1,-0.0108901655495428,0,0,0,0,0,0,0,0,0,0,0,0,0,0,0,0,0,0,0,0,0,0,-1,0,0,0,0,-0.00544508277477142,0,0,0,0,0,0,0,-0.00544508277477142,-0.00544508277477142,0,0,0,0,0,0,0,0,0,0,0,0,0,0,14.3311231770098,-1,0,0,0,0,0,0,0,0,0,0,0,0,0,0,-0.00544508277477142,-1,0,0,0,0,0,0,0,0,0,0,0,0,0,0,0,0,0,0,0,0,0,0,0,0,0,0,0,0,0,0,0,0,0,0,0,0,0,0,0,0,-6.24444742243213e-05,0,0,-0.1357798349175,0,-0.192175856516716,0,0,-0.389971444390696,-0.000208148252071938,0,-1,0,0,0,-0.00544508277477142
"Butyricimonas synergistica",0,0,0,0,0,0,0,0,0,0,0,-0.000911768741728814,0,0,0,0,0,0,0,0,0,0,0,0,0,0,0,0,0,0,0,0,0,0,0,0,0,0,-0.0957470227654975,0,0,0,0,0,0,0,0,0,0.788353683225751,-0.00272013911377954,0,0,0,0,0,0,0,0,0,0,0,0,0,0,0,0,0,0,0,0,0,0,0,0,0,0,0,0,0,0,0,0,0,0,0,0,0,0,0,0,0,0,0,0,0,0,0,0,0,0,0,0,0,0,0,0,0,0,0,0,0,0,0,0,0,0,0,0,0,0,0,0,0,0,0,0,0,0,3.76744804244091,0,0,0,0,0,0,0,0,0,0,0,0,0,0,0,0,0,0,0,0,0,0,0,0,-1,-1,0,0,0,0,0,0,0,0,0,0,0,0,0,0,0,0,0,0,0,0,0,0,0,0,0,0,0,0,0,0,0,0,0,0,0,0,0,0,0,0,0,0,0,0,0,0,0,0,0,0,0,0,0,0,0,0,0,0,0,0,0,0,0,0,0,0,0.292818,0,0,0,0,0,0,0,0,0,0,0,0,0,0,-0.000906713037926513,0,0,0,0,0,0,0,0,0,0,0,0,0,0,0,0,0,0,0,0,0,0,-0.000906713037926513,0,0,0,0,0,0,5.79787126055318,-0.000906713037926513,0,0,0,0,0,0,0,0,0,0,0,0,0,0,0,0,0,0,0,0,0,0,-0.000906713037926513,0,0,0,-0.025017110205642,0,0,0,0,0,0,0,0,0,0,0,0,0,0,0,0,0,0,0,0,0,0,0,0,0,0,0,0,0,0,0,0,0,0,0,0,0,0,0,0,0,0,0,0,0,0,0,0,0,0,0,0,0,0,0,0,0,0,0,0,0,0,0,0,0,0,0,0,0,0,0,0,0,0,0,0,0,0,-0.00181342607585303,-0.000164302017077844,0,0,1.00797966619739,0,0,0,0,0,0,-1,0,0,0,0,0,0,0,0,0,0,0,0,0,0,0,0,0.00358755413348214,0,0,-1,0,0,0,0,0,0,0,0,-1,0,0,0,0,0,-1,-1,0,0,0,0,0,0,0,0,0,0,0,0,0,0,0,0,0,0,0,0,0,0,0,0,-0.000453356518963257,0,-9.06683309127854e-06,0,2.88995577397576,-9.03661154616486e-05,1.35332654786444,0,0,0,0,-5.6478819030259e-05,0,0,0,0,0,0,0,0,0,0,0,0,0,0,0,0,0,0,0,0,0,0,0,0,0,0,0,0,0,0,0,0,0,0,0,0,0,0,0,0,0,0,0.986147244035729,0,-0.0912834066438828,0,0,0,0,0,0,0,0,0,0,0,0,-0.000906713037926513,0,0,0,0,0,0,0,-1,0,0,0,0,0,0,0,0,0,0,0,0,0,0,0,0,-0.13486467002421,0,0,0,0,0,0,0,0,0,0,0,0,0,0,0,0,0,0,0,0,0,-1,0,0,0,0,0,0,0,0,0,0,-0.0383339091417288,0,0,0,-0.000906713037926513,0,0,0,-0.000906713037926513,0,0,0,0,-0.000910384356137318,0,0,0,0,0,0,0,0,0,0,0,0,-0.00181342607570305,0,0,0,0,0,2.6462891282057,0,0,0,0,0,0,0,0,0,0,0,0,-0.0249434663080033,0,0,0,0,0,0,0,0,0,0,0,0,0,0,0,0,0,0,0,-0.045246342199388,-0.000906713037926513,0,0,0,0,0,-7.53051019728446e-05,-3.89509113940534e-06,-0.00181342607585293,7.47903198641968,0,0.366431121736468,0,0,-0.0539811233785735,0,0,0,0,0,0,0,0,0,0,0,0,0,0,0,0,0,0,-0.000906713037926513,0,0,0,-0.000906713037926513,0,0,0,0,0,0,0,0,0,0,0,0,0,0,0,0,0,0,0,0,0,0,0,0,0,0,0,0,0,0,0,0,0,0,0,0,0,0,0,0,0,0,0,-0.000906713037926513,0,0,0,0,0,0,0,-0.000906713037926513,-0.000906713037926513,0,0,0,0,0,0,0,0,0,0,0,0,0,0,-1,0,0,0,0,0,0,0,0,0,0,0,0,0,0,0,0,-1,0,0,0,0,0,0,0,0,0,0,0,0,0,0,0,0,0,0,0,0,0,0,0,0,0,0,0,0,0,0,0,0,0,0,0,0,-1,0,0,0,-0.0073519104077717,0,0,-0.0362440711574071,0,-0.0679394969632397,0,0,-1,0,0,0,0,0,0,-0.000906713037926513
"Catabacter hongkongensis",-0.0090830807227971,0,0,0,0,0,0,0,0,-0.0711185916076601,0,0,0,0,0,0,0,0,0,0,0,0,0,0,0,0,0,0,0,0,0,0,0,0,0,0,0,0,0,0,0,0,0,0,0,0,0,0,0.99997972033409,0,0,0,0,0,0,0,0,0,0,0,0,0,0,0,0,0,0,0,0,0,0,0,0,0,0,0,0,0,0,0,0,0,0,0,0,0,0,0,0,0,0,0,0,0,0,0,0,0,0,0,0,0,0,0,0,0,0,0,0,0,0,0,0,0,0,0,0,0,0,0,0,0,0,0,0,0,0,0,6.7731467243593,0,0,0,0,-1,0,0,0,0,0,0,0,0,0,0,0,0,0,0,0,0,0,0,0,-0.10581121944118,0,0,0,0,0,0,0,0,0,0,0,0,0,0,0,0,0,0,0,0,0,0,0,0,0,0,0,0,0,0,0,0,0,0,0,0,0,0,0,-1,0,0,0,0,0,-0.0422552200426447,0,-0.0324080495807936,0,0,0,0,0,0,0,0,0,0,0,0,0,0,0,0,0,0,0,0.218486,0,0,0,0,-5.06991364090936e-06,0,0,0,0,0,0,0,0,0,-0.00173471442902061,0,0,0,0,0,0,0,0,0,0,0,0,0,0,0,0,0,0,0,0,0,-0.00520414328706183,-0.00173471442902061,0,0,0,0,0,0,-3.29582458032226,-0.00173488963908476,0,0,0,0,0,0,0,0,0,0,0,0,0,0,0,0,0,0,0,0,0,0,-0.00173471442902051,0,0,0,0,0,0,0,0,0,0,0,0,0,0,0,0,0,0,0,0,0,0,0,0,0,0,0,0,0,0,0,0,0,0,0,0,0,0,0,0,0,0,0,0,0,0,0,0,0,0,0,0,0,0,0,0,-1,0,0,0,0,0,0,0,0,0,0,0,0,0,0,0,0,0,0,0,3.05843680477058,0,0,0,0,0,-0.00346942885804102,-0.00173471442902051,0,-0.00520414328706152,11.3675603735076,0,0,0,0,0,0,0,0,0,0,0,0,0,0,0,0,0,0,0,0,0,0,0,0,0,0,-1,0,0,0,0,0,0,0,0,-1,0,-0.0754192936635183,0,0,0,0,-0.20197121409769,0,0,0,0,0,0,0,0,0,0,0,0,0,0,0,0,0,0,0,0,0,0,0,0,-0.000867357214510305,0,0,0,-1,0,13.006730538123,-0.042446763713291,0,0,0,0,0,0,0,0,0,0,0,0,0,0,0,0,0,0,0,0,0,0,0,0,0,0,0,0,0,0,0,0,0,0,-0.0330609685402292,0,0,0,0,0,0,-0.0772519727243463,0,0,0,0,0,0,0,0,0,0,0,0,0,0,0,0,0,0,0,-0.00173471442902051,0,0,0,0,0,0,0,0,0,0,0,0,0,0,0,0,0,0,0,0,0,0,0,0,-0.0940813566680143,0,0,0,0,0,0,0,0,0,0,0,0,0,0,0,0,0,0,0,0,0,-1,0,0,0,0,0,0,0,0,0,0,0,0,0,0,-0.00173471442902051,0,0,0,-0.00173471442902051,0,0,0,-0.00346942885804102,0,0,0,0,0,0,0,0,0,0,0,-0.00346942885804106,0,0,0,0,0,0,0,-0.462596017273807,0,0,0,0,0,0,0,0,0,0,0,0,0,0,0,0,0,0,0,0,0,0,0,0,0,0,0,0,0,0,0,0,0,-0.00173471442902051,0,0,0,0,0,-1,0,-0.00346942885804101,0,0,0,0,0,-0.0351828235960045,0,0,0,0,0,0,0,0,0,0,0,-0.00173471442902066,0,0,0,0,0,0,0,0,0,0,0,0,0,0,0,0,0,0,0,0,0,0,0,0,0,-1,-0.00346942885804132,0,0,0,0,0,0,0,0,0,0,0,0,0,0,0,0,0,0,0,0,0,0,-0.135660799802514,0,0,0,0,0,0,0,0,0,0,0,0,-0.00173471442902066,-0.00173471442902066,0,0,0,0,0,0,0,0,0,0,0,0,0,0,-0.123118933386959,0,0,0,0,0,0,0,0,0,0,0,0,0,0,0,-0.00173471442902066,0,0,-0.00302384821815005,0,0,0,0,0,0,0,0,0,0,0,0,0,0,0,0,0,0,0,0,0,0,0,0,0,0,0,0,0,0,0,0,0,0,0,0,0,0,0,0,0,-0.0242607013109364,0,-0.0147222517690453,0,0,-2.02796551320716e-05,0,0,-1,0,0,0,-0.00173471442902051
"Clostridium butyricum",0,0,0,0,0,0,0,0,0,-1,0,0,0,0,0,0,0,0,0,0,0,0,0,0,0,0,0,0,0,0,0,0,0,0,0,0,0,0,0,0,0,0,0,0,0,0,0,0,0,-1,0,0,0,0,0,0,0,0,0,0,0,0,0,0,0,0,0,0,0,0,0,0,0,0,0,0,0,0,0,0,0,0,0,0,0,0,0,0,0,0,0,0,0,0,0,0,0,0,0,0,0,0,0,0,0,0,0,0,0,0,0,0,0,0,0,0,0,0,0,0,0,0,0,0,0,0,0,0,-1,0,0,0,0,-1,0,0,0,0,0,-1,0,0,0,0,0,0,0,0,0,-1,0,0,0,-1,-1,0,0,0,0,0,0,0,0,0,0,0,0,0,0,0,0,0,0,0,0,0,0,0,0,0,0,0,0,0,0,0,0,0,0,0,0,0,0,-1,0,0,0,0,0,-1,0,-1,0,0,0,0,0,0,0,0,0,0,0,0,0,0,0,0,0,0,0,1.677189,0,0,0,0,-1,0,0,0,0,0,0,0,0,0,-0.00844263632984032,0,0,0,0,0,0,0,0,0,-1,0,-1,0,0,0,0,0,0,0,0,0,0,-0.00844263632984032,0,0,0,0,0,0,-10,-0.00844263632984032,0,0,0,0,0,0,0,0,0,0,0,0,-1,0,0,0,0,0,0,0,0,0,-0.00844263632984233,0,0,0,-1,-1,0,0,0,-1,0,0,0,-1,0,0,0,0,0,0,0,0,0,0,0,0,-1,0,0,0,0,0,0,0,0,0,0,0,0,0,0,0,0,0,0,0,0,0,0,0,0,0,0,0,0,0,0,-1,0,0,-1,0,0,0,0,0,0,0,0,0,0,0,0,0,0,0,0,-1,0,0,0,0,0,-0.0253279089895329,-0.00844263632984431,0,-0.0253279089895357,-1,-1,0,0,0,0,0,-1,0,0,0,0,0,-1,0,0,0,0,0,0,0,-1,0,0,0,0,0,-1,0,0,0,0,0,-1,0,0,-1,0,0,0,0,0,-1,-1,0,0,0,0,0,0,0,0,0,0,0,0,0,0,0,0,0,0,0,0,0,0,0,0,0,0,-1,0,-1,-1,-10,-1,0,0,0,0,0,0,-0.134742047253923,0,0,0,0,0,0,0,0,0,0,0,0,0,0,0,0,0,0,0,0,0,0,0,0,0,0,0,-1,0,0,0,0,0,0,-0.566250841937653,0,0,0,0,0,0,-1,0,0,0,0,0,0,0,0,0,0,0,0,-0.0084426363298439,0,0,0,0,0,0,0,-1,0,0,0,0,0,0,0,0,0,0,0,0,0,0,0,-1,-0.752368505271745,0,0,0,0,0,0,0,0,0,0,0,0,0,0,0,-1,0,0,-1,0,0,-1,0,0,0,0,0,0,0,-1,0,0,-1,0,0,0,-0.00844263632983807,0,0,0,-0.00844263632983807,0,0,0,-1,-0.0168852726596797,0,0,0,0,0,0,0,0,0,-10,-0.0168852726596879,0,0,0,0,0,0,0,-10,0,0,0,-1,-1,0,0,0,0,0,0,0,-0.141502727687008,0,0,0,0,0,0,0,0,0,0,-1,-1,0,0,0,0,0,0,0,-0.273700548823386,-0.00844263632984349,0,0,0,0,0,-1,-1,-0.0168855453366064,0,0,0,0,0,-0.293541700196509,0,0,0,0,0,0,0,0,0,0,0,-0.0168852726596865,0,0,0,0,0,-0.00422145567403831,0,0,-0.00844263632984352,0,0,0,0,0,0,0,0,0,0,0,0,0,0,0,0,-1,-0.016885272659687,0,0,0,0,0,0,0,0,0,0,0,0,0,0,0,0,0,0,0,0,0,0,-1,0,0,0,0,-0.00844263632984352,0,0,0,0,0,0,0,-1,-0.0084426363298433,0,0,0,0,0,0,0,0,0,0,0,-0.1,0,0,-1,-1,0,0,0,0,0,0,0,0,0,0,0,0,0,0,-0.0084429113487845,0,0,-0.0358166484550111,0,0,0,0,0,0,0,0,0,0,0,0,0,0,0,0,0,0,0,0,0,0,0,0,0,0,0,0,0,0,0,0,0,-1,-0.0840607359950223,0,0,0,0,0,0,-1,0,-1,-1,-1,-1,-1,0,-1,0,0,0,-0.0084426363298429
"Clostridium perfringens",0,0,0,0,0,0,0,0,0,-1,0,-0.0148938151420693,0,0,0,0,0,0,0,0,0,0,0,0,0,0,0,0,0,0,0,0,0,0,0,0,0,0,0,0,0,0,0,0,0,0,0,0,0,0,0,0,0,0,0,0,0,0,0,0,0,0,0,0,0,0,0,0,0,0,0,0,0,0,0,0,0,0,0,0,0,0,0,0,0,0,0,0,0,0,0,0,0,0,0,0,0,0,0,0,0,0,0,0,0,0,0,0,0,0,0,0,0,0,0,0,0,0,0,0,0,0,0,0,0,0,0,0,-1,0,0,0,0,-1,0,0,0,0,0,-1,0,0,0,0,0,-1,0,0,-1,-1,0,0,0,-1,-1,0,0,0,0,0,0,0,0,0,0,0,0,0,0,0,0,0,0,0,0,0,0,0,0,0,0,0,0,0,0,0,0,0,0,0,0,0,0,0,0,0,0,0,0,-1,0,-1,0,0,-1,0,0,0,0,0,0,0,0,0,0,0,0,0,0,0,0,1.872446,0,0,0,0,-1,0,0,0,0,0,0,0,0,0,-0.00744690757103468,0,0,0,0,0,0,0,0,0,-1,0,-1,0,0,0,0,0,0,0,0,0,-1,-0.00744690757105771,0,0,0,0,0,0,-10,-0.00744690757102965,0,0,0,0,0,0,0,0,0,0,0,0,0,0,0,0,0,0,0,0,0,0,-0.00744690757102965,0,0,0,-1,-1,0,0,0,-1,0,0,0,-1,-0.158805480794308,0,0,0,0,0,0,0,0,0,0,0,-1,0,0,0,0,0,0,0,0,0,0,0,0,0,0,0,0,0,0,0,0,0,0,0,0,0,0,0,0,0,0,-1,0,0,-1,0,0,0,0,0,0,0,0,0,0,0,0,0,0,0,0,-1,0,0,0,0,0,-0.0223407227131071,-0.0074469075710357,0,0,-1,-1,0,0,0,0,0,-1,0,0,0,0,0,-1,0,0,0,0,0,0,0,-1,0,0,0,0,0,-1,0,0,0,0,0,0,0,0,-1,0,0,0,0,0,-1,0,0,0,0,0,0,0,0,0,0,0,0,0,0,0,0,0,0,0,0,0,0,0,0,0,0,0,-1,0,-1,0,-10,-1,0,0,0,0,0,0,-1,0,0,0,0,0,0,0,0,0,0,0,0,0,0,0,0,0,0,0,0,0,0,0,0,0,0,0,-1,0,0,0,0,0,0,-1,0,0,0,0,0,0,-1,0,0,0,0,0,0,0,0,0,0,0,0,-0.00744690757103047,0,0,0,0,0,0,0,-1,0,0,0,0,0,0,0,0,0,0,0,0,0,0,0,-1,-1,0,0,0,0,0,0,0,0,0,0,0,0,0,0,0,-1,0,0,-1,0,0,-1,0,0,0,0,0,0,0,-1,0,0,-1,0,0,0,-0.0074469075710339,0,0,0,-0.00744690757103123,0,0,0,-0.0148938151420642,0,0,0,0,0,0,0,0,0,0,-10,0.985105495930611,0,0,0,0,0,0,0,-9.59200330784688,0,-1,0,-1,-1,0,0,0,0,0,0,0,-0.158804147716489,0,0,0,0,0,0,0,0,0,0,-1,0,0,0,0,0,0,0,0,-0.296707896131858,-0.00744690757103378,0,0,0,0,0,-1,0,-0.0148938151420674,0,0,0,0,0,-0.33724636610065,0,0,0,0,0,0,0,0,0,0,0,-1,0,0,0,0,0,0,-0.00744690757103377,0,0,0,-1,0,0,0,0,0,0,0,0,0,0,0,0,0,0,-1,-0.0148938151420675,0,0,0,0,0,0,0,0,0,0,0,0,0,0,0,0,0,0,0,0,0,0,-1,0,0,0,0,-0.00744690757103377,0,0,0,0,0,0,0,-1,-0.00744690757103377,0,0,0,0,0,0,0,0,0,0,0,-0.1,0,0,-1,-1,0,0,0,0,0,0,0,0,0,0,0,0,0,0,-0.00744690757103336,-1,0,-0.0417221888191079,0,0,0,0,0,0,0,0,0,0,0,0,0,0,0,0,0,0,0,0,0,0,0,0,0,0,0,0,0,0,0,0,0,-1,-0.0908660910228827,0,0,0,0,0,0,-0.603382484070559,0,-1,-1,-1,-0.644383790071746,0,0,0,0,0,0,-0.00744690757103023
"Clostridium saccharogumia",0,0,0,0,0,0,0,0,0,-0.193582381421478,0,0,0,0,0,0,0,0,0,0,0,0,0,0,0,0,0,0,0,0,0,0,0,0,0,0,0,0,0,0,0,0,0,0,0,0,0,0,0,0,0,0,0,0,0,0,0,0,0,0,0,0,0,0,0,0,0,0,0,0,0,0,0,0,0,0,0,0,0,0,0,0,0,0,0,0,0,0,0,0,0,0,0,0,0,0,0,0,0,0,0,0,0,0,0,0,0,0,0,0,0,0,0,0,0,0,0,0,0,0,0,0,0,0,0,0,0,0,0,0,0,0,0,-1,0,0,0,0,0,-0.118152026334949,0,0,0,0,0,0,0,0,0,0,0,0,0,0,-0.288014260449714,0,0,0,0,0,0,0,0,0,0,0,0,0,0,0,0,0,0,0,0,0,0,0,0,0,0,0,0,0,0,0,0,0,0,0,0,0,0,0,0,0,0,0,0,0.853476742612933,0,0,0,0,0,0,0,0,0,0,0,0,0,0,0,0,0,0,0,0,0,0.594711,0,0,0,0,-0.000211086481526124,0,0,0,0,0,0,0,0,0,-0.00472183480976888,0,0,0,0,0,0,0,0,0,-1,0,-0.0480367312710736,0,0,0,0,0,0,0,0,0,0,-0.00472183480976888,0,0,0,0,0,0,-10,-0.00472183480976888,0,0,0,0,0,0,0,0,0,0,0,0,-0.000120620846357666,0,0,0,0,0,0,0,0,0,-0.00472183480976888,0,0,0,0,0,0,0,0,0,0,0,0,0,0,0,0,0,0,0,0,0,0,0,0,0,0,0,0,0,0,0,0,0,0,0,0,0,0,0,0,0,0,0,0,0,0,0,0,0,0,0,0,0,0,0,0,0,0,0,0,0,0,0,0,0,0,0,0,0,0,0,0,0,0,0,0,4.58302757954256,0,0,0,0,0,-0.000110733891216559,-0.00944366961953776,0,-0.0141655044293066,11.8116284278454,-1,0,0,0,0,0,0,0,0,0,0,0,-1,0,0,0,0,0,0,0,-1,0,0,0,0,0,-1,0,0,0,0,0,0,0,0,6.96643235821435,0,0,0,0,0,0,0,0,0,0,0,0,0,0,0,0,0,0,0,0,0,0,0,0,0,0,0,0,0,0,0,0,0,-0.000120620845578925,0,-1,0,61.7921122490216,0,0,0,0,0,0,0,0,0,0,0,0,0,0,0,0,0,0,0,0,0,0,0,0,0,0,0,0,0,0,0,0,0,0,0,-0.0600540903901675,0,0,0,0,0,0,-0.210275649705268,0,0,0,0,0,0,0,0,0,0,0,0,0,0,0,0,0,0,0,-0.00472183480976888,0,0,0,0,0,0,0,0,0,0,0,0,0,0,0,0,0,0,0,0,0,0,0,-1,0.55079051350768,0,0,0,0,0,0,0,0,0,0,0,0,0,0,0,0,0,0,-1,0,0,-1,0,0,0,0,0,0,0,-1,0,0,-0.0723128060672411,0,0,0,-0.00472183480976888,0,0,0,-0.00472183480976888,0,0,0,0,-0.00944366961953776,0,0,0,0,0,0,0,0,0,0,-0.00944366961953591,0,0,0,0,0,0,0,-9.6537604469375,0,0,0,0,0,0,0,0,0,0,0,0,-0.0494476854741514,0,0,0,0,0,0,0,0,0,0,-0.853645611798037,0,0,0,0,0,0,0,0,-0.104782306023298,-0.00472183480976888,0,0,0,0,0,-0.740876797673586,0,0,0,0,0,0,0,0,0,0,0,0,0,0,0,0,0,0,0,-0.00474069499197968,0,0,0,0,0,0,-0.00472183480976888,0,0,0,0,0,0,0,0,0,0,0,0,0,0,0,0,0,0,-1,-0.00944366961953776,0,0,0,0,0,0,0,0,0,0,0,0,0,0,0,0,0,0,0,0,0,0,0,0,0,0,0,-0.00472183480976888,0,0,0,0,0,0,0,-0.00472183480976888,-0.00472183480976888,0,0,0,0,0,0,0,0,0,0,0,0,0,0,9.8427441896892,-1,0,0,0,0,0,0,0,0,0,0,0,0,0,0,-0.00472183480976888,0,0,0,0,0,0,0,0,0,0,0,0,0,0,0,0,0,0,0,0,0,0,0,0,0,0,0,0,0,0,0,0,0,0,0,0,0,0,0,0,0,0,0,0,-0.0660368196879903,0,-0.0493810777309504,0,0,-1,-0.0300398542989183,0,0,0,0,0,-0.00472183480976888
"Clostridium spiroforme",0,0,0,0,0,0,0,0,0,0,0,0,0,0,0,0,0,0,0,0,0,0,0,0,0,0,0,0,0,0,0,0,0,0,0,0,0,0,0,0,0,0,0,0,0,0,0,0,0,0,0,0,0,0,0,0,0,0,0,0,0,0,0,0,0,0,0,0,0,0,0,0,0,0,0,0,0,0,0,0,0,0,0,0,0,0,0,0,0,0,0,0,0,0,0,0,0,0,0,0,0,0,0,0,0,0,0,0,0,0,0,0,0,0,0,0,0,0,0,0,0,0,0,0,0,0,0,0,4.52828868441444,0,0,0,0,-1,0,0,0,0,0,-1,0,0,0,0,0,0,0,0,0,0,0,0,0,-1,-1,0,0,0,0,0,0,0,0,0,0,0,0,0,0,0,0,0,0,0,0,0,0,0,0,0,0,0,0,0,0,0,0,0,0,0,0,0,0,0,0,0,0,0,0,0,0,0,0,0,0,0,0,0,0,0,0,0,0,0,0,0,0,0,0,0,0,0.403957,0,0,0,0,-2.6482638759262e-05,0,0,0,0,0,0,0,0,0,-0.00315466500902294,0,0,0,0,0,0,0,0,0,0,0,-0.0422534604893832,0,0,0,0,0,0,0,0,0,0,-0.00315466500902294,0,0,0,0,0,0,1.32392055374433,-0.00315466500902295,0,0,0,0,0,0,0,0,0,0,0,0,0,0,0,0,0,0,0,0,0,0,-0.00315466500902295,0,0,0,0,0,0,0,0,0,0,0,0,0,0,0,0,0,0,0,0,0,0,0,0,0,0,0,0,0,0,0,0,0,0,0,0,0,0,0,0,0,0,0,0,0,0,0,0,0,0,0,0,0,0,0,0,0,0,0,0,0,0,0,0,0,0,0,0,0,0,0,0,0,0,0,0,7.49299029424194,0,0,0,0,0,-0.00315466500902295,-0.00315466500902295,0,0,5.83269627601564,-1,0,0,0,0,0,-1,0,0,0,0,0,0,0,0,0,0,0,0,0,0,0,0,0,0,0,-1,0,0,0,0,0,0,0,0,0,0,0,0,0,0,0,0,0,0,0,0,0,0,0,0,0,0,0,0,0,0,0,0,0,0,0,0,0,0,0,0,0,0,0,0,-1,0,-4.50926247499831,0,0,0,0,0,0,0,0,0,0,0,0,0,0,0,0,0,0,0,0,0,0,0,0,0,0,0,0,0,0,0,0,0,0,0,-0.178444550893897,0,0,0,0,0,0,-0.114138166606837,0,0,0,0,0,0,0,0,0,0,0,0,0,0,0,0,0,0,0,-0.00315466500902294,0,0,0,0,0,0,0,-1,0,0,0,0,0,0,0,0,0,0,0,0,0,0,0,0,-0.177199958109202,0,0,0,0,0,0,0,0,0,0,0,0,0,0,0,-0.134739994591083,0,0,-1,0,0,-1,0,0,0,0,0,0,0,0,0,0,-0.0634816648358325,0,0,0,-0.00315466500902294,0,0,0,-0.00315466500902294,0,0,0,0,0,0,0,0,0,0,0,0,0,0,-10,0,0,0,0,0,0,0,0,-1.23198882965286,0,0,0,0,0,0,0,0,0,0,0,0,0,0,0,0,0,0,0,0,0,0,0,0,0,0,0,0,0,0,0,0,0,0,0,0,0,0,0,-0.597884919850127,0,-0.00630933001804604,0,0,0,0,0,0,0,0,0,0,0,0,0,0,0,0,0,0,0,0,0,0,0,0,-0.00315466500902294,0,0,0,0,0,0,0,0,0,0,0,0,0,0,0,0,0,0,0,-0.00630933001804588,0,0,0,0,0,0,0,0,0,0,0,0,0,0,0,0,0,0,0,0,0,0,0,0,0,0,0,0,0,0,0,0,0,0,0,-0.00315466500902294,0,0,0,0,0,0,0,0,0,0,0,0,0,0,0,0,-1,0,0,0,0,0,0,0,0,0,0,0,0,0,0,0,0,0,0,0,0,0,0,0,0,0,0,0,0,0,0,0,0,0,0,0,0,0,0,0,0,0,0,0,0,0,0,0,0,0,0,0,0,-0.0222810789436677,0,0,0,0,0,0,0,0,-0.119349217214617,0,0,-0.166295183833556,-0.0892127824477796,0,0,0,0,0,-0.00315466500902294
"Coprococcus eutactus",0,0,0,0,0,0,0,0,0,-1,0,0,0,0,0,0,0,0,0,0,0,0,0,0,0,0,0,0,0,0,0,0,0,0,0,0,0,0,0,0,0,0,0,0,0,0,0,0,0,0,0,0,0,0,0,0,0,0,0,0,0,0,0,0,0,0,0,0,0,0,0,0,0,0,0,0,0,0,0,0,0,0,0,0,0,0,0,0,0,0,0,0,0,0,0,0,0,0,0,0,0,0,0,0,0,0,0,0,0,0,0,0,0,0,0,0,0,0,0,0,0,0,0,0,0,0,0,0,-1,0,0,0,0,-1,0,0,0,0,0,0,0,0,0,0,0,0,0,0,0,0,0,0,0,0,-0.631799097769963,0,0,0,0,0,0,0,0,0,0,0,0,0,0,0,0,0,0,0,0,0,0,0,0,0,0,0,0,0,0,0,0,0,0,0,0,0,0,0,0,0,0,0,0,0,0,0,0,0,0,0,0,0,0,0,0,0,0,0,0,0,0,0,0,0,0,1.025909,0,0,0,0,-1.45324684410753e-05,0,14.7625504935671,0,0,0,0,0,0,0,-0.00378109110751977,0,0,0,0,0,0,0,0,0,-1,0,-0.0928868488077785,0,0,0,0,0,0,0,0,0,0,-0.00378109110751977,0,0,0,0,0,0,-0.693174033108676,-0.00378109110751977,0,0,0,0,0,0,0,0,0,0,0,0,0,0,0,0,0,0,0,0,0,0,-0.00378109110751977,0,0,0,-1,0,0,0,0,0,0,0,0,0,0,0,0,0,0,0,0,0,0,0,0,0,0,0,0,0,0,0,0,0,0,0,0,0,0,0,0,0,0,0,0,0,0,0,0,0,0,0,0,0,0,0,0,0,0,0,0,0,0,0,0,0,0,0,0,0,0,0,0,0,0,0,0,-1,0,0,0,0,0,-0.00656068961162062,-0.00378109110751977,0,-0.00833879551230255,5.53640699889686,-1,0,0,0,0,0,0,0,0,0,0,0,-1,0,0,0,0,0,0,0,-0.137752937749925,0,0,0,0,0,-1,0,0,0,0,0,-1.93766261800121e-05,0,0,-0.779603290796842,0,0,0,0,0,0,-1,0,0,0,0,0,0,0,0,0,0,0,0,0,0,0,0,0,0,0,0,0,0,0,0,-0.5,-1,0,0,-1,0,6.15214487394142,0,0,0,0,0,0,0,-0.0111174893379005,0,0,0,0,0,0,0,0,0,0,0,0,0,0,0,0,0,0,0,0,0,0,0,0,0,0,0,-2.1798708767784e-05,0,0,0,0,0,0,-0.32975390447299,0,0,0,0,0,0,0,0,0,0,0,0,0,0,0,0,0,0,0,-0.00378109110751977,0,0,0,0,0,0,0,0,0,0,0,0,0,0,0,0,0,0,0,0,0,0,0,-1,-0.469698184366839,0,0,0,0,0,0,0,0,0,0,0,0,0,0,0,-0.000116259767116489,0,0,-1,0,0,-1,0,0,0,0,0,0,0,-1,0,0,-0.13765198828037,0,0,0,-0.00378109110751977,0,0,0,-0.00378109110751977,0,0,0,-0.00555919700820169,0,0,0,0,0,0,0,0,0,0,-10,0,0,0,0,0,0,0,0,-2.09559915597853,0,-0.00756218221511062,0,0,0,0,0,0,0,0,0,0,-0.0764671713669671,0,0,0,0,0,0,0,0,0,0,0,0,0,0,0,0,0,0,0,-0.161857701333133,-0.00277959850410085,0,0,0,0,0,-0.0959862529190758,0,-2.17987046058354e-06,1.44546815397441,0,0,0,0,-0.193117155979901,0,0,0,0,0,0,0,0,0,0,0,-1.93766297269526e-05,0,0,0,0,0,0,-0.00378109110751977,0,0,0,0,0,0,0,0,0,0,0,0,0,0,0,0,0,0,0,-1,0,0,0,0,0,0,0,0,0,0,0,0,0,0,0,0,0,0,0,0,0,0,0,0,0,0,0,0,0,0,0,0,0,0,0,-0.00378109110751977,-0.00277959850410085,0,0,0,0,0,0,0,0,0,0,0,-0.1,0,0,0.0083387935338,-1,0,0,0,0,0,0,0,0,0,0,0,0,0,0,0,-1,0,0,0,0,0,0,0,0,0,0,0,0,0,0,0,0,0,0,0,0,0,0,0,0,0,0,0,0,0,0,0,0,0,0,0,0,0,0,0,0,0,0,0,-0.128330371712878,0,-0.223687969047028,0,0,-0.376543270026275,-2.17987086582605e-05,0,0,0,0,0,-0.00378109110751977
"Fusobacterium nucleatum",-0.0377151424185595,0,0,0,0,0,0,0,0,-1,0,-1,0,0,0,0,0,0,0,0,0,0,0,0,0,0,0,0,0,0,0,0,0,0,0,0,0,0,-1,0,0,0,0,0,0,0,0,0,0,0,0,0,0,0,0,0,0,0,0,0,0,0,0,0,0,0,0,0,0,0,0,0,0,0,0,0,0,0,0,0,0,0,0,0,0,0,0,0,0,0,0,0,0,0,0,0,0,0,0,0,0,0,0,0,0,0,0,0,0,0,0,0,0,0,0,0,0,0,0,0,0,0,0,0,0,0,0,0,-1,0,0,0,0,-1,0,0,0,0,0,-1,0,0,0,0,0,0,0,0,0,0,0,0,0,-1,-1,0,0,0,0,0,0,0,0,0,0,0,0,0,0,0,0,0,0,0,0,0,0,0,0,0,0,0,0,0,0,0,0,0,0,0,0,0,-1,0,0,0,0,0,-3.07991044223854e-07,-1,0,-1,0,0,-1,0,0,0,0,0,0,0,0,0,0,0,0,0,0,0,0,1.039675,0,0,0,0,-1,0,0.312730804101435,0,0,0,0,0,0,0,-0.00561341498887971,0,0,0,0,0,0,0,0,0,0,0,-1,0,0,0,0,0,0,-1,0,0,-1,-0.00561341498887971,0,0,0,0,0,0,-3.09025470339782,-0.00561341498887972,0,0,0,0,0,0,0,0,0,0,0,0,0,0,0,0,0,0,0,0,0,0,-0.00561341498887972,0,0,0,-1,-1,0,0,0,0,0,0,0,0,-1,0,0,0,0,0,0,0,0,0,0,0,0,0,0,0,0,0,0,0,0,0,0,0,0,0,0,0,0,0,0,0,0,0,0,0,0,0,0,0,0,0,0,0,0,0,0,0,0,0,0,0,0,0,0,0,0,0,0,0,0,0,0,-1,0,0,0,0,0,-0.0179429246112154,-0.0179429246112155,0,-0.0100741419502204,-1,-1,0,0,0,0,0,-1,0,0,0,0,0,-1,0,0,0,0,0,0,0,-1,0,0,0,0,0,-1,0,0,0,0,0,-1,0,0,-1,0,-1,0,0,0,-1,0,0,0,0,0,0,0,0,0,0,0,0,0,0,0,0,0,0,0,0,0,0,0,-1,0,0,0,-0.752438637896393,0,-1,0,-8.9838038238031,-1,0,0,0,0,0,0,-1,0,0,0,0,0,0,0,0,0,0,0,0,0,0,0,0,0,0,0,0,0,0,0,0,0,0,0,-0.871068240559841,0,0,0,0,0,0,-1,0,0,0,0,-1,0,0,0,0,0,0,0,0,0,0,0,0,0,0,-0.00561341498886579,0,0,0,0,0,0,0,-1,0,0,0,0,0,0,0,0,0,0,0,0,0,0,0,0,-0.454322787918901,0,0,0,0,0,0,0,0,0,0,0,0,0,0,0,-1,0,-1,0,0,0,-1,0,0,0,0,0,0,0,0,0,0,-1,0,0,-1,-0.00561341498888069,0,0,0,-0.00561341498888069,-3.0799040606766e-07,0,0,-1,-0.00671609463348724,0,0,0,0,0,0,0,0,0,-10,-1,0,0,0,0,0,0,0,6.59529880108772,0,0,0,-1,0,0,0,0,0,0,0,0,-0.0754302848369939,0,0,0,0,0,0,0,0,0,0,-1,0,0,0,0,0,0,0,0,-0.173178718087357,-0.00335804731674584,0,0,0,0,0,-1,-0.33361422550231,-0.0112269291827758,0,0,0,0,0,-0.195251025135455,0,0,0,0,0,0,0,0,0,0,0,-0.00671609463349643,0,0,0,0,0,-1.02664216516946e-07,-3.07989843406631e-07,-0.00561341498888107,-3.0799151318206e-07,0,-0.00335804731674821,0,0,0,0,0,0,0,0,0,0,0,0,0,0,0,-0.0120580296027128,0,0,0,0,0,0,0,0,0,0,0,-3.0798983807756e-07,0,0,0,0,0,0,0,0,0,0,-1,0,0,0,0,-0.00335804731674821,0,0,0,0,0,0,0,-1,-0.00335804731674662,0,0,0,0,0,0,0,0,0,0,0,0,0,0,-1,-1,0,0,0,0,0,0,0,0,0,0,0,0,0,0,-0.00335835427179632,-1,0,-0.0408987477464251,0,0,0,0,0,0,0,0,0,0,0,0,0,0,0,0,0,0,0,0,0,0,0,0,0,0,0,0,0,0,0,0,0,-3.07988928582859e-07,-1,0,0,0,-0.361704950094443,0,0,-1,0,-1,-1,0,-1,0,0,0,0,0,0,-0.00561341498886958
"Lacticaseibacillus casei",-0.0736400139723231,0,0,0,0,0,0,0,0,-1,0,-0.0107076521693916,0,0,0,0,0,0,0,0,0,0,0,0,0,0,0,0,0,0,0,0,0,0,0,0,0,0,0,0,0,0,0,0,0,0,0,0,5.89217672620871,-0.102737167461584,0,0,0,-1,0,0,0,0,0,0,0,0,0,0,0,0,0,0,0,0,0,0,0,0,0,0,0,0,0,0,0,0,0,0,0,0,0,0,0,0,0,0,0,0,0,0,0,0,0,0,0,0,0,0,0,0,0,0,0,0,0,0,0,0,0,0,0,0,0,0,0,0,0,0,0,0,0,0,35.9838726817595,0,0,0,0,-1,0,0,0,0,0,-1,0,0,0,0,0,0,0,0,0,0,0,0,-1,-1,-1,0,0,0,0,0,0,0,0,0,0,0,0,0,0,0,0,0,0,0,0,0,0,0,0,0,0,0,0,0,0,0,0,0,0,0,0,0,0,0,0,0,0,0,0,-0.797443682985964,0,-1,0,0,-1,0,0,0,0,0,0,0,0,0,0,0,0,0,0,0,0,1.811295,0,0,0,0,-0.975670489616923,0,0,0,0,0,0,0,0,0,-0.00599665471906215,0,0,0,0,0,0,0,0,0,-1,0,-1,0,0,0,0,0,0,0,-1,0,-1,-0.00599665471906215,0,0,0,0,0,0,-10,-0.00599665471906193,0,0,0,0,0,0,0,0,0,0,0,0,-0.384562501902065,0,0,0,0,0,0,0,0,0,-0.00599665471906193,0,0,0,-1,0,0,0,0,0,0,0,0,0,0,0,0,0,0,0,0,0,0,0,0,0,0,0,0,0,0,0,0,0,0,0,0,0,0,0,0,0,0,0,0,0,0,0,0,0,0,0,0,0,0,0,0,-1,0,0,0,0,0,0,0,0,0,0,0,0,0,0,0,0,0,0,0,-1,0,0,0,0,0,-0.022700961607517,-0.022700961607517,0,-0.585203160674749,35.3568642621567,-1,0,0,0,0,0,0,0,0,0,0,0,-1,0,0,0,0,0,0,0,-1,0,0,0,0,0,-1,0,-1,0,0,0,-1,0,0,-1,0,-1,0,0,0,-1,-1,0,0,0,0,0,0,0,0,0,0,0,0,0,0,0,0,0,0,0,0,0,0,0,0,0,0,0,0,68.6392297275295,0,-10,2.14847210544161,0,0,0,0,0,0,-0.144669951691853,0,0,0,0,0,0,0,0,0,0,0,0,0,0,0,0,0,0,0,0,0,0,0,0,0,0,0,0,0,0,0,0,0,0,-0.735882185749594,0,0,0,0,-0.585917790707044,0,0,0,0,0,0,0,0,0,0,0,0,0,0,-0.00599665471906218,0,0,0,0,0,0,0,-1,0,0,0,0,0,0,0,0,0,0,0,0,0,0,0,-1,-0.685158601075195,0,0,0,0,0,0,0,0,0,0,0,0,0,0,0,-0.520982812349008,0,-1,-1,0,0,-1,0,0,0,0,0,0,0,-1,0,0,-0.276732021514922,0,0,-0.276732021514496,-0.00599665471905293,0,0,0,-0.00599665471905293,-1,0,0,-0.0107076918246776,0,0,0,0,0,0,0,0,0,0,-10,-0.0119933094381437,0,-1,0,0,0,0,0,-8.36166536624753,0,0,0,0,0,0,0,0,0,0,0,0,-0.147280027944661,0,0,0,0,0,0,0,0,0,0,0,-0.384562501903816,0,0,0,0,0,0,0,-0.282018648551063,-0.00535382608469641,0,0,0,0,0,-1,0,-0.0119933691733456,0,0,0,0,0,-0.336466179542997,0,0,0,0,0,0,0,0,0,0,0,-0.010707652169393,0,0,0,0,0,-0.0314328858440167,-1,0,-1,0,-0.00535382608470249,0,0,0,0,0,0,0,0,0,0,0,0,0,0,-1,-0.0119933094381383,0,0,0,0,0,0,0,0,0,0,0,0,0,0,0,0,0,0,0,0,0,0,-1,0,0,0,0,-0.00535382608470249,0,0,0,0,0,0,-1,-0.00599665471906913,-0.00535382608470249,0,0,0,0,0,0,0,0,0,0,0,0,0,0,-1,-1,0,0,0,0,0,0,0,0,0,0,0,0,0,0,-0.00535382608469636,-1,0,0,0,0,0,0,0,0,0,0,0,0,0,0,0,0,0,0,0,0,0,0,0,0,0,0,0,0,0,0,0,0,0,0,0,-1,-0.086152440588844,0,0,0,0,0,0,-1,0,-0.384562404233407,0,0,-1,-0.651239536943845,0,-1,0,0,0,-0.00599665471906224
