"taxonomy_id","predictor","betas","SE","ci_lo","ci_hi","p_val","n","FDR","name","taxa_level","taxa_name","taxa_full"
"X102684","PFDA",0.00476981430741781,0.00202135578146973,0.000622334830334359,0.00891729378450127,0.025774100031605,35,0.646662622578676,"Streptococcus infantarius","Species","Streptococcus infantarius","d__Bacteria;p__Bacillota;c__Bacilli;o__Lactobacillales;f__Streptococcaceae;g__Streptococcus_s__Streptococcus_infantarius"
"X102684","N.MeFOSAA",0.00324549488967754,0.00227137580046416,-0.00141498329210965,0.00790597307146474,0.164510247564248,35,0.918566105878837,"Streptococcus infantarius","Species","Streptococcus infantarius","d__Bacteria;p__Bacillota;c__Bacilli;o__Lactobacillales;f__Streptococcaceae;g__Streptococcus_s__Streptococcus_infantarius"
"X102684","PFDoA",0.00121145495120315,0.00218016821101049,-0.00326188071520841,0.00568479061761471,0.583011772747641,35,0.970355898058642,"Streptococcus infantarius","Species","Streptococcus infantarius","d__Bacteria;p__Bacillota;c__Bacilli;o__Lactobacillales;f__Streptococcaceae;g__Streptococcus_s__Streptococcus_infantarius"
"X102684","PFBA",0.000336966063850105,0.00238397549284719,-0.00455454760291488,0.00522847973061509,0.888645738335482,35,0.969968177491165,"Streptococcus infantarius","Species","Streptococcus infantarius","d__Bacteria;p__Bacillota;c__Bacilli;o__Lactobacillales;f__Streptococcaceae;g__Streptococcus_s__Streptococcus_infantarius"
"X102684","PFHpA",0.00159838453809462,0.00210488100122112,-0.00272047453377044,0.00591724360995969,0.45421022151774,35,0.889866029573718,"Streptococcus infantarius","Species","Streptococcus infantarius","d__Bacteria;p__Bacillota;c__Bacilli;o__Lactobacillales;f__Streptococcaceae;g__Streptococcus_s__Streptococcus_infantarius"
"X113107","PFDoA",-0.000152471406571301,0.00478412963577915,-0.00996869458806068,0.00966375177491808,0.974809953734335,35,0.988937634223238,"Streptococcus australis","Species","Streptococcus australis","d__Bacteria;p__Bacillota;c__Bacilli;o__Lactobacillales;f__Streptococcaceae;g__Streptococcus_s__Streptococcus_australis"
"X113107","PFDA",-0.000327092673394946,0.0048436552700955,-0.0102654523678875,0.00961126702109757,0.946657282430822,35,0.98420539314755,"Streptococcus australis","Species","Streptococcus australis","d__Bacteria;p__Bacillota;c__Bacilli;o__Lactobacillales;f__Streptococcaceae;g__Streptococcus_s__Streptococcus_australis"
"X113107","N.MeFOSAA",-0.0020977935226353,0.00512419930965346,-0.0126117820387095,0.00841619499343887,0.685483499322782,35,0.984500466668035,"Streptococcus australis","Species","Streptococcus australis","d__Bacteria;p__Bacillota;c__Bacilli;o__Lactobacillales;f__Streptococcaceae;g__Streptococcus_s__Streptococcus_australis"
"X113107","PFBA",0.0011822836787547,0.0051987481527304,-0.00948466642851305,0.0118492337860225,0.821812778742571,35,0.964701732189117,"Streptococcus australis","Species","Streptococcus australis","d__Bacteria;p__Bacillota;c__Bacilli;o__Lactobacillales;f__Streptococcaceae;g__Streptococcus_s__Streptococcus_australis"
"X113107","PFHpA",0.00653119974010636,0.00446818027057176,-0.00263674889218792,0.0156991483724006,0.155361876620919,35,0.889866029573718,"Streptococcus australis","Species","Streptococcus australis","d__Bacteria;p__Bacillota;c__Bacilli;o__Lactobacillales;f__Streptococcaceae;g__Streptococcus_s__Streptococcus_australis"
"X1155388","N.MeFOSAA",-0.000942258627711548,0.00224245173359798,-0.00554338952644199,0.0036588722710189,0.677670992379504,35,0.984500466668035,"Clostridium sp. C1","Species","Clostridium sp. C1","d__Bacteria;p__Bacillota;c__Clostridia;o__Eubacteriales;f__Clostridiaceae;g__Clostridium_s__Clostridium_sp._C1"
"X1155388","PFBA",-0.000112911412176592,0.00227752557624076,-0.00478600789157173,0.00456018506721854,0.960824923306598,35,0.970948141783281,"Clostridium sp. C1","Species","Clostridium sp. C1","d__Bacteria;p__Bacillota;c__Clostridia;o__Eubacteriales;f__Clostridiaceae;g__Clostridium_s__Clostridium_sp._C1"
"X1155388","PFDA",-0.00302431580466013,0.0020387559850224,-0.00720749755038591,0.00115886594106564,0.149545231333012,35,0.875384362782265,"Clostridium sp. C1","Species","Clostridium sp. C1","d__Bacteria;p__Bacillota;c__Clostridia;o__Eubacteriales;f__Clostridiaceae;g__Clostridium_s__Clostridium_sp._C1"
"X1155388","PFDoA",0.00230318085566226,0.00204656566846249,-0.00189602503686995,0.00650238674819447,0.270329301559557,35,0.970355898058642,"Clostridium sp. C1","Species","Clostridium sp. C1","d__Bacteria;p__Bacillota;c__Clostridia;o__Eubacteriales;f__Clostridiaceae;g__Clostridium_s__Clostridium_sp._C1"
"X1155388","PFHpA",-0.00281822183290456,0.00195785941759591,-0.00683541753290616,0.00119897386709705,0.161519766095795,35,0.889866029573718,"Clostridium sp. C1","Species","Clostridium sp. C1","d__Bacteria;p__Bacillota;c__Clostridia;o__Eubacteriales;f__Clostridiaceae;g__Clostridium_s__Clostridium_sp._C1"
"X1156431","PFDA",0.00278752591943694,0.00430929822494604,-0.00605442368312168,0.0116294755219956,0.52318218919062,35,0.92382028040461,"Streptococcus ilei","Species","Streptococcus ilei","d__Bacteria;p__Bacillota;c__Bacilli;o__Lactobacillales;f__Streptococcaceae;g__Streptococcus_s__Streptococcus_ilei"
"X1156431","PFBA",-0.00444084271283703,0.00458603200802826,-0.0138506031364648,0.00496891771079071,0.341468863655629,35,0.861414136191478,"Streptococcus ilei","Species","Streptococcus ilei","d__Bacteria;p__Bacillota;c__Bacilli;o__Lactobacillales;f__Streptococcaceae;g__Streptococcus_s__Streptococcus_ilei"
"X1156431","PFHpA",0.00400410047550186,0.00408908827977165,-0.00438601564151548,0.0123942165925192,0.336166404752277,35,0.889866029573718,"Streptococcus ilei","Species","Streptococcus ilei","d__Bacteria;p__Bacillota;c__Bacilli;o__Lactobacillales;f__Streptococcaceae;g__Streptococcus_s__Streptococcus_ilei"
"X1156431","PFDoA",-0.00256836169500778,0.0042603352023325,-0.0113098474735888,0.00617312408357324,0.551636139135462,35,0.970355898058642,"Streptococcus ilei","Species","Streptococcus ilei","d__Bacteria;p__Bacillota;c__Bacilli;o__Lactobacillales;f__Streptococcaceae;g__Streptococcus_s__Streptococcus_ilei"
"X1156431","N.MeFOSAA",0.00276673463395959,0.00457706281256983,-0.00662462252071828,0.0121580917886375,0.550572133980204,35,0.984500466668035,"Streptococcus ilei","Species","Streptococcus ilei","d__Bacteria;p__Bacillota;c__Bacilli;o__Lactobacillales;f__Streptococcaceae;g__Streptococcus_s__Streptococcus_ilei"
"X1216932","N.MeFOSAA",0.000588429559802289,0.00176524739031964,-0.00303355890479274,0.00421041802439731,0.741451644529471,35,0.984500466668035,"Clostridium bornimense","Species","Clostridium bornimense","d__Bacteria;p__Bacillota;c__Clostridia;o__Eubacteriales;f__Clostridiaceae;g__Clostridium_s__Clostridium_bornimense"
"X1216932","PFBA",-0.00221471877090826,0.00173931681465431,-0.00578350208904326,0.00135406454722674,0.213756121253537,35,0.861414136191478,"Clostridium bornimense","Species","Clostridium bornimense","d__Bacteria;p__Bacillota;c__Clostridia;o__Eubacteriales;f__Clostridiaceae;g__Clostridium_s__Clostridium_bornimense"
"X1216932","PFDoA",-0.000581978655827264,0.001642598774973,-0.00395231294865,0.00278835563699547,0.725863566304177,35,0.970355898058642,"Clostridium bornimense","Species","Clostridium bornimense","d__Bacteria;p__Bacillota;c__Clostridia;o__Eubacteriales;f__Clostridiaceae;g__Clostridium_s__Clostridium_bornimense"
"X1216932","PFHpA",0.00134131728051538,0.00157633864782369,-0.00189306246139654,0.0045756970224273,0.402304700118829,35,0.889866029573718,"Clostridium bornimense","Species","Clostridium bornimense","d__Bacteria;p__Bacillota;c__Clostridia;o__Eubacteriales;f__Clostridiaceae;g__Clostridium_s__Clostridium_bornimense"
"X1216932","PFDA",0.001431063189295,0.00164409974903694,-0.00194235084791658,0.00480447722650657,0.391742228882535,35,0.92382028040461,"Clostridium bornimense","Species","Clostridium bornimense","d__Bacteria;p__Bacillota;c__Clostridia;o__Eubacteriales;f__Clostridiaceae;g__Clostridium_s__Clostridium_bornimense"
"X1259973","PFDA",-0.00142929646683638,0.00252267900160055,-0.0066054062256044,0.00374681329193163,0.575680381713483,35,0.937154109766134,"Klebsiella electrica","Species","Klebsiella electrica","d__Bacteria;p__Pseudomonadota;c__Gammaproteobacteria;o__Enterobacterales;f__Enterobacteriaceae;g__Klebsiella_s__Klebsiella_electrica"
"X1259973","N.MeFOSAA",-0.000149810625180241,0.00269254809436587,-0.00567446297229098,0.00537484172193049,0.956039100931483,35,0.985941901719069,"Klebsiella electrica","Species","Klebsiella electrica","d__Bacteria;p__Pseudomonadota;c__Gammaproteobacteria;o__Enterobacterales;f__Enterobacteriaceae;g__Klebsiella_s__Klebsiella_electrica"
"X1259973","PFBA",0.00272600346946318,0.0026750873487993,-0.00276282238705358,0.00821482932597993,0.317231817201597,35,0.861414136191478,"Klebsiella electrica","Species","Klebsiella electrica","d__Bacteria;p__Pseudomonadota;c__Gammaproteobacteria;o__Enterobacterales;f__Enterobacteriaceae;g__Klebsiella_s__Klebsiella_electrica"
"X1259973","PFDoA",0.000568775968203111,0.00250388920141922,-0.0045687803051543,0.00570633224156052,0.82201288262126,35,0.970355898058642,"Klebsiella electrica","Species","Klebsiella electrica","d__Bacteria;p__Pseudomonadota;c__Gammaproteobacteria;o__Enterobacterales;f__Enterobacteriaceae;g__Klebsiella_s__Klebsiella_electrica"
"X1259973","PFHpA",0.00119062053989292,0.00242075046697846,-0.00377634914103737,0.00615759022082322,0.626807945429707,35,0.932817907439746,"Klebsiella electrica","Species","Klebsiella electrica","d__Bacteria;p__Pseudomonadota;c__Gammaproteobacteria;o__Enterobacterales;f__Enterobacteriaceae;g__Klebsiella_s__Klebsiella_electrica"
"X1302","PFDA",-0.0034161927212187,0.00293371429790177,-0.00943567724428808,0.00260329180185068,0.254423900026765,35,0.876551133726437,"Streptococcus gordonii","Species","Streptococcus gordonii","d__Bacteria;p__Bacillota;c__Bacilli;o__Lactobacillales;f__Streptococcaceae;g__Streptococcus_s__Streptococcus_gordonii"
"X1302","PFDoA",-0.000770007975409722,0.00296563615625662,-0.00685499074159435,0.00531497479077491,0.797108435533332,35,0.970355898058642,"Streptococcus gordonii","Species","Streptococcus gordonii","d__Bacteria;p__Bacillota;c__Bacilli;o__Lactobacillales;f__Streptococcaceae;g__Streptococcus_s__Streptococcus_gordonii"
"X1302","N.MeFOSAA",-0.00262845385703292,0.0031498414927559,-0.00909139475394529,0.00383448703987945,0.411337920761198,35,0.984500466668035,"Streptococcus gordonii","Species","Streptococcus gordonii","d__Bacteria;p__Bacillota;c__Bacilli;o__Lactobacillales;f__Streptococcaceae;g__Streptococcus_s__Streptococcus_gordonii"
"X1302","PFHpA",-0.000657727468736129,0.00287804064773955,-0.00656297909743882,0.00524752415996656,0.820953920545069,35,0.982284851222905,"Streptococcus gordonii","Species","Streptococcus gordonii","d__Bacteria;p__Bacillota;c__Bacilli;o__Lactobacillales;f__Streptococcaceae;g__Streptococcus_s__Streptococcus_gordonii"
"X1302","PFBA",-0.00394078516183842,0.00313939555321996,-0.0103822927612376,0.0025007224375608,0.220137184451696,35,0.861414136191478,"Streptococcus gordonii","Species","Streptococcus gordonii","d__Bacteria;p__Bacillota;c__Bacilli;o__Lactobacillales;f__Streptococcaceae;g__Streptococcus_s__Streptococcus_gordonii"
"X1303","N.MeFOSAA",-0.000349573593692955,0.00382683709025466,-0.00820159471707609,0.00750244752969018,0.927890507820577,35,0.985941901719069,"Streptococcus oralis","Species","Streptococcus oralis","d__Bacteria;p__Bacillota;c__Bacilli;o__Lactobacillales;f__Streptococcaceae;g__Streptococcus_s__Streptococcus_oralis"
"X1303","PFBA",-0.00455077100505383,0.00377454870096264,-0.01229550521563,0.00319396320552234,0.238413824045073,35,0.861414136191478,"Streptococcus oralis","Species","Streptococcus oralis","d__Bacteria;p__Bacillota;c__Bacilli;o__Lactobacillales;f__Streptococcaceae;g__Streptococcus_s__Streptococcus_oralis"
"X1303","PFDA",0.00209557283774683,0.0035843921920276,-0.00525899244488906,0.00945013812038271,0.563644896355588,35,0.937154109766134,"Streptococcus oralis","Species","Streptococcus oralis","d__Bacteria;p__Bacillota;c__Bacilli;o__Lactobacillales;f__Streptococcaceae;g__Streptococcus_s__Streptococcus_oralis"
"X1303","PFHpA",0.00112406307154927,0.00344947702603594,-0.00595367915636893,0.00820180529946746,0.747038833358564,35,0.950776697001808,"Streptococcus oralis","Species","Streptococcus oralis","d__Bacteria;p__Bacillota;c__Bacilli;o__Lactobacillales;f__Streptococcaceae;g__Streptococcus_s__Streptococcus_oralis"
"X1303","PFDoA",0.00308688829688901,0.0035125642154262,-0.00412029815141909,0.0102940747451971,0.387256803058564,35,0.970355898058642,"Streptococcus oralis","Species","Streptococcus oralis","d__Bacteria;p__Bacillota;c__Bacilli;o__Lactobacillales;f__Streptococcaceae;g__Streptococcus_s__Streptococcus_oralis"
"X1304","PFBA",0.00233049842278771,0.00493942922374915,-0.00780437319249532,0.0124653700380707,0.640849373286318,35,0.924937239794686,"Streptococcus salivarius","Species","Streptococcus salivarius","d__Bacteria;p__Bacillota;c__Bacilli;o__Lactobacillales;f__Streptococcaceae;g__Streptococcus_s__Streptococcus_salivarius"
"X1304","PFDoA",0.00219426477246719,0.00454031711928445,-0.00712169644737851,0.0115102259923129,0.632789852060353,35,0.970355898058642,"Streptococcus salivarius","Species","Streptococcus salivarius","d__Bacteria;p__Bacillota;c__Bacilli;o__Lactobacillales;f__Streptococcaceae;g__Streptococcus_s__Streptococcus_salivarius"
"X1304","PFDA",-0.00660613186032435,0.00443845817096592,-0.0157130957816335,0.00250083206098479,0.148237422293276,35,0.875384362782265,"Streptococcus salivarius","Species","Streptococcus salivarius","d__Bacteria;p__Bacillota;c__Bacilli;o__Lactobacillales;f__Streptococcaceae;g__Streptococcus_s__Streptococcus_salivarius"
"X1304","N.MeFOSAA",-0.0054173881390301,0.00478686668667339,-0.0152392272850694,0.00440445100700923,0.267704292471372,35,0.918566105878837,"Streptococcus salivarius","Species","Streptococcus salivarius","d__Bacteria;p__Bacillota;c__Bacilli;o__Lactobacillales;f__Streptococcaceae;g__Streptococcus_s__Streptococcus_salivarius"
"X1304","PFHpA",-0.00548401505967139,0.00429625220900176,-0.014299196448597,0.00333116632925426,0.212661765023526,35,0.889866029573718,"Streptococcus salivarius","Species","Streptococcus salivarius","d__Bacteria;p__Bacillota;c__Bacilli;o__Lactobacillales;f__Streptococcaceae;g__Streptococcus_s__Streptococcus_salivarius"
"X1307","PFDA",-0.000636492395643659,0.00385115426019201,-0.00853840823037868,0.00726542343909136,0.869960240615327,35,0.978766981221743,"Streptococcus suis","Species","Streptococcus suis","d__Bacteria;p__Bacillota;c__Bacilli;o__Lactobacillales;f__Streptococcaceae;g__Streptococcus_s__Streptococcus_suis"
"X1307","PFBA",0.00304812818271398,0.00409740700629184,-0.00535905655123575,0.0114553129166637,0.463352410305982,35,0.861414136191478,"Streptococcus suis","Species","Streptococcus suis","d__Bacteria;p__Bacillota;c__Bacilli;o__Lactobacillales;f__Streptococcaceae;g__Streptococcus_s__Streptococcus_suis"
"X1307","PFDoA",0.00224544590593778,0.00378088433987469,-0.00551228796189953,0.0100031797737751,0.557526303335478,35,0.970355898058642,"Streptococcus suis","Species","Streptococcus suis","d__Bacteria;p__Bacillota;c__Bacilli;o__Lactobacillales;f__Streptococcaceae;g__Streptococcus_s__Streptococcus_suis"
"X1307","PFHpA",-0.00176762376065985,0.00367635593452127,-0.00931088305655398,0.00577563553523429,0.634525793214848,35,0.932817907439746,"Streptococcus suis","Species","Streptococcus suis","d__Bacteria;p__Bacillota;c__Bacilli;o__Lactobacillales;f__Streptococcaceae;g__Streptococcus_s__Streptococcus_suis"
"X1307","N.MeFOSAA",-0.00279656705980822,0.00405298191596104,-0.0111125990377198,0.00551946491810337,0.496081325589456,35,0.984500466668035,"Streptococcus suis","Species","Streptococcus suis","d__Bacteria;p__Bacillota;c__Bacilli;o__Lactobacillales;f__Streptococcaceae;g__Streptococcus_s__Streptococcus_suis"
"X1310","PFHpA",-0.00466240169762882,0.00381109998322094,-0.012482132944559,0.0031573295493014,0.231758444377048,35,0.889866029573718,"Streptococcus sobrinus","Species","Streptococcus sobrinus","d__Bacteria;p__Bacillota;c__Bacilli;o__Lactobacillales;f__Streptococcaceae;g__Streptococcus_s__Streptococcus_sobrinus"
"X1310","PFDA",0.00444710386160578,0.00399544533808648,-0.00375087281000896,0.0126450805332205,0.275501460398994,35,0.876551133726437,"Streptococcus sobrinus","Species","Streptococcus sobrinus","d__Bacteria;p__Bacillota;c__Bacilli;o__Lactobacillales;f__Streptococcaceae;g__Streptococcus_s__Streptococcus_sobrinus"
"X1310","PFBA",0.00574082182793033,0.00424814685364917,-0.00297565552487675,0.0144572991807374,0.187791773233633,35,0.861414136191478,"Streptococcus sobrinus","Species","Streptococcus sobrinus","d__Bacteria;p__Bacillota;c__Bacilli;o__Lactobacillales;f__Streptococcaceae;g__Streptococcus_s__Streptococcus_sobrinus"
"X1310","PFDoA",-0.000311650491054833,0.00403515455342748,-0.00859110374249171,0.00796780276038205,0.939007022753096,35,0.988724381267404,"Streptococcus sobrinus","Species","Streptococcus sobrinus","d__Bacteria;p__Bacillota;c__Bacilli;o__Lactobacillales;f__Streptococcaceae;g__Streptococcus_s__Streptococcus_sobrinus"
"X1310","N.MeFOSAA",0.00307109369999417,0.00429530339982944,-0.0057421408933174,0.0118843282933057,0.480753141916067,35,0.984500466668035,"Streptococcus sobrinus","Species","Streptococcus sobrinus","d__Bacteria;p__Bacillota;c__Bacilli;o__Lactobacillales;f__Streptococcaceae;g__Streptococcus_s__Streptococcus_sobrinus"
"X1314","PFDA",-0.000204390816176818,0.00399001567694012,-0.0083912267433573,0.00798244511100366,0.959522882165196,35,0.98420539314755,"Streptococcus pyogenes","Species","Streptococcus pyogenes","d__Bacteria;p__Bacillota;c__Bacilli;o__Lactobacillales;f__Streptococcaceae;g__Streptococcus_s__Streptococcus_pyogenes"
"X1314","PFBA",-0.00166252751558552,0.00427451562787711,-0.0104331091240357,0.00710805409286462,0.700371448558297,35,0.938917187179437,"Streptococcus pyogenes","Species","Streptococcus pyogenes","d__Bacteria;p__Bacillota;c__Bacilli;o__Lactobacillales;f__Streptococcaceae;g__Streptococcus_s__Streptococcus_pyogenes"
"X1314","PFDoA",0.00185151858901803,0.0039247716559189,-0.00620144766481322,0.00990448484284929,0.640894052767507,35,0.970355898058642,"Streptococcus pyogenes","Species","Streptococcus pyogenes","d__Bacteria;p__Bacillota;c__Bacilli;o__Lactobacillales;f__Streptococcaceae;g__Streptococcus_s__Streptococcus_pyogenes"
"X1314","PFHpA",-0.000696729285555606,0.00382108650326689,-0.00853695117906954,0.00714349260795833,0.856679624655815,35,0.982284851222905,"Streptococcus pyogenes","Species","Streptococcus pyogenes","d__Bacteria;p__Bacillota;c__Bacilli;o__Lactobacillales;f__Streptococcaceae;g__Streptococcus_s__Streptococcus_pyogenes"
"X1314","N.MeFOSAA",0.000555496062928258,0.00423269616623542,-0.00812927909794268,0.0092402712237992,0.896559040830098,35,0.985941901719069,"Streptococcus pyogenes","Species","Streptococcus pyogenes","d__Bacteria;p__Bacillota;c__Bacilli;o__Lactobacillales;f__Streptococcaceae;g__Streptococcus_s__Streptococcus_pyogenes"
"X1316411","N.MeFOSAA",-0.000839192294632981,0.00518792421851699,-0.0114839335233733,0.00980554893410731,0.8727002301896,35,0.985941901719069,"Streptococcus sp. HSISS2","Species","Streptococcus sp. HSISS2","d__Bacteria;p__Bacillota;c__Bacilli;o__Lactobacillales;f__Streptococcaceae;g__Streptococcus_s__Streptococcus_sp._HSISS2"
"X1316411","PFBA",-0.0137459098408196,0.0045402420733654,-0.0230617170791584,-0.00443010260248074,0.00536958976177874,35,0.751742566649024,"Streptococcus sp. HSISS2","Species","Streptococcus sp. HSISS2","d__Bacteria;p__Bacillota;c__Bacilli;o__Lactobacillales;f__Streptococcaceae;g__Streptococcus_s__Streptococcus_sp._HSISS2"
"X1316411","PFDA",-0.00315413245410686,0.00485371318117547,-0.0131131292774853,0.00680486436927157,0.521287142963984,35,0.92382028040461,"Streptococcus sp. HSISS2","Species","Streptococcus sp. HSISS2","d__Bacteria;p__Bacillota;c__Bacilli;o__Lactobacillales;f__Streptococcaceae;g__Streptococcus_s__Streptococcus_sp._HSISS2"
"X1316411","PFDoA",-0.00861722812035776,0.00453753281369938,-0.0179274764170368,0.000693020176321276,0.0682852125097043,35,0.970355898058642,"Streptococcus sp. HSISS2","Species","Streptococcus sp. HSISS2","d__Bacteria;p__Bacillota;c__Bacilli;o__Lactobacillales;f__Streptococcaceae;g__Streptococcus_s__Streptococcus_sp._HSISS2"
"X1316411","PFHpA",0.00588363746125955,0.00454825379810405,-0.0034486084783877,0.0152158834009068,0.206760147518988,35,0.889866029573718,"Streptococcus sp. HSISS2","Species","Streptococcus sp. HSISS2","d__Bacteria;p__Bacillota;c__Bacilli;o__Lactobacillales;f__Streptococcaceae;g__Streptococcus_s__Streptococcus_sp._HSISS2"
"X1316412","PFDoA",0.000352225331569122,0.00242355787978143,-0.00462050468462268,0.00532495534776093,0.885526720402792,35,0.970355898058642,"Streptococcus sp. HSISS3","Species","Streptococcus sp. HSISS3","d__Bacteria;p__Bacillota;c__Bacilli;o__Lactobacillales;f__Streptococcaceae;g__Streptococcus_s__Streptococcus_sp._HSISS3"
"X1316412","PFDA",0.00305349240194374,0.00238345960699897,-0.00183696275449486,0.00794394755838234,0.211047006783872,35,0.875384362782265,"Streptococcus sp. HSISS3","Species","Streptococcus sp. HSISS3","d__Bacteria;p__Bacillota;c__Bacilli;o__Lactobacillales;f__Streptococcaceae;g__Streptococcus_s__Streptococcus_sp._HSISS3"
"X1316412","N.MeFOSAA",0.000890589129622268,0.00259920003741007,-0.00444252882557241,0.00622370708481694,0.734522752504583,35,0.984500466668035,"Streptococcus sp. HSISS3","Species","Streptococcus sp. HSISS3","d__Bacteria;p__Bacillota;c__Bacilli;o__Lactobacillales;f__Streptococcaceae;g__Streptococcus_s__Streptococcus_sp._HSISS3"
"X1316412","PFBA",0.00605668168038298,0.00236551190062652,0.0012030521755802,0.0109103111851858,0.0163643658000543,35,0.763670404002533,"Streptococcus sp. HSISS3","Species","Streptococcus sp. HSISS3","d__Bacteria;p__Bacillota;c__Bacilli;o__Lactobacillales;f__Streptococcaceae;g__Streptococcus_s__Streptococcus_sp._HSISS3"
"X1316412","PFHpA",-0.000161067911581107,0.002352028997655,-0.00498703278461618,0.00466489696145396,0.945907854401678,35,0.982284851222905,"Streptococcus sp. HSISS3","Species","Streptococcus sp. HSISS3","d__Bacteria;p__Bacillota;c__Bacilli;o__Lactobacillales;f__Streptococcaceae;g__Streptococcus_s__Streptococcus_sp._HSISS3"
"X1322","PFBA",0.00170281856177773,0.00328486881342105,-0.00503717551223397,0.00844281263578943,0.608413903416456,35,0.900699375140302,"Blautia hansenii","Species","Blautia hansenii","d__Bacteria;p__Bacillota;c__Clostridia;o__Lachnospirales;f__Lachnospiraceae;g__Blautia_s__Blautia_hansenii"
"X1322","PFDA",0.000674127354044938,0.00307027109271376,-0.00562554856785242,0.0069738032759423,0.827860642590497,35,0.978766981221743,"Blautia hansenii","Species","Blautia hansenii","d__Bacteria;p__Bacillota;c__Clostridia;o__Lachnospirales;f__Lachnospiraceae;g__Blautia_s__Blautia_hansenii"
"X1322","N.MeFOSAA",0.00145300419905343,0.00324878650328605,-0.00521295508991817,0.00811896348802504,0.658265456555565,35,0.984500466668035,"Blautia hansenii","Species","Blautia hansenii","d__Bacteria;p__Bacillota;c__Clostridia;o__Lachnospirales;f__Lachnospiraceae;g__Blautia_s__Blautia_hansenii"
"X1322","PFHpA",-0.00244609100396273,0.0029067010099579,-0.0084101488384784,0.00351796683055295,0.407440190304894,35,0.889866029573718,"Blautia hansenii","Species","Blautia hansenii","d__Bacteria;p__Bacillota;c__Clostridia;o__Lachnospirales;f__Lachnospiraceae;g__Blautia_s__Blautia_hansenii"
"X1322","PFDoA",0.00368972660866241,0.00295081010381901,-0.00236483561069178,0.00974428882801661,0.22187799890371,35,0.970355898058642,"Blautia hansenii","Species","Blautia hansenii","d__Bacteria;p__Bacillota;c__Clostridia;o__Lachnospirales;f__Lachnospiraceae;g__Blautia_s__Blautia_hansenii"
"X1328","PFBA",-0.00310503504240801,0.00315796033890385,-0.00958463443560535,0.00337456435078933,0.334218279942977,35,0.861414136191478,"Streptococcus anginosus","Species","Streptococcus anginosus","d__Bacteria;p__Bacillota;c__Bacilli;o__Lactobacillales;f__Streptococcaceae;g__Streptococcus_s__Streptococcus_anginosus"
"X1328","N.MeFOSAA",0.00694087277142181,0.00287999494572057,0.00103161125448336,0.0128501342883603,0.0230353821466608,35,0.579992584416979,"Streptococcus anginosus","Species","Streptococcus anginosus","d__Bacteria;p__Bacillota;c__Bacilli;o__Lactobacillales;f__Streptococcaceae;g__Streptococcus_s__Streptococcus_anginosus"
"X1328","PFDA",0.00378611355797388,0.00290177891880634,-0.00216784497971213,0.0097400720956599,0.202987830550506,35,0.875384362782265,"Streptococcus anginosus","Species","Streptococcus anginosus","d__Bacteria;p__Bacillota;c__Bacilli;o__Lactobacillales;f__Streptococcaceae;g__Streptococcus_s__Streptococcus_anginosus"
"X1328","PFDoA",0.00441534687125682,0.00283008504838413,-0.00139150799525233,0.010222201737766,0.130371238045615,35,0.970355898058642,"Streptococcus anginosus","Species","Streptococcus anginosus","d__Bacteria;p__Bacillota;c__Bacilli;o__Lactobacillales;f__Streptococcaceae;g__Streptococcus_s__Streptococcus_anginosus"
"X1328","PFHpA",-0.00298520955900895,0.00280866166345653,-0.00874810727055734,0.00277768815253943,0.297260484530474,35,0.889866029573718,"Streptococcus anginosus","Species","Streptococcus anginosus","d__Bacteria;p__Bacillota;c__Bacilli;o__Lactobacillales;f__Streptococcaceae;g__Streptococcus_s__Streptococcus_anginosus"
"X1329812","N.MeFOSAA",-0.000237584126289228,0.00263992481404084,-0.00565426242095176,0.0051790941683733,0.928954262644061,35,0.985941901719069,"Enterobacter sp. MGH 3","Species","Enterobacter sp. MGH 3","d__Bacteria;p__Pseudomonadota;c__Gammaproteobacteria;o__Enterobacterales;f__Enterobacteriaceae;g__Enterobacter_s__Enterobacter_sp._MGH_3"
"X1329812","PFBA",0.0016558893163735,0.0026539498635026,-0.00378956600276983,0.00710134463551682,0.537907332354288,35,0.861414136191478,"Enterobacter sp. MGH 3","Species","Enterobacter sp. MGH 3","d__Bacteria;p__Pseudomonadota;c__Gammaproteobacteria;o__Enterobacterales;f__Enterobacteriaceae;g__Enterobacter_s__Enterobacter_sp._MGH_3"
"X1329812","PFDA",0.00292292341518768,0.00242384877285245,-0.00205040346428426,0.00789625029465962,0.238316964315615,35,0.876551133726437,"Enterobacter sp. MGH 3","Species","Enterobacter sp. MGH 3","d__Bacteria;p__Pseudomonadota;c__Gammaproteobacteria;o__Enterobacterales;f__Enterobacteriaceae;g__Enterobacter_s__Enterobacter_sp._MGH_3"
"X1329812","PFDoA",-0.00197276640075209,0.00242802192189619,-0.00695465587478181,0.00300912307327763,0.423611545349679,35,0.970355898058642,"Enterobacter sp. MGH 3","Species","Enterobacter sp. MGH 3","d__Bacteria;p__Pseudomonadota;c__Gammaproteobacteria;o__Enterobacterales;f__Enterobacteriaceae;g__Enterobacter_s__Enterobacter_sp._MGH_3"
"X1329812","PFHpA",-0.00488049338801963,0.00219147082694931,-0.00937702010673051,-0.000383966669308749,0.0344765318410338,35,0.889866029573718,"Enterobacter sp. MGH 3","Species","Enterobacter sp. MGH 3","d__Bacteria;p__Pseudomonadota;c__Gammaproteobacteria;o__Enterobacterales;f__Enterobacteriaceae;g__Enterobacter_s__Enterobacter_sp._MGH_3"
"X1334","N.MeFOSAA",-0.000728758202329703,0.00315744978975889,-0.00720731003521125,0.00574979363055184,0.81920556645332,35,0.985941901719069,"Streptococcus dysgalactiae","Species","Streptococcus dysgalactiae","d__Bacteria;p__Bacillota;c__Bacilli;o__Lactobacillales;f__Streptococcaceae;g__Streptococcus_s__Streptococcus_dysgalactiae"
"X1334","PFBA",-0.00164202547142143,0.00318405526608594,-0.00817516723253632,0.00489111628969346,0.610259521427216,35,0.900699375140302,"Streptococcus dysgalactiae","Species","Streptococcus dysgalactiae","d__Bacteria;p__Bacillota;c__Bacilli;o__Lactobacillales;f__Streptococcaceae;g__Streptococcus_s__Streptococcus_dysgalactiae"
"X1334","PFDoA",-0.00330843594052514,0.0028720196283872,-0.00920133345798038,0.00258446157693009,0.259438130065796,35,0.970355898058642,"Streptococcus dysgalactiae","Species","Streptococcus dysgalactiae","d__Bacteria;p__Bacillota;c__Bacilli;o__Lactobacillales;f__Streptococcaceae;g__Streptococcus_s__Streptococcus_dysgalactiae"
"X1334","PFHpA",-0.00452467924674237,0.0027179781728785,-0.0101015098049818,0.00105215131149705,0.107532187507439,35,0.889866029573718,"Streptococcus dysgalactiae","Species","Streptococcus dysgalactiae","d__Bacteria;p__Bacillota;c__Bacilli;o__Lactobacillales;f__Streptococcaceae;g__Streptococcus_s__Streptococcus_dysgalactiae"
"X1334","PFDA",-0.0036286849408649,0.00289552554530868,-0.00956981261597747,0.00231244273424768,0.220875807403767,35,0.876551133726437,"Streptococcus dysgalactiae","Species","Streptococcus dysgalactiae","d__Bacteria;p__Bacillota;c__Bacilli;o__Lactobacillales;f__Streptococcaceae;g__Streptococcus_s__Streptococcus_dysgalactiae"
"X1338","PFBA",0.00636196529529438,0.00271152800497948,0.000798369388386568,0.0119255612022022,0.0265545994907924,35,0.861414136191478,"Streptococcus intermedius","Species","Streptococcus intermedius","d__Bacteria;p__Bacillota;c__Bacilli;o__Lactobacillales;f__Streptococcaceae;g__Streptococcus_s__Streptococcus_intermedius"
"X1338","N.MeFOSAA",-0.00304050103550496,0.00287990472237803,-0.00894957742943589,0.00286857535842598,0.300431668556823,35,0.918566105878837,"Streptococcus intermedius","Species","Streptococcus intermedius","d__Bacteria;p__Bacillota;c__Bacilli;o__Lactobacillales;f__Streptococcaceae;g__Streptococcus_s__Streptococcus_intermedius"
"X1338","PFHpA",0.00143302028279154,0.00263938712080125,-0.00398255475647349,0.00684859532205657,0.591627658299711,35,0.930650249010781,"Streptococcus intermedius","Species","Streptococcus intermedius","d__Bacteria;p__Bacillota;c__Bacilli;o__Lactobacillales;f__Streptococcaceae;g__Streptococcus_s__Streptococcus_intermedius"
"X1338","PFDA",-0.00133925092722825,0.00275748892096754,-0.00699715084412575,0.00431864898966924,0.631113836396185,35,0.967765676974468,"Streptococcus intermedius","Species","Streptococcus intermedius","d__Bacteria;p__Bacillota;c__Bacilli;o__Lactobacillales;f__Streptococcaceae;g__Streptococcus_s__Streptococcus_intermedius"
"X1338","PFDoA",0.00147362814821207,0.00272055107055576,-0.00410848155999734,0.00705573785642148,0.592491329863073,35,0.970355898058642,"Streptococcus intermedius","Species","Streptococcus intermedius","d__Bacteria;p__Bacillota;c__Bacilli;o__Lactobacillales;f__Streptococcaceae;g__Streptococcus_s__Streptococcus_intermedius"
"X1340","N.MeFOSAA",0.00684690491264489,0.00591550193327862,-0.00529070247435431,0.0189845122996441,0.257225303649238,35,0.918566105878837,"Streptococcus porcinus","Species","Streptococcus porcinus","d__Bacteria;p__Bacillota;c__Bacilli;o__Lactobacillales;f__Streptococcaceae;g__Streptococcus_s__Streptococcus_porcinus"
"X1340","PFDoA",0.00745364360194369,0.00545546766260077,-0.00374005142985195,0.0186473386337393,0.183126191607422,35,0.970355898058642,"Streptococcus porcinus","Species","Streptococcus porcinus","d__Bacteria;p__Bacillota;c__Bacilli;o__Lactobacillales;f__Streptococcaceae;g__Streptococcus_s__Streptococcus_porcinus"
"X1340","PFBA",0.00180316339311018,0.00612570533867859,-0.0107657457557568,0.0143720725419771,0.770734007685058,35,0.95489169093724,"Streptococcus porcinus","Species","Streptococcus porcinus","d__Bacteria;p__Bacillota;c__Bacilli;o__Lactobacillales;f__Streptococcaceae;g__Streptococcus_s__Streptococcus_porcinus"
"X1340","PFHpA",0.00633263804002997,0.00533533037528842,-0.00461455563949102,0.017279831719551,0.245595700573453,35,0.889866029573718,"Streptococcus porcinus","Species","Streptococcus porcinus","d__Bacteria;p__Bacillota;c__Bacilli;o__Lactobacillales;f__Streptococcaceae;g__Streptococcus_s__Streptococcus_porcinus"
"X1340","PFDA",0.00178232149684821,0.0057011545878546,-0.00991548146568345,0.0134801244593799,0.75696773816096,35,0.978766981221743,"Streptococcus porcinus","Species","Streptococcus porcinus","d__Bacteria;p__Bacillota;c__Bacilli;o__Lactobacillales;f__Streptococcaceae;g__Streptococcus_s__Streptococcus_porcinus"
"X1343","PFHpA",-0.00217130713071335,0.00296048435063221,-0.00824571926490284,0.00390310500347613,0.469617252963098,35,0.889866029573718,"Streptococcus vestibularis","Species","Streptococcus vestibularis","d__Bacteria;p__Bacillota;c__Bacilli;o__Lactobacillales;f__Streptococcaceae;g__Streptococcus_s__Streptococcus_vestibularis"
"X1343","N.MeFOSAA",0.000182403230126622,0.00331072809534846,-0.00661064970767799,0.00697545616793123,0.956468768645859,35,0.985941901719069,"Streptococcus vestibularis","Species","Streptococcus vestibularis","d__Bacteria;p__Bacillota;c__Bacilli;o__Lactobacillales;f__Streptococcaceae;g__Streptococcus_s__Streptococcus_vestibularis"
"X1343","PFBA",0.000323375456161205,0.00335133326423961,-0.00655299240630112,0.00719974331862353,0.92384282823314,35,0.969968177491165,"Streptococcus vestibularis","Species","Streptococcus vestibularis","d__Bacteria;p__Bacillota;c__Bacilli;o__Lactobacillales;f__Streptococcaceae;g__Streptococcus_s__Streptococcus_vestibularis"
"X1343","PFDoA",0.00100444400511503,0.00307562354194831,-0.00530621423545969,0.00731510224568975,0.746502054389317,35,0.970355898058642,"Streptococcus vestibularis","Species","Streptococcus vestibularis","d__Bacteria;p__Bacillota;c__Bacilli;o__Lactobacillales;f__Streptococcaceae;g__Streptococcus_s__Streptococcus_vestibularis"
"X1343","PFDA",0.00191791394306436,0.00309833236343814,-0.0044393389504365,0.00827516683656522,0.541094735665557,35,0.92382028040461,"Streptococcus vestibularis","Species","Streptococcus vestibularis","d__Bacteria;p__Bacillota;c__Bacilli;o__Lactobacillales;f__Streptococcaceae;g__Streptococcus_s__Streptococcus_vestibularis"
"X1345","PFDA",0.00171110939750238,0.00455722618524893,-0.0076395463598944,0.0110617651548992,0.710243406449967,35,0.978766981221743,"Streptococcus ferus","Species","Streptococcus ferus","d__Bacteria;p__Bacillota;c__Bacilli;o__Lactobacillales;f__Streptococcaceae;g__Streptococcus_s__Streptococcus_ferus"
"X1345","PFBA",-0.00289123345807807,0.00487671390836841,-0.0128974238754122,0.00711495695925607,0.558204994633842,35,0.861414136191478,"Streptococcus ferus","Species","Streptococcus ferus","d__Bacteria;p__Bacillota;c__Bacilli;o__Lactobacillales;f__Streptococcaceae;g__Streptococcus_s__Streptococcus_ferus"
"X1345","PFHpA",0.00113481643105654,0.00437269150931509,-0.0078372054469104,0.0101068383090235,0.797199961377713,35,0.982284851222905,"Streptococcus ferus","Species","Streptococcus ferus","d__Bacteria;p__Bacillota;c__Bacilli;o__Lactobacillales;f__Streptococcaceae;g__Streptococcus_s__Streptococcus_ferus"
"X1345","N.MeFOSAA",-0.00187289142347979,0.00483490396169475,-0.0117932949163365,0.00804751206937691,0.701519926239451,35,0.984500466668035,"Streptococcus ferus","Species","Streptococcus ferus","d__Bacteria;p__Bacillota;c__Bacilli;o__Lactobacillales;f__Streptococcaceae;g__Streptococcus_s__Streptococcus_ferus"
"X1345","PFDoA",-0.000971187895747816,0.00450878825765473,-0.0102224572351518,0.00828008144365613,0.831075204556642,35,0.970355898058642,"Streptococcus ferus","Species","Streptococcus ferus","d__Bacteria;p__Bacillota;c__Bacilli;o__Lactobacillales;f__Streptococcaceae;g__Streptococcus_s__Streptococcus_ferus"
"X1346","PFDA",0.00370468855191102,0.00586279562648487,-0.0083247744263978,0.0157341515302198,0.532767994198922,35,0.92382028040461,"Streptococcus iniae","Species","Streptococcus iniae","d__Bacteria;p__Bacillota;c__Bacilli;o__Lactobacillales;f__Streptococcaceae;g__Streptococcus_s__Streptococcus_iniae"
"X1346","N.MeFOSAA",-0.00175889451167931,0.0062577467282059,-0.0145987302130168,0.0110809411896582,0.780795862248406,35,0.984500466668035,"Streptococcus iniae","Species","Streptococcus iniae","d__Bacteria;p__Bacillota;c__Bacilli;o__Lactobacillales;f__Streptococcaceae;g__Streptococcus_s__Streptococcus_iniae"
"X1346","PFBA",0.0051373784313841,0.00626698483927131,-0.00772141230815207,0.0179961691709203,0.419535017226802,35,0.861414136191478,"Streptococcus iniae","Species","Streptococcus iniae","d__Bacteria;p__Bacillota;c__Bacilli;o__Lactobacillales;f__Streptococcaceae;g__Streptococcus_s__Streptococcus_iniae"
"X1346","PFDoA",-0.0061553015893971,0.00571147278913897,-0.0178742757521992,0.00556367257340499,0.290698872441794,35,0.970355898058642,"Streptococcus iniae","Species","Streptococcus iniae","d__Bacteria;p__Bacillota;c__Bacilli;o__Lactobacillales;f__Streptococcaceae;g__Streptococcus_s__Streptococcus_iniae"
"X1346","PFHpA",-0.00314823603313596,0.0056266200884902,-0.0146931068353411,0.00839663476906922,0.580415728451087,35,0.923388658899457,"Streptococcus iniae","Species","Streptococcus iniae","d__Bacteria;p__Bacillota;c__Bacilli;o__Lactobacillales;f__Streptococcaceae;g__Streptococcus_s__Streptococcus_iniae"
"X1349","PFBA",0.00301137982259725,0.0025261103187636,-0.00217177041743764,0.00819453006263213,0.243594110134724,35,0.861414136191478,"Streptococcus uberis","Species","Streptococcus uberis","d__Bacteria;p__Bacillota;c__Bacilli;o__Lactobacillales;f__Streptococcaceae;g__Streptococcus_s__Streptococcus_uberis"
"X1349","PFDoA",0.00320972913583617,0.0023013408509619,-0.00151223225099016,0.0079316905226625,0.174469732601013,35,0.970355898058642,"Streptococcus uberis","Species","Streptococcus uberis","d__Bacteria;p__Bacillota;c__Bacilli;o__Lactobacillales;f__Streptococcaceae;g__Streptococcus_s__Streptococcus_uberis"
"X1349","N.MeFOSAA",-4.55275620453194e-05,0.00256002268687912,-0.00529826023386575,0.00520720510977511,0.985941901719069,35,0.985941901719069,"Streptococcus uberis","Species","Streptococcus uberis","d__Bacteria;p__Bacillota;c__Bacilli;o__Lactobacillales;f__Streptococcaceae;g__Streptococcus_s__Streptococcus_uberis"
"X1349","PFHpA",0.00216779043342068,0.00227381576374275,-0.00249769413948063,0.00683327500632199,0.348859908008212,35,0.889866029573718,"Streptococcus uberis","Species","Streptococcus uberis","d__Bacteria;p__Bacillota;c__Bacilli;o__Lactobacillales;f__Streptococcaceae;g__Streptococcus_s__Streptococcus_uberis"
"X1349","PFDA",0.00310631425380911,0.00233736875334302,-0.00168957028256758,0.00790219879018579,0.19497704226084,35,0.875384362782265,"Streptococcus uberis","Species","Streptococcus uberis","d__Bacteria;p__Bacillota;c__Bacilli;o__Lactobacillales;f__Streptococcaceae;g__Streptococcus_s__Streptococcus_uberis"
"X137838","N.MeFOSAA",0.00887798208999014,0.0047777635992275,-0.000925179063433522,0.0186811432434138,0.0740781153977805,35,0.894411216393901,"Clostridium neonatale","Species","Clostridium neonatale","d__Bacteria;p__Bacillota;c__Clostridia;o__Eubacteriales;f__Clostridiaceae;g__Clostridium_s__Clostridium_neonatale"
"X137838","PFBA",-0.0011213654283524,0.00513236817387406,-0.0116521150693194,0.00940938421261459,0.828691284495685,35,0.964701732189117,"Clostridium neonatale","Species","Clostridium neonatale","d__Bacteria;p__Bacillota;c__Clostridia;o__Eubacteriales;f__Clostridiaceae;g__Clostridium_s__Clostridium_neonatale"
"X137838","PFDA",0.000647888378077421,0.00478023532301843,-0.0091603443336488,0.0104561210898036,0.893194457835601,35,0.98420539314755,"Clostridium neonatale","Species","Clostridium neonatale","d__Bacteria;p__Bacillota;c__Clostridia;o__Eubacteriales;f__Clostridiaceae;g__Clostridium_s__Clostridium_neonatale"
"X137838","PFDoA",0.0048649524641252,0.00462905110584306,-0.00463307585719041,0.0143629807854408,0.302592401235628,35,0.970355898058642,"Clostridium neonatale","Species","Clostridium neonatale","d__Bacteria;p__Bacillota;c__Clostridia;o__Eubacteriales;f__Clostridiaceae;g__Clostridium_s__Clostridium_neonatale"
"X137838","PFHpA",-0.0054139447761843,0.00446196873076009,-0.0145691483815387,0.00374125882917004,0.23550316574721,35,0.889866029573718,"Clostridium neonatale","Species","Clostridium neonatale","d__Bacteria;p__Bacillota;c__Clostridia;o__Eubacteriales;f__Clostridiaceae;g__Clostridium_s__Clostridium_neonatale"
"X1443109","PFDoA",0.000688455978704809,0.00413330847152946,-0.00779239247720581,0.00916930443461543,0.868955069395559,35,0.970355898058642,"Clostridium sp. K25","Species","Clostridium sp. K25","d__Bacteria;p__Bacillota;c__Clostridia;o__Eubacteriales;f__Clostridiaceae;g__Clostridium_s__Clostridium_sp._K25"
"X1443109","PFBA",-0.00118308252195219,0.00449228138466242,-0.0104004825556188,0.00803431751171447,0.794273399748256,35,0.964701732189117,"Clostridium sp. K25","Species","Clostridium sp. K25","d__Bacteria;p__Bacillota;c__Clostridia;o__Eubacteriales;f__Clostridiaceae;g__Clostridium_s__Clostridium_sp._K25"
"X1443109","PFDA",0.00422197269672128,0.00410756945120961,-0.00420606365183278,0.0126500090452753,0.313140183348615,35,0.87738269822755,"Clostridium sp. K25","Species","Clostridium sp. K25","d__Bacteria;p__Bacillota;c__Clostridia;o__Eubacteriales;f__Clostridiaceae;g__Clostridium_s__Clostridium_sp._K25"
"X1443109","PFHpA",0.000581934762547292,0.00401059446655745,-0.00764712535316224,0.00881099487825683,0.885710170997099,35,0.982284851222905,"Clostridium sp. K25","Species","Clostridium sp. K25","d__Bacteria;p__Bacillota;c__Clostridia;o__Eubacteriales;f__Clostridiaceae;g__Clostridium_s__Clostridium_sp._K25"
"X1443109","N.MeFOSAA",0.00670638827689804,0.00425144363130862,-0.00201685350491675,0.0154296300587128,0.126340667243333,35,0.918566105878837,"Clostridium sp. K25","Species","Clostridium sp. K25","d__Bacteria;p__Bacillota;c__Clostridia;o__Eubacteriales;f__Clostridiaceae;g__Clostridium_s__Clostridium_sp._K25"
"X1463165","PFHpA",2.52090460166802e-05,0.00272649541421195,-0.00556909744790696,0.00561951553994032,0.992690882279976,35,0.997942525953315,"Klebsiella quasipneumoniae","Species","Klebsiella quasipneumoniae","d__Bacteria;p__Pseudomonadota;c__Gammaproteobacteria;o__Enterobacterales;f__Enterobacteriaceae;g__Klebsiella_s__Klebsiella_quasipneumoniae"
"X1463165","PFDA",0.00259836291032474,0.00280114003638598,-0.0031491016972667,0.00834582751791619,0.361828970059744,35,0.904572425149359,"Klebsiella quasipneumoniae","Species","Klebsiella quasipneumoniae","d__Bacteria;p__Pseudomonadota;c__Gammaproteobacteria;o__Enterobacterales;f__Enterobacteriaceae;g__Klebsiella_s__Klebsiella_quasipneumoniae"
"X1463165","PFDoA",0.00213049323491607,0.00278020047662407,-0.00357400694495423,0.00783499341478638,0.450140665830863,35,0.970355898058642,"Klebsiella quasipneumoniae","Species","Klebsiella quasipneumoniae","d__Bacteria;p__Pseudomonadota;c__Gammaproteobacteria;o__Enterobacterales;f__Enterobacteriaceae;g__Klebsiella_s__Klebsiella_quasipneumoniae"
"X1463165","N.MeFOSAA",-0.00108467115165861,0.00301208002974433,-0.00726494887476887,0.00509560657145165,0.72156881999576,35,0.984500466668035,"Klebsiella quasipneumoniae","Species","Klebsiella quasipneumoniae","d__Bacteria;p__Pseudomonadota;c__Gammaproteobacteria;o__Enterobacterales;f__Enterobacteriaceae;g__Klebsiella_s__Klebsiella_quasipneumoniae"
"X1463165","PFBA",0.00215020482917508,0.00302855109634874,-0.00406386873103308,0.00836427838938325,0.483805016395658,35,0.861414136191478,"Klebsiella quasipneumoniae","Species","Klebsiella quasipneumoniae","d__Bacteria;p__Pseudomonadota;c__Gammaproteobacteria;o__Enterobacterales;f__Enterobacteriaceae;g__Klebsiella_s__Klebsiella_quasipneumoniae"
"X1494","PFBA",0.00196588514199339,0.00433493615449989,-0.00692866914680317,0.01086043943079,0.65381410623037,35,0.934020151757671,"Clostridium cochlearium","Species","Clostridium cochlearium","d__Bacteria;p__Bacillota;c__Clostridia;o__Eubacteriales;f__Clostridiaceae;g__Clostridium_s__Clostridium_cochlearium"
"X1494","PFDA",0.00716607441667904,0.0038086632470248,-0.00064865706056334,0.0149808058939214,0.0707245157408495,35,0.660095480247929,"Clostridium cochlearium","Species","Clostridium cochlearium","d__Bacteria;p__Bacillota;c__Clostridia;o__Eubacteriales;f__Clostridiaceae;g__Clostridium_s__Clostridium_cochlearium"
"X1494","PFHpA",0.00183435713028371,0.00386527686991107,-0.00609653590604521,0.00976525016661263,0.638907183775494,35,0.932817907439746,"Clostridium cochlearium","Species","Clostridium cochlearium","d__Bacteria;p__Bacillota;c__Clostridia;o__Eubacteriales;f__Clostridiaceae;g__Clostridium_s__Clostridium_cochlearium"
"X1494","N.MeFOSAA",0.00617431687696453,0.00413068143801463,-0.00230114135141255,0.0146497751053416,0.146577753259572,35,0.918566105878837,"Clostridium cochlearium","Species","Clostridium cochlearium","d__Bacteria;p__Bacillota;c__Clostridia;o__Eubacteriales;f__Clostridiaceae;g__Clostridium_s__Clostridium_cochlearium"
"X1494","PFDoA",0.00218658586638924,0.00397842632778715,-0.00597647068053303,0.0103496424133115,0.587104170591273,35,0.970355898058642,"Clostridium cochlearium","Species","Clostridium cochlearium","d__Bacteria;p__Bacillota;c__Clostridia;o__Eubacteriales;f__Clostridiaceae;g__Clostridium_s__Clostridium_cochlearium"
"X1501","N.MeFOSAA",0.000951872054985267,0.00260905380806502,-0.00440146416754163,0.00630520827751217,0.718077360912976,35,0.984500466668035,"Clostridium pasteurianum","Species","Clostridium pasteurianum","d__Bacteria;p__Bacillota;c__Clostridia;o__Eubacteriales;f__Clostridiaceae;g__Clostridium_s__Clostridium_pasteurianum"
"X1501","PFDA",-0.00194242518221424,0.00243634132579137,-0.00694138466303501,0.00305653429860653,0.432249252409215,35,0.92382028040461,"Clostridium pasteurianum","Species","Clostridium pasteurianum","d__Bacteria;p__Bacillota;c__Clostridia;o__Eubacteriales;f__Clostridiaceae;g__Clostridium_s__Clostridium_pasteurianum"
"X1501","PFBA",-0.00210798034449143,0.00261660075672509,-0.00747680162658537,0.00326084093760251,0.42750163810679,35,0.861414136191478,"Clostridium pasteurianum","Species","Clostridium pasteurianum","d__Bacteria;p__Bacillota;c__Clostridia;o__Eubacteriales;f__Clostridiaceae;g__Clostridium_s__Clostridium_pasteurianum"
"X1501","PFDoA",0.000463790596469842,0.0024327648230411,-0.00452783050686564,0.00545541169980533,0.850231210829377,35,0.970355898058642,"Clostridium pasteurianum","Species","Clostridium pasteurianum","d__Bacteria;p__Bacillota;c__Clostridia;o__Eubacteriales;f__Clostridiaceae;g__Clostridium_s__Clostridium_pasteurianum"
"X1501","PFHpA",-0.0020013213370557,0.00233021824071472,-0.00678253423341317,0.00277989155930177,0.397981121130471,35,0.889866029573718,"Clostridium pasteurianum","Species","Clostridium pasteurianum","d__Bacteria;p__Bacillota;c__Clostridia;o__Eubacteriales;f__Clostridiaceae;g__Clostridium_s__Clostridium_pasteurianum"
"X1502","PFBA",-0.00112141548444441,0.00276108731599635,-0.00678669869807237,0.00454386772918355,0.687833556045351,35,0.934919396566496,"Clostridium perfringens","Species","Clostridium perfringens","d__Bacteria;p__Bacillota;c__Clostridia;o__Eubacteriales;f__Clostridiaceae;g__Clostridium_s__Clostridium_perfringens"
"X1502","PFHpA",-0.000964379999203292,0.00246335836499258,-0.00601877386552206,0.00409001386711547,0.69850782236821,35,0.932817907439746,"Clostridium perfringens","Species","Clostridium perfringens","d__Bacteria;p__Bacillota;c__Clostridia;o__Eubacteriales;f__Clostridiaceae;g__Clostridium_s__Clostridium_perfringens"
"X1502","PFDA",0.00180119959256725,0.00255468128176258,-0.00344057342123418,0.00704297260636868,0.486812183280744,35,0.92382028040461,"Clostridium perfringens","Species","Clostridium perfringens","d__Bacteria;p__Bacillota;c__Clostridia;o__Eubacteriales;f__Clostridiaceae;g__Clostridium_s__Clostridium_perfringens"
"X1502","N.MeFOSAA",-0.00170872927091195,0.00271579859108008,-0.00728108769670422,0.00386362915488031,0.534518244292712,35,0.984500466668035,"Clostridium perfringens","Species","Clostridium perfringens","d__Bacteria;p__Bacillota;c__Clostridia;o__Eubacteriales;f__Clostridiaceae;g__Clostridium_s__Clostridium_perfringens"
"X1502","PFDoA",-0.00496478840396823,0.00236017249791824,-0.00980746235935438,-0.000122114448582083,0.0448704330842807,35,0.970355898058642,"Clostridium perfringens","Species","Clostridium perfringens","d__Bacteria;p__Bacillota;c__Clostridia;o__Eubacteriales;f__Clostridiaceae;g__Clostridium_s__Clostridium_perfringens"
"X151276","PFBA",-0.00346855924934002,0.00331296084259572,-0.0102661934060822,0.00332907490740212,0.304397559103767,35,0.861414136191478,"Bacteroides coprosuis","Species","Bacteroides coprosuis","d__Bacteria;p__Bacteroidota;c__Bacteroidia;o__Bacteroidales;f__Bacteroidaceae;g__Bacteroides_s__Bacteroides_coprosuis"
"X151276","PFDA",-0.000638528371834048,0.00314355993070121,-0.00708858056803144,0.00581152382436335,0.840562162041604,35,0.978766981221743,"Bacteroides coprosuis","Species","Bacteroides coprosuis","d__Bacteria;p__Bacteroidota;c__Bacteroidia;o__Bacteroidales;f__Bacteroidaceae;g__Bacteroides_s__Bacteroides_coprosuis"
"X151276","PFDoA",-0.0024884504196605,0.00306996601640399,-0.00878750037667562,0.00381059953735462,0.424694859568027,35,0.970355898058642,"Bacteroides coprosuis","Species","Bacteroides coprosuis","d__Bacteria;p__Bacteroidota;c__Bacteroidia;o__Bacteroidales;f__Bacteroidaceae;g__Bacteroides_s__Bacteroides_coprosuis"
"X151276","PFHpA",0.000486131713338956,0.00301302299194906,-0.00569608080839887,0.00666834423507678,0.873024102339498,35,0.982284851222905,"Bacteroides coprosuis","Species","Bacteroides coprosuis","d__Bacteria;p__Bacteroidota;c__Bacteroidia;o__Bacteroidales;f__Bacteroidaceae;g__Bacteroides_s__Bacteroides_coprosuis"
"X151276","N.MeFOSAA",0.000746275600377568,0.00333511542204683,-0.00609681599856214,0.00758936719931728,0.824626182425971,35,0.985941901719069,"Bacteroides coprosuis","Species","Bacteroides coprosuis","d__Bacteria;p__Bacteroidota;c__Bacteroidia;o__Bacteroidales;f__Bacteroidaceae;g__Bacteroides_s__Bacteroides_coprosuis"
"X1519","PFDoA",-0.000131324107127336,0.00361266985245071,-0.00754391035635402,0.00728126214209935,0.971269926417123,35,0.988937634223238,"Clostridium tyrobutyricum","Species","Clostridium tyrobutyricum","d__Bacteria;p__Bacillota;c__Clostridia;o__Eubacteriales;f__Clostridiaceae;g__Clostridium_s__Clostridium_tyrobutyricum"
"X1519","PFBA",0.00532239864101037,0.00379369622417951,-0.00246162304201718,0.0131064203240379,0.172024623369069,35,0.861414136191478,"Clostridium tyrobutyricum","Species","Clostridium tyrobutyricum","d__Bacteria;p__Bacillota;c__Clostridia;o__Eubacteriales;f__Clostridiaceae;g__Clostridium_s__Clostridium_tyrobutyricum"
"X1519","PFHpA",-0.00590559782904468,0.00331568608010109,-0.012708823711265,0.000897628053175629,0.0861492069407706,35,0.889866029573718,"Clostridium tyrobutyricum","Species","Clostridium tyrobutyricum","d__Bacteria;p__Bacillota;c__Clostridia;o__Eubacteriales;f__Clostridiaceae;g__Clostridium_s__Clostridium_tyrobutyricum"
"X1519","PFDA",0.00802800406712364,0.00331565972070039,0.00122483226992608,0.0148311758643212,0.0224628116804931,35,0.646662622578676,"Clostridium tyrobutyricum","Species","Clostridium tyrobutyricum","d__Bacteria;p__Bacillota;c__Clostridia;o__Eubacteriales;f__Clostridiaceae;g__Clostridium_s__Clostridium_tyrobutyricum"
"X1519","N.MeFOSAA",0.00633530761475257,0.00368502081155921,-0.00122573054026956,0.0138963457697747,0.0970234160020468,35,0.905551882685771,"Clostridium tyrobutyricum","Species","Clostridium tyrobutyricum","d__Bacteria;p__Bacillota;c__Clostridia;o__Eubacteriales;f__Clostridiaceae;g__Clostridium_s__Clostridium_tyrobutyricum"
"X1520","PFDA",0.00435836522788708,0.00619881332569456,-0.00836054911973766,0.0170772795755118,0.488014280313347,35,0.92382028040461,"Clostridium beijerinckii","Species","Clostridium beijerinckii","d__Bacteria;p__Bacillota;c__Clostridia;o__Eubacteriales;f__Clostridiaceae;g__Clostridium_s__Clostridium_beijerinckii"
"X1520","N.MeFOSAA",0.00225740783284283,0.00662332393030667,-0.0113325303278945,0.0158473459935802,0.735871707822207,35,0.984500466668035,"Clostridium beijerinckii","Species","Clostridium beijerinckii","d__Bacteria;p__Bacillota;c__Clostridia;o__Eubacteriales;f__Clostridiaceae;g__Clostridium_s__Clostridium_beijerinckii"
"X1520","PFBA",0.00583104070572513,0.00662538112513206,-0.00776311847013331,0.0194251998815836,0.386568417262658,35,0.861414136191478,"Clostridium beijerinckii","Species","Clostridium beijerinckii","d__Bacteria;p__Bacillota;c__Clostridia;o__Eubacteriales;f__Clostridiaceae;g__Clostridium_s__Clostridium_beijerinckii"
"X1520","PFDoA",0.00326083349327895,0.00614606876665653,-0.00934985795853327,0.0158715249450912,0.600063592848877,35,0.970355898058642,"Clostridium beijerinckii","Species","Clostridium beijerinckii","d__Bacteria;p__Bacillota;c__Clostridia;o__Eubacteriales;f__Clostridiaceae;g__Clostridium_s__Clostridium_beijerinckii"
"X1520","PFHpA",-0.000528452428561949,0.00599299934070721,-0.0128250713610712,0.0117681665039473,0.930385754777672,35,0.982284851222905,"Clostridium beijerinckii","Species","Clostridium beijerinckii","d__Bacteria;p__Bacillota;c__Clostridia;o__Eubacteriales;f__Clostridiaceae;g__Clostridium_s__Clostridium_beijerinckii"
"X1548","PFDoA",-0.00369216304646082,0.00410804836596277,-0.0121211820469202,0.00473685595399856,0.376724448094511,35,0.970355898058642,"Clostridium scatologenes","Species","Clostridium scatologenes","d__Bacteria;p__Bacillota;c__Clostridia;o__Eubacteriales;f__Clostridiaceae;g__Clostridium_s__Clostridium_scatologenes"
"X1548","PFHpA",0.00437597243927095,0.00395612786675756,-0.00374133144484025,0.0124932763233822,0.27843101358717,35,0.889866029573718,"Clostridium scatologenes","Species","Clostridium scatologenes","d__Bacteria;p__Bacillota;c__Clostridia;o__Eubacteriales;f__Clostridiaceae;g__Clostridium_s__Clostridium_scatologenes"
"X1548","PFDA",-0.00549887292686013,0.00408639078364486,-0.0138834542390064,0.00288570838528617,0.189605966649326,35,0.875384362782265,"Clostridium scatologenes","Species","Clostridium scatologenes","d__Bacteria;p__Bacillota;c__Clostridia;o__Eubacteriales;f__Clostridiaceae;g__Clostridium_s__Clostridium_scatologenes"
"X1548","N.MeFOSAA",-0.00967859107621856,0.00407349003609141,-0.0180367022408493,-0.00132047991158783,0.024856825046442,35,0.579992584416979,"Clostridium scatologenes","Species","Clostridium scatologenes","d__Bacteria;p__Bacillota;c__Clostridia;o__Eubacteriales;f__Clostridiaceae;g__Clostridium_s__Clostridium_scatologenes"
"X1548","PFBA",-0.00303293675783522,0.00449688797063488,-0.012259788725177,0.00619391520950651,0.505758076254337,35,0.861414136191478,"Clostridium scatologenes","Species","Clostridium scatologenes","d__Bacteria;p__Bacillota;c__Clostridia;o__Eubacteriales;f__Clostridiaceae;g__Clostridium_s__Clostridium_scatologenes"
"X1561","PFDoA",0.00178842346459094,0.00317054004602753,-0.00471698735557115,0.00829383428475303,0.57735885591377,35,0.970355898058642,"Clostridium baratii","Species","Clostridium baratii","d__Bacteria;p__Bacillota;c__Clostridia;o__Eubacteriales;f__Clostridiaceae;g__Clostridium_s__Clostridium_baratii"
"X1561","PFBA",-0.000785788401152573,0.00346551170378139,-0.0078964310701908,0.00632485426788566,0.822329798431638,35,0.964701732189117,"Clostridium baratii","Species","Clostridium baratii","d__Bacteria;p__Bacillota;c__Clostridia;o__Eubacteriales;f__Clostridiaceae;g__Clostridium_s__Clostridium_baratii"
"X1561","PFDA",-0.000583198825723051,0.00322710828597656,-0.00720467808687615,0.00603828043543005,0.857938060351783,35,0.978766981221743,"Clostridium baratii","Species","Clostridium baratii","d__Bacteria;p__Bacillota;c__Clostridia;o__Eubacteriales;f__Clostridiaceae;g__Clostridium_s__Clostridium_baratii"
"X1561","N.MeFOSAA",-0.000342322001712798,0.00342574961525802,-0.0073713796041198,0.0066867356006942,0.921141228809676,35,0.985941901719069,"Clostridium baratii","Species","Clostridium baratii","d__Bacteria;p__Bacillota;c__Clostridia;o__Eubacteriales;f__Clostridiaceae;g__Clostridium_s__Clostridium_baratii"
"X1561","PFHpA",0.00485814255255657,0.0029494621770652,-0.00119365394955018,0.0109099390546633,0.111122975487994,35,0.889866029573718,"Clostridium baratii","Species","Clostridium baratii","d__Bacteria;p__Bacillota;c__Clostridia;o__Eubacteriales;f__Clostridiaceae;g__Clostridium_s__Clostridium_baratii"
"X158836","PFDA",-0.00509154711160825,0.0038199772909381,-0.0129294930894167,0.00274639886620024,0.193712239021946,35,0.875384362782265,"Enterobacter hormaechei","Species","Enterobacter hormaechei","d__Bacteria;p__Pseudomonadota;c__Gammaproteobacteria;o__Enterobacterales;f__Enterobacteriaceae;g__Enterobacter_s__Enterobacter_hormaechei"
"X158836","N.MeFOSAA",-0.00731612141752631,0.00394065789231227,-0.0154016835359815,0.000769440700928887,0.0743151314783834,35,0.894411216393901,"Enterobacter hormaechei","Species","Enterobacter hormaechei","d__Bacteria;p__Pseudomonadota;c__Gammaproteobacteria;o__Enterobacterales;f__Enterobacteriaceae;g__Enterobacter_s__Enterobacter_hormaechei"
"X158836","PFBA",0.00573503548762108,0.00409015749407286,-0.00265727447592814,0.0141273454511703,0.17226190293407,35,0.861414136191478,"Enterobacter hormaechei","Species","Enterobacter hormaechei","d__Bacteria;p__Pseudomonadota;c__Gammaproteobacteria;o__Enterobacterales;f__Enterobacteriaceae;g__Enterobacter_s__Enterobacter_hormaechei"
"X158836","PFDoA",-0.00651525400417078,0.00368758726948063,-0.0140815580958753,0.00105105008753379,0.0885647663387009,35,0.970355898058642,"Enterobacter hormaechei","Species","Enterobacter hormaechei","d__Bacteria;p__Pseudomonadota;c__Gammaproteobacteria;o__Enterobacterales;f__Enterobacteriaceae;g__Enterobacter_s__Enterobacter_hormaechei"
"X158836","PFHpA",0.00476845374380338,0.00366570010939755,-0.00275294160492364,0.0122898490925304,0.204309632474056,35,0.889866029573718,"Enterobacter hormaechei","Species","Enterobacter hormaechei","d__Bacteria;p__Pseudomonadota;c__Gammaproteobacteria;o__Enterobacterales;f__Enterobacteriaceae;g__Enterobacter_s__Enterobacter_hormaechei"
"X166486","PFDA",-0.00448110779626204,0.00300391333900765,-0.0106446288541001,0.00168241326157605,0.147355662506818,35,0.875384362782265,"Roseburia intestinalis","Species","Roseburia intestinalis","d__Bacteria;p__Bacillota;c__Clostridia;o__Lachnospirales;f__Lachnospiraceae;g__Roseburia_s__Roseburia_intestinalis"
"X166486","PFDoA",0.000914339909257342,0.00308162385295541,-0.00540862995255013,0.00723730977106481,0.768960612228441,35,0.970355898058642,"Roseburia intestinalis","Species","Roseburia intestinalis","d__Bacteria;p__Bacillota;c__Clostridia;o__Lachnospirales;f__Lachnospiraceae;g__Roseburia_s__Roseburia_intestinalis"
"X166486","PFBA",-0.00200215186096038,0.00333511223434438,-0.00884523691927492,0.00484093319735416,0.553295510543865,35,0.861414136191478,"Roseburia intestinalis","Species","Roseburia intestinalis","d__Bacteria;p__Bacillota;c__Clostridia;o__Lachnospirales;f__Lachnospiraceae;g__Roseburia_s__Roseburia_intestinalis"
"X166486","PFHpA",0.00218957404581018,0.0029648382005857,-0.00389377145057807,0.00827291954219842,0.466573776426708,35,0.889866029573718,"Roseburia intestinalis","Species","Roseburia intestinalis","d__Bacteria;p__Bacillota;c__Clostridia;o__Lachnospirales;f__Lachnospiraceae;g__Roseburia_s__Roseburia_intestinalis"
"X166486","N.MeFOSAA",0.00302597516080385,0.00326470163726202,-0.00367263928573352,0.00972458960734122,0.362202381433942,35,0.977832702814871,"Roseburia intestinalis","Species","Roseburia intestinalis","d__Bacteria;p__Bacillota;c__Clostridia;o__Lachnospirales;f__Lachnospiraceae;g__Roseburia_s__Roseburia_intestinalis"
"X1680","PFDA",-0.00159115916739664,0.00205773897673708,-0.00581329079481669,0.00263097246002342,0.446088269975904,35,0.92382028040461,"Bifidobacterium adolescentis","Species","Bifidobacterium adolescentis","d__Bacteria;p__Actinomycetota;c__Actinomycetes;o__Bifidobacteriales;f__Bifidobacteriaceae;g__Bifidobacterium_s__Bifidobacterium_adolescentis"
"X1680","N.MeFOSAA",-0.00210597146958826,0.00217000512176773,-0.00655845419934982,0.00234651126017329,0.340415854093721,35,0.97261672598206,"Bifidobacterium adolescentis","Species","Bifidobacterium adolescentis","d__Bacteria;p__Actinomycetota;c__Actinomycetes;o__Bifidobacteriales;f__Bifidobacteriaceae;g__Bifidobacterium_s__Bifidobacterium_adolescentis"
"X1680","PFBA",0.000252203556009137,0.00223433659222841,-0.00433227644801369,0.00483668356003196,0.910963734812217,35,0.969968177491165,"Bifidobacterium adolescentis","Species","Bifidobacterium adolescentis","d__Bacteria;p__Actinomycetota;c__Actinomycetes;o__Bifidobacteriales;f__Bifidobacteriaceae;g__Bifidobacterium_s__Bifidobacterium_adolescentis"
"X1680","PFDoA",0.00130335042119189,0.00203932951303144,-0.00288100810680491,0.00548770894918869,0.528138389089909,35,0.970355898058642,"Bifidobacterium adolescentis","Species","Bifidobacterium adolescentis","d__Bacteria;p__Actinomycetota;c__Actinomycetes;o__Bifidobacteriales;f__Bifidobacteriaceae;g__Bifidobacterium_s__Bifidobacterium_adolescentis"
"X1680","PFHpA",-0.000317913563220958,0.00199250931498399,-0.00440620498007633,0.00377037785363442,0.874419733966337,35,0.982284851222905,"Bifidobacterium adolescentis","Species","Bifidobacterium adolescentis","d__Bacteria;p__Actinomycetota;c__Actinomycetes;o__Bifidobacteriales;f__Bifidobacteriaceae;g__Bifidobacterium_s__Bifidobacterium_adolescentis"
"X1686399","PFBA",-0.00566533146023236,0.00338842622046779,-0.0126178077822301,0.0012871448617654,0.106082423334756,35,0.861414136191478,"Enterobacter sp. BIDMC100","Species","Enterobacter sp. BIDMC100","d__Bacteria;p__Pseudomonadota;c__Gammaproteobacteria;o__Enterobacterales;f__Enterobacteriaceae;g__Enterobacter_s__Enterobacter_sp._BIDMC100"
"X1686399","PFDA",0.00665404933956255,0.00305604473260522,0.000383563497474328,0.0129245351816508,0.0383673730616706,35,0.660095480247929,"Enterobacter sp. BIDMC100","Species","Enterobacter sp. BIDMC100","d__Bacteria;p__Pseudomonadota;c__Gammaproteobacteria;o__Enterobacterales;f__Enterobacteriaceae;g__Enterobacter_s__Enterobacter_sp._BIDMC100"
"X1686399","PFHpA",0.00070769995132314,0.00317208838294896,-0.00580088779378414,0.00721628769643042,0.825135255399346,35,0.982284851222905,"Enterobacter sp. BIDMC100","Species","Enterobacter sp. BIDMC100","d__Bacteria;p__Pseudomonadota;c__Gammaproteobacteria;o__Enterobacterales;f__Enterobacteriaceae;g__Enterobacter_s__Enterobacter_sp._BIDMC100"
"X1686399","N.MeFOSAA",0.00021201225909575,0.00351574570983408,-0.00700170207652645,0.00742572659471795,0.952357958583091,35,0.985941901719069,"Enterobacter sp. BIDMC100","Species","Enterobacter sp. BIDMC100","d__Bacteria;p__Pseudomonadota;c__Gammaproteobacteria;o__Enterobacterales;f__Enterobacteriaceae;g__Enterobacter_s__Enterobacter_sp._BIDMC100"
"X1686399","PFDoA",-0.00232987271777228,0.00324170039270805,-0.00898129250881678,0.00432154707327223,0.478488185096396,35,0.970355898058642,"Enterobacter sp. BIDMC100","Species","Enterobacter sp. BIDMC100","d__Bacteria;p__Pseudomonadota;c__Gammaproteobacteria;o__Enterobacterales;f__Enterobacteriaceae;g__Enterobacter_s__Enterobacter_sp._BIDMC100"
"X1691","N.MeFOSAA",0.00716160056465963,0.0036877164028872,-0.000404968486909222,0.0147281696162285,0.06263539543732,35,0.894411216393901,"Bifidobacterium indicum","Species","Bifidobacterium indicum","d__Bacteria;p__Actinomycetota;c__Actinomycetes;o__Bifidobacteriales;f__Bifidobacteriaceae;g__Bifidobacterium_s__Bifidobacterium_indicum"
"X1691","PFBA",-0.00374341338316122,0.0039199517335028,-0.0117864899730921,0.00429966320676962,0.348068344023081,35,0.861414136191478,"Bifidobacterium indicum","Species","Bifidobacterium indicum","d__Bacteria;p__Actinomycetota;c__Actinomycetes;o__Bifidobacteriales;f__Bifidobacteriaceae;g__Bifidobacterium_s__Bifidobacterium_indicum"
"X1691","PFDoA",-0.00170818845082223,0.00364952154710637,-0.00919638813172742,0.00578001123008295,0.643499386146742,35,0.970355898058642,"Bifidobacterium indicum","Species","Bifidobacterium indicum","d__Bacteria;p__Actinomycetota;c__Actinomycetes;o__Bifidobacteriales;f__Bifidobacteriaceae;g__Bifidobacterium_s__Bifidobacterium_indicum"
"X1691","PFHpA",0.00366572715294412,0.00348436836101557,-0.00348360618084602,0.0108150604867343,0.302101937939357,35,0.889866029573718,"Bifidobacterium indicum","Species","Bifidobacterium indicum","d__Bacteria;p__Actinomycetota;c__Actinomycetes;o__Bifidobacteriales;f__Bifidobacteriaceae;g__Bifidobacterium_s__Bifidobacterium_indicum"
"X1691","PFDA",0.00165233774843748,0.00369648105331573,-0.00593221488034693,0.0092368903772219,0.658438213892412,35,0.970329999420396,"Bifidobacterium indicum","Species","Bifidobacterium indicum","d__Bacteria;p__Actinomycetota;c__Actinomycetes;o__Bifidobacteriales;f__Bifidobacteriaceae;g__Bifidobacterium_s__Bifidobacterium_indicum"
"X1702238","PFBA",-0.00510422171192619,0.0045432831702866,-0.0144262687657315,0.00421782534187915,0.271130224083843,35,0.861414136191478,"Clostridium sp. MF28","Species","Clostridium sp. MF28","d__Bacteria;p__Bacillota;c__Clostridia;o__Eubacteriales;f__Clostridiaceae;g__Clostridium_s__Clostridium_sp._MF28"
"X1702238","PFDA",-0.00404515993008738,0.00425638667219209,-0.0127785439940311,0.00468822413385633,0.350352436544879,35,0.904572425149359,"Clostridium sp. MF28","Species","Clostridium sp. MF28","d__Bacteria;p__Bacillota;c__Clostridia;o__Eubacteriales;f__Clostridiaceae;g__Clostridium_s__Clostridium_sp._MF28"
"X1702238","PFDoA",-0.00496220076510772,0.00416547013415475,-0.0135090395018537,0.00358463797163823,0.243914701406659,35,0.970355898058642,"Clostridium sp. MF28","Species","Clostridium sp. MF28","d__Bacteria;p__Bacillota;c__Clostridia;o__Eubacteriales;f__Clostridiaceae;g__Clostridium_s__Clostridium_sp._MF28"
"X1702238","PFHpA",0.00153763091800906,0.0041355732692921,-0.00694786451906461,0.0100231263550827,0.712939400686091,35,0.932817907439746,"Clostridium sp. MF28","Species","Clostridium sp. MF28","d__Bacteria;p__Bacillota;c__Clostridia;o__Eubacteriales;f__Clostridiaceae;g__Clostridium_s__Clostridium_sp._MF28"
"X1702238","N.MeFOSAA",0.00183616756492207,0.00457779230720337,-0.00755668638910649,0.0112290215189506,0.69150086139472,35,0.984500466668035,"Clostridium sp. MF28","Species","Clostridium sp. MF28","d__Bacteria;p__Bacillota;c__Clostridia;o__Eubacteriales;f__Clostridiaceae;g__Clostridium_s__Clostridium_sp._MF28"
"X1814128","N.MeFOSAA",0.0037205643230323,0.00592159613766922,-0.0084295473385092,0.0158706759845738,0.535083788627362,35,0.984500466668035,"Streptococcus halotolerans","Species","Streptococcus halotolerans","d__Bacteria;p__Bacillota;c__Bacilli;o__Lactobacillales;f__Streptococcaceae;g__Streptococcus_s__Streptococcus_halotolerans"
"X1814128","PFBA",0.00413719948227486,0.00598586505496107,-0.00814478110502721,0.0164191800695769,0.495364187859553,35,0.861414136191478,"Streptococcus halotolerans","Species","Streptococcus halotolerans","d__Bacteria;p__Bacillota;c__Bacilli;o__Lactobacillales;f__Streptococcaceae;g__Streptococcus_s__Streptococcus_halotolerans"
"X1814128","PFDA",0.00303657237458246,0.00559076389154084,-0.0084347275885171,0.014507872337682,0.591489062896679,35,0.941005327335625,"Streptococcus halotolerans","Species","Streptococcus halotolerans","d__Bacteria;p__Bacillota;c__Bacilli;o__Lactobacillales;f__Streptococcaceae;g__Streptococcus_s__Streptococcus_halotolerans"
"X1814128","PFDoA",-0.00397138262399542,0.00549891702120883,-0.0152542283757046,0.00731146312771373,0.47637338216584,35,0.970355898058642,"Streptococcus halotolerans","Species","Streptococcus halotolerans","d__Bacteria;p__Bacillota;c__Bacilli;o__Lactobacillales;f__Streptococcaceae;g__Streptococcus_s__Streptococcus_halotolerans"
"X1814128","PFHpA",-0.00550043540074387,0.00528124079952258,-0.016336646438085,0.0053357756365973,0.306878193371726,35,0.889866029573718,"Streptococcus halotolerans","Species","Streptococcus halotolerans","d__Bacteria;p__Bacillota;c__Bacilli;o__Lactobacillales;f__Streptococcaceae;g__Streptococcus_s__Streptococcus_halotolerans"
"X1827481","PFBA",-0.00255369524065117,0.00366278087690664,-0.0100691008190686,0.0049617103377663,0.491637046816923,35,0.861414136191478,"Enterobacter sp. ODB01","Species","Enterobacter sp. ODB01","d__Bacteria;p__Pseudomonadota;c__Gammaproteobacteria;o__Enterobacterales;f__Enterobacteriaceae;g__Enterobacter_s__Enterobacter_sp._ODB01"
"X1827481","PFHpA",0.00445274313454966,0.00318306489069021,-0.0020783665441055,0.0109838528132048,0.173230267695049,35,0.889866029573718,"Enterobacter sp. ODB01","Species","Enterobacter sp. ODB01","d__Bacteria;p__Pseudomonadota;c__Gammaproteobacteria;o__Enterobacterales;f__Enterobacteriaceae;g__Enterobacter_s__Enterobacter_sp._ODB01"
"X1827481","N.MeFOSAA",-0.00393113952874089,0.00357114643933197,-0.0112585267717821,0.00339624771430036,0.280698589264719,35,0.918566105878837,"Enterobacter sp. ODB01","Species","Enterobacter sp. ODB01","d__Bacteria;p__Pseudomonadota;c__Gammaproteobacteria;o__Enterobacterales;f__Enterobacteriaceae;g__Enterobacter_s__Enterobacter_sp._ODB01"
"X1827481","PFDA",0.00241533256235234,0.00340863130255633,-0.00457860116366269,0.00940926628836736,0.484650518727569,35,0.92382028040461,"Enterobacter sp. ODB01","Species","Enterobacter sp. ODB01","d__Bacteria;p__Pseudomonadota;c__Gammaproteobacteria;o__Enterobacterales;f__Enterobacteriaceae;g__Enterobacter_s__Enterobacter_sp._ODB01"
"X1827481","PFDoA",0.00251058494905988,0.00336314959053925,-0.00439002801229672,0.00941119791041648,0.461817614073706,35,0.970355898058642,"Enterobacter sp. ODB01","Species","Enterobacter sp. ODB01","d__Bacteria;p__Pseudomonadota;c__Gammaproteobacteria;o__Enterobacterales;f__Enterobacteriaceae;g__Enterobacter_s__Enterobacter_sp._ODB01"
"X182773","N.MeFOSAA",0.00501282273354865,0.00396834120542544,-0.00312954085154943,0.0131551863186467,0.217315745571393,35,0.918566105878837,"Clostridium isatidis","Species","Clostridium isatidis","d__Bacteria;p__Bacillota;c__Clostridia;o__Eubacteriales;f__Clostridiaceae;g__Clostridium_s__Clostridium_isatidis"
"X182773","PFBA",-0.0030970782450187,0.00409130180181716,-0.0114917361341179,0.00529757964408052,0.455610886374083,35,0.861414136191478,"Clostridium isatidis","Species","Clostridium isatidis","d__Bacteria;p__Bacillota;c__Clostridia;o__Eubacteriales;f__Clostridiaceae;g__Clostridium_s__Clostridium_isatidis"
"X182773","PFHpA",0.00286375863737901,0.00364645826273419,-0.00461815570317068,0.0103456729779287,0.439083971973775,35,0.889866029573718,"Clostridium isatidis","Species","Clostridium isatidis","d__Bacteria;p__Bacillota;c__Clostridia;o__Eubacteriales;f__Clostridiaceae;g__Clostridium_s__Clostridium_isatidis"
"X182773","PFDoA",0.000583762001620237,0.0037995217934288,-0.00721221276216888,0.00837973676540935,0.879035464867978,35,0.970355898058642,"Clostridium isatidis","Species","Clostridium isatidis","d__Bacteria;p__Bacillota;c__Clostridia;o__Eubacteriales;f__Clostridiaceae;g__Clostridium_s__Clostridium_isatidis"
"X182773","PFDA",0.00254475584682532,0.00381744446908618,-0.00528799320981457,0.0103775049034652,0.51067641738306,35,0.92382028040461,"Clostridium isatidis","Species","Clostridium isatidis","d__Bacteria;p__Bacillota;c__Clostridia;o__Eubacteriales;f__Clostridiaceae;g__Clostridium_s__Clostridium_isatidis"
"X1839799","PFDoA",-0.00242509668770679,0.00354889726764386,-0.00970683240131196,0.00485663902589839,0.500215675974204,35,0.970355898058642,"Streptococcus sp. FDAARGOS_192","Species","Streptococcus sp. FDAARGOS_192","d__Bacteria;p__Bacillota;c__Bacilli;o__Lactobacillales;f__Streptococcaceae;g__Streptococcus_s__Streptococcus_sp._FDAARGOS_192"
"X1839799","PFHpA",-0.000283898779930827,0.00347232364281271,-0.00740851839334993,0.00684072083348828,0.935440292931186,35,0.982284851222905,"Streptococcus sp. FDAARGOS_192","Species","Streptococcus sp. FDAARGOS_192","d__Bacteria;p__Bacillota;c__Bacilli;o__Lactobacillales;f__Streptococcaceae;g__Streptococcus_s__Streptococcus_sp._FDAARGOS_192"
"X1839799","PFDA",0.00642251586425176,0.00340694903491751,-0.000567966133685046,0.0134129978621886,0.0702185571204085,35,0.660095480247929,"Streptococcus sp. FDAARGOS_192","Species","Streptococcus sp. FDAARGOS_192","d__Bacteria;p__Bacillota;c__Bacilli;o__Lactobacillales;f__Streptococcaceae;g__Streptococcus_s__Streptococcus_sp._FDAARGOS_192"
"X1839799","N.MeFOSAA",0.00145282918982542,0.00383552289503387,-0.00641701373286387,0.00932267211251472,0.70781165578908,35,0.984500466668035,"Streptococcus sp. FDAARGOS_192","Species","Streptococcus sp. FDAARGOS_192","d__Bacteria;p__Bacillota;c__Bacilli;o__Lactobacillales;f__Streptococcaceae;g__Streptococcus_s__Streptococcus_sp._FDAARGOS_192"
"X1839799","PFBA",-0.000412557299805675,0.00389250935491838,-0.00839932677991219,0.00757421218030084,0.916375815969084,35,0.969968177491165,"Streptococcus sp. FDAARGOS_192","Species","Streptococcus sp. FDAARGOS_192","d__Bacteria;p__Bacillota;c__Bacilli;o__Lactobacillales;f__Streptococcaceae;g__Streptococcus_s__Streptococcus_sp._FDAARGOS_192"
"X1912897","PFBA",-0.00260078400445953,0.00230272448834514,-0.00732558438069254,0.00212401637177347,0.268648053710336,35,0.861414136191478,"Blautia argi","Species","Blautia argi","d__Bacteria;p__Bacillota;c__Clostridia;o__Lachnospirales;f__Lachnospiraceae;g__Blautia_s__Blautia_argi"
"X1912897","PFHpA",-0.00214294074838037,0.00206108422454266,-0.0063719362573331,0.00208605476057235,0.307693774048863,35,0.889866029573718,"Blautia argi","Species","Blautia argi","d__Bacteria;p__Bacillota;c__Clostridia;o__Lachnospirales;f__Lachnospiraceae;g__Blautia_s__Blautia_argi"
"X1912897","PFDoA",0.0016246281063462,0.00214384225935998,-0.00277417286392865,0.00602342907662104,0.455127639546044,35,0.970355898058642,"Blautia argi","Species","Blautia argi","d__Bacteria;p__Bacillota;c__Clostridia;o__Lachnospirales;f__Lachnospiraceae;g__Blautia_s__Blautia_argi"
"X1912897","PFDA",0.00137257958414634,0.00217765954028684,-0.00309560871511862,0.0058407678834113,0.533796843690575,35,0.92382028040461,"Blautia argi","Species","Blautia argi","d__Bacteria;p__Bacillota;c__Clostridia;o__Lachnospirales;f__Lachnospiraceae;g__Blautia_s__Blautia_argi"
"X1912897","N.MeFOSAA",0.00350395079391238,0.00222785229056286,-0.00106722452207499,0.00807512610989976,0.127413141912663,35,0.918566105878837,"Blautia argi","Species","Blautia argi","d__Bacteria;p__Bacillota;c__Clostridia;o__Lachnospirales;f__Lachnospiraceae;g__Blautia_s__Blautia_argi"
"X1940319","PFDoA",-0.00339463432773662,0.00416007105067191,-0.0119303950602315,0.0051411264047582,0.421638901447998,35,0.970355898058642,"Streptococcus sp. DAT741","Species","Streptococcus sp. DAT741","d__Bacteria;p__Bacillota;c__Bacilli;o__Lactobacillales;f__Streptococcaceae;g__Streptococcus_s__Streptococcus_sp._DAT741"
"X1940319","N.MeFOSAA",0.00534996562457017,0.00440556980541934,-0.00368951694467334,0.0143894481938137,0.235123440599313,35,0.918566105878837,"Streptococcus sp. DAT741","Species","Streptococcus sp. DAT741","d__Bacteria;p__Bacillota;c__Bacilli;o__Lactobacillales;f__Streptococcaceae;g__Streptococcus_s__Streptococcus_sp._DAT741"
"X1940319","PFBA",-0.00581732422410052,0.00444137296623909,-0.0149302688113005,0.00329562036309941,0.201298145410857,35,0.861414136191478,"Streptococcus sp. DAT741","Species","Streptococcus sp. DAT741","d__Bacteria;p__Bacillota;c__Bacilli;o__Lactobacillales;f__Streptococcaceae;g__Streptococcus_s__Streptococcus_sp._DAT741"
"X1940319","PFDA",-0.00244016741357902,0.00423779014299936,-0.0111353945514245,0.00625505972426643,0.569511502686162,35,0.937154109766134,"Streptococcus sp. DAT741","Species","Streptococcus sp. DAT741","d__Bacteria;p__Bacillota;c__Bacilli;o__Lactobacillales;f__Streptococcaceae;g__Streptococcus_s__Streptococcus_sp._DAT741"
"X1940319","PFHpA",-0.00410901484439807,0.00400826679696668,-0.012333298976609,0.00411526928781285,0.31439679679898,35,0.889866029573718,"Streptococcus sp. DAT741","Species","Streptococcus sp. DAT741","d__Bacteria;p__Bacillota;c__Bacilli;o__Lactobacillales;f__Streptococcaceae;g__Streptococcus_s__Streptococcus_sp._DAT741"
"X197614","PFDA",0.00200228890311082,0.00284418141757289,-0.00383348932387139,0.00783806713009302,0.487463747536765,35,0.92382028040461,"Streptococcus pasteurianus","Species","Streptococcus pasteurianus","d__Bacteria;p__Bacillota;c__Bacilli;o__Lactobacillales;f__Streptococcaceae;g__Streptococcus_s__Streptococcus_pasteurianus"
"X197614","N.MeFOSAA",0.00112987498807545,0.00303778613161797,-0.00510314729931889,0.00736289727546979,0.712840577376194,35,0.984500466668035,"Streptococcus pasteurianus","Species","Streptococcus pasteurianus","d__Bacteria;p__Bacillota;c__Bacilli;o__Lactobacillales;f__Streptococcaceae;g__Streptococcus_s__Streptococcus_pasteurianus"
"X197614","PFBA",-0.00193525120127761,0.00306069285653184,-0.00821527420588286,0.00434477180332764,0.532514476642068,35,0.861414136191478,"Streptococcus pasteurianus","Species","Streptococcus pasteurianus","d__Bacteria;p__Bacillota;c__Bacilli;o__Lactobacillales;f__Streptococcaceae;g__Streptococcus_s__Streptococcus_pasteurianus"
"X197614","PFHpA",0.00564335420896145,0.00252667895791874,0.000459037217755177,0.0108276712001677,0.0339973430245256,35,0.889866029573718,"Streptococcus pasteurianus","Species","Streptococcus pasteurianus","d__Bacteria;p__Bacillota;c__Bacilli;o__Lactobacillales;f__Streptococcaceae;g__Streptococcus_s__Streptococcus_pasteurianus"
"X197614","PFDoA",0.00249355465667933,0.00279379286169814,-0.00323883479367769,0.00822594410703635,0.379993010558366,35,0.970355898058642,"Streptococcus pasteurianus","Species","Streptococcus pasteurianus","d__Bacteria;p__Bacillota;c__Bacilli;o__Lactobacillales;f__Streptococcaceae;g__Streptococcus_s__Streptococcus_pasteurianus"
"X1977566","PFHpA",0.00249489335581787,0.00249354276989874,-0.00262143379360915,0.00761122050524489,0.325931631500616,35,0.889866029573718,"Enterobacter sp. Crenshaw","Species","Enterobacter sp. Crenshaw","d__Bacteria;p__Pseudomonadota;c__Gammaproteobacteria;o__Enterobacterales;f__Enterobacteriaceae;g__Enterobacter_s__Enterobacter_sp._Crenshaw"
"X1977566","N.MeFOSAA",5.18180887539699e-05,0.00281203748215033,-0.00571800623060846,0.0058216424081164,0.98543352286505,35,0.985941901719069,"Enterobacter sp. Crenshaw","Species","Enterobacter sp. Crenshaw","d__Bacteria;p__Pseudomonadota;c__Gammaproteobacteria;o__Enterobacterales;f__Enterobacteriaceae;g__Enterobacter_s__Enterobacter_sp._Crenshaw"
"X1977566","PFBA",0.000920598818531848,0.00284135675134317,-0.00490938367208136,0.00675058130914506,0.74843481873671,35,0.950336288687364,"Enterobacter sp. Crenshaw","Species","Enterobacter sp. Crenshaw","d__Bacteria;p__Pseudomonadota;c__Gammaproteobacteria;o__Enterobacterales;f__Enterobacteriaceae;g__Enterobacter_s__Enterobacter_sp._Crenshaw"
"X1977566","PFDA",-0.00283704545075212,0.00259325673649644,-0.00815796875976359,0.00248387785825934,0.283615581309908,35,0.876551133726437,"Enterobacter sp. Crenshaw","Species","Enterobacter sp. Crenshaw","d__Bacteria;p__Pseudomonadota;c__Gammaproteobacteria;o__Enterobacterales;f__Enterobacteriaceae;g__Enterobacter_s__Enterobacter_sp._Crenshaw"
"X1977566","PFDoA",0.00166850037312428,0.00259759895720169,-0.00366133243683952,0.00699833318308808,0.526079701456538,35,0.970355898058642,"Enterobacter sp. Crenshaw","Species","Enterobacter sp. Crenshaw","d__Bacteria;p__Pseudomonadota;c__Gammaproteobacteria;o__Enterobacterales;f__Enterobacteriaceae;g__Enterobacter_s__Enterobacter_sp._Crenshaw"
"X2020965","N.MeFOSAA",0.00528693484577463,0.00639928392591339,-0.00784331119703622,0.0184171808885855,0.415945484402569,35,0.984500466668035,"Bifidobacterium imperatoris","Species","Bifidobacterium imperatoris","d__Bacteria;p__Actinomycetota;c__Actinomycetes;o__Bifidobacteriales;f__Bifidobacteriaceae;g__Bifidobacterium_s__Bifidobacterium_imperatoris"
"X2020965","PFBA",0.0154302785407341,0.00584927462505512,0.00342855836577222,0.027431998715696,0.013671081647115,35,0.763670404002533,"Bifidobacterium imperatoris","Species","Bifidobacterium imperatoris","d__Bacteria;p__Actinomycetota;c__Actinomycetes;o__Bifidobacteriales;f__Bifidobacteriaceae;g__Bifidobacterium_s__Bifidobacterium_imperatoris"
"X2020965","PFDA",0.0114769191905336,0.0056930582746843,-0.000204271509564254,0.0231581098906314,0.0538558420639138,35,0.660095480247929,"Bifidobacterium imperatoris","Species","Bifidobacterium imperatoris","d__Bacteria;p__Actinomycetota;c__Actinomycetes;o__Bifidobacteriales;f__Bifidobacteriaceae;g__Bifidobacterium_s__Bifidobacterium_imperatoris"
"X2020965","PFDoA",0.00403329023508116,0.0059809070291859,-0.0082385173236339,0.0163050977937962,0.505815267618511,35,0.970355898058642,"Bifidobacterium imperatoris","Species","Bifidobacterium imperatoris","d__Bacteria;p__Actinomycetota;c__Actinomycetes;o__Bifidobacteriales;f__Bifidobacteriaceae;g__Bifidobacterium_s__Bifidobacterium_imperatoris"
"X2020965","PFHpA",0.00701352556418827,0.00569347809506224,-0.00466852653617247,0.018695577664549,0.228625214238741,35,0.889866029573718,"Bifidobacterium imperatoris","Species","Bifidobacterium imperatoris","d__Bacteria;p__Actinomycetota;c__Actinomycetes;o__Bifidobacteriales;f__Bifidobacteriaceae;g__Bifidobacterium_s__Bifidobacterium_imperatoris"
"X2021971","N.MeFOSAA",-0.00506814985964065,0.00682532859670656,-0.0190725673593687,0.00893626764008742,0.464165716546484,35,0.984500466668035,"Streptococcus respiraculi","Species","Streptococcus respiraculi","d__Bacteria;p__Bacillota;c__Bacilli;o__Lactobacillales;f__Streptococcaceae;g__Streptococcus_s__Streptococcus_respiraculi"
"X2021971","PFBA",0.0012861144100527,0.00697565047843863,-0.013026738113908,0.0155989669340134,0.855099479089316,35,0.969968177491165,"Streptococcus respiraculi","Species","Streptococcus respiraculi","d__Bacteria;p__Bacillota;c__Bacilli;o__Lactobacillales;f__Streptococcaceae;g__Streptococcus_s__Streptococcus_respiraculi"
"X2021971","PFDoA",-0.00294604999117928,0.00639224029481427,-0.0160618436967541,0.0101697437143956,0.64857631042471,35,0.970355898058642,"Streptococcus respiraculi","Species","Streptococcus respiraculi","d__Bacteria;p__Bacillota;c__Bacilli;o__Lactobacillales;f__Streptococcaceae;g__Streptococcus_s__Streptococcus_respiraculi"
"X2021971","PFDA",-0.00425678524251277,0.00644575746713041,-0.0174823871154016,0.00896881663037608,0.514591716848618,35,0.92382028040461,"Streptococcus respiraculi","Species","Streptococcus respiraculi","d__Bacteria;p__Bacillota;c__Bacilli;o__Lactobacillales;f__Streptococcaceae;g__Streptococcus_s__Streptococcus_respiraculi"
"X2021971","PFHpA",-0.0117390717950704,0.00580169393804005,-0.0236431644644197,0.000165020874278809,0.053035723966079,35,0.889866029573718,"Streptococcus respiraculi","Species","Streptococcus respiraculi","d__Bacteria;p__Bacillota;c__Bacilli;o__Lactobacillales;f__Streptococcaceae;g__Streptococcus_s__Streptococcus_respiraculi"
"X2027919","PFBA",0.000530207559486141,0.00316663722249872,-0.0059671953282591,0.00702761044723139,0.868275156417798,35,0.969968177491165,"Enterobacter cloacae complex sp.","Species","Enterobacter cloacae complex sp.","d__Bacteria;p__Pseudomonadota;c__Gammaproteobacteria;o__Enterobacterales;f__Enterobacteriaceae;g__Enterobacter_s__Enterobacter_cloacae_complex_sp."
"X2027919","PFHpA",-0.00437637670052928,0.0026976135535391,-0.00991142251135163,0.00115866911029306,0.11635668000548,35,0.889866029573718,"Enterobacter cloacae complex sp.","Species","Enterobacter cloacae complex sp.","d__Bacteria;p__Pseudomonadota;c__Gammaproteobacteria;o__Enterobacterales;f__Enterobacteriaceae;g__Enterobacter_s__Enterobacter_cloacae_complex_sp."
"X2027919","PFDA",-4.69713314094508e-05,0.00294928808782597,-0.00609841063190257,0.00600446796908367,0.987410271380994,35,0.987410271380994,"Enterobacter cloacae complex sp.","Species","Enterobacter cloacae complex sp.","d__Bacteria;p__Pseudomonadota;c__Gammaproteobacteria;o__Enterobacterales;f__Enterobacteriaceae;g__Enterobacter_s__Enterobacter_cloacae_complex_sp."
"X2027919","N.MeFOSAA",0.000779427786710968,0.00312593299100645,-0.00563445691670856,0.0071933124901305,0.804983055686826,35,0.985941901719069,"Enterobacter cloacae complex sp.","Species","Enterobacter cloacae complex sp.","d__Bacteria;p__Pseudomonadota;c__Gammaproteobacteria;o__Enterobacterales;f__Enterobacteriaceae;g__Enterobacter_s__Enterobacter_cloacae_complex_sp."
"X2027919","PFDoA",-0.00121976631455109,0.00290339131619517,-0.00717703321840419,0.00473750058930201,0.677724018120433,35,0.970355898058642,"Enterobacter cloacae complex sp.","Species","Enterobacter cloacae complex sp.","d__Bacteria;p__Pseudomonadota;c__Gammaproteobacteria;o__Enterobacterales;f__Enterobacteriaceae;g__Enterobacter_s__Enterobacter_cloacae_complex_sp."
"X2044467","PFDA",-0.0013742536383924,0.00347544707039929,-0.00850528199584966,0.00575677471906487,0.695641564030225,35,0.973898189642314,"Escherichia sp. E4742","Species","Escherichia sp. E4742","d__Bacteria;p__Pseudomonadota;c__Gammaproteobacteria;o__Enterobacterales;f__Enterobacteriaceae;g__Escherichia_s__Escherichia_sp._E4742"
"X2044467","PFDoA",0.00255194894107461,0.00340722129659987,-0.00443909169169053,0.00954298957383975,0.460343599419395,35,0.970355898058642,"Escherichia sp. E4742","Species","Escherichia sp. E4742","d__Bacteria;p__Pseudomonadota;c__Gammaproteobacteria;o__Enterobacterales;f__Enterobacteriaceae;g__Escherichia_s__Escherichia_sp._E4742"
"X2044467","N.MeFOSAA",-0.00441075509289177,0.00359976093976864,-0.0117968544411428,0.00297534425535927,0.231047256464732,35,0.918566105878837,"Escherichia sp. E4742","Species","Escherichia sp. E4742","d__Bacteria;p__Pseudomonadota;c__Gammaproteobacteria;o__Enterobacterales;f__Enterobacteriaceae;g__Escherichia_s__Escherichia_sp._E4742"
"X2044467","PFBA",0.000710757455787025,0.00374178623378841,-0.00696675372484588,0.00838826863641992,0.850768118528437,35,0.969968177491165,"Escherichia sp. E4742","Species","Escherichia sp. E4742","d__Bacteria;p__Pseudomonadota;c__Gammaproteobacteria;o__Enterobacterales;f__Enterobacteriaceae;g__Escherichia_s__Escherichia_sp._E4742"
"X2044467","PFHpA",0.00343176244816853,0.00327386710307882,-0.0032856579808295,0.0101491828771666,0.30382623624676,35,0.889866029573718,"Escherichia sp. E4742","Species","Escherichia sp. E4742","d__Bacteria;p__Pseudomonadota;c__Gammaproteobacteria;o__Enterobacterales;f__Enterobacteriaceae;g__Escherichia_s__Escherichia_sp._E4742"
"X2058152","N.MeFOSAA",0.00310739726228562,0.00270343767864347,-0.00243959866615766,0.00865439319072891,0.260461342582412,35,0.918566105878837,"Klebsiella grimontii","Species","Klebsiella grimontii","d__Bacteria;p__Pseudomonadota;c__Gammaproteobacteria;o__Enterobacterales;f__Enterobacteriaceae;g__Klebsiella_s__Klebsiella_grimontii"
"X2058152","PFBA",0.00388178635247998,0.00270169287014681,-0.00166162952464445,0.0094252022296044,0.16226310149294,35,0.861414136191478,"Klebsiella grimontii","Species","Klebsiella grimontii","d__Bacteria;p__Pseudomonadota;c__Gammaproteobacteria;o__Enterobacterales;f__Enterobacteriaceae;g__Klebsiella_s__Klebsiella_grimontii"
"X2058152","PFDA",0.000121787587565022,0.0026092322461837,-0.00523191475973909,0.00547548993486914,0.963115277580103,35,0.98420539314755,"Klebsiella grimontii","Species","Klebsiella grimontii","d__Bacteria;p__Pseudomonadota;c__Gammaproteobacteria;o__Enterobacterales;f__Enterobacteriaceae;g__Klebsiella_s__Klebsiella_grimontii"
"X2058152","PFDoA",0.00242898599929825,0.00253435058161728,-0.00277107186352364,0.00762904386212015,0.346352562255046,35,0.970355898058642,"Klebsiella grimontii","Species","Klebsiella grimontii","d__Bacteria;p__Pseudomonadota;c__Gammaproteobacteria;o__Enterobacterales;f__Enterobacteriaceae;g__Klebsiella_s__Klebsiella_grimontii"
"X2058152","PFHpA",-0.000568467320419564,0.00249788538496182,-0.00569370477995434,0.00455677013911521,0.821687768615187,35,0.982284851222905,"Klebsiella grimontii","Species","Klebsiella grimontii","d__Bacteria;p__Pseudomonadota;c__Gammaproteobacteria;o__Enterobacterales;f__Enterobacteriaceae;g__Klebsiella_s__Klebsiella_grimontii"
"X211595","N.MeFOSAA",0.00283283484497208,0.00430774460659081,-0.0060059269960343,0.0116715966859785,0.516353651048622,35,0.984500466668035,"Enterobacter sp. RFL1396","Species","Enterobacter sp. RFL1396","d__Bacteria;p__Pseudomonadota;c__Gammaproteobacteria;o__Enterobacterales;f__Enterobacteriaceae;g__Enterobacter_s__Enterobacter_sp._RFL1396"
"X211595","PFBA",0.000223298755014225,0.00439566131194805,-0.00879585326495255,0.009242450774981,0.959859004043269,35,0.970948141783281,"Enterobacter sp. RFL1396","Species","Enterobacter sp. RFL1396","d__Bacteria;p__Pseudomonadota;c__Gammaproteobacteria;o__Enterobacterales;f__Enterobacteriaceae;g__Enterobacter_s__Enterobacter_sp._RFL1396"
"X211595","PFDA",-0.00130930061712821,0.00408428112055071,-0.00968955325815845,0.00707095202390204,0.7510037538605,35,0.978766981221743,"Enterobacter sp. RFL1396","Species","Enterobacter sp. RFL1396","d__Bacteria;p__Pseudomonadota;c__Gammaproteobacteria;o__Enterobacterales;f__Enterobacteriaceae;g__Enterobacter_s__Enterobacter_sp._RFL1396"
"X211595","PFDoA",0.00298473198079784,0.00400046385565399,-0.0052235418383094,0.0111930057999051,0.46205620262154,35,0.970355898058642,"Enterobacter sp. RFL1396","Species","Enterobacter sp. RFL1396","d__Bacteria;p__Pseudomonadota;c__Gammaproteobacteria;o__Enterobacterales;f__Enterobacteriaceae;g__Enterobacter_s__Enterobacter_sp._RFL1396"
"X211595","PFHpA",0.00285622363426252,0.00388229838938964,-0.00510959467516941,0.0108220419436944,0.468254192639023,35,0.889866029573718,"Enterobacter sp. RFL1396","Species","Enterobacter sp. RFL1396","d__Bacteria;p__Pseudomonadota;c__Gammaproteobacteria;o__Enterobacterales;f__Enterobacteriaceae;g__Enterobacter_s__Enterobacter_sp._RFL1396"
"X2212991","N.MeFOSAA",0.00442517350373222,0.00359783502919643,-0.00295697420243477,0.0118073212098992,0.22932386657109,35,0.918566105878837,"Clostridium sp. AWRP","Species","Clostridium sp. AWRP","d__Bacteria;p__Bacillota;c__Clostridia;o__Eubacteriales;f__Clostridiaceae;g__Clostridium_s__Clostridium_sp._AWRP"
"X2212991","PFDA",0.00746571486817896,0.00317430769036642,0.000952573480387092,0.0139788562559708,0.0262238172746002,35,0.646662622578676,"Clostridium sp. AWRP","Species","Clostridium sp. AWRP","d__Bacteria;p__Bacillota;c__Clostridia;o__Eubacteriales;f__Clostridiaceae;g__Clostridium_s__Clostridium_sp._AWRP"
"X2212991","PFDoA",0.0015232120389909,0.00342877601667248,-0.0055120552261934,0.00855847930417521,0.660406793493823,35,0.970355898058642,"Clostridium sp. AWRP","Species","Clostridium sp. AWRP","d__Bacteria;p__Bacillota;c__Clostridia;o__Eubacteriales;f__Clostridiaceae;g__Clostridium_s__Clostridium_sp._AWRP"
"X2212991","PFHpA",-0.001626483525974,0.00332399686940264,-0.00844676173929928,0.00519379468735127,0.628570022154109,35,0.932817907439746,"Clostridium sp. AWRP","Species","Clostridium sp. AWRP","d__Bacteria;p__Bacillota;c__Clostridia;o__Eubacteriales;f__Clostridiaceae;g__Clostridium_s__Clostridium_sp._AWRP"
"X2212991","PFBA",-0.00323979158096881,0.00369073884544771,-0.0108125621724176,0.00433297901048002,0.387787989496917,35,0.861414136191478,"Clostridium sp. AWRP","Species","Clostridium sp. AWRP","d__Bacteria;p__Bacillota;c__Clostridia;o__Eubacteriales;f__Clostridiaceae;g__Clostridium_s__Clostridium_sp._AWRP"
"X223919","N.MeFOSAA",-0.00350330450273083,0.00405707908915176,-0.0118277431856264,0.00482113418016478,0.395466543934918,35,0.984500466668035,"Clostridium diolis","Species","Clostridium diolis","d__Bacteria;p__Bacillota;c__Clostridia;o__Eubacteriales;f__Clostridiaceae;g__Clostridium_s__Clostridium_diolis"
"X223919","PFBA",0.00330019066161765,0.00411491748240797,-0.00514292260158525,0.0117433039248205,0.429551879594034,35,0.861414136191478,"Clostridium diolis","Species","Clostridium diolis","d__Bacteria;p__Bacillota;c__Clostridia;o__Eubacteriales;f__Clostridiaceae;g__Clostridium_s__Clostridium_diolis"
"X223919","PFDA",-0.000406051982361053,0.00387508117412121,-0.0083570617892612,0.0075449578245391,0.91732064167709,35,0.98420539314755,"Clostridium diolis","Species","Clostridium diolis","d__Bacteria;p__Bacillota;c__Clostridia;o__Eubacteriales;f__Clostridiaceae;g__Clostridium_s__Clostridium_diolis"
"X223919","PFDoA",-0.00029425228252594,0.00382756676343553,-0.00814777057160864,0.00755926600655676,0.939288162204034,35,0.988724381267404,"Clostridium diolis","Species","Clostridium diolis","d__Bacteria;p__Bacillota;c__Clostridia;o__Eubacteriales;f__Clostridiaceae;g__Clostridium_s__Clostridium_diolis"
"X223919","PFHpA",0.00577031334996939,0.00354396331025724,-0.0015012987193029,0.0130419254192417,0.115095156832153,35,0.889866029573718,"Clostridium diolis","Species","Clostridium diolis","d__Bacteria;p__Bacillota;c__Clostridia;o__Eubacteriales;f__Clostridiaceae;g__Clostridium_s__Clostridium_diolis"
"X2382163","PFDoA",6.5306733654679e-05,0.00328854829192697,-0.0066822370066402,0.00681285047394956,0.984302016394062,35,0.991383325864522,"Streptococcus koreensis","Species","Streptococcus koreensis","d__Bacteria;p__Bacillota;c__Bacilli;o__Lactobacillales;f__Streptococcaceae;g__Streptococcus_s__Streptococcus_koreensis"
"X2382163","PFHpA",-0.00177580070849965,0.00317218668053193,-0.00828459014358736,0.00473298872658805,0.580228670992574,35,0.923388658899457,"Streptococcus koreensis","Species","Streptococcus koreensis","d__Bacteria;p__Bacillota;c__Bacilli;o__Lactobacillales;f__Streptococcaceae;g__Streptococcus_s__Streptococcus_koreensis"
"X2382163","PFDA",-0.00575211209250017,0.00314030579406142,-0.0121954873518352,0.000691263166834911,0.0780501933512191,35,0.682939191823167,"Streptococcus koreensis","Species","Streptococcus koreensis","d__Bacteria;p__Bacillota;c__Bacilli;o__Lactobacillales;f__Streptococcaceae;g__Streptococcus_s__Streptococcus_koreensis"
"X2382163","PFBA",-0.00566588553721214,0.0034066795959974,-0.0126558146921503,0.00132404361772606,0.10784517714472,35,0.861414136191478,"Streptococcus koreensis","Species","Streptococcus koreensis","d__Bacteria;p__Bacillota;c__Bacilli;o__Lactobacillales;f__Streptococcaceae;g__Streptococcus_s__Streptococcus_koreensis"
"X2382163","N.MeFOSAA",0.00204989219842497,0.00351108898650044,-0.00515426733015447,0.00925405172700442,0.564178329470672,35,0.984500466668035,"Streptococcus koreensis","Species","Streptococcus koreensis","d__Bacteria;p__Bacillota;c__Bacilli;o__Lactobacillales;f__Streptococcaceae;g__Streptococcus_s__Streptococcus_koreensis"
"X238834","N.MeFOSAA",-9.07191777879209e-05,0.0017554058031354,-0.00369251437346771,0.00351107601789187,0.959164218341972,35,0.985941901719069,"Clostridium estertheticum","Species","Clostridium estertheticum","d__Bacteria;p__Bacillota;c__Clostridia;o__Eubacteriales;f__Clostridiaceae;g__Clostridium_s__Clostridium_estertheticum"
"X238834","PFBA",-0.00183878547013848,0.00174164243834747,-0.00541234057393695,0.00173476963366,0.300426182869475,35,0.861414136191478,"Clostridium estertheticum","Species","Clostridium estertheticum","d__Bacteria;p__Bacillota;c__Clostridia;o__Eubacteriales;f__Clostridiaceae;g__Clostridium_s__Clostridium_estertheticum"
"X238834","PFDoA",0.000480004475404242,0.00163134258246621,-0.00286723401813368,0.00382724296894216,0.770825625269683,35,0.970355898058642,"Clostridium estertheticum","Species","Clostridium estertheticum","d__Bacteria;p__Bacillota;c__Clostridia;o__Eubacteriales;f__Clostridiaceae;g__Clostridium_s__Clostridium_estertheticum"
"X238834","PFHpA",-0.000643355004649244,0.00158040660964018,-0.0038860815147561,0.00259937150545761,0.687157137352726,35,0.932817907439746,"Clostridium estertheticum","Species","Clostridium estertheticum","d__Bacteria;p__Bacillota;c__Clostridia;o__Eubacteriales;f__Clostridiaceae;g__Clostridium_s__Clostridium_estertheticum"
"X238834","PFDA",0.00115780049012084,0.00163932112192717,-0.00220580861416004,0.00452140959440171,0.486071674360733,35,0.92382028040461,"Clostridium estertheticum","Species","Clostridium estertheticum","d__Bacteria;p__Bacillota;c__Clostridia;o__Eubacteriales;f__Clostridiaceae;g__Clostridium_s__Clostridium_estertheticum"
"X2420308","PFHpA",-0.000870184593580913,0.00374738421458898,-0.00855918188205109,0.00681881269488926,0.818125087717751,35,0.982284851222905,"Streptococcus sp. FDAARGOS_520","Species","Streptococcus sp. FDAARGOS_520","d__Bacteria;p__Bacillota;c__Bacilli;o__Lactobacillales;f__Streptococcaceae;g__Streptococcus_s__Streptococcus_sp._FDAARGOS_520"
"X2420308","PFBA",-0.00737723139620192,0.00395849939356046,-0.015499401251378,0.000744938458974139,0.0732818846237808,35,0.861414136191478,"Streptococcus sp. FDAARGOS_520","Species","Streptococcus sp. FDAARGOS_520","d__Bacteria;p__Bacillota;c__Bacilli;o__Lactobacillales;f__Streptococcaceae;g__Streptococcus_s__Streptococcus_sp._FDAARGOS_520"
"X2420308","N.MeFOSAA",-0.00613333669936999,0.0039827353447095,-0.0143052346187096,0.00203856121996959,0.135204144065135,35,0.918566105878837,"Streptococcus sp. FDAARGOS_520","Species","Streptococcus sp. FDAARGOS_520","d__Bacteria;p__Bacillota;c__Bacilli;o__Lactobacillales;f__Streptococcaceae;g__Streptococcus_s__Streptococcus_sp._FDAARGOS_520"
"X2420308","PFDoA",-0.000255753130638263,0.00386606439407567,-0.00818826203308059,0.00767675577180406,0.947743149935703,35,0.988937634223238,"Streptococcus sp. FDAARGOS_520","Species","Streptococcus sp. FDAARGOS_520","d__Bacteria;p__Bacillota;c__Bacilli;o__Lactobacillales;f__Streptococcaceae;g__Streptococcus_s__Streptococcus_sp._FDAARGOS_520"
"X2420308","PFDA",-0.00409499860467569,0.00383459579466127,-0.0119629392745287,0.00377294206517728,0.295017247846192,35,0.87738269822755,"Streptococcus sp. FDAARGOS_520","Species","Streptococcus sp. FDAARGOS_520","d__Bacteria;p__Bacillota;c__Bacilli;o__Lactobacillales;f__Streptococcaceae;g__Streptococcus_s__Streptococcus_sp._FDAARGOS_520"
"X246787","PFHpA",-0.00410495873434343,0.0033123407565638,-0.0109013205796424,0.00269140311095558,0.225902085105962,35,0.889866029573718,"Bacteroides cellulosilyticus","Species","Bacteroides cellulosilyticus","d__Bacteria;p__Bacteroidota;c__Bacteroidia;o__Bacteroidales;f__Bacteroidaceae;g__Bacteroides_s__Bacteroides_cellulosilyticus"
"X246787","N.MeFOSAA",0.000540585913107744,0.00376950770005431,-0.0071938050179711,0.00827497684418659,0.887031182939315,35,0.985941901719069,"Bacteroides cellulosilyticus","Species","Bacteroides cellulosilyticus","d__Bacteria;p__Bacteroidota;c__Bacteroidia;o__Bacteroidales;f__Bacteroidaceae;g__Bacteroides_s__Bacteroides_cellulosilyticus"
"X246787","PFDoA",0.00382792746648663,0.00343169039346888,-0.00321331960594504,0.0108691745389183,0.274481643419784,35,0.970355898058642,"Bacteroides cellulosilyticus","Species","Bacteroides cellulosilyticus","d__Bacteria;p__Bacteroidota;c__Bacteroidia;o__Bacteroidales;f__Bacteroidaceae;g__Bacteroides_s__Bacteroides_cellulosilyticus"
"X246787","PFBA",-0.000842502583423569,0.00381419148510952,-0.00866857706827053,0.00698357190142339,0.826842865663871,35,0.964701732189117,"Bacteroides cellulosilyticus","Species","Bacteroides cellulosilyticus","d__Bacteria;p__Bacteroidota;c__Bacteroidia;o__Bacteroidales;f__Bacteroidaceae;g__Bacteroides_s__Bacteroides_cellulosilyticus"
"X246787","PFDA",0.00204692873085673,0.00353187559648838,-0.00519988139843014,0.00929373886014359,0.56701722587678,35,0.937154109766134,"Bacteroides cellulosilyticus","Species","Bacteroides cellulosilyticus","d__Bacteria;p__Bacteroidota;c__Bacteroidia;o__Bacteroidales;f__Bacteroidaceae;g__Bacteroides_s__Bacteroides_cellulosilyticus"
"X2478464","PFDA",-0.0104649962657774,0.00491845828752572,-0.020556839074158,-0.000373153457396719,0.0426426407812416,35,0.660095480247929,"Enterobacter oligotrophicus","Species","Enterobacter oligotrophicus","d__Bacteria;p__Pseudomonadota;c__Gammaproteobacteria;o__Enterobacterales;f__Enterobacteriaceae;g__Enterobacter_s__Enterobacter_oligotrophicus"
"X2478464","N.MeFOSAA",-0.00593356567447668,0.00552279090784834,-0.0172653965953398,0.0053982652463864,0.292161329724096,35,0.918566105878837,"Enterobacter oligotrophicus","Species","Enterobacter oligotrophicus","d__Bacteria;p__Pseudomonadota;c__Gammaproteobacteria;o__Enterobacterales;f__Enterobacteriaceae;g__Enterobacter_s__Enterobacter_oligotrophicus"
"X2478464","PFDoA",-0.00185458044271189,0.00523701821329747,-0.0126000542281187,0.00889089334269491,0.725992857894266,35,0.970355898058642,"Enterobacter oligotrophicus","Species","Enterobacter oligotrophicus","d__Bacteria;p__Pseudomonadota;c__Gammaproteobacteria;o__Enterobacterales;f__Enterobacteriaceae;g__Enterobacter_s__Enterobacter_oligotrophicus"
"X2478464","PFBA",0.000780517379867313,0.00570746425703476,-0.0109302319544371,0.0124912667141717,0.892240042001303,35,0.969968177491165,"Enterobacter oligotrophicus","Species","Enterobacter oligotrophicus","d__Bacteria;p__Pseudomonadota;c__Gammaproteobacteria;o__Enterobacterales;f__Enterobacteriaceae;g__Enterobacter_s__Enterobacter_oligotrophicus"
"X2478464","PFHpA",-0.00190375622181987,0.00507949719171014,-0.0123260235681466,0.0085185111245069,0.710742814617124,35,0.932817907439746,"Enterobacter oligotrophicus","Species","Enterobacter oligotrophicus","d__Bacteria;p__Pseudomonadota;c__Gammaproteobacteria;o__Enterobacterales;f__Enterobacteriaceae;g__Enterobacter_s__Enterobacter_oligotrophicus"
"X2479767","N.MeFOSAA",0.00235025235641787,0.00419989806971571,-0.00626722666913148,0.0109677313819672,0.580367145593493,35,0.984500466668035,"Blautia sp. SC05B48","Species","Blautia sp. SC05B48","d__Bacteria;p__Bacillota;c__Clostridia;o__Lachnospirales;f__Lachnospiraceae;g__Blautia_s__Blautia_sp._SC05B48"
"X2479767","PFDoA",-0.00300783033372374,0.00388888859235953,-0.0109871706227191,0.0049715099552716,0.445980031085457,35,0.970355898058642,"Blautia sp. SC05B48","Species","Blautia sp. SC05B48","d__Bacteria;p__Bacillota;c__Clostridia;o__Lachnospirales;f__Lachnospiraceae;g__Blautia_s__Blautia_sp._SC05B48"
"X2479767","PFBA",-0.0043686172442799,0.00419303107455675,-0.0129720063596056,0.00423477187104576,0.306709104608494,35,0.861414136191478,"Blautia sp. SC05B48","Species","Blautia sp. SC05B48","d__Bacteria;p__Bacillota;c__Clostridia;o__Lachnospirales;f__Lachnospiraceae;g__Blautia_s__Blautia_sp._SC05B48"
"X2479767","PFDA",0.00279513265325796,0.0039444038162287,-0.00529811546620139,0.0108883807727173,0.484626456503946,35,0.92382028040461,"Blautia sp. SC05B48","Species","Blautia sp. SC05B48","d__Bacteria;p__Bacillota;c__Clostridia;o__Lachnospirales;f__Lachnospiraceae;g__Blautia_s__Blautia_sp._SC05B48"
"X2479767","PFHpA",-0.00177020043423436,0.00379928887443037,-0.00956569728771464,0.00602529641924591,0.645003002779152,35,0.932817907439746,"Blautia sp. SC05B48","Species","Blautia sp. SC05B48","d__Bacteria;p__Bacillota;c__Clostridia;o__Lachnospirales;f__Lachnospiraceae;g__Blautia_s__Blautia_sp._SC05B48"
"X248315","PFDA",-0.00329563752958754,0.0034061986824696,-0.0102845799314736,0.00369330487229852,0.341861046750315,35,0.903029180095171,"Veillonella rodentium","Species","Veillonella rodentium","d__Bacteria;p__Bacillota;c__Negativicutes;o__Veillonellales;f__Veillonellaceae;g__Veillonella_s__Veillonella_rodentium"
"X248315","PFDoA",-0.00599344466854381,0.00322168531339392,-0.0126037969090618,0.000616907571974182,0.0737624600428421,35,0.970355898058642,"Veillonella rodentium","Species","Veillonella rodentium","d__Bacteria;p__Bacillota;c__Negativicutes;o__Veillonellales;f__Veillonellaceae;g__Veillonella_s__Veillonella_rodentium"
"X248315","N.MeFOSAA",-0.00302750197499141,0.00363000898073558,-0.0104756651767622,0.00442066122677934,0.411587733554294,35,0.984500466668035,"Veillonella rodentium","Species","Veillonella rodentium","d__Bacteria;p__Bacillota;c__Negativicutes;o__Veillonellales;f__Veillonellaceae;g__Veillonella_s__Veillonella_rodentium"
"X248315","PFHpA",-0.000131553616227993,0.00331983900987425,-0.00694330060648968,0.00668019337403369,0.968682459545037,35,0.989894484206607,"Veillonella rodentium","Species","Veillonella rodentium","d__Bacteria;p__Bacillota;c__Negativicutes;o__Veillonellales;f__Veillonellaceae;g__Veillonella_s__Veillonella_rodentium"
"X248315","PFBA",-0.00256625427667093,0.00368908217530693,-0.0101356256617692,0.0050031171084273,0.492602100055982,35,0.861414136191478,"Veillonella rodentium","Species","Veillonella rodentium","d__Bacteria;p__Bacillota;c__Negativicutes;o__Veillonellales;f__Veillonellaceae;g__Veillonella_s__Veillonella_rodentium"
"X2500132","PFHpA",0.00335480650221165,0.00378800257794865,-0.00441753278372936,0.0111271457881527,0.38363158418403,35,0.889866029573718,"Enterobacter sp. N18-03635","Species","Enterobacter sp. N18-03635","d__Bacteria;p__Pseudomonadota;c__Gammaproteobacteria;o__Enterobacterales;f__Enterobacteriaceae;g__Enterobacter_s__Enterobacter_sp._N18-03635"
"X2500132","PFDoA",-0.00515460935684038,0.00383445301633435,-0.0130222570697651,0.00271303835608431,0.190041919563279,35,0.970355898058642,"Enterobacter sp. N18-03635","Species","Enterobacter sp. N18-03635","d__Bacteria;p__Pseudomonadota;c__Gammaproteobacteria;o__Enterobacterales;f__Enterobacteriaceae;g__Enterobacter_s__Enterobacter_sp._N18-03635"
"X2500132","PFDA",-0.00399082193887748,0.00393600492587227,-0.0120668369587989,0.00408519308104397,0.319617982925751,35,0.87738269822755,"Enterobacter sp. N18-03635","Species","Enterobacter sp. N18-03635","d__Bacteria;p__Pseudomonadota;c__Gammaproteobacteria;o__Enterobacterales;f__Enterobacteriaceae;g__Enterobacter_s__Enterobacter_sp._N18-03635"
"X2500132","N.MeFOSAA",0.000853687781923955,0.00425212589885796,-0.00787095389726897,0.00957832946111688,0.842385257536256,35,0.985941901719069,"Enterobacter sp. N18-03635","Species","Enterobacter sp. N18-03635","d__Bacteria;p__Pseudomonadota;c__Gammaproteobacteria;o__Enterobacterales;f__Enterobacteriaceae;g__Enterobacter_s__Enterobacter_sp._N18-03635"
"X2500132","PFBA",-0.0045025847643823,0.00421994183369298,-0.0131611901965253,0.00415602066776074,0.295429812229931,35,0.861414136191478,"Enterobacter sp. N18-03635","Species","Enterobacter sp. N18-03635","d__Bacteria;p__Pseudomonadota;c__Gammaproteobacteria;o__Enterobacterales;f__Enterobacteriaceae;g__Enterobacter_s__Enterobacter_sp._N18-03635"
"X2507159","PFHpA",-0.00184961118453466,0.00310320261526542,-0.00821685700935768,0.00451763464028835,0.556117460570328,35,0.913570763166862,"Clostridium sp. JN-9","Species","Clostridium sp. JN-9","d__Bacteria;p__Bacillota;c__Clostridia;o__Eubacteriales;f__Clostridiaceae;g__Clostridium_s__Clostridium_sp._JN-9"
"X2507159","N.MeFOSAA",0.00341187032996948,0.00339610268086565,-0.00355635678773117,0.0103800974476701,0.323988119389765,35,0.965070993926958,"Clostridium sp. JN-9","Species","Clostridium sp. JN-9","d__Bacteria;p__Bacillota;c__Clostridia;o__Eubacteriales;f__Clostridiaceae;g__Clostridium_s__Clostridium_sp._JN-9"
"X2507159","PFDA",0.000189048724169191,0.00325959164566164,-0.00649908088566355,0.00687717833400193,0.954177596577706,35,0.98420539314755,"Clostridium sp. JN-9","Species","Clostridium sp. JN-9","d__Bacteria;p__Bacillota;c__Clostridia;o__Eubacteriales;f__Clostridiaceae;g__Clostridium_s__Clostridium_sp._JN-9"
"X2507159","PFDoA",0.00336979559605362,0.00315352973662743,-0.00310071295218658,0.00984030414429382,0.294720478735299,35,0.970355898058642,"Clostridium sp. JN-9","Species","Clostridium sp. JN-9","d__Bacteria;p__Bacillota;c__Clostridia;o__Eubacteriales;f__Clostridiaceae;g__Clostridium_s__Clostridium_sp._JN-9"
"X2507159","PFBA",0.00128767639769623,0.00349304739829974,-0.00587946484964724,0.0084548176450397,0.715271059937755,35,0.938917187179437,"Clostridium sp. JN-9","Species","Clostridium sp. JN-9","d__Bacteria;p__Bacillota;c__Clostridia;o__Eubacteriales;f__Clostridiaceae;g__Clostridium_s__Clostridium_sp._JN-9"
"X254785","N.MeFOSAA",0.00141132475658589,0.00284782353830433,-0.00443192648485779,0.00725457599802957,0.624200421729526,35,0.984500466668035,"Streptococcus halichoeri","Species","Streptococcus halichoeri","d__Bacteria;p__Bacillota;c__Bacilli;o__Lactobacillales;f__Streptococcaceae;g__Streptococcus_s__Streptococcus_halichoeri"
"X254785","PFBA",-0.00305871434765197,0.00283571643309576,-0.00887712386116247,0.00275969516585852,0.290291079948866,35,0.861414136191478,"Streptococcus halichoeri","Species","Streptococcus halichoeri","d__Bacteria;p__Bacillota;c__Bacilli;o__Lactobacillales;f__Streptococcaceae;g__Streptococcus_s__Streptococcus_halichoeri"
"X254785","PFDA",0.00309779438301611,0.00262925536238706,-0.00229699200514909,0.00849258077118131,0.248996285112494,35,0.876551133726437,"Streptococcus halichoeri","Species","Streptococcus halichoeri","d__Bacteria;p__Bacillota;c__Bacilli;o__Lactobacillales;f__Streptococcaceae;g__Streptococcus_s__Streptococcus_halichoeri"
"X254785","PFDoA",-0.000780164415991904,0.00265845422638001,-0.00623486192434439,0.00467453309236058,0.771410359307698,35,0.970355898058642,"Streptococcus halichoeri","Species","Streptococcus halichoeri","d__Bacteria;p__Bacillota;c__Bacilli;o__Lactobacillales;f__Streptococcaceae;g__Streptococcus_s__Streptococcus_halichoeri"
"X254785","PFHpA",0.00229118268338611,0.00254540885672637,-0.00293156488576425,0.00751393025253648,0.376013120959534,35,0.889866029573718,"Streptococcus halichoeri","Species","Streptococcus halichoeri","d__Bacteria;p__Bacillota;c__Bacilli;o__Lactobacillales;f__Streptococcaceae;g__Streptococcus_s__Streptococcus_halichoeri"
"X2565914","N.MeFOSAA",-0.00207494445861742,0.00445893940596989,-0.0112239324029229,0.00707404348568806,0.645416169923693,35,0.984500466668035,"Enterobacter sp. 18A13","Species","Enterobacter sp. 18A13","d__Bacteria;p__Pseudomonadota;c__Gammaproteobacteria;o__Enterobacterales;f__Enterobacteriaceae;g__Enterobacter_s__Enterobacter_sp._18A13"
"X2565914","PFBA",-0.00386269834209454,0.00447083743600736,-0.0130360990275169,0.00531070234332783,0.395211590306316,35,0.861414136191478,"Enterobacter sp. 18A13","Species","Enterobacter sp. 18A13","d__Bacteria;p__Pseudomonadota;c__Gammaproteobacteria;o__Enterobacterales;f__Enterobacteriaceae;g__Enterobacter_s__Enterobacter_sp._18A13"
"X2565914","PFDA",0.00267499587571728,0.00418744268622809,-0.0059169268138977,0.0112669185653322,0.528326500005677,35,0.92382028040461,"Enterobacter sp. 18A13","Species","Enterobacter sp. 18A13","d__Bacteria;p__Pseudomonadota;c__Gammaproteobacteria;o__Enterobacterales;f__Enterobacteriaceae;g__Enterobacter_s__Enterobacter_sp._18A13"
"X2565914","PFDoA",-0.00379978822682897,0.00410217710344647,-0.0122167603916871,0.0046171839380292,0.362503665273144,35,0.970355898058642,"Enterobacter sp. 18A13","Species","Enterobacter sp. 18A13","d__Bacteria;p__Pseudomonadota;c__Gammaproteobacteria;o__Enterobacterales;f__Enterobacteriaceae;g__Enterobacter_s__Enterobacter_sp._18A13"
"X2565914","PFHpA",0.000301182961162048,0.00404222114530713,-0.007992769739141,0.0085951356614651,0.941154463663318,35,0.982284851222905,"Enterobacter sp. 18A13","Species","Enterobacter sp. 18A13","d__Bacteria;p__Pseudomonadota;c__Gammaproteobacteria;o__Enterobacterales;f__Enterobacteriaceae;g__Enterobacter_s__Enterobacter_sp._18A13"
"X2587529","PFBA",-0.00013966760724636,0.00499584737372558,-0.0103902997043344,0.0101109644898417,0.977902273149508,35,0.977902273149508,"Klebsiella pasteurii","Species","Klebsiella pasteurii","d__Bacteria;p__Pseudomonadota;c__Gammaproteobacteria;o__Enterobacterales;f__Enterobacteriaceae;g__Klebsiella_s__Klebsiella_pasteurii"
"X2587529","PFHpA",0.00184026338919634,0.0044421529753863,-0.00727428164457497,0.0109548084229676,0.681947098609432,35,0.932817907439746,"Klebsiella pasteurii","Species","Klebsiella pasteurii","d__Bacteria;p__Pseudomonadota;c__Gammaproteobacteria;o__Enterobacterales;f__Enterobacteriaceae;g__Klebsiella_s__Klebsiella_pasteurii"
"X2587529","N.MeFOSAA",0.00109014602890031,0.00493035342728398,-0.00902610359023412,0.0112063956480347,0.826671120013497,35,0.985941901719069,"Klebsiella pasteurii","Species","Klebsiella pasteurii","d__Bacteria;p__Pseudomonadota;c__Gammaproteobacteria;o__Enterobacterales;f__Enterobacteriaceae;g__Klebsiella_s__Klebsiella_pasteurii"
"X2587529","PFDA",0.000958590207220748,0.00464696134207577,-0.0085761868833545,0.010493367297796,0.838117317019534,35,0.978766981221743,"Klebsiella pasteurii","Species","Klebsiella pasteurii","d__Bacteria;p__Pseudomonadota;c__Gammaproteobacteria;o__Enterobacterales;f__Enterobacteriaceae;g__Klebsiella_s__Klebsiella_pasteurii"
"X2587529","PFDoA",-0.000760040911390526,0.00459083734396901,-0.0101796610699434,0.00865957924716238,0.869739745461182,35,0.970355898058642,"Klebsiella pasteurii","Species","Klebsiella pasteurii","d__Bacteria;p__Pseudomonadota;c__Gammaproteobacteria;o__Enterobacterales;f__Enterobacteriaceae;g__Klebsiella_s__Klebsiella_pasteurii"
"X2596949","PFBA",0.00542194870578339,0.00363571457790592,-0.00203792141437621,0.012881818825943,0.147474281212999,35,0.861414136191478,"Enterobacter sp. E76","Species","Enterobacter sp. E76","d__Bacteria;p__Pseudomonadota;c__Gammaproteobacteria;o__Enterobacterales;f__Enterobacteriaceae;g__Enterobacter_s__Enterobacter_sp._E76"
"X2596949","PFDoA",0.000420798558438854,0.00347661489019086,-0.0067126259673045,0.00755422308418221,0.904558114027887,35,0.974139507414648,"Enterobacter sp. E76","Species","Enterobacter sp. E76","d__Bacteria;p__Pseudomonadota;c__Gammaproteobacteria;o__Enterobacterales;f__Enterobacteriaceae;g__Enterobacter_s__Enterobacter_sp._E76"
"X2596949","PFHpA",-0.00234319701068936,0.00334362268476223,-0.00920374407088025,0.00451735004950152,0.489426316265545,35,0.889866029573718,"Enterobacter sp. E76","Species","Enterobacter sp. E76","d__Bacteria;p__Pseudomonadota;c__Gammaproteobacteria;o__Enterobacterales;f__Enterobacteriaceae;g__Enterobacter_s__Enterobacter_sp._E76"
"X2596949","PFDA",-0.00118602405290597,0.00351365201912101,-0.00839544249003102,0.00602339438421908,0.738314541606524,35,0.978766981221743,"Enterobacter sp. E76","Species","Enterobacter sp. E76","d__Bacteria;p__Pseudomonadota;c__Gammaproteobacteria;o__Enterobacterales;f__Enterobacteriaceae;g__Enterobacter_s__Enterobacter_sp._E76"
"X2596949","N.MeFOSAA",0.00261537402362812,0.00370216666587662,-0.0049808445185136,0.0102115925657698,0.485964068352844,35,0.984500466668035,"Enterobacter sp. E76","Species","Enterobacter sp. E76","d__Bacteria;p__Pseudomonadota;c__Gammaproteobacteria;o__Enterobacterales;f__Enterobacteriaceae;g__Enterobacter_s__Enterobacter_sp._E76"
"X2598457","N.MeFOSAA",-0.000700100809056682,0.00285438306658873,-0.00655681109080802,0.00515660947269466,0.808100389897259,35,0.985941901719069,"Streptococcus sp. KS 6","Species","Streptococcus sp. KS 6","d__Bacteria;p__Bacillota;c__Bacilli;o__Lactobacillales;f__Streptococcaceae;g__Streptococcus_s__Streptococcus_sp._KS_6"
"X2598457","PFBA",0.00393639952768744,0.00279199391830502,-0.00179229879571817,0.00966509785109305,0.169988681453898,35,0.861414136191478,"Streptococcus sp. KS 6","Species","Streptococcus sp. KS 6","d__Bacteria;p__Bacillota;c__Bacilli;o__Lactobacillales;f__Streptococcaceae;g__Streptococcus_s__Streptococcus_sp._KS_6"
"X2598457","PFDA",0.000483557651793,0.00269138737890746,-0.00503871310391922,0.00600582840750522,0.858754393696212,35,0.978766981221743,"Streptococcus sp. KS 6","Species","Streptococcus sp. KS 6","d__Bacteria;p__Bacillota;c__Bacilli;o__Lactobacillales;f__Streptococcaceae;g__Streptococcus_s__Streptococcus_sp._KS_6"
"X2598457","PFDoA",0.00059435386082383,0.0026572651923765,-0.00485790395127512,0.00604661167292278,0.824696886485271,35,0.970355898058642,"Streptococcus sp. KS 6","Species","Streptococcus sp. KS 6","d__Bacteria;p__Bacillota;c__Bacilli;o__Lactobacillales;f__Streptococcaceae;g__Streptococcus_s__Streptococcus_sp._KS_6"
"X2598457","PFHpA",0.00122265119488214,0.00256969141765592,-0.00404992007380176,0.00649522246356603,0.638046335139653,35,0.932817907439746,"Streptococcus sp. KS 6","Species","Streptococcus sp. KS 6","d__Bacteria;p__Bacillota;c__Bacilli;o__Lactobacillales;f__Streptococcaceae;g__Streptococcus_s__Streptococcus_sp._KS_6"
"X2682455","PFBA",-0.00247745221618666,0.00263795322842802,-0.00789008515132296,0.00293518071894964,0.35597654578473,35,0.861414136191478,"Veillonella sp. S12025-13","Species","Veillonella sp. S12025-13","d__Bacteria;p__Bacillota;c__Negativicutes;o__Veillonellales;f__Veillonellaceae;g__Veillonella_s__Veillonella_sp._S12025-13"
"X2682455","PFDoA",0.000631742915503807,0.00246158596167432,-0.00441901427959902,0.00568250011060664,0.799401748357616,35,0.970355898058642,"Veillonella sp. S12025-13","Species","Veillonella sp. S12025-13","d__Bacteria;p__Bacillota;c__Negativicutes;o__Veillonellales;f__Veillonellaceae;g__Veillonella_s__Veillonella_sp._S12025-13"
"X2682455","PFHpA",0.00434747924065411,0.00223996216313662,-0.000248543481430802,0.00894350196273901,0.0627804505605106,35,0.889866029573718,"Veillonella sp. S12025-13","Species","Veillonella sp. S12025-13","d__Bacteria;p__Bacillota;c__Negativicutes;o__Veillonellales;f__Veillonellaceae;g__Veillonella_s__Veillonella_sp._S12025-13"
"X2682455","N.MeFOSAA",-0.00308737342307838,0.00258038355632303,-0.00838188314816588,0.00220713630200913,0.241911046706793,35,0.918566105878837,"Veillonella sp. S12025-13","Species","Veillonella sp. S12025-13","d__Bacteria;p__Bacillota;c__Negativicutes;o__Veillonellales;f__Veillonellaceae;g__Veillonella_s__Veillonella_sp._S12025-13"
"X2682455","PFDA",0.00207388174527158,0.00246329103292022,-0.00298037396704637,0.00712813745758953,0.407231211048673,35,0.92382028040461,"Veillonella sp. S12025-13","Species","Veillonella sp. S12025-13","d__Bacteria;p__Bacillota;c__Negativicutes;o__Veillonellales;f__Veillonellaceae;g__Veillonella_s__Veillonella_sp._S12025-13"
"X2686210","PFDoA",0.000971908328391969,0.00259191842379031,-0.00434626898976847,0.0062900856465524,0.710607424265552,35,0.970355898058642,"Streptococcus ruminicola","Species","Streptococcus ruminicola","d__Bacteria;p__Bacillota;c__Bacilli;o__Lactobacillales;f__Streptococcaceae;g__Streptococcus_s__Streptococcus_ruminicola"
"X2686210","N.MeFOSAA",0.00123238520448952,0.00278185961502511,-0.0044755192461831,0.00694028965516213,0.66128941226289,35,0.984500466668035,"Streptococcus ruminicola","Species","Streptococcus ruminicola","d__Bacteria;p__Bacillota;c__Bacilli;o__Lactobacillales;f__Streptococcaceae;g__Streptococcus_s__Streptococcus_ruminicola"
"X2686210","PFHpA",-0.00187898268910989,0.0024951275173528,-0.00699856147172405,0.00324059609350427,0.457929823431236,35,0.889866029573718,"Streptococcus ruminicola","Species","Streptococcus ruminicola","d__Bacteria;p__Bacillota;c__Bacilli;o__Lactobacillales;f__Streptococcaceae;g__Streptococcus_s__Streptococcus_ruminicola"
"X2686210","PFBA",0.00226537926541143,0.00279269716307299,-0.00346476199706966,0.00799552052789252,0.424355870527826,35,0.861414136191478,"Streptococcus ruminicola","Species","Streptococcus ruminicola","d__Bacteria;p__Bacillota;c__Bacilli;o__Lactobacillales;f__Streptococcaceae;g__Streptococcus_s__Streptococcus_ruminicola"
"X2686210","PFDA",0.000226753181418601,0.00263080270387774,-0.00517120808923659,0.00562471445207379,0.931950093741048,35,0.98420539314755,"Streptococcus ruminicola","Species","Streptococcus ruminicola","d__Bacteria;p__Bacillota;c__Bacilli;o__Lactobacillales;f__Streptococcaceae;g__Streptococcus_s__Streptococcus_ruminicola"
"X2697371","N.MeFOSAA",-0.000624572216962702,0.00211057342766653,-0.00495511118312129,0.00370596674919588,0.769551193340373,35,0.984500466668035,"Klebsiella sp. MPUS7","Species","Klebsiella sp. MPUS7","d__Bacteria;p__Pseudomonadota;c__Gammaproteobacteria;o__Enterobacterales;f__Enterobacteriaceae;g__Klebsiella_s__Klebsiella_sp._MPUS7"
"X2697371","PFBA",-0.00050502603829556,0.00213796150029185,-0.00489176068765435,0.00388170861106323,0.815045947772807,35,0.964701732189117,"Klebsiella sp. MPUS7","Species","Klebsiella sp. MPUS7","d__Bacteria;p__Pseudomonadota;c__Gammaproteobacteria;o__Enterobacterales;f__Enterobacteriaceae;g__Klebsiella_s__Klebsiella_sp._MPUS7"
"X2697371","PFDA",-0.00122616822428292,0.0019782249162974,-0.00528515047600358,0.00283281402743774,0.540564225678189,35,0.92382028040461,"Klebsiella sp. MPUS7","Species","Klebsiella sp. MPUS7","d__Bacteria;p__Pseudomonadota;c__Gammaproteobacteria;o__Enterobacterales;f__Enterobacteriaceae;g__Klebsiella_s__Klebsiella_sp._MPUS7"
"X2697371","PFDoA",-0.00303368386711155,0.00187902485049504,-0.00688912439658208,0.000821756662358984,0.11804678738055,35,0.970355898058642,"Klebsiella sp. MPUS7","Species","Klebsiella sp. MPUS7","d__Bacteria;p__Pseudomonadota;c__Gammaproteobacteria;o__Enterobacterales;f__Enterobacteriaceae;g__Klebsiella_s__Klebsiella_sp._MPUS7"
"X2697371","PFHpA",0.00276841458241462,0.00183312880692624,-0.000992855044275725,0.00652968420910497,0.142604673783762,35,0.889866029573718,"Klebsiella sp. MPUS7","Species","Klebsiella sp. MPUS7","d__Bacteria;p__Pseudomonadota;c__Gammaproteobacteria;o__Enterobacterales;f__Enterobacteriaceae;g__Klebsiella_s__Klebsiella_sp._MPUS7"
"X2715212","N.MeFOSAA",0.000169494323896776,0.00346435725808756,-0.00693877961823724,0.00727776826603079,0.961339044901556,35,0.985941901719069,"Bacteroides faecium","Species","Bacteroides faecium","d__Bacteria;p__Bacteroidota;c__Bacteroidia;o__Bacteroidales;f__Bacteroidaceae;g__Bacteroides_s__Bacteroides_faecium"
"X2715212","PFBA",-0.00277665447711717,0.00346646409467537,-0.0098892512908553,0.00433594233662096,0.430121630119741,35,0.861414136191478,"Bacteroides faecium","Species","Bacteroides faecium","d__Bacteria;p__Bacteroidota;c__Bacteroidia;o__Bacteroidales;f__Bacteroidaceae;g__Bacteroides_s__Bacteroides_faecium"
"X2715212","PFDoA",0.00292842459330142,0.00317502483841726,-0.003586188260746,0.00944303744734885,0.364524842875098,35,0.970355898058642,"Bacteroides faecium","Species","Bacteroides faecium","d__Bacteria;p__Bacteroidota;c__Bacteroidia;o__Bacteroidales;f__Bacteroidaceae;g__Bacteroides_s__Bacteroides_faecium"
"X2715212","PFHpA",-0.00119434238003435,0.00312007592473938,-0.00759620937615006,0.00520752461608136,0.704870506890656,35,0.932817907439746,"Bacteroides faecium","Species","Bacteroides faecium","d__Bacteria;p__Bacteroidota;c__Bacteroidia;o__Bacteroidales;f__Bacteroidaceae;g__Bacteroides_s__Bacteroides_faecium"
"X2715212","PFDA",-0.002235322084003,0.00323652712213138,-0.00887612720060828,0.00440548303260229,0.495677773969897,35,0.92382028040461,"Bacteroides faecium","Species","Bacteroides faecium","d__Bacteria;p__Bacteroidota;c__Bacteroidia;o__Bacteroidales;f__Bacteroidaceae;g__Bacteroides_s__Bacteroides_faecium"
"X2725997","N.MeFOSAA",-0.00296867760217367,0.00210479897385891,-0.00728736836779376,0.00135001316344643,0.169829503587593,35,0.918566105878837,"Escherichia sp. SCLE84","Species","Escherichia sp. SCLE84","d__Bacteria;p__Pseudomonadota;c__Gammaproteobacteria;o__Enterobacterales;f__Enterobacteriaceae;g__Escherichia_s__Escherichia_sp._SCLE84"
"X2725997","PFHpA",-5.62594601195958e-05,0.0019694262440886,-0.00409718832769774,0.00398466940745855,0.977420499889152,35,0.991586014380299,"Escherichia sp. SCLE84","Species","Escherichia sp. SCLE84","d__Bacteria;p__Pseudomonadota;c__Gammaproteobacteria;o__Enterobacterales;f__Enterobacteriaceae;g__Escherichia_s__Escherichia_sp._SCLE84"
"X2725997","PFDA",-0.00282249469248827,0.00198228401781793,-0.00688980553257824,0.0012448161476017,0.165941886934259,35,0.875384362782265,"Escherichia sp. SCLE84","Species","Escherichia sp. SCLE84","d__Bacteria;p__Pseudomonadota;c__Gammaproteobacteria;o__Enterobacterales;f__Enterobacteriaceae;g__Escherichia_s__Escherichia_sp._SCLE84"
"X2725997","PFBA",-0.000343706152955052,0.00220697466487578,-0.00487204411944603,0.00418463181353593,0.877399381186981,35,0.969968177491165,"Escherichia sp. SCLE84","Species","Escherichia sp. SCLE84","d__Bacteria;p__Pseudomonadota;c__Gammaproteobacteria;o__Enterobacterales;f__Enterobacteriaceae;g__Escherichia_s__Escherichia_sp._SCLE84"
"X2725997","PFDoA",-0.00107449216680987,0.00201940780610916,-0.00521797472860315,0.00306899039498342,0.59902014801493,35,0.970355898058642,"Escherichia sp. SCLE84","Species","Escherichia sp. SCLE84","d__Bacteria;p__Pseudomonadota;c__Gammaproteobacteria;o__Enterobacterales;f__Enterobacteriaceae;g__Escherichia_s__Escherichia_sp._SCLE84"
"X2742639","PFHpA",-0.00275316565024994,0.00262561614353877,-0.00814048497812607,0.0026341536776262,0.303668027415096,35,0.889866029573718,"Enterobacter sp. RHBSTW-00175","Species","Enterobacter sp. RHBSTW-00175","d__Bacteria;p__Pseudomonadota;c__Gammaproteobacteria;o__Enterobacterales;f__Enterobacteriaceae;g__Enterobacter_s__Enterobacter_sp._RHBSTW-00175"
"X2742639","PFBA",-0.00461022446273924,0.00286886407088093,-0.0104966473110066,0.00127619838552811,0.119690695625762,35,0.861414136191478,"Enterobacter sp. RHBSTW-00175","Species","Enterobacter sp. RHBSTW-00175","d__Bacteria;p__Pseudomonadota;c__Gammaproteobacteria;o__Enterobacterales;f__Enterobacteriaceae;g__Enterobacter_s__Enterobacter_sp._RHBSTW-00175"
"X2742639","PFDA",0.000625174461730123,0.00279278662974093,-0.00510515037119045,0.0063554992946507,0.824556676157462,35,0.978766981221743,"Enterobacter sp. RHBSTW-00175","Species","Enterobacter sp. RHBSTW-00175","d__Bacteria;p__Pseudomonadota;c__Gammaproteobacteria;o__Enterobacterales;f__Enterobacteriaceae;g__Enterobacter_s__Enterobacter_sp._RHBSTW-00175"
"X2742639","PFDoA",-0.00212206741385339,0.00273046996467536,-0.00772452901170714,0.00348039418400036,0.443808848599132,35,0.970355898058642,"Enterobacter sp. RHBSTW-00175","Species","Enterobacter sp. RHBSTW-00175","d__Bacteria;p__Pseudomonadota;c__Gammaproteobacteria;o__Enterobacterales;f__Enterobacteriaceae;g__Enterobacter_s__Enterobacter_sp._RHBSTW-00175"
"X2742639","N.MeFOSAA",0.00374995310146355,0.00287706713739647,-0.00215330104900909,0.0096532072519362,0.203445558561809,35,0.918566105878837,"Enterobacter sp. RHBSTW-00175","Species","Enterobacter sp. RHBSTW-00175","d__Bacteria;p__Pseudomonadota;c__Gammaproteobacteria;o__Enterobacterales;f__Enterobacteriaceae;g__Enterobacter_s__Enterobacter_sp._RHBSTW-00175"
"X2742643","N.MeFOSAA",-0.00380125864457236,0.0058167143600184,-0.0157361706741072,0.00813365338496249,0.518957162696314,35,0.984500466668035,"Enterobacter sp. RHBSTW-00318","Species","Enterobacter sp. RHBSTW-00318","d__Bacteria;p__Pseudomonadota;c__Gammaproteobacteria;o__Enterobacterales;f__Enterobacteriaceae;g__Enterobacter_s__Enterobacter_sp._RHBSTW-00318"
"X2742643","PFBA",0.00829814511471507,0.00571624080244683,-0.0034306122032951,0.0200269024327252,0.158112533349851,35,0.861414136191478,"Enterobacter sp. RHBSTW-00318","Species","Enterobacter sp. RHBSTW-00318","d__Bacteria;p__Pseudomonadota;c__Gammaproteobacteria;o__Enterobacterales;f__Enterobacteriaceae;g__Enterobacter_s__Enterobacter_sp._RHBSTW-00318"
"X2742643","PFDA",0.00992518803497719,0.00518422652405748,-0.000711966151430458,0.0205623422213848,0.0662091210083749,35,0.660095480247929,"Enterobacter sp. RHBSTW-00318","Species","Enterobacter sp. RHBSTW-00318","d__Bacteria;p__Pseudomonadota;c__Gammaproteobacteria;o__Enterobacterales;f__Enterobacteriaceae;g__Enterobacter_s__Enterobacter_sp._RHBSTW-00318"
"X2742643","PFDoA",0.0012190008603675,0.00545161483892117,-0.0099667888302277,0.0124047905509627,0.824748985837103,35,0.970355898058642,"Enterobacter sp. RHBSTW-00318","Species","Enterobacter sp. RHBSTW-00318","d__Bacteria;p__Pseudomonadota;c__Gammaproteobacteria;o__Enterobacterales;f__Enterobacteriaceae;g__Enterobacter_s__Enterobacter_sp._RHBSTW-00318"
"X2742643","PFHpA",-1.37784122010624e-05,0.00529400117266524,-0.010876171572558,0.0108486147481559,0.997942525953315,35,0.997942525953315,"Enterobacter sp. RHBSTW-00318","Species","Enterobacter sp. RHBSTW-00318","d__Bacteria;p__Pseudomonadota;c__Gammaproteobacteria;o__Enterobacterales;f__Enterobacteriaceae;g__Enterobacter_s__Enterobacter_sp._RHBSTW-00318"
"X2742672","N.MeFOSAA",0.0016858114326574,0.00369668769694171,-0.00589916519382483,0.00927078805913962,0.65201322180565,35,0.984500466668035,"Enterobacter sp. RHBSTW-00974","Species","Enterobacter sp. RHBSTW-00974","d__Bacteria;p__Pseudomonadota;c__Gammaproteobacteria;o__Enterobacterales;f__Enterobacteriaceae;g__Enterobacter_s__Enterobacter_sp._RHBSTW-00974"
"X2742672","PFDoA",-0.00184918200867578,0.00343560109536366,-0.00889845317859603,0.00520008916124448,0.594820319004902,35,0.970355898058642,"Enterobacter sp. RHBSTW-00974","Species","Enterobacter sp. RHBSTW-00974","d__Bacteria;p__Pseudomonadota;c__Gammaproteobacteria;o__Enterobacterales;f__Enterobacteriaceae;g__Enterobacter_s__Enterobacter_sp._RHBSTW-00974"
"X2742672","PFHpA",0.0024195943426179,0.00331851259261531,-0.00438943106423431,0.0092286197494701,0.472206100709766,35,0.889866029573718,"Enterobacter sp. RHBSTW-00974","Species","Enterobacter sp. RHBSTW-00974","d__Bacteria;p__Pseudomonadota;c__Gammaproteobacteria;o__Enterobacterales;f__Enterobacteriaceae;g__Enterobacter_s__Enterobacter_sp._RHBSTW-00974"
"X2742672","PFBA",-0.00248918558267228,0.00372617958182154,-0.0101346745585394,0.0051563033931949,0.509787538116723,35,0.861414136191478,"Enterobacter sp. RHBSTW-00974","Species","Enterobacter sp. RHBSTW-00974","d__Bacteria;p__Pseudomonadota;c__Gammaproteobacteria;o__Enterobacterales;f__Enterobacteriaceae;g__Enterobacter_s__Enterobacter_sp._RHBSTW-00974"
"X2742672","PFDA",0.000183325614005561,0.00349701060736984,-0.00699194746665112,0.00735859869466224,0.95857717753661,35,0.98420539314755,"Enterobacter sp. RHBSTW-00974","Species","Enterobacter sp. RHBSTW-00974","d__Bacteria;p__Pseudomonadota;c__Gammaproteobacteria;o__Enterobacterales;f__Enterobacteriaceae;g__Enterobacter_s__Enterobacter_sp._RHBSTW-00974"
"X2742673","N.MeFOSAA",-0.00422024639430721,0.00295234756574088,-0.0102779632249506,0.00183747043633621,0.1643430613357,35,0.918566105878837,"Enterobacter sp. RHBSTW-00975","Species","Enterobacter sp. RHBSTW-00975","d__Bacteria;p__Pseudomonadota;c__Gammaproteobacteria;o__Enterobacterales;f__Enterobacteriaceae;g__Enterobacter_s__Enterobacter_sp._RHBSTW-00975"
"X2742673","PFDA",-0.00194171269100664,0.00286138823328255,-0.00781279638755339,0.00392937100554011,0.503172312760211,35,0.92382028040461,"Enterobacter sp. RHBSTW-00975","Species","Enterobacter sp. RHBSTW-00975","d__Bacteria;p__Pseudomonadota;c__Gammaproteobacteria;o__Enterobacterales;f__Enterobacteriaceae;g__Enterobacter_s__Enterobacter_sp._RHBSTW-00975"
"X2742673","PFDoA",0.00264061661374708,0.00280436207620043,-0.00311345907346099,0.00839469230095514,0.354741313422683,35,0.970355898058642,"Enterobacter sp. RHBSTW-00975","Species","Enterobacter sp. RHBSTW-00975","d__Bacteria;p__Pseudomonadota;c__Gammaproteobacteria;o__Enterobacterales;f__Enterobacteriaceae;g__Enterobacter_s__Enterobacter_sp._RHBSTW-00975"
"X2742673","PFBA",0.00469043409389569,0.00296560509681689,-0.00139448494358266,0.010775353131374,0.125383402873295,35,0.861414136191478,"Enterobacter sp. RHBSTW-00975","Species","Enterobacter sp. RHBSTW-00975","d__Bacteria;p__Pseudomonadota;c__Gammaproteobacteria;o__Enterobacterales;f__Enterobacteriaceae;g__Enterobacter_s__Enterobacter_sp._RHBSTW-00975"
"X2742673","PFHpA",0.00161647878453583,0.00274752234375124,-0.00402097140508439,0.00725392897415605,0.561193468802501,35,0.913570763166862,"Enterobacter sp. RHBSTW-00975","Species","Enterobacter sp. RHBSTW-00975","d__Bacteria;p__Pseudomonadota;c__Gammaproteobacteria;o__Enterobacterales;f__Enterobacteriaceae;g__Enterobacter_s__Enterobacter_sp._RHBSTW-00975"
"X2755405","PFBA",-0.00998119949293482,0.00496387231179333,-0.0201662241821839,0.00020382519631428,0.0544337396539023,35,0.861414136191478,"Bacteroides sp. CACC 737","Species","Bacteroides sp. CACC 737","d__Bacteria;p__Bacteroidota;c__Bacteroidia;o__Bacteroidales;f__Bacteroidaceae;g__Bacteroides_s__Bacteroides_sp._CACC_737"
"X2755405","PFDA",-0.00164802301965445,0.00494453965586772,-0.0117933803755108,0.00849733433620186,0.741481142163767,35,0.978766981221743,"Bacteroides sp. CACC 737","Species","Bacteroides sp. CACC 737","d__Bacteria;p__Bacteroidota;c__Bacteroidia;o__Bacteroidales;f__Bacteroidaceae;g__Bacteroides_s__Bacteroides_sp._CACC_737"
"X2755405","PFDoA",-0.00157943260298415,0.00488404020480378,-0.0116006553389172,0.00844179013294886,0.748894019898276,35,0.970355898058642,"Bacteroides sp. CACC 737","Species","Bacteroides sp. CACC 737","d__Bacteria;p__Bacteroidota;c__Bacteroidia;o__Bacteroidales;f__Bacteroidaceae;g__Bacteroides_s__Bacteroides_sp._CACC_737"
"X2755405","PFHpA",-0.000275081229708529,0.00474732385628153,-0.0100157851896418,0.00946562273022477,0.954219569759394,35,0.982284851222905,"Bacteroides sp. CACC 737","Species","Bacteroides sp. CACC 737","d__Bacteria;p__Bacteroidota;c__Bacteroidia;o__Bacteroidales;f__Bacteroidaceae;g__Bacteroides_s__Bacteroides_sp._CACC_737"
"X2755405","N.MeFOSAA",-0.00400382573147871,0.00520070498093772,-0.0146747909185777,0.00666713945562031,0.448065362231663,35,0.984500466668035,"Bacteroides sp. CACC 737","Species","Bacteroides sp. CACC 737","d__Bacteria;p__Bacteroidota;c__Bacteroidia;o__Bacteroidales;f__Bacteroidaceae;g__Bacteroides_s__Bacteroides_sp._CACC_737"
"X2763062","PFBA",-0.00162567949298799,0.00524904742049845,-0.0123958351728188,0.00914447618684286,0.759159668449631,35,0.950336288687364,"Roseburia rectibacter","Species","Roseburia rectibacter","d__Bacteria;p__Bacillota;c__Clostridia;o__Lachnospirales;f__Lachnospiraceae;g__Roseburia_s__Roseburia_rectibacter"
"X2763062","N.MeFOSAA",0.00956937279645498,0.0048565987680813,-0.000395544762194791,0.0195342903551048,0.0591283916495699,35,0.894411216393901,"Roseburia rectibacter","Species","Roseburia rectibacter","d__Bacteria;p__Bacillota;c__Clostridia;o__Lachnospirales;f__Lachnospiraceae;g__Roseburia_s__Roseburia_rectibacter"
"X2763062","PFDA",0.00480710709692069,0.00480670771792887,-0.00505544248252708,0.0146696566763685,0.326149425923884,35,0.878094608256611,"Roseburia rectibacter","Species","Roseburia rectibacter","d__Bacteria;p__Bacillota;c__Clostridia;o__Lachnospirales;f__Lachnospiraceae;g__Roseburia_s__Roseburia_rectibacter"
"X2763062","PFDoA",0.00152220870066727,0.00482556907721121,-0.00837904119133831,0.0114234585926728,0.754848013264386,35,0.970355898058642,"Roseburia rectibacter","Species","Roseburia rectibacter","d__Bacteria;p__Bacillota;c__Clostridia;o__Lachnospirales;f__Lachnospiraceae;g__Roseburia_s__Roseburia_rectibacter"
"X2763062","PFHpA",-0.00378870533157772,0.00463332164013569,-0.0132954960654766,0.00571808540232118,0.420681621878601,35,0.889866029573718,"Roseburia rectibacter","Species","Roseburia rectibacter","d__Bacteria;p__Bacillota;c__Clostridia;o__Lachnospirales;f__Lachnospiraceae;g__Roseburia_s__Roseburia_rectibacter"
"X2781599","PFHpA",0.00169889452383391,0.00284289848836299,-0.00413425134984494,0.00753204039751276,0.555091360011822,35,0.913570763166862,"Streptococcus oriscaviae","Species","Streptococcus oriscaviae","d__Bacteria;p__Bacillota;c__Bacilli;o__Lactobacillales;f__Streptococcaceae;g__Streptococcus_s__Streptococcus_oriscaviae"
"X2781599","PFDoA",0.000487271783015165,0.00294807038232633,-0.00556166899217371,0.00653621255820404,0.869951012443823,35,0.970355898058642,"Streptococcus oriscaviae","Species","Streptococcus oriscaviae","d__Bacteria;p__Bacillota;c__Bacilli;o__Lactobacillales;f__Streptococcaceae;g__Streptococcus_s__Streptococcus_oriscaviae"
"X2781599","PFDA",-0.00125241735374885,0.00297671463305508,-0.00736013127670468,0.00485529656920697,0.677276425420016,35,0.973898189642314,"Streptococcus oriscaviae","Species","Streptococcus oriscaviae","d__Bacteria;p__Bacillota;c__Bacilli;o__Lactobacillales;f__Streptococcaceae;g__Streptococcus_s__Streptococcus_oriscaviae"
"X2781599","N.MeFOSAA",0.00173722322583706,0.00315126986993917,-0.00472864845896899,0.00820309491064312,0.58597733010756,35,0.984500466668035,"Streptococcus oriscaviae","Species","Streptococcus oriscaviae","d__Bacteria;p__Bacillota;c__Bacilli;o__Lactobacillales;f__Streptococcaceae;g__Streptococcus_s__Streptococcus_oriscaviae"
"X2781599","PFBA",0.00343593616806894,0.00313930954094298,-0.00300539494871558,0.00987726728485346,0.283409252522612,35,0.861414136191478,"Streptococcus oriscaviae","Species","Streptococcus oriscaviae","d__Bacteria;p__Bacillota;c__Bacilli;o__Lactobacillales;f__Streptococcaceae;g__Streptococcus_s__Streptococcus_oriscaviae"
"X2785531","PFDA",-0.00923283506567262,0.00480876529053277,-0.0190996064353789,0.000633936304033708,0.0654804584845007,35,0.660095480247929,"Bacteroides sp. HF-162","Species","Bacteroides sp. HF-162","d__Bacteria;p__Bacteroidota;c__Bacteroidia;o__Bacteroidales;f__Bacteroidaceae;g__Bacteroides_s__Bacteroides_sp._HF-162"
"X2785531","N.MeFOSAA",-0.00433499877997374,0.00537546640447186,-0.0153645447889837,0.00669454722903618,0.427034937154933,35,0.984500466668035,"Bacteroides sp. HF-162","Species","Bacteroides sp. HF-162","d__Bacteria;p__Bacteroidota;c__Bacteroidia;o__Bacteroidales;f__Bacteroidaceae;g__Bacteroides_s__Bacteroides_sp._HF-162"
"X2785531","PFBA",-0.00781067347035029,0.00529806635910293,-0.0186814077042953,0.00306006076359469,0.151979612400397,35,0.861414136191478,"Bacteroides sp. HF-162","Species","Bacteroides sp. HF-162","d__Bacteria;p__Bacteroidota;c__Bacteroidia;o__Bacteroidales;f__Bacteroidaceae;g__Bacteroides_s__Bacteroides_sp._HF-162"
"X2785531","PFDoA",-0.00461228450132743,0.00498479656278833,-0.0148402422073026,0.00561567320464769,0.363021933271305,35,0.970355898058642,"Bacteroides sp. HF-162","Species","Bacteroides sp. HF-162","d__Bacteria;p__Bacteroidota;c__Bacteroidia;o__Bacteroidales;f__Bacteroidaceae;g__Bacteroides_s__Bacteroides_sp._HF-162"
"X2785531","PFHpA",-0.00303164005662949,0.00487750866488669,-0.013039461179641,0.00697618106638203,0.539447549985903,35,0.913570763166862,"Bacteroides sp. HF-162","Species","Bacteroides sp. HF-162","d__Bacteria;p__Bacteroidota;c__Bacteroidia;o__Bacteroidales;f__Bacteroidaceae;g__Bacteroides_s__Bacteroides_sp._HF-162"
"X2798729","PFHpA",-0.000180571841481489,0.00276499492848423,-0.00585387281365865,0.00549272913069567,0.948411203965971,35,0.982284851222905,"Enterobacter cloacae complex sp. AR_0002","Species","Enterobacter cloacae complex sp. AR_0002","d__Bacteria;p__Pseudomonadota;c__Gammaproteobacteria;o__Enterobacterales;f__Enterobacteriaceae;g__Enterobacter_s__Enterobacter_cloacae_complex_sp._AR_0002"
"X2798729","PFDA",0.00306193856885539,0.00282502321895083,-0.00273453028155329,0.00885840741926406,0.288009658224401,35,0.876551133726437,"Enterobacter cloacae complex sp. AR_0002","Species","Enterobacter cloacae complex sp. AR_0002","d__Bacteria;p__Pseudomonadota;c__Gammaproteobacteria;o__Enterobacterales;f__Enterobacteriaceae;g__Enterobacter_s__Enterobacter_cloacae_complex_sp._AR_0002"
"X2798729","N.MeFOSAA",0.00267191253329058,0.00301869320594452,-0.00352193430655809,0.00886575937313926,0.383905743087709,35,0.984500466668035,"Enterobacter cloacae complex sp. AR_0002","Species","Enterobacter cloacae complex sp. AR_0002","d__Bacteria;p__Pseudomonadota;c__Gammaproteobacteria;o__Enterobacterales;f__Enterobacteriaceae;g__Enterobacter_s__Enterobacter_cloacae_complex_sp._AR_0002"
"X2798729","PFBA",0.00181819272566551,0.00308028188978612,-0.00450202365515921,0.00813840910649024,0.559919188524461,35,0.861414136191478,"Enterobacter cloacae complex sp. AR_0002","Species","Enterobacter cloacae complex sp. AR_0002","d__Bacteria;p__Pseudomonadota;c__Gammaproteobacteria;o__Enterobacterales;f__Enterobacteriaceae;g__Enterobacter_s__Enterobacter_cloacae_complex_sp._AR_0002"
"X2798729","PFDoA",0.00201039457132885,0.0028237922719212,-0.00378354858440025,0.00780433772705796,0.482603578771168,35,0.970355898058642,"Enterobacter cloacae complex sp. AR_0002","Species","Enterobacter cloacae complex sp. AR_0002","d__Bacteria;p__Pseudomonadota;c__Gammaproteobacteria;o__Enterobacterales;f__Enterobacteriaceae;g__Enterobacter_s__Enterobacter_cloacae_complex_sp._AR_0002"
"X28116","PFDoA",-0.00565295598168623,0.0036058562599904,-0.013051561893976,0.00174564993060354,0.128594165793289,35,0.970355898058642,"Bacteroides ovatus","Species","Bacteroides ovatus","d__Bacteria;p__Bacteroidota;c__Bacteroidia;o__Bacteroidales;f__Bacteroidaceae;g__Bacteroides_s__Bacteroides_ovatus"
"X28116","PFHpA",0.00294171336418224,0.00361000281836286,-0.00446540058311451,0.010348827311479,0.422271819909476,35,0.889866029573718,"Bacteroides ovatus","Species","Bacteroides ovatus","d__Bacteria;p__Bacteroidota;c__Bacteroidia;o__Bacteroidales;f__Bacteroidaceae;g__Bacteroides_s__Bacteroides_ovatus"
"X28116","PFBA",-0.00530320619189681,0.00396748698433872,-0.0134438170601013,0.00283740467630771,0.192486651823731,35,0.861414136191478,"Bacteroides ovatus","Species","Bacteroides ovatus","d__Bacteria;p__Bacteroidota;c__Bacteroidia;o__Bacteroidales;f__Bacteroidaceae;g__Bacteroides_s__Bacteroides_ovatus"
"X28116","PFDA",-0.00270972862078127,0.00377768639664292,-0.0104609008511057,0.00504144360954313,0.479350120014563,35,0.92382028040461,"Bacteroides ovatus","Species","Bacteroides ovatus","d__Bacteria;p__Bacteroidota;c__Bacteroidia;o__Bacteroidales;f__Bacteroidaceae;g__Bacteroides_s__Bacteroides_ovatus"
"X28116","N.MeFOSAA",-0.00458024652352427,0.00394937638546426,-0.0126836975122864,0.00352320446523789,0.256308322019038,35,0.918566105878837,"Bacteroides ovatus","Species","Bacteroides ovatus","d__Bacteria;p__Bacteroidota;c__Bacteroidia;o__Bacteroidales;f__Bacteroidaceae;g__Bacteroides_s__Bacteroides_ovatus"
"X2831966","N.MeFOSAA",-0.0099648742397631,0.00640069394128563,-0.0230980133951434,0.00316826491561723,0.13115314927929,35,0.918566105878837,"Ruminococcus sp. FMBCY1","Species","Ruminococcus sp. FMBCY1","d__Bacteria;p__Bacillota;c__Clostridia;o__Eubacteriales;f__Oscillospiraceae;g__Ruminococcus_s__Ruminococcus_sp._FMBCY1"
"X2831966","PFDoA",-0.000871976660944153,0.00621695100201177,-0.0136281064463346,0.0118841531244463,0.889497319412195,35,0.970355898058642,"Ruminococcus sp. FMBCY1","Species","Ruminococcus sp. FMBCY1","d__Bacteria;p__Bacillota;c__Clostridia;o__Eubacteriales;f__Oscillospiraceae;g__Ruminococcus_s__Ruminococcus_sp._FMBCY1"
"X2831966","PFHpA",0.00048495772300744,0.00603310415551959,-0.0118939494923917,0.0128638649384066,0.936525684042836,35,0.982284851222905,"Ruminococcus sp. FMBCY1","Species","Ruminococcus sp. FMBCY1","d__Bacteria;p__Bacillota;c__Clostridia;o__Eubacteriales;f__Oscillospiraceae;g__Ruminococcus_s__Ruminococcus_sp._FMBCY1"
"X2831966","PFDA",-0.00939861393571312,0.00603164232557309,-0.0217745217238181,0.00297729385239185,0.130827178368584,35,0.875384362782265,"Ruminococcus sp. FMBCY1","Species","Ruminococcus sp. FMBCY1","d__Bacteria;p__Bacillota;c__Clostridia;o__Eubacteriales;f__Oscillospiraceae;g__Ruminococcus_s__Ruminococcus_sp._FMBCY1"
"X2831966","PFBA",-0.0036251393699465,0.00672847606859504,-0.0174308318968971,0.0101805531570041,0.594456471214406,35,0.900699375140302,"Ruminococcus sp. FMBCY1","Species","Ruminococcus sp. FMBCY1","d__Bacteria;p__Bacillota;c__Clostridia;o__Eubacteriales;f__Oscillospiraceae;g__Ruminococcus_s__Ruminococcus_sp._FMBCY1"
"X2843318","PFDA",0.00106212648744536,0.00473631041474237,-0.00865597975704642,0.0107802327319371,0.824249667075544,35,0.978766981221743,"Clostridium sp. CF011","Species","Clostridium sp. CF011","d__Bacteria;p__Bacillota;c__Clostridia;o__Eubacteriales;f__Clostridiaceae;g__Clostridium_s__Clostridium_sp._CF011"
"X2843318","PFDoA",-0.00569993344334591,0.00455183864503079,-0.0150395348813144,0.00363966799462255,0.221226239869224,35,0.970355898058642,"Clostridium sp. CF011","Species","Clostridium sp. CF011","d__Bacteria;p__Bacillota;c__Clostridia;o__Eubacteriales;f__Clostridiaceae;g__Clostridium_s__Clostridium_sp._CF011"
"X2843318","N.MeFOSAA",-0.0101729966104875,0.00463380515324553,-0.0196807794313403,-0.000665213789634736,0.0369110970619107,35,0.738221941238214,"Clostridium sp. CF011","Species","Clostridium sp. CF011","d__Bacteria;p__Bacillota;c__Clostridia;o__Eubacteriales;f__Clostridiaceae;g__Clostridium_s__Clostridium_sp._CF011"
"X2843318","PFBA",0.0037230620925021,0.00504205148094435,-0.00662237300176414,0.0140684971867683,0.466640460256611,35,0.861414136191478,"Clostridium sp. CF011","Species","Clostridium sp. CF011","d__Bacteria;p__Bacillota;c__Clostridia;o__Eubacteriales;f__Clostridiaceae;g__Clostridium_s__Clostridium_sp._CF011"
"X2843318","PFHpA",-0.000289059770393249,0.00454223972962696,-0.00960896586081101,0.00903084632002451,0.949727157404777,35,0.982284851222905,"Clostridium sp. CF011","Species","Clostridium sp. CF011","d__Bacteria;p__Bacillota;c__Clostridia;o__Eubacteriales;f__Clostridiaceae;g__Clostridium_s__Clostridium_sp._CF011"
"X2849865","N.MeFOSAA",7.95422664652012e-05,0.00297675143266573,-0.00602824716305476,0.00618733169598516,0.978878656933026,35,0.985941901719069,"Clostridium sp. CM027","Species","Clostridium sp. CM027","d__Bacteria;p__Bacillota;c__Clostridia;o__Eubacteriales;f__Clostridiaceae;g__Clostridium_s__Clostridium_sp._CM027"
"X2849865","PFBA",0.000137233514216791,0.00301353469237241,-0.00604602893006495,0.00632049595849853,0.9640127979134,35,0.970948141783281,"Clostridium sp. CM027","Species","Clostridium sp. CM027","d__Bacteria;p__Bacillota;c__Clostridia;o__Eubacteriales;f__Clostridiaceae;g__Clostridium_s__Clostridium_sp._CM027"
"X2849865","PFDA",-0.00595779191957434,0.0025603513381379,-0.0112111989280768,-0.000704384911071856,0.027714112396229,35,0.646662622578676,"Clostridium sp. CM027","Species","Clostridium sp. CM027","d__Bacteria;p__Bacillota;c__Clostridia;o__Eubacteriales;f__Clostridiaceae;g__Clostridium_s__Clostridium_sp._CM027"
"X2849865","PFDoA",0.00225905804872131,0.0027363791915747,-0.00335552828121331,0.00787364437865593,0.416286283760874,35,0.970355898058642,"Clostridium sp. CM027","Species","Clostridium sp. CM027","d__Bacteria;p__Bacillota;c__Clostridia;o__Eubacteriales;f__Clostridiaceae;g__Clostridium_s__Clostridium_sp._CM027"
"X2849865","PFHpA",-0.00491273810308945,0.00251635450130185,-0.0100758710591431,0.000250394852964205,0.061340638048246,35,0.889866029573718,"Clostridium sp. CM027","Species","Clostridium sp. CM027","d__Bacteria;p__Bacillota;c__Clostridia;o__Eubacteriales;f__Clostridiaceae;g__Clostridium_s__Clostridium_sp._CM027"
"X2850492","PFHpA",-0.00318507883531049,0.00301918939011668,-0.0093799437609854,0.00300978609036441,0.300799504356233,35,0.889866029573718,"Enterobacter cloacae complex sp. ECL78","Species","Enterobacter cloacae complex sp. ECL78","d__Bacteria;p__Pseudomonadota;c__Gammaproteobacteria;o__Enterobacterales;f__Enterobacteriaceae;g__Enterobacter_s__Enterobacter_cloacae_complex_sp._ECL78"
"X2850492","N.MeFOSAA",0.00383131676126254,0.00333100621368281,-0.0030033434385573,0.0106659769610824,0.260148168065654,35,0.918566105878837,"Enterobacter cloacae complex sp. ECL78","Species","Enterobacter cloacae complex sp. ECL78","d__Bacteria;p__Pseudomonadota;c__Gammaproteobacteria;o__Enterobacterales;f__Enterobacteriaceae;g__Enterobacter_s__Enterobacter_cloacae_complex_sp._ECL78"
"X2850492","PFDoA",0.00370169731012757,0.003094499903901,-0.00264769202594181,0.010051086646197,0.242010866649831,35,0.970355898058642,"Enterobacter cloacae complex sp. ECL78","Species","Enterobacter cloacae complex sp. ECL78","d__Bacteria;p__Pseudomonadota;c__Gammaproteobacteria;o__Enterobacterales;f__Enterobacteriaceae;g__Enterobacter_s__Enterobacter_cloacae_complex_sp._ECL78"
"X2850492","PFBA",-0.00401824874267661,0.00336619725016434,-0.0109251149850558,0.0028886174997026,0.242976252804,35,0.861414136191478,"Enterobacter cloacae complex sp. ECL78","Species","Enterobacter cloacae complex sp. ECL78","d__Bacteria;p__Pseudomonadota;c__Gammaproteobacteria;o__Enterobacterales;f__Enterobacteriaceae;g__Enterobacter_s__Enterobacter_cloacae_complex_sp._ECL78"
"X2850492","PFDA",0.000775265108513935,0.00321169919283117,-0.00581459730509216,0.00736512752212003,0.811078362797074,35,0.978766981221743,"Enterobacter cloacae complex sp. ECL78","Species","Enterobacter cloacae complex sp. ECL78","d__Bacteria;p__Pseudomonadota;c__Gammaproteobacteria;o__Enterobacterales;f__Enterobacteriaceae;g__Enterobacter_s__Enterobacter_cloacae_complex_sp._ECL78"
"X2850493","N.MeFOSAA",0.00801999944793981,0.00445567076038313,-0.00112228178960321,0.0171622806854828,0.0830524700937194,35,0.894411216393901,"Enterobacter cloacae complex sp. ECL112","Species","Enterobacter cloacae complex sp. ECL112","d__Bacteria;p__Pseudomonadota;c__Gammaproteobacteria;o__Enterobacterales;f__Enterobacteriaceae;g__Enterobacter_s__Enterobacter_cloacae_complex_sp._ECL112"
"X2850493","PFBA",0.005020055349605,0.00467503235536379,-0.00457231870266314,0.0146124294018731,0.292415212642606,35,0.861414136191478,"Enterobacter cloacae complex sp. ECL112","Species","Enterobacter cloacae complex sp. ECL112","d__Bacteria;p__Pseudomonadota;c__Gammaproteobacteria;o__Enterobacterales;f__Enterobacteriaceae;g__Enterobacter_s__Enterobacter_cloacae_complex_sp._ECL112"
"X2850493","PFDoA",0.00424249552484425,0.00431235474428805,-0.00460572553737451,0.013090716587063,0.333948048121051,35,0.970355898058642,"Enterobacter cloacae complex sp. ECL112","Species","Enterobacter cloacae complex sp. ECL112","d__Bacteria;p__Pseudomonadota;c__Gammaproteobacteria;o__Enterobacterales;f__Enterobacteriaceae;g__Enterobacter_s__Enterobacter_cloacae_complex_sp._ECL112"
"X2850493","PFHpA",0.00405283303109786,0.00418609160598261,-0.00453631747083923,0.0126419835330349,0.341554467560363,35,0.889866029573718,"Enterobacter cloacae complex sp. ECL112","Species","Enterobacter cloacae complex sp. ECL112","d__Bacteria;p__Pseudomonadota;c__Gammaproteobacteria;o__Enterobacterales;f__Enterobacteriaceae;g__Enterobacter_s__Enterobacter_cloacae_complex_sp._ECL112"
"X2850493","PFDA",0.00587583008890163,0.00429758468251106,-0.0029420853098328,0.0146937454876361,0.182825693943467,35,0.875384362782265,"Enterobacter cloacae complex sp. ECL112","Species","Enterobacter cloacae complex sp. ECL112","d__Bacteria;p__Pseudomonadota;c__Gammaproteobacteria;o__Enterobacterales;f__Enterobacteriaceae;g__Enterobacter_s__Enterobacter_cloacae_complex_sp._ECL112"
"X2857061","PFHpA",-0.000468816854493241,0.00268112302188428,-0.00597002688923325,0.00503239318024677,0.862495555080288,35,0.982284851222905,"Escherichia sp. TC-EC600-tetX4","Species","Escherichia sp. TC-EC600-tetX4","d__Bacteria;p__Pseudomonadota;c__Gammaproteobacteria;o__Enterobacterales;f__Enterobacteriaceae;g__Escherichia_s__Escherichia_sp._TC-EC600-tetX4"
"X2857061","PFBA",0.00192651336473693,0.00298457971589307,-0.00419733837520053,0.00805036510467438,0.524058434809433,35,0.861414136191478,"Escherichia sp. TC-EC600-tetX4","Species","Escherichia sp. TC-EC600-tetX4","d__Bacteria;p__Pseudomonadota;c__Gammaproteobacteria;o__Enterobacterales;f__Enterobacteriaceae;g__Escherichia_s__Escherichia_sp._TC-EC600-tetX4"
"X2857061","PFDA",-0.0038567718489992,0.00269947017532343,-0.00939562713305619,0.0016820834350578,0.164553857374996,35,0.875384362782265,"Escherichia sp. TC-EC600-tetX4","Species","Escherichia sp. TC-EC600-tetX4","d__Bacteria;p__Pseudomonadota;c__Gammaproteobacteria;o__Enterobacterales;f__Enterobacteriaceae;g__Escherichia_s__Escherichia_sp._TC-EC600-tetX4"
"X2857061","PFDoA",0.00118371994097654,0.00275566465412186,-0.00447043688953679,0.00683787677148986,0.670925291230791,35,0.970355898058642,"Escherichia sp. TC-EC600-tetX4","Species","Escherichia sp. TC-EC600-tetX4","d__Bacteria;p__Pseudomonadota;c__Gammaproteobacteria;o__Enterobacterales;f__Enterobacteriaceae;g__Escherichia_s__Escherichia_sp._TC-EC600-tetX4"
"X2857061","N.MeFOSAA",-0.00080728845828016,0.00296667013884109,-0.00689439278148511,0.0052798158649248,0.787600373334428,35,0.984500466668035,"Escherichia sp. TC-EC600-tetX4","Species","Escherichia sp. TC-EC600-tetX4","d__Bacteria;p__Pseudomonadota;c__Gammaproteobacteria;o__Enterobacterales;f__Enterobacteriaceae;g__Escherichia_s__Escherichia_sp._TC-EC600-tetX4"
"X2860337","PFBA",0.00187813910496701,0.0045687049889578,-0.00749606921217233,0.0112523474221063,0.684252779414542,35,0.934919396566496,"Escherichia sp. TM-G17TGC","Species","Escherichia sp. TM-G17TGC","d__Bacteria;p__Pseudomonadota;c__Gammaproteobacteria;o__Enterobacterales;f__Enterobacteriaceae;g__Escherichia_s__Escherichia_sp._TM-G17TGC"
"X2860337","PFDA",-0.00392002352085275,0.00419899132346752,-0.0125356420567794,0.00469559501507386,0.358803566534948,35,0.904572425149359,"Escherichia sp. TM-G17TGC","Species","Escherichia sp. TM-G17TGC","d__Bacteria;p__Pseudomonadota;c__Gammaproteobacteria;o__Enterobacterales;f__Enterobacteriaceae;g__Escherichia_s__Escherichia_sp._TM-G17TGC"
"X2860337","PFDoA",0.000188853868295776,0.0042133606047436,-0.00845624799745296,0.00883395573404451,0.964578560550867,35,0.988937634223238,"Escherichia sp. TM-G17TGC","Species","Escherichia sp. TM-G17TGC","d__Bacteria;p__Pseudomonadota;c__Gammaproteobacteria;o__Enterobacterales;f__Enterobacteriaceae;g__Escherichia_s__Escherichia_sp._TM-G17TGC"
"X2860337","N.MeFOSAA",-0.00488795896908067,0.00442811129799544,-0.0139736928606789,0.0041977749225175,0.279400427435714,35,0.918566105878837,"Escherichia sp. TM-G17TGC","Species","Escherichia sp. TM-G17TGC","d__Bacteria;p__Pseudomonadota;c__Gammaproteobacteria;o__Enterobacterales;f__Enterobacteriaceae;g__Escherichia_s__Escherichia_sp._TM-G17TGC"
"X2860337","PFHpA",0.00442622368440629,0.00399818060899121,-0.00377736529952161,0.0126298126683342,0.278034061012222,35,0.889866029573718,"Escherichia sp. TM-G17TGC","Species","Escherichia sp. TM-G17TGC","d__Bacteria;p__Pseudomonadota;c__Gammaproteobacteria;o__Enterobacterales;f__Enterobacteriaceae;g__Escherichia_s__Escherichia_sp._TM-G17TGC"
"X2873296","PFDA",-0.0031526896227832,0.0040525316005119,-0.0114677976297142,0.00516241838414781,0.443359331949125,35,0.92382028040461,"Klebsiella sp. CTHL.F3a","Species","Klebsiella sp. CTHL.F3a","d__Bacteria;p__Pseudomonadota;c__Gammaproteobacteria;o__Enterobacterales;f__Enterobacteriaceae;g__Klebsiella_s__Klebsiella_sp._CTHL.F3a"
"X2873296","PFHpA",-0.00324055963307774,0.00387659161888474,-0.0111946686166372,0.00471354935048169,0.410531274530242,35,0.889866029573718,"Klebsiella sp. CTHL.F3a","Species","Klebsiella sp. CTHL.F3a","d__Bacteria;p__Pseudomonadota;c__Gammaproteobacteria;o__Enterobacterales;f__Enterobacteriaceae;g__Klebsiella_s__Klebsiella_sp._CTHL.F3a"
"X2873296","PFDoA",-0.00421066706905307,0.00396511836264663,-0.0123464179269878,0.00392508378888163,0.297675388612924,35,0.970355898058642,"Klebsiella sp. CTHL.F3a","Species","Klebsiella sp. CTHL.F3a","d__Bacteria;p__Pseudomonadota;c__Gammaproteobacteria;o__Enterobacterales;f__Enterobacteriaceae;g__Klebsiella_s__Klebsiella_sp._CTHL.F3a"
"X2873296","N.MeFOSAA",-0.000173259793275431,0.00434797653335389,-0.0090945707293511,0.00874805114280024,0.968507208541929,35,0.985941901719069,"Klebsiella sp. CTHL.F3a","Species","Klebsiella sp. CTHL.F3a","d__Bacteria;p__Pseudomonadota;c__Gammaproteobacteria;o__Enterobacterales;f__Enterobacteriaceae;g__Klebsiella_s__Klebsiella_sp._CTHL.F3a"
"X2873296","PFBA",0.00539329176068978,0.00427782577129226,-0.0033840817010335,0.0141706652224131,0.218183326874941,35,0.861414136191478,"Klebsiella sp. CTHL.F3a","Species","Klebsiella sp. CTHL.F3a","d__Bacteria;p__Pseudomonadota;c__Gammaproteobacteria;o__Enterobacterales;f__Enterobacteriaceae;g__Klebsiella_s__Klebsiella_sp._CTHL.F3a"
"X2894203","N.MeFOSAA",-0.00672933233088254,0.0056442184815035,-0.0183103120529134,0.00485164739114835,0.24353597736201,35,0.918566105878837,"Enterobacter sp. AN-K1","Species","Enterobacter sp. AN-K1","d__Bacteria;p__Pseudomonadota;c__Gammaproteobacteria;o__Enterobacterales;f__Enterobacteriaceae;g__Enterobacter_s__Enterobacter_sp._AN-K1"
"X2894203","PFBA",0.00370264320963902,0.00581912641411564,-0.00823721794609995,0.015642504365378,0.52994595753092,35,0.861414136191478,"Enterobacter sp. AN-K1","Species","Enterobacter sp. AN-K1","d__Bacteria;p__Pseudomonadota;c__Gammaproteobacteria;o__Enterobacterales;f__Enterobacteriaceae;g__Enterobacter_s__Enterobacter_sp._AN-K1"
"X2894203","PFDA",-0.00270335242411595,0.00543253874493148,-0.0138500012029279,0.00844329635469598,0.622778979671405,35,0.967765676974468,"Enterobacter sp. AN-K1","Species","Enterobacter sp. AN-K1","d__Bacteria;p__Pseudomonadota;c__Gammaproteobacteria;o__Enterobacterales;f__Enterobacteriaceae;g__Enterobacter_s__Enterobacter_sp._AN-K1"
"X2894203","PFHpA",0.00956933904194796,0.00489428548716934,-0.000472905276992673,0.0196115833608886,0.0609827424284028,35,0.889866029573718,"Enterobacter sp. AN-K1","Species","Enterobacter sp. AN-K1","d__Bacteria;p__Pseudomonadota;c__Gammaproteobacteria;o__Enterobacterales;f__Enterobacteriaceae;g__Enterobacter_s__Enterobacter_sp._AN-K1"
"X2894203","PFDoA",0.00139569543753021,0.00538327514529139,-0.00964987278418851,0.0124412636592489,0.797397269327584,35,0.970355898058642,"Enterobacter sp. AN-K1","Species","Enterobacter sp. AN-K1","d__Bacteria;p__Pseudomonadota;c__Gammaproteobacteria;o__Enterobacterales;f__Enterobacteriaceae;g__Enterobacter_s__Enterobacter_sp._AN-K1"
"X2897413","PFDoA",-0.00192814870033081,0.00328213805593099,-0.00866253972279129,0.00480624232212967,0.561771202971837,35,0.970355898058642,"Klebsiella sp. KPN54798","Species","Klebsiella sp. KPN54798","d__Bacteria;p__Pseudomonadota;c__Gammaproteobacteria;o__Enterobacterales;f__Enterobacteriaceae;g__Klebsiella_s__Klebsiella_sp._KPN54798"
"X2897413","PFHpA",-0.000472329363740955,0.00320329735812919,-0.00704495263651111,0.0061002939090292,0.883871649217796,35,0.982284851222905,"Klebsiella sp. KPN54798","Species","Klebsiella sp. KPN54798","d__Bacteria;p__Pseudomonadota;c__Gammaproteobacteria;o__Enterobacterales;f__Enterobacteriaceae;g__Klebsiella_s__Klebsiella_sp._KPN54798"
"X2897413","PFBA",-0.00625034874188511,0.00338532151795463,-0.0131964547405218,0.000695757256751563,0.0758376923262957,35,0.861414136191478,"Klebsiella sp. KPN54798","Species","Klebsiella sp. KPN54798","d__Bacteria;p__Pseudomonadota;c__Gammaproteobacteria;o__Enterobacterales;f__Enterobacteriaceae;g__Klebsiella_s__Klebsiella_sp._KPN54798"
"X2897413","N.MeFOSAA",-0.00222485030080043,0.00352280931322264,-0.00945305795341159,0.00500335735181074,0.532988315187856,35,0.984500466668035,"Klebsiella sp. KPN54798","Species","Klebsiella sp. KPN54798","d__Bacteria;p__Pseudomonadota;c__Gammaproteobacteria;o__Enterobacterales;f__Enterobacteriaceae;g__Klebsiella_s__Klebsiella_sp._KPN54798"
"X2897413","PFDA",8.69363521616698e-05,0.00334432302435541,-0.00677504768617841,0.00694892039050175,0.979452347737607,35,0.987410271380994,"Klebsiella sp. KPN54798","Species","Klebsiella sp. KPN54798","d__Bacteria;p__Pseudomonadota;c__Gammaproteobacteria;o__Enterobacterales;f__Enterobacteriaceae;g__Klebsiella_s__Klebsiella_sp._KPN54798"
"X290053","PFHpA",0.000305397201071935,0.00380715790174967,-0.0075062455627971,0.00811703996494097,0.936656634101111,35,0.982284851222905,"Bacteroides helcogenes","Species","Bacteroides helcogenes","d__Bacteria;p__Bacteroidota;c__Bacteroidia;o__Bacteroidales;f__Bacteroidaceae;g__Bacteroides_s__Bacteroides_helcogenes"
"X290053","N.MeFOSAA",-0.00124973953530141,0.00420965442120676,-0.0098872369405696,0.00738775786996678,0.768834146148679,35,0.984500466668035,"Bacteroides helcogenes","Species","Bacteroides helcogenes","d__Bacteria;p__Bacteroidota;c__Bacteroidia;o__Bacteroidales;f__Bacteroidaceae;g__Bacteroides_s__Bacteroides_helcogenes"
"X290053","PFBA",0.00152143448721705,0.00425867615949312,-0.00721664721663799,0.0102595161910721,0.723678072692196,35,0.938917187179437,"Bacteroides helcogenes","Species","Bacteroides helcogenes","d__Bacteria;p__Bacteroidota;c__Bacteroidia;o__Bacteroidales;f__Bacteroidaceae;g__Bacteroides_s__Bacteroides_helcogenes"
"X290053","PFDA",-0.00327971206378842,0.00392324379750831,-0.011329543411108,0.00477011928353112,0.410509509671345,35,0.92382028040461,"Bacteroides helcogenes","Species","Bacteroides helcogenes","d__Bacteria;p__Bacteroidota;c__Bacteroidia;o__Bacteroidales;f__Bacteroidaceae;g__Bacteroides_s__Bacteroides_helcogenes"
"X290053","PFDoA",0.00174531911744854,0.0039102006338321,-0.00627774986860872,0.0097683881035058,0.658903607289814,35,0.970355898058642,"Bacteroides helcogenes","Species","Bacteroides helcogenes","d__Bacteria;p__Bacteroidota;c__Bacteroidia;o__Bacteroidales;f__Bacteroidaceae;g__Bacteroides_s__Bacteroides_helcogenes"
"X2912628","PFHpA",-0.00263733025117025,0.00385819378227986,-0.0105536899921466,0.00527902948980605,0.50007394321783,35,0.897568616032002,"Enterobacter cloacae complex sp. ECL414","Species","Enterobacter cloacae complex sp. ECL414","d__Bacteria;p__Pseudomonadota;c__Gammaproteobacteria;o__Enterobacterales;f__Enterobacteriaceae;g__Enterobacter_s__Enterobacter_cloacae_complex_sp._ECL414"
"X2912628","PFDA",-0.00503499965075041,0.00394387997588514,-0.0131271729386071,0.00305717363710624,0.212593345247121,35,0.875384362782265,"Enterobacter cloacae complex sp. ECL414","Species","Enterobacter cloacae complex sp. ECL414","d__Bacteria;p__Pseudomonadota;c__Gammaproteobacteria;o__Enterobacterales;f__Enterobacteriaceae;g__Enterobacter_s__Enterobacter_cloacae_complex_sp._ECL414"
"X2912628","PFBA",-0.00850296112436919,0.00404418189607872,-0.0168009369529406,-0.00020498529579777,0.0449699920381842,35,0.861414136191478,"Enterobacter cloacae complex sp. ECL414","Species","Enterobacter cloacae complex sp. ECL414","d__Bacteria;p__Pseudomonadota;c__Gammaproteobacteria;o__Enterobacterales;f__Enterobacteriaceae;g__Enterobacter_s__Enterobacter_cloacae_complex_sp._ECL414"
"X2912628","N.MeFOSAA",-0.002344926071448,0.00428565099654583,-0.0111383555691449,0.00644850342624888,0.588764964197611,35,0.984500466668035,"Enterobacter cloacae complex sp. ECL414","Species","Enterobacter cloacae complex sp. ECL414","d__Bacteria;p__Pseudomonadota;c__Gammaproteobacteria;o__Enterobacterales;f__Enterobacteriaceae;g__Enterobacter_s__Enterobacter_cloacae_complex_sp._ECL414"
"X2912628","PFDoA",0.00272225387917416,0.00397663826963284,-0.00543713387546185,0.0108816416338102,0.499455192530891,35,0.970355898058642,"Enterobacter cloacae complex sp. ECL414","Species","Enterobacter cloacae complex sp. ECL414","d__Bacteria;p__Pseudomonadota;c__Gammaproteobacteria;o__Enterobacterales;f__Enterobacteriaceae;g__Enterobacter_s__Enterobacter_cloacae_complex_sp._ECL414"
"X2912629","PFDoA",0.00490389369502655,0.00321267965273307,-0.00168798045612644,0.0114957678461795,0.138536082612884,35,0.970355898058642,"Enterobacter cloacae complex sp. ECL411","Species","Enterobacter cloacae complex sp. ECL411","d__Bacteria;p__Pseudomonadota;c__Gammaproteobacteria;o__Enterobacterales;f__Enterobacteriaceae;g__Enterobacter_s__Enterobacter_cloacae_complex_sp._ECL411"
"X2912629","N.MeFOSAA",0.00221721360130821,0.00357209689792347,-0.00511212382167571,0.00954655102429214,0.539999345361862,35,0.984500466668035,"Enterobacter cloacae complex sp. ECL411","Species","Enterobacter cloacae complex sp. ECL411","d__Bacteria;p__Pseudomonadota;c__Gammaproteobacteria;o__Enterobacterales;f__Enterobacteriaceae;g__Enterobacter_s__Enterobacter_cloacae_complex_sp._ECL411"
"X2912629","PFHpA",-0.000511737970792119,0.00324712307698558,-0.00717428419091849,0.00615080824933425,0.875946792707011,35,0.982284851222905,"Enterobacter cloacae complex sp. ECL411","Species","Enterobacter cloacae complex sp. ECL411","d__Bacteria;p__Pseudomonadota;c__Gammaproteobacteria;o__Enterobacterales;f__Enterobacteriaceae;g__Enterobacter_s__Enterobacter_cloacae_complex_sp._ECL411"
"X2912629","PFBA",0.00262051743773172,0.00360695185879731,-0.0047803364576239,0.0100213713330873,0.473772940373748,35,0.861414136191478,"Enterobacter cloacae complex sp. ECL411","Species","Enterobacter cloacae complex sp. ECL411","d__Bacteria;p__Pseudomonadota;c__Gammaproteobacteria;o__Enterobacterales;f__Enterobacteriaceae;g__Enterobacter_s__Enterobacter_cloacae_complex_sp._ECL411"
"X2912629","PFDA",0.00239940295174781,0.00335872102183324,-0.00449212333719347,0.0092909292406891,0.481123365251663,35,0.92382028040461,"Enterobacter cloacae complex sp. ECL411","Species","Enterobacter cloacae complex sp. ECL411","d__Bacteria;p__Pseudomonadota;c__Gammaproteobacteria;o__Enterobacterales;f__Enterobacteriaceae;g__Enterobacter_s__Enterobacter_cloacae_complex_sp._ECL411"
"X2912630","N.MeFOSAA",-0.00281677417054832,0.00315146350918268,-0.00928304317026339,0.00364949482916674,0.379327825598382,35,0.984500466668035,"Enterobacter cloacae complex sp. ECL405","Species","Enterobacter cloacae complex sp. ECL405","d__Bacteria;p__Pseudomonadota;c__Gammaproteobacteria;o__Enterobacterales;f__Enterobacteriaceae;g__Enterobacter_s__Enterobacter_cloacae_complex_sp._ECL405"
"X2912630","PFBA",-0.00565005195178649,0.00304926984708262,-0.0119066368770138,0.000606532973440795,0.0748540664014371,35,0.861414136191478,"Enterobacter cloacae complex sp. ECL405","Species","Enterobacter cloacae complex sp. ECL405","d__Bacteria;p__Pseudomonadota;c__Gammaproteobacteria;o__Enterobacterales;f__Enterobacteriaceae;g__Enterobacter_s__Enterobacter_cloacae_complex_sp._ECL405"
"X2912630","PFDA",-0.00533631968117104,0.00283320420710038,-0.0111495745327199,0.000476935170377846,0.0704470182050305,35,0.660095480247929,"Enterobacter cloacae complex sp. ECL405","Species","Enterobacter cloacae complex sp. ECL405","d__Bacteria;p__Pseudomonadota;c__Gammaproteobacteria;o__Enterobacterales;f__Enterobacteriaceae;g__Enterobacter_s__Enterobacter_cloacae_complex_sp._ECL405"
"X2912630","PFDoA",-0.00247744429797169,0.00293792299411102,-0.0085055643523578,0.00355067575641443,0.406489782974932,35,0.970355898058642,"Enterobacter cloacae complex sp. ECL405","Species","Enterobacter cloacae complex sp. ECL405","d__Bacteria;p__Pseudomonadota;c__Gammaproteobacteria;o__Enterobacterales;f__Enterobacteriaceae;g__Enterobacter_s__Enterobacter_cloacae_complex_sp._ECL405"
"X2912630","PFHpA",0.00289815563123937,0.00283325959358566,-0.00291521286399021,0.00871152412646896,0.315430876649853,35,0.889866029573718,"Enterobacter cloacae complex sp. ECL405","Species","Enterobacter cloacae complex sp. ECL405","d__Bacteria;p__Pseudomonadota;c__Gammaproteobacteria;o__Enterobacterales;f__Enterobacteriaceae;g__Enterobacter_s__Enterobacter_cloacae_complex_sp._ECL405"
"X2912631","N.MeFOSAA",0.00228471688712907,0.00524293630228334,-0.00847289981385818,0.0130423335881163,0.666467494389391,35,0.984500466668035,"Enterobacter cloacae complex sp. ECL404","Species","Enterobacter cloacae complex sp. ECL404","d__Bacteria;p__Pseudomonadota;c__Gammaproteobacteria;o__Enterobacterales;f__Enterobacteriaceae;g__Enterobacter_s__Enterobacter_cloacae_complex_sp._ECL404"
"X2912631","PFBA",-0.000640676113631528,0.00532506171256702,-0.0115668002376173,0.0102854480103543,0.905125758026424,35,0.969968177491165,"Enterobacter cloacae complex sp. ECL404","Species","Enterobacter cloacae complex sp. ECL404","d__Bacteria;p__Pseudomonadota;c__Gammaproteobacteria;o__Enterobacterales;f__Enterobacteriaceae;g__Enterobacter_s__Enterobacter_cloacae_complex_sp._ECL404"
"X2912631","PFDoA",-0.00160662180429569,0.00488731614396085,-0.0116345662121613,0.00842132260356993,0.744893734205917,35,0.970355898058642,"Enterobacter cloacae complex sp. ECL404","Species","Enterobacter cloacae complex sp. ECL404","d__Bacteria;p__Pseudomonadota;c__Gammaproteobacteria;o__Enterobacterales;f__Enterobacteriaceae;g__Enterobacter_s__Enterobacter_cloacae_complex_sp._ECL404"
"X2912631","PFHpA",0.00526120759084705,0.00464196512778219,-0.00426331811477375,0.0147857332964679,0.267010033941242,35,0.889866029573718,"Enterobacter cloacae complex sp. ECL404","Species","Enterobacter cloacae complex sp. ECL404","d__Bacteria;p__Pseudomonadota;c__Gammaproteobacteria;o__Enterobacterales;f__Enterobacteriaceae;g__Enterobacter_s__Enterobacter_cloacae_complex_sp._ECL404"
"X2912631","PFDA",-0.000327863541620111,0.00495794194439145,-0.0105007201220601,0.00984499303881987,0.947762391812307,35,0.98420539314755,"Enterobacter cloacae complex sp. ECL404","Species","Enterobacter cloacae complex sp. ECL404","d__Bacteria;p__Pseudomonadota;c__Gammaproteobacteria;o__Enterobacterales;f__Enterobacteriaceae;g__Enterobacter_s__Enterobacter_cloacae_complex_sp._ECL404"
"X2923088","N.MeFOSAA",0.00200796829822928,0.00318573699864023,-0.00452862409306106,0.00854456068951961,0.533797423574466,35,0.984500466668035,"Enterobacter sp. JH25","Species","Enterobacter sp. JH25","d__Bacteria;p__Pseudomonadota;c__Gammaproteobacteria;o__Enterobacterales;f__Enterobacteriaceae;g__Enterobacter_s__Enterobacter_sp._JH25"
"X2923088","PFBA",0.00203385824088289,0.00322515989806669,-0.00458362325849879,0.00865133974026457,0.533589329664961,35,0.861414136191478,"Enterobacter sp. JH25","Species","Enterobacter sp. JH25","d__Bacteria;p__Pseudomonadota;c__Gammaproteobacteria;o__Enterobacterales;f__Enterobacteriaceae;g__Enterobacter_s__Enterobacter_sp._JH25"
"X2923088","PFDA",0.00356742369736851,0.00294532035621746,-0.00247587449032906,0.00961072188506608,0.236307117495542,35,0.876551133726437,"Enterobacter sp. JH25","Species","Enterobacter sp. JH25","d__Bacteria;p__Pseudomonadota;c__Gammaproteobacteria;o__Enterobacterales;f__Enterobacteriaceae;g__Enterobacter_s__Enterobacter_sp._JH25"
"X2923088","PFDoA",0.000623488311198179,0.00298450539968553,-0.00550021094447679,0.00674718756687315,0.836087844913792,35,0.970355898058642,"Enterobacter sp. JH25","Species","Enterobacter sp. JH25","d__Bacteria;p__Pseudomonadota;c__Gammaproteobacteria;o__Enterobacterales;f__Enterobacteriaceae;g__Enterobacter_s__Enterobacter_sp._JH25"
"X2923088","PFHpA",0.000205651334356281,0.00289760882652044,-0.00573975088072099,0.00615105354943356,0.943942521489262,35,0.982284851222905,"Enterobacter sp. JH25","Species","Enterobacter sp. JH25","d__Bacteria;p__Pseudomonadota;c__Gammaproteobacteria;o__Enterobacterales;f__Enterobacteriaceae;g__Enterobacter_s__Enterobacter_sp._JH25"
"X29341","N.MeFOSAA",0.00698811354348913,0.00458698452668552,-0.0024236012869871,0.0163998283739654,0.139270300154473,35,0.918566105878837,"Clostridium argentinense","Species","Clostridium argentinense","d__Bacteria;p__Bacillota;c__Clostridia;o__Eubacteriales;f__Clostridiaceae;g__Clostridium_s__Clostridium_argentinense"
"X29341","PFBA",-0.00196309670153115,0.00482449020383414,-0.0118621329282182,0.00793593952515593,0.687287420697618,35,0.934919396566496,"Clostridium argentinense","Species","Clostridium argentinense","d__Bacteria;p__Bacillota;c__Clostridia;o__Eubacteriales;f__Clostridiaceae;g__Clostridium_s__Clostridium_argentinense"
"X29341","PFDA",0.005076517916133,0.00439757297187951,-0.00394655650601828,0.0140995923382843,0.258455618414878,35,0.876551133726437,"Clostridium argentinense","Species","Clostridium argentinense","d__Bacteria;p__Bacillota;c__Clostridia;o__Eubacteriales;f__Clostridiaceae;g__Clostridium_s__Clostridium_argentinense"
"X29341","PFDoA",-0.00156002523935546,0.00443899536527635,-0.010668091392344,0.0075480409136331,0.727988660641096,35,0.970355898058642,"Clostridium argentinense","Species","Clostridium argentinense","d__Bacteria;p__Bacillota;c__Clostridia;o__Eubacteriales;f__Clostridiaceae;g__Clostridium_s__Clostridium_argentinense"
"X29341","PFHpA",-0.00302155824454831,0.00427716395920351,-0.0117975737800317,0.00575445729093509,0.485966822903118,35,0.889866029573718,"Clostridium argentinense","Species","Clostridium argentinense","d__Bacteria;p__Bacillota;c__Clostridia;o__Eubacteriales;f__Clostridiaceae;g__Clostridium_s__Clostridium_argentinense"
"X29466","N.MeFOSAA",-0.00110177145153054,0.0034033905660196,-0.00808495207439066,0.00588140917132958,0.74863858167254,35,0.984500466668035,"Veillonella parvula","Species","Veillonella parvula","d__Bacteria;p__Bacillota;c__Negativicutes;o__Veillonellales;f__Veillonellaceae;g__Veillonella_s__Veillonella_parvula"
"X29466","PFBA",0.00225994564603418,0.00342470618927747,-0.00476697102310424,0.0092868623151726,0.514911609381671,35,0.861414136191478,"Veillonella parvula","Species","Veillonella parvula","d__Bacteria;p__Bacillota;c__Negativicutes;o__Veillonellales;f__Veillonellaceae;g__Veillonella_s__Veillonella_parvula"
"X29466","PFDA",0.00454324883283301,0.00309237809702743,-0.0018017869151431,0.0108882845808091,0.153341226850199,35,0.875384362782265,"Veillonella parvula","Species","Veillonella parvula","d__Bacteria;p__Bacillota;c__Negativicutes;o__Veillonellales;f__Veillonellaceae;g__Veillonella_s__Veillonella_parvula"
"X29466","PFDoA",0.00213781510507785,0.00314712949691208,-0.0043195612360016,0.00859519144615731,0.502736115439796,35,0.970355898058642,"Veillonella parvula","Species","Veillonella parvula","d__Bacteria;p__Bacillota;c__Negativicutes;o__Veillonellales;f__Veillonellaceae;g__Veillonella_s__Veillonella_parvula"
"X29466","PFHpA",-0.00340994019186457,0.00300855657398753,-0.00958298838092955,0.00276310799720042,0.267004636806077,35,0.889866029573718,"Veillonella parvula","Species","Veillonella parvula","d__Bacteria;p__Bacillota;c__Negativicutes;o__Veillonellales;f__Veillonellaceae;g__Veillonella_s__Veillonella_parvula"
"X2972764","N.MeFOSAA",-0.00674802501132426,0.00522540322541861,-0.0174696668101527,0.00397361678750415,0.207515804315396,35,0.918566105878837,"Bacteroides sp. BFG-637","Species","Bacteroides sp. BFG-637","d__Bacteria;p__Bacteroidota;c__Bacteroidia;o__Bacteroidales;f__Bacteroidaceae;g__Bacteroides_s__Bacteroides_sp._BFG-637"
"X2972764","PFBA",0.00195467130136642,0.00543803724304935,-0.00920325946367854,0.0131126020664114,0.722058814719066,35,0.938917187179437,"Bacteroides sp. BFG-637","Species","Bacteroides sp. BFG-637","d__Bacteria;p__Bacteroidota;c__Bacteroidia;o__Bacteroidales;f__Bacteroidaceae;g__Bacteroides_s__Bacteroides_sp._BFG-637"
"X2972764","PFDA",-0.000866553594113735,0.0050715380485767,-0.0112724901276743,0.00953938293944681,0.865603142843044,35,0.978766981221743,"Bacteroides sp. BFG-637","Species","Bacteroides sp. BFG-637","d__Bacteria;p__Bacteroidota;c__Bacteroidia;o__Bacteroidales;f__Bacteroidaceae;g__Bacteroides_s__Bacteroides_sp._BFG-637"
"X2972764","PFDoA",-0.00462866905353572,0.00493178830136662,-0.0147478627911002,0.00549052468402877,0.356288810858118,35,0.970355898058642,"Bacteroides sp. BFG-637","Species","Bacteroides sp. BFG-637","d__Bacteria;p__Bacteroidota;c__Bacteroidia;o__Bacteroidales;f__Bacteroidaceae;g__Bacteroides_s__Bacteroides_sp._BFG-637"
"X2972764","PFHpA",-0.00293351766883899,0.00482931242535894,-0.0128424482768079,0.00697541293912989,0.548634143331325,35,0.913570763166862,"Bacteroides sp. BFG-637","Species","Bacteroides sp. BFG-637","d__Bacteria;p__Bacteroidota;c__Bacteroidia;o__Bacteroidales;f__Bacteroidaceae;g__Bacteroides_s__Bacteroides_sp._BFG-637"
"X2976431","PFBA",0.00166393494981275,0.00510717975732054,-0.00881513232940792,0.0121430022290334,0.747084993493724,35,0.950336288687364,"Enterobacter sp. CP102","Species","Enterobacter sp. CP102","d__Bacteria;p__Pseudomonadota;c__Gammaproteobacteria;o__Enterobacterales;f__Enterobacteriaceae;g__Enterobacter_s__Enterobacter_sp._CP102"
"X2976431","PFDA",-0.00153118734469065,0.0047544048695237,-0.0112864203436818,0.00822404565430053,0.749890192463521,35,0.978766981221743,"Enterobacter sp. CP102","Species","Enterobacter sp. CP102","d__Bacteria;p__Pseudomonadota;c__Gammaproteobacteria;o__Enterobacterales;f__Enterobacteriaceae;g__Enterobacter_s__Enterobacter_sp._CP102"
"X2976431","N.MeFOSAA",-0.00577316804241711,0.00493100083361573,-0.0158907460296196,0.00434440994478537,0.25191294592673,35,0.918566105878837,"Enterobacter sp. CP102","Species","Enterobacter sp. CP102","d__Bacteria;p__Pseudomonadota;c__Gammaproteobacteria;o__Enterobacterales;f__Enterobacteriaceae;g__Enterobacter_s__Enterobacter_sp._CP102"
"X2976431","PFHpA",0.00196728612696255,0.00454870695316247,-0.00736588961006226,0.0113004618639874,0.668817676322645,35,0.932817907439746,"Enterobacter sp. CP102","Species","Enterobacter sp. CP102","d__Bacteria;p__Pseudomonadota;c__Gammaproteobacteria;o__Enterobacterales;f__Enterobacteriaceae;g__Enterobacter_s__Enterobacter_sp._CP102"
"X2976431","PFDoA",-0.000252478639158263,0.00470442749576506,-0.00990516653753794,0.00940020925922141,0.95759457291656,35,0.988937634223238,"Enterobacter sp. CP102","Species","Enterobacter sp. CP102","d__Bacteria;p__Pseudomonadota;c__Gammaproteobacteria;o__Enterobacterales;f__Enterobacteriaceae;g__Enterobacter_s__Enterobacter_sp._CP102"
"X2985571","N.MeFOSAA",0.00402995986127344,0.00435703607254258,-0.00490993971377484,0.0129698594363217,0.363195003902666,35,0.977832702814871,"Bifidobacterium sp. KRGSERBCFTRI","Species","Bifidobacterium sp. KRGSERBCFTRI","d__Bacteria;p__Actinomycetota;c__Actinomycetes;o__Bifidobacteriales;f__Bifidobacteriaceae;g__Bifidobacterium_s__Bifidobacterium_sp._KRGSERBCFTRI"
"X2985571","PFHpA",0.00077694435902733,0.00399354947610067,-0.00741714232510989,0.00897103104316455,0.84720185680869,35,0.982284851222905,"Bifidobacterium sp. KRGSERBCFTRI","Species","Bifidobacterium sp. KRGSERBCFTRI","d__Bacteria;p__Actinomycetota;c__Actinomycetes;o__Bifidobacteriales;f__Bifidobacteriaceae;g__Bifidobacterium_s__Bifidobacterium_sp._KRGSERBCFTRI"
"X2985571","PFDA",0.00325875163327391,0.00412323880082549,-0.00520143556499539,0.0117189388315432,0.436217571611614,35,0.92382028040461,"Bifidobacterium sp. KRGSERBCFTRI","Species","Bifidobacterium sp. KRGSERBCFTRI","d__Bacteria;p__Actinomycetota;c__Actinomycetes;o__Bifidobacteriales;f__Bifidobacteriaceae;g__Bifidobacterium_s__Bifidobacterium_sp._KRGSERBCFTRI"
"X2985571","PFDoA",-0.00338051693372163,0.00406743433061838,-0.011726202817064,0.00496516894962072,0.41319691429382,35,0.970355898058642,"Bifidobacterium sp. KRGSERBCFTRI","Species","Bifidobacterium sp. KRGSERBCFTRI","d__Bacteria;p__Actinomycetota;c__Actinomycetes;o__Bifidobacteriales;f__Bifidobacteriaceae;g__Bifidobacterium_s__Bifidobacterium_sp._KRGSERBCFTRI"
"X2985571","PFBA",-0.00159306551037114,0.0044698206957841,-0.0107643800171761,0.00757824899643381,0.724307544395565,35,0.938917187179437,"Bifidobacterium sp. KRGSERBCFTRI","Species","Bifidobacterium sp. KRGSERBCFTRI","d__Bacteria;p__Actinomycetota;c__Actinomycetes;o__Bifidobacteriales;f__Bifidobacteriaceae;g__Bifidobacterium_s__Bifidobacterium_sp._KRGSERBCFTRI"
"X299767","PFHpA",-0.00306919452584278,0.00324137405154486,-0.00971994472012985,0.0035815556684443,0.352097588651026,35,0.889866029573718,"Enterobacter ludwigii","Species","Enterobacter ludwigii","d__Bacteria;p__Pseudomonadota;c__Gammaproteobacteria;o__Enterobacterales;f__Enterobacteriaceae;g__Enterobacter_s__Enterobacter_ludwigii"
"X299767","N.MeFOSAA",0.00104985290506157,0.00364298467891752,-0.00642493423021154,0.00852464004033468,0.77540599948302,35,0.984500466668035,"Enterobacter ludwigii","Species","Enterobacter ludwigii","d__Bacteria;p__Pseudomonadota;c__Gammaproteobacteria;o__Enterobacterales;f__Enterobacteriaceae;g__Enterobacter_s__Enterobacter_ludwigii"
"X299767","PFBA",0.000326657220725498,0.00369322617506308,-0.00725121694953268,0.00790453139098368,0.930173665998252,35,0.969968177491165,"Enterobacter ludwigii","Species","Enterobacter ludwigii","d__Bacteria;p__Pseudomonadota;c__Gammaproteobacteria;o__Enterobacterales;f__Enterobacteriaceae;g__Enterobacter_s__Enterobacter_ludwigii"
"X299767","PFDoA",-0.00246505179601253,0.00336268497892324,-0.00936471145307709,0.00443460786105203,0.469838663619052,35,0.970355898058642,"Enterobacter ludwigii","Species","Enterobacter ludwigii","d__Bacteria;p__Pseudomonadota;c__Gammaproteobacteria;o__Enterobacterales;f__Enterobacteriaceae;g__Enterobacter_s__Enterobacter_ludwigii"
"X299767","PFDA",-0.000675872660748971,0.00343600214554349,-0.00772596671766685,0.0063742213961689,0.845532959354074,35,0.978766981221743,"Enterobacter ludwigii","Species","Enterobacter ludwigii","d__Bacteria;p__Pseudomonadota;c__Gammaproteobacteria;o__Enterobacterales;f__Enterobacteriaceae;g__Enterobacter_s__Enterobacter_ludwigii"
"X33038","N.MeFOSAA",-0.000145050256367132,0.00240393410569605,-0.00507751561404203,0.00478741510130776,0.952330294543942,35,0.985941901719069,"Mediterraneibacter gnavus","Species","Mediterraneibacter gnavus","d__Bacteria;p__Bacillota;c__Clostridia;o__Lachnospirales;f__Lachnospiraceae;g__Mediterraneibacter_s__Mediterraneibacter_gnavus"
"X33038","PFBA",0.000987493706665952,0.00242643359742335,-0.00399113679474031,0.00596612420807221,0.68723597366868,35,0.934919396566496,"Mediterraneibacter gnavus","Species","Mediterraneibacter gnavus","d__Bacteria;p__Bacillota;c__Clostridia;o__Lachnospirales;f__Lachnospiraceae;g__Mediterraneibacter_s__Mediterraneibacter_gnavus"
"X33038","PFDA",0.000220560538204982,0.00226524790850041,-0.0044273442478493,0.00486846532425926,0.923154095895347,35,0.98420539314755,"Mediterraneibacter gnavus","Species","Mediterraneibacter gnavus","d__Bacteria;p__Bacillota;c__Clostridia;o__Lachnospirales;f__Lachnospiraceae;g__Mediterraneibacter_s__Mediterraneibacter_gnavus"
"X33038","PFDoA",-0.00111030298122082,0.00222742964392816,-0.00568061109794544,0.0034600051355038,0.622190587213127,35,0.970355898058642,"Mediterraneibacter gnavus","Species","Mediterraneibacter gnavus","d__Bacteria;p__Bacillota;c__Clostridia;o__Lachnospirales;f__Lachnospiraceae;g__Mediterraneibacter_s__Mediterraneibacter_gnavus"
"X33038","PFHpA",-0.00299398372532318,0.00209309289761454,-0.00728865560647683,0.00130068815583048,0.164070846296022,35,0.889866029573718,"Mediterraneibacter gnavus","Species","Mediterraneibacter gnavus","d__Bacteria;p__Bacillota;c__Clostridia;o__Lachnospirales;f__Lachnospiraceae;g__Mediterraneibacter_s__Mediterraneibacter_gnavus"
"X33043","N.MeFOSAA",0.000331587216058569,0.00206734628498243,-0.00391025697960052,0.00457343141171766,0.873765750533417,35,0.985941901719069,"Coprococcus eutactus","Species","Coprococcus eutactus","d__Bacteria;p__Bacillota;c__Clostridia;o__Lachnospirales;f__Lachnospiraceae;g__Coprococcus_s__Coprococcus_eutactus"
"X33043","PFDoA",0.00191839864238474,0.00188940259483004,-0.00195833525960456,0.00579513254437405,0.318953371362127,35,0.970355898058642,"Coprococcus eutactus","Species","Coprococcus eutactus","d__Bacteria;p__Bacillota;c__Clostridia;o__Lachnospirales;f__Lachnospiraceae;g__Coprococcus_s__Coprococcus_eutactus"
"X33043","PFBA",-0.00128379745096187,0.0020793147508243,-0.00555019891007078,0.00298260400814703,0.542134423087306,35,0.861414136191478,"Coprococcus eutactus","Species","Coprococcus eutactus","d__Bacteria;p__Bacillota;c__Clostridia;o__Lachnospirales;f__Lachnospiraceae;g__Coprococcus_s__Coprococcus_eutactus"
"X33043","PFHpA",0.000975947643975832,0.00185828150300443,-0.0028369310520995,0.00478882634005117,0.603738790354014,35,0.932817907439746,"Coprococcus eutactus","Species","Coprococcus eutactus","d__Bacteria;p__Bacillota;c__Clostridia;o__Lachnospirales;f__Lachnospiraceae;g__Coprococcus_s__Coprococcus_eutactus"
"X33043","PFDA",-0.00245737076658133,0.00189097644713994,-0.00633733394676852,0.00142259241360587,0.204750659461659,35,0.875384362782265,"Coprococcus eutactus","Species","Coprococcus eutactus","d__Bacteria;p__Bacillota;c__Clostridia;o__Lachnospirales;f__Lachnospiraceae;g__Coprococcus_s__Coprococcus_eutactus"
"X332101","N.MeFOSAA",-0.0011774224072979,0.00352441966191289,-0.00840893422249389,0.00605408940789809,0.740903577838595,35,0.984500466668035,"Clostridium drakei","Species","Clostridium drakei","d__Bacteria;p__Bacillota;c__Clostridia;o__Eubacteriales;f__Clostridiaceae;g__Clostridium_s__Clostridium_drakei"
"X332101","PFHpA",0.00255271353857634,0.00315113573031093,-0.00391288291444702,0.0090183099915997,0.424969288079409,35,0.889866029573718,"Clostridium drakei","Species","Clostridium drakei","d__Bacteria;p__Bacillota;c__Clostridia;o__Eubacteriales;f__Clostridiaceae;g__Clostridium_s__Clostridium_drakei"
"X332101","PFBA",0.00345685685382883,0.00351298890707044,-0.00375120098975502,0.0106649146974127,0.333841186668742,35,0.861414136191478,"Clostridium drakei","Species","Clostridium drakei","d__Bacteria;p__Bacillota;c__Clostridia;o__Eubacteriales;f__Clostridiaceae;g__Clostridium_s__Clostridium_drakei"
"X332101","PFDA",0.000573879127588628,0.00332647495022489,-0.00625148368759004,0.0073992419427673,0.864316465622024,35,0.978766981221743,"Clostridium drakei","Species","Clostridium drakei","d__Bacteria;p__Bacillota;c__Clostridia;o__Eubacteriales;f__Clostridiaceae;g__Clostridium_s__Clostridium_drakei"
"X332101","PFDoA",0.00404829496987695,0.00319352848482004,-0.00250428423052585,0.0106008741702798,0.215744696141123,35,0.970355898058642,"Clostridium drakei","Species","Clostridium drakei","d__Bacteria;p__Bacillota;c__Clostridia;o__Eubacteriales;f__Clostridiaceae;g__Clostridium_s__Clostridium_drakei"
"X333367","PFHpA",0.00449045616132594,0.00313931697926554,-0.0019508902176358,0.0109318025402877,0.164076127026739,35,0.889866029573718,"Enterocloster asparagiformis","Species","Enterocloster asparagiformis","d__Bacteria;p__Bacillota;c__Clostridia;o__Lachnospirales;f__Lachnospiraceae;g__Enterocloster_s__Enterocloster_asparagiformis"
"X333367","PFDA",0.00066953052589082,0.00339567250032222,-0.00629781393424322,0.00763687498602486,0.845169971788121,35,0.978766981221743,"Enterocloster asparagiformis","Species","Enterocloster asparagiformis","d__Bacteria;p__Bacillota;c__Clostridia;o__Lachnospirales;f__Lachnospiraceae;g__Enterocloster_s__Enterocloster_asparagiformis"
"X333367","PFDoA",-0.00176960800955818,0.00333881138546297,-0.00862028309902293,0.00508106707990656,0.600435984932447,35,0.970355898058642,"Enterocloster asparagiformis","Species","Enterocloster asparagiformis","d__Bacteria;p__Bacillota;c__Clostridia;o__Lachnospirales;f__Lachnospiraceae;g__Enterocloster_s__Enterocloster_asparagiformis"
"X333367","N.MeFOSAA",0.000154047063994496,0.0036056488239011,-0.00724413322459702,0.00755222735258601,0.966236089605567,35,0.985941901719069,"Enterocloster asparagiformis","Species","Enterocloster asparagiformis","d__Bacteria;p__Bacillota;c__Clostridia;o__Lachnospirales;f__Lachnospiraceae;g__Enterocloster_s__Enterocloster_asparagiformis"
"X333367","PFBA",0.00526304138054394,0.00350708489547623,-0.00193290243188125,0.0124589851929691,0.145040737917777,35,0.861414136191478,"Enterocloster asparagiformis","Species","Enterocloster asparagiformis","d__Bacteria;p__Bacillota;c__Clostridia;o__Lachnospirales;f__Lachnospiraceae;g__Enterocloster_s__Enterocloster_asparagiformis"
"X360422","N.MeFOSAA",-0.00826770147908139,0.00322150777563491,-0.0148776894422076,-0.00165771351595515,0.0161397570233884,35,0.564891495818594,"Clostridium tagluense","Species","Clostridium tagluense","d__Bacteria;p__Bacillota;c__Clostridia;o__Eubacteriales;f__Clostridiaceae;g__Clostridium_s__Clostridium_tagluense"
"X360422","PFBA",0.00393093072923663,0.00355797080984458,-0.00336942235514855,0.0112312838136218,0.278984572026564,35,0.861414136191478,"Clostridium tagluense","Species","Clostridium tagluense","d__Bacteria;p__Bacillota;c__Clostridia;o__Eubacteriales;f__Clostridiaceae;g__Clostridium_s__Clostridium_tagluense"
"X360422","PFDA",-0.000542268748979496,0.00338448899198051,-0.0074866665454167,0.00640212904745771,0.873899090376556,35,0.978766981221743,"Clostridium tagluense","Species","Clostridium tagluense","d__Bacteria;p__Bacillota;c__Clostridia;o__Eubacteriales;f__Clostridiaceae;g__Clostridium_s__Clostridium_tagluense"
"X360422","PFDoA",0.00118151428549015,0.00333652590829271,-0.00566447139217193,0.00802749996315223,0.726003197748231,35,0.970355898058642,"Clostridium tagluense","Species","Clostridium tagluense","d__Bacteria;p__Bacillota;c__Clostridia;o__Eubacteriales;f__Clostridiaceae;g__Clostridium_s__Clostridium_tagluense"
"X360422","PFHpA",0.000882243497800678,0.00324012976767837,-0.00576595363687797,0.00753044063247933,0.787473259877839,35,0.982284851222905,"Clostridium tagluense","Species","Clostridium tagluense","d__Bacteria;p__Bacillota;c__Clostridia;o__Eubacteriales;f__Clostridiaceae;g__Clostridium_s__Clostridium_tagluense"
"X36745","PFDA",-0.00622612261068906,0.00557299268696995,-0.0176609590739355,0.00520871385255735,0.273753896185284,35,0.876551133726437,"Clostridium saccharoperbutylacetonicum","Species","Clostridium saccharoperbutylacetonicum","d__Bacteria;p__Bacillota;c__Clostridia;o__Eubacteriales;f__Clostridiaceae;g__Clostridium_s__Clostridium_saccharoperbutylacetonicum"
"X36745","PFBA",0.00188419165955158,0.00611284061002255,-0.0106583212464726,0.0144267045655758,0.760269030949891,35,0.950336288687364,"Clostridium saccharoperbutylacetonicum","Species","Clostridium saccharoperbutylacetonicum","d__Bacteria;p__Bacillota;c__Clostridia;o__Eubacteriales;f__Clostridiaceae;g__Clostridium_s__Clostridium_saccharoperbutylacetonicum"
"X36745","PFHpA",0.0066148031888602,0.00531168325620609,-0.00428387061010083,0.0175134769878212,0.223709917976403,35,0.889866029573718,"Clostridium saccharoperbutylacetonicum","Species","Clostridium saccharoperbutylacetonicum","d__Bacteria;p__Bacillota;c__Clostridia;o__Eubacteriales;f__Clostridiaceae;g__Clostridium_s__Clostridium_saccharoperbutylacetonicum"
"X36745","PFDoA",-0.00455638400479121,0.0055612179049212,-0.0159670606109051,0.00685429260132267,0.419780909384541,35,0.970355898058642,"Clostridium saccharoperbutylacetonicum","Species","Clostridium saccharoperbutylacetonicum","d__Bacteria;p__Bacillota;c__Clostridia;o__Eubacteriales;f__Clostridiaceae;g__Clostridium_s__Clostridium_saccharoperbutylacetonicum"
"X36745","N.MeFOSAA",-0.000640827565267356,0.00604743192694685,-0.0130491329393141,0.0117674778087794,0.916392005607039,35,0.985941901719069,"Clostridium saccharoperbutylacetonicum","Species","Clostridium saccharoperbutylacetonicum","d__Bacteria;p__Bacillota;c__Clostridia;o__Eubacteriales;f__Clostridiaceae;g__Clostridium_s__Clostridium_saccharoperbutylacetonicum"
"X36839","PFBA",-0.0030810979203756,0.00378219818547614,-0.0108415275767119,0.00467933173596069,0.422410725152449,35,0.861414136191478,"Clostridium felsineum","Species","Clostridium felsineum","d__Bacteria;p__Bacillota;c__Clostridia;o__Eubacteriales;f__Clostridiaceae;g__Clostridium_s__Clostridium_felsineum"
"X36839","PFHpA",-0.0030251668035008,0.00336484947569496,-0.00992926764109441,0.00387893403409281,0.376574626329809,35,0.889866029573718,"Clostridium felsineum","Species","Clostridium felsineum","d__Bacteria;p__Bacillota;c__Clostridia;o__Eubacteriales;f__Clostridiaceae;g__Clostridium_s__Clostridium_felsineum"
"X36839","N.MeFOSAA",-0.00170804438373356,0.00376725826607358,-0.00943781985752593,0.00602173109005881,0.653889573545604,35,0.984500466668035,"Clostridium felsineum","Species","Clostridium felsineum","d__Bacteria;p__Bacillota;c__Clostridia;o__Eubacteriales;f__Clostridiaceae;g__Clostridium_s__Clostridium_felsineum"
"X36839","PFDoA",-0.00400054666393093,0.0034345296812589,-0.0110476194736953,0.0030465261458334,0.254287789851264,35,0.970355898058642,"Clostridium felsineum","Species","Clostridium felsineum","d__Bacteria;p__Bacillota;c__Clostridia;o__Eubacteriales;f__Clostridiaceae;g__Clostridium_s__Clostridium_felsineum"
"X36839","PFDA",-0.00103618092066926,0.00355820986901393,-0.00833702451395337,0.00626466267261485,0.773117327807573,35,0.978766981221743,"Clostridium felsineum","Species","Clostridium felsineum","d__Bacteria;p__Bacillota;c__Clostridia;o__Eubacteriales;f__Clostridiaceae;g__Clostridium_s__Clostridium_felsineum"
"X371601","PFHpA",-0.00240737981757704,0.00289737948331431,-0.00835231145926522,0.00353755182411114,0.413327909997398,35,0.889866029573718,"Bacteroides xylanisolvens","Species","Bacteroides xylanisolvens","d__Bacteria;p__Bacteroidota;c__Bacteroidia;o__Bacteroidales;f__Bacteroidaceae;g__Bacteroides_s__Bacteroides_xylanisolvens"
"X371601","PFBA",0.000393917991001329,0.00328865649916141,-0.00635384777219928,0.00714168375420194,0.905543617300351,35,0.969968177491165,"Bacteroides xylanisolvens","Species","Bacteroides xylanisolvens","d__Bacteria;p__Bacteroidota;c__Bacteroidia;o__Bacteroidales;f__Bacteroidaceae;g__Bacteroides_s__Bacteroides_xylanisolvens"
"X371601","N.MeFOSAA",0.0010525181461109,0.0032429765422516,-0.00560152008751064,0.00770655637973244,0.748020518179921,35,0.984500466668035,"Bacteroides xylanisolvens","Species","Bacteroides xylanisolvens","d__Bacteria;p__Bacteroidota;c__Bacteroidia;o__Bacteroidales;f__Bacteroidaceae;g__Bacteroides_s__Bacteroides_xylanisolvens"
"X371601","PFDoA",-0.00209141114435845,0.00299743792294329,-0.00824164574590878,0.00405882345719188,0.491309678873005,35,0.970355898058642,"Bacteroides xylanisolvens","Species","Bacteroides xylanisolvens","d__Bacteria;p__Bacteroidota;c__Bacteroidia;o__Bacteroidales;f__Bacteroidaceae;g__Bacteroides_s__Bacteroides_xylanisolvens"
"X371601","PFDA",0.00367978316933547,0.00297915763571636,-0.00243294338103261,0.00979250971970356,0.227405836549997,35,0.876551133726437,"Bacteroides xylanisolvens","Species","Bacteroides xylanisolvens","d__Bacteria;p__Bacteroidota;c__Bacteroidia;o__Bacteroidales;f__Bacteroidaceae;g__Bacteroides_s__Bacteroides_xylanisolvens"
"X376805","PFBA",-0.00489728642029658,0.00381401503712993,-0.0127229988637945,0.00292842602320129,0.210043204124931,35,0.861414136191478,"Phocaeicola salanitronis","Species","Phocaeicola salanitronis","d__Bacteria;p__Bacteroidota;c__Bacteroidia;o__Bacteroidales;f__Bacteroidaceae;g__Phocaeicola_s__Phocaeicola_salanitronis"
"X376805","N.MeFOSAA",-0.000576952098490452,0.00387909762822348,-0.00853620298848568,0.00738229879150478,0.882869175481133,35,0.985941901719069,"Phocaeicola salanitronis","Species","Phocaeicola salanitronis","d__Bacteria;p__Bacteroidota;c__Bacteroidia;o__Bacteroidales;f__Bacteroidaceae;g__Phocaeicola_s__Phocaeicola_salanitronis"
"X376805","PFHpA",0.00231809027774119,0.00347583458701492,-0.00481373319813367,0.00944991375361606,0.510485365723258,35,0.904657610142482,"Phocaeicola salanitronis","Species","Phocaeicola salanitronis","d__Bacteria;p__Bacteroidota;c__Bacteroidia;o__Bacteroidales;f__Bacteroidaceae;g__Phocaeicola_s__Phocaeicola_salanitronis"
"X376805","PFDA",-0.000964873121465407,0.00365248262995865,-0.00845914844252873,0.00652940219959791,0.793655600252269,35,0.978766981221743,"Phocaeicola salanitronis","Species","Phocaeicola salanitronis","d__Bacteria;p__Bacteroidota;c__Bacteroidia;o__Bacteroidales;f__Bacteroidaceae;g__Phocaeicola_s__Phocaeicola_salanitronis"
"X376805","PFDoA",0.000296951877354624,0.00361156575817736,-0.00711336895754893,0.00770727271225818,0.935076325739158,35,0.988724381267404,"Phocaeicola salanitronis","Species","Phocaeicola salanitronis","d__Bacteria;p__Bacteroidota;c__Bacteroidia;o__Bacteroidales;f__Bacteroidaceae;g__Phocaeicola_s__Phocaeicola_salanitronis"
"X39778","PFHpA",0.00321192945445284,0.00315187303414245,-0.00325517982107194,0.00967903872997762,0.317222142369177,35,0.889866029573718,"Veillonella dispar","Species","Veillonella dispar","d__Bacteria;p__Bacillota;c__Negativicutes;o__Veillonellales;f__Veillonellaceae;g__Veillonella_s__Veillonella_dispar"
"X39778","PFDA",0.000825425916484583,0.00334824616877699,-0.00604460774930025,0.00769545958226942,0.807140652785606,35,0.978766981221743,"Veillonella dispar","Species","Veillonella dispar","d__Bacteria;p__Bacillota;c__Negativicutes;o__Veillonellales;f__Veillonellaceae;g__Veillonella_s__Veillonella_dispar"
"X39778","N.MeFOSAA",0.001333920629548,0.00354757325748809,-0.00594509843961543,0.00861293969871143,0.70984831105808,35,0.984500466668035,"Veillonella dispar","Species","Veillonella dispar","d__Bacteria;p__Bacillota;c__Negativicutes;o__Veillonellales;f__Veillonellaceae;g__Veillonella_s__Veillonella_dispar"
"X39778","PFDoA",0.00102159362758146,0.00330475777475606,-0.0057592092242385,0.00780239647940142,0.759596980499833,35,0.970355898058642,"Veillonella dispar","Species","Veillonella dispar","d__Bacteria;p__Bacillota;c__Negativicutes;o__Veillonellales;f__Veillonellaceae;g__Veillonella_s__Veillonella_dispar"
"X39778","PFBA",-0.00298971201955341,0.00355462637039843,-0.0102832028810225,0.00430377884191564,0.407692670625084,35,0.861414136191478,"Veillonella dispar","Species","Veillonella dispar","d__Bacteria;p__Bacillota;c__Negativicutes;o__Veillonellales;f__Veillonellaceae;g__Veillonella_s__Veillonella_dispar"
"X400065","N.MeFOSAA",0.00116480953357931,0.0031848545729693,-0.00536997226979089,0.0076995913369495,0.717413491936785,35,0.984500466668035,"Streptococcus merionis","Species","Streptococcus merionis","d__Bacteria;p__Bacillota;c__Bacilli;o__Lactobacillales;f__Streptococcaceae;g__Streptococcus_s__Streptococcus_merionis"
"X400065","PFHpA",-0.00448073460158814,0.00275113297560301,-0.0101255931958256,0.00116412399264933,0.11499338083673,35,0.889866029573718,"Streptococcus merionis","Species","Streptococcus merionis","d__Bacteria;p__Bacillota;c__Bacilli;o__Lactobacillales;f__Streptococcaceae;g__Streptococcus_s__Streptococcus_merionis"
"X400065","PFDA",-0.000615130719591243,0.00300653633706539,-0.00678403372488887,0.00555377228570639,0.839420886608426,35,0.978766981221743,"Streptococcus merionis","Species","Streptococcus merionis","d__Bacteria;p__Bacillota;c__Bacilli;o__Lactobacillales;f__Streptococcaceae;g__Streptococcus_s__Streptococcus_merionis"
"X400065","PFDoA",0.000399146494883373,0.00297070087370528,-0.00569622821311977,0.00649452120288652,0.894113648925463,35,0.970355898058642,"Streptococcus merionis","Species","Streptococcus merionis","d__Bacteria;p__Bacillota;c__Bacilli;o__Lactobacillales;f__Streptococcaceae;g__Streptococcus_s__Streptococcus_merionis"
"X400065","PFBA",0.00137378597031261,0.00322143649712721,-0.00523605574139636,0.00798362768202157,0.673159926479795,35,0.934919396566496,"Streptococcus merionis","Species","Streptococcus merionis","d__Bacteria;p__Bacillota;c__Bacilli;o__Lactobacillales;f__Streptococcaceae;g__Streptococcus_s__Streptococcus_merionis"
"X418240","PFDA",0.00033636162192909,0.00440018405721825,-0.00869207030480134,0.00936479354865952,0.939630593764139,35,0.98420539314755,"Blautia wexlerae","Species","Blautia wexlerae","d__Bacteria;p__Bacillota;c__Clostridia;o__Lachnospirales;f__Lachnospiraceae;g__Blautia_s__Blautia_wexlerae"
"X418240","N.MeFOSAA",-0.000382943558997948,0.00466899712482672,-0.00996293434107612,0.00919704722308022,0.935237110413248,35,0.985941901719069,"Blautia wexlerae","Species","Blautia wexlerae","d__Bacteria;p__Bacillota;c__Clostridia;o__Lachnospirales;f__Lachnospiraceae;g__Blautia_s__Blautia_wexlerae"
"X418240","PFHpA",-0.00382013470171529,0.00415215001590185,-0.0123396428133468,0.00469937340991623,0.365700467613482,35,0.889866029573718,"Blautia wexlerae","Species","Blautia wexlerae","d__Bacteria;p__Bacillota;c__Clostridia;o__Lachnospirales;f__Lachnospiraceae;g__Blautia_s__Blautia_wexlerae"
"X418240","PFBA",0.00417438292580107,0.00465863860681367,-0.00538435393291243,0.0137331197845146,0.378144734508509,35,0.861414136191478,"Blautia wexlerae","Species","Blautia wexlerae","d__Bacteria;p__Bacillota;c__Clostridia;o__Lachnospirales;f__Lachnospiraceae;g__Blautia_s__Blautia_wexlerae"
"X418240","PFDoA",0.00081487299211322,0.00434346327956567,-0.00809717751211115,0.00972692349633759,0.852585929533464,35,0.970355898058642,"Blautia wexlerae","Species","Blautia wexlerae","d__Bacteria;p__Bacillota;c__Clostridia;o__Lachnospirales;f__Lachnospiraceae;g__Blautia_s__Blautia_wexlerae"
"X42895","PFHpA",-0.00107510235388022,0.00264928851803173,-0.00651099338213855,0.00436078867437811,0.688081836111351,35,0.932817907439746,"Enterobacter sp.","Species","Enterobacter sp.","d__Bacteria;p__Pseudomonadota;c__Gammaproteobacteria;o__Enterobacterales;f__Enterobacteriaceae;g__Enterobacter_s__Enterobacter_sp."
"X42895","PFBA",0.00300495845109462,0.00292250493499038,-0.00299152635908288,0.00900144326127213,0.312973241030402,35,0.861414136191478,"Enterobacter sp.","Species","Enterobacter sp.","d__Bacteria;p__Pseudomonadota;c__Gammaproteobacteria;o__Enterobacterales;f__Enterobacteriaceae;g__Enterobacter_s__Enterobacter_sp."
"X42895","N.MeFOSAA",0.00712734692380198,0.00260350569699582,0.00178539448487569,0.0124692993627283,0.0108171073274443,35,0.504798341947399,"Enterobacter sp.","Species","Enterobacter sp.","d__Bacteria;p__Pseudomonadota;c__Gammaproteobacteria;o__Enterobacterales;f__Enterobacteriaceae;g__Enterobacter_s__Enterobacter_sp."
"X42895","PFDoA",0.00381300518135298,0.00263887382443352,-0.00160151666076075,0.00922752702346671,0.159982418659665,35,0.970355898058642,"Enterobacter sp.","Species","Enterobacter sp.","d__Bacteria;p__Pseudomonadota;c__Gammaproteobacteria;o__Enterobacterales;f__Enterobacteriaceae;g__Enterobacter_s__Enterobacter_sp."
"X42895","PFDA",0.00112801977838597,0.0027647547196939,-0.00454478832606487,0.00680082788283681,0.686491138180343,35,0.973898189642314,"Enterobacter sp.","Species","Enterobacter sp.","d__Bacteria;p__Pseudomonadota;c__Gammaproteobacteria;o__Enterobacterales;f__Enterobacteriaceae;g__Enterobacter_s__Enterobacter_sp."
"X438033","PFBA",0.00587762795273852,0.00474416717051602,-0.00385659902301018,0.0156118549284872,0.226039009570699,35,0.861414136191478,"Ruminococcus gauvreauii","Species","Ruminococcus gauvreauii","d__Bacteria;p__Bacillota;c__Clostridia;o__Eubacteriales;f__Oscillospiraceae;g__Ruminococcus_s__Ruminococcus_gauvreauii"
"X438033","PFHpA",-0.00518674669465748,0.00423424455354407,-0.0138746988838596,0.00350120549454468,0.231172924417114,35,0.889866029573718,"Ruminococcus gauvreauii","Species","Ruminococcus gauvreauii","d__Bacteria;p__Bacillota;c__Clostridia;o__Eubacteriales;f__Oscillospiraceae;g__Ruminococcus_s__Ruminococcus_gauvreauii"
"X438033","PFDA",0.000660281938735837,0.00453828523520519,-0.00865151019935007,0.00997207407682174,0.885403557057778,35,0.983781730064198,"Ruminococcus gauvreauii","Species","Ruminococcus gauvreauii","d__Bacteria;p__Bacillota;c__Clostridia;o__Eubacteriales;f__Oscillospiraceae;g__Ruminococcus_s__Ruminococcus_gauvreauii"
"X438033","N.MeFOSAA",0.00509678678058182,0.00471658752598173,-0.00458085143887774,0.0147744250000414,0.289429278099366,35,0.918566105878837,"Ruminococcus gauvreauii","Species","Ruminococcus gauvreauii","d__Bacteria;p__Bacillota;c__Clostridia;o__Eubacteriales;f__Oscillospiraceae;g__Ruminococcus_s__Ruminococcus_gauvreauii"
"X438033","PFDoA",0.00766485609431932,0.00423439537165329,-0.00102340554808178,0.0163531177367204,0.0814182039232331,35,0.970355898058642,"Ruminococcus gauvreauii","Species","Ruminococcus gauvreauii","d__Bacteria;p__Bacillota;c__Clostridia;o__Eubacteriales;f__Oscillospiraceae;g__Ruminococcus_s__Ruminococcus_gauvreauii"
"X45634","PFDA",-0.00130516258764379,0.0032870812340723,-0.00804969617386302,0.00543937099857543,0.694445875307721,35,0.973898189642314,"Streptococcus cristatus","Species","Streptococcus cristatus","d__Bacteria;p__Bacillota;c__Bacilli;o__Lactobacillales;f__Streptococcaceae;g__Streptococcus_s__Streptococcus_cristatus"
"X45634","N.MeFOSAA",-0.0011822760388766,0.00349071136185457,-0.00834462413535425,0.00598007205760105,0.73746165491991,35,0.984500466668035,"Streptococcus cristatus","Species","Streptococcus cristatus","d__Bacteria;p__Bacillota;c__Bacilli;o__Lactobacillales;f__Streptococcaceae;g__Streptococcus_s__Streptococcus_cristatus"
"X45634","PFBA",-0.000755972244158914,0.00353844405103609,-0.00801625972893288,0.00650431524061505,0.832428732422538,35,0.964701732189117,"Streptococcus cristatus","Species","Streptococcus cristatus","d__Bacteria;p__Bacillota;c__Bacilli;o__Lactobacillales;f__Streptococcaceae;g__Streptococcus_s__Streptococcus_cristatus"
"X45634","PFDoA",1.83322355084286e-05,0.00325593438109667,-0.00666229328728307,0.00669895775829993,0.99554900466943,35,0.99554900466943,"Streptococcus cristatus","Species","Streptococcus cristatus","d__Bacteria;p__Bacillota;c__Bacilli;o__Lactobacillales;f__Streptococcaceae;g__Streptococcus_s__Streptococcus_cristatus"
"X45634","PFHpA",0.00307493329291559,0.00310295464093119,-0.00329180373060115,0.00944167031643233,0.330498833751441,35,0.889866029573718,"Streptococcus cristatus","Species","Streptococcus cristatus","d__Bacteria;p__Bacillota;c__Bacilli;o__Lactobacillales;f__Streptococcaceae;g__Streptococcus_s__Streptococcus_cristatus"
"X548","PFBA",0.00038990173056325,0.00476041656281334,-0.00937766624417534,0.0101574697053018,0.935326456866481,35,0.969968177491165,"Klebsiella aerogenes","Species","Klebsiella aerogenes","d__Bacteria;p__Pseudomonadota;c__Gammaproteobacteria;o__Enterobacterales;f__Enterobacteriaceae;g__Klebsiella_s__Klebsiella_aerogenes"
"X548","N.MeFOSAA",0.00448742416983263,0.00462280145887104,-0.00499778093510856,0.0139726292747738,0.340306375409093,35,0.97261672598206,"Klebsiella aerogenes","Species","Klebsiella aerogenes","d__Bacteria;p__Pseudomonadota;c__Gammaproteobacteria;o__Enterobacterales;f__Enterobacteriaceae;g__Klebsiella_s__Klebsiella_aerogenes"
"X548","PFDoA",0.00582515795808358,0.00423120072523177,-0.00285654881130048,0.0145068647274676,0.17990998539028,35,0.970355898058642,"Klebsiella aerogenes","Species","Klebsiella aerogenes","d__Bacteria;p__Pseudomonadota;c__Gammaproteobacteria;o__Enterobacterales;f__Enterobacteriaceae;g__Klebsiella_s__Klebsiella_aerogenes"
"X548","PFHpA",0.00324656270788828,0.00420049888312947,-0.00537214908495812,0.0118652745007347,0.446295848055265,35,0.889866029573718,"Klebsiella aerogenes","Species","Klebsiella aerogenes","d__Bacteria;p__Pseudomonadota;c__Gammaproteobacteria;o__Enterobacterales;f__Enterobacteriaceae;g__Klebsiella_s__Klebsiella_aerogenes"
"X548","PFDA",0.00176326534399508,0.0044189359304475,-0.00730364224846831,0.0108301729364585,0.693013438431959,35,0.973898189642314,"Klebsiella aerogenes","Species","Klebsiella aerogenes","d__Bacteria;p__Pseudomonadota;c__Gammaproteobacteria;o__Enterobacterales;f__Enterobacteriaceae;g__Klebsiella_s__Klebsiella_aerogenes"
"X550","PFDoA",0.000953024336927389,0.00318609845058478,-0.00558430969249301,0.00749035836634779,0.767139187847169,35,0.970355898058642,"Enterobacter cloacae","Species","Enterobacter cloacae","d__Bacteria;p__Pseudomonadota;c__Gammaproteobacteria;o__Enterobacterales;f__Enterobacteriaceae;g__Enterobacter_s__Enterobacter_cloacae"
"X550","PFBA",-0.000734932142322976,0.00346832660669292,-0.00785135051505602,0.00638148623041007,0.833777925677737,35,0.964701732189117,"Enterobacter cloacae","Species","Enterobacter cloacae","d__Bacteria;p__Pseudomonadota;c__Gammaproteobacteria;o__Enterobacterales;f__Enterobacteriaceae;g__Enterobacter_s__Enterobacter_cloacae"
"X550","PFDA",-7.84878721517884e-05,0.00323125795685404,-0.00670848155464465,0.00655150581034107,0.980799772557038,35,0.987410271380994,"Enterobacter cloacae","Species","Enterobacter cloacae","d__Bacteria;p__Pseudomonadota;c__Gammaproteobacteria;o__Enterobacterales;f__Enterobacteriaceae;g__Enterobacter_s__Enterobacter_cloacae"
"X550","N.MeFOSAA",0.00199987711152531,0.00340708371809382,-0.0049908812334627,0.00899063545651331,0.562096209715327,35,0.984500466668035,"Enterobacter cloacae","Species","Enterobacter cloacae","d__Bacteria;p__Pseudomonadota;c__Gammaproteobacteria;o__Enterobacterales;f__Enterobacteriaceae;g__Enterobacter_s__Enterobacter_cloacae"
"X550","PFHpA",-0.004079025224493,0.00299507427290316,-0.0102244100167607,0.00206635956777471,0.184481713026886,35,0.889866029573718,"Enterobacter cloacae","Species","Enterobacter cloacae","d__Bacteria;p__Pseudomonadota;c__Gammaproteobacteria;o__Enterobacterales;f__Enterobacteriaceae;g__Enterobacter_s__Enterobacter_cloacae"
"X564","PFDA",-0.00391195529593789,0.00377459500023204,-0.0116567845047679,0.00383287391289211,0.309213319556096,35,0.87738269822755,"Escherichia fergusonii","Species","Escherichia fergusonii","d__Bacteria;p__Pseudomonadota;c__Gammaproteobacteria;o__Enterobacterales;f__Enterobacteriaceae;g__Escherichia_s__Escherichia_fergusonii"
"X564","PFBA",-0.000265006506048539,0.00413440322646583,-0.00874810121354568,0.0082180882014486,0.949364495561513,35,0.970948141783281,"Escherichia fergusonii","Species","Escherichia fergusonii","d__Bacteria;p__Pseudomonadota;c__Gammaproteobacteria;o__Enterobacterales;f__Enterobacteriaceae;g__Escherichia_s__Escherichia_fergusonii"
"X564","PFHpA",-0.00643649834709945,0.00347383268638704,-0.0135642142621751,0.000691217567976162,0.0748640512167318,35,0.889866029573718,"Escherichia fergusonii","Species","Escherichia fergusonii","d__Bacteria;p__Pseudomonadota;c__Gammaproteobacteria;o__Enterobacterales;f__Enterobacteriaceae;g__Escherichia_s__Escherichia_fergusonii"
"X564","PFDoA",-0.000703880084183658,0.00379897762388187,-0.00849873830429024,0.00709097813592293,0.854393119297526,35,0.970355898058642,"Escherichia fergusonii","Species","Escherichia fergusonii","d__Bacteria;p__Pseudomonadota;c__Gammaproteobacteria;o__Enterobacterales;f__Enterobacteriaceae;g__Escherichia_s__Escherichia_fergusonii"
"X564","N.MeFOSAA",0.001349220941607,0.00407588401258812,-0.00701380225705542,0.00971224414026941,0.743180737767239,35,0.984500466668035,"Escherichia fergusonii","Species","Escherichia fergusonii","d__Bacteria;p__Pseudomonadota;c__Gammaproteobacteria;o__Enterobacterales;f__Enterobacteriaceae;g__Escherichia_s__Escherichia_fergusonii"
"X571","PFBA",0.000401143138475019,0.00276335544476909,-0.00526879389098415,0.00607108016793419,0.885658675348803,35,0.969968177491165,"Klebsiella oxytoca","Species","Klebsiella oxytoca","d__Bacteria;p__Pseudomonadota;c__Gammaproteobacteria;o__Enterobacterales;f__Enterobacteriaceae;g__Klebsiella_s__Klebsiella_oxytoca"
"X571","PFDoA",-0.000390872810154467,0.00254046164208606,-0.00560346953333427,0.00482172391302534,0.878865184159282,35,0.970355898058642,"Klebsiella oxytoca","Species","Klebsiella oxytoca","d__Bacteria;p__Pseudomonadota;c__Gammaproteobacteria;o__Enterobacterales;f__Enterobacteriaceae;g__Klebsiella_s__Klebsiella_oxytoca"
"X571","PFDA",-0.00625786962702204,0.00227416206478647,-0.0109240647509727,-0.00159167450307133,0.0104607848293824,35,0.646662622578676,"Klebsiella oxytoca","Species","Klebsiella oxytoca","d__Bacteria;p__Pseudomonadota;c__Gammaproteobacteria;o__Enterobacterales;f__Enterobacteriaceae;g__Klebsiella_s__Klebsiella_oxytoca"
"X571","N.MeFOSAA",-0.00446208924080837,0.00259208041051012,-0.00978059892826378,0.000856420446647034,0.0966131121421894,35,0.905551882685771,"Klebsiella oxytoca","Species","Klebsiella oxytoca","d__Bacteria;p__Pseudomonadota;c__Gammaproteobacteria;o__Enterobacterales;f__Enterobacteriaceae;g__Klebsiella_s__Klebsiella_oxytoca"
"X571","PFHpA",0.00173718157846769,0.00244304381188971,-0.00327553026786593,0.00674989342480131,0.483137402151767,35,0.889866029573718,"Klebsiella oxytoca","Species","Klebsiella oxytoca","d__Bacteria;p__Pseudomonadota;c__Gammaproteobacteria;o__Enterobacterales;f__Enterobacteriaceae;g__Klebsiella_s__Klebsiella_oxytoca"
"X576","PFDoA",-0.0030380990622045,0.0038114183598808,-0.0108584835640812,0.00478228543967217,0.432344446924008,35,0.970355898058642,"Klebsiella sp.","Species","Klebsiella sp.","d__Bacteria;p__Pseudomonadota;c__Gammaproteobacteria;o__Enterobacterales;f__Enterobacteriaceae;g__Klebsiella_s__Klebsiella_sp."
"X576","PFHpA",-0.00161778684174243,0.00372808142064562,-0.00926717806854628,0.00603160438506142,0.667775386145236,35,0.932817907439746,"Klebsiella sp.","Species","Klebsiella sp.","d__Bacteria;p__Pseudomonadota;c__Gammaproteobacteria;o__Enterobacterales;f__Enterobacteriaceae;g__Klebsiella_s__Klebsiella_sp."
"X576","PFBA",0.0043873486382477,0.00410824856145333,-0.00404208112942848,0.0128167784059239,0.295004973594876,35,0.861414136191478,"Klebsiella sp.","Species","Klebsiella sp.","d__Bacteria;p__Pseudomonadota;c__Gammaproteobacteria;o__Enterobacterales;f__Enterobacteriaceae;g__Klebsiella_s__Klebsiella_sp."
"X576","PFDA",-0.00192091704920671,0.00388669601564619,-0.0098957585423919,0.00605392444397847,0.625141831097026,35,0.967765676974468,"Klebsiella sp.","Species","Klebsiella sp.","d__Bacteria;p__Pseudomonadota;c__Gammaproteobacteria;o__Enterobacterales;f__Enterobacteriaceae;g__Klebsiella_s__Klebsiella_sp."
"X576","N.MeFOSAA",-0.001187090926616,0.00413651631139016,-0.00967452132624479,0.00730033947301279,0.776319726988866,35,0.984500466668035,"Klebsiella sp.","Species","Klebsiella sp.","d__Bacteria;p__Pseudomonadota;c__Gammaproteobacteria;o__Enterobacterales;f__Enterobacteriaceae;g__Klebsiella_s__Klebsiella_sp."
"X59310","N.MeFOSAA",-0.000998768236969265,0.00246142812307774,-0.00604920157402296,0.00405166510008443,0.688111000184939,35,0.984500466668035,"Streptococcus macedonicus","Species","Streptococcus macedonicus","d__Bacteria;p__Bacillota;c__Bacilli;o__Lactobacillales;f__Streptococcaceae;g__Streptococcus_s__Streptococcus_macedonicus"
"X59310","PFBA",0.00293295649702257,0.00243492556520688,-0.00206309808302691,0.00792901107707206,0.238835224730495,35,0.861414136191478,"Streptococcus macedonicus","Species","Streptococcus macedonicus","d__Bacteria;p__Bacillota;c__Bacilli;o__Lactobacillales;f__Streptococcaceae;g__Streptococcus_s__Streptococcus_macedonicus"
"X59310","PFDA",0.00107624076651655,0.00231750059535832,-0.00367887767700088,0.00583135921003398,0.646086205384615,35,0.970329999420396,"Streptococcus macedonicus","Species","Streptococcus macedonicus","d__Bacteria;p__Bacillota;c__Bacilli;o__Lactobacillales;f__Streptococcaceae;g__Streptococcus_s__Streptococcus_macedonicus"
"X59310","PFDoA",0.00419513213579826,0.0021514996891938,-0.000219380582687429,0.00860964485428395,0.0616473923741653,35,0.970355898058642,"Streptococcus macedonicus","Species","Streptococcus macedonicus","d__Bacteria;p__Bacillota;c__Bacilli;o__Lactobacillales;f__Streptococcaceae;g__Streptococcus_s__Streptococcus_macedonicus"
"X59310","PFHpA",0.000620091118455072,0.00222629545656942,-0.00394788983803548,0.00518807207494562,0.782727287139489,35,0.982284851222905,"Streptococcus macedonicus","Species","Streptococcus macedonicus","d__Bacteria;p__Bacillota;c__Bacilli;o__Lactobacillales;f__Streptococcaceae;g__Streptococcus_s__Streptococcus_macedonicus"
"X61645","N.MeFOSAA",-0.00499910520422739,0.00533096372285183,-0.0159373392530241,0.00593912884456935,0.356686781404619,35,0.977832702814871,"Enterobacter asburiae","Species","Enterobacter asburiae","d__Bacteria;p__Pseudomonadota;c__Gammaproteobacteria;o__Enterobacterales;f__Enterobacteriaceae;g__Enterobacter_s__Enterobacter_asburiae"
"X61645","PFHpA",0.0016263242504963,0.00488172256395064,-0.00839014307920799,0.0116427915802006,0.741597607091292,35,0.950776697001808,"Enterobacter asburiae","Species","Enterobacter asburiae","d__Bacteria;p__Pseudomonadota;c__Gammaproteobacteria;o__Enterobacterales;f__Enterobacteriaceae;g__Enterobacter_s__Enterobacter_asburiae"
"X61645","PFDA",-0.00105329653457628,0.00510108840025143,-0.0115198653814758,0.00941327231232321,0.837961553030109,35,0.978766981221743,"Enterobacter asburiae","Species","Enterobacter asburiae","d__Bacteria;p__Pseudomonadota;c__Gammaproteobacteria;o__Enterobacterales;f__Enterobacteriaceae;g__Enterobacter_s__Enterobacter_asburiae"
"X61645","PFBA",0.00860201164298433,0.00522833058799927,-0.00212563660771989,0.0193296598936885,0.111508154576513,35,0.861414136191478,"Enterobacter asburiae","Species","Enterobacter asburiae","d__Bacteria;p__Pseudomonadota;c__Gammaproteobacteria;o__Enterobacterales;f__Enterobacteriaceae;g__Enterobacter_s__Enterobacter_asburiae"
"X61645","PFDoA",0.00932854969314457,0.00471160090732039,-0.000338856829971606,0.0189959562162607,0.0579901603143048,35,0.970355898058642,"Enterobacter asburiae","Species","Enterobacter asburiae","d__Bacteria;p__Pseudomonadota;c__Gammaproteobacteria;o__Enterobacterales;f__Enterobacteriaceae;g__Enterobacter_s__Enterobacter_asburiae"
"X623","PFDoA",-0.00676077300456919,0.00354738435461923,-0.0140394044770617,0.000517858467923265,0.0673685740642582,35,0.970355898058642,"Shigella flexneri","Species","Shigella flexneri","d__Bacteria;p__Pseudomonadota;c__Gammaproteobacteria;o__Enterobacterales;f__Enterobacteriaceae;g__Shigella_s__Shigella_flexneri"
"X623","PFHpA",-0.00218536813697947,0.00364163017150336,-0.00965737605260539,0.00528663977864646,0.553438710194757,35,0.913570763166862,"Shigella flexneri","Species","Shigella flexneri","d__Bacteria;p__Pseudomonadota;c__Gammaproteobacteria;o__Enterobacterales;f__Enterobacteriaceae;g__Shigella_s__Shigella_flexneri"
"X623","PFDA",-0.0140720271980976,0.00270223705573418,-0.0196165596518168,-0.00852749474437833,1.74437949011228e-05,35,0.00244213128615719,"Shigella flexneri","Species","Shigella flexneri","d__Bacteria;p__Pseudomonadota;c__Gammaproteobacteria;o__Enterobacterales;f__Enterobacteriaceae;g__Shigella_s__Shigella_flexneri"
"X623","PFBA",-0.00198323701719037,0.00409202325405887,-0.0103793752040153,0.00641290116963458,0.631826820554072,35,0.921414113308022,"Shigella flexneri","Species","Shigella flexneri","d__Bacteria;p__Pseudomonadota;c__Gammaproteobacteria;o__Enterobacterales;f__Enterobacteriaceae;g__Shigella_s__Shigella_flexneri"
"X623","N.MeFOSAA",-0.0100140993557399,0.00357288868977625,-0.01734506140141,-0.00268313731006972,0.00926259611925253,35,0.504798341947399,"Shigella flexneri","Species","Shigella flexneri","d__Bacteria;p__Pseudomonadota;c__Gammaproteobacteria;o__Enterobacterales;f__Enterobacteriaceae;g__Shigella_s__Shigella_flexneri"
"X674529","PFDA",-0.00406681649712625,0.00396673054596442,-0.0122058752819906,0.00407224228773806,0.314352202919907,35,0.87738269822755,"Bacteroides faecis","Species","Bacteroides faecis","d__Bacteria;p__Bacteroidota;c__Bacteroidia;o__Bacteroidales;f__Bacteroidaceae;g__Bacteroides_s__Bacteroides_faecis"
"X674529","PFHpA",-0.00280635162001527,0.00383638926007786,-0.0106779721769402,0.0050652689369097,0.470770289490097,35,0.889866029573718,"Bacteroides faecis","Species","Bacteroides faecis","d__Bacteria;p__Bacteroidota;c__Bacteroidia;o__Bacteroidales;f__Bacteroidaceae;g__Bacteroides_s__Bacteroides_faecis"
"X674529","N.MeFOSAA",-0.00741423116249129,0.0040460530604582,-0.0157160463032379,0.000887583978255307,0.0779343537060235,35,0.894411216393901,"Bacteroides faecis","Species","Bacteroides faecis","d__Bacteria;p__Bacteroidota;c__Bacteroidia;o__Bacteroidales;f__Bacteroidaceae;g__Bacteroides_s__Bacteroides_faecis"
"X674529","PFBA",-0.00312025411199672,0.00430169302761757,-0.0119465991385929,0.00570609091459947,0.474474742412318,35,0.861414136191478,"Bacteroides faecis","Species","Bacteroides faecis","d__Bacteria;p__Bacteroidota;c__Bacteroidia;o__Bacteroidales;f__Bacteroidaceae;g__Bacteroides_s__Bacteroides_faecis"
"X674529","PFDoA",-0.00064566302300981,0.0039913205850057,-0.00883517640038046,0.00754385035436084,0.872694002402524,35,0.970355898058642,"Bacteroides faecis","Species","Bacteroides faecis","d__Bacteria;p__Bacteroidota;c__Bacteroidia;o__Bacteroidales;f__Bacteroidaceae;g__Bacteroides_s__Bacteroides_faecis"
"X68892","PFHpA",0.0009093081357779,0.00235560269974327,-0.00392398936825869,0.00574260563981449,0.702507432767394,35,0.932817907439746,"Streptococcus infantis","Species","Streptococcus infantis","d__Bacteria;p__Bacillota;c__Bacilli;o__Lactobacillales;f__Streptococcaceae;g__Streptococcus_s__Streptococcus_infantis"
"X68892","N.MeFOSAA",0.000157351705743986,0.00261558922804216,-0.00520939409093002,0.005524097502418,0.952471942514578,35,0.985941901719069,"Streptococcus infantis","Species","Streptococcus infantis","d__Bacteria;p__Bacillota;c__Bacilli;o__Lactobacillales;f__Streptococcaceae;g__Streptococcus_s__Streptococcus_infantis"
"X68892","PFBA",0.00135546534511937,0.00263527435208787,-0.00405167098979233,0.00676260168003106,0.611188861702348,35,0.900699375140302,"Streptococcus infantis","Species","Streptococcus infantis","d__Bacteria;p__Bacillota;c__Bacilli;o__Lactobacillales;f__Streptococcaceae;g__Streptococcus_s__Streptococcus_infantis"
"X68892","PFDA",-0.00111195131109151,0.0024558181181965,-0.00615087386893228,0.00392697124674927,0.654322898492776,35,0.970329999420396,"Streptococcus infantis","Species","Streptococcus infantis","d__Bacteria;p__Bacillota;c__Bacilli;o__Lactobacillales;f__Streptococcaceae;g__Streptococcus_s__Streptococcus_infantis"
"X68892","PFDoA",-0.00128520259680145,0.00242207328703906,-0.00625488648029991,0.00368448128669701,0.600019234763514,35,0.970355898058642,"Streptococcus infantis","Species","Streptococcus infantis","d__Bacteria;p__Bacillota;c__Bacilli;o__Lactobacillales;f__Streptococcaceae;g__Streptococcus_s__Streptococcus_infantis"
"X704125","N.MeFOSAA",0.00313336802234253,0.0027017958074157,-0.0024102590646115,0.00867699510929656,0.256309866729137,35,0.918566105878837,"Clostridium gelidum","Species","Clostridium gelidum","d__Bacteria;p__Bacillota;c__Clostridia;o__Eubacteriales;f__Clostridiaceae;g__Clostridium_s__Clostridium_gelidum"
"X704125","PFDoA",0.00149820931533663,0.00256043511003867,-0.00375536957890827,0.00675178820958153,0.563313312750858,35,0.970355898058642,"Clostridium gelidum","Species","Clostridium gelidum","d__Bacteria;p__Bacillota;c__Clostridia;o__Eubacteriales;f__Clostridiaceae;g__Clostridium_s__Clostridium_gelidum"
"X704125","PFHpA",-0.00028539306135151,0.00249920820148672,-0.00541334471619977,0.00484255859349675,0.909929433178687,35,0.982284851222905,"Clostridium gelidum","Species","Clostridium gelidum","d__Bacteria;p__Bacillota;c__Clostridia;o__Eubacteriales;f__Clostridiaceae;g__Clostridium_s__Clostridium_gelidum"
"X704125","PFDA",0.00142596302633248,0.00259437500279905,-0.00389725477560425,0.0067491808282692,0.587086792951362,35,0.941005327335625,"Clostridium gelidum","Species","Clostridium gelidum","d__Bacteria;p__Bacillota;c__Clostridia;o__Eubacteriales;f__Clostridiaceae;g__Clostridium_s__Clostridium_gelidum"
"X704125","PFBA",-0.0024221789053774,0.00276351052202103,-0.00809243412707451,0.00324807631631971,0.388497624714486,35,0.861414136191478,"Clostridium gelidum","Species","Clostridium gelidum","d__Bacteria;p__Bacillota;c__Clostridia;o__Eubacteriales;f__Clostridiaceae;g__Clostridium_s__Clostridium_gelidum"
"X751585","N.MeFOSAA",-0.0035241716222769,0.00469174429024523,-0.0131508357325242,0.0061024924879704,0.459063841071519,35,0.984500466668035,"Coprococcus sp. ART55/1","Species","Coprococcus sp. ART55/1","d__Bacteria;p__Bacillota;c__Clostridia;o__Lachnospirales;f__Lachnospiraceae;g__Coprococcus_s__Coprococcus_sp._ART55/1"
"X751585","PFBA",-0.0029350590737978,0.00476585427249975,-0.0127137843072107,0.00684366615961513,0.543149736444167,35,0.861414136191478,"Coprococcus sp. ART55/1","Species","Coprococcus sp. ART55/1","d__Bacteria;p__Bacillota;c__Clostridia;o__Lachnospirales;f__Lachnospiraceae;g__Coprococcus_s__Coprococcus_sp._ART55/1"
"X751585","PFDA",0.00212986532527993,0.00444866518382089,-0.00699804165648715,0.011257772307047,0.635960302011793,35,0.967765676974468,"Coprococcus sp. ART55/1","Species","Coprococcus sp. ART55/1","d__Bacteria;p__Bacillota;c__Clostridia;o__Lachnospirales;f__Lachnospiraceae;g__Coprococcus_s__Coprococcus_sp._ART55/1"
"X751585","PFDoA",-0.00224883855689422,0.004391039362941,-0.0112585071208427,0.00676083000705427,0.612715199584493,35,0.970355898058642,"Coprococcus sp. ART55/1","Species","Coprococcus sp. ART55/1","d__Bacteria;p__Bacillota;c__Clostridia;o__Lachnospirales;f__Lachnospiraceae;g__Coprococcus_s__Coprococcus_sp._ART55/1"
"X751585","PFHpA",-0.00257698725651994,0.00425196359991239,-0.0113012959257835,0.00614732141274366,0.549530186561912,35,0.913570763166862,"Coprococcus sp. ART55/1","Species","Coprococcus sp. ART55/1","d__Bacteria;p__Bacillota;c__Clostridia;o__Lachnospirales;f__Lachnospiraceae;g__Coprococcus_s__Coprococcus_sp._ART55/1"
"X820","PFBA",0.00679183827526236,0.00387672006176613,-0.00116253425132072,0.0147462108018454,0.0911339642006649,35,0.861414136191478,"Bacteroides uniformis","Species","Bacteroides uniformis","d__Bacteria;p__Bacteroidota;c__Bacteroidia;o__Bacteroidales;f__Bacteroidaceae;g__Bacteroides_s__Bacteroides_uniformis"
"X820","PFHpA",0.00560789865944521,0.00348596502339819,-0.00154471075494611,0.0127605080738365,0.119312323925245,35,0.889866029573718,"Bacteroides uniformis","Species","Bacteroides uniformis","d__Bacteria;p__Bacteroidota;c__Bacteroidia;o__Bacteroidales;f__Bacteroidaceae;g__Bacteroides_s__Bacteroides_uniformis"
"X820","PFDA",0.00747483520765668,0.00352624042183684,0.00023958750168554,0.0147100829136278,0.0433631205322816,35,0.660095480247929,"Bacteroides uniformis","Species","Bacteroides uniformis","d__Bacteria;p__Bacteroidota;c__Bacteroidia;o__Bacteroidales;f__Bacteroidaceae;g__Bacteroides_s__Bacteroides_uniformis"
"X820","N.MeFOSAA",0.00251681149249071,0.00401197126073742,-0.00571507357153222,0.0107486965565136,0.535715530249636,35,0.984500466668035,"Bacteroides uniformis","Species","Bacteroides uniformis","d__Bacteria;p__Bacteroidota;c__Bacteroidia;o__Bacteroidales;f__Bacteroidaceae;g__Bacteroides_s__Bacteroides_uniformis"
"X820","PFDoA",0.00261888383843129,0.00372740872673508,-0.00502912713447867,0.0102668948113412,0.488317852162347,35,0.970355898058642,"Bacteroides uniformis","Species","Bacteroides uniformis","d__Bacteria;p__Bacteroidota;c__Bacteroidia;o__Bacteroidales;f__Bacteroidaceae;g__Bacteroides_s__Bacteroides_uniformis"
"X823","N.MeFOSAA",0.00987892423224401,0.00305429218622603,0.00361203431829816,0.0161458141461899,0.00320978594327131,35,0.449370032057984,"Parabacteroides distasonis","Species","Parabacteroides distasonis","d__Bacteria;p__Bacteroidota;c__Bacteroidia;o__Bacteroidales;f__Tannerellaceae;g__Parabacteroides_s__Parabacteroides_distasonis"
"X823","PFDoA",-0.00347245656404008,0.0032812387305133,-0.0102050023231643,0.00326008919508414,0.299306172264941,35,0.970355898058642,"Parabacteroides distasonis","Species","Parabacteroides distasonis","d__Bacteria;p__Bacteroidota;c__Bacteroidia;o__Bacteroidales;f__Tannerellaceae;g__Parabacteroides_s__Parabacteroides_distasonis"
"X823","PFHpA",-0.0052469030949204,0.00308787083112897,-0.0115826906971802,0.00108888450733935,0.100777302165539,35,0.889866029573718,"Parabacteroides distasonis","Species","Parabacteroides distasonis","d__Bacteria;p__Bacteroidota;c__Bacteroidia;o__Bacteroidales;f__Tannerellaceae;g__Parabacteroides_s__Parabacteroides_distasonis"
"X823","PFBA",-0.00507603823096625,0.0035087717841406,-0.0122754432530309,0.0021233667910984,0.159499711382334,35,0.861414136191478,"Parabacteroides distasonis","Species","Parabacteroides distasonis","d__Bacteria;p__Bacteroidota;c__Bacteroidia;o__Bacteroidales;f__Tannerellaceae;g__Parabacteroides_s__Parabacteroides_distasonis"
"X823","PFDA",0.00504566847609194,0.00324845811637004,-0.00161961701858417,0.0117109539707681,0.132007807060319,35,0.875384362782265,"Parabacteroides distasonis","Species","Parabacteroides distasonis","d__Bacteria;p__Bacteroidota;c__Bacteroidia;o__Bacteroidales;f__Tannerellaceae;g__Parabacteroides_s__Parabacteroides_distasonis"
"X84022","PFDA",-0.00560555252253677,0.00491280603592661,-0.0156857978685995,0.00447469282352598,0.263886172843615,35,0.876551133726437,"Clostridium aceticum","Species","Clostridium aceticum","d__Bacteria;p__Bacillota;c__Clostridia;o__Eubacteriales;f__Clostridiaceae;g__Clostridium_s__Clostridium_aceticum"
"X84022","PFDoA",-0.00531917521948046,0.00486109946518782,-0.0152933274457988,0.00465497700683791,0.28351900459461,35,0.970355898058642,"Clostridium aceticum","Species","Clostridium aceticum","d__Bacteria;p__Bacillota;c__Clostridia;o__Eubacteriales;f__Clostridiaceae;g__Clostridium_s__Clostridium_aceticum"
"X84022","PFBA",-0.00323672085210816,0.00536728567625623,-0.0142494813933182,0.00777603968910191,0.551510433517639,35,0.861414136191478,"Clostridium aceticum","Species","Clostridium aceticum","d__Bacteria;p__Bacillota;c__Clostridia;o__Eubacteriales;f__Clostridiaceae;g__Clostridium_s__Clostridium_aceticum"
"X84022","PFHpA",-0.00181711164935416,0.00480692882733741,-0.0116801149078338,0.00804589160912552,0.708372007357309,35,0.932817907439746,"Clostridium aceticum","Species","Clostridium aceticum","d__Bacteria;p__Bacillota;c__Clostridia;o__Eubacteriales;f__Clostridiaceae;g__Clostridium_s__Clostridium_aceticum"
"X84022","N.MeFOSAA",-0.0059045522922555,0.00521485439950658,-0.0166045496881646,0.00479544510365356,0.267482332334015,35,0.918566105878837,"Clostridium aceticum","Species","Clostridium aceticum","d__Bacteria;p__Bacillota;c__Clostridia;o__Eubacteriales;f__Clostridiaceae;g__Clostridium_s__Clostridium_aceticum"
"X84023","PFDA",0.00484941500597189,0.00375735562616998,-0.00286004192907257,0.0125588719410164,0.20776961059818,35,0.875384362782265,"Clostridium autoethanogenum","Species","Clostridium autoethanogenum","d__Bacteria;p__Bacillota;c__Clostridia;o__Eubacteriales;f__Clostridiaceae;g__Clostridium_s__Clostridium_autoethanogenum"
"X84023","PFBA",0.00529885650996495,0.00403201894192116,-0.00297416299809543,0.0135718760180253,0.199836871400902,35,0.861414136191478,"Clostridium autoethanogenum","Species","Clostridium autoethanogenum","d__Bacteria;p__Bacillota;c__Clostridia;o__Eubacteriales;f__Clostridiaceae;g__Clostridium_s__Clostridium_autoethanogenum"
"X84023","N.MeFOSAA",0.00423845170112726,0.00402631557607637,-0.00402286546684613,0.0124997688691006,0.301814577645904,35,0.918566105878837,"Clostridium autoethanogenum","Species","Clostridium autoethanogenum","d__Bacteria;p__Bacillota;c__Clostridia;o__Eubacteriales;f__Clostridiaceae;g__Clostridium_s__Clostridium_autoethanogenum"
"X84023","PFDoA",0.00548579206784722,0.00367505987394722,-0.00205480793140987,0.0130263920671043,0.14710763052382,35,0.970355898058642,"Clostridium autoethanogenum","Species","Clostridium autoethanogenum","d__Bacteria;p__Bacillota;c__Clostridia;o__Eubacteriales;f__Clostridiaceae;g__Clostridium_s__Clostridium_autoethanogenum"
"X84023","PFHpA",0.00130043715587654,0.0037012637553825,-0.0062939287669597,0.00889480307871279,0.728053224645436,35,0.943772698614454,"Clostridium autoethanogenum","Species","Clostridium autoethanogenum","d__Bacteria;p__Bacillota;c__Clostridia;o__Eubacteriales;f__Clostridiaceae;g__Clostridium_s__Clostridium_autoethanogenum"
"X885040","PFHpA",0.00242120829211291,0.00295653036422764,-0.00364509093210993,0.00848750751633576,0.41999302025116,35,0.889866029573718,"Enterobacter soli","Species","Enterobacter soli","d__Bacteria;p__Pseudomonadota;c__Gammaproteobacteria;o__Enterobacterales;f__Enterobacteriaceae;g__Enterobacter_s__Enterobacter_soli"
"X885040","PFBA",0.00477246863271616,0.00322734487419208,-0.00184949606735737,0.0113944333327897,0.150777345585613,35,0.861414136191478,"Enterobacter soli","Species","Enterobacter soli","d__Bacteria;p__Pseudomonadota;c__Gammaproteobacteria;o__Enterobacterales;f__Enterobacteriaceae;g__Enterobacter_s__Enterobacter_soli"
"X885040","PFDoA",0.00203741291040574,0.00305996528727532,-0.00424111724539612,0.0083159430662076,0.511169476892244,35,0.970355898058642,"Enterobacter soli","Species","Enterobacter soli","d__Bacteria;p__Pseudomonadota;c__Gammaproteobacteria;o__Enterobacterales;f__Enterobacteriaceae;g__Enterobacter_s__Enterobacter_soli"
"X885040","PFDA",0.00444096157384909,0.00300437427978224,-0.0017235052563366,0.0106054284040348,0.150935464147132,35,0.875384362782265,"Enterobacter soli","Species","Enterobacter soli","d__Bacteria;p__Pseudomonadota;c__Gammaproteobacteria;o__Enterobacterales;f__Enterobacteriaceae;g__Enterobacter_s__Enterobacter_soli"
"X885040","N.MeFOSAA",-0.00193372934306953,0.00329349291985435,-0.00869141862183844,0.00482395993569939,0.56199022892491,35,0.984500466668035,"Enterobacter soli","Species","Enterobacter soli","d__Bacteria;p__Pseudomonadota;c__Gammaproteobacteria;o__Enterobacterales;f__Enterobacteriaceae;g__Enterobacter_s__Enterobacter_soli"
"X102684","N-detect",0.00139273211401071,NA,-0.000137681605656685,0.00292314583367811,0.0727609784688734,35,0.949217761523906,"Streptococcus infantarius","Species","Streptococcus infantarius","d__Bacteria;p__Bacillota;c__Bacilli;o__Lactobacillales;f__Streptococcaceae;g__Streptococcus_s__Streptococcus_infantarius"
"X113107","N-detect",0.000738148707982202,NA,-0.00279826553580776,0.00427456295177216,0.671848480836162,35,0.985705057636641,"Streptococcus australis","Species","Streptococcus australis","d__Bacteria;p__Bacillota;c__Bacilli;o__Lactobacillales;f__Streptococcaceae;g__Streptococcus_s__Streptococcus_australis"
"X1155388","N-detect",-0.000594878625522501,NA,-0.00213012092146484,0.000940363670419835,0.433519804622139,35,0.985705057636641,"Clostridium sp. C1","Species","Clostridium sp. C1","d__Bacteria;p__Bacillota;c__Clostridia;o__Eubacteriales;f__Clostridiaceae;g__Clostridium_s__Clostridium_sp._C1"
"X1156431","N-detect",0.00039824972842566,NA,-0.00277890246220894,0.00357540191906026,0.798979824945182,35,0.985705057636641,"Streptococcus ilei","Species","Streptococcus ilei","d__Bacteria;p__Bacillota;c__Bacilli;o__Lactobacillales;f__Streptococcaceae;g__Streptococcus_s__Streptococcus_ilei"
"X1216932","N-detect",0.000114554215313323,NA,-0.00110573491475439,0.00133484334538104,0.84870208571166,35,0.9980101927909,"Clostridium bornimense","Species","Clostridium bornimense","d__Bacteria;p__Bacillota;c__Clostridia;o__Eubacteriales;f__Clostridiaceae;g__Clostridium_s__Clostridium_bornimense"
"X1259973","N-detect",0.000341546771596441,NA,-0.00151243647443029,0.00219553001762317,0.708389937278874,35,0.985705057636641,"Klebsiella electrica","Species","Klebsiella electrica","d__Bacteria;p__Pseudomonadota;c__Gammaproteobacteria;o__Enterobacterales;f__Enterobacteriaceae;g__Klebsiella_s__Klebsiella_electrica"
"X1302","N-detect",-0.00136012434876881,NA,-0.0034959578554562,0.000775709157918579,0.2023591087502,35,0.949217761523906,"Streptococcus gordonii","Species","Streptococcus gordonii","d__Bacteria;p__Bacillota;c__Bacilli;o__Lactobacillales;f__Streptococcaceae;g__Streptococcus_s__Streptococcus_gordonii"
"X1303","N-detect",0.000284294647911659,NA,-0.00235554931381541,0.00292413860963872,0.826778888504829,35,0.98930807171518,"Streptococcus oralis","Species","Streptococcus oralis","d__Bacteria;p__Bacillota;c__Bacilli;o__Lactobacillales;f__Streptococcaceae;g__Streptococcus_s__Streptococcus_oralis"
"X1304","N-detect",-0.00167241300467475,NA,-0.00498935037797472,0.00164452436862521,0.310060997685549,35,0.974592672894275,"Streptococcus salivarius","Species","Streptococcus salivarius","d__Bacteria;p__Bacillota;c__Bacilli;o__Lactobacillales;f__Streptococcaceae;g__Streptococcus_s__Streptococcus_salivarius"
"X1307","N-detect",-1.30137751278821e-05,NA,-0.00283550861127397,0.00280948106101821,0.992521325306779,35,0.999123295838853,"Streptococcus suis","Species","Streptococcus suis","d__Bacteria;p__Bacillota;c__Bacilli;o__Lactobacillales;f__Streptococcaceae;g__Streptococcus_s__Streptococcus_suis"
"X1310","N-detect",0.000860569501702864,NA,-0.00211324069237652,0.00383437969578225,0.557611947062028,35,0.985705057636641,"Streptococcus sobrinus","Species","Streptococcus sobrinus","d__Bacteria;p__Bacillota;c__Bacilli;o__Lactobacillales;f__Streptococcaceae;g__Streptococcus_s__Streptococcus_sobrinus"
"X1314","N-detect",-1.57983243568286e-06,NA,-0.00292451434181043,0.00292135467693906,0.999123295838853,35,0.999123295838853,"Streptococcus pyogenes","Species","Streptococcus pyogenes","d__Bacteria;p__Bacillota;c__Bacilli;o__Lactobacillales;f__Streptococcaceae;g__Streptococcus_s__Streptococcus_pyogenes"
"X1316411","N-detect",-0.00232442901150192,NA,-0.00578804656088828,0.00113918853788443,0.179828796446552,35,0.949217761523906,"Streptococcus sp. HSISS2","Species","Streptococcus sp. HSISS2","d__Bacteria;p__Bacillota;c__Bacilli;o__Lactobacillales;f__Streptococcaceae;g__Streptococcus_s__Streptococcus_sp._HSISS2"
"X1316412","N-detect",0.00118261169865557,NA,-0.000553924931631998,0.00291914832894314,0.17369174129041,35,0.949217761523906,"Streptococcus sp. HSISS3","Species","Streptococcus sp. HSISS3","d__Bacteria;p__Bacillota;c__Bacilli;o__Lactobacillales;f__Streptococcaceae;g__Streptococcus_s__Streptococcus_sp._HSISS3"
"X1322","N-detect",0.00058103115131688,NA,-0.00165830818066761,0.00282037048330137,0.598817761274967,35,0.985705057636641,"Blautia hansenii","Species","Blautia hansenii","d__Bacteria;p__Bacillota;c__Clostridia;o__Lachnospirales;f__Lachnospiraceae;g__Blautia_s__Blautia_hansenii"
"X1328","N-detect",0.00108785883417658,NA,-0.00106124803512842,0.00323696570348157,0.308194540627725,35,0.974592672894275,"Streptococcus anginosus","Species","Streptococcus anginosus","d__Bacteria;p__Bacillota;c__Bacilli;o__Lactobacillales;f__Streptococcaceae;g__Streptococcus_s__Streptococcus_anginosus"
"X1329812","N-detect",-0.000406733841534849,NA,-0.00222236507624376,0.00140889739317406,0.649449592342538,35,0.985705057636641,"Enterobacter sp. MGH 3","Species","Enterobacter sp. MGH 3","d__Bacteria;p__Pseudomonadota;c__Gammaproteobacteria;o__Enterobacterales;f__Enterobacteriaceae;g__Enterobacter_s__Enterobacter_sp._MGH_3"
"X1334","N-detect",-0.00178676124137615,NA,-0.00385140173333452,0.000277879250582223,0.0870601981966218,35,0.949217761523906,"Streptococcus dysgalactiae","Species","Streptococcus dysgalactiae","d__Bacteria;p__Bacillota;c__Bacilli;o__Lactobacillales;f__Streptococcaceae;g__Streptococcus_s__Streptococcus_dysgalactiae"
"X1338","N-detect",0.000579263987801056,NA,-0.00143653814692148,0.0025950661225236,0.560349433857875,35,0.985705057636641,"Streptococcus intermedius","Species","Streptococcus intermedius","d__Bacteria;p__Bacillota;c__Bacilli;o__Lactobacillales;f__Streptococcaceae;g__Streptococcus_s__Streptococcus_intermedius"
"X1340","N-detect",0.00305441107878777,NA,-0.000951768118047332,0.00706059027562287,0.129377866031626,35,0.949217761523906,"Streptococcus porcinus","Species","Streptococcus porcinus","d__Bacteria;p__Bacillota;c__Bacilli;o__Lactobacillales;f__Streptococcaceae;g__Streptococcus_s__Streptococcus_porcinus"
"X1343","N-detect",0.00013064442928917,NA,-0.00215443236273991,0.00241572122131825,0.907483439502895,35,0.999123295838853,"Streptococcus vestibularis","Species","Streptococcus vestibularis","d__Bacteria;p__Bacillota;c__Bacilli;o__Lactobacillales;f__Streptococcaceae;g__Streptococcus_s__Streptococcus_vestibularis"
"X1345","N-detect",-0.000282613537784642,NA,-0.00362774588454567,0.00306251880897638,0.863670241217591,35,0.9980101927909,"Streptococcus ferus","Species","Streptococcus ferus","d__Bacteria;p__Bacillota;c__Bacilli;o__Lactobacillales;f__Streptococcaceae;g__Streptococcus_s__Streptococcus_ferus"
"X1346","N-detect",-0.0004008272731901,NA,-0.00472422432368618,0.00392256977730598,0.850553774075286,35,0.9980101927909,"Streptococcus iniae","Species","Streptococcus iniae","d__Bacteria;p__Bacillota;c__Bacilli;o__Lactobacillales;f__Streptococcaceae;g__Streptococcus_s__Streptococcus_iniae"
"X1349","N-detect",0.00144369706974764,NA,-0.000229130642270192,0.00311652478176547,0.0878867803791344,35,0.949217761523906,"Streptococcus uberis","Species","Streptococcus uberis","d__Bacteria;p__Bacillota;c__Bacilli;o__Lactobacillales;f__Streptococcaceae;g__Streptococcus_s__Streptococcus_uberis"
"X137838","N-detect",0.000847835292631587,NA,-0.00263896947334967,0.00433464005861284,0.62188094084844,35,0.985705057636641,"Clostridium neonatale","Species","Clostridium neonatale","d__Bacteria;p__Bacillota;c__Clostridia;o__Eubacteriales;f__Clostridiaceae;g__Clostridium_s__Clostridium_neonatale"
"X1443109","N-detect",0.0013373517272448,NA,-0.00168405189421894,0.00435875534870853,0.3718114349549,35,0.974592672894275,"Clostridium sp. K25","Species","Clostridium sp. K25","d__Bacteria;p__Bacillota;c__Clostridia;o__Eubacteriales;f__Clostridiaceae;g__Clostridium_s__Clostridium_sp._K25"
"X1463165","N-detect",0.000727761495633824,NA,-0.00133668198669178,0.00279220497795942,0.475706376111407,35,0.985705057636641,"Klebsiella quasipneumoniae","Species","Klebsiella quasipneumoniae","d__Bacteria;p__Pseudomonadota;c__Gammaproteobacteria;o__Enterobacterales;f__Enterobacteriaceae;g__Klebsiella_s__Klebsiella_quasipneumoniae"
"X1494","N-detect",0.0023697762681652,NA,-0.000446022840094039,0.00518557537642445,0.0956260244054599,35,0.949217761523906,"Clostridium cochlearium","Species","Clostridium cochlearium","d__Bacteria;p__Bacillota;c__Clostridia;o__Eubacteriales;f__Clostridiaceae;g__Clostridium_s__Clostridium_cochlearium"
"X1501","N-detect",-0.000589863807597778,NA,-0.00238034738435579,0.00120061976916024,0.504813461088874,35,0.985705057636641,"Clostridium pasteurianum","Species","Clostridium pasteurianum","d__Bacteria;p__Bacillota;c__Clostridia;o__Eubacteriales;f__Clostridiaceae;g__Clostridium_s__Clostridium_pasteurianum"
"X1502","N-detect",-0.000870309748185397,NA,-0.00272729807064727,0.000986678574276477,0.344771109684183,35,0.974592672894275,"Clostridium perfringens","Species","Clostridium perfringens","d__Bacteria;p__Bacillota;c__Clostridia;o__Eubacteriales;f__Clostridiaceae;g__Clostridium_s__Clostridium_perfringens"
"X151276","N-detect",-0.000637670801091448,NA,-0.00292837302907501,0.00165303142689211,0.572605008248377,35,0.985705057636641,"Bacteroides coprosuis","Species","Bacteroides coprosuis","d__Bacteria;p__Bacteroidota;c__Bacteroidia;o__Bacteroidales;f__Bacteroidaceae;g__Bacteroides_s__Bacteroides_coprosuis"
"X1519","N-detect",0.00149125770736205,NA,-0.00112278243026491,0.00410529784498901,0.252016495596277,35,0.949217761523906,"Clostridium tyrobutyricum","Species","Clostridium tyrobutyricum","d__Bacteria;p__Bacillota;c__Clostridia;o__Eubacteriales;f__Clostridiaceae;g__Clostridium_s__Clostridium_tyrobutyricum"
"X1520","N-detect",0.00180778394131314,NA,-0.00271844582308538,0.00633401370571167,0.419674093627381,35,0.985705057636641,"Clostridium beijerinckii","Species","Clostridium beijerinckii","d__Bacteria;p__Bacillota;c__Clostridia;o__Eubacteriales;f__Clostridiaceae;g__Clostridium_s__Clostridium_beijerinckii"
"X1548","N-detect",-0.00200643352802839,NA,-0.00499534602500911,0.000982478968952334,0.179707448633767,35,0.949217761523906,"Clostridium scatologenes","Species","Clostridium scatologenes","d__Bacteria;p__Bacillota;c__Clostridia;o__Eubacteriales;f__Clostridiaceae;g__Clostridium_s__Clostridium_scatologenes"
"X1561","N-detect",0.000708213450756824,NA,-0.00164056853675874,0.00305699543827239,0.541315008434186,35,0.985705057636641,"Clostridium baratii","Species","Clostridium baratii","d__Bacteria;p__Bacillota;c__Clostridia;o__Eubacteriales;f__Clostridiaceae;g__Clostridium_s__Clostridium_baratii"
"X158836","N-detect",-0.00103308569424879,NA,-0.00389296537411127,0.00182679398561369,0.464975898500726,35,0.985705057636641,"Enterobacter hormaechei","Species","Enterobacter hormaechei","d__Bacteria;p__Pseudomonadota;c__Gammaproteobacteria;o__Enterobacterales;f__Enterobacteriaceae;g__Enterobacter_s__Enterobacter_hormaechei"
"X166486","N-detect",-2.63163998968811e-05,NA,-0.0023156242848076,0.00226299148501384,0.98135588666227,35,0.999123295838853,"Roseburia intestinalis","Species","Roseburia intestinalis","d__Bacteria;p__Bacillota;c__Clostridia;o__Lachnospirales;f__Lachnospiraceae;g__Roseburia_s__Roseburia_intestinalis"
"X1680","N-detect",-0.000287173053555881,NA,-0.00180689572719685,0.00123254962008509,0.7012613956488,35,0.985705057636641,"Bifidobacterium adolescentis","Species","Bifidobacterium adolescentis","d__Bacteria;p__Actinomycetota;c__Actinomycetes;o__Bifidobacteriales;f__Bifidobacteriaceae;g__Bifidobacterium_s__Bifidobacterium_adolescentis"
"X1686399","N-detect",4.01921735142804e-05,NA,-0.00238698197670912,0.00246736632373768,0.973145620203928,35,0.999123295838853,"Enterobacter sp. BIDMC100","Species","Enterobacter sp. BIDMC100","d__Bacteria;p__Pseudomonadota;c__Gammaproteobacteria;o__Enterobacterales;f__Enterobacteriaceae;g__Enterobacter_s__Enterobacter_sp._BIDMC100"
"X1691","N-detect",0.000893509942529393,NA,-0.00180126215309938,0.00358828203815817,0.502088902911743,35,0.985705057636641,"Bifidobacterium indicum","Species","Bifidobacterium indicum","d__Bacteria;p__Actinomycetota;c__Actinomycetes;o__Bifidobacteriales;f__Bifidobacteriaceae;g__Bifidobacterium_s__Bifidobacterium_indicum"
"X1702238","N-detect",-0.0013064160273419,NA,-0.00443379234140179,0.001820960286718,0.398921396546552,35,0.985705057636641,"Clostridium sp. MF28","Species","Clostridium sp. MF28","d__Bacteria;p__Bacillota;c__Clostridia;o__Eubacteriales;f__Clostridiaceae;g__Clostridium_s__Clostridium_sp._MF28"
"X1814128","N-detect",-1.73444105353751e-05,NA,-0.0041350341831526,0.00410034536208185,0.993167784869211,35,0.999123295838853,"Streptococcus halotolerans","Species","Streptococcus halotolerans","d__Bacteria;p__Bacillota;c__Bacilli;o__Lactobacillales;f__Streptococcaceae;g__Streptococcus_s__Streptococcus_halotolerans"
"X1827481","N-detect",0.00052696974813713,NA,-0.0019844472674077,0.00303838676368196,0.670223984454929,35,0.985705057636641,"Enterobacter sp. ODB01","Species","Enterobacter sp. ODB01","d__Bacteria;p__Pseudomonadota;c__Gammaproteobacteria;o__Enterobacterales;f__Enterobacteriaceae;g__Enterobacter_s__Enterobacter_sp._ODB01"
"X182773","N-detect",0.00102355170311422,NA,-0.00176662396212776,0.00381372736835621,0.45814529896314,35,0.985705057636641,"Clostridium isatidis","Species","Clostridium isatidis","d__Bacteria;p__Bacillota;c__Clostridia;o__Eubacteriales;f__Clostridiaceae;g__Clostridium_s__Clostridium_isatidis"
"X1839799","N-detect",0.000581201196238406,NA,-0.00206370406328842,0.00322610645576523,0.655678606425677,35,0.985705057636641,"Streptococcus sp. FDAARGOS_192","Species","Streptococcus sp. FDAARGOS_192","d__Bacteria;p__Bacillota;c__Bacilli;o__Lactobacillales;f__Streptococcaceae;g__Streptococcus_s__Streptococcus_sp._FDAARGOS_192"
"X1912897","N-detect",0.00019914399685454,NA,-0.00140581720279564,0.00180410519650472,0.800967616442697,35,0.985705057636641,"Blautia argi","Species","Blautia argi","d__Bacteria;p__Bacillota;c__Clostridia;o__Lachnospirales;f__Lachnospiraceae;g__Blautia_s__Blautia_argi"
"X1940319","N-detect",-0.00136188012846464,NA,-0.00443853076925916,0.00171477051232987,0.371785614826278,35,0.974592672894275,"Streptococcus sp. DAT741","Species","Streptococcus sp. DAT741","d__Bacteria;p__Bacillota;c__Bacilli;o__Lactobacillales;f__Streptococcaceae;g__Streptococcus_s__Streptococcus_sp._DAT741"
"X197614","N-detect",0.00127858706854212,NA,-0.000762365588830134,0.00331953972591437,0.209568583857638,35,0.949217761523906,"Streptococcus pasteurianus","Species","Streptococcus pasteurianus","d__Bacteria;p__Bacillota;c__Bacilli;o__Lactobacillales;f__Streptococcaceae;g__Streptococcus_s__Streptococcus_pasteurianus"
"X1977566","N-detect",0.00031029476086849,NA,-0.0016271109145407,0.00224770043627768,0.744977388479436,35,0.985705057636641,"Enterobacter sp. Crenshaw","Species","Enterobacter sp. Crenshaw","d__Bacteria;p__Pseudomonadota;c__Gammaproteobacteria;o__Enterobacterales;f__Enterobacteriaceae;g__Enterobacter_s__Enterobacter_sp._Crenshaw"
"X2020965","N-detect",0.00526614271990621,NA,0.00130569626096078,0.00922658917885164,0.0110580732482225,35,0.774065127375574,"Bifidobacterium imperatoris","Species","Bifidobacterium imperatoris","d__Bacteria;p__Actinomycetota;c__Actinomycetes;o__Bifidobacteriales;f__Bifidobacteriaceae;g__Bifidobacterium_s__Bifidobacterium_imperatoris"
"X2021971","N-detect",-0.00298876751405895,NA,-0.0075997995349706,0.00162226450685269,0.19466097130136,35,0.949217761523906,"Streptococcus respiraculi","Species","Streptococcus respiraculi","d__Bacteria;p__Bacillota;c__Bacilli;o__Lactobacillales;f__Streptococcaceae;g__Streptococcus_s__Streptococcus_respiraculi"
"X2027919","N-detect",-0.000626099254322596,NA,-0.00277234873265386,0.00152015022400866,0.554458075278585,35,0.985705057636641,"Enterobacter cloacae complex sp.","Species","Enterobacter cloacae complex sp.","d__Bacteria;p__Pseudomonadota;c__Gammaproteobacteria;o__Enterobacterales;f__Enterobacteriaceae;g__Enterobacter_s__Enterobacter_cloacae_complex_sp."
"X2044467","N-detect",0.000213891952810594,NA,-0.00233792885771382,0.00276571276333501,0.864733418085239,35,0.9980101927909,"Escherichia sp. E4742","Species","Escherichia sp. E4742","d__Bacteria;p__Pseudomonadota;c__Gammaproteobacteria;o__Enterobacterales;f__Enterobacteriaceae;g__Escherichia_s__Escherichia_sp._E4742"
"X2058152","N-detect",0.00103448210735136,NA,-0.00083276713930985,0.00290173135401256,0.265634489091365,35,0.949217761523906,"Klebsiella grimontii","Species","Klebsiella grimontii","d__Bacteria;p__Pseudomonadota;c__Gammaproteobacteria;o__Enterobacterales;f__Enterobacteriaceae;g__Klebsiella_s__Klebsiella_grimontii"
"X211595","N-detect",0.000964956628986009,NA,-0.00200825935686365,0.00393817261483566,0.511111325392105,35,0.985705057636641,"Enterobacter sp. RFL1396","Species","Enterobacter sp. RFL1396","d__Bacteria;p__Pseudomonadota;c__Gammaproteobacteria;o__Enterobacterales;f__Enterobacteriaceae;g__Enterobacter_s__Enterobacter_sp._RFL1396"
"X2212991","N-detect",0.00106790432934598,NA,-0.00144938473098472,0.00358519338967669,0.391731370981336,35,0.985705057636641,"Clostridium sp. AWRP","Species","Clostridium sp. AWRP","d__Bacteria;p__Bacillota;c__Clostridia;o__Eubacteriales;f__Clostridiaceae;g__Clostridium_s__Clostridium_sp._AWRP"
"X223919","N-detect",0.000678747916685922,NA,-0.00214775019043913,0.00350524602381098,0.626192811043208,35,0.985705057636641,"Clostridium diolis","Species","Clostridium diolis","d__Bacteria;p__Bacillota;c__Clostridia;o__Eubacteriales;f__Clostridiaceae;g__Clostridium_s__Clostridium_diolis"
"X2382163","N-detect",-0.00136486262053299,NA,-0.00374367341790948,0.00101394817684351,0.249367636045453,35,0.949217761523906,"Streptococcus koreensis","Species","Streptococcus koreensis","d__Bacteria;p__Bacillota;c__Bacilli;o__Lactobacillales;f__Streptococcaceae;g__Streptococcus_s__Streptococcus_koreensis"
"X238834","N-detect",-9.23777799454394e-05,NA,-0.00130371679628938,0.0011189612363985,0.876823240809148,35,0.9980101927909,"Clostridium estertheticum","Species","Clostridium estertheticum","d__Bacteria;p__Bacillota;c__Clostridia;o__Eubacteriales;f__Clostridiaceae;g__Clostridium_s__Clostridium_estertheticum"
"X2420308","N-detect",-0.00218523712207408,NA,-0.0049199838873126,0.000549509643164434,0.112701513101693,35,0.949217761523906,"Streptococcus sp. FDAARGOS_520","Species","Streptococcus sp. FDAARGOS_520","d__Bacteria;p__Bacillota;c__Bacilli;o__Lactobacillales;f__Streptococcaceae;g__Streptococcus_s__Streptococcus_sp._FDAARGOS_520"
"X246787","N-detect",0.00015937214241146,NA,-0.00244310281893934,0.00276184710376226,0.900938830507213,35,0.999123295838853,"Bacteroides cellulosilyticus","Species","Bacteroides cellulosilyticus","d__Bacteria;p__Bacteroidota;c__Bacteroidia;o__Bacteroidales;f__Bacteroidaceae;g__Bacteroides_s__Bacteroides_cellulosilyticus"
"X2478464","N-detect",-0.00242591370625598,NA,-0.00619947654236131,0.00134764912984935,0.19822659344712,35,0.949217761523906,"Enterobacter oligotrophicus","Species","Enterobacter oligotrophicus","d__Bacteria;p__Pseudomonadota;c__Gammaproteobacteria;o__Enterobacterales;f__Enterobacteriaceae;g__Enterobacter_s__Enterobacter_oligotrophicus"
"X2479767","N-detect",-0.000498951828349678,NA,-0.00340841438279104,0.00241051072609168,0.727664184741562,35,0.985705057636641,"Blautia sp. SC05B48","Species","Blautia sp. SC05B48","d__Bacteria;p__Bacillota;c__Clostridia;o__Lachnospirales;f__Lachnospiraceae;g__Blautia_s__Blautia_sp._SC05B48"
"X248315","N-detect",-0.00184759864635104,NA,-0.00427849579763562,0.000583298504933543,0.130526334048296,35,0.949217761523906,"Veillonella rodentium","Species","Veillonella rodentium","d__Bacteria;p__Bacillota;c__Negativicutes;o__Veillonellales;f__Veillonellaceae;g__Veillonella_s__Veillonella_rodentium"
"X2500132","N-detect",-0.001117141010263,NA,-0.00402143667086289,0.00178715465033689,0.436848386103514,35,0.985705057636641,"Enterobacter sp. N18-03635","Species","Enterobacter sp. N18-03635","d__Bacteria;p__Pseudomonadota;c__Gammaproteobacteria;o__Enterobacterales;f__Enterobacteriaceae;g__Enterobacter_s__Enterobacter_sp._N18-03635"
"X2507159","N-detect",0.000736093980732432,NA,-0.00163403567877751,0.00310622364024238,0.529335796988812,35,0.985705057636641,"Clostridium sp. JN-9","Species","Clostridium sp. JN-9","d__Bacteria;p__Bacillota;c__Clostridia;o__Eubacteriales;f__Clostridiaceae;g__Clostridium_s__Clostridium_sp._JN-9"
"X254785","N-detect",0.000432887786939558,NA,-0.00153459055604304,0.00240036612992216,0.655272752142245,35,0.985705057636641,"Streptococcus halichoeri","Species","Streptococcus halichoeri","d__Bacteria;p__Bacillota;c__Bacilli;o__Lactobacillales;f__Streptococcaceae;g__Streptococcus_s__Streptococcus_halichoeri"
"X2565914","N-detect",-0.000775251872050555,NA,-0.00385055976681945,0.00230005602271834,0.60919745193943,35,0.985705057636641,"Enterobacter sp. 18A13","Species","Enterobacter sp. 18A13","d__Bacteria;p__Pseudomonadota;c__Gammaproteobacteria;o__Enterobacterales;f__Enterobacteriaceae;g__Enterobacter_s__Enterobacter_sp._18A13"
"X2587529","N-detect",0.000386308208660366,NA,-0.00301697890234255,0.00378959531966328,0.817592586284823,35,0.986749673102372,"Klebsiella pasteurii","Species","Klebsiella pasteurii","d__Bacteria;p__Pseudomonadota;c__Gammaproteobacteria;o__Enterobacterales;f__Enterobacteriaceae;g__Klebsiella_s__Klebsiella_pasteurii"
"X2596949","N-detect",0.000473436073937187,NA,-0.00209904842617934,0.00304592057405371,0.708668313518184,35,0.985705057636641,"Enterobacter sp. E76","Species","Enterobacter sp. E76","d__Bacteria;p__Pseudomonadota;c__Gammaproteobacteria;o__Enterobacterales;f__Enterobacteriaceae;g__Enterobacter_s__Enterobacter_sp._E76"
"X2598457","N-detect",0.000664534500524805,NA,-0.00129062580400656,0.00261969480505617,0.491519876520403,35,0.985705057636641,"Streptococcus sp. KS 6","Species","Streptococcus sp. KS 6","d__Bacteria;p__Bacillota;c__Bacilli;o__Lactobacillales;f__Streptococcaceae;g__Streptococcus_s__Streptococcus_sp._KS_6"
"X2682455","N-detect",0.000327271420809596,NA,-0.00149611290273149,0.00215065574435068,0.715540467755576,35,0.985705057636641,"Veillonella sp. S12025-13","Species","Veillonella sp. S12025-13","d__Bacteria;p__Bacillota;c__Negativicutes;o__Veillonellales;f__Veillonellaceae;g__Veillonella_s__Veillonella_sp._S12025-13"
"X2686210","N-detect",0.000284769129523054,NA,-0.00163934587011674,0.00220888412916285,0.763706371488691,35,0.985705057636641,"Streptococcus ruminicola","Species","Streptococcus ruminicola","d__Bacteria;p__Bacillota;c__Bacilli;o__Lactobacillales;f__Streptococcaceae;g__Streptococcus_s__Streptococcus_ruminicola"
"X2697371","N-detect",-0.000294855059747424,NA,-0.00174957895503771,0.00115986883554286,0.68078383347444,35,0.985705057636641,"Klebsiella sp. MPUS7","Species","Klebsiella sp. MPUS7","d__Bacteria;p__Pseudomonadota;c__Gammaproteobacteria;o__Enterobacterales;f__Enterobacteriaceae;g__Klebsiella_s__Klebsiella_sp._MPUS7"
"X2715212","N-detect",-0.000355546985185969,NA,-0.00274311572952923,0.00203202175915729,0.762290478197303,35,0.985705057636641,"Bacteroides faecium","Species","Bacteroides faecium","d__Bacteria;p__Bacteroidota;c__Bacteroidia;o__Bacteroidales;f__Bacteroidaceae;g__Bacteroides_s__Bacteroides_faecium"
"X2725997","N-detect",-0.000881969744343387,NA,-0.00234674222818027,0.00058280273949349,0.227305594380722,35,0.949217761523906,"Escherichia sp. SCLE84","Species","Escherichia sp. SCLE84","d__Bacteria;p__Pseudomonadota;c__Gammaproteobacteria;o__Enterobacterales;f__Enterobacteriaceae;g__Escherichia_s__Escherichia_sp._SCLE84"
"X2742639","N-detect",-0.000664482734412394,NA,-0.00269529017904323,0.00136632471021844,0.507693954732587,35,0.985705057636641,"Enterobacter sp. RHBSTW-00175","Species","Enterobacter sp. RHBSTW-00175","d__Bacteria;p__Pseudomonadota;c__Gammaproteobacteria;o__Enterobacterales;f__Enterobacteriaceae;g__Enterobacter_s__Enterobacter_sp._RHBSTW-00175"
"X2742643","N-detect",0.00190861112456346,NA,-0.00206774392274148,0.0058849661718684,0.333437419341409,35,0.974592672894275,"Enterobacter sp. RHBSTW-00318","Species","Enterobacter sp. RHBSTW-00318","d__Bacteria;p__Pseudomonadota;c__Gammaproteobacteria;o__Enterobacterales;f__Enterobacteriaceae;g__Enterobacter_s__Enterobacter_sp._RHBSTW-00318"
"X2742672","N-detect",3.35348919358168e-05,NA,-0.00252821448124913,0.00259528426512076,0.978769152026581,35,0.999123295838853,"Enterobacter sp. RHBSTW-00974","Species","Enterobacter sp. RHBSTW-00974","d__Bacteria;p__Pseudomonadota;c__Gammaproteobacteria;o__Enterobacterales;f__Enterobacteriaceae;g__Enterobacter_s__Enterobacter_sp._RHBSTW-00974"
"X2742673","N-detect",0.000362266209122331,NA,-0.00174672935450601,0.00247126177275067,0.72723955504142,35,0.985705057636641,"Enterobacter sp. RHBSTW-00975","Species","Enterobacter sp. RHBSTW-00975","d__Bacteria;p__Pseudomonadota;c__Gammaproteobacteria;o__Enterobacterales;f__Enterobacteriaceae;g__Enterobacter_s__Enterobacter_sp._RHBSTW-00975"
"X2755405","N-detect",-0.00201024280841431,NA,-0.00555182439163352,0.00153133877480489,0.254351098711653,35,0.949217761523906,"Bacteroides sp. CACC 737","Species","Bacteroides sp. CACC 737","d__Bacteria;p__Bacteroidota;c__Bacteroidia;o__Bacteroidales;f__Bacteroidaceae;g__Bacteroides_s__Bacteroides_sp._CACC_737"
"X2763062","N-detect",0.001189353263924,NA,-0.00236542033169969,0.0047441268595477,0.498251830055148,35,0.985705057636641,"Roseburia rectibacter","Species","Roseburia rectibacter","d__Bacteria;p__Bacillota;c__Clostridia;o__Lachnospirales;f__Lachnospiraceae;g__Roseburia_s__Roseburia_rectibacter"
"X2781599","N-detect",0.000716020441063639,NA,-0.00145329071735376,0.00288533159948104,0.504013256122173,35,0.985705057636641,"Streptococcus oriscaviae","Species","Streptococcus oriscaviae","d__Bacteria;p__Bacillota;c__Bacilli;o__Lactobacillales;f__Streptococcaceae;g__Streptococcus_s__Streptococcus_oriscaviae"
"X2785531","N-detect",-0.00355369099840274,NA,-0.00703698737024422,-7.03946265612535e-05,0.0458500819536195,35,0.949217761523906,"Bacteroides sp. HF-162","Species","Bacteroides sp. HF-162","d__Bacteria;p__Bacteroidota;c__Bacteroidia;o__Bacteroidales;f__Bacteroidaceae;g__Bacteroides_s__Bacteroides_sp._HF-162"
"X2798729","N-detect",0.00113116167486093,NA,-0.000935054843945564,0.00319737819366743,0.271205074721116,35,0.949217761523906,"Enterobacter cloacae complex sp. AR_0002","Species","Enterobacter cloacae complex sp. AR_0002","d__Bacteria;p__Pseudomonadota;c__Gammaproteobacteria;o__Enterobacterales;f__Enterobacteriaceae;g__Enterobacter_s__Enterobacter_cloacae_complex_sp._AR_0002"
"X28116","N-detect",-0.00177986283934938,NA,-0.00448350302256225,0.000923777343863494,0.187984091624781,35,0.949217761523906,"Bacteroides ovatus","Species","Bacteroides ovatus","d__Bacteria;p__Bacteroidota;c__Bacteroidia;o__Bacteroidales;f__Bacteroidaceae;g__Bacteroides_s__Bacteroides_ovatus"
"X2831966","N-detect",-0.00277294016731932,NA,-0.00725382241710469,0.00170794208246604,0.215008489850113,35,0.949217761523906,"Ruminococcus sp. FMBCY1","Species","Ruminococcus sp. FMBCY1","d__Bacteria;p__Bacillota;c__Clostridia;o__Eubacteriales;f__Oscillospiraceae;g__Ruminococcus_s__Ruminococcus_sp._FMBCY1"
"X2843318","N-detect",-0.00138991172520317,NA,-0.00481896961934497,0.00203914616893863,0.41288744523255,35,0.985705057636641,"Clostridium sp. CF011","Species","Clostridium sp. CF011","d__Bacteria;p__Bacillota;c__Clostridia;o__Eubacteriales;f__Clostridiaceae;g__Clostridium_s__Clostridium_sp._CF011"
"X2849865","N-detect",-0.0011219984641646,NA,-0.00312867050440907,0.000884673576079861,0.26134383697574,35,0.949217761523906,"Clostridium sp. CM027","Species","Clostridium sp. CM027","d__Bacteria;p__Bacillota;c__Clostridia;o__Eubacteriales;f__Clostridiaceae;g__Clostridium_s__Clostridium_sp._CM027"
"X2850492","N-detect",0.000130248224154233,NA,-0.00222438240858895,0.00248487885689742,0.910475010439835,35,0.999123295838853,"Enterobacter cloacae complex sp. ECL78","Species","Enterobacter cloacae complex sp. ECL78","d__Bacteria;p__Pseudomonadota;c__Gammaproteobacteria;o__Enterobacterales;f__Enterobacteriaceae;g__Enterobacter_s__Enterobacter_cloacae_complex_sp._ECL78"
"X2850493","N-detect",0.00332818244474776,NA,0.000350013115422963,0.00630635177407255,0.0298647668580562,35,0.949217761523906,"Enterobacter cloacae complex sp. ECL112","Species","Enterobacter cloacae complex sp. ECL112","d__Bacteria;p__Pseudomonadota;c__Gammaproteobacteria;o__Enterobacterales;f__Enterobacteriaceae;g__Enterobacter_s__Enterobacter_cloacae_complex_sp._ECL112"
"X2857061","N-detect",-0.000280588018272791,NA,-0.00232841269423214,0.00176723665768656,0.780748698282708,35,0.985705057636641,"Escherichia sp. TC-EC600-tetX4","Species","Escherichia sp. TC-EC600-tetX4","d__Bacteria;p__Pseudomonadota;c__Gammaproteobacteria;o__Enterobacterales;f__Enterobacteriaceae;g__Escherichia_s__Escherichia_sp._TC-EC600-tetX4"
"X2860337","N-detect",-0.000206395214808888,NA,-0.00333045425359294,0.00291766382397516,0.893177115000223,35,0.999123295838853,"Escherichia sp. TM-G17TGC","Species","Escherichia sp. TM-G17TGC","d__Bacteria;p__Pseudomonadota;c__Gammaproteobacteria;o__Enterobacterales;f__Enterobacteriaceae;g__Escherichia_s__Escherichia_sp._TM-G17TGC"
"X2873296","N-detect",-0.0008258098598621,NA,-0.00380971826998014,0.00215809855025594,0.574826905585226,35,0.985705057636641,"Klebsiella sp. CTHL.F3a","Species","Klebsiella sp. CTHL.F3a","d__Bacteria;p__Pseudomonadota;c__Gammaproteobacteria;o__Enterobacterales;f__Enterobacteriaceae;g__Klebsiella_s__Klebsiella_sp._CTHL.F3a"
"X2894203","N-detect",0.000813398984192863,NA,-0.00317136331425726,0.00479816128264299,0.67865013548963,35,0.985705057636641,"Enterobacter sp. AN-K1","Species","Enterobacter sp. AN-K1","d__Bacteria;p__Pseudomonadota;c__Gammaproteobacteria;o__Enterobacterales;f__Enterobacteriaceae;g__Enterobacter_s__Enterobacter_sp._AN-K1"
"X2897413","N-detect",-0.0012486157333777,NA,-0.00364832443245539,0.00115109296569999,0.295150581007633,35,0.974592672894275,"Klebsiella sp. KPN54798","Species","Klebsiella sp. KPN54798","d__Bacteria;p__Pseudomonadota;c__Gammaproteobacteria;o__Enterobacterales;f__Enterobacteriaceae;g__Klebsiella_s__Klebsiella_sp._KPN54798"
"X290053","N-detect",-0.000121005863026772,NA,-0.00303144896505855,0.00278943723900501,0.9326461274457,35,0.999123295838853,"Bacteroides helcogenes","Species","Bacteroides helcogenes","d__Bacteria;p__Bacteroidota;c__Bacteroidia;o__Bacteroidales;f__Bacteroidaceae;g__Bacteroides_s__Bacteroides_helcogenes"
"X2912628","N-detect",-0.00185672401870541,NA,-0.00473987973563292,0.0010264316982221,0.19747034829007,35,0.949217761523906,"Enterobacter cloacae complex sp. ECL414","Species","Enterobacter cloacae complex sp. ECL414","d__Bacteria;p__Pseudomonadota;c__Gammaproteobacteria;o__Enterobacterales;f__Enterobacteriaceae;g__Enterobacter_s__Enterobacter_cloacae_complex_sp._ECL414"
"X2912629","N-detect",0.00141596873434013,NA,-0.00100376756424855,0.00383570503292882,0.240303792729853,35,0.949217761523906,"Enterobacter cloacae complex sp. ECL411","Species","Enterobacter cloacae complex sp. ECL411","d__Bacteria;p__Pseudomonadota;c__Gammaproteobacteria;o__Enterobacterales;f__Enterobacteriaceae;g__Enterobacter_s__Enterobacter_cloacae_complex_sp._ECL411"
"X2912630","N-detect",-0.00154444087734617,NA,-0.00366606267397531,0.000577180919282969,0.146866085887257,35,0.949217761523906,"Enterobacter cloacae complex sp. ECL405","Species","Enterobacter cloacae complex sp. ECL405","d__Bacteria;p__Pseudomonadota;c__Gammaproteobacteria;o__Enterobacterales;f__Enterobacteriaceae;g__Enterobacter_s__Enterobacter_cloacae_complex_sp._ECL405"
"X2912631","N-detect",0.000666501262978709,NA,-0.00295606933068566,0.00428907185664308,0.708747771450652,35,0.985705057636641,"Enterobacter cloacae complex sp. ECL404","Species","Enterobacter cloacae complex sp. ECL404","d__Bacteria;p__Pseudomonadota;c__Gammaproteobacteria;o__Enterobacterales;f__Enterobacteriaceae;g__Enterobacter_s__Enterobacter_cloacae_complex_sp._ECL404"
"X2923088","N-detect",0.00101664478735402,NA,-0.00116204319229146,0.00319533276699949,0.346835963369522,35,0.974592672894275,"Enterobacter sp. JH25","Species","Enterobacter sp. JH25","d__Bacteria;p__Pseudomonadota;c__Gammaproteobacteria;o__Enterobacterales;f__Enterobacteriaceae;g__Enterobacter_s__Enterobacter_sp._JH25"
"X29341","N-detect",0.000597979862379994,NA,-0.00269343934200431,0.00388939906676429,0.712227578584892,35,0.985705057636641,"Clostridium argentinense","Species","Clostridium argentinense","d__Bacteria;p__Bacillota;c__Clostridia;o__Eubacteriales;f__Clostridiaceae;g__Clostridium_s__Clostridium_argentinense"
"X29466","N-detect",0.000509930517911994,NA,-0.00183549645194897,0.00285535748777296,0.659083323744958,35,0.985705057636641,"Veillonella parvula","Species","Veillonella parvula","d__Bacteria;p__Bacillota;c__Negativicutes;o__Veillonellales;f__Veillonellaceae;g__Veillonella_s__Veillonella_parvula"
"X2972764","N-detect",-0.00167046677112966,NA,-0.00532851454646178,0.00198758100420246,0.357075386958875,35,0.974592672894275,"Bacteroides sp. BFG-637","Species","Bacteroides sp. BFG-637","d__Bacteria;p__Bacteroidota;c__Bacteroidia;o__Bacteroidales;f__Bacteroidaceae;g__Bacteroides_s__Bacteroides_sp._BFG-637"
"X2976431","N-detect",-0.000424797394233415,NA,-0.0039101742327312,0.00306057944426437,0.804420894493157,35,0.985705057636641,"Enterobacter sp. CP102","Species","Enterobacter sp. CP102","d__Bacteria;p__Pseudomonadota;c__Gammaproteobacteria;o__Enterobacterales;f__Enterobacteriaceae;g__Enterobacter_s__Enterobacter_sp._CP102"
"X2985571","N-detect",0.000361726851180003,NA,-0.00269005219081574,0.00341350589317574,0.809686297344384,35,0.985705057636641,"Bifidobacterium sp. KRGSERBCFTRI","Species","Bifidobacterium sp. KRGSERBCFTRI","d__Bacteria;p__Actinomycetota;c__Actinomycetes;o__Bifidobacteriales;f__Bifidobacteriaceae;g__Bifidobacterium_s__Bifidobacterium_sp._KRGSERBCFTRI"
"X299767","N-detect",-0.000679381858445191,NA,-0.00318382021823528,0.0018250565013449,0.582383589583157,35,0.985705057636641,"Enterobacter ludwigii","Species","Enterobacter ludwigii","d__Bacteria;p__Pseudomonadota;c__Gammaproteobacteria;o__Enterobacterales;f__Enterobacteriaceae;g__Enterobacter_s__Enterobacter_ludwigii"
"X33038","N-detect",-0.00043994010490695,NA,-0.00209046863514462,0.00121058842533072,0.588935935549007,35,0.985705057636641,"Mediterraneibacter gnavus","Species","Mediterraneibacter gnavus","d__Bacteria;p__Bacillota;c__Clostridia;o__Lachnospirales;f__Lachnospiraceae;g__Mediterraneibacter_s__Mediterraneibacter_gnavus"
"X33043","N-detect",-3.13173636873161e-05,NA,-0.00145911698441397,0.00139648225703934,0.964434645562045,35,0.999123295838853,"Coprococcus eutactus","Species","Coprococcus eutactus","d__Bacteria;p__Bacillota;c__Clostridia;o__Lachnospirales;f__Lachnospiraceae;g__Coprococcus_s__Coprococcus_eutactus"
"X332101","N-detect",0.00120499846293179,NA,-0.00118619298970452,0.00359618991556809,0.31031683894236,35,0.974592672894275,"Clostridium drakei","Species","Clostridium drakei","d__Bacteria;p__Bacillota;c__Clostridia;o__Eubacteriales;f__Clostridiaceae;g__Clostridium_s__Clostridium_drakei"
"X333367","N-detect",0.0010761938945922,NA,-0.00137647328301429,0.0035288610721987,0.375914316687792,35,0.974592672894275,"Enterocloster asparagiformis","Species","Enterocloster asparagiformis","d__Bacteria;p__Bacillota;c__Clostridia;o__Lachnospirales;f__Lachnospiraceae;g__Enterocloster_s__Enterocloster_asparagiformis"
"X360422","N-detect",-0.000293999220756,NA,-0.00277168739932548,0.00218368895781348,0.809483602588924,35,0.985705057636641,"Clostridium tagluense","Species","Clostridium tagluense","d__Bacteria;p__Bacillota;c__Clostridia;o__Eubacteriales;f__Clostridiaceae;g__Clostridium_s__Clostridium_tagluense"
"X36745","N-detect",-0.00033510703845104,NA,-0.00450866667567338,0.0038384525987713,0.870370086187314,35,0.9980101927909,"Clostridium saccharoperbutylacetonicum","Species","Clostridium saccharoperbutylacetonicum","d__Bacteria;p__Bacillota;c__Clostridia;o__Eubacteriales;f__Clostridiaceae;g__Clostridium_s__Clostridium_saccharoperbutylacetonicum"
"X36839","N-detect",-0.0016083997476377,NA,-0.00414053717680835,0.000923737681532939,0.203473459649029,35,0.949217761523906,"Clostridium felsineum","Species","Clostridium felsineum","d__Bacteria;p__Bacillota;c__Clostridia;o__Eubacteriales;f__Clostridiaceae;g__Clostridium_s__Clostridium_felsineum"
"X371601","N-detect",2.4201640890986e-05,NA,-0.00221889969080114,0.00226730297258311,0.982500713080858,35,0.999123295838853,"Bacteroides xylanisolvens","Species","Bacteroides xylanisolvens","d__Bacteria;p__Bacteroidota;c__Bacteroidia;o__Bacteroidales;f__Bacteroidaceae;g__Bacteroides_s__Bacteroides_xylanisolvens"
"X376805","N-detect",-0.000368587382037866,NA,-0.0030436268578443,0.00230645209376857,0.779550015187708,35,0.985705057636641,"Phocaeicola salanitronis","Species","Phocaeicola salanitronis","d__Bacteria;p__Bacteroidota;c__Bacteroidia;o__Bacteroidales;f__Bacteroidaceae;g__Phocaeicola_s__Phocaeicola_salanitronis"
"X39778","N-detect",0.000505361915570822,NA,-0.00194195383991491,0.00295267767105656,0.675144202169836,35,0.985705057636641,"Veillonella dispar","Species","Veillonella dispar","d__Bacteria;p__Bacillota;c__Negativicutes;o__Veillonellales;f__Veillonellaceae;g__Veillonella_s__Veillonella_dispar"
"X400065","N-detect",-0.00036466978338483,NA,-0.00256403518702623,0.00183469562025657,0.736332953899969,35,0.985705057636641,"Streptococcus merionis","Species","Streptococcus merionis","d__Bacteria;p__Bacillota;c__Bacilli;o__Lactobacillales;f__Streptococcaceae;g__Streptococcus_s__Streptococcus_merionis"
"X418240","N-detect",3.67427624628015e-05,NA,-0.00318682515623527,0.00326031068116087,0.981513480873411,35,0.999123295838853,"Blautia wexlerae","Species","Blautia wexlerae","d__Bacteria;p__Bacillota;c__Clostridia;o__Lachnospirales;f__Lachnospiraceae;g__Blautia_s__Blautia_wexlerae"
"X42895","N-detect",0.00163145955967695,NA,-0.000295177050242768,0.00355809616959667,0.0936998483613807,35,0.949217761523906,"Enterobacter sp.","Species","Enterobacter sp.","d__Bacteria;p__Pseudomonadota;c__Gammaproteobacteria;o__Enterobacterales;f__Enterobacteriaceae;g__Enterobacter_s__Enterobacter_sp."
"X438033","N-detect",0.00159179607390645,NA,-0.00167398232296899,0.0048575744707819,0.326142731807641,35,0.974592672894275,"Ruminococcus gauvreauii","Species","Ruminococcus gauvreauii","d__Bacteria;p__Bacillota;c__Clostridia;o__Eubacteriales;f__Oscillospiraceae;g__Ruminococcus_s__Ruminococcus_gauvreauii"
"X45634","N-detect",4.5572568134414e-05,NA,-0.00236925442178549,0.00246039955805432,0.969396847662474,35,0.999123295838853,"Streptococcus cristatus","Species","Streptococcus cristatus","d__Bacteria;p__Bacillota;c__Bacilli;o__Lactobacillales;f__Streptococcaceae;g__Streptococcus_s__Streptococcus_cristatus"
"X548","N-detect",0.00198760843190425,NA,-0.00116261082428034,0.00513782768808884,0.206425067866591,35,0.949217761523906,"Klebsiella aerogenes","Species","Klebsiella aerogenes","d__Bacteria;p__Pseudomonadota;c__Gammaproteobacteria;o__Enterobacterales;f__Enterobacteriaceae;g__Klebsiella_s__Klebsiella_aerogenes"
"X550","N-detect",-0.000306506428180024,NA,-0.00267041827076577,0.00205740541440572,0.792228134614467,35,0.985705057636641,"Enterobacter cloacae","Species","Enterobacter cloacae","d__Bacteria;p__Pseudomonadota;c__Gammaproteobacteria;o__Enterobacterales;f__Enterobacteriaceae;g__Enterobacter_s__Enterobacter_cloacae"
"X564","N-detect",-0.00136062181431418,NA,-0.0041284096177148,0.00140716598908645,0.322090755955712,35,0.974592672894275,"Escherichia fergusonii","Species","Escherichia fergusonii","d__Bacteria;p__Pseudomonadota;c__Gammaproteobacteria;o__Enterobacterales;f__Enterobacteriaceae;g__Escherichia_s__Escherichia_fergusonii"
"X571","N-detect",-0.00106833099073107,NA,-0.00290558080731266,0.000768918825850516,0.243207005980152,35,0.949217761523906,"Klebsiella oxytoca","Species","Klebsiella oxytoca","d__Bacteria;p__Pseudomonadota;c__Gammaproteobacteria;o__Enterobacterales;f__Enterobacteriaceae;g__Klebsiella_s__Klebsiella_oxytoca"
"X576","N-detect",-0.000516195440345898,NA,-0.00336888017719616,0.00233648929650436,0.71332636314097,35,0.985705057636641,"Klebsiella sp.","Species","Klebsiella sp.","d__Bacteria;p__Pseudomonadota;c__Gammaproteobacteria;o__Enterobacterales;f__Enterobacteriaceae;g__Klebsiella_s__Klebsiella_sp."
"X59310","N-detect",0.000982291192614396,NA,-0.000677382727947907,0.0026419651131767,0.235112878002852,35,0.949217761523906,"Streptococcus macedonicus","Species","Streptococcus macedonicus","d__Bacteria;p__Bacillota;c__Bacilli;o__Lactobacillales;f__Streptococcaceae;g__Streptococcus_s__Streptococcus_macedonicus"
"X61645","N-detect",0.00169460756344737,NA,-0.00198466885473578,0.00537388398163053,0.353021602047815,35,0.974592672894275,"Enterobacter asburiae","Species","Enterobacter asburiae","d__Bacteria;p__Pseudomonadota;c__Gammaproteobacteria;o__Enterobacterales;f__Enterobacteriaceae;g__Enterobacter_s__Enterobacter_asburiae"
"X623","N-detect",-0.00433298188620768,NA,-0.00655249941640169,-0.00211346435601367,0.00043603726777496,35,0.0610452174884943,"Shigella flexneri","Species","Shigella flexneri","d__Bacteria;p__Pseudomonadota;c__Gammaproteobacteria;o__Enterobacterales;f__Enterobacteriaceae;g__Shigella_s__Shigella_flexneri"
"X674529","N-detect",-0.00217619352611228,NA,-0.00501054621801849,0.000658159165793925,0.126815099251388,35,0.949217761523906,"Bacteroides faecis","Species","Bacteroides faecis","d__Bacteria;p__Bacteroidota;c__Bacteroidia;o__Bacteroidales;f__Bacteroidaceae;g__Bacteroides_s__Bacteroides_faecis"
"X68892","N-detect",-1.59095813608111e-05,NA,-0.00182166754491703,0.00178984838219541,0.98570987913796,35,0.999123295838853,"Streptococcus infantis","Species","Streptococcus infantis","d__Bacteria;p__Bacillota;c__Bacilli;o__Lactobacillales;f__Streptococcaceae;g__Streptococcus_s__Streptococcus_infantis"
"X704125","N-detect",0.000425067997032399,NA,-0.00147859765090558,0.00232873364497038,0.650509695488276,35,0.985705057636641,"Clostridium gelidum","Species","Clostridium gelidum","d__Bacteria;p__Bacillota;c__Clostridia;o__Eubacteriales;f__Clostridiaceae;g__Clostridium_s__Clostridium_gelidum"
"X751585","N-detect",-0.00110321615689008,NA,-0.0043466605415651,0.00214022822778494,0.491204426421449,35,0.985705057636641,"Coprococcus sp. ART55/1","Species","Coprococcus sp. ART55/1","d__Bacteria;p__Bacillota;c__Clostridia;o__Lachnospirales;f__Lachnospiraceae;g__Coprococcus_s__Coprococcus_sp._ART55/1"
"X820","N-detect",0.00310843942983813,NA,0.000603240758193288,0.00561363810148298,0.0169198121260672,35,0.789591232549803,"Bacteroides uniformis","Species","Bacteroides uniformis","d__Bacteria;p__Bacteroidota;c__Bacteroidia;o__Bacteroidales;f__Bacteroidaceae;g__Bacteroides_s__Bacteroides_uniformis"
"X823","N-detect",1.86621448554674e-05,NA,-0.00246494828874171,0.00250227257845265,0.987812308386513,35,0.999123295838853,"Parabacteroides distasonis","Species","Parabacteroides distasonis","d__Bacteria;p__Bacteroidota;c__Bacteroidia;o__Bacteroidales;f__Tannerellaceae;g__Parabacteroides_s__Parabacteroides_distasonis"
"X84022","N-detect",-0.00268762771056443,NA,-0.00621597776705952,0.000840722345930665,0.129715859966882,35,0.949217761523906,"Clostridium aceticum","Species","Clostridium aceticum","d__Bacteria;p__Bacillota;c__Clostridia;o__Eubacteriales;f__Clostridiaceae;g__Clostridium_s__Clostridium_aceticum"
"X84023","N-detect",0.00258045550845416,NA,-6.61646799303361e-05,0.00522707569683866,0.0555912752265552,35,0.949217761523906,"Clostridium autoethanogenum","Species","Clostridium autoethanogenum","d__Bacteria;p__Bacillota;c__Clostridia;o__Eubacteriales;f__Clostridiaceae;g__Clostridium_s__Clostridium_autoethanogenum"
"X885040","N-detect",0.00147656902707582,NA,-0.000735996666430045,0.00368913472058168,0.182188234944647,35,0.949217761523906,"Enterobacter soli","Species","Enterobacter soli","d__Bacteria;p__Pseudomonadota;c__Gammaproteobacteria;o__Enterobacterales;f__Enterobacteriaceae;g__Enterobacter_s__Enterobacter_soli"
"X102115","PFHpA",-0.000449045990912832,0.00137255258383851,-0.00326529126790656,0.0023671992860809,0.746068960042237,35,0.974313169054605,"Stanieria","Genus","Stanieria","d__Bacteria;p__Cyanobacteriota;c__Cyanophyceae;o__Pleurocapsales;f__Dermocarpellaceae;g___g__Stanieria"
"X102115","PFBA",-0.000355854495602192,0.00154029998183789,-0.00351628900287121,0.00280458001166683,0.819033777839441,35,0.98377046887326,"Stanieria","Genus","Stanieria","d__Bacteria;p__Cyanobacteriota;c__Cyanophyceae;o__Pleurocapsales;f__Dermocarpellaceae;g___g__Stanieria"
"X102115","PFDoA",0.00112055154138688,0.00140102605136962,-0.00175411646519718,0.00399521954797094,0.430803100689894,35,0.998962962737576,"Stanieria","Genus","Stanieria","d__Bacteria;p__Cyanobacteriota;c__Cyanophyceae;o__Pleurocapsales;f__Dermocarpellaceae;g___g__Stanieria"
"X102115","N.MeFOSAA",0.00129378914037736,0.00150247226670383,-0.00178902930661085,0.00437660758736558,0.39676210704349,35,0.865595017654399,"Stanieria","Genus","Stanieria","d__Bacteria;p__Cyanobacteriota;c__Cyanophyceae;o__Pleurocapsales;f__Dermocarpellaceae;g___g__Stanieria"
"X102115","PFDA",-7.86004106816858e-05,0.00143517745072486,-0.00302334130064334,0.00286614047927997,0.956727313880782,35,0.990116856585947,"Stanieria","Genus","Stanieria","d__Bacteria;p__Cyanobacteriota;c__Cyanophyceae;o__Pleurocapsales;f__Dermocarpellaceae;g___g__Stanieria"
"X1190","PFHpA",0.00124144196468967,0.00124143578005763,-0.00130577385308309,0.00378865778246243,0.326186533732805,35,0.892097080658934,"Fischerella","Genus","Fischerella","d__Bacteria;p__Cyanobacteriota;c__Cyanophyceae;o__Nostocales;f__Hapalosiphonaceae;g___g__Fischerella"
"X1190","PFDoA",0.000862892906034233,0.00129243459756996,-0.00178896384181473,0.0035147496538832,0.510024490549866,35,0.998962962737576,"Fischerella","Genus","Fischerella","d__Bacteria;p__Cyanobacteriota;c__Cyanophyceae;o__Nostocales;f__Hapalosiphonaceae;g___g__Fischerella"
"X1190","PFDA",-0.00184449776349403,0.00127070947274854,-0.00445177823726004,0.000762782710271991,0.158148191709076,35,0.837109561543003,"Fischerella","Genus","Fischerella","d__Bacteria;p__Cyanobacteriota;c__Cyanophyceae;o__Nostocales;f__Hapalosiphonaceae;g___g__Fischerella"
"X1190","PFBA",0.00135528709649405,0.00139311250536467,-0.00150314365490349,0.00421371784789158,0.339264353504935,35,0.923542479374682,"Fischerella","Genus","Fischerella","d__Bacteria;p__Cyanobacteriota;c__Cyanophyceae;o__Nostocales;f__Hapalosiphonaceae;g___g__Fischerella"
"X1190","N.MeFOSAA",-0.00164704512238431,0.00136362808789323,-0.0044449788462533,0.00115088860148468,0.23758249573298,35,0.703411186168062,"Fischerella","Genus","Fischerella","d__Bacteria;p__Cyanobacteriota;c__Cyanophyceae;o__Nostocales;f__Hapalosiphonaceae;g___g__Fischerella"
"X1278221","PFDA",0.0104735399396984,0.00610404876562835,-0.00205093359170163,0.0229980134710985,0.0976474005863037,35,0.766525662517936,"Auraticoccus","Genus","Auraticoccus","d__Bacteria;p__Actinomycetota;c__Actinomycetes;o__Propionibacteriales;f__Propionibacteriaceae;g___g__Auraticoccus"
"X1278221","PFHpA",-0.00775782545496182,0.00597588587406107,-0.0200193304543638,0.00450367954444014,0.205202891814201,35,0.892097080658934,"Auraticoccus","Genus","Auraticoccus","d__Bacteria;p__Actinomycetota;c__Actinomycetes;o__Propionibacteriales;f__Propionibacteriaceae;g___g__Auraticoccus"
"X1278221","PFBA",-0.000185224722595836,0.00690542334926093,-0.0143539830798249,0.0139835336346332,0.978798119858682,35,0.98377046887326,"Auraticoccus","Genus","Auraticoccus","d__Bacteria;p__Actinomycetota;c__Actinomycetes;o__Propionibacteriales;f__Propionibacteriaceae;g___g__Auraticoccus"
"X1278221","PFDoA",0.0045442791739366,0.00628829527685706,-0.00835823697175756,0.0174467953196308,0.476104309127743,35,0.998962962737576,"Auraticoccus","Genus","Auraticoccus","d__Bacteria;p__Actinomycetota;c__Actinomycetes;o__Propionibacteriales;f__Propionibacteriaceae;g___g__Auraticoccus"
"X1278221","N.MeFOSAA",0.00699057290716903,0.00668706646737744,-0.00673015413632801,0.0207112999506661,0.305113427559948,35,0.732272226143876,"Auraticoccus","Genus","Auraticoccus","d__Bacteria;p__Actinomycetota;c__Actinomycetes;o__Propionibacteriales;f__Propionibacteriaceae;g___g__Auraticoccus"
"X1298","PFHpA",-0.00122423933778236,0.0012290290534978,-0.00374599865539002,0.0012975199798253,0.328044110739767,35,0.892097080658934,"Deinococcus","Genus","Deinococcus","d__Bacteria;p__Deinococcota;c__Deinococci;o__Deinococcales;f__Deinococcaceae;g___g__Deinococcus"
"X1298","PFDoA",-1.69206291438579e-06,0.00128985755075445,-0.00264826114746488,0.00264487702163611,0.998962962737576,35,0.998962962737576,"Deinococcus","Genus","Deinococcus","d__Bacteria;p__Deinococcota;c__Deinococci;o__Deinococcales;f__Deinococcaceae;g___g__Deinococcus"
"X1298","PFDA",-0.00165773071995736,0.00126642607291825,-0.00425622238323731,0.000940760943322585,0.201571835599147,35,0.837109561543003,"Deinococcus","Genus","Deinococcus","d__Bacteria;p__Deinococcota;c__Deinococci;o__Deinococcales;f__Deinococcaceae;g___g__Deinococcus"
"X1298","PFBA",0.00130423488128497,0.00138032348634978,-0.00152795497062196,0.0041364247331919,0.353101525400025,35,0.923542479374682,"Deinococcus","Genus","Deinococcus","d__Bacteria;p__Deinococcota;c__Deinococci;o__Deinococcales;f__Deinococcaceae;g___g__Deinococcus"
"X1298","N.MeFOSAA",-0.000206737028792759,0.00138522831562707,-0.00304899075908897,0.00263551670150345,0.882470283972653,35,0.978207254075327,"Deinococcus","Genus","Deinococcus","d__Bacteria;p__Deinococcota;c__Deinococci;o__Deinococcales;f__Deinococcaceae;g___g__Deinococcus"
"X1395974","PFHpA",0.000705358519876226,0.00146148657003656,-0.00229336422395088,0.00370408126370333,0.633247932720238,35,0.974313169054605,"Tardiphaga","Genus","Tardiphaga","d__Bacteria;p__Pseudomonadota;c__Alphaproteobacteria;o__Hyphomicrobiales;f__Nitrobacteraceae;g___g__Tardiphaga"
"X1395974","PFDoA",-0.00310948047343318,0.00138949045161151,-0.00596047938440764,-0.000258481562458712,0.0336783838883908,35,0.873823102340491,"Tardiphaga","Genus","Tardiphaga","d__Bacteria;p__Pseudomonadota;c__Alphaproteobacteria;o__Hyphomicrobiales;f__Nitrobacteraceae;g___g__Tardiphaga"
"X1395974","PFDA",0.000374285188503914,0.00153010439779553,-0.00276522970829365,0.00351380008530148,0.808604680465296,35,0.990116856585947,"Tardiphaga","Genus","Tardiphaga","d__Bacteria;p__Pseudomonadota;c__Alphaproteobacteria;o__Hyphomicrobiales;f__Nitrobacteraceae;g___g__Tardiphaga"
"X1395974","PFBA",-0.00253984806445009,0.00157125880026708,-0.00576380482012628,0.000684108691226096,0.117624806934963,35,0.923542479374682,"Tardiphaga","Genus","Tardiphaga","d__Bacteria;p__Pseudomonadota;c__Alphaproteobacteria;o__Hyphomicrobiales;f__Nitrobacteraceae;g___g__Tardiphaga"
"X1395974","N.MeFOSAA",-0.0014075041875152,0.00160267557188137,-0.00469592283391888,0.00188091445888849,0.387572117404552,35,0.865595017654399,"Tardiphaga","Genus","Tardiphaga","d__Bacteria;p__Pseudomonadota;c__Alphaproteobacteria;o__Hyphomicrobiales;f__Nitrobacteraceae;g___g__Tardiphaga"
"X141450","PFDoA",-0.0103400655350254,0.00816695626276522,-0.0270972756217268,0.00641714455167607,0.216297791604725,35,0.962751081527076,"Oleiphilus","Genus","Oleiphilus","d__Bacteria;p__Pseudomonadota;c__Gammaproteobacteria;o__Oceanospirillales;f__Oleiphilaceae;g___g__Oleiphilus"
"X141450","N.MeFOSAA",0.00117206290929693,0.00902832306722164,-0.0173525258726713,0.0196966516912652,0.897670652853012,35,0.978207254075327,"Oleiphilus","Genus","Oleiphilus","d__Bacteria;p__Pseudomonadota;c__Gammaproteobacteria;o__Oceanospirillales;f__Oleiphilaceae;g___g__Oleiphilus"
"X141450","PFHpA",-0.00309811961723004,0.00813349759744118,-0.0197866781933789,0.0135904389589189,0.706251754693183,35,0.974313169054605,"Oleiphilus","Genus","Oleiphilus","d__Bacteria;p__Pseudomonadota;c__Gammaproteobacteria;o__Oceanospirillales;f__Oleiphilaceae;g___g__Oleiphilus"
"X141450","PFBA",-0.00749365491682062,0.00902851237634699,-0.0260186321290293,0.0110313222953881,0.41381824851806,35,0.923542479374682,"Oleiphilus","Genus","Oleiphilus","d__Bacteria;p__Pseudomonadota;c__Gammaproteobacteria;o__Oceanospirillales;f__Oleiphilaceae;g___g__Oleiphilus"
"X141450","PFDA",0.00967762236880007,0.00830476239175836,-0.00736234253872753,0.0267175872763277,0.254085664964308,35,0.837109561543003,"Oleiphilus","Genus","Oleiphilus","d__Bacteria;p__Pseudomonadota;c__Gammaproteobacteria;o__Oceanospirillales;f__Oleiphilaceae;g___g__Oleiphilus"
"X1434026","PFHpA",0.0046193040324385,0.00398940783200689,-0.00356628469995869,0.0128048927648357,0.257048395255553,35,0.892097080658934,"Oceanirhabdus","Genus","Oceanirhabdus","d__Bacteria;p__Bacillota;c__Clostridia;o__Eubacteriales;f__Clostridiaceae;g___g__Oceanirhabdus"
"X1434026","PFDoA",0.00303728018610318,0.0041720900575528,-0.00552314151148764,0.011597701883694,0.472880545309345,35,0.998962962737576,"Oceanirhabdus","Genus","Oceanirhabdus","d__Bacteria;p__Bacillota;c__Clostridia;o__Eubacteriales;f__Clostridiaceae;g___g__Oceanirhabdus"
"X1434026","PFDA",0.00536788919274977,0.00413855036633196,-0.0031237147428808,0.0138594931283803,0.20559014084853,35,0.837109561543003,"Oceanirhabdus","Genus","Oceanirhabdus","d__Bacteria;p__Bacillota;c__Clostridia;o__Eubacteriales;f__Clostridiaceae;g___g__Oceanirhabdus"
"X1434026","PFBA",0.00319602799191671,0.00454077306620148,-0.00612086875372725,0.0125129247375607,0.487551824377776,35,0.923542479374682,"Oceanirhabdus","Genus","Oceanirhabdus","d__Bacteria;p__Bacillota;c__Clostridia;o__Eubacteriales;f__Clostridiaceae;g___g__Oceanirhabdus"
"X1434026","N.MeFOSAA",0.0034715589498561,0.00447661667238336,-0.0057136997491245,0.0126568176488367,0.44479142940831,35,0.865595017654399,"Oceanirhabdus","Genus","Oceanirhabdus","d__Bacteria;p__Bacillota;c__Clostridia;o__Eubacteriales;f__Clostridiaceae;g___g__Oceanirhabdus"
"X146918","PFHpA",-0.00253895232657552,0.00543683591353733,-0.0136944181670674,0.00861651351391633,0.644253125722138,35,0.974313169054605,"Salinibacter","Genus","Salinibacter","d__Bacteria;p__Rhodothermota;c__Rhodothermia;o__Rhodothermales;f__Salinibacteraceae;g___g__Salinibacter"
"X146918","PFDoA",0.000203171022482899,0.00562633285825559,-0.0113411104319617,0.0117474524769275,0.971459721450612,35,0.998962962737576,"Salinibacter","Genus","Salinibacter","d__Bacteria;p__Rhodothermota;c__Rhodothermia;o__Rhodothermales;f__Salinibacteraceae;g___g__Salinibacter"
"X146918","PFDA",-0.00916422504604101,0.0054169737948677,-0.0202789371853246,0.00195048709324256,0.102203421669058,35,0.766525662517936,"Salinibacter","Genus","Salinibacter","d__Bacteria;p__Rhodothermota;c__Rhodothermia;o__Rhodothermales;f__Salinibacteraceae;g___g__Salinibacter"
"X146918","PFBA",-0.00853488713403586,0.00589528137234692,-0.020631005357055,0.00356123108898334,0.15920029581156,35,0.923542479374682,"Salinibacter","Genus","Salinibacter","d__Bacteria;p__Rhodothermota;c__Rhodothermia;o__Rhodothermales;f__Salinibacteraceae;g___g__Salinibacter"
"X146918","N.MeFOSAA",-0.00817733338499494,0.0058365324556913,-0.02015290878801,0.00379824201802008,0.172585710232713,35,0.703411186168062,"Salinibacter","Genus","Salinibacter","d__Bacteria;p__Rhodothermota;c__Rhodothermia;o__Rhodothermales;f__Salinibacteraceae;g___g__Salinibacter"
"X1511648","PFHpA",0.00814971125478022,0.00481161090192679,-0.00172289882722241,0.0180223213367828,0.10181853597102,35,0.892097080658934,"Defluviitoga","Genus","Defluviitoga","d__Bacteria;p__Thermotogota;c__Thermotogae;o__Petrotogales;f__Petrotogaceae;g___g__Defluviitoga"
"X1511648","PFDoA",0.00657697879416893,0.00506037808741141,-0.00380605939050994,0.0169600169788478,0.20469106636845,35,0.962751081527076,"Defluviitoga","Genus","Defluviitoga","d__Bacteria;p__Thermotogota;c__Thermotogae;o__Petrotogales;f__Petrotogaceae;g___g__Defluviitoga"
"X1511648","PFDA",0.00223730403262324,0.00526394406448117,-0.0085634170359245,0.013038025101171,0.674187204241754,35,0.990116856585947,"Defluviitoga","Genus","Defluviitoga","d__Bacteria;p__Thermotogota;c__Thermotogae;o__Petrotogales;f__Petrotogaceae;g___g__Defluviitoga"
"X1511648","PFBA",0.00338608055907328,0.00563611796344481,-0.0081782782728055,0.0149504393909521,0.552995334498036,35,0.923542479374682,"Defluviitoga","Genus","Defluviitoga","d__Bacteria;p__Thermotogota;c__Thermotogae;o__Petrotogales;f__Petrotogaceae;g___g__Defluviitoga"
"X1511648","N.MeFOSAA",0.00652107821563442,0.00546194786726094,-0.00468591309783599,0.0177280695291048,0.242897354277643,35,0.703411186168062,"Defluviitoga","Genus","Defluviitoga","d__Bacteria;p__Thermotogota;c__Thermotogae;o__Petrotogales;f__Petrotogaceae;g___g__Defluviitoga"
"X157","PFDA",0.00749584803661943,0.0148939288085536,-0.0230639696030556,0.0380556656762945,0.61884726088662,35,0.990116856585947,"Treponema","Genus","Treponema","d__Bacteria;p__Spirochaetota;c__Spirochaetia;o__Spirochaetales;f__Treponemataceae;g___g__Treponema"
"X157","PFDoA",0.00867390095283654,0.014684185504166,-0.0214555589742686,0.0388033608799417,0.559636156302796,35,0.998962962737576,"Treponema","Genus","Treponema","d__Bacteria;p__Spirochaetota;c__Spirochaetia;o__Spirochaetales;f__Treponemataceae;g___g__Treponema"
"X157","N.MeFOSAA",0.0286827723091925,0.0148876313605168,-0.00186412403442477,0.0592296686528098,0.0646137503517873,35,0.646137503517873,"Treponema","Genus","Treponema","d__Bacteria;p__Spirochaetota;c__Spirochaetia;o__Spirochaetales;f__Treponemataceae;g___g__Treponema"
"X157","PFHpA",-0.0130900239996227,0.0141151810224976,-0.0420519831672265,0.0158719351679812,0.361949768336521,35,0.892097080658934,"Treponema","Genus","Treponema","d__Bacteria;p__Spirochaetota;c__Spirochaetia;o__Spirochaetales;f__Treponemataceae;g___g__Treponema"
"X157","PFBA",-0.00377440992840363,0.0160582215942376,-0.036723159035863,0.0291743391790557,0.815947079759967,35,0.98377046887326,"Treponema","Genus","Treponema","d__Bacteria;p__Spirochaetota;c__Spirochaetia;o__Spirochaetales;f__Treponemataceae;g___g__Treponema"
"X1649479","PFDA",3.6545302379507e-05,0.00242016405173645,-0.00492922115386191,0.00500231175862093,0.988063160009317,35,0.990116856585947,"Permianibacter","Genus","Permianibacter","d__Bacteria;p__Pseudomonadota;c__Gammaproteobacteria;o__Pseudomonadales;f__Pseudomonadaceae;g___g__Permianibacter"
"X1649479","PFHpA",0.00262883924694944,0.00226316407279915,-0.00201478986142166,0.00727246835532054,0.255573503603778,35,0.892097080658934,"Permianibacter","Genus","Permianibacter","d__Bacteria;p__Pseudomonadota;c__Gammaproteobacteria;o__Pseudomonadales;f__Pseudomonadaceae;g___g__Permianibacter"
"X1649479","PFBA",-0.00193249640809191,0.00257312844981241,-0.00721211988424063,0.00334712706805681,0.45913086843652,35,0.923542479374682,"Permianibacter","Genus","Permianibacter","d__Bacteria;p__Pseudomonadota;c__Gammaproteobacteria;o__Pseudomonadales;f__Pseudomonadaceae;g___g__Permianibacter"
"X1649479","PFDoA",0.000787472515824717,0.00238546575643908,-0.00410709891925572,0.00568204395090515,0.743862561513944,35,0.998962962737576,"Permianibacter","Genus","Permianibacter","d__Bacteria;p__Pseudomonadota;c__Gammaproteobacteria;o__Pseudomonadales;f__Pseudomonadaceae;g___g__Permianibacter"
"X1649479","N.MeFOSAA",-0.00128889273838877,0.00255606050629703,-0.00653349568717906,0.00395571021040152,0.618176257320035,35,0.881943801026085,"Permianibacter","Genus","Permianibacter","d__Bacteria;p__Pseudomonadota;c__Gammaproteobacteria;o__Pseudomonadales;f__Pseudomonadaceae;g___g__Permianibacter"
"X1649510","PFDA",-0.00311918675935885,0.000915373212385783,-0.00499737745050059,-0.00124099606821711,0.00207003912617043,35,0.0771755986547491,"Variibacter","Genus","Variibacter","d__Bacteria;p__Pseudomonadota;c__Alphaproteobacteria;o__Hyphomicrobiales;f__Nitrobacteraceae;g___g__Variibacter"
"X1649510","PFDoA",-0.000686823161515776,0.00107301355097061,-0.00288846510999415,0.00151481878696259,0.527510269805118,35,0.998962962737576,"Variibacter","Genus","Variibacter","d__Bacteria;p__Pseudomonadota;c__Alphaproteobacteria;o__Hyphomicrobiales;f__Nitrobacteraceae;g___g__Variibacter"
"X1649510","N.MeFOSAA",-0.00148627003673959,0.00112577118071222,-0.00379616169989896,0.00082362162641978,0.197843749824459,35,0.703411186168062,"Variibacter","Genus","Variibacter","d__Bacteria;p__Pseudomonadota;c__Alphaproteobacteria;o__Hyphomicrobiales;f__Nitrobacteraceae;g___g__Variibacter"
"X1649510","PFHpA",-0.00144073722680296,0.00101158577275483,-0.0035163397853786,0.000634865331772685,0.165833914183628,35,0.892097080658934,"Variibacter","Genus","Variibacter","d__Bacteria;p__Pseudomonadota;c__Alphaproteobacteria;o__Hyphomicrobiales;f__Nitrobacteraceae;g___g__Variibacter"
"X1649510","PFBA",-0.000712200848177924,0.00116790751735024,-0.00310854913270387,0.00168414743634803,0.547086455250658,35,0.923542479374682,"Variibacter","Genus","Variibacter","d__Bacteria;p__Pseudomonadota;c__Alphaproteobacteria;o__Hyphomicrobiales;f__Nitrobacteraceae;g___g__Variibacter"
"X1658781","PFHpA",-0.000245705027770366,0.00191449298150273,-0.00417392015080499,0.00368251009526426,0.898831511092864,35,0.974313169054605,"Aliiroseovarius","Genus","Aliiroseovarius","d__Bacteria;p__Pseudomonadota;c__Alphaproteobacteria;o__Rhodobacterales;f__Paracoccaceae;g___g__Aliiroseovarius"
"X1658781","PFDoA",-0.000949956801636001,0.00196543326103593,-0.00498269274473488,0.00308277914146288,0.632756545361456,35,0.998962962737576,"Aliiroseovarius","Genus","Aliiroseovarius","d__Bacteria;p__Pseudomonadota;c__Alphaproteobacteria;o__Rhodobacterales;f__Paracoccaceae;g___g__Aliiroseovarius"
"X1658781","PFDA",-0.00188948899934088,0.00196525037899459,-0.00592184969948643,0.00214287170080467,0.344858154139352,35,0.87281094686592,"Aliiroseovarius","Genus","Aliiroseovarius","d__Bacteria;p__Pseudomonadota;c__Alphaproteobacteria;o__Rhodobacterales;f__Paracoccaceae;g___g__Aliiroseovarius"
"X1658781","PFBA",0.00264768587453537,0.00208565929371829,-0.00163173351129655,0.00692710526036728,0.215106349058582,35,0.923542479374682,"Aliiroseovarius","Genus","Aliiroseovarius","d__Bacteria;p__Pseudomonadota;c__Alphaproteobacteria;o__Rhodobacterales;f__Paracoccaceae;g___g__Aliiroseovarius"
"X1658781","N.MeFOSAA",-0.000482377981395669,0.00211870841709452,-0.00482960856711384,0.0038648526043225,0.821613836021335,35,0.978207254075327,"Aliiroseovarius","Genus","Aliiroseovarius","d__Bacteria;p__Pseudomonadota;c__Alphaproteobacteria;o__Rhodobacterales;f__Paracoccaceae;g___g__Aliiroseovarius"
"X1676142","PFDA",0.000598144776087336,0.00147629387006177,-0.00243096003779819,0.00362724958997286,0.688547628455162,35,0.990116856585947,"Wenzhouxiangella","Genus","Wenzhouxiangella","d__Bacteria;p__Pseudomonadota;c__Gammaproteobacteria;o__Chromatiales;f__Wenzhouxiangellaceae;g___g__Wenzhouxiangella"
"X1676142","PFDoA",0.00115054437222999,0.00144562211338625,-0.00181562719531464,0.00411671593977463,0.433042763497242,35,0.998962962737576,"Wenzhouxiangella","Genus","Wenzhouxiangella","d__Bacteria;p__Pseudomonadota;c__Gammaproteobacteria;o__Chromatiales;f__Wenzhouxiangellaceae;g___g__Wenzhouxiangella"
"X1676142","N.MeFOSAA",0.00285634485659954,0.00147196935021813,-0.000163886775501682,0.00587657648870077,0.0628286854247088,35,0.646137503517873,"Wenzhouxiangella","Genus","Wenzhouxiangella","d__Bacteria;p__Pseudomonadota;c__Gammaproteobacteria;o__Chromatiales;f__Wenzhouxiangellaceae;g___g__Wenzhouxiangella"
"X1676142","PFHpA",-0.000235092419686004,0.00141816435108334,-0.00314492531262327,0.00267474047325126,0.869571180214513,35,0.974313169054605,"Wenzhouxiangella","Genus","Wenzhouxiangella","d__Bacteria;p__Pseudomonadota;c__Gammaproteobacteria;o__Chromatiales;f__Wenzhouxiangellaceae;g___g__Wenzhouxiangella"
"X1676142","PFBA",-0.000905777239472826,0.0015811391224949,-0.00415000674180871,0.00233845226286306,0.571477360631062,35,0.926720044266587,"Wenzhouxiangella","Genus","Wenzhouxiangella","d__Bacteria;p__Pseudomonadota;c__Gammaproteobacteria;o__Chromatiales;f__Wenzhouxiangellaceae;g___g__Wenzhouxiangella"
"X1742989","PFBA",-0.00983920064981284,0.0132778804615326,-0.0370831609749627,0.017404759675337,0.465076648016685,35,0.923542479374682,"Glutamicibacter","Genus","Glutamicibacter","d__Bacteria;p__Actinomycetota;c__Actinomycetes;o__Micrococcales;f__Micrococcaceae;g___g__Glutamicibacter"
"X1742989","PFDoA",-0.0185794028196108,0.0118011867698059,-0.0427934379645819,0.00563463232536038,0.127048827172746,35,0.873823102340491,"Glutamicibacter","Genus","Glutamicibacter","d__Bacteria;p__Actinomycetota;c__Actinomycetes;o__Micrococcales;f__Micrococcaceae;g___g__Glutamicibacter"
"X1742989","N.MeFOSAA",-0.0063887536263576,0.0131910002586857,-0.0334544505000283,0.0206769432473131,0.632059724068694,35,0.881943801026085,"Glutamicibacter","Genus","Glutamicibacter","d__Bacteria;p__Actinomycetota;c__Actinomycetes;o__Micrococcales;f__Micrococcaceae;g___g__Glutamicibacter"
"X1742989","PFDA",0.0108905991699469,0.0123080452610765,-0.0143634236949504,0.0361446220348441,0.384057485128385,35,0.87281094686592,"Glutamicibacter","Genus","Glutamicibacter","d__Bacteria;p__Actinomycetota;c__Actinomycetes;o__Micrococcales;f__Micrococcaceae;g___g__Glutamicibacter"
"X1742989","PFHpA",0.013153275082351,0.0116925287583741,-0.0108378122389044,0.0371443624036064,0.270520056572641,35,0.892097080658934,"Glutamicibacter","Genus","Glutamicibacter","d__Bacteria;p__Actinomycetota;c__Actinomycetes;o__Micrococcales;f__Micrococcaceae;g___g__Glutamicibacter"
"X1747770","PFHpA",-0.000122834318330816,0.00313533872609055,-0.00655601799602583,0.0063103493593642,0.969037231215907,35,0.974313169054605,"Egibacter","Genus","Egibacter","d__Bacteria;p__Actinomycetota;c__Nitriliruptoria;o__Egibacterales;f__Egibacteraceae;g___g__Egibacter"
"X1747770","PFDoA",-0.000556902461126847,0.0032299862851055,-0.0071842868887191,0.00607048196646541,0.864396133769224,35,0.998962962737576,"Egibacter","Genus","Egibacter","d__Bacteria;p__Actinomycetota;c__Nitriliruptoria;o__Egibacterales;f__Egibacteraceae;g___g__Egibacter"
"X1747770","PFDA",-0.000795542098039056,0.00326860559969952,-0.00750216681384088,0.00591108261776277,0.809543920872462,35,0.990116856585947,"Egibacter","Genus","Egibacter","d__Bacteria;p__Actinomycetota;c__Nitriliruptoria;o__Egibacterales;f__Egibacteraceae;g___g__Egibacter"
"X1747770","PFBA",0.00507459215146359,0.00337675333410775,-0.00185393338608523,0.0120031176890124,0.144497202317889,35,0.923542479374682,"Egibacter","Genus","Egibacter","d__Bacteria;p__Actinomycetota;c__Nitriliruptoria;o__Egibacterales;f__Egibacteraceae;g___g__Egibacter"
"X1747770","N.MeFOSAA",-0.00196355829980091,0.00345152378965347,-0.00904550013976958,0.00511838354016776,0.574128928297734,35,0.881943801026085,"Egibacter","Genus","Egibacter","d__Bacteria;p__Actinomycetota;c__Nitriliruptoria;o__Egibacterales;f__Egibacteraceae;g___g__Egibacter"
"X1763827","PFDA",-0.000133314286086605,0.00251313800234519,-0.00528984753142477,0.00502321895925156,0.958085054149716,35,0.990116856585947,"Hankyongella","Genus","Hankyongella","d__Bacteria;p__Pseudomonadota;c__Alphaproteobacteria;o__Sphingomonadales;f__Sphingomonadaceae;g___g__Hankyongella"
"X1763827","PFDoA",0.00370257374197934,0.00237774489186851,-0.00117615578756158,0.00858130327152027,0.131073465351074,35,0.873823102340491,"Hankyongella","Genus","Hankyongella","d__Bacteria;p__Pseudomonadota;c__Alphaproteobacteria;o__Sphingomonadales;f__Sphingomonadaceae;g___g__Hankyongella"
"X1763827","N.MeFOSAA",-0.00148546538798088,0.00265148463758475,-0.00692586248135593,0.00395493170539418,0.579935612628765,35,0.881943801026085,"Hankyongella","Genus","Hankyongella","d__Bacteria;p__Pseudomonadota;c__Alphaproteobacteria;o__Sphingomonadales;f__Sphingomonadaceae;g___g__Hankyongella"
"X1763827","PFHpA",-0.000614040985498343,0.00240532552957027,-0.00554936130913972,0.00432127933814304,0.800438455736808,35,0.974313169054605,"Hankyongella","Genus","Hankyongella","d__Bacteria;p__Pseudomonadota;c__Alphaproteobacteria;o__Sphingomonadales;f__Sphingomonadaceae;g___g__Hankyongella"
"X1763827","PFBA",-0.00286015293385813,0.00264316773026169,-0.008283485142985,0.00256317927526874,0.28878132113769,35,0.923542479374682,"Hankyongella","Genus","Hankyongella","d__Bacteria;p__Pseudomonadota;c__Alphaproteobacteria;o__Sphingomonadales;f__Sphingomonadaceae;g___g__Hankyongella"
"X1802983","PFHpA",-0.00253103921765178,0.00313004228970982,-0.00895335550555222,0.00389127707024865,0.425797447892053,35,0.91480013933567,"Fokinia","Genus","Fokinia","d__Bacteria;p__Pseudomonadota;c__Alphaproteobacteria;o__Rickettsiales;f__Candidatus Midichloriaceae;g___g__Fokinia"
"X1802983","PFDoA",8.28553439801997e-05,0.00326500605631172,-0.00661638371885314,0.00678209440681354,0.979941062241389,35,0.998962962737576,"Fokinia","Genus","Fokinia","d__Bacteria;p__Pseudomonadota;c__Alphaproteobacteria;o__Rickettsiales;f__Candidatus Midichloriaceae;g___g__Fokinia"
"X1802983","PFDA",-0.00711984307910656,0.00300855431896689,-0.0132928866412514,-0.000946799516961722,0.0253860943678647,35,0.380791415517971,"Fokinia","Genus","Fokinia","d__Bacteria;p__Pseudomonadota;c__Alphaproteobacteria;o__Rickettsiales;f__Candidatus Midichloriaceae;g___g__Fokinia"
"X1802983","PFBA",-0.00276052670807131,0.0035113790269534,-0.00996528135050315,0.00444422793436053,0.438615939546518,35,0.923542479374682,"Fokinia","Genus","Fokinia","d__Bacteria;p__Pseudomonadota;c__Alphaproteobacteria;o__Rickettsiales;f__Candidatus Midichloriaceae;g___g__Fokinia"
"X1802983","N.MeFOSAA",-0.00220379644924509,0.00348217164304483,-0.00934862249006676,0.00494102959157657,0.532136146289619,35,0.881943801026085,"Fokinia","Genus","Fokinia","d__Bacteria;p__Pseudomonadota;c__Alphaproteobacteria;o__Rickettsiales;f__Candidatus Midichloriaceae;g___g__Fokinia"
"X1849828","PFHpA",0.00660260771350422,0.00519086147384812,-0.00404816026535918,0.0172533756923676,0.214231460399425,35,0.892097080658934,"Paeniclostridium","Genus","Paeniclostridium","d__Bacteria;p__Bacillota;c__Clostridia;o__Peptostreptococcales;f__Peptostreptococcaceae;g___g__Paeniclostridium"
"X1849828","PFDoA",-0.000773484527850257,0.00550630962493181,-0.0120714986494745,0.0105245295937739,0.889329494387488,35,0.998962962737576,"Paeniclostridium","Genus","Paeniclostridium","d__Bacteria;p__Bacillota;c__Clostridia;o__Peptostreptococcales;f__Peptostreptococcaceae;g___g__Paeniclostridium"
"X1849828","PFDA",0.00466418406038559,0.00550451607840104,-0.00663015000773405,0.0159585181285052,0.404255639125921,35,0.87281094686592,"Paeniclostridium","Genus","Paeniclostridium","d__Bacteria;p__Bacillota;c__Clostridia;o__Peptostreptococcales;f__Peptostreptococcaceae;g___g__Paeniclostridium"
"X1849828","PFBA",0.00245168143157677,0.0059727121618222,-0.00980331164820295,0.0147066745113565,0.684692857499764,35,0.969637248815422,"Paeniclostridium","Genus","Paeniclostridium","d__Bacteria;p__Bacillota;c__Clostridia;o__Peptostreptococcales;f__Peptostreptococcaceae;g___g__Paeniclostridium"
"X1849828","N.MeFOSAA",0.00625521141416139,0.00579431010619798,-0.00563373088368575,0.0181441537120085,0.28989504205023,35,0.724737605125574,"Paeniclostridium","Genus","Paeniclostridium","d__Bacteria;p__Bacillota;c__Clostridia;o__Peptostreptococcales;f__Peptostreptococcaceae;g___g__Paeniclostridium"
"X1854","PFHpA",-0.00030599967184838,0.00333873557171659,-0.00715651920435473,0.00654451986065796,0.927651660770237,35,0.974313169054605,"Frankia","Genus","Frankia","d__Bacteria;p__Actinomycetota;c__Actinomycetes;o__Frankiales;f__Frankiaceae;g___g__Frankia"
"X1854","PFBA",0.000351287697866328,0.00374304269736235,-0.00732880153307042,0.00803137692880307,0.925920642759723,35,0.98377046887326,"Frankia","Genus","Frankia","d__Bacteria;p__Actinomycetota;c__Actinomycetes;o__Frankiales;f__Frankiaceae;g___g__Frankia"
"X1854","PFDoA",0.000534556723825453,0.00344031576893754,-0.00652438815720893,0.00759350160485983,0.877677462974327,35,0.998962962737576,"Frankia","Genus","Frankia","d__Bacteria;p__Actinomycetota;c__Actinomycetes;o__Frankiales;f__Frankiaceae;g___g__Frankia"
"X1854","N.MeFOSAA",-0.00040775352273325,0.00369703224464565,-0.0079934371027088,0.0071779300572423,0.912993437136972,35,0.978207254075327,"Frankia","Genus","Frankia","d__Bacteria;p__Actinomycetota;c__Actinomycetes;o__Frankiales;f__Frankiaceae;g___g__Frankia"
"X1854","PFDA",-0.00397376804337011,0.00339996036242039,-0.0109499104698076,0.00300237438306741,0.252712738809532,35,0.837109561543003,"Frankia","Genus","Frankia","d__Bacteria;p__Actinomycetota;c__Actinomycetes;o__Frankiales;f__Frankiaceae;g___g__Frankia"
"X186831","PFHpA",-0.000506763728520694,0.00160365683855569,-0.00379719576783156,0.00278366831079017,0.754428604687646,35,0.974313169054605,"Acetoanaerobium","Genus","Acetoanaerobium","d__Bacteria;p__Bacillota;c__Clostridia;o__Peptostreptococcales;f__Filifactoraceae;g___g__Acetoanaerobium"
"X186831","PFDoA",-0.000321067467743976,0.00165482990554447,-0.0037164979675243,0.00307436303203635,0.847613822043761,35,0.998962962737576,"Acetoanaerobium","Genus","Acetoanaerobium","d__Bacteria;p__Bacillota;c__Clostridia;o__Peptostreptococcales;f__Filifactoraceae;g___g__Acetoanaerobium"
"X186831","PFDA",-0.00114533709408156,0.00166214591157868,-0.00455577879830164,0.00226510461013851,0.496657750952468,35,0.970971517462134,"Acetoanaerobium","Genus","Acetoanaerobium","d__Bacteria;p__Bacillota;c__Clostridia;o__Peptostreptococcales;f__Filifactoraceae;g___g__Acetoanaerobium"
"X186831","PFBA",0.00282899112612248,0.00171693469817132,-0.000693867882389294,0.00635185013463426,0.111005001891943,35,0.923542479374682,"Acetoanaerobium","Genus","Acetoanaerobium","d__Bacteria;p__Bacillota;c__Clostridia;o__Peptostreptococcales;f__Filifactoraceae;g___g__Acetoanaerobium"
"X186831","N.MeFOSAA",-0.00243590429061323,0.00171628658635449,-0.00595743348352115,0.0010856249022947,0.167257713161527,35,0.703411186168062,"Acetoanaerobium","Genus","Acetoanaerobium","d__Bacteria;p__Bacillota;c__Clostridia;o__Peptostreptococcales;f__Filifactoraceae;g___g__Acetoanaerobium"
"X190972","PFHpA",0.00368019620966332,0.002953115034814,-0.00237909533744478,0.00973948775677142,0.223392758837202,35,0.892097080658934,"Sedimentibacter","Genus","Sedimentibacter","d__Bacteria;p__Bacillota;c__Tissierellia;o__;f__;g___g__Sedimentibacter"
"X190972","PFDoA",-0.00365892700082872,0.00304993440125754,-0.00991687547859196,0.00259902147693452,0.240687770381769,35,0.962751081527076,"Sedimentibacter","Genus","Sedimentibacter","d__Bacteria;p__Bacillota;c__Tissierellia;o__;f__;g___g__Sedimentibacter"
"X190972","PFDA",-0.00106467367569399,0.00316269080455422,-0.00755397918266992,0.00542463183128195,0.738994330717071,35,0.990116856585947,"Sedimentibacter","Genus","Sedimentibacter","d__Bacteria;p__Bacillota;c__Tissierellia;o__;f__;g___g__Sedimentibacter"
"X190972","PFBA",-0.00256772139127488,0.00336858314575937,-0.00947948308704511,0.00434404030449536,0.452515449871545,35,0.923542479374682,"Sedimentibacter","Genus","Sedimentibacter","d__Bacteria;p__Bacillota;c__Tissierellia;o__;f__;g___g__Sedimentibacter"
"X190972","N.MeFOSAA",-0.00256578179918538,0.00332654556360903,-0.0093912895010605,0.00425972590268974,0.447224092454773,35,0.865595017654399,"Sedimentibacter","Genus","Sedimentibacter","d__Bacteria;p__Bacillota;c__Tissierellia;o__;f__;g___g__Sedimentibacter"
"X2000","PFDoA",0.00118643732253314,0.00106966824981752,-0.00100834063495251,0.00338121528001879,0.277141517936309,35,0.978146533892854,"Streptosporangium","Genus","Streptosporangium","d__Bacteria;p__Actinomycetota;c__Actinomycetes;o__Streptosporangiales;f__Streptosporangiaceae;g___g__Streptosporangium"
"X2000","N.MeFOSAA",0.000972631327447141,0.00116011887152293,-0.00140773597588827,0.00335299863078255,0.409173219759058,35,0.865595017654399,"Streptosporangium","Genus","Streptosporangium","d__Bacteria;p__Actinomycetota;c__Actinomycetes;o__Streptosporangiales;f__Streptosporangiaceae;g___g__Streptosporangium"
"X2000","PFHpA",-0.001262231750144,0.00103298426126495,-0.00338174038045126,0.000857276880163263,0.232296363359199,35,0.892097080658934,"Streptosporangium","Genus","Streptosporangium","d__Bacteria;p__Actinomycetota;c__Actinomycetes;o__Streptosporangiales;f__Streptosporangiaceae;g___g__Streptosporangium"
"X2000","PFBA",-0.000416890122434068,0.00118696500364675,-0.00285234113891061,0.00201856089404247,0.72814659405155,35,0.969637248815422,"Streptosporangium","Genus","Streptosporangium","d__Bacteria;p__Actinomycetota;c__Actinomycetes;o__Streptosporangiales;f__Streptosporangiaceae;g___g__Streptosporangium"
"X2000","PFDA",-0.00068003247813437,0.00109968789014785,-0.00293640564974354,0.00157634069347481,0.541502455290321,35,0.970971517462134,"Streptosporangium","Genus","Streptosporangium","d__Bacteria;p__Actinomycetota;c__Actinomycetes;o__Streptosporangiales;f__Streptosporangiaceae;g___g__Streptosporangium"
"X2019","PFDoA",-0.00171715413623119,0.00169958703301976,-0.00520441867599532,0.00177011040353294,0.321303422735743,35,0.998962962737576,"Thermomonospora","Genus","Thermomonospora","d__Bacteria;p__Actinomycetota;c__Actinomycetes;o__Streptosporangiales;f__Thermomonosporaceae;g___g__Thermomonospora"
"X2019","N.MeFOSAA",-0.00421552175623166,0.00167397226034267,-0.00765022912374424,-0.000780814388719089,0.0180261130301159,35,0.540783390903478,"Thermomonospora","Genus","Thermomonospora","d__Bacteria;p__Actinomycetota;c__Actinomycetes;o__Streptosporangiales;f__Thermomonosporaceae;g___g__Thermomonospora"
"X2019","PFHpA",0.0014576249555591,0.0016562163433677,-0.00194065027965613,0.00485590019077433,0.386575401618871,35,0.892097080658934,"Thermomonospora","Genus","Thermomonospora","d__Bacteria;p__Actinomycetota;c__Actinomycetes;o__Streptosporangiales;f__Thermomonosporaceae;g___g__Thermomonospora"
"X2019","PFBA",0.00369075282367867,0.00174415414584023,0.000112044121798073,0.00726946152555927,0.0437036548689965,35,0.904873401016219,"Thermomonospora","Genus","Thermomonospora","d__Bacteria;p__Actinomycetota;c__Actinomycetes;o__Streptosporangiales;f__Thermomonosporaceae;g___g__Thermomonospora"
"X2019","PFDA",-0.00105352816795763,0.00174131062180498,-0.00462640244044835,0.00251934610453309,0.550217193228543,35,0.970971517462134,"Thermomonospora","Genus","Thermomonospora","d__Bacteria;p__Actinomycetota;c__Actinomycetes;o__Streptosporangiales;f__Thermomonosporaceae;g___g__Thermomonospora"
"X2029","PFHpA",0.00283218729934386,0.00102178147477386,0.000735664888228627,0.0049287097104591,0.00997314165061444,35,0.373548621853485,"Kibdelosporangium","Genus","Kibdelosporangium","d__Bacteria;p__Actinomycetota;c__Actinomycetes;o__Pseudonocardiales;f__Pseudonocardiaceae;g___g__Kibdelosporangium"
"X2029","PFDoA",0.000623547564703618,0.00118760247467464,-0.00181321143428131,0.00306030656368855,0.603835400089326,35,0.998962962737576,"Kibdelosporangium","Genus","Kibdelosporangium","d__Bacteria;p__Actinomycetota;c__Actinomycetes;o__Pseudonocardiales;f__Pseudonocardiaceae;g___g__Kibdelosporangium"
"X2029","PFDA",-0.00111832556868438,0.00118926344211172,-0.00355849259134359,0.00132184145397483,0.355374831408359,35,0.87281094686592,"Kibdelosporangium","Genus","Kibdelosporangium","d__Bacteria;p__Actinomycetota;c__Actinomycetes;o__Pseudonocardiales;f__Pseudonocardiaceae;g___g__Kibdelosporangium"
"X2029","PFBA",0.00238152596602218,0.00121472670636752,-0.000110887359286277,0.00487393929133063,0.0603248934010813,35,0.904873401016219,"Kibdelosporangium","Genus","Kibdelosporangium","d__Bacteria;p__Actinomycetota;c__Actinomycetes;o__Pseudonocardiales;f__Pseudonocardiaceae;g___g__Kibdelosporangium"
"X2029","N.MeFOSAA",-0.00150882808296782,0.00124912944946718,-0.0040718300064188,0.00105417384048315,0.237558551042919,35,0.703411186168062,"Kibdelosporangium","Genus","Kibdelosporangium","d__Bacteria;p__Actinomycetota;c__Actinomycetes;o__Pseudonocardiales;f__Pseudonocardiaceae;g___g__Kibdelosporangium"
"X204286","PFBA",0.0037225768852429,0.00332491289714833,-0.00309958086176492,0.0105447346322507,0.272745028162922,35,0.923542479374682,"Cobetia","Genus","Cobetia","d__Bacteria;p__Pseudomonadota;c__Gammaproteobacteria;o__Oceanospirillales;f__Halomonadaceae;g___g__Cobetia"
"X204286","PFDoA",-0.000749967476151394,0.00312369234405318,-0.00715925475177554,0.00565931979947276,0.81207395657003,35,0.998962962737576,"Cobetia","Genus","Cobetia","d__Bacteria;p__Pseudomonadota;c__Gammaproteobacteria;o__Oceanospirillales;f__Halomonadaceae;g___g__Cobetia"
"X204286","N.MeFOSAA",-0.0037821417941935,0.00327982303578633,-0.0105117827876749,0.00294749919928791,0.258953969822563,35,0.706238099516082,"Cobetia","Genus","Cobetia","d__Bacteria;p__Pseudomonadota;c__Gammaproteobacteria;o__Oceanospirillales;f__Halomonadaceae;g___g__Cobetia"
"X204286","PFDA",-0.00194808991369799,0.00314386487767617,-0.00839876780940452,0.00450258798200854,0.540683883559616,35,0.970971517462134,"Cobetia","Genus","Cobetia","d__Bacteria;p__Pseudomonadota;c__Gammaproteobacteria;o__Oceanospirillales;f__Halomonadaceae;g___g__Cobetia"
"X204286","PFHpA",-0.00152451768291613,0.0030195910300407,-0.00772020670564377,0.00467117133981151,0.617742416332261,35,0.974313169054605,"Cobetia","Genus","Cobetia","d__Bacteria;p__Pseudomonadota;c__Gammaproteobacteria;o__Oceanospirillales;f__Halomonadaceae;g___g__Cobetia"
"X2044","PFHpA",-0.00011484317598631,0.00178921823495627,-0.00378601575111258,0.00355632939913996,0.94929480420099,35,0.974313169054605,"Pimelobacter","Genus","Pimelobacter","d__Bacteria;p__Actinomycetota;c__Actinomycetes;o__Propionibacteriales;f__Nocardioidaceae;g___g__Pimelobacter"
"X2044","PFDoA",-0.00400312057014736,0.00167572239126012,-0.00744141890968419,-0.000564822230610525,0.0241516075980488,35,0.873823102340491,"Pimelobacter","Genus","Pimelobacter","d__Bacteria;p__Actinomycetota;c__Actinomycetes;o__Propionibacteriales;f__Nocardioidaceae;g___g__Pimelobacter"
"X2044","PFDA",-0.0052267910350336,0.00157332974016778,-0.00845499700839585,-0.00199858506167135,0.0025725199551583,35,0.0771755986547491,"Pimelobacter","Genus","Pimelobacter","d__Bacteria;p__Actinomycetota;c__Actinomycetes;o__Propionibacteriales;f__Nocardioidaceae;g___g__Pimelobacter"
"X2044","PFBA",0.00148157667222862,0.0019856866022788,-0.00259271569449307,0.00555586903895031,0.462037385165488,35,0.923542479374682,"Pimelobacter","Genus","Pimelobacter","d__Bacteria;p__Actinomycetota;c__Actinomycetes;o__Propionibacteriales;f__Nocardioidaceae;g___g__Pimelobacter"
"X2044","N.MeFOSAA",-0.00459278964830381,0.00177346075845765,-0.00823163055228748,-0.000953948744320133,0.0152930478007551,35,0.540783390903478,"Pimelobacter","Genus","Pimelobacter","d__Bacteria;p__Actinomycetota;c__Actinomycetes;o__Propionibacteriales;f__Nocardioidaceae;g___g__Pimelobacter"
"X2055880","PFDA",0.00417458612670421,0.00391945437078788,-0.0038674699592304,0.0122166422126388,0.296266146141352,35,0.87281094686592,"Pseudescherichia","Genus","Pseudescherichia","d__Bacteria;p__Pseudomonadota;c__Gammaproteobacteria;o__Enterobacterales;f__Enterobacteriaceae;g___g__Pseudescherichia"
"X2055880","PFDoA",-0.00100374498180754,0.00394679351583881,-0.00910189635985212,0.00709440639623705,0.801175974318437,35,0.998962962737576,"Pseudescherichia","Genus","Pseudescherichia","d__Bacteria;p__Pseudomonadota;c__Gammaproteobacteria;o__Enterobacterales;f__Enterobacteriaceae;g___g__Pseudescherichia"
"X2055880","N.MeFOSAA",0.00278975852819489,0.00421135407858624,-0.00585122628595207,0.0114307433423419,0.51330630340555,35,0.881943801026085,"Pseudescherichia","Genus","Pseudescherichia","d__Bacteria;p__Pseudomonadota;c__Gammaproteobacteria;o__Enterobacterales;f__Enterobacteriaceae;g___g__Pseudescherichia"
"X2055880","PFHpA",0.00233984510443262,0.0038071888004095,-0.00547186105824955,0.0101515512671148,0.543973052728297,35,0.974313169054605,"Pseudescherichia","Genus","Pseudescherichia","d__Bacteria;p__Pseudomonadota;c__Gammaproteobacteria;o__Enterobacterales;f__Enterobacteriaceae;g___g__Pseudescherichia"
"X2055880","PFBA",0.00300336800336249,0.00425896547448353,-0.00573530732581876,0.0117420433325437,0.486733330712554,35,0.923542479374682,"Pseudescherichia","Genus","Pseudescherichia","d__Bacteria;p__Pseudomonadota;c__Gammaproteobacteria;o__Enterobacterales;f__Enterobacteriaceae;g___g__Pseudescherichia"
"X2304691","PFHpA",-0.00146872252309447,0.00162658202075199,-0.00480619315083157,0.00186874810464262,0.374537930786842,35,0.892097080658934,"Thermoclostridium","Genus","Thermoclostridium","d__Bacteria;p__Bacillota;c__Clostridia;o__Eubacteriales;f__Oscillospiraceae;g___g__Thermoclostridium"
"X2304691","PFDoA",0.000893239692462444,0.00169297890752529,-0.0025804660937554,0.00436694547868029,0.60207647056656,35,0.998962962737576,"Thermoclostridium","Genus","Thermoclostridium","d__Bacteria;p__Bacillota;c__Clostridia;o__Eubacteriales;f__Oscillospiraceae;g___g__Thermoclostridium"
"X2304691","PFDA",-0.00161970437269026,0.00169453861810474,-0.0050966104206719,0.00185720167529139,0.347634639951089,35,0.87281094686592,"Thermoclostridium","Genus","Thermoclostridium","d__Bacteria;p__Bacillota;c__Clostridia;o__Eubacteriales;f__Oscillospiraceae;g___g__Thermoclostridium"
"X2304691","PFBA",0.0021213591375616,0.00180531029717152,-0.00158283162189102,0.00582554989701421,0.250227268603808,35,0.923542479374682,"Thermoclostridium","Genus","Thermoclostridium","d__Bacteria;p__Bacillota;c__Clostridia;o__Eubacteriales;f__Oscillospiraceae;g___g__Thermoclostridium"
"X2304691","N.MeFOSAA",-0.00261835054573636,0.00175744470280781,-0.00622432921798405,0.000987628126511323,0.147850476866391,35,0.703411186168062,"Thermoclostridium","Genus","Thermoclostridium","d__Bacteria;p__Bacillota;c__Clostridia;o__Eubacteriales;f__Oscillospiraceae;g___g__Thermoclostridium"
"X246875","PFHpA",0.0121052306149499,0.00735053103801043,-0.00297681328117545,0.0271872745110752,0.111180321144728,35,0.892097080658934,"Algoriphagus","Genus","Algoriphagus","d__Bacteria;p__Bacteroidota;c__Cytophagia;o__Cytophagales;f__Cyclobacteriaceae;g___g__Algoriphagus"
"X246875","PFDoA",0.0132423159972382,0.00752812153581248,-0.00220411350171431,0.0286887454961907,0.0898993917020073,35,0.873823102340491,"Algoriphagus","Genus","Algoriphagus","d__Bacteria;p__Bacteroidota;c__Cytophagia;o__Cytophagales;f__Cyclobacteriaceae;g___g__Algoriphagus"
"X246875","PFDA",-0.0026771310782923,0.00803069856098578,-0.0191547634543772,0.0138005012977926,0.741435943063668,35,0.990116856585947,"Algoriphagus","Genus","Algoriphagus","d__Bacteria;p__Bacteroidota;c__Cytophagia;o__Cytophagales;f__Cyclobacteriaceae;g___g__Algoriphagus"
"X246875","PFBA",0.00586961372369861,0.00857057410605484,-0.0117157517708604,0.0234549792182577,0.49927197144194,35,0.923542479374682,"Algoriphagus","Genus","Algoriphagus","d__Bacteria;p__Bacteroidota;c__Cytophagia;o__Cytophagales;f__Cyclobacteriaceae;g___g__Algoriphagus"
"X246875","N.MeFOSAA",-0.00603653058917285,0.00845956662207134,-0.0233941275405369,0.0113210663621912,0.481613439664525,35,0.881943801026085,"Algoriphagus","Genus","Algoriphagus","d__Bacteria;p__Bacteroidota;c__Cytophagia;o__Cytophagales;f__Cyclobacteriaceae;g___g__Algoriphagus"
"X252306","N.MeFOSAA",-0.00334835242906787,0.00282469796543528,-0.00914415391438775,0.00244744905625201,0.246193915158822,35,0.703411186168062,"Robiginitalea","Genus","Robiginitalea","d__Bacteria;p__Bacteroidota;c__Flavobacteriia;o__Flavobacteriales;f__Flavobacteriaceae;g___g__Robiginitalea"
"X252306","PFDA",-0.00620972420732678,0.00245499375698978,-0.011246955315687,-0.00117249309896656,0.0175717686491084,35,0.351435372982167,"Robiginitalea","Genus","Robiginitalea","d__Bacteria;p__Bacteroidota;c__Flavobacteriia;o__Flavobacteriales;f__Flavobacteriaceae;g___g__Robiginitalea"
"X252306","PFHpA",-0.00255617081137687,0.0025696325019331,-0.00782862119498279,0.00271627957222904,0.328684442266571,35,0.892097080658934,"Robiginitalea","Genus","Robiginitalea","d__Bacteria;p__Bacteroidota;c__Flavobacteriia;o__Flavobacteriales;f__Flavobacteriaceae;g___g__Robiginitalea"
"X252306","PFBA",-0.00468702454033976,0.00279100100487161,-0.0104136855736625,0.00103963649298295,0.104624235171035,35,0.923542479374682,"Robiginitalea","Genus","Robiginitalea","d__Bacteria;p__Bacteroidota;c__Flavobacteriia;o__Flavobacteriales;f__Flavobacteriaceae;g___g__Robiginitalea"
"X252306","PFDoA",-0.00381278636523782,0.00259493345934843,-0.00913715002536468,0.00151157729488903,0.153302676947995,35,0.89160024365918,"Robiginitalea","Genus","Robiginitalea","d__Bacteria;p__Bacteroidota;c__Flavobacteriia;o__Flavobacteriales;f__Flavobacteriaceae;g___g__Robiginitalea"
"X261963","PFHpA",6.52320029444448e-05,0.00200719999112739,-0.00405320219152969,0.00418366619741858,0.974313169054605,35,0.974313169054605,"Kangiella","Genus","Kangiella","d__Bacteria;p__Pseudomonadota;c__Gammaproteobacteria;o__Kangiellales;f__Kangiellaceae;g___g__Kangiella"
"X261963","PFBA",0.000232529844207847,0.00224987965079023,-0.00438384188169156,0.00484890157010725,0.918447358263553,35,0.98377046887326,"Kangiella","Genus","Kangiella","d__Bacteria;p__Pseudomonadota;c__Gammaproteobacteria;o__Kangiellales;f__Kangiellaceae;g___g__Kangiella"
"X261963","PFDoA",-0.00316051459667771,0.00197748279189034,-0.00721797413489294,0.000896944941537518,0.121625659996732,35,0.873823102340491,"Kangiella","Genus","Kangiella","d__Bacteria;p__Pseudomonadota;c__Gammaproteobacteria;o__Kangiellales;f__Kangiellaceae;g___g__Kangiella"
"X261963","N.MeFOSAA",0.000604310550905216,0.00221975662490243,-0.00395025383122887,0.0051588749330393,0.78750723939515,35,0.978207254075327,"Kangiella","Genus","Kangiella","d__Bacteria;p__Pseudomonadota;c__Gammaproteobacteria;o__Kangiellales;f__Kangiellaceae;g___g__Kangiella"
"X261963","PFDA",-0.00254419120933137,0.00203676532863366,-0.0067232884655309,0.00163490604686817,0.222337815233928,35,0.837109561543003,"Kangiella","Genus","Kangiella","d__Bacteria;p__Pseudomonadota;c__Gammaproteobacteria;o__Kangiellales;f__Kangiellaceae;g___g__Kangiella"
"X2698753","PFHpA",0.000221736883076958,0.001382272470473,-0.00261445195393013,0.00305792572008405,0.873748541924037,35,0.974313169054605,"Fluviispira","Genus","Fluviispira","d__Bacteria;p__Bdellovibrionota;c__Oligoflexia;o__Silvanigrellales;f__Silvanigrellaceae;g___g__Fluviispira"
"X2698753","PFDoA",0.00168565866441261,0.00138801585936227,-0.00116231463318551,0.00453363196201073,0.235095823804966,35,0.962751081527076,"Fluviispira","Genus","Fluviispira","d__Bacteria;p__Bdellovibrionota;c__Oligoflexia;o__Silvanigrellales;f__Silvanigrellaceae;g___g__Fluviispira"
"X2698753","PFDA",-0.000220921077451978,0.0014426254902354,-0.00318094408216929,0.00273910192726534,0.879428056316164,35,0.990116856585947,"Fluviispira","Genus","Fluviispira","d__Bacteria;p__Bdellovibrionota;c__Oligoflexia;o__Silvanigrellales;f__Silvanigrellaceae;g___g__Fluviispira"
"X2698753","PFBA",0.00140831605292429,0.0015265364494504,-0.0017238780185775,0.00454051012442608,0.364409535054364,35,0.923542479374682,"Fluviispira","Genus","Fluviispira","d__Bacteria;p__Bdellovibrionota;c__Oligoflexia;o__Silvanigrellales;f__Silvanigrellaceae;g___g__Fluviispira"
"X2698753","N.MeFOSAA",-0.00116933118988163,0.0015148227972108,-0.00427749083225878,0.00193882845249552,0.446862422718462,35,0.865595017654399,"Fluviispira","Genus","Fluviispira","d__Bacteria;p__Bdellovibrionota;c__Oligoflexia;o__Silvanigrellales;f__Silvanigrellaceae;g___g__Fluviispira"
"X2733","PFHpA",-0.0044666472866697,0.0122642792160587,-0.0296308696448139,0.0206975750714745,0.718545608605347,35,0.974313169054605,"Symbiobacterium","Genus","Symbiobacterium","d__Bacteria;p__Bacillota;c__Clostridia;o__Eubacteriales;f__Symbiobacteriaceae;g___g__Symbiobacterium"
"X2733","PFDoA",0.00046895884296986,0.0126717906421712,-0.0255314078950863,0.026469325581026,0.970750821062358,35,0.998962962737576,"Symbiobacterium","Genus","Symbiobacterium","d__Bacteria;p__Bacillota;c__Clostridia;o__Eubacteriales;f__Symbiobacteriaceae;g___g__Symbiobacterium"
"X2733","PFDA",0.00159156189133326,0.0128269679887712,-0.0247272024619432,0.0279103262446097,0.902171581817511,35,0.990116856585947,"Symbiobacterium","Genus","Symbiobacterium","d__Bacteria;p__Bacillota;c__Clostridia;o__Eubacteriales;f__Symbiobacteriaceae;g___g__Symbiobacterium"
"X2733","PFBA",-0.00562391456790671,0.0137407086110001,-0.0338175198140202,0.0225696906782067,0.685556707771302,35,0.969637248815422,"Symbiobacterium","Genus","Symbiobacterium","d__Bacteria;p__Bacillota;c__Clostridia;o__Eubacteriales;f__Symbiobacteriaceae;g___g__Symbiobacterium"
"X2733","N.MeFOSAA",0.00862045500164656,0.0135132304778413,-0.0191064036690196,0.0363473136723128,0.528894845201945,35,0.881943801026085,"Symbiobacterium","Genus","Symbiobacterium","d__Bacteria;p__Bacillota;c__Clostridia;o__Eubacteriales;f__Symbiobacteriaceae;g___g__Symbiobacterium"
"X2755140","PFHpA",-0.001980470310817,0.00253894116286895,-0.00718994726833946,0.00322900664670545,0.442153400678907,35,0.91480013933567,"Pseudoleptotrichia","Genus","Pseudoleptotrichia","d__Bacteria;p__Fusobacteriota;c__Fusobacteriia;o__Fusobacteriales;f__Leptotrichiaceae;g___g__Pseudoleptotrichia"
"X2755140","PFDoA",0.000873048483472962,0.00264093374268045,-0.00454569996176128,0.0062917969287072,0.743510986160542,35,0.998962962737576,"Pseudoleptotrichia","Genus","Pseudoleptotrichia","d__Bacteria;p__Fusobacteriota;c__Fusobacteriia;o__Fusobacteriales;f__Leptotrichiaceae;g___g__Pseudoleptotrichia"
"X2755140","PFDA",-0.000466147290938573,0.00267787243411549,-0.00596068767049808,0.00502839308862093,0.863106132420034,35,0.990116856585947,"Pseudoleptotrichia","Genus","Pseudoleptotrichia","d__Bacteria;p__Fusobacteriota;c__Fusobacteriia;o__Fusobacteriales;f__Leptotrichiaceae;g___g__Pseudoleptotrichia"
"X2755140","PFBA",0.00199616157835091,0.00285256029359942,-0.00385680868215635,0.00784913183885816,0.490051171687188,35,0.923542479374682,"Pseudoleptotrichia","Genus","Pseudoleptotrichia","d__Bacteria;p__Fusobacteriota;c__Fusobacteriia;o__Fusobacteriales;f__Leptotrichiaceae;g___g__Pseudoleptotrichia"
"X2755140","N.MeFOSAA",-0.00302259945687513,0.00278296374841371,-0.00873276940212874,0.00268757048837848,0.287033209016804,35,0.724737605125574,"Pseudoleptotrichia","Genus","Pseudoleptotrichia","d__Bacteria;p__Fusobacteriota;c__Fusobacteriia;o__Fusobacteriales;f__Leptotrichiaceae;g___g__Pseudoleptotrichia"
"X2767353","N.MeFOSAA",0.0135874123768396,0.00807948110356489,-0.00299031350878064,0.0301651382624599,0.104156139980755,35,0.703411186168062,"Lancefieldella","Genus","Lancefieldella","d__Bacteria;p__Actinomycetota;c__Coriobacteriia;o__Coriobacteriales;f__Atopobiaceae;g___g__Lancefieldella"
"X2767353","PFDA",0.010658201665062,0.00773572033122288,-0.00521418537749808,0.0265305887076221,0.179581390107624,35,0.837109561543003,"Lancefieldella","Genus","Lancefieldella","d__Bacteria;p__Actinomycetota;c__Coriobacteriia;o__Coriobacteriales;f__Atopobiaceae;g___g__Lancefieldella"
"X2767353","PFHpA",-0.00930144656803108,0.00745670077373529,-0.0246013327678433,0.00599843963178114,0.222964498157522,35,0.892097080658934,"Lancefieldella","Genus","Lancefieldella","d__Bacteria;p__Actinomycetota;c__Coriobacteriia;o__Coriobacteriales;f__Atopobiaceae;g___g__Lancefieldella"
"X2767353","PFBA",-0.00312903218724739,0.00857613348594384,-0.0207258045871154,0.0144677402126206,0.718063129001699,35,0.969637248815422,"Lancefieldella","Genus","Lancefieldella","d__Bacteria;p__Actinomycetota;c__Coriobacteriia;o__Coriobacteriales;f__Atopobiaceae;g___g__Lancefieldella"
"X2767353","PFDoA",0.000770142222461247,0.00790278047705762,-0.0154450239254102,0.0169853083703327,0.923087235022673,35,0.998962962737576,"Lancefieldella","Genus","Lancefieldella","d__Bacteria;p__Actinomycetota;c__Coriobacteriia;o__Coriobacteriales;f__Atopobiaceae;g___g__Lancefieldella"
"X2781120","PFHpA",-0.00391481518315056,0.0061719163575616,-0.0165785415107593,0.00874891114445818,0.531226342017595,35,0.974313169054605,"Thiosulfativibrio","Genus","Thiosulfativibrio","d__Bacteria;p__Pseudomonadota;c__Gammaproteobacteria;o__Thiotrichales;f__Piscirickettsiaceae;g___g__Thiosulfativibrio"
"X2781120","PFDoA",0.00245689829516396,0.0063913042415744,-0.0106569747878083,0.0155707713781362,0.703683726421681,35,0.998962962737576,"Thiosulfativibrio","Genus","Thiosulfativibrio","d__Bacteria;p__Pseudomonadota;c__Gammaproteobacteria;o__Thiotrichales;f__Piscirickettsiaceae;g___g__Thiosulfativibrio"
"X2781120","PFDA",8.11258658714254e-05,0.00648891744903935,-0.0132330329749889,0.0133952847067318,0.990116856585947,35,0.990116856585947,"Thiosulfativibrio","Genus","Thiosulfativibrio","d__Bacteria;p__Pseudomonadota;c__Gammaproteobacteria;o__Thiotrichales;f__Piscirickettsiaceae;g___g__Thiosulfativibrio"
"X2781120","PFBA",-0.00191717645850673,0.00696095333275907,-0.0161998729304569,0.0123655200134435,0.78509147101317,35,0.98377046887326,"Thiosulfativibrio","Genus","Thiosulfativibrio","d__Bacteria;p__Pseudomonadota;c__Gammaproteobacteria;o__Thiotrichales;f__Piscirickettsiaceae;g___g__Thiosulfativibrio"
"X2781120","N.MeFOSAA",-0.00191193594082786,0.00687562804198862,-0.0160195593773477,0.012195687495692,0.78307367452207,35,0.978207254075327,"Thiosulfativibrio","Genus","Thiosulfativibrio","d__Bacteria;p__Pseudomonadota;c__Gammaproteobacteria;o__Thiotrichales;f__Piscirickettsiaceae;g___g__Thiosulfativibrio"
"X2792240","PFDoA",0.00180906244752842,0.0031943353989861,-0.00474517240398448,0.00836329729904133,0.575844052216085,35,0.998962962737576,"Thiospirochaeta","Genus","Thiospirochaeta","d__Bacteria;p__Spirochaetota;c__Spirochaetia;o__Spirochaetales;f__Spirochaetaceae;g___g__Thiospirochaeta"
"X2792240","N.MeFOSAA",-0.00176416537094131,0.00343552449458319,-0.00881327936904261,0.00528494862715998,0.611773610981349,35,0.881943801026085,"Thiospirochaeta","Genus","Thiospirochaeta","d__Bacteria;p__Spirochaetota;c__Spirochaetia;o__Spirochaetales;f__Spirochaetaceae;g___g__Thiospirochaeta"
"X2792240","PFHpA",0.00364002862857216,0.00303774142417898,-0.00259290192673455,0.00987295918387886,0.241225398234769,35,0.892097080658934,"Thiospirochaeta","Genus","Thiospirochaeta","d__Bacteria;p__Spirochaetota;c__Spirochaetia;o__Spirochaetales;f__Spirochaetaceae;g___g__Thiospirochaeta"
"X2792240","PFBA",0.00042349764219964,0.00349405648210528,-0.00674571407408972,0.007592709358489,0.904426084676289,35,0.98377046887326,"Thiospirochaeta","Genus","Thiospirochaeta","d__Bacteria;p__Spirochaetota;c__Spirochaetia;o__Spirochaetales;f__Spirochaetaceae;g___g__Thiospirochaeta"
"X2792240","PFDA",-0.002809325904322,0.00320820875993157,-0.00939202654118897,0.00377337473254497,0.388934484474595,35,0.87281094686592,"Thiospirochaeta","Genus","Thiospirochaeta","d__Bacteria;p__Spirochaetota;c__Spirochaetia;o__Spirochaetales;f__Spirochaetaceae;g___g__Thiospirochaeta"
"X2847307","PFHpA",-0.00457021265298889,0.00170663360855733,-0.0080719355714777,-0.00106848973450009,0.0124516207284495,35,0.373548621853485,"Thermophilibacter","Genus","Thermophilibacter","d__Bacteria;p__Actinomycetota;c__Coriobacteriia;o__Coriobacteriales;f__Atopobiaceae;g___g__Thermophilibacter"
"X2847307","PFDoA",0.00149336261376101,0.00195795395325914,-0.00252402705739931,0.00551075228492133,0.452245413207302,35,0.998962962737576,"Thermophilibacter","Genus","Thermophilibacter","d__Bacteria;p__Actinomycetota;c__Coriobacteriia;o__Coriobacteriales;f__Atopobiaceae;g___g__Thermophilibacter"
"X2847307","PFDA",-0.00121894209169406,0.00198990872621711,-0.00530189754115673,0.00286401335776862,0.545291273492632,35,0.970971517462134,"Thermophilibacter","Genus","Thermophilibacter","d__Bacteria;p__Actinomycetota;c__Coriobacteriia;o__Coriobacteriales;f__Atopobiaceae;g___g__Thermophilibacter"
"X2847307","PFBA",0.000710481357339214,0.0021481103398326,-0.00369707699069615,0.00511803970537458,0.743388557425157,35,0.969637248815422,"Thermophilibacter","Genus","Thermophilibacter","d__Bacteria;p__Actinomycetota;c__Coriobacteriia;o__Coriobacteriales;f__Atopobiaceae;g___g__Thermophilibacter"
"X2847307","N.MeFOSAA",-0.00275146332961618,0.00205913642505423,-0.00697646228413856,0.0014735356249062,0.19262992778233,35,0.703411186168062,"Thermophilibacter","Genus","Thermophilibacter","d__Bacteria;p__Actinomycetota;c__Coriobacteriia;o__Coriobacteriales;f__Atopobiaceae;g___g__Thermophilibacter"
"X2892397","PFBA",0.000445164997517138,0.0028200509993134,-0.00534110170090482,0.0062314316959391,0.87574409816369,35,0.98377046887326,"Pusillibacter","Genus","Pusillibacter","d__Bacteria;p__Bacillota;c__Clostridia;o__Eubacteriales;f__Oscillospiraceae;g___g__Pusillibacter"
"X2892397","PFDoA",0.00159070019224363,0.00257577700204022,-0.00369435766419059,0.00687575804867784,0.542038551608695,35,0.998962962737576,"Pusillibacter","Genus","Pusillibacter","d__Bacteria;p__Bacillota;c__Clostridia;o__Eubacteriales;f__Oscillospiraceae;g___g__Pusillibacter"
"X2892397","N.MeFOSAA",0.00136797373087029,0.00277438143211334,-0.00432458675589613,0.00706053421763671,0.625947227434566,35,0.881943801026085,"Pusillibacter","Genus","Pusillibacter","d__Bacteria;p__Bacillota;c__Clostridia;o__Eubacteriales;f__Oscillospiraceae;g___g__Pusillibacter"
"X2892397","PFDA",-0.00291979012402441,0.00256553602303193,-0.00818383522721079,0.00234425497916196,0.265084694488618,35,0.837109561543003,"Pusillibacter","Genus","Pusillibacter","d__Bacteria;p__Bacillota;c__Clostridia;o__Eubacteriales;f__Oscillospiraceae;g___g__Pusillibacter"
"X2892397","PFHpA",-0.000456793304858001,0.00251504699172211,-0.00561724347285537,0.00470365686313936,0.857234337267713,35,0.974313169054605,"Pusillibacter","Genus","Pusillibacter","d__Bacteria;p__Bacillota;c__Clostridia;o__Eubacteriales;f__Oscillospiraceae;g___g__Pusillibacter"
"X2894574","PFHpA",-0.000510937026945342,0.00192414167492011,-0.0044589496335779,0.00343707557968722,0.792610358856666,35,0.974313169054605,"Saccharobesus","Genus","Saccharobesus","d__Bacteria;p__Pseudomonadota;c__Gammaproteobacteria;o__Alteromonadales;f__Alteromonadaceae;g___g__Saccharobesus"
"X2894574","PFDoA",-0.000702306516203162,0.0019812440944679,-0.00476748360982875,0.00336287057742243,0.725734715519447,35,0.998962962737576,"Saccharobesus","Genus","Saccharobesus","d__Bacteria;p__Pseudomonadota;c__Gammaproteobacteria;o__Alteromonadales;f__Alteromonadaceae;g___g__Saccharobesus"
"X2894574","PFDA",0.00121546354556644,0.00199703667033463,-0.00288211723715632,0.0053130443282892,0.547854194997686,35,0.970971517462134,"Saccharobesus","Genus","Saccharobesus","d__Bacteria;p__Pseudomonadota;c__Gammaproteobacteria;o__Alteromonadales;f__Alteromonadaceae;g___g__Saccharobesus"
"X2894574","PFBA",0.00177463333762719,0.002132806980135,-0.00260152510997595,0.00615079178523034,0.412671552636066,35,0.923542479374682,"Saccharobesus","Genus","Saccharobesus","d__Bacteria;p__Pseudomonadota;c__Gammaproteobacteria;o__Alteromonadales;f__Alteromonadaceae;g___g__Saccharobesus"
"X2894574","N.MeFOSAA",-0.00090462173723383,0.00212644530530839,-0.00526772710629183,0.00345848363182417,0.673905878887731,35,0.918962562119634,"Saccharobesus","Genus","Saccharobesus","d__Bacteria;p__Pseudomonadota;c__Gammaproteobacteria;o__Alteromonadales;f__Alteromonadaceae;g___g__Saccharobesus"
"X349742","N.MeFOSAA",-0.00146334076663866,0.0026624028580709,-0.00692614019799286,0.00399945866471554,0.587090057427757,35,0.881943801026085,"Sedimenticola","Genus","Sedimenticola","d__Bacteria;p__Pseudomonadota;c__Gammaproteobacteria;o__;f__;g___g__Sedimenticola"
"X349742","PFDA",0.00131233631550117,0.00251040171971732,-0.00383858254163941,0.00646325517264176,0.605405249518151,35,0.990116856585947,"Sedimenticola","Genus","Sedimenticola","d__Bacteria;p__Pseudomonadota;c__Gammaproteobacteria;o__;f__;g___g__Sedimenticola"
"X349742","PFHpA",0.00142577609400357,0.00240200037608041,-0.00350272157823534,0.00635427376624248,0.557734450953016,35,0.974313169054605,"Sedimenticola","Genus","Sedimenticola","d__Bacteria;p__Pseudomonadota;c__Gammaproteobacteria;o__;f__;g___g__Sedimenticola"
"X349742","PFBA",0.000965992350692289,0.00270402343801794,-0.00458220545671085,0.00651419015809543,0.723687449890053,35,0.969637248815422,"Sedimenticola","Genus","Sedimenticola","d__Bacteria;p__Pseudomonadota;c__Gammaproteobacteria;o__;f__;g___g__Sedimenticola"
"X349742","PFDoA",-0.00202118476122454,0.00246135728316084,-0.00707147274677495,0.00302910322432587,0.41874320500144,35,0.998962962737576,"Sedimenticola","Genus","Sedimenticola","d__Bacteria;p__Pseudomonadota;c__Gammaproteobacteria;o__;f__;g___g__Sedimenticola"
"X41707","PFHpA",-0.000559587715225937,0.00142118123201104,-0.00347561073651523,0.00235643530606335,0.696859269175942,35,0.974313169054605,"Lawsonia","Genus","Lawsonia","d__Bacteria;p__Thermodesulfobacteriota;c__Desulfovibrionia;o__Desulfovibrionales;f__Desulfovibrionaceae;g___g__Lawsonia"
"X41707","PFDoA",0.00103274028897068,0.00145553986446638,-0.00195378082289501,0.00401926140083638,0.484082192409481,35,0.998962962737576,"Lawsonia","Genus","Lawsonia","d__Bacteria;p__Thermodesulfobacteriota;c__Desulfovibrionia;o__Desulfovibrionales;f__Desulfovibrionaceae;g___g__Lawsonia"
"X41707","PFDA",-0.00228572093119083,0.00142088896752534,-0.00520114427528949,0.000629702412907818,0.119323762094603,35,0.795491747297355,"Lawsonia","Genus","Lawsonia","d__Bacteria;p__Thermodesulfobacteriota;c__Desulfovibrionia;o__Desulfovibrionales;f__Desulfovibrionaceae;g___g__Lawsonia"
"X41707","PFBA",0.000555608028232774,0.001594278646224,-0.00271558154986251,0.00382679760632806,0.73016667699467,35,0.969637248815422,"Lawsonia","Genus","Lawsonia","d__Bacteria;p__Thermodesulfobacteriota;c__Desulfovibrionia;o__Desulfovibrionales;f__Desulfovibrionaceae;g___g__Lawsonia"
"X41707","N.MeFOSAA",-0.00273054307993325,0.0014882680307288,-0.00578421684208462,0.000323130682218118,0.0775900879009701,35,0.66505789629403,"Lawsonia","Genus","Lawsonia","d__Bacteria;p__Thermodesulfobacteriota;c__Desulfovibrionia;o__Desulfovibrionales;f__Desulfovibrionaceae;g___g__Lawsonia"
"X42255","PFDoA",-0.00599779245056226,0.00290993192666591,-0.0119684795785756,-2.71053225488786e-05,0.049039831027305,35,0.873823102340491,"Rubrobacter","Genus","Rubrobacter","d__Bacteria;p__Actinomycetota;c__Rubrobacteria;o__Rubrobacterales;f__Rubrobacteraceae;g___g__Rubrobacter"
"X42255","N.MeFOSAA",-0.00500024258090638,0.00322275553118578,-0.011612790726949,0.00161230556513624,0.132415652145031,35,0.703411186168062,"Rubrobacter","Genus","Rubrobacter","d__Bacteria;p__Actinomycetota;c__Rubrobacteria;o__Rubrobacterales;f__Rubrobacteraceae;g___g__Rubrobacter"
"X42255","PFHpA",-0.00330157539332435,0.00296998038210509,-0.00939547177467535,0.00279232098802664,0.276090156519006,35,0.892097080658934,"Rubrobacter","Genus","Rubrobacter","d__Bacteria;p__Actinomycetota;c__Rubrobacteria;o__Rubrobacterales;f__Rubrobacteraceae;g___g__Rubrobacter"
"X42255","PFBA",0.000567221581877113,0.00340325274942889,-0.00641567626469651,0.00755011942845074,0.868871306727373,35,0.98377046887326,"Rubrobacter","Genus","Rubrobacter","d__Bacteria;p__Actinomycetota;c__Rubrobacteria;o__Rubrobacterales;f__Rubrobacteraceae;g___g__Rubrobacter"
"X42255","PFDA",-0.00382539962243692,0.00308298144238699,-0.010151155027669,0.00250035578279512,0.225348989788771,35,0.837109561543003,"Rubrobacter","Genus","Rubrobacter","d__Bacteria;p__Actinomycetota;c__Rubrobacteria;o__Rubrobacterales;f__Rubrobacteraceae;g___g__Rubrobacter"
"X44","N.MeFOSAA",-0.000217836903404465,0.00177027214150914,-0.00385013530582783,0.0034144614990189,0.902976725634031,35,0.978207254075327,"Melittangium","Genus","Melittangium","d__Bacteria;p__Myxococcota;c__Myxococcia;o__Myxococcales;f__Archangiaceae;g___g__Melittangium"
"X44","PFDA",0.000598454242541089,0.00166481176558854,-0.0028174573422889,0.00401436582737108,0.722037850677257,35,0.990116856585947,"Melittangium","Genus","Melittangium","d__Bacteria;p__Myxococcota;c__Myxococcia;o__Myxococcales;f__Archangiaceae;g___g__Melittangium"
"X44","PFHpA",-0.00216923748578348,0.00154358648646897,-0.0053364153435471,0.000997940371980144,0.171327822426589,35,0.892097080658934,"Melittangium","Genus","Melittangium","d__Bacteria;p__Myxococcota;c__Myxococcia;o__Myxococcales;f__Archangiaceae;g___g__Melittangium"
"X44","PFBA",0.00150854811247098,0.00176903039428191,-0.00212120243509779,0.00513829866003976,0.401297217364977,35,0.923542479374682,"Melittangium","Genus","Melittangium","d__Bacteria;p__Myxococcota;c__Myxococcia;o__Myxococcales;f__Archangiaceae;g___g__Melittangium"
"X44","PFDoA",0.00183273363707901,0.00160999196998315,-0.00147069701822063,0.00513616429237865,0.264974914382183,35,0.978146533892854,"Melittangium","Genus","Melittangium","d__Bacteria;p__Myxococcota;c__Myxococcia;o__Myxococcales;f__Archangiaceae;g___g__Melittangium"
"X441","PFDA",0.003563594024428,0.0019398680932947,-0.000416686527340484,0.00754387457619649,0.0772371874023535,35,0.766525662517936,"Gluconobacter","Genus","Gluconobacter","d__Bacteria;p__Pseudomonadota;c__Alphaproteobacteria;o__Rhodospirillales;f__Acetobacteraceae;g___g__Gluconobacter"
"X441","PFDoA",0.00280642306016802,0.0019590226113582,-0.00121315931629162,0.00682600543662767,0.16346004467085,35,0.89160024365918,"Gluconobacter","Genus","Gluconobacter","d__Bacteria;p__Pseudomonadota;c__Alphaproteobacteria;o__Rhodospirillales;f__Acetobacteraceae;g___g__Gluconobacter"
"X441","N.MeFOSAA",0.00453727479915198,0.00200103971883755,0.000431480439351956,0.008643069158952,0.0315787057116903,35,0.631574114233805,"Gluconobacter","Genus","Gluconobacter","d__Bacteria;p__Pseudomonadota;c__Alphaproteobacteria;o__Rhodospirillales;f__Acetobacteraceae;g___g__Gluconobacter"
"X441","PFHpA",-0.000987837794224336,0.00196234792615382,-0.00501424315305854,0.00303856756460986,0.618768374737218,35,0.974313169054605,"Gluconobacter","Genus","Gluconobacter","d__Bacteria;p__Pseudomonadota;c__Alphaproteobacteria;o__Rhodospirillales;f__Acetobacteraceae;g___g__Gluconobacter"
"X441","PFBA",0.00304470494310485,0.00213121317485454,-0.00132818328618653,0.00741759317239623,0.164579259180112,35,0.923542479374682,"Gluconobacter","Genus","Gluconobacter","d__Bacteria;p__Pseudomonadota;c__Alphaproteobacteria;o__Rhodospirillales;f__Acetobacteraceae;g___g__Gluconobacter"
"X44249","PFHpA",0.00031426347913822,0.00337984874881209,-0.00662061332476214,0.00724914028303858,0.926604764448307,35,0.974313169054605,"Paenibacillus","Genus","Paenibacillus","d__Bacteria;p__Bacillota;c__Bacilli;o__Bacillales;f__Paenibacillaceae;g___g__Paenibacillus"
"X44249","PFDoA",-0.000949464993682508,0.00347945776500278,-0.00808872261671951,0.00618979262935449,0.787023828535463,35,0.998962962737576,"Paenibacillus","Genus","Paenibacillus","d__Bacteria;p__Bacillota;c__Bacilli;o__Bacillales;f__Paenibacillaceae;g___g__Paenibacillus"
"X44249","PFDA",0.00353172518052145,0.00346174252626848,-0.00357118377507376,0.0106346341361167,0.316680972686717,35,0.87281094686592,"Paenibacillus","Genus","Paenibacillus","d__Bacteria;p__Bacillota;c__Bacilli;o__Bacillales;f__Paenibacillaceae;g___g__Paenibacillus"
"X44249","PFBA",-0.000307692265514374,0.00378930708874942,-0.0080827081865255,0.00746732365549675,0.935881722557818,35,0.98377046887326,"Paenibacillus","Genus","Paenibacillus","d__Bacteria;p__Bacillota;c__Bacilli;o__Bacillales;f__Paenibacillaceae;g___g__Paenibacillus"
"X44249","N.MeFOSAA",1.08036979576418e-06,0.00374341747455384,-0.00767977784041937,0.0076819385800109,0.999771848200508,35,0.999771848200508,"Paenibacillus","Genus","Paenibacillus","d__Bacteria;p__Bacillota;c__Bacilli;o__Bacillales;f__Paenibacillaceae;g___g__Paenibacillus"
"X447237","PFHpA",0.0178153347280541,0.00965990581344158,-0.00200515480629062,0.0376358242623989,0.0761454469448013,35,0.892097080658934,"Frondihabitans","Genus","Frondihabitans","d__Bacteria;p__Actinomycetota;c__Actinomycetes;o__Micrococcales;f__Microbacteriaceae;g___g__Frondihabitans"
"X447237","PFDoA",-0.00647322979023295,0.0104915462296596,-0.0280001045093122,0.0150536449288463,0.542406588078079,35,0.998962962737576,"Frondihabitans","Genus","Frondihabitans","d__Bacteria;p__Actinomycetota;c__Actinomycetes;o__Micrococcales;f__Microbacteriaceae;g___g__Frondihabitans"
"X447237","PFDA",-0.00110323856301985,0.0106953003763311,-0.0230481822580991,0.0208417051320594,0.918604917111104,35,0.990116856585947,"Frondihabitans","Genus","Frondihabitans","d__Bacteria;p__Actinomycetota;c__Actinomycetes;o__Micrococcales;f__Microbacteriaceae;g___g__Frondihabitans"
"X447237","PFBA",0.00471472811639545,0.0114557884526269,-0.018790608221047,0.0282200644538379,0.683911806642243,35,0.969637248815422,"Frondihabitans","Genus","Frondihabitans","d__Bacteria;p__Actinomycetota;c__Actinomycetes;o__Micrococcales;f__Microbacteriaceae;g___g__Frondihabitans"
"X447237","N.MeFOSAA",-0.0139707671132837,0.0110280900301407,-0.0365985387756185,0.00865700454905106,0.216033789903367,35,0.703411186168062,"Frondihabitans","Genus","Frondihabitans","d__Bacteria;p__Actinomycetota;c__Actinomycetes;o__Micrococcales;f__Microbacteriaceae;g___g__Frondihabitans"
"X543311","N.MeFOSAA",0.000810805679866324,0.00167082927512679,-0.00261745281466747,0.00423906417440011,0.631398237088009,35,0.881943801026085,"Parvimonas","Genus","Parvimonas","d__Bacteria;p__Bacillota;c__Tissierellia;o__Tissierellales;f__Peptoniphilaceae;g___g__Parvimonas"
"X543311","PFDA",-0.000141159810714663,0.00158122555343764,-0.00338556665469644,0.00310324703326711,0.929524342144665,35,0.990116856585947,"Parvimonas","Genus","Parvimonas","d__Bacteria;p__Bacillota;c__Tissierellia;o__Tissierellales;f__Peptoniphilaceae;g___g__Parvimonas"
"X543311","PFHpA",0.000231804372833403,0.00151470488529121,-0.00287611333426886,0.00333972207993567,0.879507878958105,35,0.974313169054605,"Parvimonas","Genus","Parvimonas","d__Bacteria;p__Bacillota;c__Tissierellia;o__Tissierellales;f__Peptoniphilaceae;g___g__Parvimonas"
"X543311","PFBA",-0.0015201553761562,0.00167349948194652,-0.00495389268252803,0.00191358193021562,0.371720292693442,35,0.923542479374682,"Parvimonas","Genus","Parvimonas","d__Bacteria;p__Bacillota;c__Tissierellia;o__Tissierellales;f__Peptoniphilaceae;g___g__Parvimonas"
"X543311","PFDoA",-0.00240740813460733,0.00149162510464328,-0.00546797004346252,0.000653153774247851,0.118166319920703,35,0.873823102340491,"Parvimonas","Genus","Parvimonas","d__Bacteria;p__Bacillota;c__Tissierellia;o__Tissierellales;f__Peptoniphilaceae;g___g__Parvimonas"
"X60919","PFHpA",0.00144200348171074,0.00223252200878352,-0.00313875330462515,0.00602276026804664,0.523791252316376,35,0.974313169054605,"Sanguibacter","Genus","Sanguibacter","d__Bacteria;p__Actinomycetota;c__Actinomycetes;o__Micrococcales;f__Sanguibacteraceae;g___g__Sanguibacter"
"X60919","PFDoA",-4.38099071433218e-05,0.00231881093939035,-0.00480161695453276,0.00471399714024612,0.985065182060469,35,0.998962962737576,"Sanguibacter","Genus","Sanguibacter","d__Bacteria;p__Actinomycetota;c__Actinomycetes;o__Micrococcales;f__Sanguibacteraceae;g___g__Sanguibacter"
"X60919","PFDA",-0.000426949999963896,0.0023463936970255,-0.0052413521911978,0.00438745219127001,0.856973288040165,35,0.990116856585947,"Sanguibacter","Genus","Sanguibacter","d__Bacteria;p__Actinomycetota;c__Actinomycetes;o__Micrococcales;f__Sanguibacteraceae;g___g__Sanguibacter"
"X60919","PFBA",0.000498511198765747,0.00252032767773095,-0.00467277404193252,0.00566979643946401,0.844686173683833,35,0.98377046887326,"Sanguibacter","Genus","Sanguibacter","d__Bacteria;p__Actinomycetota;c__Actinomycetes;o__Micrococcales;f__Sanguibacteraceae;g___g__Sanguibacter"
"X60919","N.MeFOSAA",0.000962654438812581,0.00248440685317332,-0.00413492735788118,0.00606023623550635,0.701439694927365,35,0.925406054202919,"Sanguibacter","Genus","Sanguibacter","d__Bacteria;p__Actinomycetota;c__Actinomycetes;o__Micrococcales;f__Sanguibacteraceae;g___g__Sanguibacter"
"X74385","PFHpA",-0.00295505633548922,0.00323812870868736,-0.00959914763626485,0.00368903496528641,0.369539708604017,35,0.892097080658934,"Gracilibacillus","Genus","Gracilibacillus","d__Bacteria;p__Bacillota;c__Bacilli;o__Bacillales;f__Bacillaceae;g___g__Gracilibacillus"
"X74385","PFDoA",0.00219376126052088,0.00336230059833468,-0.00470510971272214,0.0090926322337639,0.51962230355934,35,0.998962962737576,"Gracilibacillus","Genus","Gracilibacillus","d__Bacteria;p__Bacillota;c__Bacilli;o__Bacillales;f__Bacillaceae;g___g__Gracilibacillus"
"X74385","PFDA",0.000169122602845647,0.00343093730658085,-0.00687057926292762,0.00720882446861891,0.96104831498188,35,0.990116856585947,"Gracilibacillus","Genus","Gracilibacillus","d__Bacteria;p__Bacillota;c__Bacilli;o__Bacillales;f__Bacillaceae;g___g__Gracilibacillus"
"X74385","PFBA",0.000216004102415289,0.00368560787943117,-0.00734623861638178,0.00777824682121236,0.953696390466011,35,0.98377046887326,"Gracilibacillus","Genus","Gracilibacillus","d__Bacteria;p__Bacillota;c__Bacilli;o__Bacillales;f__Bacillaceae;g___g__Gracilibacillus"
"X74385","N.MeFOSAA",-0.00136721073983852,0.00363124081676068,-0.00881790146035688,0.00608347998067983,0.709477974888904,35,0.925406054202919,"Gracilibacillus","Genus","Gracilibacillus","d__Bacteria;p__Bacillota;c__Bacilli;o__Bacillales;f__Bacillaceae;g___g__Gracilibacillus"
"X748770","PFHpA",-0.00214969787355744,0.00275282165014347,-0.00779802134174942,0.00349862559463454,0.441650619533149,35,0.91480013933567,"Dolichospermum","Genus","Dolichospermum","d__Bacteria;p__Cyanobacteriota;c__Cyanophyceae;o__Nostocales;f__Aphanizomenonaceae;g___g__Dolichospermum"
"X748770","PFDoA",0.0044637282946451,0.00273764999576537,-0.0011534655101084,0.0100809220993986,0.114608756323026,35,0.873823102340491,"Dolichospermum","Genus","Dolichospermum","d__Bacteria;p__Cyanobacteriota;c__Cyanophyceae;o__Nostocales;f__Aphanizomenonaceae;g___g__Dolichospermum"
"X748770","PFDA",5.45036445993496e-05,0.0029051377346177,-0.00590634661386766,0.00601535390306635,0.985169625066655,35,0.990116856585947,"Dolichospermum","Genus","Dolichospermum","d__Bacteria;p__Cyanobacteriota;c__Cyanophyceae;o__Nostocales;f__Aphanizomenonaceae;g___g__Dolichospermum"
"X748770","PFBA",0.000696580888293393,0.00311797728070788,-0.00570098004595525,0.00709414182254204,0.824899730376973,35,0.98377046887326,"Dolichospermum","Genus","Dolichospermum","d__Bacteria;p__Cyanobacteriota;c__Cyanophyceae;o__Nostocales;f__Aphanizomenonaceae;g___g__Dolichospermum"
"X748770","N.MeFOSAA",-0.000239848235202808,0.00308234136245647,-0.00656429030490041,0.0060845938344948,0.938550091193022,35,0.987947464413707,"Dolichospermum","Genus","Dolichospermum","d__Bacteria;p__Cyanobacteriota;c__Cyanophyceae;o__Nostocales;f__Aphanizomenonaceae;g___g__Dolichospermum"
"X76890","PFBA",-0.00110564915094486,0.00164616477645426,-0.00448330027442865,0.00227200197253893,0.507512110907844,35,0.923542479374682,"Asticcacaulis","Genus","Asticcacaulis","d__Bacteria;p__Pseudomonadota;c__Alphaproteobacteria;o__Caulobacterales;f__Caulobacteraceae;g___g__Asticcacaulis"
"X76890","PFDoA",0.000505624785430654,0.00152294250053065,-0.00261919511200294,0.00363044468286424,0.742448980943393,35,0.998962962737576,"Asticcacaulis","Genus","Asticcacaulis","d__Bacteria;p__Pseudomonadota;c__Alphaproteobacteria;o__Caulobacterales;f__Caulobacteraceae;g___g__Asticcacaulis"
"X76890","N.MeFOSAA",0.00238722118166834,0.00157387541676006,-0.00084210442757807,0.00561654679091475,0.140944637640647,35,0.703411186168062,"Asticcacaulis","Genus","Asticcacaulis","d__Bacteria;p__Pseudomonadota;c__Alphaproteobacteria;o__Caulobacterales;f__Caulobacteraceae;g___g__Asticcacaulis"
"X76890","PFDA",-0.00065377203806715,0.00154000587774201,-0.00381360309357722,0.00250605901744292,0.674546272703162,35,0.990116856585947,"Asticcacaulis","Genus","Asticcacaulis","d__Bacteria;p__Pseudomonadota;c__Alphaproteobacteria;o__Caulobacterales;f__Caulobacteraceae;g___g__Asticcacaulis"
"X76890","PFHpA",-0.000862827164185486,0.0014712167106689,-0.00388151450749169,0.00215586017912072,0.562430134520305,35,0.974313169054605,"Asticcacaulis","Genus","Asticcacaulis","d__Bacteria;p__Pseudomonadota;c__Alphaproteobacteria;o__Caulobacterales;f__Caulobacteraceae;g___g__Asticcacaulis"
"X773","PFBA",0.00417246498230555,0.00204156251771219,-1.6475292838632e-05,0.00836140525744974,0.0508452693451715,35,0.904873401016219,"Bartonella","Genus","Bartonella","d__Bacteria;p__Pseudomonadota;c__Alphaproteobacteria;o__Hyphomicrobiales;f__Bartonellaceae;g___g__Bartonella"
"X773","PFDoA",0.00073722024695114,0.00201195056247216,-0.00339096131477891,0.00486540180868119,0.716907003391536,35,0.998962962737576,"Bartonella","Genus","Bartonella","d__Bacteria;p__Pseudomonadota;c__Alphaproteobacteria;o__Hyphomicrobiales;f__Bartonellaceae;g___g__Bartonella"
"X773","N.MeFOSAA",6.89617157190959e-05,0.00216693039070683,-0.00437721218702173,0.00451513561845992,0.974846014096246,35,0.991368827894487,"Bartonella","Genus","Bartonella","d__Bacteria;p__Pseudomonadota;c__Alphaproteobacteria;o__Hyphomicrobiales;f__Bartonellaceae;g___g__Bartonella"
"X773","PFDA",-0.000532546831244694,0.00203960296009447,-0.00471746642627005,0.00365237276378066,0.795994270871847,35,0.990116856585947,"Bartonella","Genus","Bartonella","d__Bacteria;p__Pseudomonadota;c__Alphaproteobacteria;o__Hyphomicrobiales;f__Bartonellaceae;g___g__Bartonella"
"X773","PFHpA",-0.0020933871445489,0.0019149024639052,-0.00602244245607288,0.00183566816697508,0.283960516730132,35,0.892097080658934,"Bartonella","Genus","Bartonella","d__Bacteria;p__Pseudomonadota;c__Alphaproteobacteria;o__Hyphomicrobiales;f__Bartonellaceae;g___g__Bartonella"
"X80865","N.MeFOSAA",-0.00178512967996809,0.00106640242950216,-0.00397320672766934,0.00040294736773316,0.105683342386363,35,0.703411186168062,"Delftia","Genus","Delftia","d__Bacteria;p__Pseudomonadota;c__Betaproteobacteria;o__Burkholderiales;f__Comamonadaceae;g___g__Delftia"
"X80865","PFDA",-0.00145315557025973,0.00101814333762593,-0.00354221314055171,0.000635902000032247,0.164968643526563,35,0.837109561543003,"Delftia","Genus","Delftia","d__Bacteria;p__Pseudomonadota;c__Betaproteobacteria;o__Burkholderiales;f__Comamonadaceae;g___g__Delftia"
"X80865","PFHpA",-7.59043473689327e-05,0.00101161804708577,-0.0021515731274017,0.00199976443266384,0.94074194278276,35,0.974313169054605,"Delftia","Genus","Delftia","d__Bacteria;p__Pseudomonadota;c__Betaproteobacteria;o__Burkholderiales;f__Comamonadaceae;g___g__Delftia"
"X80865","PFBA",0.000540472800294125,0.00112946835263504,-0.00177700483304116,0.00285795043362941,0.636132643053605,35,0.969637248815422,"Delftia","Genus","Delftia","d__Bacteria;p__Pseudomonadota;c__Betaproteobacteria;o__Burkholderiales;f__Comamonadaceae;g___g__Delftia"
"X80865","PFDoA",-4.60869792755077e-05,0.00104277101642033,-0.0021856763724679,0.00209350241391689,0.965072908258738,35,0.998962962737576,"Delftia","Genus","Delftia","d__Bacteria;p__Pseudomonadota;c__Betaproteobacteria;o__Burkholderiales;f__Comamonadaceae;g___g__Delftia"
"X81466","PFBA",-0.0100102055437194,0.00403556784342442,-0.0182905067961842,-0.00172990429125463,0.0196473647901608,35,0.904873401016219,"Aminobacterium","Genus","Aminobacterium","d__Bacteria;p__Synergistota;c__Synergistia;o__Synergistales;f__Aminobacteriaceae;g___g__Aminobacterium"
"X81466","PFDoA",-0.00183166256093239,0.00409616834930905,-0.0102363057806854,0.00657298065882059,0.658322737677581,35,0.998962962737576,"Aminobacterium","Genus","Aminobacterium","d__Bacteria;p__Synergistota;c__Synergistia;o__Synergistales;f__Aminobacteriaceae;g___g__Aminobacterium"
"X81466","N.MeFOSAA",-0.000228901783456915,0.00441689504419985,-0.00929162182323671,0.00883381825632288,0.959050342470391,35,0.991368827894487,"Aminobacterium","Genus","Aminobacterium","d__Bacteria;p__Synergistota;c__Synergistia;o__Synergistales;f__Aminobacteriaceae;g___g__Aminobacterium"
"X81466","PFDA",-0.00685522112190691,0.0039481445982154,-0.0149561446920021,0.00124570244818825,0.0939076531682356,35,0.766525662517936,"Aminobacterium","Genus","Aminobacterium","d__Bacteria;p__Synergistota;c__Synergistia;o__Synergistales;f__Aminobacteriaceae;g___g__Aminobacterium"
"X81466","PFHpA",-0.00100588023604117,0.0039840533107901,-0.0091804823984046,0.00716872192632226,0.802584890323025,35,0.974313169054605,"Aminobacterium","Genus","Aminobacterium","d__Bacteria;p__Synergistota;c__Synergistia;o__Synergistales;f__Aminobacteriaceae;g___g__Aminobacterium"
"X816","PFDoA",-2.77977602388684e-05,0.00144274900806308,-0.00298807420260435,0.00293247868212662,0.984769614714572,35,0.998962962737576,"Bacteroides","Genus","Bacteroides","d__Bacteria;p__Bacteroidota;c__Bacteroidia;o__Bacteroidales;f__Bacteroidaceae;g___g__Bacteroides"
"X816","N.MeFOSAA",0.000317855869269796,0.00154886650031996,-0.00286015568204072,0.00349586742058031,0.838940857339715,35,0.978207254075327,"Bacteroides","Genus","Bacteroides","d__Bacteria;p__Bacteroidota;c__Bacteroidia;o__Bacteroidales;f__Bacteroidaceae;g___g__Bacteroides"
"X816","PFHpA",0.000176374621725698,0.00139933991637343,-0.00269483372161828,0.00304758296506968,0.900633123082798,35,0.974313169054605,"Bacteroides","Genus","Bacteroides","d__Bacteria;p__Bacteroidota;c__Bacteroidia;o__Bacteroidales;f__Bacteroidaceae;g___g__Bacteroides"
"X816","PFBA",0.00102732826562803,0.00155676316945272,-0.00216688591238762,0.00422154244364369,0.514900074644116,35,0.923542479374682,"Bacteroides","Genus","Bacteroides","d__Bacteria;p__Bacteroidota;c__Bacteroidia;o__Bacteroidales;f__Bacteroidaceae;g___g__Bacteroides"
"X816","PFDA",-0.000133523527009816,0.00146058003037711,-0.00313038620509927,0.00286333915107963,0.927835224089853,35,0.990116856585947,"Bacteroides","Genus","Bacteroides","d__Bacteria;p__Bacteroidota;c__Bacteroidia;o__Bacteroidales;f__Bacteroidaceae;g___g__Bacteroides"
"X872","PFDA",0.00135407900903092,0.00160861200560309,-0.00194652019324205,0.0046546782113039,0.407311775204096,35,0.87281094686592,"Desulfovibrio","Genus","Desulfovibrio","d__Bacteria;p__Thermodesulfobacteriota;c__Desulfovibrionia;o__Desulfovibrionales;f__Desulfovibrionaceae;g___g__Desulfovibrio"
"X872","PFHpA",-0.00338489687758596,0.00141910177610486,-0.00629665320778929,-0.000473140547382629,0.024349489704002,35,0.48698979408004,"Desulfovibrio","Genus","Desulfovibrio","d__Bacteria;p__Thermodesulfobacteriota;c__Desulfovibrionia;o__Desulfovibrionales;f__Desulfovibrionaceae;g___g__Desulfovibrio"
"X872","PFBA",3.59414364911435e-05,0.00175056221772057,-0.00355591554282533,0.00362779841580761,0.98377046887326,35,0.98377046887326,"Desulfovibrio","Genus","Desulfovibrio","d__Bacteria;p__Thermodesulfobacteriota;c__Desulfovibrionia;o__Desulfovibrionales;f__Desulfovibrionaceae;g___g__Desulfovibrio"
"X872","PFDoA",0.000598572165038345,0.00160532306223943,-0.0026952786828741,0.00389242301295079,0.712158594740176,35,0.998962962737576,"Desulfovibrio","Genus","Desulfovibrio","d__Bacteria;p__Thermodesulfobacteriota;c__Desulfovibrionia;o__Desulfovibrionales;f__Desulfovibrionaceae;g___g__Desulfovibrio"
"X872","N.MeFOSAA",0.0033409312427448,0.00160518224532915,4.73693272661185e-05,0.00663449315822349,0.0470140141826519,35,0.646137503517873,"Desulfovibrio","Genus","Desulfovibrio","d__Bacteria;p__Thermodesulfobacteriota;c__Desulfovibrionia;o__Desulfovibrionales;f__Desulfovibrionaceae;g___g__Desulfovibrio"
"X881616","PFHpA",0.000611193848241455,0.00187535358314004,-0.00323671386283592,0.00445910155931883,0.747006049582803,35,0.974313169054605,"Herbiconiux","Genus","Herbiconiux","d__Bacteria;p__Actinomycetota;c__Actinomycetes;o__Micrococcales;f__Microbacteriaceae;g___g__Herbiconiux"
"X881616","PFDoA",0.00136212090070286,0.00191895001117192,-0.00257523929181987,0.00529948109322559,0.483897712055595,35,0.998962962737576,"Herbiconiux","Genus","Herbiconiux","d__Bacteria;p__Actinomycetota;c__Actinomycetes;o__Micrococcales;f__Microbacteriaceae;g___g__Herbiconiux"
"X881616","PFDA",0.000261285700065701,0.00196035405056754,-0.00376102856399452,0.00428359996412593,0.894956478873266,35,0.990116856585947,"Herbiconiux","Genus","Herbiconiux","d__Bacteria;p__Actinomycetota;c__Actinomycetes;o__Micrococcales;f__Microbacteriaceae;g___g__Herbiconiux"
"X881616","PFBA",0.00125367807261636,0.00209273642941064,-0.00304026239619839,0.0055476185414311,0.554125487624809,35,0.923542479374682,"Herbiconiux","Genus","Herbiconiux","d__Bacteria;p__Actinomycetota;c__Actinomycetes;o__Micrococcales;f__Microbacteriaceae;g___g__Herbiconiux"
"X881616","N.MeFOSAA",-0.000381829197465797,0.00207953500948044,-0.00464868259000688,0.00388502419507529,0.855689208193915,35,0.978207254075327,"Herbiconiux","Genus","Herbiconiux","d__Bacteria;p__Actinomycetota;c__Actinomycetes;o__Micrococcales;f__Microbacteriaceae;g___g__Herbiconiux"
"X896","PFHpA",0.000374745828690294,0.0022385075834279,-0.0042182923423596,0.00496778399974019,0.868295990949787,35,0.974313169054605,"Desulfococcus","Genus","Desulfococcus","d__Bacteria;p__Thermodesulfobacteriota;c__Desulfobacteria;o__Desulfobacterales;f__Desulfococcaceae;g___g__Desulfococcus"
"X896","PFDoA",2.24800388120617e-05,0.00230847887927193,-0.0047141273723283,0.00475908744995242,0.992301896120453,35,0.998962962737576,"Desulfococcus","Genus","Desulfococcus","d__Bacteria;p__Thermodesulfobacteriota;c__Desulfobacteria;o__Desulfobacterales;f__Desulfococcaceae;g___g__Desulfococcus"
"X896","PFDA",-0.000272461371191125,0.00233677097632408,-0.00506711937043831,0.00452219662805606,0.908042076982919,35,0.990116856585947,"Desulfococcus","Genus","Desulfococcus","d__Bacteria;p__Thermodesulfobacteriota;c__Desulfobacteria;o__Desulfobacterales;f__Desulfococcaceae;g___g__Desulfococcus"
"X896","PFBA",0.00152448394153909,0.00249370336771196,-0.00359217272738198,0.00664114061046015,0.546092110911685,35,0.923542479374682,"Desulfococcus","Genus","Desulfococcus","d__Bacteria;p__Thermodesulfobacteriota;c__Desulfobacteria;o__Desulfobacterales;f__Desulfococcaceae;g___g__Desulfococcus"
"X896","N.MeFOSAA",-0.000453261707900999,0.00247865768960184,-0.00553904719533458,0.00463252377953258,0.856269536228306,35,0.978207254075327,"Desulfococcus","Genus","Desulfococcus","d__Bacteria;p__Thermodesulfobacteriota;c__Desulfobacteria;o__Desulfobacterales;f__Desulfococcaceae;g___g__Desulfococcus"
"X102115","N-detect",0.000181216543994099,NA,-0.000867709472401366,0.00123014256038956,0.725731233904986,35,0.997693722972731,"Stanieria","Genus","Stanieria","d__Bacteria;p__Cyanobacteriota;c__Cyanophyceae;o__Pleurocapsales;f__Dermocarpellaceae;g___g__Stanieria"
"X1190","N-detect",1.32344736344756e-05,NA,-0.000953217149180882,0.000979686096449833,0.97779102497142,35,0.999786690577948,"Fischerella","Genus","Fischerella","d__Bacteria;p__Cyanobacteriota;c__Cyanophyceae;o__Nostocales;f__Hapalosiphonaceae;g___g__Fischerella"
"X1278221","N-detect",0.00162264957673564,NA,-0.00304240523586606,0.00628770438933734,0.481543256482567,35,0.997693722972731,"Auraticoccus","Genus","Auraticoccus","d__Bacteria;p__Actinomycetota;c__Actinomycetes;o__Propionibacteriales;f__Propionibacteriaceae;g___g__Auraticoccus"
"X1298","N-detect",-0.000260810813353603,NA,-0.0012119251993956,0.000690303572688395,0.578319054006501,35,0.997693722972731,"Deinococcus","Genus","Deinococcus","d__Bacteria;p__Deinococcota;c__Deinococci;o__Deinococcales;f__Deinococcaceae;g___g__Deinococcus"
"X1395974","N-detect",-0.000700528105742939,NA,-0.00178798019864442,0.000386923987158542,0.197334136618581,35,0.997693722972731,"Tardiphaga","Genus","Tardiphaga","d__Bacteria;p__Pseudomonadota;c__Alphaproteobacteria;o__Hyphomicrobiales;f__Nitrobacteraceae;g___g__Tardiphaga"
"X141450","N-detect",-0.00124266308153159,NA,-0.00745788713371672,0.00497256097065354,0.684867017067176,35,0.997693722972731,"Oleiphilus","Genus","Oleiphilus","d__Bacteria;p__Pseudomonadota;c__Gammaproteobacteria;o__Oceanospirillales;f__Oleiphilaceae;g___g__Oleiphilus"
"X1434026","N-detect",0.00246825866662071,NA,-0.000500459732769154,0.00543697706601057,0.0994993094239032,35,0.687875624588615,"Oceanirhabdus","Genus","Oceanirhabdus","d__Bacteria;p__Bacillota;c__Clostridia;o__Eubacteriales;f__Clostridiaceae;g___g__Oceanirhabdus"
"X146918","N-detect",-0.00336227481766355,NA,-0.00731853290221057,0.000593983266883473,0.0925760642240573,35,0.687875624588615,"Salinibacter","Genus","Salinibacter","d__Bacteria;p__Rhodothermota;c__Rhodothermia;o__Rhodothermales;f__Salinibacteraceae;g___g__Salinibacter"
"X1511648","N-detect",0.00338804051621918,NA,-0.000242139106345741,0.00701822013878411,0.0661462779522001,35,0.661462779522001,"Defluviitoga","Genus","Defluviitoga","d__Bacteria;p__Thermotogota;c__Thermotogae;o__Petrotogales;f__Petrotogaceae;g___g__Defluviitoga"
"X157","N-detect",0.00310164219158606,NA,-0.00779097308146642,0.0139942574646385,0.563900252163622,35,0.997693722972731,"Treponema","Genus","Treponema","d__Bacteria;p__Spirochaetota;c__Spirochaetia;o__Spirochaetales;f__Treponemataceae;g___g__Treponema"
"X1649479","N-detect",0.000113144003295068,NA,-0.00165913493036195,0.00188542293695209,0.89675370498862,35,0.997693722972731,"Permianibacter","Genus","Permianibacter","d__Bacteria;p__Pseudomonadota;c__Gammaproteobacteria;o__Pseudomonadales;f__Pseudomonadaceae;g___g__Permianibacter"
"X1649510","N-detect",-0.000934212806637196,NA,-0.00164617622058595,-0.000222249392688446,0.0120365774508914,35,0.282606536920839,"Variibacter","Genus","Variibacter","d__Bacteria;p__Pseudomonadota;c__Alphaproteobacteria;o__Hyphomicrobiales;f__Nitrobacteraceae;g___g__Variibacter"
"X1658781","N-detect",-0.000161238990000755,NA,-0.00162388802793125,0.00130141004792974,0.822758044262806,35,0.997693722972731,"Aliiroseovarius","Genus","Aliiroseovarius","d__Bacteria;p__Pseudomonadota;c__Alphaproteobacteria;o__Rhodobacterales;f__Paracoccaceae;g___g__Aliiroseovarius"
"X1676142","N-detect",0.000417235090743621,NA,-0.000654886612428967,0.00148935679391621,0.431544907437113,35,0.997693722972731,"Wenzhouxiangella","Genus","Wenzhouxiangella","d__Bacteria;p__Pseudomonadota;c__Gammaproteobacteria;o__Chromatiales;f__Wenzhouxiangellaceae;g___g__Wenzhouxiangella"
"X1742989","N-detect",-0.00102360523173493,NA,-0.0101604259653286,0.00811321550185871,0.819926799980652,35,0.997693722972731,"Glutamicibacter","Genus","Glutamicibacter","d__Bacteria;p__Actinomycetota;c__Actinomycetes;o__Micrococcales;f__Micrococcaceae;g___g__Glutamicibacter"
"X1747770","N-detect",0.000146984099497807,NA,-0.00224927874961784,0.00254324694861345,0.900777622410295,35,0.997693722972731,"Egibacter","Genus","Egibacter","d__Bacteria;p__Actinomycetota;c__Nitriliruptoria;o__Egibacterales;f__Egibacteraceae;g___g__Egibacter"
"X1763827","N-detect",-0.00010248270277938,NA,-0.00194307421051333,0.00173810880495457,0.909889439120219,35,0.997693722972731,"Hankyongella","Genus","Hankyongella","d__Bacteria;p__Pseudomonadota;c__Alphaproteobacteria;o__Sphingomonadales;f__Sphingomonadaceae;g___g__Hankyongella"
"X1802983","N-detect",-0.00180236357457446,NA,-0.00411706861961708,0.000512341470468152,0.121754420590233,35,0.730526523541398,"Fokinia","Genus","Fokinia","d__Bacteria;p__Pseudomonadota;c__Alphaproteobacteria;o__Rickettsiales;f__Candidatus Midichloriaceae;g___g__Fokinia"
"X1849828","N-detect",0.00238884624867393,NA,-0.00158622787818612,0.00636392037553398,0.228181344275887,35,0.997693722972731,"Paeniclostridium","Genus","Paeniclostridium","d__Bacteria;p__Bacillota;c__Clostridia;o__Peptostreptococcales;f__Peptostreptococcaceae;g___g__Paeniclostridium"
"X1854","N-detect",-0.000486473564260398,NA,-0.0030320226648178,0.002059075536297,0.69804757016873,35,0.997693722972731,"Frankia","Genus","Frankia","d__Bacteria;p__Actinomycetota;c__Actinomycetes;o__Frankiales;f__Frankiaceae;g___g__Frankia"
"X186831","N-detect",-0.000221570431603374,NA,-0.00144667560400416,0.00100353474079741,0.713466014289115,35,0.997693722972731,"Acetoanaerobium","Genus","Acetoanaerobium","d__Bacteria;p__Bacillota;c__Clostridia;o__Peptostreptococcales;f__Filifactoraceae;g___g__Acetoanaerobium"
"X190972","N-detect",-0.000676959960427132,NA,-0.00298313097164493,0.00162921105079067,0.551999547198944,35,0.997693722972731,"Sedimentibacter","Genus","Sedimentibacter","d__Bacteria;p__Bacillota;c__Tissierellia;o__;f__;g___g__Sedimentibacter"
"X2000","N-detect",-4.28124264782855e-05,NA,-0.000853871338677921,0.00076824648572135,0.91455257939167,35,0.997693722972731,"Streptosporangium","Genus","Streptosporangium","d__Bacteria;p__Actinomycetota;c__Actinomycetes;o__Streptosporangiales;f__Streptosporangiaceae;g___g__Streptosporangium"
"X2019","N-detect",-0.000225868387659584,NA,-0.00150694121000993,0.00105520443469076,0.720345653931621,35,0.997693722972731,"Thermomonospora","Genus","Thermomonospora","d__Bacteria;p__Actinomycetota;c__Actinomycetes;o__Streptosporangiales;f__Thermomonosporaceae;g___g__Thermomonospora"
"X2029","N-detect",0.000424332094178195,NA,-0.00044498470442913,0.00129364889278552,0.325456697005797,35,0.997693722972731,"Kibdelosporangium","Genus","Kibdelosporangium","d__Bacteria;p__Actinomycetota;c__Actinomycetes;o__Pseudonocardiales;f__Pseudonocardiaceae;g___g__Kibdelosporangium"
"X204286","N-detect",-0.000574911552096915,NA,-0.00288305608685837,0.00173323298266454,0.613456742294171,35,0.997693722972731,"Cobetia","Genus","Cobetia","d__Bacteria;p__Pseudomonadota;c__Gammaproteobacteria;o__Oceanospirillales;f__Halomonadaceae;g___g__Cobetia"
"X2044","N-detect",-0.00156146881930363,NA,-0.00278254808376677,-0.000340389554840492,0.0141303268460419,35,0.282606536920839,"Pimelobacter","Genus","Pimelobacter","d__Bacteria;p__Actinomycetota;c__Actinomycetes;o__Propionibacteriales;f__Nocardioidaceae;g___g__Pimelobacter"
"X2055880","N-detect",0.00137325166919507,NA,-0.00150694590388727,0.00425344924227742,0.336613805706999,35,0.997693722972731,"Pseudescherichia","Genus","Pseudescherichia","d__Bacteria;p__Pseudomonadota;c__Gammaproteobacteria;o__Enterobacterales;f__Enterobacteriaceae;g___g__Pseudescherichia"
"X2304691","N-detect",-0.000355710058067103,NA,-0.00160999111536938,0.000898570999235175,0.565466488507884,35,0.997693722972731,"Thermoclostridium","Genus","Thermoclostridium","d__Bacteria;p__Bacillota;c__Clostridia;o__Eubacteriales;f__Oscillospiraceae;g___g__Thermoclostridium"
"X246875","N-detect",0.00303447641160735,NA,-0.00273724967632843,0.00880620249954312,0.29024385567123,35,0.997693722972731,"Algoriphagus","Genus","Algoriphagus","d__Bacteria;p__Bacteroidota;c__Cytophagia;o__Cytophagales;f__Cyclobacteriaceae;g___g__Algoriphagus"
"X252306","N-detect",-0.00254121720521442,NA,-0.00427138162993271,-0.000811052780496132,0.0055561834851051,35,0.282606536920839,"Robiginitalea","Genus","Robiginitalea","d__Bacteria;p__Bacteroidota;c__Flavobacteriia;o__Flavobacteriales;f__Flavobacteriaceae;g___g__Robiginitalea"
"X261963","N-detect",-0.000634100451889149,NA,-0.00214802417966774,0.000879823275889444,0.397685962658791,35,0.997693722972731,"Kangiella","Genus","Kangiella","d__Bacteria;p__Pseudomonadota;c__Gammaproteobacteria;o__Kangiellales;f__Kangiellaceae;g___g__Kangiella"
"X2698753","N-detect",0.00024605795694799,NA,-0.000806688166766583,0.00129880408066256,0.635392575681957,35,0.997693722972731,"Fluviispira","Genus","Fluviispira","d__Bacteria;p__Bdellovibrionota;c__Oligoflexia;o__Silvanigrellales;f__Silvanigrellaceae;g___g__Fluviispira"
"X2733","N-detect",-1.23600438068331e-06,NA,-0.00940000951809989,0.00939753750933852,0.999786690577948,35,0.999786690577948,"Symbiobacterium","Genus","Symbiobacterium","d__Bacteria;p__Bacillota;c__Clostridia;o__Eubacteriales;f__Symbiobacteriaceae;g___g__Symbiobacterium"
"X2755140","N-detect",-0.000341947855381921,NA,-0.00230001088454362,0.00161611517377978,0.722888069628789,35,0.997693722972731,"Pseudoleptotrichia","Genus","Pseudoleptotrichia","d__Bacteria;p__Fusobacteriota;c__Fusobacteriia;o__Fusobacteriales;f__Leptotrichiaceae;g___g__Pseudoleptotrichia"
"X2767353","N-detect",0.00136037569794451,NA,-0.00447740219654075,0.00719815359242978,0.636401101919005,35,0.997693722972731,"Lancefieldella","Genus","Lancefieldella","d__Bacteria;p__Actinomycetota;c__Coriobacteriia;o__Coriobacteriales;f__Atopobiaceae;g___g__Lancefieldella"
"X2781120","N-detect",-0.000640252996967547,NA,-0.00538684301812777,0.00410633702419268,0.784068233500691,35,0.997693722972731,"Thiosulfativibrio","Genus","Thiosulfativibrio","d__Bacteria;p__Pseudomonadota;c__Gammaproteobacteria;o__Thiotrichales;f__Piscirickettsiaceae;g___g__Thiosulfativibrio"
"X2792240","N-detect",0.000230688611536196,NA,-0.00215080557880833,0.00261218280188073,0.843943464687827,35,0.997693722972731,"Thiospirochaeta","Genus","Thiospirochaeta","d__Bacteria;p__Spirochaetota;c__Spirochaetia;o__Spirochaetales;f__Spirochaetaceae;g___g__Thiospirochaeta"
"X2847307","N-detect",-0.000827654408799395,NA,-0.0022585609111708,0.000603252093572009,0.245642435564386,35,0.997693722972731,"Thermophilibacter","Genus","Thermophilibacter","d__Bacteria;p__Actinomycetota;c__Coriobacteriia;o__Coriobacteriales;f__Atopobiaceae;g___g__Thermophilibacter"
"X2892397","N-detect",-2.36882076081164e-05,NA,-0.00194753776988645,0.00190016135467021,0.980030168410268,35,0.999786690577948,"Pusillibacter","Genus","Pusillibacter","d__Bacteria;p__Bacillota;c__Clostridia;o__Eubacteriales;f__Oscillospiraceae;g___g__Pusillibacter"
"X2894574","N-detect",8.58253580916382e-05,NA,-0.00138666818656611,0.00155831890274939,0.90569144432436,35,0.997693722972731,"Saccharobesus","Genus","Saccharobesus","d__Bacteria;p__Pseudomonadota;c__Gammaproteobacteria;o__Alteromonadales;f__Alteromonadaceae;g___g__Saccharobesus"
"X349742","N-detect",4.21329860882031e-05,NA,-0.00180601098653869,0.0018902769587151,0.963035618337933,35,0.999786690577948,"Sedimenticola","Genus","Sedimenticola","d__Bacteria;p__Pseudomonadota;c__Gammaproteobacteria;o__;f__;g___g__Sedimenticola"
"X41707","N-detect",-0.000481799030649034,NA,-0.00155463735261215,0.000591039291314085,0.364974788848726,35,0.997693722972731,"Lawsonia","Genus","Lawsonia","d__Bacteria;p__Thermodesulfobacteriota;c__Desulfovibrionia;o__Desulfovibrionales;f__Desulfovibrionaceae;g___g__Lawsonia"
"X42255","N-detect",-0.00223297520104926,NA,-0.00438089713209368,-8.5053270004843e-05,0.0421595449046906,35,0.505914538856287,"Rubrobacter","Genus","Rubrobacter","d__Bacteria;p__Actinomycetota;c__Rubrobacteria;o__Rubrobacterales;f__Rubrobacteraceae;g___g__Rubrobacter"
"X44","N-detect",0.000156578444067344,NA,-0.00106429061368387,0.00137744750181856,0.794432300184962,35,0.997693722972731,"Melittangium","Genus","Melittangium","d__Bacteria;p__Myxococcota;c__Myxococcia;o__Myxococcales;f__Archangiaceae;g___g__Melittangium"
"X441","N-detect",0.00153367417662214,NA,0.000153502169165898,0.00291384618407839,0.0307231437290312,35,0.460847155935468,"Gluconobacter","Genus","Gluconobacter","d__Bacteria;p__Pseudomonadota;c__Alphaproteobacteria;o__Rhodospirillales;f__Acetobacteraceae;g___g__Gluconobacter"
"X44249","N-detect",0.000335844851123486,NA,-0.00224498382111828,0.00291667352336525,0.791493401553634,35,0.997693722972731,"Paenibacillus","Genus","Paenibacillus","d__Bacteria;p__Bacillota;c__Bacilli;o__Bacillales;f__Paenibacillaceae;g___g__Paenibacillus"
"X447237","N-detect",0.000425898562917328,NA,-0.00740843198376878,0.00826022910960344,0.91201016685338,35,0.997693722972731,"Frondihabitans","Genus","Frondihabitans","d__Bacteria;p__Actinomycetota;c__Actinomycetes;o__Micrococcales;f__Microbacteriaceae;g___g__Frondihabitans"
"X543311","N-detect",-0.000376492912296478,NA,-0.00152537458368273,0.000772388759089775,0.507047641266679,35,0.997693722972731,"Parvimonas","Genus","Parvimonas","d__Bacteria;p__Bacillota;c__Tissierellia;o__Tissierellales;f__Peptoniphilaceae;g___g__Parvimonas"
"X60919","N-detect",0.000304065473196236,NA,-0.0014115875533565,0.00201971849974897,0.71895417698571,35,0.997693722972731,"Sanguibacter","Genus","Sanguibacter","d__Bacteria;p__Actinomycetota;c__Actinomycetes;o__Micrococcales;f__Sanguibacteraceae;g___g__Sanguibacter"
"X74385","N-detect",-0.000232921464191283,NA,-0.00274460389110509,0.00227876096272253,0.850515489761806,35,0.997693722972731,"Gracilibacillus","Genus","Gracilibacillus","d__Bacteria;p__Bacillota;c__Bacilli;o__Bacillales;f__Bacillaceae;g___g__Gracilibacillus"
"X748770","N-detect",0.000341569940443725,NA,-0.0017822560408342,0.00246539592172165,0.743953428878312,35,0.997693722972731,"Dolichospermum","Genus","Dolichospermum","d__Bacteria;p__Cyanobacteriota;c__Cyanophyceae;o__Nostocales;f__Aphanizomenonaceae;g___g__Dolichospermum"
"X76890","N-detect",1.10797070894206e-05,NA,-0.00112076577503989,0.00114292518921873,0.984122867291337,35,0.999786690577948,"Asticcacaulis","Genus","Asticcacaulis","d__Bacteria;p__Pseudomonadota;c__Alphaproteobacteria;o__Caulobacterales;f__Caulobacteraceae;g___g__Asticcacaulis"
"X773","N-detect",0.000206495621342542,NA,-0.00128722891811793,0.00170022016080302,0.778842842165268,35,0.997693722972731,"Bartonella","Genus","Bartonella","d__Bacteria;p__Pseudomonadota;c__Alphaproteobacteria;o__Hyphomicrobiales;f__Bartonellaceae;g___g__Bartonella"
"X80865","N-detect",-0.000344155648466437,NA,-0.00110556331323874,0.000417252016305865,0.361922396168755,35,0.997693722972731,"Delftia","Genus","Delftia","d__Bacteria;p__Pseudomonadota;c__Betaproteobacteria;o__Burkholderiales;f__Comamonadaceae;g___g__Delftia"
"X81466","N-detect",-0.00238422753525126,NA,-0.00528456355793674,0.00051610848743422,0.103181343688292,35,0.687875624588615,"Aminobacterium","Genus","Aminobacterium","d__Bacteria;p__Synergistota;c__Synergistia;o__Synergistales;f__Aminobacteriaceae;g___g__Aminobacterium"
"X816","N-detect",0.00015328000167239,NA,-0.000915086132262671,0.00122164613560745,0.770719719605591,35,0.997693722972731,"Bacteroides","Genus","Bacteroides","d__Bacteria;p__Bacteroidota;c__Bacteroidia;o__Bacteroidales;f__Bacteroidaceae;g___g__Bacteroides"
"X872","N-detect",0.000163074746621672,NA,-0.00102890008127013,0.00135504957451348,0.781071072629199,35,0.997693722972731,"Desulfovibrio","Genus","Desulfovibrio","d__Bacteria;p__Thermodesulfobacteriota;c__Desulfovibrionia;o__Desulfovibrionales;f__Desulfovibrionaceae;g___g__Desulfovibrio"
"X881616","N-detect",0.000391372527995015,NA,-0.0010367738534633,0.00181951890945333,0.578558439490571,35,0.997693722972731,"Herbiconiux","Genus","Herbiconiux","d__Bacteria;p__Actinomycetota;c__Actinomycetes;o__Micrococcales;f__Microbacteriaceae;g___g__Herbiconiux"
"X896","N-detect",0.000137297996390096,NA,-0.00157402118067493,0.00184861717345512,0.870471690563138,35,0.997693722972731,"Desulfococcus","Genus","Desulfococcus","d__Bacteria;p__Thermodesulfobacteriota;c__Desulfobacteria;o__Desulfobacterales;f__Desulfococcaceae;g___g__Desulfococcus"
"X1096778","PFHpA",0.00130247306328816,0.00173216924879489,-0.00225164466109794,0.00485659078767426,0.45859729138764,35,0.990995396678223,"Thioalkalispiraceae","Family","Thioalkalispiraceae","d__Bacteria;p__Pseudomonadota;c__Gammaproteobacteria;o__Chromatiales;f__;g___f__Thioalkalispiraceae"
"X1096778","PFDoA",0.00253357308249872,0.00173684452158883,-0.00103013750927884,0.00609728367427628,0.156177891171337,35,0.641737438135122,"Thioalkalispiraceae","Family","Thioalkalispiraceae","d__Bacteria;p__Pseudomonadota;c__Gammaproteobacteria;o__Chromatiales;f__;g___f__Thioalkalispiraceae"
"X1096778","PFDA",-0.00104401787477705,0.00181546838779796,-0.00476905131456616,0.00268101556501206,0.570006876185651,35,0.814295537408073,"Thioalkalispiraceae","Family","Thioalkalispiraceae","d__Bacteria;p__Pseudomonadota;c__Gammaproteobacteria;o__Chromatiales;f__;g___f__Thioalkalispiraceae"
"X1096778","PFBA",-0.000436462178666189,0.00196037132425334,-0.00445881188540206,0.00358588752806968,0.825489363414354,35,0.917210403793727,"Thioalkalispiraceae","Family","Thioalkalispiraceae","d__Bacteria;p__Pseudomonadota;c__Gammaproteobacteria;o__Chromatiales;f__;g___f__Thioalkalispiraceae"
"X1096778","N.MeFOSAA",-0.0010286101562804,0.00192803527176274,-0.00498461176373355,0.00292739145117275,0.598051223881368,35,0.94823139426316,"Thioalkalispiraceae","Family","Thioalkalispiraceae","d__Bacteria;p__Pseudomonadota;c__Gammaproteobacteria;o__Chromatiales;f__;g___f__Thioalkalispiraceae"
"X1106","PFDA",0.00282491640882922,0.00116888449162413,0.000426563538674291,0.00522326927898415,0.0226898683970432,35,0.491850030630792,"Chloroflexaceae","Family","Chloroflexaceae","d__Bacteria;p__Chloroflexota;c__Chloroflexia;o__Chloroflexales;f__;g___f__Chloroflexaceae"
"X1106","PFBA",0.00138998984990424,0.00135876143415729,-0.0013979583253162,0.00417793802512468,0.315394703569588,35,0.892767165128997,"Chloroflexaceae","Family","Chloroflexaceae","d__Bacteria;p__Chloroflexota;c__Chloroflexia;o__Chloroflexales;f__;g___f__Chloroflexaceae"
"X1106","PFDoA",0.00194800052248813,0.00121675771534622,-0.00054858008902209,0.00444458113399834,0.121019213463923,35,0.641737438135122,"Chloroflexaceae","Family","Chloroflexaceae","d__Bacteria;p__Chloroflexota;c__Chloroflexia;o__Chloroflexales;f__;g___f__Chloroflexaceae"
"X1106","PFHpA",0.000222208163607823,0.00123450874642454,-0.00231079455516787,0.00275521088238352,0.858498869453091,35,0.990995396678223,"Chloroflexaceae","Family","Chloroflexaceae","d__Bacteria;p__Chloroflexota;c__Chloroflexia;o__Chloroflexales;f__;g___f__Chloroflexaceae"
"X1106","N.MeFOSAA",0.00218221884993872,0.00130184171852156,-0.000488939715750958,0.0048533774156284,0.105231533954186,35,0.942023676972467,"Chloroflexaceae","Family","Chloroflexaceae","d__Bacteria;p__Chloroflexota;c__Chloroflexia;o__Chloroflexales;f__;g___f__Chloroflexaceae"
"X1185","PFHpA",-0.000297431239180978,0.00102888328487477,-0.00240852536098351,0.00181366288262156,0.774726987469459,35,0.990995396678223,"Rivulariaceae","Family","Rivulariaceae","d__Bacteria;p__Cyanobacteriota;c__Cyanophyceae;o__Nostocales;f__;g___f__Rivulariaceae"
"X1185","PFDoA",0.000716043061196999,0.00105315839745902,-0.00144485947739689,0.00287694559979088,0.502355720700819,35,0.878418770221252,"Rivulariaceae","Family","Rivulariaceae","d__Bacteria;p__Cyanobacteriota;c__Cyanophyceae;o__Nostocales;f__;g___f__Rivulariaceae"
"X1185","PFDA",-0.00177335314266703,0.00101983251924551,-0.00386587662735395,0.000319170342019879,0.0934501714855636,35,0.656886841901098,"Rivulariaceae","Family","Rivulariaceae","d__Bacteria;p__Cyanobacteriota;c__Cyanophyceae;o__Nostocales;f__;g___f__Rivulariaceae"
"X1185","PFBA",-0.000457276809265078,0.00115191253101008,-0.0028208060927076,0.00190625247417744,0.694508826951857,35,0.892767165128997,"Rivulariaceae","Family","Rivulariaceae","d__Bacteria;p__Cyanobacteriota;c__Cyanophyceae;o__Nostocales;f__;g___f__Rivulariaceae"
"X1185","N.MeFOSAA",-0.000430729231035696,0.00113812451807857,-0.00276596784878373,0.00190450938671234,0.708051897617398,35,0.94823139426316,"Rivulariaceae","Family","Rivulariaceae","d__Bacteria;p__Cyanobacteriota;c__Cyanophyceae;o__Nostocales;f__;g___f__Rivulariaceae"
"X119060","PFHpA",-1.08095661424e-05,0.000948972598336826,-0.00195794050271349,0.00193632137042869,0.990995396678223,35,0.990995396678223,"Burkholderiaceae","Family","Burkholderiaceae","d__Bacteria;p__Pseudomonadota;c__Betaproteobacteria;o__Burkholderiales;f__;g___f__Burkholderiaceae"
"X119060","N.MeFOSAA",-0.000116772789818008,0.00105064710443555,-0.00227252258075051,0.00203897700111449,0.91232451224672,35,0.999794395198589,"Burkholderiaceae","Family","Burkholderiaceae","d__Bacteria;p__Pseudomonadota;c__Betaproteobacteria;o__Burkholderiales;f__;g___f__Burkholderiaceae"
"X119060","PFBA",0.00168150334541976,0.00101349021671577,-0.000398006809391886,0.0037610135002314,0.108664620381174,35,0.892767165128997,"Burkholderiaceae","Family","Burkholderiaceae","d__Bacteria;p__Pseudomonadota;c__Betaproteobacteria;o__Burkholderiales;f__;g___f__Burkholderiaceae"
"X119060","PFDA",3.12357228463095e-05,0.000990349132681111,-0.00200079284955858,0.0020632642952512,0.975070802178106,35,0.975070802178106,"Burkholderiaceae","Family","Burkholderiaceae","d__Bacteria;p__Pseudomonadota;c__Betaproteobacteria;o__Burkholderiales;f__;g___f__Burkholderiaceae"
"X119060","PFDoA",0.000851922609754595,0.000964293552824202,-0.0011266443287753,0.00283048954828449,0.384782540785014,35,0.802006580015471,"Burkholderiaceae","Family","Burkholderiaceae","d__Bacteria;p__Pseudomonadota;c__Betaproteobacteria;o__Burkholderiales;f__;g___f__Burkholderiaceae"
"X1706371","PFHpA",-0.00298662648648295,0.00157559265644743,-0.00621947558052402,0.000246222607558127,0.0687707677157843,35,0.990995396678223,"Cellvibrionaceae","Family","Cellvibrionaceae","d__Bacteria;p__Pseudomonadota;c__Gammaproteobacteria;o__Cellvibrionales;f__;g___f__Cellvibrionaceae"
"X1706371","N.MeFOSAA",0.000858517056846814,0.00184990859787248,-0.00293718185696721,0.00465421597066083,0.646306154987988,35,0.94823139426316,"Cellvibrionaceae","Family","Cellvibrionaceae","d__Bacteria;p__Pseudomonadota;c__Gammaproteobacteria;o__Cellvibrionales;f__;g___f__Cellvibrionaceae"
"X1706371","PFBA",-0.000582070339058641,0.00187692975249389,-0.0044332120825154,0.00326907140439812,0.758852090359647,35,0.892767165128997,"Cellvibrionaceae","Family","Cellvibrionaceae","d__Bacteria;p__Pseudomonadota;c__Gammaproteobacteria;o__Cellvibrionales;f__;g___f__Cellvibrionaceae"
"X1706371","PFDA",0.000713193566265037,0.00174492306444365,-0.00286709282627073,0.0042934799588008,0.685965346587662,35,0.831473147378985,"Cellvibrionaceae","Family","Cellvibrionaceae","d__Bacteria;p__Pseudomonadota;c__Gammaproteobacteria;o__Cellvibrionales;f__;g___f__Cellvibrionaceae"
"X1706371","PFDoA",0.000764915624430851,0.00172240989960819,-0.00276917756947298,0.00429900881833468,0.660512103649681,35,0.943588719499544,"Cellvibrionaceae","Family","Cellvibrionaceae","d__Bacteria;p__Pseudomonadota;c__Gammaproteobacteria;o__Cellvibrionales;f__;g___f__Cellvibrionaceae"
"X1706373","PFDoA",-5.95375529931938e-05,0.00239426129196408,-0.00497215593627261,0.00485308083028622,0.98034410799581,35,0.99488059595109,"Microbulbiferaceae","Family","Microbulbiferaceae","d__Bacteria;p__Pseudomonadota;c__Gammaproteobacteria;o__Cellvibrionales;f__;g___f__Microbulbiferaceae"
"X1706373","PFHpA",0.00129580221655169,0.00230949226792877,-0.00344288449635981,0.00603448892946319,0.579372549834725,35,0.990995396678223,"Microbulbiferaceae","Family","Microbulbiferaceae","d__Bacteria;p__Pseudomonadota;c__Gammaproteobacteria;o__Cellvibrionales;f__;g___f__Microbulbiferaceae"
"X1706373","PFDA",0.000191983540747992,0.00242395673495306,-0.00478156485865661,0.0051655319401526,0.937455628984945,35,0.974057287553516,"Microbulbiferaceae","Family","Microbulbiferaceae","d__Bacteria;p__Pseudomonadota;c__Gammaproteobacteria;o__Cellvibrionales;f__;g___f__Microbulbiferaceae"
"X1706373","PFBA",0.00206178956177179,0.00257382648565317,-0.00321926616561658,0.00734284528916016,0.430090211252652,35,0.892767165128997,"Microbulbiferaceae","Family","Microbulbiferaceae","d__Bacteria;p__Pseudomonadota;c__Gammaproteobacteria;o__Cellvibrionales;f__;g___f__Microbulbiferaceae"
"X1706373","N.MeFOSAA",0.000525761618962527,0.00257038955778906,-0.00474824211495133,0.00579976535287638,0.839461343973756,35,0.987601581145595,"Microbulbiferaceae","Family","Microbulbiferaceae","d__Bacteria;p__Pseudomonadota;c__Gammaproteobacteria;o__Cellvibrionales;f__;g___f__Microbulbiferaceae"
"X1769717","PFHpA",-0.00437247962108551,0.00339244629084297,-0.0113332044461575,0.00258824520398644,0.208371651268437,35,0.990995396678223,"Mesoaciditogaceae","Family","Mesoaciditogaceae","d__Bacteria;p__Thermotogota;c__Thermotogae;o__Mesoaciditogales;f__;g___f__Mesoaciditogaceae"
"X1769717","PFDoA",-0.000166633742435974,0.00360250107301366,-0.00755835537969837,0.00722508789482642,0.963447423784241,35,0.99488059595109,"Mesoaciditogaceae","Family","Mesoaciditogaceae","d__Bacteria;p__Thermotogota;c__Thermotogae;o__Mesoaciditogales;f__;g___f__Mesoaciditogaceae"
"X1769717","PFDA",-0.00316307743889259,0.00359655655432677,-0.0105426019313074,0.00421644705352227,0.386905085020458,35,0.793458478289943,"Mesoaciditogaceae","Family","Mesoaciditogaceae","d__Bacteria;p__Thermotogota;c__Thermotogae;o__Mesoaciditogales;f__;g___f__Mesoaciditogaceae"
"X1769717","PFBA",0.00297459481267685,0.00387650131558726,-0.00497932888382107,0.0109285185091748,0.449537930824056,35,0.892767165128997,"Mesoaciditogaceae","Family","Mesoaciditogaceae","d__Bacteria;p__Thermotogota;c__Thermotogae;o__Mesoaciditogales;f__;g___f__Mesoaciditogaceae"
"X1769717","N.MeFOSAA",-0.00087167469206494,0.00386697811417362,-0.00880605839328776,0.00706270900915788,0.823353979935296,35,0.987601581145595,"Mesoaciditogaceae","Family","Mesoaciditogaceae","d__Bacteria;p__Thermotogota;c__Thermotogae;o__Mesoaciditogales;f__;g___f__Mesoaciditogaceae"
"X1775411","PFHpA",-0.00459862143612737,0.00349214873932734,-0.0117639187875673,0.00256667591531261,0.198958509517028,35,0.990995396678223,"Rhodanobacteraceae","Family","Rhodanobacteraceae","d__Bacteria;p__Pseudomonadota;c__Gammaproteobacteria;o__Xanthomonadales;f__;g___f__Rhodanobacteraceae"
"X1775411","PFDoA",0.00110246757457633,0.00370716765104209,-0.00650401214154036,0.00870894729069302,0.768446348124318,35,0.99488059595109,"Rhodanobacteraceae","Family","Rhodanobacteraceae","d__Bacteria;p__Pseudomonadota;c__Gammaproteobacteria;o__Xanthomonadales;f__;g___f__Rhodanobacteraceae"
"X1775411","PFDA",0.00414720618579133,0.00367398939819327,-0.00339119737864665,0.0116856097502293,0.268911545050229,35,0.773474348428696,"Rhodanobacteraceae","Family","Rhodanobacteraceae","d__Bacteria;p__Pseudomonadota;c__Gammaproteobacteria;o__Xanthomonadales;f__;g___f__Rhodanobacteraceae"
"X1775411","PFBA",-0.00549815154238482,0.00389775951249188,-0.013495693456017,0.00249939037124734,0.169782766650895,35,0.892767165128997,"Rhodanobacteraceae","Family","Rhodanobacteraceae","d__Bacteria;p__Pseudomonadota;c__Gammaproteobacteria;o__Xanthomonadales;f__;g___f__Rhodanobacteraceae"
"X1775411","N.MeFOSAA",0.0042612114570475,0.00390423449839819,-0.003749616030261,0.012272038944356,0.284726442892047,35,0.942023676972467,"Rhodanobacteraceae","Family","Rhodanobacteraceae","d__Bacteria;p__Pseudomonadota;c__Gammaproteobacteria;o__Xanthomonadales;f__;g___f__Rhodanobacteraceae"
"X1783343","PFHpA",-0.0012953947978098,0.00335787032552912,-0.00818517560211405,0.00559438600649444,0.702683558810992,35,0.990995396678223,"Endomicrobiaceae","Family","Endomicrobiaceae","d__Bacteria;p__Elusimicrobiota;c__Endomicrobiia;o__Endomicrobiales;f__;g___f__Endomicrobiaceae"
"X1783343","PFDoA",0.000809402592672516,0.00346706908835131,-0.00630443556555218,0.00792324075089722,0.817169500514155,35,0.99488059595109,"Endomicrobiaceae","Family","Endomicrobiaceae","d__Bacteria;p__Elusimicrobiota;c__Endomicrobiia;o__Endomicrobiales;f__;g___f__Endomicrobiaceae"
"X1783343","PFDA",-0.000432017706582916,0.0035129953406803,-0.00764008875084381,0.00677605333767798,0.903036144354023,35,0.974057287553516,"Endomicrobiaceae","Family","Endomicrobiaceae","d__Bacteria;p__Elusimicrobiota;c__Endomicrobiia;o__Endomicrobiales;f__;g___f__Endomicrobiaceae"
"X1783343","PFBA",-0.00147095072800908,0.00376425442678694,-0.00919456283268652,0.00625266137666837,0.699035021658042,35,0.892767165128997,"Endomicrobiaceae","Family","Endomicrobiaceae","d__Bacteria;p__Elusimicrobiota;c__Endomicrobiia;o__Endomicrobiales;f__;g___f__Endomicrobiaceae"
"X1783343","N.MeFOSAA",-0.00381330089594691,0.00365578177957156,-0.0113143455128644,0.00368774372097062,0.306157695016052,35,0.942023676972467,"Endomicrobiaceae","Family","Endomicrobiaceae","d__Bacteria;p__Elusimicrobiota;c__Endomicrobiia;o__Endomicrobiales;f__;g___f__Endomicrobiaceae"
"X186827","N.MeFOSAA",2.24401505682849e-07,0.000862804185671305,-0.00177010355640162,0.00177055235941299,0.999794395198589,35,0.999794395198589,"Aerococcaceae","Family","Aerococcaceae","d__Bacteria;p__Bacillota;c__Bacilli;o__Lactobacillales;f__;g___f__Aerococcaceae"
"X186827","PFBA",0.000501737084240875,0.000868134257235227,-0.00127952727715631,0.00228300144563806,0.568088096723295,35,0.892767165128997,"Aerococcaceae","Family","Aerococcaceae","d__Bacteria;p__Bacillota;c__Bacilli;o__Lactobacillales;f__;g___f__Aerococcaceae"
"X186827","PFDA",-0.000497493503312289,0.000807459332122636,-0.0021542632017783,0.00115927619515372,0.542973890533087,35,0.814295537408073,"Aerococcaceae","Family","Aerococcaceae","d__Bacteria;p__Bacillota;c__Bacilli;o__Lactobacillales;f__;g___f__Aerococcaceae"
"X186827","PFDoA",-0.000466253637164896,0.000798041599328394,-0.00210369974408763,0.00117119246975784,0.563904099599043,35,0.878418770221252,"Aerococcaceae","Family","Aerococcaceae","d__Bacteria;p__Bacillota;c__Bacilli;o__Lactobacillales;f__;g___f__Aerococcaceae"
"X186827","PFHpA",-0.000408311173221283,0.000775158797823608,-0.00199880564971393,0.00118218330327137,0.602671681739848,35,0.990995396678223,"Aerococcaceae","Family","Aerococcaceae","d__Bacteria;p__Bacillota;c__Bacilli;o__Lactobacillales;f__;g___f__Aerococcaceae"
"X188709","PFBA",0.000116524633255833,0.00306288786592033,-0.00616800215859667,0.00640105142510834,0.969932470106246,35,0.979271407468585,"Thermotogaceae","Family","Thermotogaceae","d__Bacteria;p__Thermotogota;c__Thermotogae;o__Thermotogales;f__;g___f__Thermotogaceae"
"X188709","PFDA",-0.000896680721665834,0.00284604290154146,-0.00673627839826069,0.00494291695492902,0.755136507148585,35,0.888395890763042,"Thermotogaceae","Family","Thermotogaceae","d__Bacteria;p__Thermotogota;c__Thermotogae;o__Thermotogales;f__;g___f__Thermotogaceae"
"X188709","PFDoA",0.00272115793917982,0.00276692223401439,-0.00295609753729872,0.00839841341565836,0.334112232690092,35,0.800590542699013,"Thermotogaceae","Family","Thermotogaceae","d__Bacteria;p__Thermotogota;c__Thermotogae;o__Thermotogales;f__;g___f__Thermotogaceae"
"X188709","PFHpA",-0.000569161187404979,0.00272990406495196,-0.00617046165493698,0.00503213928012703,0.836410251956316,35,0.990995396678223,"Thermotogaceae","Family","Thermotogaceae","d__Bacteria;p__Thermotogota;c__Thermotogae;o__Thermotogales;f__;g___f__Thermotogaceae"
"X188709","N.MeFOSAA",0.00139323967677379,0.00301360250324507,-0.00479016190392581,0.0075766412574734,0.647558061402034,35,0.94823139426316,"Thermotogaceae","Family","Thermotogaceae","d__Bacteria;p__Thermotogota;c__Thermotogae;o__Thermotogales;f__;g___f__Thermotogaceae"
"X1890438","PFHpA",0.000295462282386736,0.00276351302479815,-0.00537479807458484,0.00596572263935832,0.915646518559213,35,0.990995396678223,"Leptolyngbyaceae","Family","Leptolyngbyaceae","d__Bacteria;p__Cyanobacteriota;c__Cyanophyceae;o__Leptolyngbyales;f__;g___f__Leptolyngbyaceae"
"X1890438","PFDoA",0.000401072773373496,0.00284797915048073,-0.00544249775788246,0.00624464330462945,0.889051917574823,35,0.99488059595109,"Leptolyngbyaceae","Family","Leptolyngbyaceae","d__Bacteria;p__Cyanobacteriota;c__Cyanophyceae;o__Leptolyngbyales;f__;g___f__Leptolyngbyaceae"
"X1890438","PFDA",0.003048035189065,0.00282439119722215,-0.00274713685987369,0.00884320723800368,0.290052880660761,35,0.773474348428696,"Leptolyngbyaceae","Family","Leptolyngbyaceae","d__Bacteria;p__Cyanobacteriota;c__Cyanophyceae;o__Leptolyngbyales;f__;g___f__Leptolyngbyaceae"
"X1890438","PFBA",0.00163929898635596,0.00308274123715811,-0.00468596355845724,0.00796456153116916,0.599236136471755,35,0.892767165128997,"Leptolyngbyaceae","Family","Leptolyngbyaceae","d__Bacteria;p__Cyanobacteriota;c__Cyanophyceae;o__Leptolyngbyales;f__;g___f__Leptolyngbyaceae"
"X1890438","N.MeFOSAA",-0.000276204777810727,0.00306047905699168,-0.00655578910199506,0.0060033795463736,0.928755633542557,35,0.999794395198589,"Leptolyngbyaceae","Family","Leptolyngbyaceae","d__Bacteria;p__Cyanobacteriota;c__Cyanophyceae;o__Leptolyngbyales;f__;g___f__Leptolyngbyaceae"
"X1892251","PFHpA",-0.00419719143459012,0.00314381052847931,-0.010647757814956,0.00225337494577573,0.193003372694383,35,0.990995396678223,"Coleofasciculaceae","Family","Coleofasciculaceae","d__Bacteria;p__Cyanobacteriota;c__Cyanophyceae;o__Coleofasciculales;f__;g___f__Coleofasciculaceae"
"X1892251","PFDoA",0.00331741832730362,0.00328417208567743,-0.00342114617946205,0.0100559828340693,0.321403553915251,35,0.800590542699013,"Coleofasciculaceae","Family","Coleofasciculaceae","d__Bacteria;p__Cyanobacteriota;c__Cyanophyceae;o__Coleofasciculales;f__;g___f__Coleofasciculaceae"
"X1892251","PFDA",0.00212128304051032,0.00336281284423883,-0.00477863897451077,0.00902120505553141,0.533470995370884,35,0.814295537408073,"Coleofasciculaceae","Family","Coleofasciculaceae","d__Bacteria;p__Cyanobacteriota;c__Cyanophyceae;o__Coleofasciculales;f__;g___f__Coleofasciculaceae"
"X1892251","PFBA",0.0021317077573839,0.00361581765962435,-0.00528733725866167,0.00955075277342947,0.560393370700061,35,0.892767165128997,"Coleofasciculaceae","Family","Coleofasciculaceae","d__Bacteria;p__Cyanobacteriota;c__Cyanophyceae;o__Coleofasciculales;f__;g___f__Coleofasciculaceae"
"X1892251","N.MeFOSAA",0.00418592288352197,0.00350307385499515,-0.0030017909536413,0.0113736367206852,0.242506051539029,35,0.942023676972467,"Coleofasciculaceae","Family","Coleofasciculaceae","d__Bacteria;p__Cyanobacteriota;c__Cyanophyceae;o__Coleofasciculales;f__;g___f__Coleofasciculaceae"
"X2066474","PFHpA",0.000449943776412132,0.00252225423667883,-0.00472529443672718,0.00562518198955145,0.85974883189765,35,0.990995396678223,"Endozoicomonadaceae","Family","Endozoicomonadaceae","d__Bacteria;p__Pseudomonadota;c__Gammaproteobacteria;o__Oceanospirillales;f__;g___f__Endozoicomonadaceae"
"X2066474","PFDoA",0.000208151941041393,0.00260097369768704,-0.00512860526443544,0.00554490914651823,0.936804851451133,35,0.99488059595109,"Endozoicomonadaceae","Family","Endozoicomonadaceae","d__Bacteria;p__Pseudomonadota;c__Gammaproteobacteria;o__Oceanospirillales;f__;g___f__Endozoicomonadaceae"
"X2066474","PFDA",-0.00215313299713437,0.00260102094956103,-0.00748998715544823,0.00318372116117948,0.415039295159423,35,0.793458478289943,"Endozoicomonadaceae","Family","Endozoicomonadaceae","d__Bacteria;p__Pseudomonadota;c__Gammaproteobacteria;o__Oceanospirillales;f__;g___f__Endozoicomonadaceae"
"X2066474","PFBA",-0.00283533580405689,0.00277626072725644,-0.0085317522859474,0.00286108067783362,0.316186565633045,35,0.892767165128997,"Endozoicomonadaceae","Family","Endozoicomonadaceae","d__Bacteria;p__Pseudomonadota;c__Gammaproteobacteria;o__Oceanospirillales;f__;g___f__Endozoicomonadaceae"
"X2066474","N.MeFOSAA",-0.0049355613206048,0.00262840780367959,-0.0103286086619495,0.000457486020739892,0.0712535703580061,35,0.942023676972467,"Endozoicomonadaceae","Family","Endozoicomonadaceae","d__Bacteria;p__Pseudomonadota;c__Gammaproteobacteria;o__Oceanospirillales;f__;g___f__Endozoicomonadaceae"
"X213121","PFHpA",0.000394508350367992,0.00261102111315621,-0.00496286444878024,0.00575188114951623,0.881025182218107,35,0.990995396678223,"Desulfobulbaceae","Family","Desulfobulbaceae","d__Bacteria;p__Thermodesulfobacteriota;c__Desulfobulbia;o__Desulfobulbales;f__;g___f__Desulfobulbaceae"
"X213121","N.MeFOSAA",-0.00137472258137007,0.0028805224903706,-0.00728506653052026,0.00453562136778013,0.637026353185602,35,0.94823139426316,"Desulfobulbaceae","Family","Desulfobulbaceae","d__Bacteria;p__Thermodesulfobacteriota;c__Desulfobulbia;o__Desulfobulbales;f__;g___f__Desulfobulbaceae"
"X213121","PFBA",0.00146979923288922,0.00291477138190875,-0.00451081763707458,0.00745041610285301,0.618169919792826,35,0.892767165128997,"Desulfobulbaceae","Family","Desulfobulbaceae","d__Bacteria;p__Thermodesulfobacteriota;c__Desulfobulbia;o__Desulfobulbales;f__;g___f__Desulfobulbaceae"
"X213121","PFDA",0.000229373008577636,0.00272570326522598,-0.00536330812988298,0.00582205414703825,0.933556544641793,35,0.974057287553516,"Desulfobulbaceae","Family","Desulfobulbaceae","d__Bacteria;p__Thermodesulfobacteriota;c__Desulfobulbia;o__Desulfobulbales;f__;g___f__Desulfobulbaceae"
"X213121","PFDoA",-0.00349389445082425,0.00260706738452003,-0.00884315486890289,0.0018553659672544,0.191362143838748,35,0.641737438135122,"Desulfobulbaceae","Family","Desulfobulbaceae","d__Bacteria;p__Thermodesulfobacteriota;c__Desulfobulbia;o__Desulfobulbales;f__;g___f__Desulfobulbaceae"
"X2162846","PFHpA",-0.000695344489628055,0.00171187808347555,-0.00420782818179697,0.00281713920254086,0.687805872001645,35,0.990995396678223,"Candidatus Nanopelagicaceae","Family","Candidatus Nanopelagicaceae","d__Bacteria;p__Actinomycetota;c__Actinomycetes;o__Candidatus Nanopelagicales;f__;g___f__Candidatus_Nanopelagicaceae"
"X2162846","PFDoA",-0.00109994457178906,0.00175715355856828,-0.00470532586540139,0.00250543672182327,0.536583864658006,35,0.878418770221252,"Candidatus Nanopelagicaceae","Family","Candidatus Nanopelagicaceae","d__Bacteria;p__Actinomycetota;c__Actinomycetes;o__Candidatus Nanopelagicales;f__;g___f__Candidatus_Nanopelagicaceae"
"X2162846","PFDA",-0.00257247866978596,0.0017222531511234,-0.00610625024236528,0.00096129290279336,0.146857147683059,35,0.656886841901098,"Candidatus Nanopelagicaceae","Family","Candidatus Nanopelagicaceae","d__Bacteria;p__Actinomycetota;c__Actinomycetes;o__Candidatus Nanopelagicales;f__;g___f__Candidatus_Nanopelagicaceae"
"X2162846","N.MeFOSAA",-0.00257292232701294,0.00183590142580108,-0.00633988089772127,0.00119403624369539,0.172470662722654,35,0.942023676972467,"Candidatus Nanopelagicaceae","Family","Candidatus Nanopelagicaceae","d__Bacteria;p__Actinomycetota;c__Actinomycetes;o__Candidatus Nanopelagicales;f__;g___f__Candidatus_Nanopelagicaceae"
"X2162846","PFBA",0.000245033016791276,0.00192447116941965,-0.00370365565671046,0.00419372169029301,0.899626835457398,35,0.972569551845836,"Candidatus Nanopelagicaceae","Family","Candidatus Nanopelagicaceae","d__Bacteria;p__Actinomycetota;c__Actinomycetes;o__Candidatus Nanopelagicales;f__;g___f__Candidatus_Nanopelagicaceae"
"X2211325","PFBA",-0.000620390321280503,0.00185174000158187,-0.00441984696511344,0.00317906632255243,0.740190752425231,35,0.892767165128997,"Vicinamibacteraceae","Family","Vicinamibacteraceae","d__Bacteria;p__Acidobacteriota;c__Vicinamibacteria;o__Vicinamibacterales;f__;g___f__Vicinamibacteraceae"
"X2211325","PFDA",-0.00207643176893461,0.00168047514520597,-0.00552448195405485,0.00137161841618563,0.227242517440952,35,0.773474348428696,"Vicinamibacteraceae","Family","Vicinamibacteraceae","d__Bacteria;p__Acidobacteriota;c__Vicinamibacteria;o__Vicinamibacterales;f__;g___f__Vicinamibacteraceae"
"X2211325","PFDoA",-0.00162805623349936,0.00167697598311177,-0.00506892673105261,0.00181281426405389,0.340250980647081,35,0.800590542699013,"Vicinamibacteraceae","Family","Vicinamibacteraceae","d__Bacteria;p__Acidobacteriota;c__Vicinamibacteria;o__Vicinamibacterales;f__;g___f__Vicinamibacteraceae"
"X2211325","PFHpA",0.000510575540532765,0.00165222111249712,-0.00287950215806183,0.00390065323912736,0.759675534487833,35,0.990995396678223,"Vicinamibacteraceae","Family","Vicinamibacteraceae","d__Bacteria;p__Acidobacteriota;c__Vicinamibacteria;o__Vicinamibacterales;f__;g___f__Vicinamibacteraceae"
"X2211325","N.MeFOSAA",-0.00190927611024543,0.00179568147552912,-0.00559371015961442,0.00177515793912356,0.297081697660234,35,0.942023676972467,"Vicinamibacteraceae","Family","Vicinamibacteraceae","d__Bacteria;p__Acidobacteriota;c__Vicinamibacteria;o__Vicinamibacterales;f__;g___f__Vicinamibacteraceae"
"X2448023","PFHpA",-0.00112856222775659,0.000883093538410048,-0.00294052049877288,0.000683396043259697,0.212140287945941,35,0.990995396678223,"Ilumatobacteraceae","Family","Ilumatobacteraceae","d__Bacteria;p__Actinomycetota;c__Acidimicrobiia;o__Acidimicrobiales;f__;g___f__Ilumatobacteraceae"
"X2448023","N.MeFOSAA",0.000806601201570545,0.000995038020880766,-0.00123504817473076,0.00284825057787185,0.424669816851994,35,0.943710704115543,"Ilumatobacteraceae","Family","Ilumatobacteraceae","d__Bacteria;p__Actinomycetota;c__Acidimicrobiia;o__Acidimicrobiales;f__;g___f__Ilumatobacteraceae"
"X2448023","PFBA",0.00149058885989382,0.000978354738228918,-0.000516829247947349,0.003498006967735,0.139245090995142,35,0.892767165128997,"Ilumatobacteraceae","Family","Ilumatobacteraceae","d__Bacteria;p__Actinomycetota;c__Acidimicrobiia;o__Acidimicrobiales;f__;g___f__Ilumatobacteraceae"
"X2448023","PFDoA",0.00176633605753256,0.00087354142549453,-2.60228967068009e-05,0.00355869501177193,0.0531833880741577,35,0.641737438135122,"Ilumatobacteraceae","Family","Ilumatobacteraceae","d__Bacteria;p__Actinomycetota;c__Acidimicrobiia;o__Acidimicrobiales;f__;g___f__Ilumatobacteraceae"
"X2448023","PFDA",-0.000461127836487283,0.000944918587645443,-0.00239994063020765,0.00147768495723309,0.629483832318106,35,0.831473147378985,"Ilumatobacteraceae","Family","Ilumatobacteraceae","d__Bacteria;p__Actinomycetota;c__Acidimicrobiia;o__Acidimicrobiales;f__;g___f__Ilumatobacteraceae"
"X255474","PFDA",0.00549752329129905,0.00666314998145055,-0.00817413117652624,0.0191691777591243,0.41656570110222,35,0.793458478289943,"Parvularculaceae","Family","Parvularculaceae","d__Bacteria;p__Pseudomonadota;c__Alphaproteobacteria;o__Parvularculales;f__;g___f__Parvularculaceae"
"X255474","PFBA",0.0114698609286033,0.00690321641973539,-0.00269436918327753,0.0256340910404842,0.108177611439351,35,0.892767165128997,"Parvularculaceae","Family","Parvularculaceae","d__Bacteria;p__Pseudomonadota;c__Alphaproteobacteria;o__Parvularculales;f__;g___f__Parvularculaceae"
"X255474","PFDoA",0.00422077946821423,0.00661357763849459,-0.00934916095356059,0.017790719889989,0.528720406099715,35,0.878418770221252,"Parvularculaceae","Family","Parvularculaceae","d__Bacteria;p__Pseudomonadota;c__Alphaproteobacteria;o__Parvularculales;f__;g___f__Parvularculaceae"
"X255474","PFHpA",0.00777929351328778,0.00628890176410352,-0.00512446704144653,0.0206830540680221,0.226743061288285,35,0.990995396678223,"Parvularculaceae","Family","Parvularculaceae","d__Bacteria;p__Pseudomonadota;c__Alphaproteobacteria;o__Parvularculales;f__;g___f__Parvularculaceae"
"X255474","N.MeFOSAA",-0.00914187361580906,0.0069393467204957,-0.0233802369813595,0.0050964897497414,0.198776333589224,35,0.942023676972467,"Parvularculaceae","Family","Parvularculaceae","d__Bacteria;p__Pseudomonadota;c__Alphaproteobacteria;o__Parvularculales;f__;g___f__Parvularculaceae"
"X267890","PFDoA",-0.00108106385001536,0.00141929734671491,-0.00399322145796451,0.00183109375793378,0.452847710108501,35,0.862567066873336,"Shewanellaceae","Family","Shewanellaceae","d__Bacteria;p__Pseudomonadota;c__Gammaproteobacteria;o__Alteromonadales;f__;g___f__Shewanellaceae"
"X267890","PFHpA",-0.000777761913420277,0.00138363232492989,-0.0036167409413,0.00206121711445944,0.578674191277007,35,0.990995396678223,"Shewanellaceae","Family","Shewanellaceae","d__Bacteria;p__Pseudomonadota;c__Gammaproteobacteria;o__Alteromonadales;f__;g___f__Shewanellaceae"
"X267890","PFDA",-0.00164599883957657,0.00141744329766274,-0.00455435225310144,0.00126235457394829,0.25570614928201,35,0.773474348428696,"Shewanellaceae","Family","Shewanellaceae","d__Bacteria;p__Pseudomonadota;c__Gammaproteobacteria;o__Alteromonadales;f__;g___f__Shewanellaceae"
"X267890","PFBA",-0.00163213652590054,0.00152830204868713,-0.00476795330779613,0.00150368025599505,0.295002954252205,35,0.892767165128997,"Shewanellaceae","Family","Shewanellaceae","d__Bacteria;p__Pseudomonadota;c__Gammaproteobacteria;o__Alteromonadales;f__;g___f__Shewanellaceae"
"X267890","N.MeFOSAA",0.000821669780923393,0.00153302933011769,-0.00232384658127141,0.0039671861431182,0.596362186425762,35,0.94823139426316,"Shewanellaceae","Family","Shewanellaceae","d__Bacteria;p__Pseudomonadota;c__Gammaproteobacteria;o__Alteromonadales;f__;g___f__Shewanellaceae"
"X2807496","PFHpA",-0.000597565381614198,0.00119933270162165,-0.00305839281821424,0.00186326205498584,0.622343609371289,35,0.990995396678223,"Natranaerofabaceae","Family","Natranaerofabaceae","d__Bacteria;p__Bacillota;c__Clostridia;o__Natranaerobiales;f__;g___f__Natranaerofabaceae"
"X2807496","PFDoA",0.00329611705615403,0.00106761991987914,0.00110554192454377,0.0054866921877643,0.00463312167340086,35,0.185324866936035,"Natranaerofabaceae","Family","Natranaerofabaceae","d__Bacteria;p__Bacillota;c__Clostridia;o__Natranaerobiales;f__;g___f__Natranaerofabaceae"
"X2807496","PFDA",8.00456930662122e-05,0.00125729192308258,-0.0024997042428388,0.00265979562897123,0.949705855364678,35,0.974057287553516,"Natranaerofabaceae","Family","Natranaerofabaceae","d__Bacteria;p__Bacillota;c__Clostridia;o__Natranaerobiales;f__;g___f__Natranaerofabaceae"
"X2807496","PFBA",0.000584292291627324,0.00134605566590069,-0.00217758580054891,0.00334617038380356,0.667681330008121,35,0.892767165128997,"Natranaerofabaceae","Family","Natranaerofabaceae","d__Bacteria;p__Bacillota;c__Clostridia;o__Natranaerobiales;f__;g___f__Natranaerofabaceae"
"X2807496","N.MeFOSAA",0.00158267197572969,0.00129899196715651,-0.0010826393831448,0.00424798333460418,0.233617374983059,35,0.942023676972467,"Natranaerofabaceae","Family","Natranaerofabaceae","d__Bacteria;p__Bacillota;c__Clostridia;o__Natranaerobiales;f__;g___f__Natranaerofabaceae"
"X28256","N.MeFOSAA",0.000845902939836669,0.00298407611492555,-0.0052769154962675,0.00696872137594084,0.7789771052093,35,0.987601581145595,"Halomonadaceae","Family","Halomonadaceae","d__Bacteria;p__Pseudomonadota;c__Gammaproteobacteria;o__Oceanospirillales;f__;g___f__Halomonadaceae"
"X28256","PFBA",-0.00129167285580676,0.003015288843924,-0.00747853452177257,0.00489518881015905,0.671776577417328,35,0.892767165128997,"Halomonadaceae","Family","Halomonadaceae","d__Bacteria;p__Pseudomonadota;c__Gammaproteobacteria;o__Oceanospirillales;f__;g___f__Halomonadaceae"
"X28256","PFDA",0.00172879705352757,0.00279668579813712,-0.0040095282120972,0.00746712231915234,0.541650236935586,35,0.814295537408073,"Halomonadaceae","Family","Halomonadaceae","d__Bacteria;p__Pseudomonadota;c__Gammaproteobacteria;o__Oceanospirillales;f__;g___f__Halomonadaceae"
"X28256","PFDoA",-1.80135383560335e-05,0.00278160979629737,-0.00572540540333949,0.00568937832662742,0.99488059595109,35,0.99488059595109,"Halomonadaceae","Family","Halomonadaceae","d__Bacteria;p__Pseudomonadota;c__Gammaproteobacteria;o__Oceanospirillales;f__;g___f__Halomonadaceae"
"X28256","PFHpA",0.00142006041636321,0.00268482108003153,-0.00408873740693505,0.00692885823966147,0.601181352800938,35,0.990995396678223,"Halomonadaceae","Family","Halomonadaceae","d__Bacteria;p__Pseudomonadota;c__Gammaproteobacteria;o__Oceanospirillales;f__;g___f__Halomonadaceae"
"X2881384","PFHpA",-0.00382163390346812,0.00226435344061386,-0.00846770339301677,0.000824435586080532,0.102982071500385,35,0.990995396678223,"Thermostichaceae","Family","Thermostichaceae","d__Bacteria;p__Cyanobacteriota;c__Cyanophyceae;o__Thermostichales;f__;g___f__Thermostichaceae"
"X2881384","PFDoA",-0.00118645751828815,0.0024433061698739,-0.00619970767873997,0.00382679264216368,0.631171657447894,35,0.935069122145028,"Thermostichaceae","Family","Thermostichaceae","d__Bacteria;p__Cyanobacteriota;c__Cyanophyceae;o__Thermostichales;f__;g___f__Thermostichaceae"
"X2881384","PFDA",-0.00223804837391107,0.00244703144127095,-0.00725894215989753,0.00278284541207539,0.368499157199919,35,0.793458478289943,"Thermostichaceae","Family","Thermostichaceae","d__Bacteria;p__Cyanobacteriota;c__Cyanophyceae;o__Thermostichales;f__;g___f__Thermostichaceae"
"X2881384","PFBA",-0.00255728359008651,0.00262336243006165,-0.00793997867987488,0.00282541149970185,0.338307216206574,35,0.892767165128997,"Thermostichaceae","Family","Thermostichaceae","d__Bacteria;p__Cyanobacteriota;c__Cyanophyceae;o__Thermostichales;f__;g___f__Thermostichaceae"
"X2881384","N.MeFOSAA",0.00120824397441933,0.00262620772032109,-0.0041802891687516,0.00659677711759025,0.64914834729395,35,0.94823139426316,"Thermostichaceae","Family","Thermostichaceae","d__Bacteria;p__Cyanobacteriota;c__Cyanophyceae;o__Thermostichales;f__;g___f__Thermostichaceae"
"X2897348","N.MeFOSAA",-6.11263440216383e-05,0.00208081612774823,-0.00433060837411979,0.00420835568607651,0.976780670300993,35,0.999794395198589,"Candidatus Uabimicrobiaceae","Family","Candidatus Uabimicrobiaceae","d__Bacteria;p__Planctomycetota;c__Candidatus Uabimicrobiia;o__Candidatus Uabimicrobiales;f__;g___f__Candidatus_Uabimicrobiaceae"
"X2897348","PFBA",0.00117647912010072,0.00209441265114321,-0.00312090067161729,0.00547385891181873,0.578938427864496,35,0.892767165128997,"Candidatus Uabimicrobiaceae","Family","Candidatus Uabimicrobiaceae","d__Bacteria;p__Planctomycetota;c__Candidatus Uabimicrobiia;o__Candidatus Uabimicrobiales;f__;g___f__Candidatus_Uabimicrobiaceae"
"X2897348","PFDA",0.00169618890864748,0.00193365450177927,-0.00227134240643271,0.00566372022372767,0.388120303942675,35,0.793458478289943,"Candidatus Uabimicrobiaceae","Family","Candidatus Uabimicrobiaceae","d__Bacteria;p__Planctomycetota;c__Candidatus Uabimicrobiia;o__Candidatus Uabimicrobiales;f__;g___f__Candidatus_Uabimicrobiaceae"
"X2897348","PFDoA",0.000558289165284648,0.00193380508037929,-0.00340955111156219,0.00452612944213149,0.775016048956917,35,0.99488059595109,"Candidatus Uabimicrobiaceae","Family","Candidatus Uabimicrobiaceae","d__Bacteria;p__Planctomycetota;c__Candidatus Uabimicrobiia;o__Candidatus Uabimicrobiales;f__;g___f__Candidatus_Uabimicrobiaceae"
"X2897348","PFHpA",-0.000480351223601913,0.00187677824881195,-0.0043311821071807,0.00337047965997687,0.799933576156319,35,0.990995396678223,"Candidatus Uabimicrobiaceae","Family","Candidatus Uabimicrobiaceae","d__Bacteria;p__Planctomycetota;c__Candidatus Uabimicrobiia;o__Candidatus Uabimicrobiales;f__;g___f__Candidatus_Uabimicrobiaceae"
"X2931039","PFHpA",4.79841081008524e-05,0.000949872337155336,-0.00190099294003492,0.00199696115623662,0.960082769125399,35,0.990995396678223,"Desulfococcaceae","Family","Desulfococcaceae","d__Bacteria;p__Thermodesulfobacteriota;c__Desulfobacteria;o__Desulfobacterales;f__;g___f__Desulfococcaceae"
"X2931039","PFDoA",0.000876278661033117,0.00096447091695653,-0.00110265219863601,0.00285520952070225,0.371621892926736,35,0.802006580015471,"Desulfococcaceae","Family","Desulfococcaceae","d__Bacteria;p__Thermodesulfobacteriota;c__Desulfobacteria;o__Desulfobacterales;f__;g___f__Desulfococcaceae"
"X2931039","PFDA",-0.000913231410534415,0.000975647416974906,-0.00291509455400869,0.00108863173293986,0.357557021510414,35,0.793458478289943,"Desulfococcaceae","Family","Desulfococcaceae","d__Bacteria;p__Thermodesulfobacteriota;c__Desulfobacteria;o__Desulfobacterales;f__;g___f__Desulfococcaceae"
"X2931039","PFBA",0.000799624903055487,0.00105377915509188,-0.00136255132499283,0.00296180113110381,0.454536144442936,35,0.892767165128997,"Desulfococcaceae","Family","Desulfococcaceae","d__Bacteria;p__Thermodesulfobacteriota;c__Desulfobacteria;o__Desulfobacterales;f__;g___f__Desulfococcaceae"
"X2931039","N.MeFOSAA",-0.00163419215132805,0.0010038168369885,-0.00369385417041778,0.000425469867761676,0.115144309800141,35,0.942023676972467,"Desulfococcaceae","Family","Desulfococcaceae","d__Bacteria;p__Thermodesulfobacteriota;c__Desulfobacteria;o__Desulfobacterales;f__;g___f__Desulfococcaceae"
"X2934961","PFBA",-0.00239815357711503,0.00712756666025623,-0.0170227123588762,0.0122264052046462,0.739123787928351,35,0.892767165128997,"Sirenicapillariaceae","Family","Sirenicapillariaceae","d__Bacteria;p__Cyanobacteriota;c__Cyanophyceae;o__Oscillatoriales;f__;g___f__Sirenicapillariaceae"
"X2934961","PFDA",0.00438341748133307,0.0065950994387612,-0.00914860880633916,0.0179154437690053,0.511913106181138,35,0.814295537408073,"Sirenicapillariaceae","Family","Sirenicapillariaceae","d__Bacteria;p__Cyanobacteriota;c__Cyanophyceae;o__Oscillatoriales;f__;g___f__Sirenicapillariaceae"
"X2934961","PFDoA",9.40984967635809e-05,0.00656666674265046,-0.0133795887173628,0.01356778571089,0.98867229240517,35,0.99488059595109,"Sirenicapillariaceae","Family","Sirenicapillariaceae","d__Bacteria;p__Cyanobacteriota;c__Cyanophyceae;o__Oscillatoriales;f__;g___f__Sirenicapillariaceae"
"X2934961","PFHpA",0.000809074201788179,0.00636904129424748,-0.0122591190864719,0.0138772674900482,0.899856151238051,35,0.990995396678223,"Sirenicapillariaceae","Family","Sirenicapillariaceae","d__Bacteria;p__Cyanobacteriota;c__Cyanophyceae;o__Oscillatoriales;f__;g___f__Sirenicapillariaceae"
"X2934961","N.MeFOSAA",0.00162472096722946,0.00704820211275938,-0.0128369952140511,0.01608643714851,0.819428812241552,35,0.987601581145595,"Sirenicapillariaceae","Family","Sirenicapillariaceae","d__Bacteria;p__Cyanobacteriota;c__Cyanophyceae;o__Oscillatoriales;f__;g___f__Sirenicapillariaceae"
"X2937911","PFHpA",-6.43371369869063e-05,0.00180683028354804,-0.0037716466508715,0.00364297237689769,0.971857093997327,35,0.990995396678223,"Thermincolaceae","Family","Thermincolaceae","d__Bacteria;p__Bacillota;c__Clostridia;o__Eubacteriales;f__;g___f__Thermincolaceae"
"X2937911","PFDoA",0.00106185410394201,0.00185114340952288,-0.0027363784340984,0.00486008664198242,0.570972200643814,35,0.878418770221252,"Thermincolaceae","Family","Thermincolaceae","d__Bacteria;p__Bacillota;c__Clostridia;o__Eubacteriales;f__;g___f__Thermincolaceae"
"X2937911","PFDA",0.00209772036619828,0.00184196345146567,-0.00168167645376034,0.0058771171861569,0.264769670863259,35,0.773474348428696,"Thermincolaceae","Family","Thermincolaceae","d__Bacteria;p__Bacillota;c__Clostridia;o__Eubacteriales;f__;g___f__Thermincolaceae"
"X2937911","PFBA",-0.000665358108580353,0.00202164170276668,-0.00481342424770619,0.00348270803054548,0.744606115121484,35,0.892767165128997,"Thermincolaceae","Family","Thermincolaceae","d__Bacteria;p__Bacillota;c__Clostridia;o__Eubacteriales;f__;g___f__Thermincolaceae"
"X2937911","N.MeFOSAA",-0.00211802787186633,0.00195895850505381,-0.00613747871305433,0.00190142296932167,0.289170642728896,35,0.942023676972467,"Thermincolaceae","Family","Thermincolaceae","d__Bacteria;p__Bacillota;c__Clostridia;o__Eubacteriales;f__;g___f__Thermincolaceae"
"X403","PFHpA",0.00160074009495114,0.00143370262824046,-0.00134097470923062,0.0045424548991329,0.274042819850842,35,0.990995396678223,"Methylococcaceae","Family","Methylococcaceae","d__Bacteria;p__Pseudomonadota;c__Gammaproteobacteria;o__Methylococcales;f__;g___f__Methylococcaceae"
"X403","N.MeFOSAA",0.00134001456240476,0.00160330136434052,-0.00194968810406359,0.00462971722887311,0.410611722314472,35,0.943710704115543,"Methylococcaceae","Family","Methylococcaceae","d__Bacteria;p__Pseudomonadota;c__Gammaproteobacteria;o__Methylococcales;f__;g___f__Methylococcaceae"
"X403","PFBA",-0.000691061033351239,0.00163862856422623,-0.0040532491266069,0.00267112705990442,0.67656005628359,35,0.892767165128997,"Methylococcaceae","Family","Methylococcaceae","d__Bacteria;p__Pseudomonadota;c__Gammaproteobacteria;o__Methylococcales;f__;g___f__Methylococcaceae"
"X403","PFDoA",-0.00053855221825752,0.00150792445923167,-0.00363255764025608,0.00255545320374104,0.723757447654833,35,0.99488059595109,"Methylococcaceae","Family","Methylococcaceae","d__Bacteria;p__Pseudomonadota;c__Gammaproteobacteria;o__Methylococcales;f__;g___f__Methylococcaceae"
"X403","PFDA",-0.000726143313439386,0.00152399516845717,-0.00385312310704833,0.00240083648016955,0.637570542385566,35,0.831473147378985,"Methylococcaceae","Family","Methylococcaceae","d__Bacteria;p__Pseudomonadota;c__Gammaproteobacteria;o__Methylococcales;f__;g___f__Methylococcaceae"
"X433","PFHpA",0.00149020747689094,0.00206427112210581,-0.00274532700573476,0.00572574195951663,0.476558977628127,35,0.990995396678223,"Acetobacteraceae","Family","Acetobacteraceae","d__Bacteria;p__Pseudomonadota;c__Alphaproteobacteria;o__Rhodospirillales;f__;g___f__Acetobacteraceae"
"X433","PFDoA",0.000191883861096325,0.00214781442528034,-0.00421506732043045,0.0045988350426231,0.929471816922679,35,0.99488059595109,"Acetobacteraceae","Family","Acetobacteraceae","d__Bacteria;p__Pseudomonadota;c__Alphaproteobacteria;o__Rhodospirillales;f__;g___f__Acetobacteraceae"
"X433","PFDA",0.00338818497235761,0.00207495963396155,-0.000869280525069469,0.00764565046978469,0.114101130791333,35,0.656886841901098,"Acetobacteraceae","Family","Acetobacteraceae","d__Bacteria;p__Pseudomonadota;c__Alphaproteobacteria;o__Rhodospirillales;f__;g___f__Acetobacteraceae"
"X433","PFBA",0.000520241988884008,0.00233434511706008,-0.00426943855829662,0.00530992253606463,0.825318620493374,35,0.917210403793727,"Acetobacteraceae","Family","Acetobacteraceae","d__Bacteria;p__Pseudomonadota;c__Alphaproteobacteria;o__Rhodospirillales;f__;g___f__Acetobacteraceae"
"X433","N.MeFOSAA",0.00255892695428358,0.00225476027558374,-0.00206745898650663,0.00718531289507379,0.266392434175739,35,0.942023676972467,"Acetobacteraceae","Family","Acetobacteraceae","d__Bacteria;p__Pseudomonadota;c__Alphaproteobacteria;o__Rhodospirillales;f__;g___f__Acetobacteraceae"
"X453228","PFDA",0.00133862888625498,0.00305199599535993,-0.00492354963320015,0.0076008074057101,0.664435514718248,35,0.831473147378985,"Desulfarculaceae","Family","Desulfarculaceae","d__Bacteria;p__Thermodesulfobacteriota;c__Desulfarculia;o__Desulfarculales;f__;g___f__Desulfarculaceae"
"X453228","PFBA",0.00451212540709892,0.00317360318536695,-0.00199957045583602,0.0110238212700339,0.166543059072783,35,0.892767165128997,"Desulfarculaceae","Family","Desulfarculaceae","d__Bacteria;p__Thermodesulfobacteriota;c__Desulfarculia;o__Desulfarculales;f__;g___f__Desulfarculaceae"
"X453228","PFDoA",0.00538665890541918,0.00284183350502431,-0.000444301802945831,0.0112176196137842,0.0687804409881195,35,0.641737438135122,"Desulfarculaceae","Family","Desulfarculaceae","d__Bacteria;p__Thermodesulfobacteriota;c__Desulfarculia;o__Desulfarculales;f__;g___f__Desulfarculaceae"
"X453228","PFHpA",0.00189903918946562,0.00291199284070526,-0.00407587658486554,0.00787395496379678,0.519821865106755,35,0.990995396678223,"Desulfarculaceae","Family","Desulfarculaceae","d__Bacteria;p__Thermodesulfobacteriota;c__Desulfarculia;o__Desulfarculales;f__;g___f__Desulfarculaceae"
"X453228","N.MeFOSAA",0.0024592883541637,0.00321536961728237,-0.0041381051483398,0.00905668185666721,0.450992327471429,35,0.94823139426316,"Desulfarculaceae","Family","Desulfarculaceae","d__Bacteria;p__Thermodesulfobacteriota;c__Desulfarculia;o__Desulfarculales;f__;g___f__Desulfarculaceae"
"X45404","PFHpA",0.00642865463339881,0.00269620715041873,0.0008964945234173,0.0119608147433803,0.024398810563582,35,0.975952422543279,"Beijerinckiaceae","Family","Beijerinckiaceae","d__Bacteria;p__Pseudomonadota;c__Alphaproteobacteria;o__Hyphomicrobiales;f__;g___f__Beijerinckiaceae"
"X45404","N.MeFOSAA",-0.00175492020388701,0.0032676837065874,-0.00845965335126844,0.00494981294349442,0.595629338368947,35,0.94823139426316,"Beijerinckiaceae","Family","Beijerinckiaceae","d__Bacteria;p__Pseudomonadota;c__Alphaproteobacteria;o__Hyphomicrobiales;f__;g___f__Beijerinckiaceae"
"X45404","PFBA",8.72143811111469e-05,0.00332572552918815,-0.00673661074911465,0.00691103951133694,0.979271407468585,35,0.979271407468585,"Beijerinckiaceae","Family","Beijerinckiaceae","d__Bacteria;p__Pseudomonadota;c__Alphaproteobacteria;o__Hyphomicrobiales;f__;g___f__Beijerinckiaceae"
"X45404","PFDoA",-0.00405337726951304,0.00295647604361353,-0.0101195650370422,0.0020128104980161,0.181659207964951,35,0.641737438135122,"Beijerinckiaceae","Family","Beijerinckiaceae","d__Bacteria;p__Pseudomonadota;c__Alphaproteobacteria;o__Hyphomicrobiales;f__;g___f__Beijerinckiaceae"
"X45404","PFDA",-0.00588916959479829,0.0028809880691671,-0.011800468832731,2.21296431343913e-05,0.0508042705477817,35,0.52593609634456,"Beijerinckiaceae","Family","Beijerinckiaceae","d__Bacteria;p__Pseudomonadota;c__Alphaproteobacteria;o__Hyphomicrobiales;f__;g___f__Beijerinckiaceae"
"X49546","PFHpA",0.00206199408722194,0.00449252227666599,-0.00715590021600883,0.0112798883904527,0.649919670673669,35,0.990995396678223,"Flavobacteriaceae","Family","Flavobacteriaceae","d__Bacteria;p__Bacteroidota;c__Flavobacteriia;o__Flavobacteriales;f__;g___f__Flavobacteriaceae"
"X49546","PFDoA",-0.00712518671373543,0.00444173773467556,-0.0162388797439448,0.0019885063164739,0.120317479339961,35,0.641737438135122,"Flavobacteriaceae","Family","Flavobacteriaceae","d__Bacteria;p__Bacteroidota;c__Flavobacteriia;o__Flavobacteriales;f__;g___f__Flavobacteriaceae"
"X49546","PFDA",0.00203161993283896,0.00469046531840675,-0.00759241994396042,0.0116556598096383,0.668354996569203,35,0.831473147378985,"Flavobacteriaceae","Family","Flavobacteriaceae","d__Bacteria;p__Bacteroidota;c__Flavobacteriia;o__Flavobacteriales;f__;g___f__Flavobacteriaceae"
"X49546","PFBA",-0.0050001584479237,0.00496378310388172,-0.0151850000976574,0.00518468320181003,0.322719931912037,35,0.892767165128997,"Flavobacteriaceae","Family","Flavobacteriaceae","d__Bacteria;p__Bacteroidota;c__Flavobacteriia;o__Flavobacteriales;f__;g___f__Flavobacteriaceae"
"X49546","N.MeFOSAA",-0.00444520975751466,0.00492054218573537,-0.0145413283718351,0.00565090885680579,0.374304366604436,35,0.943710704115543,"Flavobacteriaceae","Family","Flavobacteriaceae","d__Bacteria;p__Bacteroidota;c__Flavobacteriia;o__Flavobacteriales;f__;g___f__Flavobacteriaceae"
"X543372","PFHpA",0.0012678206423791,0.00129614721427734,-0.00139165376572605,0.00392729505048425,0.336685814727473,35,0.990995396678223,"Thermoanaerobacterales Family IV. Incertae Sedis","Family","Thermoanaerobacterales Family IV. Incertae Sedis","d__Bacteria;p__Bacillota;c__Clostridia;o__Thermoanaerobacterales;f__;g___f__Thermoanaerobacterales_Family_IV._Incertae_Sedis"
"X543372","PFDoA",-0.00136427626266413,0.00133384067969279,-0.00410109127338059,0.00137253874805234,0.315471302657443,35,0.800590542699013,"Thermoanaerobacterales Family IV. Incertae Sedis","Family","Thermoanaerobacterales Family IV. Incertae Sedis","d__Bacteria;p__Bacillota;c__Clostridia;o__Thermoanaerobacterales;f__;g___f__Thermoanaerobacterales_Family_IV._Incertae_Sedis"
"X543372","PFDA",-0.000974874331103462,0.00136359454800865,-0.00377273923681376,0.00182299057460683,0.480789015691829,35,0.814295537408073,"Thermoanaerobacterales Family IV. Incertae Sedis","Family","Thermoanaerobacterales Family IV. Incertae Sedis","d__Bacteria;p__Bacillota;c__Clostridia;o__Thermoanaerobacterales;f__;g___f__Thermoanaerobacterales_Family_IV._Incertae_Sedis"
"X543372","PFBA",-0.00219764864137611,0.00141686102416127,-0.00510480732836172,0.000709510045609502,0.132529048859609,35,0.892767165128997,"Thermoanaerobacterales Family IV. Incertae Sedis","Family","Thermoanaerobacterales Family IV. Incertae Sedis","d__Bacteria;p__Bacillota;c__Clostridia;o__Thermoanaerobacterales;f__;g___f__Thermoanaerobacterales_Family_IV._Incertae_Sedis"
"X543372","N.MeFOSAA",-0.00129938903164195,0.00143898651795955,-0.00425194548199506,0.00165316741871115,0.37451768239359,35,0.943710704115543,"Thermoanaerobacterales Family IV. Incertae Sedis","Family","Thermoanaerobacterales Family IV. Incertae Sedis","d__Bacteria;p__Bacillota;c__Clostridia;o__Thermoanaerobacterales;f__;g___f__Thermoanaerobacterales_Family_IV._Incertae_Sedis"
"X689704","PFDoA",0.00682572053269601,0.00508161960442927,-0.00360090164481644,0.0172523427102085,0.190383831322133,35,0.641737438135122,"Rhabdochlamydiaceae","Family","Rhabdochlamydiaceae","d__Bacteria;p__Chlamydiota;c__Chlamydiia;o__Parachlamydiales;f__;g___f__Rhabdochlamydiaceae"
"X689704","PFHpA",0.00822250174208703,0.00484008914740621,-0.00170854087304607,0.0181535443572201,0.100846908340949,35,0.990995396678223,"Rhabdochlamydiaceae","Family","Rhabdochlamydiaceae","d__Bacteria;p__Chlamydiota;c__Chlamydiia;o__Parachlamydiales;f__;g___f__Rhabdochlamydiaceae"
"X689704","PFDA",0.00788338516260903,0.0050931488928816,-0.00256689316078322,0.0183336634860013,0.133303241376784,35,0.656886841901098,"Rhabdochlamydiaceae","Family","Rhabdochlamydiaceae","d__Bacteria;p__Chlamydiota;c__Chlamydiia;o__Parachlamydiales;f__;g___f__Rhabdochlamydiaceae"
"X689704","PFBA",0.00435419718762733,0.00564705539765879,-0.00723260340554368,0.0159409977807983,0.447369158324844,35,0.892767165128997,"Rhabdochlamydiaceae","Family","Rhabdochlamydiaceae","d__Bacteria;p__Chlamydiota;c__Chlamydiia;o__Parachlamydiales;f__;g___f__Rhabdochlamydiaceae"
"X689704","N.MeFOSAA",0.0108172416430293,0.00524072972460412,6.41524654612438e-05,0.0215703308205974,0.0487415711355368,35,0.942023676972467,"Rhabdochlamydiaceae","Family","Rhabdochlamydiaceae","d__Bacteria;p__Chlamydiota;c__Chlamydiia;o__Parachlamydiales;f__;g___f__Rhabdochlamydiaceae"
"X75682","N.MeFOSAA",0.00278469558742127,0.00683694108311947,-0.011243548766301,0.0168129399411436,0.686997914159426,35,0.94823139426316,"Oxalobacteraceae","Family","Oxalobacteraceae","d__Bacteria;p__Pseudomonadota;c__Betaproteobacteria;o__Burkholderiales;f__;g___f__Oxalobacteraceae"
"X75682","PFBA",-0.00697254466230872,0.00681192183485464,-0.0209494537589418,0.0070043644343244,0.315117812599504,35,0.892767165128997,"Oxalobacteraceae","Family","Oxalobacteraceae","d__Bacteria;p__Pseudomonadota;c__Betaproteobacteria;o__Burkholderiales;f__;g___f__Oxalobacteraceae"
"X75682","PFDA",0.0038124950130552,0.00642118636095989,-0.00936269111436929,0.0169876811404797,0.557630135011307,35,0.814295537408073,"Oxalobacteraceae","Family","Oxalobacteraceae","d__Bacteria;p__Pseudomonadota;c__Betaproteobacteria;o__Burkholderiales;f__;g___f__Oxalobacteraceae"
"X75682","PFDoA",-0.0124454652825999,0.00591672405563994,-0.0245855802575549,-0.000305350307644831,0.0448828654555056,35,0.641737438135122,"Oxalobacteraceae","Family","Oxalobacteraceae","d__Bacteria;p__Pseudomonadota;c__Betaproteobacteria;o__Burkholderiales;f__;g___f__Oxalobacteraceae"
"X75682","PFHpA",-0.00489149945482611,0.00612088234076532,-0.0174505126293937,0.00766751371974146,0.431178196371299,35,0.990995396678223,"Oxalobacteraceae","Family","Oxalobacteraceae","d__Bacteria;p__Pseudomonadota;c__Betaproteobacteria;o__Burkholderiales;f__;g___f__Oxalobacteraceae"
"X75787","PFHpA",-0.00454411055005844,0.00578787796236407,-0.0164198551789008,0.00733163407878388,0.439225303701049,35,0.990995396678223,"Rhodocyclaceae","Family","Rhodocyclaceae","d__Bacteria;p__Pseudomonadota;c__Betaproteobacteria;o__Rhodocyclales;f__;g___f__Rhodocyclaceae"
"X75787","PFDoA",-0.00678260677328813,0.00589053084427544,-0.0188689777178409,0.0053037641712646,0.259645008952938,35,0.798907719855193,"Rhodocyclaceae","Family","Rhodocyclaceae","d__Bacteria;p__Pseudomonadota;c__Betaproteobacteria;o__Rhodocyclales;f__;g___f__Rhodocyclaceae"
"X75787","PFDA",-0.0115382143810026,0.00569103066518152,-0.0232152447700471,0.000138816008041925,0.052593609634456,35,0.52593609634456,"Rhodocyclaceae","Family","Rhodocyclaceae","d__Bacteria;p__Pseudomonadota;c__Betaproteobacteria;o__Rhodocyclales;f__;g___f__Rhodocyclaceae"
"X75787","PFBA",-0.00612364396614971,0.00645578012137886,-0.0193698106268816,0.00712252269458223,0.351261906690572,35,0.892767165128997,"Rhodocyclaceae","Family","Rhodocyclaceae","d__Bacteria;p__Pseudomonadota;c__Betaproteobacteria;o__Rhodocyclales;f__;g___f__Rhodocyclaceae"
"X75787","N.MeFOSAA",-0.00241941510950704,0.00646545614303629,-0.0156854353267538,0.0108466051077398,0.71117354569737,35,0.94823139426316,"Rhodocyclaceae","Family","Rhodocyclaceae","d__Bacteria;p__Pseudomonadota;c__Betaproteobacteria;o__Rhodocyclales;f__;g___f__Rhodocyclaceae"
"X84642","PFHpA",-0.002004349136154,0.00224128783685942,-0.00660309191603825,0.00259439364373025,0.379072551374064,35,0.990995396678223,"Aeromonadaceae","Family","Aeromonadaceae","d__Bacteria;p__Pseudomonadota;c__Gammaproteobacteria;o__Aeromonadales;f__;g___f__Aeromonadaceae"
"X84642","PFDoA",-0.00197378242568972,0.0023131336291838,-0.00671994059474584,0.0027723757433664,0.401003290007736,35,0.802006580015471,"Aeromonadaceae","Family","Aeromonadaceae","d__Bacteria;p__Pseudomonadota;c__Gammaproteobacteria;o__Aeromonadales;f__;g___f__Aeromonadaceae"
"X84642","PFDA",-0.00513710316181188,0.00215773113698151,-0.00956440175503025,-0.000709804568593511,0.0245925015315396,35,0.491850030630792,"Aeromonadaceae","Family","Aeromonadaceae","d__Bacteria;p__Pseudomonadota;c__Gammaproteobacteria;o__Aeromonadales;f__;g___f__Aeromonadaceae"
"X84642","N.MeFOSAA",0.00128924416517849,0.00250622324091131,-0.00385310116163545,0.00643158949199243,0.611145701891364,35,0.94823139426316,"Aeromonadaceae","Family","Aeromonadaceae","d__Bacteria;p__Pseudomonadota;c__Gammaproteobacteria;o__Aeromonadales;f__;g___f__Aeromonadaceae"
"X84642","PFBA",-0.00202578664437905,0.00251967673060378,-0.00719573625189716,0.00314416296313906,0.428426930217543,35,0.892767165128997,"Aeromonadaceae","Family","Aeromonadaceae","d__Bacteria;p__Pseudomonadota;c__Gammaproteobacteria;o__Aeromonadales;f__;g___f__Aeromonadaceae"
"X85017","PFHpA",-0.000170221712397362,0.00130390653699152,-0.00284561693563469,0.00250517351083997,0.897101108021773,35,0.990995396678223,"Promicromonosporaceae","Family","Promicromonosporaceae","d__Bacteria;p__Actinomycetota;c__Actinomycetes;o__Micrococcales;f__;g___f__Promicromonosporaceae"
"X85017","PFDoA",0.00225465837649201,0.00127244482965126,-0.000356182755524001,0.00486549950850802,0.0876962239907087,35,0.641737438135122,"Promicromonosporaceae","Family","Promicromonosporaceae","d__Bacteria;p__Actinomycetota;c__Actinomycetes;o__Micrococcales;f__;g___f__Promicromonosporaceae"
"X85017","PFDA",-9.80577462155852e-05,0.00136107906915985,-0.00289076131566035,0.00269464582322918,0.94309782812441,35,0.974057287553516,"Promicromonosporaceae","Family","Promicromonosporaceae","d__Bacteria;p__Actinomycetota;c__Actinomycetes;o__Micrococcales;f__;g___f__Promicromonosporaceae"
"X85017","N.MeFOSAA",-8.03307706775993e-05,0.00144430889077977,-0.00304380782800332,0.00288314628664812,0.956055003328791,35,0.999794395198589,"Promicromonosporaceae","Family","Promicromonosporaceae","d__Bacteria;p__Actinomycetota;c__Actinomycetes;o__Micrococcales;f__;g___f__Promicromonosporaceae"
"X85017","PFBA",0.00113096484208858,0.00144598733929198,-0.00183595610711485,0.004097885791292,0.44093788841146,35,0.892767165128997,"Promicromonosporaceae","Family","Promicromonosporaceae","d__Bacteria;p__Actinomycetota;c__Actinomycetes;o__Micrococcales;f__;g___f__Promicromonosporaceae"
"X85025","PFHpA",-8.14106671773086e-05,0.00116479539100141,-0.0024713733958896,0.00230855206153498,0.944794179969017,35,0.990995396678223,"Nocardiaceae","Family","Nocardiaceae","d__Bacteria;p__Actinomycetota;c__Actinomycetes;o__Mycobacteriales;f__;g___f__Nocardiaceae"
"X85025","PFDoA",7.67213114372556e-05,0.00120060156978449,-0.00238670962758069,0.0025401522504552,0.949518712411086,35,0.99488059595109,"Nocardiaceae","Family","Nocardiaceae","d__Bacteria;p__Actinomycetota;c__Actinomycetes;o__Mycobacteriales;f__;g___f__Nocardiaceae"
"X85025","PFDA",-0.00133448241177441,0.00118827495863665,-0.00377262123387444,0.00110365641032562,0.271306943699765,35,0.773474348428696,"Nocardiaceae","Family","Nocardiaceae","d__Bacteria;p__Actinomycetota;c__Actinomycetes;o__Mycobacteriales;f__;g___f__Nocardiaceae"
"X85025","PFBA",0.00300773610790019,0.0011706907410979,0.000605677119954592,0.00540979509584579,0.0160362222982236,35,0.641448891928946,"Nocardiaceae","Family","Nocardiaceae","d__Bacteria;p__Actinomycetota;c__Actinomycetes;o__Mycobacteriales;f__;g___f__Nocardiaceae"
"X85025","N.MeFOSAA",-0.000203534295020211,0.00128940723590318,-0.00284917940981685,0.00244211081977643,0.875748793317711,35,0.999794395198589,"Nocardiaceae","Family","Nocardiaceae","d__Bacteria;p__Actinomycetota;c__Actinomycetes;o__Mycobacteriales;f__;g___f__Nocardiaceae"
"X85034","PFHpA",0.000494831240063042,0.00111991721462176,-0.00180304907682949,0.00279271155695558,0.662119245207449,35,0.990995396678223,"Glycomycetaceae","Family","Glycomycetaceae","d__Bacteria;p__Actinomycetota;c__Actinomycetes;o__Glycomycetales;f__;g___f__Glycomycetaceae"
"X85034","PFDoA",0.00149957999653567,0.00112197063129859,-0.000802513583357427,0.00380167357642876,0.192521231440537,35,0.641737438135122,"Glycomycetaceae","Family","Glycomycetaceae","d__Bacteria;p__Actinomycetota;c__Actinomycetes;o__Glycomycetales;f__;g___f__Glycomycetaceae"
"X85034","PFDA",-0.00168009819941169,0.00112753951628645,-0.00399361818746565,0.000633421788642276,0.147799539427747,35,0.656886841901098,"Glycomycetaceae","Family","Glycomycetaceae","d__Bacteria;p__Actinomycetota;c__Actinomycetes;o__Glycomycetales;f__;g___f__Glycomycetaceae"
"X85034","PFBA",0.000110781477019562,0.00125989472264746,-0.00247430896246096,0.00269587191650008,0.93058191413847,35,0.979271407468585,"Glycomycetaceae","Family","Glycomycetaceae","d__Bacteria;p__Actinomycetota;c__Actinomycetes;o__Glycomycetales;f__;g___f__Glycomycetaceae"
"X85034","N.MeFOSAA",-0.00105852401732252,0.00122787931763162,-0.00357792427179407,0.00146087623714903,0.396238577053197,35,0.943710704115543,"Glycomycetaceae","Family","Glycomycetaceae","d__Bacteria;p__Actinomycetota;c__Actinomycetes;o__Glycomycetales;f__;g___f__Glycomycetaceae"
"X1096778","N-detect",0.000214146653561993,NA,-0.00112117697625093,0.00154947028337492,0.744654270571535,35,0.872415104367525,"Thioalkalispiraceae","Family","Thioalkalispiraceae","d__Bacteria;p__Pseudomonadota;c__Gammaproteobacteria;o__Chromatiales;f__;g___f__Thioalkalispiraceae"
"X1106","N-detect",0.00104598519021927,NA,0.000196782432046929,0.0018951879483916,0.0176578275745687,35,0.353156551491373,"Chloroflexaceae","Family","Chloroflexaceae","d__Bacteria;p__Chloroflexota;c__Chloroflexia;o__Chloroflexales;f__;g___f__Chloroflexaceae"
"X1185","N-detect",-0.000273016294396364,NA,-0.00105337964982936,0.000507347061036635,0.479015954547856,35,0.872415104367525,"Rivulariaceae","Family","Rivulariaceae","d__Bacteria;p__Cyanobacteriota;c__Cyanophyceae;o__Nostocales;f__;g___f__Rivulariaceae"
"X119060","N-detect",0.000286296490059782,NA,-0.000430311314089476,0.00100290429420904,0.419542356369674,35,0.872415104367525,"Burkholderiaceae","Family","Burkholderiaceae","d__Bacteria;p__Pseudomonadota;c__Betaproteobacteria;o__Burkholderiales;f__;g___f__Burkholderiaceae"
"X1706371","N-detect",-0.000190853451971094,NA,-0.00147078737507717,0.00108908047113498,0.761987512168867,35,0.872415104367525,"Cellvibrionaceae","Family","Cellvibrionaceae","d__Bacteria;p__Pseudomonadota;c__Gammaproteobacteria;o__Cellvibrionales;f__;g___f__Cellvibrionaceae"
"X1706373","N-detect",0.000483806234614132,NA,-0.00128170663915951,0.00224931910838777,0.578573258492517,35,0.872415104367525,"Microbulbiferaceae","Family","Microbulbiferaceae","d__Bacteria;p__Pseudomonadota;c__Gammaproteobacteria;o__Cellvibrionales;f__;g___f__Microbulbiferaceae"
"X1769717","N-detect",-0.000802047580720297,NA,-0.00345525537607744,0.00185116021463685,0.54029017467843,35,0.872415104367525,"Mesoaciditogaceae","Family","Mesoaciditogaceae","d__Bacteria;p__Thermotogota;c__Thermotogae;o__Mesoaciditogales;f__;g___f__Mesoaciditogaceae"
"X1775411","N-detect",-9.06172936915464e-05,NA,-0.00284445195346659,0.00266321736608349,0.946667445190273,35,0.946667445190273,"Rhodanobacteraceae","Family","Rhodanobacteraceae","d__Bacteria;p__Pseudomonadota;c__Gammaproteobacteria;o__Xanthomonadales;f__;g___f__Rhodanobacteraceae"
"X1783343","N-detect",-0.000723253025680544,NA,-0.00328144368347507,0.00183493763211398,0.566660864724216,35,0.872415104367525,"Endomicrobiaceae","Family","Endomicrobiaceae","d__Bacteria;p__Elusimicrobiota;c__Endomicrobiia;o__Endomicrobiales;f__;g___f__Endomicrobiaceae"
"X186827","N-detect",-0.000125572589267761,NA,-0.000719133937896867,0.000467988759361345,0.667678760336514,35,0.872415104367525,"Aerococcaceae","Family","Aerococcaceae","d__Bacteria;p__Bacillota;c__Bacilli;o__Lactobacillales;f__;g___f__Aerococcaceae"
"X188709","N-detect",0.00033284723155311,NA,-0.00175164417187311,0.00241733863497933,0.745716874960267,35,0.872415104367525,"Thermotogaceae","Family","Thermotogaceae","d__Bacteria;p__Thermotogota;c__Thermotogae;o__Thermotogales;f__;g___f__Thermotogaceae"
"X1890438","N-detect",0.000631705430784152,NA,-0.00146661190486904,0.00273002276643734,0.541941690077166,35,0.872415104367525,"Leptolyngbyaceae","Family","Leptolyngbyaceae","d__Bacteria;p__Cyanobacteriota;c__Cyanophyceae;o__Leptolyngbyales;f__;g___f__Leptolyngbyaceae"
"X1892251","N-detect",0.000830482824196278,NA,-0.00162918769022799,0.00329015333862054,0.494363975671928,35,0.872415104367525,"Coleofasciculaceae","Family","Coleofasciculaceae","d__Bacteria;p__Cyanobacteriota;c__Cyanophyceae;o__Coleofasciculales;f__;g___f__Coleofasciculaceae"
"X2066474","N-detect",-0.00105663075928463,NA,-0.00294031892389408,0.000827057405324818,0.259844800380239,35,0.836606980026464,"Endozoicomonadaceae","Family","Endozoicomonadaceae","d__Bacteria;p__Pseudomonadota;c__Gammaproteobacteria;o__Oceanospirillales;f__;g___f__Endozoicomonadaceae"
"X213121","N-detect",-0.000365814178099662,NA,-0.00235749466767717,0.00162586631147784,0.709221875682409,35,0.872415104367525,"Desulfobulbaceae","Family","Desulfobulbaceae","d__Bacteria;p__Thermodesulfobacteriota;c__Desulfobulbia;o__Desulfobulbales;f__;g___f__Desulfobulbaceae"
"X2162846","N-detect",-0.000832322074530411,NA,-0.00210319734926094,0.00043855320020012,0.190202351707967,35,0.836606980026464,"Candidatus Nanopelagicaceae","Family","Candidatus Nanopelagicaceae","d__Bacteria;p__Actinomycetota;c__Actinomycetes;o__Candidatus Nanopelagicales;f__;g___f__Candidatus_Nanopelagicaceae"
"X2211325","N-detect",-0.000691158860833212,NA,-0.00192669303091156,0.000544375309245132,0.261121568799796,35,0.836606980026464,"Vicinamibacteraceae","Family","Vicinamibacteraceae","d__Bacteria;p__Acidobacteriota;c__Vicinamibacteria;o__Vicinamibacterales;f__;g___f__Vicinamibacteraceae"
"X2448023","N-detect",0.000271298460251042,NA,-0.000415621992654125,0.000958218913156209,0.424813991190528,35,0.872415104367525,"Ilumatobacteraceae","Family","Ilumatobacteraceae","d__Bacteria;p__Actinomycetota;c__Acidimicrobiia;o__Acidimicrobiales;f__;g___f__Ilumatobacteraceae"
"X255474","N-detect",0.00256407817555484,NA,-0.00227317610144928,0.00740133245255897,0.286380575261152,35,0.836606980026464,"Parvularculaceae","Family","Parvularculaceae","d__Bacteria;p__Pseudomonadota;c__Alphaproteobacteria;o__Parvularculales;f__;g___f__Parvularculaceae"
"X267890","N-detect",-0.000546272187417936,NA,-0.00158810324228175,0.000495558867445882,0.291512615898888,35,0.836606980026464,"Shewanellaceae","Family","Shewanellaceae","d__Bacteria;p__Pseudomonadota;c__Gammaproteobacteria;o__Alteromonadales;f__;g___f__Shewanellaceae"
"X2807496","N-detect",0.000601629536357525,NA,-0.000288274460791281,0.00149153353350633,0.176737361688533,35,0.836606980026464,"Natranaerofabaceae","Family","Natranaerofabaceae","d__Bacteria;p__Bacillota;c__Clostridia;o__Natranaerobiales;f__;g___f__Natranaerofabaceae"
"X28256","N-detect",0.000368218071677126,NA,-0.00168974450610255,0.0024261806494568,0.716390644386371,35,0.872415104367525,"Halomonadaceae","Family","Halomonadaceae","d__Bacteria;p__Pseudomonadota;c__Gammaproteobacteria;o__Oceanospirillales;f__;g___f__Halomonadaceae"
"X2881384","N-detect",-0.00111646983024896,NA,-0.00288233926495511,0.000649399604457187,0.205514590356188,35,0.836606980026464,"Thermostichaceae","Family","Thermostichaceae","d__Bacteria;p__Cyanobacteriota;c__Cyanophyceae;o__Thermostichales;f__;g___f__Thermostichaceae"
"X2897348","N-detect",0.000345478263979296,NA,-0.00108452444152963,0.00177548096948822,0.624111830332507,35,0.872415104367525,"Candidatus Uabimicrobiaceae","Family","Candidatus Uabimicrobiaceae","d__Bacteria;p__Planctomycetota;c__Candidatus Uabimicrobiia;o__Candidatus Uabimicrobiales;f__;g___f__Candidatus_Uabimicrobiaceae"
"X2931039","N-detect",-9.19103484603757e-05,NA,-0.00081719369824017,0.000633373001319419,0.796824895073023,35,0.872415104367525,"Desulfococcaceae","Family","Desulfococcaceae","d__Bacteria;p__Thermodesulfobacteriota;c__Desulfobacteria;o__Desulfobacterales;f__;g___f__Desulfococcaceae"
"X2934961","N-detect",0.000602355138755057,NA,-0.00426228026489464,0.00546699054240476,0.801370701086325,35,0.872415104367525,"Sirenicapillariaceae","Family","Sirenicapillariaceae","d__Bacteria;p__Cyanobacteriota;c__Cyanophyceae;o__Oscillatoriales;f__;g___f__Sirenicapillariaceae"
"X2937911","N-detect",8.39394445154607e-05,NA,-0.00129697728113138,0.0014648561701623,0.901668279049291,35,0.924787978512093,"Thermincolaceae","Family","Thermincolaceae","d__Bacteria;p__Bacillota;c__Clostridia;o__Eubacteriales;f__;g___f__Thermincolaceae"
"X403","N-detect",0.00013465286173994,NA,-0.000985136068753292,0.00125444179223317,0.806983971539961,35,0.872415104367525,"Methylococcaceae","Family","Methylococcaceae","d__Bacteria;p__Pseudomonadota;c__Gammaproteobacteria;o__Methylococcales;f__;g___f__Methylococcaceae"
"X433","N-detect",0.00101091711764717,NA,-0.000531511728129309,0.00255334596342364,0.189884308420031,35,0.836606980026464,"Acetobacteraceae","Family","Acetobacteraceae","d__Bacteria;p__Pseudomonadota;c__Alphaproteobacteria;o__Rhodospirillales;f__;g___f__Acetobacteraceae"
"X453228","N-detect",0.0019148323017751,NA,-0.000197538027729339,0.00402720263127954,0.0738195523952497,35,0.738195523952497,"Desulfarculaceae","Family","Desulfarculaceae","d__Bacteria;p__Thermodesulfobacteriota;c__Desulfarculia;o__Desulfarculales;f__;g___f__Desulfarculaceae"
"X45404","N-detect",-0.000576860979295017,NA,-0.0028332242171249,0.00167950225853486,0.604162644668513,35,0.872415104367525,"Beijerinckiaceae","Family","Beijerinckiaceae","d__Bacteria;p__Pseudomonadota;c__Alphaproteobacteria;o__Hyphomicrobiales;f__;g___f__Beijerinckiaceae"
"X49546","N-detect",-0.00144127892897857,NA,-0.00484178912907423,0.00195923127111708,0.392156469732886,35,0.872415104367525,"Flavobacteriaceae","Family","Flavobacteriaceae","d__Bacteria;p__Bacteroidota;c__Flavobacteriia;o__Flavobacteriales;f__;g___f__Flavobacteriaceae"
"X543372","N-detect",-0.000516336105931925,NA,-0.00150378592329078,0.000471113711426929,0.292812443009263,35,0.836606980026464,"Thermoanaerobacterales Family IV. Incertae Sedis","Family","Thermoanaerobacterales Family IV. Incertae Sedis","d__Bacteria;p__Bacillota;c__Clostridia;o__Thermoanaerobacterales;f__;g___f__Thermoanaerobacterales_Family_IV._Incertae_Sedis"
"X689704","N-detect",0.00474352882821946,NA,0.00133090815937709,0.00815614949706183,0.00823097087490365,35,0.329238834996146,"Rhabdochlamydiaceae","Family","Rhabdochlamydiaceae","d__Bacteria;p__Chlamydiota;c__Chlamydiia;o__Parachlamydiales;f__;g___f__Rhabdochlamydiaceae"
"X75682","N-detect",-0.00227416810823616,NA,-0.00692251626734002,0.00237418005086769,0.324366967963461,35,0.864978581235897,"Oxalobacteraceae","Family","Oxalobacteraceae","d__Bacteria;p__Pseudomonadota;c__Betaproteobacteria;o__Burkholderiales;f__;g___f__Oxalobacteraceae"
"X75787","N-detect",-0.0039379023979791,NA,-0.00813397360703346,0.000258168811075258,0.0647478364195865,35,0.738195523952497,"Rhodocyclaceae","Family","Rhodocyclaceae","d__Bacteria;p__Pseudomonadota;c__Betaproteobacteria;o__Rhodocyclales;f__;g___f__Rhodocyclaceae"
"X84642","N-detect",-0.00126870695207119,NA,-0.00293357001318506,0.000396156109042682,0.129559055039274,35,0.836606980026464,"Aeromonadaceae","Family","Aeromonadaceae","d__Bacteria;p__Pseudomonadota;c__Gammaproteobacteria;o__Aeromonadales;f__;g___f__Aeromonadaceae"
"X85017","N-detect",0.000374296896480062,NA,-0.000611810680964711,0.00136040447392484,0.442862306110151,35,0.872415104367525,"Promicromonosporaceae","Family","Promicromonosporaceae","d__Bacteria;p__Actinomycetota;c__Actinomycetes;o__Micrococcales;f__;g___f__Promicromonosporaceae"
"X85025","N-detect",0.000137790631308448,NA,-0.000751086664440105,0.001026667927057,0.752880815018282,35,0.872415104367525,"Nocardiaceae","Family","Nocardiaceae","d__Bacteria;p__Actinomycetota;c__Actinomycetes;o__Mycobacteriales;f__;g___f__Nocardiaceae"
"X85034","N-detect",-5.70938361522624e-05,NA,-0.000916039806434865,0.00080185213413034,0.892529208296905,35,0.924787978512093,"Glycomycetaceae","Family","Glycomycetaceae","d__Bacteria;p__Actinomycetota;c__Actinomycetes;o__Glycomycetales;f__;g___f__Glycomycetaceae"
"X1161","PFDoA",-0.00023685896673815,0.00171669876605675,-0.00375923388253743,0.00328551594906113,0.891285194237996,35,0.891285194237996,"Nostocales","Order","Nostocales","d__Bacteria;p__Cyanobacteriota;c__Cyanophyceae;o__;f__;g___o__Nostocales"
"X1161","N.MeFOSAA",-0.00232351325418308,0.00179003365754747,-0.0059963589382658,0.00134933242989965,0.205257310490372,35,0.673988323053067,"Nostocales","Order","Nostocales","d__Bacteria;p__Cyanobacteriota;c__Cyanophyceae;o__;f__;g___o__Nostocales"
"X1161","PFDA",-0.000270660208656746,0.00173800481903068,-0.00383675153413369,0.0032954311168202,0.877404006615852,35,0.913962506891512,"Nostocales","Order","Nostocales","d__Bacteria;p__Cyanobacteriota;c__Cyanophyceae;o__;f__;g___o__Nostocales"
"X1161","PFHpA",-0.000221616051997797,0.00166556652976248,-0.00363907628499263,0.00319584418099703,0.895134674829636,35,0.950395568816352,"Nostocales","Order","Nostocales","d__Bacteria;p__Cyanobacteriota;c__Cyanophyceae;o__;f__;g___o__Nostocales"
"X1161","PFBA",-0.00188667433528556,0.00183225631770911,-0.00564615376197492,0.00187280509140379,0.312287312381361,35,0.863632424425335,"Nostocales","Order","Nostocales","d__Bacteria;p__Cyanobacteriota;c__Cyanophyceae;o__;f__;g___o__Nostocales"
"X1643687","PFDA",0.000577084350092613,0.00135148683635356,-0.00219593758335902,0.00335010628354425,0.672765441672666,35,0.883712086178474,"Brevinematales","Order","Brevinematales","d__Bacteria;p__Spirochaetota;c__Spirochaetia;o__;f__;g___o__Brevinematales"
"X1643687","PFDoA",0.00105321561740873,0.00132386277407576,-0.00166312642207217,0.00376955765688963,0.433225228805776,35,0.778874019855785,"Brevinematales","Order","Brevinematales","d__Bacteria;p__Spirochaetota;c__Spirochaetia;o__;f__;g___o__Brevinematales"
"X1643687","N.MeFOSAA",0.000890912049809859,0.00142865673471889,-0.00204044943606145,0.00382227353568116,0.538122609164812,35,0.860468214095696,"Brevinematales","Order","Brevinematales","d__Bacteria;p__Spirochaetota;c__Spirochaetia;o__;f__;g___o__Brevinematales"
"X1643687","PFHpA",-0.000202751879236518,0.00129878046904035,-0.00286762927982209,0.00246212552134905,0.877108132828408,35,0.950395568816352,"Brevinematales","Order","Brevinematales","d__Bacteria;p__Spirochaetota;c__Spirochaetia;o__;f__;g___o__Brevinematales"
"X1643687","PFBA",0.00112689685865422,0.00144049148043013,-0.00182874751962219,0.00408254123693062,0.440845434901211,35,0.863632424425335,"Brevinematales","Order","Brevinematales","d__Bacteria;p__Spirochaetota;c__Spirochaetia;o__;f__;g___o__Brevinematales"
"X1643822","PFDA",0.0016619765552028,0.00126042894580915,-0.000924210019663496,0.00424816313006909,0.198385589633636,35,0.79329970031076,"Eggerthellales","Order","Eggerthellales","d__Bacteria;p__Actinomycetota;c__Coriobacteriia;o__;f__;g___o__Eggerthellales"
"X1643822","PFBA",0.00162690189776984,0.00136138853295291,-0.00116643663892927,0.00442024043446894,0.242466568291164,35,0.820663756274587,"Eggerthellales","Order","Eggerthellales","d__Bacteria;p__Actinomycetota;c__Coriobacteriia;o__;f__;g___o__Eggerthellales"
"X1643822","N.MeFOSAA",0.00195722507623895,0.00132743618601505,-0.000766448998906919,0.00468089915138482,0.151928753056096,35,0.673988323053067,"Eggerthellales","Order","Eggerthellales","d__Bacteria;p__Actinomycetota;c__Coriobacteriia;o__;f__;g___o__Eggerthellales"
"X1643822","PFDoA",0.00162282498718469,0.00124576112230754,-0.000933265699810656,0.00417891567418003,0.203686853213572,35,0.772036942452762,"Eggerthellales","Order","Eggerthellales","d__Bacteria;p__Actinomycetota;c__Coriobacteriia;o__;f__;g___o__Eggerthellales"
"X1643822","PFHpA",-0.000221265355543561,0.00124530097818391,-0.00277641190478405,0.00233388119369693,0.860300435851923,35,0.950395568816352,"Eggerthellales","Order","Eggerthellales","d__Bacteria;p__Actinomycetota;c__Coriobacteriia;o__;f__;g___o__Eggerthellales"
"X1643946","PFBA",0.000689721076785046,0.00223177347908633,-0.00388949985347566,0.00526894200704575,0.75965864451062,35,0.863632424425335,"Kosmotogales","Order","Kosmotogales","d__Bacteria;p__Thermotogota;c__Thermotogae;o__;f__;g___o__Kosmotogales"
"X1643946","PFDoA",-0.00153636577155927,0.00203410501162991,-0.005710004508147,0.00263727296502845,0.456605920388408,35,0.778874019855785,"Kosmotogales","Order","Kosmotogales","d__Bacteria;p__Thermotogota;c__Thermotogae;o__;f__;g___o__Kosmotogales"
"X1643946","PFDA",0.00252881326723071,0.00202349164445858,-0.00162304863871228,0.0066806751731737,0.222123916087013,35,0.79329970031076,"Kosmotogales","Order","Kosmotogales","d__Bacteria;p__Thermotogota;c__Thermotogae;o__;f__;g___o__Kosmotogales"
"X1643946","PFHpA",-0.00503394815281433,0.00174308085738418,-0.00861045464868781,-0.00145744165694084,0.00754777600491978,35,0.178642465465512,"Kosmotogales","Order","Kosmotogales","d__Bacteria;p__Thermotogota;c__Thermotogae;o__;f__;g___o__Kosmotogales"
"X1643946","N.MeFOSAA",0.00117159237373061,0.00219683204480311,-0.0033359346553782,0.00567911940283942,0.598182143715468,35,0.860468214095696,"Kosmotogales","Order","Kosmotogales","d__Bacteria;p__Thermotogota;c__Thermotogae;o__;f__;g___o__Kosmotogales"
"X1663425","N.MeFOSAA",-0.000951473658661405,0.00180510170604272,-0.00465523642447049,0.00275228910714768,0.602426900905496,35,0.860468214095696,"Fimbriimonadales","Order","Fimbriimonadales","d__Bacteria;p__Armatimonadota;c__Fimbriimonadia;o__;f__;g___o__Fimbriimonadales"
"X1663425","PFBA",-0.00205240811899533,0.00179386062394675,-0.00573310608952164,0.00162828985153098,0.262612402007868,35,0.820663756274587,"Fimbriimonadales","Order","Fimbriimonadales","d__Bacteria;p__Armatimonadota;c__Fimbriimonadia;o__;f__;g___o__Fimbriimonadales"
"X1663425","PFHpA",0.0038317153548881,0.0014630845956618,0.000829713733316989,0.00683371697645921,0.0142913972372409,35,0.178642465465512,"Fimbriimonadales","Order","Fimbriimonadales","d__Bacteria;p__Armatimonadota;c__Fimbriimonadia;o__;f__;g___o__Fimbriimonadales"
"X1663425","PFDoA",-0.00185670082963177,0.00165051721723757,-0.00524328242393594,0.00152988076467241,0.270523921071112,35,0.772036942452762,"Fimbriimonadales","Order","Fimbriimonadales","d__Bacteria;p__Armatimonadota;c__Fimbriimonadia;o__;f__;g___o__Fimbriimonadales"
"X1663425","PFDA",-0.000670189099470642,0.00170500567131505,-0.00416857176664681,0.00282819356770553,0.697353181924005,35,0.883712086178474,"Fimbriimonadales","Order","Fimbriimonadales","d__Bacteria;p__Armatimonadota;c__Fimbriimonadia;o__;f__;g___o__Fimbriimonadales"
"X1769716","N.MeFOSAA",0.00114403425549124,0.00303131224237504,-0.00507570470839414,0.00736377321937662,0.708822607681834,35,0.860468214095696,"Mesoaciditogales","Order","Mesoaciditogales","d__Bacteria;p__Thermotogota;c__Thermotogae;o__;f__;g___o__Mesoaciditogales"
"X1769716","PFDA",0.000917876414873198,0.00285881362449931,-0.00494792462080411,0.0067836774505505,0.750630225822958,35,0.883712086178474,"Mesoaciditogales","Order","Mesoaciditogales","d__Bacteria;p__Thermotogota;c__Thermotogae;o__;f__;g___o__Mesoaciditogales"
"X1769716","PFBA",0.0020586450005672,0.00305131784158823,-0.00420214206228428,0.00831943206341869,0.505619384923311,35,0.863632424425335,"Mesoaciditogales","Order","Mesoaciditogales","d__Bacteria;p__Thermotogota;c__Thermotogae;o__;f__;g___o__Mesoaciditogales"
"X1769716","PFDoA",0.00266820396087707,0.00278188500825261,-0.00303975259239465,0.00837616051414879,0.346001394436263,35,0.778874019855785,"Mesoaciditogales","Order","Mesoaciditogales","d__Bacteria;p__Thermotogota;c__Thermotogae;o__;f__;g___o__Mesoaciditogales"
"X1769716","PFHpA",-0.00171951778923254,0.00272453033159897,-0.00730979226668346,0.00387075668821838,0.533265976785902,35,0.834049327256252,"Mesoaciditogales","Order","Mesoaciditogales","d__Bacteria;p__Thermotogota;c__Thermotogae;o__;f__;g___o__Mesoaciditogales"
"X1779134","PFDoA",-0.00522627564489407,0.00160521320464025,-0.00851990108363205,-0.00193265020615609,0.00304170798838493,35,0.0760426997096233,"Bradymonadales","Order","Bradymonadales","d__Bacteria;p__;c__Deltaproteobacteria;o__;f__;g___o__Bradymonadales"
"X1779134","N.MeFOSAA",-0.00199676950044834,0.00199858321440249,-0.00609752352948462,0.00210398452858794,0.326620264357168,35,0.680458884077433,"Bradymonadales","Order","Bradymonadales","d__Bacteria;p__;c__Deltaproteobacteria;o__;f__;g___o__Bradymonadales"
"X1779134","PFDA",-0.00304890036254298,0.00182602892460946,-0.00679560223403235,0.000697801508946397,0.106536305173168,35,0.577458007721353,"Bradymonadales","Order","Bradymonadales","d__Bacteria;p__;c__Deltaproteobacteria;o__;f__;g___o__Bradymonadales"
"X1779134","PFHpA",0.000357029416471766,0.00183653871053329,-0.00341123675449779,0.00412529558744132,0.847315345780063,35,0.950395568816352,"Bradymonadales","Order","Bradymonadales","d__Bacteria;p__;c__Deltaproteobacteria;o__;f__;g___o__Bradymonadales"
"X1779134","PFBA",-0.00397533640964028,0.00191308857108699,-0.00790066992052623,-5.00028987543378e-05,0.0473471028190622,35,0.442432088653991,"Bradymonadales","Order","Bradymonadales","d__Bacteria;p__;c__Deltaproteobacteria;o__;f__;g___o__Bradymonadales"
"X1955042","PFBA",0.000342533261017792,0.00104223026423909,-0.00179594660034727,0.00248101312238286,0.744952662531618,35,0.863632424425335,"Gloeomargaritales","Order","Gloeomargaritales","d__Bacteria;p__Cyanobacteriota;c__Cyanophyceae;o__;f__;g___o__Gloeomargaritales"
"X1955042","PFDA",-0.000809467669581023,0.000959571160859615,-0.00277834506016719,0.00115940972100515,0.406320351084802,35,0.867178966930771,"Gloeomargaritales","Order","Gloeomargaritales","d__Bacteria;p__Cyanobacteriota;c__Cyanophyceae;o__;f__;g___o__Gloeomargaritales"
"X1955042","PFDoA",0.000257371680238581,0.000958845754581478,-0.00171001729960926,0.00222476066008642,0.790417654128928,35,0.891285194237996,"Gloeomargaritales","Order","Gloeomargaritales","d__Bacteria;p__Cyanobacteriota;c__Cyanophyceae;o__;f__;g___o__Gloeomargaritales"
"X1955042","N.MeFOSAA",-0.00107567849040739,0.00101055423342336,-0.00314916450510378,0.000997807524288992,0.29655486214335,35,0.673988323053067,"Gloeomargaritales","Order","Gloeomargaritales","d__Bacteria;p__Cyanobacteriota;c__Cyanophyceae;o__;f__;g___o__Gloeomargaritales"
"X1955042","PFHpA",0.00177957612591904,0.000866260335905686,2.15673349129495e-06,0.00355699551834679,0.049741743675291,35,0.414514530627425,"Gloeomargaritales","Order","Gloeomargaritales","d__Bacteria;p__Cyanobacteriota;c__Cyanophyceae;o__;f__;g___o__Gloeomargaritales"
"X1963360","N.MeFOSAA",0.0013533412839844,0.000932006713633478,-0.00055897853261327,0.00326566110058208,0.158003874009188,35,0.673988323053067,"Parachlamydiales","Order","Parachlamydiales","d__Bacteria;p__Chlamydiota;c__Chlamydiia;o__;f__;g___o__Parachlamydiales"
"X1963360","PFDoA",0.0018656395307923,0.000826063073739455,0.000170698107556181,0.00356058095402842,0.0322033204369464,35,0.40254150546183,"Parachlamydiales","Order","Parachlamydiales","d__Bacteria;p__Chlamydiota;c__Chlamydiia;o__;f__;g___o__Parachlamydiales"
"X1963360","PFDA",0.00141549250774231,0.000870348814886755,-0.00037031575062478,0.00320130076610941,0.115491601544271,35,0.577458007721353,"Parachlamydiales","Order","Parachlamydiales","d__Bacteria;p__Chlamydiota;c__Chlamydiia;o__;f__;g___o__Parachlamydiales"
"X1963360","PFHpA",0.0012877718728632,0.000837988186951828,-0.000431637861574543,0.00300718160730095,0.135993808196264,35,0.566640867484435,"Parachlamydiales","Order","Parachlamydiales","d__Bacteria;p__Chlamydiota;c__Chlamydiia;o__;f__;g___o__Parachlamydiales"
"X1963360","PFBA",-0.00057760724258719,0.000973370108532232,-0.00257479773510335,0.00141958324992897,0.557845849131915,35,0.863632424425335,"Parachlamydiales","Order","Parachlamydiales","d__Bacteria;p__Chlamydiota;c__Chlamydiia;o__;f__;g___o__Parachlamydiales"
"X2024973","PFDoA",0.000540733628425928,0.00256418356135421,-0.00472053645261773,0.00580200370946959,0.834564842207129,35,0.891285194237996,"Silvanigrellales","Order","Silvanigrellales","d__Bacteria;p__Bdellovibrionota;c__Oligoflexia;o__;f__;g___o__Silvanigrellales"
"X2024973","N.MeFOSAA",-0.00356268676107217,0.00267056931199641,-0.00904224237180216,0.00191686884965782,0.19332979353012,35,0.673988323053067,"Silvanigrellales","Order","Silvanigrellales","d__Bacteria;p__Bdellovibrionota;c__Oligoflexia;o__;f__;g___o__Silvanigrellales"
"X2024973","PFDA",-0.00564227333912029,0.00236063043057528,-0.0104858868947066,-0.000798659783533929,0.0240835510905172,35,0.577458007721353,"Silvanigrellales","Order","Silvanigrellales","d__Bacteria;p__Bdellovibrionota;c__Oligoflexia;o__;f__;g___o__Silvanigrellales"
"X2024973","PFBA",0.00493709387081682,0.0026246324611051,-0.000448207107423377,0.010322394849057,0.0707891341846386,35,0.442432088653991,"Silvanigrellales","Order","Silvanigrellales","d__Bacteria;p__Bdellovibrionota;c__Oligoflexia;o__;f__;g___o__Silvanigrellales"
"X2024973","PFHpA",0.00155791920136149,0.00247167711949681,-0.00351354333930815,0.00662938174203114,0.533791569444001,35,0.834049327256252,"Silvanigrellales","Order","Silvanigrellales","d__Bacteria;p__Bdellovibrionota;c__Oligoflexia;o__;f__;g___o__Silvanigrellales"
"X2039638","N.MeFOSAA",-0.000659835658285461,0.00174772130974712,-0.00424586357592748,0.00292619225935656,0.70872351609229,35,0.860468214095696,"Candidatus Nanopelagicales","Order","Candidatus Nanopelagicales","d__Bacteria;p__Actinomycetota;c__Actinomycetes;o__;f__;g___o__Candidatus_Nanopelagicales"
"X2039638","PFHpA",-0.000104336114470211,0.00158226445659713,-0.0033508746116583,0.00314220238271788,0.947910637331661,35,0.950395568816352,"Candidatus Nanopelagicales","Order","Candidatus Nanopelagicales","d__Bacteria;p__Actinomycetota;c__Actinomycetes;o__;f__;g___o__Candidatus_Nanopelagicales"
"X2039638","PFBA",-0.000325529949099901,0.00177291986460637,-0.00396326103057335,0.00331220113237355,0.855689554444395,35,0.863632424425335,"Candidatus Nanopelagicales","Order","Candidatus Nanopelagicales","d__Bacteria;p__Actinomycetota;c__Actinomycetes;o__;f__;g___o__Candidatus_Nanopelagicales"
"X2039638","PFDA",-0.00160259931285076,0.00162235666555375,-0.00493140022784914,0.00172620160214762,0.33201019484573,35,0.867178966930771,"Candidatus Nanopelagicales","Order","Candidatus Nanopelagicales","d__Bacteria;p__Actinomycetota;c__Actinomycetes;o__;f__;g___o__Candidatus_Nanopelagicales"
"X2039638","PFDoA",-0.000553920854647228,0.00162752342093386,-0.00389332307600571,0.00278548136671125,0.736229932661148,35,0.891285194237996,"Candidatus Nanopelagicales","Order","Candidatus Nanopelagicales","d__Bacteria;p__Actinomycetota;c__Actinomycetes;o__;f__;g___o__Candidatus_Nanopelagicales"
"X204441","N.MeFOSAA",-0.000161343538703215,0.000982724571568391,-0.00217772780394225,0.00185504072653582,0.87081248746078,35,0.907096341104979,"Rhodospirillales","Order","Rhodospirillales","d__Bacteria;p__Pseudomonadota;c__Alphaproteobacteria;o__;f__;g___o__Rhodospirillales"
"X204441","PFBA",0.000643706607539672,0.000987650566925878,-0.0013827849652979,0.00267019818037724,0.520068831455327,35,0.863632424425335,"Rhodospirillales","Order","Rhodospirillales","d__Bacteria;p__Pseudomonadota;c__Alphaproteobacteria;o__;f__;g___o__Rhodospirillales"
"X204441","PFDA",-0.000485299565307401,0.000921873224757521,-0.00237682718019097,0.00140622804957617,0.602889245723784,35,0.883712086178474,"Rhodospirillales","Order","Rhodospirillales","d__Bacteria;p__Pseudomonadota;c__Alphaproteobacteria;o__;f__;g___o__Rhodospirillales"
"X204441","PFDoA",-0.000991083555174538,0.000895047801184161,-0.00282756994735278,0.000845402837003703,0.277933299282994,35,0.772036942452762,"Rhodospirillales","Order","Rhodospirillales","d__Bacteria;p__Pseudomonadota;c__Alphaproteobacteria;o__;f__;g___o__Rhodospirillales"
"X204441","PFHpA",-0.000758603377208029,0.000875779939808443,-0.00255555538342826,0.0010383486290122,0.39401112076055,35,0.82085650158448,"Rhodospirillales","Order","Rhodospirillales","d__Bacteria;p__Pseudomonadota;c__Alphaproteobacteria;o__;f__;g___o__Rhodospirillales"
"X2497644","N.MeFOSAA",-0.00253504722032773,0.00237386945064888,-0.0074058250013094,0.00233573056065394,0.295022633880393,35,0.673988323053067,"Candidatus Babeliales","Order","Candidatus Babeliales","d__Bacteria;p__;c__Candidatus Babeliae;o__;f__;g___o__Candidatus_Babeliales"
"X2497644","PFBA",0.00456140011496057,0.00229107338300269,-0.000139494167780061,0.00926229439770121,0.0566957309188094,35,0.442432088653991,"Candidatus Babeliales","Order","Candidatus Babeliales","d__Bacteria;p__;c__Candidatus Babeliae;o__;f__;g___o__Candidatus_Babeliales"
"X2497644","PFDA",0.000733446852466629,0.00227955064679103,-0.00394380472848158,0.00541069843341483,0.750119424171984,35,0.883712086178474,"Candidatus Babeliales","Order","Candidatus Babeliales","d__Bacteria;p__;c__Candidatus Babeliae;o__;f__;g___o__Candidatus_Babeliales"
"X2497644","PFDoA",0.00273524806566724,0.00219341957181533,-0.00176527714722858,0.00723577327856306,0.22309795290764,35,0.772036942452762,"Candidatus Babeliales","Order","Candidatus Babeliales","d__Bacteria;p__;c__Candidatus Babeliae;o__;f__;g___o__Candidatus_Babeliales"
"X2497644","PFHpA",0.00141299233661982,0.0021714997921606,-0.0030425572034659,0.00586854187670554,0.52074037210857,35,0.834049327256252,"Candidatus Babeliales","Order","Candidatus Babeliales","d__Bacteria;p__;c__Candidatus Babeliae;o__;f__;g___o__Candidatus_Babeliales"
"X2800059","N.MeFOSAA",0.00145206763184292,0.00123818868331506,-0.00108848569374346,0.0039926209574293,0.251145128576752,35,0.673988323053067,"Maricaulales","Order","Maricaulales","d__Bacteria;p__Pseudomonadota;c__Alphaproteobacteria;o__;f__;g___o__Maricaulales"
"X2800059","PFDA",-0.000276704503622167,0.00119504601126248,-0.00272873637812857,0.00217532737088424,0.818638836624351,35,0.889824822417773,"Maricaulales","Order","Maricaulales","d__Bacteria;p__Pseudomonadota;c__Alphaproteobacteria;o__;f__;g___o__Maricaulales"
"X2800059","PFBA",-0.00204699648375871,0.00122317594939821,-0.0045567462237587,0.000462753256241271,0.105775497870126,35,0.528877489350631,"Maricaulales","Order","Maricaulales","d__Bacteria;p__Pseudomonadota;c__Alphaproteobacteria;o__;f__;g___o__Maricaulales"
"X2800059","PFDoA",0.000305146102298001,0.0011799929563067,-0.00211599945468387,0.00272629165927987,0.797905168845212,35,0.891285194237996,"Maricaulales","Order","Maricaulales","d__Bacteria;p__Pseudomonadota;c__Alphaproteobacteria;o__;f__;g___o__Maricaulales"
"X2800059","PFHpA",-0.000553165427835995,0.00114128096304474,-0.0028948805356892,0.00178854968001721,0.631806557431737,35,0.92912729034079,"Maricaulales","Order","Maricaulales","d__Bacteria;p__Pseudomonadota;c__Alphaproteobacteria;o__;f__;g___o__Maricaulales"
"X2805415","PFHpA",0.00084920623165715,0.000613054043619621,-0.000408676763293224,0.00210708922660752,0.177328192324459,35,0.62447176913835,"Jatrophihabitantales","Order","Jatrophihabitantales","d__Bacteria;p__Actinomycetota;c__Actinomycetes;o__;f__;g___o__Jatrophihabitantales"
"X2805415","N.MeFOSAA",0.000373928711203396,0.000698905472987014,-0.00106010686640645,0.00180796428881324,0.597015000400823,35,0.860468214095696,"Jatrophihabitantales","Order","Jatrophihabitantales","d__Bacteria;p__Actinomycetota;c__Actinomycetes;o__;f__;g___o__Jatrophihabitantales"
"X2805415","PFDA",-0.000647351603612942,0.000650312234369063,-0.00198168209133187,0.000686978884105981,0.328356853798605,35,0.867178966930771,"Jatrophihabitantales","Order","Jatrophihabitantales","d__Bacteria;p__Actinomycetota;c__Actinomycetes;o__;f__;g___o__Jatrophihabitantales"
"X2805415","PFBA",0.000123269092166401,0.00071090463273719,-0.00133538672759097,0.00158192491192378,0.863632424425335,35,0.863632424425335,"Jatrophihabitantales","Order","Jatrophihabitantales","d__Bacteria;p__Actinomycetota;c__Actinomycetes;o__;f__;g___o__Jatrophihabitantales"
"X2805415","PFDoA",0.000477354788941365,0.000647473101774284,-0.000851150279879257,0.00180585985776199,0.467324411913471,35,0.778874019855785,"Jatrophihabitantales","Order","Jatrophihabitantales","d__Bacteria;p__Actinomycetota;c__Actinomycetes;o__;f__;g___o__Jatrophihabitantales"
"X3031460","PFBA",-0.0051834557157867,0.0020210561574555,-0.00933032041517429,-0.00103659101639912,0.0162024354601017,35,0.405060886502541,"Candidatus Desulfofervidales","Order","Candidatus Desulfofervidales","d__Bacteria;p__Thermodesulfobacteriota;c__Candidatus Desulfofervidia;o__;f__;g___o__Candidatus_Desulfofervidales"
"X3031460","PFDoA",-0.000622461591917279,0.00206867651624353,-0.00486703519667187,0.00362211201283731,0.765796915776263,35,0.891285194237996,"Candidatus Desulfofervidales","Order","Candidatus Desulfofervidales","d__Bacteria;p__Thermodesulfobacteriota;c__Candidatus Desulfofervidia;o__;f__;g___o__Candidatus_Desulfofervidales"
"X3031460","PFDA",-0.0017138816007995,0.00207197298442933,-0.00596521899957433,0.00253745579797533,0.415389647230811,35,0.867178966930771,"Candidatus Desulfofervidales","Order","Candidatus Desulfofervidales","d__Bacteria;p__Thermodesulfobacteriota;c__Candidatus Desulfofervidia;o__;f__;g___o__Candidatus_Desulfofervidales"
"X3031460","N.MeFOSAA",-0.000129147972200424,0.0022261330869167,-0.00469679577368257,0.00443849982928173,0.954164325105717,35,0.954164325105717,"Candidatus Desulfofervidales","Order","Candidatus Desulfofervidales","d__Bacteria;p__Thermodesulfobacteriota;c__Candidatus Desulfofervidia;o__;f__;g___o__Candidatus_Desulfofervidales"
"X3031460","PFHpA",-0.00139400627131544,0.00199239267372841,-0.00548205836008314,0.00269404581745225,0.490121554582274,35,0.834049327256252,"Candidatus Desulfofervidales","Order","Candidatus Desulfofervidales","d__Bacteria;p__Thermodesulfobacteriota;c__Candidatus Desulfofervidia;o__;f__;g___o__Candidatus_Desulfofervidales"
"X3031655","N.MeFOSAA",-0.000338721942903631,0.000944959897596572,-0.00227761949764236,0.0016001756118351,0.722793299840385,35,0.860468214095696,"Desulfobaccales","Order","Desulfobaccales","d__Bacteria;p__Thermodesulfobacteriota;c__Desulfobaccia;o__;f__;g___o__Desulfobaccales"
"X3031655","PFBA",-0.000373287187738077,0.000956239556573641,-0.00233532869098145,0.0015887543155053,0.69932593484929,35,0.863632424425335,"Desulfobaccales","Order","Desulfobaccales","d__Bacteria;p__Thermodesulfobacteriota;c__Desulfobaccia;o__;f__;g___o__Desulfobaccales"
"X3031655","PFDoA",-0.000429608053488158,0.000877743218827038,-0.00223058837551111,0.00137137226853479,0.628478809767199,35,0.891285194237996,"Desulfobaccales","Order","Desulfobaccales","d__Bacteria;p__Thermodesulfobacteriota;c__Desulfobaccia;o__;f__;g___o__Desulfobaccales"
"X3031655","PFDA",0.000294150072668087,0.000890859803962861,-0.00153374325900856,0.00212204340434473,0.743807250704215,35,0.883712086178474,"Desulfobaccales","Order","Desulfobaccales","d__Bacteria;p__Thermodesulfobacteriota;c__Desulfobaccia;o__;f__;g___o__Desulfobaccales"
"X3031655","PFHpA",0.00127646151963145,0.000819312901186204,-0.000404629693568401,0.0029575527328313,0.130886906519929,35,0.566640867484435,"Desulfobaccales","Order","Desulfobaccales","d__Bacteria;p__Thermodesulfobacteriota;c__Desulfobaccia;o__;f__;g___o__Desulfobaccales"
"X3031714","PFDoA",-0.00127649245468382,0.00153574458398767,-0.00442758005762903,0.0018745951482614,0.413157937916377,35,0.778874019855785,"Haliangiales","Order","Haliangiales","d__Bacteria;p__Myxococcota;c__;o__;f__;g___o__Haliangiales"
"X3031714","N.MeFOSAA",-0.000292117247076496,0.0016700064966693,-0.00371868753966289,0.0031344530455099,0.862447750937731,35,0.907096341104979,"Haliangiales","Order","Haliangiales","d__Bacteria;p__Myxococcota;c__;o__;f__;g___o__Haliangiales"
"X3031714","PFDA",-0.000110407973888201,0.0015745798546219,-0.00334117897023651,0.00312036302246011,0.944615713197979,35,0.944615713197979,"Haliangiales","Order","Haliangiales","d__Bacteria;p__Myxococcota;c__;o__;f__;g___o__Haliangiales"
"X3031714","PFBA",0.000846944028720521,0.00168377197548501,-0.00260787069337392,0.00430175875081496,0.61904019825185,35,0.863632424425335,"Haliangiales","Order","Haliangiales","d__Bacteria;p__Myxococcota;c__;o__;f__;g___o__Haliangiales"
"X3031714","PFHpA",-0.00265032154197326,0.0014200866706391,-0.00556409870883745,0.000263455624890919,0.0728954463789158,35,0.455596539868224,"Haliangiales","Order","Haliangiales","d__Bacteria;p__Myxococcota;c__;o__;f__;g___o__Haliangiales"
"X485256","PFBA",0.00196004762239628,0.00325016960536187,-0.00470874955762189,0.00862884480241444,0.551501272725284,35,0.863632424425335,"Natranaerobiales","Order","Natranaerobiales","d__Bacteria;p__Bacillota;c__Clostridia;o__;f__;g___o__Natranaerobiales"
"X485256","PFDoA",0.000520201994366038,0.00300654391767152,-0.00564871656505058,0.00668912055378266,0.863923724971638,35,0.891285194237996,"Natranaerobiales","Order","Natranaerobiales","d__Bacteria;p__Bacillota;c__Clostridia;o__;f__;g___o__Natranaerobiales"
"X485256","N.MeFOSAA",-0.00147456932555735,0.0032194837457363,-0.00808040432237135,0.00513126567125664,0.650607155213777,35,0.860468214095696,"Natranaerobiales","Order","Natranaerobiales","d__Bacteria;p__Bacillota;c__Clostridia;o__;f__;g___o__Natranaerobiales"
"X485256","PFDA",0.00178115935558118,0.00302648899958282,-0.00442868313155474,0.00799100184271709,0.561072584887657,35,0.883712086178474,"Natranaerobiales","Order","Natranaerobiales","d__Bacteria;p__Bacillota;c__Clostridia;o__;f__;g___o__Natranaerobiales"
"X485256","PFHpA",0.00338884477819153,0.0028447357347718,-0.00244807081373523,0.00922576037011828,0.243915291713081,35,0.62447176913835,"Natranaerobiales","Order","Natranaerobiales","d__Bacteria;p__Bacillota;c__Clostridia;o__;f__;g___o__Natranaerobiales"
"X622452","N.MeFOSAA",0.0057144032604312,0.00203533993079026,0.00153823067902487,0.00989057584183754,0.00915712292160214,35,0.228928073040054,"Kineosporiales","Order","Kineosporiales","d__Bacteria;p__Actinomycetota;c__Actinomycetes;o__;f__;g___o__Kineosporiales"
"X622452","PFBA",-0.0012606120242715,0.00232949260284592,-0.00604033603470585,0.00351911198616285,0.592839475755834,35,0.863632424425335,"Kineosporiales","Order","Kineosporiales","d__Bacteria;p__Actinomycetota;c__Actinomycetes;o__;f__;g___o__Kineosporiales"
"X622452","PFDoA",0.00306051937748483,0.00207115912763212,-0.00118914812507744,0.00731018688004709,0.151063397105758,35,0.772036942452762,"Kineosporiales","Order","Kineosporiales","d__Bacteria;p__Actinomycetota;c__Actinomycetes;o__;f__;g___o__Kineosporiales"
"X622452","PFDA",0.0036855203818824,0.00206161678499486,-0.00054456785085804,0.00791560861462283,0.0850576073282805,35,0.577458007721353,"Kineosporiales","Order","Kineosporiales","d__Bacteria;p__Actinomycetota;c__Actinomycetes;o__;f__;g___o__Kineosporiales"
"X622452","PFHpA",-0.00240191130639773,0.00203731134275389,-0.00658212889103158,0.00177830627823611,0.248698957596879,35,0.62447176913835,"Kineosporiales","Order","Kineosporiales","d__Bacteria;p__Actinomycetota;c__Actinomycetes;o__;f__;g___o__Kineosporiales"
"X641854","N.MeFOSAA",-0.000164089872663164,0.000958300657169469,-0.00213036040500659,0.00180218065968026,0.86531970426417,35,0.907096341104979,"Elusimicrobiales","Order","Elusimicrobiales","d__Bacteria;p__Elusimicrobiota;c__Elusimicrobia;o__;f__;g___o__Elusimicrobiales"
"X641854","PFHpA",0.000993253736928571,0.00084447271739603,-0.000739461154959634,0.00272596862881678,0.24978870765534,35,0.62447176913835,"Elusimicrobiales","Order","Elusimicrobiales","d__Bacteria;p__Elusimicrobiota;c__Elusimicrobia;o__;f__;g___o__Elusimicrobiales"
"X641854","PFDA",-0.000340268451449922,0.000901226871198438,-0.00218943324804692,0.00150889634514708,0.708708224837683,35,0.883712086178474,"Elusimicrobiales","Order","Elusimicrobiales","d__Bacteria;p__Elusimicrobiota;c__Elusimicrobia;o__;f__;g___o__Elusimicrobiales"
"X641854","PFBA",-0.000259667857679493,0.000969406068442848,-0.0022487248117717,0.00172938909641272,0.790840665696966,35,0.863632424425335,"Elusimicrobiales","Order","Elusimicrobiales","d__Bacteria;p__Elusimicrobiota;c__Elusimicrobia;o__;f__;g___o__Elusimicrobiales"
"X641854","PFDoA",-0.00154886818986654,0.000841187701110034,-0.003274842785092,0.000177106405358927,0.0765922604468435,35,0.638268837057029,"Elusimicrobiales","Order","Elusimicrobiales","d__Bacteria;p__Elusimicrobiota;c__Elusimicrobia;o__;f__;g___o__Elusimicrobiales"
"X742030","PFDoA",0.0011626245448681,0.00151340294201997,-0.00194262179529952,0.00426787088503571,0.449024550370555,35,0.778874019855785,"Salinisphaerales","Order","Salinisphaerales","d__Bacteria;p__Pseudomonadota;c__Gammaproteobacteria;o__;f__;g___o__Salinisphaerales"
"X742030","N.MeFOSAA",0.00134942928005823,0.00162300073791997,-0.00198069316227599,0.00467955172239245,0.413017556691929,35,0.794264532099863,"Salinisphaerales","Order","Salinisphaerales","d__Bacteria;p__Pseudomonadota;c__Gammaproteobacteria;o__;f__;g___o__Salinisphaerales"
"X742030","PFDA",0.000996070616779232,0.00153708270719396,-0.00215776258819547,0.00414990382175393,0.522440783311453,35,0.883712086178474,"Salinisphaerales","Order","Salinisphaerales","d__Bacteria;p__Pseudomonadota;c__Gammaproteobacteria;o__;f__;g___o__Salinisphaerales"
"X742030","PFHpA",-9.31905498547264e-05,0.00148414138869973,-0.00313839714196026,0.00295201604225081,0.950395568816352,35,0.950395568816352,"Salinisphaerales","Order","Salinisphaerales","d__Bacteria;p__Pseudomonadota;c__Gammaproteobacteria;o__;f__;g___o__Salinisphaerales"
"X742030","PFBA",0.000916370435852577,0.00165462710898743,-0.00247864395976338,0.00431138483146853,0.584257976270266,35,0.863632424425335,"Salinisphaerales","Order","Salinisphaerales","d__Bacteria;p__Pseudomonadota;c__Gammaproteobacteria;o__;f__;g___o__Salinisphaerales"
"X84996","N.MeFOSAA",0.00336257557223485,0.00159819680553468,8.3346595297489e-05,0.00664180454917221,0.0448316551132025,35,0.560395688915032,"Rubrobacterales","Order","Rubrobacterales","d__Bacteria;p__Actinomycetota;c__Rubrobacteria;o__;f__;g___o__Rubrobacterales"
"X84996","PFDoA",0.000732620693319246,0.00159866279159091,-0.00254756440802854,0.00401280579466704,0.650425061658916,35,0.891285194237996,"Rubrobacterales","Order","Rubrobacterales","d__Bacteria;p__Actinomycetota;c__Rubrobacteria;o__;f__;g___o__Rubrobacterales"
"X84996","PFDA",0.00271263781932834,0.00153880032523874,-0.000444719646766296,0.00586999528542297,0.0892471969545045,35,0.577458007721353,"Rubrobacterales","Order","Rubrobacterales","d__Bacteria;p__Actinomycetota;c__Rubrobacteria;o__;f__;g___o__Rubrobacterales"
"X84996","PFHpA",-0.00143312662118482,0.00153240623158167,-0.00457736449078865,0.00171111124841901,0.357968083993695,35,0.813563827258397,"Rubrobacterales","Order","Rubrobacterales","d__Bacteria;p__Actinomycetota;c__Rubrobacteria;o__;f__;g___o__Rubrobacterales"
"X84996","PFBA",0.00044346018813196,0.00174350378435274,-0.00313391408220186,0.00402083445846578,0.801152352743293,35,0.863632424425335,"Rubrobacterales","Order","Rubrobacterales","d__Bacteria;p__Actinomycetota;c__Rubrobacteria;o__;f__;g___o__Rubrobacterales"
"X85001","PFDoA",-0.00234024499182588,0.00168963978055043,-0.00580709945541829,0.00112660947176654,0.177373722270879,35,0.772036942452762,"Sphaerobacterales","Order","Sphaerobacterales","d__Bacteria;p__Thermomicrobiota;c__Thermomicrobia;o__;f__;g___o__Sphaerobacterales"
"X85001","N.MeFOSAA",-0.00214290618071527,0.00183287888974476,-0.00590366301970607,0.00161785065827552,0.252562722353502,35,0.673988323053067,"Sphaerobacterales","Order","Sphaerobacterales","d__Bacteria;p__Thermomicrobiota;c__Thermomicrobia;o__;f__;g___o__Sphaerobacterales"
"X85001","PFHpA",-0.000291910826664412,0.00169557949702797,-0.00377095258178469,0.00318713092845586,0.86459576100787,35,0.950395568816352,"Sphaerobacterales","Order","Sphaerobacterales","d__Bacteria;p__Thermomicrobiota;c__Thermomicrobia;o__;f__;g___o__Sphaerobacterales"
"X85001","PFBA",-0.00212952815433605,0.0018572857970587,-0.0059403638305665,0.0016813075218944,0.261614882457156,35,0.820663756274587,"Sphaerobacterales","Order","Sphaerobacterales","d__Bacteria;p__Thermomicrobiota;c__Thermomicrobia;o__;f__;g___o__Sphaerobacterales"
"X85001","PFDA",-0.00144368650994967,0.00174857270160511,-0.0050314613393874,0.00214408831948807,0.41624590412677,35,0.867178966930771,"Sphaerobacterales","Order","Sphaerobacterales","d__Bacteria;p__Thermomicrobiota;c__Thermomicrobia;o__;f__;g___o__Sphaerobacterales"
"X85009","N.MeFOSAA",-0.000961608871818785,0.000884586025511926,-0.00277662947341616,0.000853411729778592,0.286614594974915,35,0.673988323053067,"Propionibacteriales","Order","Propionibacteriales","d__Bacteria;p__Actinomycetota;c__Actinomycetes;o__;f__;g___o__Propionibacteriales"
"X85009","PFDA",-0.000242537992995638,0.000850411117748846,-0.00198743747594683,0.00150236148995555,0.777666635837057,35,0.883712086178474,"Propionibacteriales","Order","Propionibacteriales","d__Bacteria;p__Actinomycetota;c__Actinomycetes;o__;f__;g___o__Propionibacteriales"
"X85009","PFHpA",0.000344900691200536,0.000813390811775422,-0.00132403939822495,0.00201384078062602,0.674904565252498,35,0.937367451739581,"Propionibacteriales","Order","Propionibacteriales","d__Bacteria;p__Actinomycetota;c__Actinomycetes;o__;f__;g___o__Propionibacteriales"
"X85009","PFBA",-0.000205886576198161,0.000914068833875325,-0.0020814009037071,0.00166962775131078,0.82348725387626,35,0.863632424425335,"Propionibacteriales","Order","Propionibacteriales","d__Bacteria;p__Actinomycetota;c__Actinomycetes;o__;f__;g___o__Propionibacteriales"
"X85009","PFDoA",-0.000382824067447258,0.000837936496154541,-0.00210212774112971,0.00133647960623519,0.651422398576379,35,0.891285194237996,"Propionibacteriales","Order","Propionibacteriales","d__Bacteria;p__Actinomycetota;c__Actinomycetes;o__;f__;g___o__Propionibacteriales"
"X1161","N-detect",-0.000567609552174868,NA,-0.00182144029645851,0.000686221192108778,0.361189764240158,35,0.791289328105425,"Nostocales","Order","Nostocales","d__Bacteria;p__Cyanobacteriota;c__Cyanophyceae;o__;f__;g___o__Nostocales"
"X1643687","N-detect",0.00040834023006562,NA,-0.000571822606325721,0.00138850306645696,0.400182439631618,35,0.791289328105425,"Brevinematales","Order","Brevinematales","d__Bacteria;p__Spirochaetota;c__Spirochaetia;o__;f__;g___o__Brevinematales"
"X1643822","N-detect",0.000794405902464086,NA,-0.000105022590723399,0.00169383439565157,0.0810840361880842,35,0.658329473922556,"Eggerthellales","Order","Eggerthellales","d__Bacteria;p__Actinomycetota;c__Coriobacteriia;o__;f__;g___o__Eggerthellales"
"X1643946","N-detect",-0.000368438451539547,NA,-0.00188601017130343,0.00114913326822434,0.622414252320739,35,0.791289328105425,"Kosmotogales","Order","Kosmotogales","d__Bacteria;p__Thermotogota;c__Thermotogae;o__;f__;g___o__Kosmotogales"
"X1663425","N-detect",-0.000130503816810784,NA,-0.00138197368625534,0.00112096605263378,0.832181386283585,35,0.832181386283585,"Fimbriimonadales","Order","Fimbriimonadales","d__Bacteria;p__Armatimonadota;c__Fimbriimonadia;o__;f__;g___o__Fimbriimonadales"
"X1769716","N-detect",0.000583807353390989,NA,-0.00150164047375792,0.0026692551805399,0.570454720827854,35,0.791289328105425,"Mesoaciditogales","Order","Mesoaciditogales","d__Bacteria;p__Thermotogota;c__Thermotogae;o__;f__;g___o__Mesoaciditogales"
"X1779134","N-detect",-0.00168703429449624,NA,-0.00292403773371899,-0.000450030855273481,0.00936274504274838,35,0.234068626068709,"Bradymonadales","Order","Bradymonadales","d__Bacteria;p__;c__Deltaproteobacteria;o__;f__;g___o__Bradymonadales"
"X1955042","N-detect",9.3560909279759e-05,NA,-0.000617594221923437,0.000804716040482955,0.789256898905159,35,0.832181386283585,"Gloeomargaritales","Order","Gloeomargaritales","d__Bacteria;p__Cyanobacteriota;c__Cyanophyceae;o__;f__;g___o__Gloeomargaritales"
"X1963360","N-detect",0.000692358150970811,NA,8.28094716764618e-05,0.00130190683026516,0.027492446089325,35,0.343655576116562,"Parachlamydiales","Order","Parachlamydiales","d__Bacteria;p__Chlamydiota;c__Chlamydiia;o__;f__;g___o__Parachlamydiales"
"X2024973","N-detect",-0.000290229730144499,NA,-0.00219017019221536,0.00160971073192636,0.756361037673801,35,0.832181386283585,"Silvanigrellales","Order","Silvanigrellales","d__Bacteria;p__Bdellovibrionota;c__Oligoflexia;o__;f__;g___o__Silvanigrellales"
"X2039638","N-detect",-0.00040177163382913,NA,-0.00160102705544759,0.00079748378778933,0.497693922844092,35,0.791289328105425,"Candidatus Nanopelagicales","Order","Candidatus Nanopelagicales","d__Bacteria;p__Actinomycetota;c__Actinomycetes;o__;f__;g___o__Candidatus_Nanopelagicales"
"X204441","N-detect",-0.00024383187149192,NA,-0.000915721545956182,0.000428057802972343,0.462934549416397,35,0.791289328105425,"Rhodospirillales","Order","Rhodospirillales","d__Bacteria;p__Pseudomonadota;c__Alphaproteobacteria;o__;f__;g___o__Rhodospirillales"
"X2497644","N-detect",0.000863863591367457,NA,-0.000774021186171594,0.00250174836890651,0.288739166899523,35,0.791289328105425,"Candidatus Babeliales","Order","Candidatus Babeliales","d__Bacteria;p__;c__Candidatus Babeliae;o__;f__;g___o__Candidatus_Babeliales"
"X2800059","N-detect",-0.000133897356162255,NA,-0.00100857243330662,0.000740777720982112,0.755859879789344,35,0.832181386283585,"Maricaulales","Order","Maricaulales","d__Bacteria;p__Pseudomonadota;c__Alphaproteobacteria;o__;f__;g___o__Maricaulales"
"X2805415","N-detect",0.000153693036051596,NA,-0.000327528893673943,0.000634914965777136,0.517809813860801,35,0.791289328105425,"Jatrophihabitantales","Order","Jatrophihabitantales","d__Bacteria;p__Actinomycetota;c__Actinomycetes;o__;f__;g___o__Jatrophihabitantales"
"X3031460","N-detect",-0.00108041229015828,NA,-0.00255689729410622,0.000396072713789664,0.144852623701032,35,0.724263118505158,"Candidatus Desulfofervidales","Order","Candidatus Desulfofervidales","d__Bacteria;p__Thermodesulfobacteriota;c__Candidatus Desulfofervidia;o__;f__;g___o__Candidatus_Desulfofervidales"
"X3031655","N-detect",7.89811654285757e-05,NA,-0.000574169342330087,0.000732131673187238,0.805923349364004,35,0.832181386283585,"Desulfobaccales","Order","Desulfobaccales","d__Bacteria;p__Thermodesulfobacteriota;c__Desulfobaccia;o__;f__;g___o__Desulfobaccales"
"X3031714","N-detect",-0.000488304209939323,NA,-0.00162560119900787,0.000648992779129229,0.386112447214686,35,0.791289328105425,"Haliangiales","Order","Haliangiales","d__Bacteria;p__Myxococcota;c__;o__;f__;g___o__Haliangiales"
"X485256","N-detect",0.000814989370453073,NA,-0.00139283752138868,0.00302281626229483,0.455366709378304,35,0.791289328105425,"Natranaerobiales","Order","Natranaerobiales","d__Bacteria;p__Bacillota;c__Clostridia;o__;f__;g___o__Natranaerobiales"
"X622452","N-detect",0.00104385653311793,NA,-0.000499100540776169,0.00258681360701203,0.176447562670999,35,0.73519817779583,"Kineosporiales","Order","Kineosporiales","d__Bacteria;p__Actinomycetota;c__Actinomycetes;o__;f__;g___o__Kineosporiales"
"X641854","N-detect",-0.00015512604160422,NA,-0.000814198681114786,0.000503946597906346,0.63303146248434,35,0.791289328105425,"Elusimicrobiales","Order","Elusimicrobiales","d__Bacteria;p__Elusimicrobiota;c__Elusimicrobia;o__;f__;g___o__Elusimicrobiales"
"X742030","N-detect",0.000519899895047129,NA,-0.000596049959492013,0.00163584974958627,0.347599425206227,35,0.791289328105425,"Salinisphaerales","Order","Salinisphaerales","d__Bacteria;p__Pseudomonadota;c__Gammaproteobacteria;o__;f__;g___o__Salinisphaerales"
"X84996","N-detect",0.000672149237038201,NA,-0.000488196530499901,0.0018324950045763,0.244963650227706,35,0.791289328105425,"Rubrobacterales","Order","Rubrobacterales","d__Bacteria;p__Actinomycetota;c__Rubrobacteria;o__;f__;g___o__Rubrobacterales"
"X85001","N-detect",-0.00100809642016725,NA,-0.00224243986020343,0.00022624701986894,0.105332715827609,35,0.658329473922556,"Sphaerobacterales","Order","Sphaerobacterales","d__Bacteria;p__Thermomicrobiota;c__Thermomicrobia;o__;f__;g___o__Sphaerobacterales"
"X85009","N-detect",-0.000164649706156345,NA,-0.000785139137655921,0.00045583972534323,0.590591981169438,35,0.791289328105425,"Propionibacteriales","Order","Propionibacteriales","d__Bacteria;p__Actinomycetota;c__Actinomycetes;o__;f__;g___o__Propionibacteriales"
"X1313211","N.MeFOSAA",0.000564010225223252,0.00107268021270225,-0.0016369477696238,0.0027649682200703,0.603322620861676,35,0.684083857496788,"Lentisphaeria","Class","Lentisphaeria","d__Bacteria;p__Lentisphaerota;c__;o__;f__;g___c__Lentisphaeria"
"X1313211","PFBA",-0.000438406915385117,0.0010882423217507,-0.00267129572047857,0.00179448188970833,0.69022501849508,35,0.92538499267279,"Lentisphaeria","Class","Lentisphaeria","d__Bacteria;p__Lentisphaerota;c__;o__;f__;g___c__Lentisphaeria"
"X1313211","PFDA",0.00200253413877434,0.000940143180318618,7.35196715357712e-05,0.0039315486060129,0.0424325985358107,35,0.31824448901858,"Lentisphaeria","Class","Lentisphaeria","d__Bacteria;p__Lentisphaerota;c__;o__;f__;g___c__Lentisphaeria"
"X1313211","PFDoA",0.000841862814447113,0.000990349622592548,-0.00119016676317301,0.00287389239206724,0.402763612922119,35,0.967439970449803,"Lentisphaeria","Class","Lentisphaeria","d__Bacteria;p__Lentisphaerota;c__;o__;f__;g___c__Lentisphaeria"
"X1313211","PFHpA",-0.000122598203426622,0.000973314863216938,-0.00211967534191897,0.00187447893506573,0.900697298732939,35,0.958436779923403,"Lentisphaeria","Class","Lentisphaeria","d__Bacteria;p__Lentisphaerota;c__;o__;f__;g___c__Lentisphaeria"
"X1497346","PFDoA",-0.000733607753323191,0.00114255196723006,-0.00307793074635041,0.00161071523970403,0.526236887625369,35,0.967439970449803,"Thermoleophilia","Class","Thermoleophilia","d__Bacteria;p__Actinomycetota;c__;o__;f__;g___c__Thermoleophilia"
"X1497346","PFHpA",-0.000626058401663922,0.00111040674306001,-0.00290442484277993,0.00165230803945209,0.577536915103737,35,0.958436779923403,"Thermoleophilia","Class","Thermoleophilia","d__Bacteria;p__Actinomycetota;c__;o__;f__;g___c__Thermoleophilia"
"X1497346","PFDA",0.000922746695420244,0.00115203582601833,-0.00144103556848274,0.00328652895932323,0.430141171822016,35,0.80651469716628,"Thermoleophilia","Class","Thermoleophilia","d__Bacteria;p__Actinomycetota;c__;o__;f__;g___c__Thermoleophilia"
"X1497346","N.MeFOSAA",-0.000585298652706741,0.00123173352767236,-0.0031126070929568,0.00194200978754332,0.638478266997002,35,0.684083857496788,"Thermoleophilia","Class","Thermoleophilia","d__Bacteria;p__Actinomycetota;c__;o__;f__;g___c__Thermoleophilia"
"X1497346","PFBA",0.000701080722278406,0.00124489844281676,-0.00185323989261182,0.00325540133716863,0.577971160780509,35,0.92538499267279,"Thermoleophilia","Class","Thermoleophilia","d__Bacteria;p__Actinomycetota;c__;o__;f__;g___c__Thermoleophilia"
"X1676648","N.MeFOSAA",0.00115098901270265,0.00120305127606293,-0.00131746830841382,0.00361944633381912,0.347194851930217,35,0.631343042707965,"Limnochordia","Class","Limnochordia","d__Bacteria;p__Bacillota;c__;o__;f__;g___c__Limnochordia"
"X1676648","PFBA",0.0014694779237691,0.00120569850696378,-0.0010044110664939,0.0039433669140321,0.233470727960866,35,0.875515229853248,"Limnochordia","Class","Limnochordia","d__Bacteria;p__Bacillota;c__;o__;f__;g___c__Limnochordia"
"X1676648","PFDA",0.000375679079263032,0.0011505565019351,-0.00198506786234222,0.00273642602086828,0.746549019956132,35,0.922305367073881,"Limnochordia","Class","Limnochordia","d__Bacteria;p__Bacillota;c__;o__;f__;g___c__Limnochordia"
"X1676648","PFDoA",-0.000373853343713988,0.00113630808525392,-0.00270536494916127,0.00195765826173329,0.744688854084323,35,0.967439970449803,"Limnochordia","Class","Limnochordia","d__Bacteria;p__Bacillota;c__;o__;f__;g___c__Limnochordia"
"X1676648","PFHpA",0.00108145009304324,0.00108485987872031,-0.00114449851222019,0.00330739869830666,0.327684569533421,35,0.919684665604774,"Limnochordia","Class","Limnochordia","d__Bacteria;p__Bacillota;c__;o__;f__;g___c__Limnochordia"
"X1853228","PFBA",-0.00330465992691187,0.00159941265186975,-0.00658638361446288,-2.29362393608682e-05,0.0485286010544148,35,0.477277143927181,"Chitinophagia","Class","Chitinophagia","d__Bacteria;p__Bacteroidota;c__;o__;f__;g___c__Chitinophagia"
"X1853228","PFDA",-0.000161094784862141,0.00160195507130331,-0.00344803508619263,0.00312584551646834,0.920641689067052,35,0.922305367073881,"Chitinophagia","Class","Chitinophagia","d__Bacteria;p__Bacteroidota;c__;o__;f__;g___c__Chitinophagia"
"X1853228","PFDoA",-0.00127677510342928,0.00156326736984569,-0.00448433479829653,0.00193078459143797,0.421228136113821,35,0.967439970449803,"Chitinophagia","Class","Chitinophagia","d__Bacteria;p__Bacteroidota;c__;o__;f__;g___c__Chitinophagia"
"X1853228","PFHpA",-0.00162851411923962,0.00150295935786041,-0.00471233199472722,0.00145530375624798,0.28815112308824,35,0.919684665604774,"Chitinophagia","Class","Chitinophagia","d__Bacteria;p__Bacteroidota;c__;o__;f__;g___c__Chitinophagia"
"X1853228","N.MeFOSAA",-0.00161646003335629,0.00167146380589999,-0.00504602047749417,0.00181310041078159,0.342081222885656,35,0.631343042707965,"Chitinophagia","Class","Chitinophagia","d__Bacteria;p__Bacteroidota;c__;o__;f__;g___c__Chitinophagia"
"X186801","PFDA",-0.00112837247606259,0.00119131544926678,-0.00357274986962259,0.00131600491749742,0.35195527462675,35,0.754189874200178,"Clostridia","Class","Clostridia","d__Bacteria;p__Bacillota;c__;o__;f__;g___c__Clostridia"
"X186801","PFDoA",-0.000197925124536547,0.00119537845860856,-0.00265063912465275,0.00225478887557966,0.869724759417826,35,0.967439970449803,"Clostridia","Class","Clostridia","d__Bacteria;p__Bacillota;c__;o__;f__;g___c__Clostridia"
"X186801","PFBA",-0.00235801198011572,0.00121913519969337,-0.00485947078656186,0.00014344682633041,0.0636369525236242,35,0.477277143927181,"Clostridia","Class","Clostridia","d__Bacteria;p__Bacillota;c__;o__;f__;g___c__Clostridia"
"X186801","PFHpA",0.00139266723729349,0.00112895554079031,-0.000923758193049577,0.00370909266763656,0.22798741131401,35,0.919684665604774,"Clostridia","Class","Clostridia","d__Bacteria;p__Bacillota;c__;o__;f__;g___c__Clostridia"
"X186801","N.MeFOSAA",-0.000841764959178404,0.00127469203189007,-0.00345721696932471,0.0017736870509679,0.514613048131394,35,0.684083857496788,"Clostridia","Class","Clostridia","d__Bacteria;p__Bacillota;c__;o__;f__;g___c__Clostridia"
"X200643","PFDA",-0.00110694106550034,0.0010834143659958,-0.00332992372364367,0.001116041592643,0.315983547606609,35,0.754189874200178,"Bacteroidia","Class","Bacteroidia","d__Bacteria;p__Bacteroidota;c__;o__;f__;g___c__Bacteroidia"
"X200643","PFBA",-0.000105908669735787,0.00118596597542929,-0.00253930984962891,0.00232749251015734,0.929501352065679,35,0.932268262713237,"Bacteroidia","Class","Bacteroidia","d__Bacteria;p__Bacteroidota;c__;o__;f__;g___c__Bacteroidia"
"X200643","PFHpA",-0.00111959790831909,0.0010358388267916,-0.00324496362328524,0.00100576780664706,0.289319103266731,35,0.919684665604774,"Bacteroidia","Class","Bacteroidia","d__Bacteria;p__Bacteroidota;c__;o__;f__;g___c__Bacteroidia"
"X200643","PFDoA",-0.000446907587603434,0.00108712183217918,-0.00267749733800064,0.00178368216279377,0.684249439383811,35,0.967439970449803,"Bacteroidia","Class","Bacteroidia","d__Bacteria;p__Bacteroidota;c__;o__;f__;g___c__Bacteroidia"
"X200643","N.MeFOSAA",-0.00111164069296276,0.00115193612219422,-0.00347521838151682,0.0012519369955913,0.343099630535262,35,0.631343042707965,"Bacteroidia","Class","Bacteroidia","d__Bacteria;p__Bacteroidota;c__;o__;f__;g___c__Bacteroidia"
"X2008785","PFHpA",0.000218298441093014,0.000976245304952382,-0.00178479146717889,0.00222138834936491,0.824743897655273,35,0.958436779923403,"Hydrogenophilia","Class","Hydrogenophilia","d__Bacteria;p__Pseudomonadota;c__;o__;f__;g___c__Hydrogenophilia"
"X2008785","N.MeFOSAA",-0.000873677442496352,0.00106894413583367,-0.00306696964081252,0.00131961475581982,0.42089536180531,35,0.631343042707965,"Hydrogenophilia","Class","Hydrogenophilia","d__Bacteria;p__Pseudomonadota;c__;o__;f__;g___c__Hydrogenophilia"
"X2008785","PFDoA",0.000936094674184764,0.000990929057840398,-0.00109712380635922,0.00296931315472875,0.353208112957331,35,0.967439970449803,"Hydrogenophilia","Class","Hydrogenophilia","d__Bacteria;p__Pseudomonadota;c__;o__;f__;g___c__Hydrogenophilia"
"X2008785","PFBA",0.00152988484403635,0.00105517876825147,-0.000635163153004093,0.00369493284107678,0.158609083071832,35,0.79304541535916,"Hydrogenophilia","Class","Hydrogenophilia","d__Bacteria;p__Pseudomonadota;c__;o__;f__;g___c__Hydrogenophilia"
"X2008785","PFDA",0.000566877088523001,0.00101391789700196,-0.00151351059375114,0.00264726477079714,0.580704759366575,35,0.922305367073881,"Hydrogenophilia","Class","Hydrogenophilia","d__Bacteria;p__Pseudomonadota;c__;o__;f__;g___c__Hydrogenophilia"
"X2138243","N.MeFOSAA",0.0017103856655711,0.000566271244777486,0.000548493044931378,0.00287227828621082,0.00546462987486747,35,0.0819694481230121,"Coprothermobacteria","Class","Coprothermobacteria","d__Bacteria;p__Coprothermobacterota;c__;o__;f__;g___c__Coprothermobacteria"
"X2138243","PFBA",-0.000146352845047581,0.000662501921886434,-0.001505694505601,0.00121298881550584,0.826825114164085,35,0.932268262713237,"Coprothermobacteria","Class","Coprothermobacteria","d__Bacteria;p__Coprothermobacterota;c__;o__;f__;g___c__Coprothermobacteria"
"X2138243","PFDA",0.00123072231767095,0.000570019747883244,6.11384039677129e-05,0.00240030623137419,0.039892541873924,35,0.31824448901858,"Coprothermobacteria","Class","Coprothermobacteria","d__Bacteria;p__Coprothermobacterota;c__;o__;f__;g___c__Coprothermobacteria"
"X2138243","PFDoA",2.80725230212201e-05,0.000609619705483532,-0.00122276379213761,0.00127890883818005,0.963609917762981,35,0.967439970449803,"Coprothermobacteria","Class","Coprothermobacteria","d__Bacteria;p__Coprothermobacterota;c__;o__;f__;g___c__Coprothermobacteria"
"X2138243","PFHpA",3.11105779802874e-05,0.000591440390879144,-0.00118242486470457,0.00124464602066514,0.958436779923403,35,0.958436779923403,"Coprothermobacteria","Class","Coprothermobacteria","d__Bacteria;p__Coprothermobacterota;c__;o__;f__;g___c__Coprothermobacteria"
"X2907184","PFDoA",-0.000261266713161163,0.00114366343035155,-0.00260787024013901,0.00208533681381668,0.821019990158807,35,0.967439970449803,"Tichowtungiia","Class","Tichowtungiia","d__Bacteria;p__Kiritimatiellota;c__;o__;f__;g___c__Tichowtungiia"
"X2907184","PFHpA",-0.000400352406940239,0.00110796792283965,-0.00267371480230392,0.00187300998842344,0.720658035007195,35,0.958436779923403,"Tichowtungiia","Class","Tichowtungiia","d__Bacteria;p__Kiritimatiellota;c__;o__;f__;g___c__Tichowtungiia"
"X2907184","PFDA",0.000158083159222993,0.00115868848918995,-0.00221934924199139,0.00253551556043737,0.892491324427297,35,0.922305367073881,"Tichowtungiia","Class","Tichowtungiia","d__Bacteria;p__Kiritimatiellota;c__;o__;f__;g___c__Tichowtungiia"
"X2907184","N.MeFOSAA",0.000203687120102086,0.00122929331276168,-0.00231861441272748,0.00272598865293165,0.869631856823727,35,0.869631856823727,"Tichowtungiia","Class","Tichowtungiia","d__Bacteria;p__Kiritimatiellota;c__;o__;f__;g___c__Tichowtungiia"
"X2907184","PFBA",-0.000870266850012734,0.0012338320575095,-0.00340188111782238,0.00166134741779691,0.486641898528239,35,0.912453559740447,"Tichowtungiia","Class","Tichowtungiia","d__Bacteria;p__Kiritimatiellota;c__;o__;f__;g___c__Tichowtungiia"
"X3031419","PFDoA",4.54189278331772e-05,0.00110241325537163,-0.00221654623131071,0.00230738408697707,0.967439970449803,35,0.967439970449803,"Bacteriovoracia","Class","Bacteriovoracia","d__Bacteria;p__Bdellovibrionota;c__;o__;f__;g___c__Bacteriovoracia"
"X3031419","PFHpA",-0.000224239554029794,0.00106871394143851,-0.00241705943246125,0.00196858032440166,0.835381951096318,35,0.958436779923403,"Bacteriovoracia","Class","Bacteriovoracia","d__Bacteria;p__Bdellovibrionota;c__;o__;f__;g___c__Bacteriovoracia"
"X3031419","PFDA",-0.000375023578527348,0.00111390244733855,-0.00266056261235865,0.00191051545530396,0.738964490781638,35,0.922305367073881,"Bacteriovoracia","Class","Bacteriovoracia","d__Bacteria;p__Bdellovibrionota;c__;o__;f__;g___c__Bacteriovoracia"
"X3031419","N.MeFOSAA",0.00111866357262658,0.00116472030039603,-0.00127114508289008,0.00350847222814323,0.345348219087669,35,0.631343042707965,"Bacteriovoracia","Class","Bacteriovoracia","d__Bacteria;p__Bdellovibrionota;c__;o__;f__;g___c__Bacteriovoracia"
"X3031419","PFBA",-0.000102855305718051,0.00119895288040758,-0.00256290341356026,0.00235719280212416,0.932268262713237,35,0.932268262713237,"Bacteriovoracia","Class","Bacteriovoracia","d__Bacteria;p__Bdellovibrionota;c__;o__;f__;g___c__Bacteriovoracia"
"X3031449","N.MeFOSAA",0.00100561276685723,0.000802600488400605,-0.000641187407785115,0.00265241294149957,0.220969365820274,35,0.631343042707965,"Desulfovibrionia","Class","Desulfovibrionia","d__Bacteria;p__Thermodesulfobacteriota;c__;o__;f__;g___c__Desulfovibrionia"
"X3031449","PFBA",0.000587081884600634,0.000828155043331375,-0.00111215190568373,0.002286315674885,0.484461032754161,35,0.912453559740447,"Desulfovibrionia","Class","Desulfovibrionia","d__Bacteria;p__Thermodesulfobacteriota;c__;o__;f__;g___c__Desulfovibrionia"
"X3031449","PFDA",0.00131001908742204,0.000736079201304365,-0.000200290680360692,0.00282032885520477,0.0863803306825312,35,0.431901653412656,"Desulfovibrionia","Class","Desulfovibrionia","d__Bacteria;p__Thermodesulfobacteriota;c__;o__;f__;g___c__Desulfovibrionia"
"X3031449","PFDoA",0.00117084895549538,0.00073466634944243,-0.000336561879721765,0.00267825979071253,0.122640689127427,35,0.967439970449803,"Desulfovibrionia","Class","Desulfovibrionia","d__Bacteria;p__Thermodesulfobacteriota;c__;o__;f__;g___c__Desulfovibrionia"
"X3031449","PFHpA",-0.000248081474834591,0.000744008374917611,-0.00177466056300745,0.00127849761333827,0.741378532902451,35,0.958436779923403,"Desulfovibrionia","Class","Desulfovibrionia","d__Bacteria;p__Thermodesulfobacteriota;c__;o__;f__;g___c__Desulfovibrionia"
"X3031647","N.MeFOSAA",-0.00184044472944052,0.0016166210442586,-0.00515747712163455,0.0014765876627535,0.264933087666815,35,0.631343042707965,"Desulfobaccia","Class","Desulfobaccia","d__Bacteria;p__Thermodesulfobacteriota;c__;o__;f__;g___c__Desulfobaccia"
"X3031647","PFBA",0.000559906073483372,0.00167199109416237,-0.00287073627680223,0.00399054842376897,0.740307994138232,35,0.92538499267279,"Desulfobaccia","Class","Desulfobaccia","d__Bacteria;p__Thermodesulfobacteriota;c__;o__;f__;g___c__Desulfobaccia"
"X3031647","PFDA",-0.00214825472493393,0.00150386475068754,-0.00523393031305365,0.000937420863185782,0.164618004287086,35,0.617317516076573,"Desulfobaccia","Class","Desulfobaccia","d__Bacteria;p__Thermodesulfobacteriota;c__;o__;f__;g___c__Desulfobaccia"
"X3031647","PFDoA",0.00160741450737675,0.00150900845824666,-0.0014888150968806,0.00470364411163411,0.296213411228579,35,0.967439970449803,"Desulfobaccia","Class","Desulfobaccia","d__Bacteria;p__Thermodesulfobacteriota;c__;o__;f__;g___c__Desulfobaccia"
"X3031647","PFHpA",0.00134787891915257,0.00147178808104527,-0.00167198077932808,0.00436773861763323,0.36787386624191,35,0.919684665604774,"Desulfobaccia","Class","Desulfobaccia","d__Bacteria;p__Thermodesulfobacteriota;c__;o__;f__;g___c__Desulfobaccia"
"X388447","PFHpA",-0.00071216954683958,0.00109647311196411,-0.00296194653846765,0.00153760744478849,0.521496911876748,35,0.958436779923403,"Ktedonobacteria","Class","Ktedonobacteria","d__Bacteria;p__Chloroflexota;c__;o__;f__;g___c__Ktedonobacteria"
"X388447","PFBA",0.00115661219615117,0.00121866551679188,-0.00134388290058461,0.00365710729288696,0.350997794548927,35,0.877494486372319,"Ktedonobacteria","Class","Ktedonobacteria","d__Bacteria;p__Chloroflexota;c__;o__;f__;g___c__Ktedonobacteria"
"X388447","N.MeFOSAA",0.000605174937053314,0.00121811984763984,-0.00189420053906442,0.00310455041317104,0.623343733206072,35,0.684083857496788,"Ktedonobacteria","Class","Ktedonobacteria","d__Bacteria;p__Chloroflexota;c__;o__;f__;g___c__Ktedonobacteria"
"X388447","PFDoA",-0.00164773513790675,0.00109392264320471,-0.00389227899990294,0.000596808724089443,0.143610870174039,35,0.967439970449803,"Ktedonobacteria","Class","Ktedonobacteria","d__Bacteria;p__Chloroflexota;c__;o__;f__;g___c__Ktedonobacteria"
"X388447","PFDA",-0.00115806749775742,0.00113146305075042,-0.00347963791355701,0.00116350291804216,0.315148594593786,35,0.754189874200178,"Ktedonobacteria","Class","Ktedonobacteria","d__Bacteria;p__Chloroflexota;c__;o__;f__;g___c__Ktedonobacteria"
"X641853","N.MeFOSAA",0.00121647228954935,0.00147231829560606,-0.0018044753193474,0.00423741989844611,0.415915868136527,35,0.631343042707965,"Elusimicrobia","Class","Elusimicrobia","d__Bacteria;p__Elusimicrobiota;c__;o__;f__;g___c__Elusimicrobia"
"X641853","PFBA",0.0005646923656025,0.0015053569141835,-0.00252404488911381,0.00365342962031881,0.710500487671232,35,0.92538499267279,"Elusimicrobia","Class","Elusimicrobia","d__Bacteria;p__Elusimicrobiota;c__;o__;f__;g___c__Elusimicrobia"
"X641853","PFDA",-0.000555259414980751,0.00140088985537566,-0.00342964797046819,0.00231912914050669,0.694953288973284,35,0.922305367073881,"Elusimicrobia","Class","Elusimicrobia","d__Bacteria;p__Elusimicrobiota;c__;o__;f__;g___c__Elusimicrobia"
"X641853","PFDoA",0.000586456598827066,0.00138300475617418,-0.00225123476432849,0.00342414796198262,0.674892325820282,35,0.967439970449803,"Elusimicrobia","Class","Elusimicrobia","d__Bacteria;p__Elusimicrobiota;c__;o__;f__;g___c__Elusimicrobia"
"X641853","PFHpA",-0.000294333095544706,0.00134504693515163,-0.00305414144318709,0.00246547525209768,0.828430244815926,35,0.958436779923403,"Elusimicrobia","Class","Elusimicrobia","d__Bacteria;p__Elusimicrobiota;c__;o__;f__;g___c__Elusimicrobia"
"X795747","PFHpA",0.00130453944227502,0.000595153436570389,8.33854591317795e-05,0.00252569342541826,0.0371855252163343,35,0.557782878245015,"Ignavibacteria","Class","Ignavibacteria","d__Bacteria;p__Ignavibacteriota;c__;o__;f__;g___c__Ignavibacteria"
"X795747","N.MeFOSAA",-0.000705709079545326,0.000702296972142606,-0.00214670343861923,0.000735285279528578,0.323886156335242,35,0.631343042707965,"Ignavibacteria","Class","Ignavibacteria","d__Bacteria;p__Ignavibacteriota;c__;o__;f__;g___c__Ignavibacteria"
"X795747","PFBA",0.000757726483004414,0.000709331606388836,-0.000697701753288182,0.00221315471929701,0.294876748601261,35,0.877494486372319,"Ignavibacteria","Class","Ignavibacteria","d__Bacteria;p__Ignavibacteriota;c__;o__;f__;g___c__Ignavibacteria"
"X795747","PFDA",6.63519763293961e-05,0.000673993423650233,-0.00131656829822318,0.00144927225088197,0.922305367073881,35,0.922305367073881,"Ignavibacteria","Class","Ignavibacteria","d__Bacteria;p__Ignavibacteriota;c__;o__;f__;g___c__Ignavibacteria"
"X795747","PFDoA",-0.000278098237513346,0.000663631591445894,-0.00163975778854241,0.00108356131351572,0.678490998711304,35,0.967439970449803,"Ignavibacteria","Class","Ignavibacteria","d__Bacteria;p__Ignavibacteriota;c__;o__;f__;g___c__Ignavibacteria"
"X1313211","N-detect",0.000363645486449709,NA,-0.000366667973628557,0.00109395894652798,0.316004901626176,35,0.781828272181421,"Lentisphaeria","Class","Lentisphaeria","d__Bacteria;p__Lentisphaerota;c__;o__;f__;g___c__Lentisphaeria"
"X1497346","N-detect",-5.39781945313513e-05,NA,-0.000907576147513383,0.000799619758450681,0.897726239607039,35,0.967123292995537,"Thermoleophilia","Class","Thermoleophilia","d__Bacteria;p__Actinomycetota;c__;o__;f__;g___c__Thermoleophilia"
"X1676648","N-detect",0.000441749390211657,NA,-0.000384513997984005,0.00126801277840732,0.282337584646184,35,0.781828272181421,"Limnochordia","Class","Limnochordia","d__Bacteria;p__Bacillota;c__;o__;f__;g___c__Limnochordia"
"X1853228","N-detect",-0.000961403945674157,NA,-0.0020720057326285,0.000149197841280189,0.0869738390909934,35,0.576002150902894,"Chitinophagia","Class","Chitinophagia","d__Bacteria;p__Bacteroidota;c__;o__;f__;g___c__Chitinophagia"
"X186801","N-detect",-0.000332076431776636,NA,-0.00120938056487986,0.000545227701326592,0.444112289896634,35,0.781828272181421,"Clostridia","Class","Clostridia","d__Bacteria;p__Bacillota;c__;o__;f__;g___c__Clostridia"
"X200643","N-detect",-0.000492438046927708,NA,-0.00127754235879165,0.000292666264936231,0.209032075219623,35,0.781828272181421,"Bacteroidia","Class","Bacteroidia","d__Bacteria;p__Bacteroidota;c__;o__;f__;g___c__Bacteroidia"
"X2008785","N-detect",0.000294943562222922,NA,-0.000442930323141045,0.00103281744758689,0.41930723105439,35,0.781828272181421,"Hydrogenophilia","Class","Hydrogenophilia","d__Bacteria;p__Pseudomonadota;c__;o__;f__;g___c__Hydrogenophilia"
"X2138243","N-detect",0.00034230138943521,NA,-8.91896137311783e-05,0.000773792392601599,0.115200430180579,35,0.576002150902894,"Coprothermobacteria","Class","Coprothermobacteria","d__Bacteria;p__Coprothermobacterota;c__;o__;f__;g___c__Coprothermobacteria"
"X2907184","N-detect",-0.000142627385009781,NA,-0.000989820060862263,0.000704565290842702,0.732446682983986,35,0.930156215906228,"Tichowtungiia","Class","Tichowtungiia","d__Bacteria;p__Kiritimatiellota;c__;o__;f__;g___c__Tichowtungiia"
"X3031419","N-detect",4.22786678564104e-05,NA,-0.000775225014216177,0.000859782349928998,0.916276315529764,35,0.967123292995537,"Bacteriovoracia","Class","Bacteriovoracia","d__Bacteria;p__Bdellovibrionota;c__;o__;f__;g___c__Bacteriovoracia"
"X3031449","N-detect",0.00046419893629857,NA,-7.54690466208218e-05,0.00100386691921796,0.088891907229608,35,0.576002150902894,"Desulfovibrionia","Class","Desulfovibrionia","d__Bacteria;p__Thermodesulfobacteriota;c__;o__;f__;g___c__Desulfovibrionia"
"X3031647","N-detect",-2.3163063849936e-05,NA,-0.00116561786052534,0.00111929173282547,0.967123292995537,35,0.967123292995537,"Desulfobaccia","Class","Desulfobaccia","d__Bacteria;p__Thermodesulfobacteriota;c__;o__;f__;g___c__Desulfobaccia"
"X388447","N-detect",-0.000265518365415325,NA,-0.00110373927181664,0.000572702540985991,0.521218848120947,35,0.781828272181421,"Ktedonobacteria","Class","Ktedonobacteria","d__Bacteria;p__Chloroflexota;c__;o__;f__;g___c__Ktedonobacteria"
"X641853","N-detect",0.000165071801396536,NA,-0.000862032175040453,0.00119217577783353,0.744124972724982,35,0.930156215906228,"Elusimicrobia","Class","Elusimicrobia","d__Bacteria;p__Elusimicrobiota;c__;o__;f__;g___c__Elusimicrobia"
"X795747","N-detect",0.000157016199313508,NA,-0.00033288260590869,0.000646915004535707,0.516345738706975,35,0.781828272181421,"Ignavibacteria","Class","Ignavibacteria","d__Bacteria;p__Ignavibacteriota;c__;o__;f__;g___c__Ignavibacteria"
"X1134404","PFBA",-0.00116792607330253,0.00182401713038615,-0.00491050008401162,0.00257464793740656,0.527371809941667,35,0.751448085637648,"Ignavibacteriota","Phylum","Ignavibacteriota","d__Bacteria;p__;c__;o__;f__;g___p__Ignavibacteriota"
"X1134404","PFDoA",-0.000373714043450994,0.00168812443381307,-0.00383745927236466,0.00309003118546267,0.826463674107841,35,0.908444821407335,"Ignavibacteriota","Phylum","Ignavibacteriota","d__Bacteria;p__;c__;o__;f__;g___p__Ignavibacteriota"
"X1134404","PFDA",0.000532096908769097,0.00170772385483678,-0.00297186301030635,0.00403605682784454,0.757751072044808,35,0.972884597349077,"Ignavibacteriota","Phylum","Ignavibacteriota","d__Bacteria;p__;c__;o__;f__;g___p__Ignavibacteriota"
"X1134404","N.MeFOSAA",-0.000307540200209018,0.00181437043346867,-0.0040303208237996,0.00341524042338156,0.866665055908232,35,0.979102197771191,"Ignavibacteriota","Phylum","Ignavibacteriota","d__Bacteria;p__;c__;o__;f__;g___p__Ignavibacteriota"
"X1134404","PFHpA",0.00420463976701103,0.00142565410535646,0.00127943916769524,0.00712984036632682,0.0065041481722569,35,0.0520331853780552,"Ignavibacteriota","Phylum","Ignavibacteriota","d__Bacteria;p__;c__;o__;f__;g___p__Ignavibacteriota"
"X142182","N.MeFOSAA",-0.00185068029885088,0.00128318924222246,-0.00448356714446214,0.000782206546760383,0.160732272350791,35,0.608182305029131,"Gemmatimonadota","Phylum","Gemmatimonadota","d__Bacteria;p__;c__;o__;f__;g___p__Gemmatimonadota"
"X142182","PFBA",0.00122051997928542,0.00132757088701586,-0.00150343047948452,0.00394447043805537,0.366046640871581,35,0.751448085637648,"Gemmatimonadota","Phylum","Gemmatimonadota","d__Bacteria;p__;c__;o__;f__;g___p__Gemmatimonadota"
"X142182","PFDoA",-0.000777107535012114,0.00123044879182524,-0.00330177991504544,0.00174756484502121,0.532982775590774,35,0.908444821407335,"Gemmatimonadota","Phylum","Gemmatimonadota","d__Bacteria;p__;c__;o__;f__;g___p__Gemmatimonadota"
"X142182","PFDA",-0.00223693930391242,0.00117886293239342,-0.00465576624334468,0.000181887635519848,0.0684986906658153,35,0.547989525326522,"Gemmatimonadota","Phylum","Gemmatimonadota","d__Bacteria;p__;c__;o__;f__;g___p__Gemmatimonadota"
"X142182","PFHpA",-0.00240068398869017,0.00111026358777413,-0.00467875669942202,-0.00012261127795832,0.0396231757164241,35,0.158492702865696,"Gemmatimonadota","Phylum","Gemmatimonadota","d__Bacteria;p__;c__;o__;f__;g___p__Gemmatimonadota"
"X1936987","N.MeFOSAA",-0.000206342063602636,0.000701583728556348,-0.00164587296772057,0.0012331888405153,0.77092385679537,35,0.979102197771191,"Balneolota","Phylum","Balneolota","d__Bacteria;p__;c__;o__;f__;g___p__Balneolota"
"X1936987","PFHpA",-0.000759608567015636,0.000617491416905235,-0.00202659629988645,0.000507379165855176,0.229250947055148,35,0.611335858813727,"Balneolota","Phylum","Balneolota","d__Bacteria;p__;c__;o__;f__;g___p__Balneolota"
"X1936987","PFDA",0.000123307804211166,0.000661812846584276,-0.00123461999060914,0.00148123559903147,0.853588035578513,35,0.972884597349077,"Balneolota","Phylum","Balneolota","d__Bacteria;p__;c__;o__;f__;g___p__Balneolota"
"X1936987","PFBA",0.000413370316726193,0.000706945807871902,-0.00103716266536319,0.00186390329881557,0.563586064228236,35,0.751448085637648,"Balneolota","Phylum","Balneolota","d__Bacteria;p__;c__;o__;f__;g___p__Balneolota"
"X1936987","PFDoA",0.000473062937771223,0.000647689532536065,-0.000855886210291126,0.00180201208583357,0.471445204436701,35,0.908444821407335,"Balneolota","Phylum","Balneolota","d__Bacteria;p__;c__;o__;f__;g___p__Balneolota"
"X200783","PFDoA",0.000227468586671568,0.000777249436770095,-0.00136731552661043,0.00182225269995356,0.772020588930263,35,0.908444821407335,"Aquificota","Phylum","Aquificota","d__Bacteria;p__;c__;o__;f__;g___p__Aquificota"
"X200783","PFDA",0.000385954688496235,0.000784711575430856,-0.00122414046860812,0.00199604984560059,0.626805641393722,35,0.972884597349077,"Aquificota","Phylum","Aquificota","d__Bacteria;p__;c__;o__;f__;g___p__Aquificota"
"X200783","N.MeFOSAA",-2.21123316669167e-05,0.000836375291246658,-0.0017382126774769,0.00169398801414306,0.979102197771191,35,0.979102197771191,"Aquificota","Phylum","Aquificota","d__Bacteria;p__;c__;o__;f__;g___p__Aquificota"
"X200783","PFHpA",7.98452160502737e-05,0.000755119066782571,-0.00146953112875032,0.00162922156085087,0.91657145010056,35,0.932147901246477,"Aquificota","Phylum","Aquificota","d__Bacteria;p__;c__;o__;f__;g___p__Aquificota"
"X200783","PFBA",-2.2742757195555e-05,0.000846731220467608,-0.00176009171460759,0.00171460620021648,0.978769358064498,35,0.978769358064498,"Aquificota","Phylum","Aquificota","d__Bacteria;p__;c__;o__;f__;g___p__Aquificota"
"X200918","PFDoA",0.000777679638329783,0.000686391736415645,-0.000630679872707729,0.0021860391493673,0.267176733890947,35,0.908444821407335,"Thermotogota","Phylum","Thermotogota","d__Bacteria;p__;c__;o__;f__;g___p__Thermotogota"
"X200918","N.MeFOSAA",0.00100774581229634,0.000729431564868178,-0.000488924132184153,0.00250441575677684,0.178436442320359,35,0.608182305029131,"Thermotogota","Phylum","Thermotogota","d__Bacteria;p__;c__;o__;f__;g___p__Thermotogota"
"X200918","PFHpA",5.85670766327132e-05,0.000681484409359487,-0.00133972343099662,0.00145685758426205,0.932147901246477,35,0.932147901246477,"Thermotogota","Phylum","Thermotogota","d__Bacteria;p__;c__;o__;f__;g___p__Thermotogota"
"X200918","PFDA",0.000845357347703529,0.00069245183391397,-0.000575436456313893,0.00226615115172095,0.232709603401548,35,0.620558942404127,"Thermotogota","Phylum","Thermotogota","d__Bacteria;p__;c__;o__;f__;g___p__Thermotogota"
"X200918","PFBA",0.000187660026696061,0.000763265677388433,-0.00137843178235152,0.00175375183574364,0.807646461793144,35,0.923024527763593,"Thermotogota","Phylum","Thermotogota","d__Bacteria;p__;c__;o__;f__;g___p__Thermotogota"
"X203691","N.MeFOSAA",-0.000349100253815503,0.000716701724377304,-0.0018196507231069,0.00112145021547589,0.630123775835433,35,0.979102197771191,"Spirochaetota","Phylum","Spirochaetota","d__Bacteria;p__;c__;o__;f__;g___p__Spirochaetota"
"X203691","PFDA",-0.000430517761090323,0.000673309847336804,-0.00181203545290266,0.000950999930722012,0.527947621931689,35,0.972884597349077,"Spirochaetota","Phylum","Spirochaetota","d__Bacteria;p__;c__;o__;f__;g___p__Spirochaetota"
"X203691","PFBA",0.000760821316018703,0.000713896444340286,-0.000703973194085465,0.00222561582612287,0.295983242432313,35,0.751448085637648,"Spirochaetota","Phylum","Spirochaetota","d__Bacteria;p__;c__;o__;f__;g___p__Spirochaetota"
"X203691","PFDoA",0.000253517384483614,0.000668228652413503,-0.00111757455652491,0.00162460932549214,0.70736791848758,35,0.908444821407335,"Spirochaetota","Phylum","Spirochaetota","d__Bacteria;p__;c__;o__;f__;g___p__Spirochaetota"
"X203691","PFHpA",-0.000155707518211776,0.000649344011912675,-0.00148805137754794,0.00117663634112439,0.812302636145073,35,0.932147901246477,"Spirochaetota","Phylum","Spirochaetota","d__Bacteria;p__;c__;o__;f__;g___p__Spirochaetota"
"X40117","PFBA",-0.000886546978185896,0.00128279546894841,-0.00351862586777689,0.0017455319114051,0.495398833954279,35,0.751448085637648,"Nitrospirota","Phylum","Nitrospirota","d__Bacteria;p__;c__;o__;f__;g___p__Nitrospirota"
"X40117","N.MeFOSAA",0.000949754254726945,0.00126512862088972,-0.00164607525688721,0.0035455837663411,0.45931575768484,35,0.91863151536968,"Nitrospirota","Phylum","Nitrospirota","d__Bacteria;p__;c__;o__;f__;g___p__Nitrospirota"
"X40117","PFDA",4.13271937158452e-05,0.00120462328174679,-0.00243035561663485,0.00251301000406654,0.972884597349077,35,0.972884597349077,"Nitrospirota","Phylum","Nitrospirota","d__Bacteria;p__;c__;o__;f__;g___p__Nitrospirota"
"X40117","PFDoA",-0.000510850397709661,0.00118569813972645,-0.0029437020241343,0.00192200122871498,0.670002269292663,35,0.908444821407335,"Nitrospirota","Phylum","Nitrospirota","d__Bacteria;p__;c__;o__;f__;g___p__Nitrospirota"
"X40117","PFHpA",-0.000533016411925886,0.00114973412483872,-0.00289207597510872,0.00182604315125695,0.646650294591124,35,0.932147901246477,"Nitrospirota","Phylum","Nitrospirota","d__Bacteria;p__;c__;o__;f__;g___p__Nitrospirota"
"X95818","N.MeFOSAA",0.000778275081121433,0.000631015868342049,-0.000516462533926089,0.00207301269616895,0.228068364385924,35,0.608182305029131,"Candidatus Saccharibacteria","Phylum","Candidatus Saccharibacteria","d__Bacteria;p__;c__;o__;f__;g___p__Candidatus_Saccharibacteria"
"X95818","PFBA",-0.000505155830042879,0.000649341578748984,-0.00183749469693953,0.000827183036853772,0.443362083567744,35,0.751448085637648,"Candidatus Saccharibacteria","Phylum","Candidatus Saccharibacteria","d__Bacteria;p__;c__;o__;f__;g___p__Candidatus_Saccharibacteria"
"X95818","PFDA",0.000739413122106329,0.000594402648283757,-0.000480200370718981,0.00195902661493164,0.224206175715301,35,0.620558942404127,"Candidatus Saccharibacteria","Phylum","Candidatus Saccharibacteria","d__Bacteria;p__;c__;o__;f__;g___p__Candidatus_Saccharibacteria"
"X95818","PFHpA",-0.000494035573849792,0.00057788445375149,-0.00167975653105664,0.000691685383357054,0.400126991246801,35,0.800253982493601,"Candidatus Saccharibacteria","Phylum","Candidatus Saccharibacteria","d__Bacteria;p__;c__;o__;f__;g___p__Candidatus_Saccharibacteria"
"X95818","PFDoA",-7.00565710838311e-05,0.000603497214332329,-0.00130833057206175,0.00116821742989409,0.908444821407335,35,0.908444821407335,"Candidatus Saccharibacteria","Phylum","Candidatus Saccharibacteria","d__Bacteria;p__;c__;o__;f__;g___p__Candidatus_Saccharibacteria"
"X1134404","N-detect",0.000438861669814874,NA,-0.000802298763775697,0.00168002210340545,0.474383372290283,35,0.99624267050875,"Ignavibacteriota","Phylum","Ignavibacteriota","d__Bacteria;p__;c__;o__;f__;g___p__Ignavibacteriota"
"X142182","N-detect",-0.000794606793689749,NA,-0.00165873121646345,6.95176290839496e-05,0.0699891210246513,35,0.559912968197211,"Gemmatimonadota","Phylum","Gemmatimonadota","d__Bacteria;p__;c__;o__;f__;g___p__Gemmatimonadota"
"X1936987","N-detect",-5.62030253949859e-06,NA,-0.000490722285004418,0.000479481679925421,0.981209192385243,35,0.99624267050875,"Balneolota","Phylum","Balneolota","d__Bacteria;p__;c__;o__;f__;g___p__Balneolota"
"X200783","N-detect",8.49839754129784e-05,NA,-0.000491431436902801,0.000661399387728758,0.764579897912182,35,0.99624267050875,"Aquificota","Phylum","Aquificota","d__Bacteria;p__;c__;o__;f__;g___p__Aquificota"
"X200918","N-detect",0.000352295678818758,NA,-0.000149841645119724,0.00085443300275724,0.161489404067786,35,0.645957616271145,"Thermotogota","Phylum","Thermotogota","d__Bacteria;p__;c__;o__;f__;g___p__Thermotogota"
"X203691","N-detect",1.15112204039275e-06,NA,-0.000495786195363046,0.000498088439443831,0.99624267050875,35,0.99624267050875,"Spirochaetota","Phylum","Spirochaetota","d__Bacteria;p__;c__;o__;f__;g___p__Spirochaetota"
"X40117","N-detect",-0.000125880723535648,NA,-0.00100691743502572,0.000755155987954428,0.771640275373893,35,0.99624267050875,"Nitrospirota","Phylum","Nitrospirota","d__Bacteria;p__;c__;o__;f__;g___p__Nitrospirota"
"X95818","N-detect",4.8815373677795e-05,NA,-0.000398488767530437,0.000496119514886027,0.82450437493439,35,0.99624267050875,"Candidatus Saccharibacteria","Phylum","Candidatus Saccharibacteria","d__Bacteria;p__;c__;o__;f__;g___p__Candidatus_Saccharibacteria"
