"taxonomy_id","predictor","betas","SE","ci_lo","ci_hi","p_val","n","Beta_IQR","SE_IQR","FDR","name","taxa_level","taxa_name","taxa_full","CI_lo_IQR","CI_hi_IQR"
"X102684","PFNA",6.38697926107691e-05,0.000956213789231886,-0.00189180699334232,0.00201954657856386,0.947203706255316,37,9.88905874233534e-05,0.00148052059438671,0.990580077525717,"Streptococcus infantarius","Species","Streptococcus infantarius","d__Bacteria;p__Bacillota;c__Bacilli;o__Lactobacillales;f__Streptococcaceae;g__Streptococcus_s__Streptococcus_infantarius",NA,NA
"X102684","PFBS",0.000447966260468079,0.00112401204545968,-0.00185089649302028,0.00274682901395644,0.693149850522688,37,0.000444822344155595,0.00111612350536862,0.959663120102327,"Streptococcus infantarius","Species","Streptococcus infantarius","d__Bacteria;p__Bacillota;c__Bacilli;o__Lactobacillales;f__Streptococcaceae;g__Streptococcus_s__Streptococcus_infantarius",NA,NA
"X102684","PFOA",-0.000177336288209059,0.00115887687678156,-0.00254750562818488,0.00219283305176676,0.879438936736671,37,-0.000152327682786014,0.000995447863814092,0.984971609145071,"Streptococcus infantarius","Species","Streptococcus infantarius","d__Bacteria;p__Bacillota;c__Bacilli;o__Lactobacillales;f__Streptococcaceae;g__Streptococcus_s__Streptococcus_infantarius",NA,NA
"X102684","PFHxS",-0.00197583956243221,0.00161928115110392,-0.00528764137161671,0.00133596224675229,0.232220691274402,37,-0.00196270356539352,0.0016085156654794,0.967141731199802,"Streptococcus infantarius","Species","Streptococcus infantarius","d__Bacteria;p__Bacillota;c__Bacilli;o__Lactobacillales;f__Streptococcaceae;g__Streptococcus_s__Streptococcus_infantarius",NA,NA
"X102684","PFOS",-0.00317324552342487,0.00129693666769749,-0.00582577884016858,-0.000520712206681158,0.0207134045702328,37,-0.00284800365300205,0.00116400711512804,0.493117013625033,"Streptococcus infantarius","Species","Streptococcus infantarius","d__Bacteria;p__Bacillota;c__Bacilli;o__Lactobacillales;f__Streptococcaceae;g__Streptococcus_s__Streptococcus_infantarius",NA,NA
"X113107","PFOA",-0.00192613391431533,0.00238100630989968,-0.00679583859742717,0.0029435707687965,0.425126798283596,37,-0.00165450353600116,0.00204522817945937,0.871152209996706,"Streptococcus australis","Species","Streptococcus australis","d__Bacteria;p__Bacillota;c__Bacilli;o__Lactobacillales;f__Streptococcaceae;g__Streptococcus_s__Streptococcus_australis",NA,NA
"X113107","PFNA",0.000492565217417797,0.00198390544583598,-0.00356497700759444,0.00455010744243004,0.805667070349429,37,0.000762646341935118,0.00307171147598231,0.990580077525717,"Streptococcus australis","Species","Streptococcus australis","d__Bacteria;p__Bacillota;c__Bacilli;o__Lactobacillales;f__Streptococcaceae;g__Streptococcus_s__Streptococcus_australis",NA,NA
"X113107","PFBS",-0.00199307717904785,0.00231128180147429,-0.00672017923074493,0.00273402487264924,0.395583562343896,37,-0.0019790893669999,0.00229506076609807,0.924516850409324,"Streptococcus australis","Species","Streptococcus australis","d__Bacteria;p__Bacillota;c__Bacilli;o__Lactobacillales;f__Streptococcaceae;g__Streptococcus_s__Streptococcus_australis",NA,NA
"X113107","PFHxS",-0.00138534175326685,0.00343855213312848,-0.00841797050195986,0.00564728699542616,0.689987476631562,37,-0.00137613156964947,0.00341569156717111,0.967984616802768,"Streptococcus australis","Species","Streptococcus australis","d__Bacteria;p__Bacillota;c__Bacilli;o__Lactobacillales;f__Streptococcaceae;g__Streptococcus_s__Streptococcus_australis",NA,NA
"X113107","PFOS",0.000968234221934369,0.0029529757538998,-0.00507127932244068,0.00700774776630942,0.745354722307972,37,0.000868995033846133,0.00265031043839815,0.975138740801322,"Streptococcus australis","Species","Streptococcus australis","d__Bacteria;p__Bacillota;c__Bacilli;o__Lactobacillales;f__Streptococcaceae;g__Streptococcus_s__Streptococcus_australis",NA,NA
"X1155388","PFBS",-0.000169315827531052,0.00103137091021466,-0.00227870618513547,0.00194007453007336,0.870739489004945,37,-0.000168127535378021,0.00102413254403624,0.991085597241401,"Clostridium sp. C1","Species","Clostridium sp. C1","d__Bacteria;p__Bacillota;c__Clostridia;o__Eubacteriales;f__Clostridiaceae;g__Clostridium_s__Clostridium_sp._C1",NA,NA
"X1155388","PFHxS",-0.0017563287326692,0.00148463357666127,-0.00479274533136232,0.00128008786602393,0.246415224586234,37,-0.00174465211202146,0.00147476327006484,0.967141731199802,"Clostridium sp. C1","Species","Clostridium sp. C1","d__Bacteria;p__Bacillota;c__Clostridia;o__Eubacteriales;f__Clostridiaceae;g__Clostridium_s__Clostridium_sp._C1",NA,NA
"X1155388","PFNA",-0.00010055389781258,0.000875284290312056,-0.00189071127365188,0.00168960347802672,0.909330865688236,37,-0.000155689154699357,0.00135521619991604,0.990580077525717,"Clostridium sp. C1","Species","Clostridium sp. C1","d__Bacteria;p__Bacillota;c__Clostridia;o__Eubacteriales;f__Clostridiaceae;g__Clostridium_s__Clostridium_sp._C1",NA,NA
"X1155388","PFOA",0.000922595487413566,0.00104746483094856,-0.00121971063393395,0.00306490160876108,0.385673622040299,37,0.000792487731449892,0.000899747548060425,0.871152209996706,"Clostridium sp. C1","Species","Clostridium sp. C1","d__Bacteria;p__Bacillota;c__Clostridia;o__Eubacteriales;f__Clostridiaceae;g__Clostridium_s__Clostridium_sp._C1",NA,NA
"X1155388","PFOS",-0.00336187687423977,0.00114502802465181,-0.0057037221313303,-0.00102003161714923,0.00644612240636149,37,-0.00301730122932439,0.00102766835182626,0.493117013625033,"Clostridium sp. C1","Species","Clostridium sp. C1","d__Bacteria;p__Bacillota;c__Clostridia;o__Eubacteriales;f__Clostridiaceae;g__Clostridium_s__Clostridium_sp._C1",NA,NA
"X1156431","PFNA",-0.00117086458193162,0.00179444472215944,-0.0048409161188607,0.00249918695499746,0.519221620261967,37,-0.00181286773555131,0.00277836650816309,0.990580077525717,"Streptococcus ilei","Species","Streptococcus ilei","d__Bacteria;p__Bacillota;c__Bacilli;o__Lactobacillales;f__Streptococcaceae;g__Streptococcus_s__Streptococcus_ilei",NA,NA
"X1156431","PFHxS",0.00247568670484653,0.00310448891723993,-0.00387370605236504,0.0088250794620581,0.431668855709438,37,0.00245922756826382,0.00308384930762845,0.967984616802768,"Streptococcus ilei","Species","Streptococcus ilei","d__Bacteria;p__Bacillota;c__Bacilli;o__Lactobacillales;f__Streptococcaceae;g__Streptococcus_s__Streptococcus_ilei",NA,NA
"X1156431","PFOS",0.00503633248557461,0.00252499443616712,-0.000127860981494534,0.0102005259526437,0.0555626059913699,37,0.00452013347557441,0.00226619507533485,0.493117013625033,"Streptococcus ilei","Species","Streptococcus ilei","d__Bacteria;p__Bacillota;c__Bacilli;o__Lactobacillales;f__Streptococcaceae;g__Streptococcus_s__Streptococcus_ilei",NA,NA
"X1156431","PFOA",-0.00319821745942552,0.00210937552444139,-0.00751237480840227,0.00111593988955123,0.140296664726101,37,-0.00274719325390264,0.00181190375082676,0.871152209996706,"Streptococcus ilei","Species","Streptococcus ilei","d__Bacteria;p__Bacillota;c__Bacilli;o__Lactobacillales;f__Streptococcaceae;g__Streptococcus_s__Streptococcus_ilei",NA,NA
"X1156431","PFBS",-0.00156126351130129,0.00211059230719492,-0.0058779094604336,0.00275538243783103,0.465411742619561,37,-0.0015503062534575,0.00209577975060493,0.924516850409324,"Streptococcus ilei","Species","Streptococcus ilei","d__Bacteria;p__Bacillota;c__Bacilli;o__Lactobacillales;f__Streptococcaceae;g__Streptococcus_s__Streptococcus_ilei",NA,NA
"X1216932","PFBS",-0.000760387468407621,0.000822962148390275,-0.00244353404864862,0.000922759111833382,0.363129658542095,37,-0.000755050917920008,0.000817186436352994,0.924516850409324,"Clostridium bornimense","Species","Clostridium bornimense","d__Bacteria;p__Bacillota;c__Clostridia;o__Eubacteriales;f__Clostridiaceae;g__Clostridium_s__Clostridium_bornimense",NA,NA
"X1216932","PFHxS",-0.000576474828281907,0.00122536645135387,-0.00308263061706581,0.001929680960502,0.641552013630025,37,-0.000572642244006759,0.00121721983338835,0.967984616802768,"Clostridium bornimense","Species","Clostridium bornimense","d__Bacteria;p__Bacillota;c__Clostridia;o__Eubacteriales;f__Clostridiaceae;g__Clostridium_s__Clostridium_bornimense",NA,NA
"X1216932","PFOA",-0.000368308649974839,0.00085615858564194,-0.00211934956769615,0.00138273226774647,0.670239391638837,37,-0.000316368430665316,0.000735420002106062,0.921731798726478,"Clostridium bornimense","Species","Clostridium bornimense","d__Bacteria;p__Bacillota;c__Clostridia;o__Eubacteriales;f__Clostridiaceae;g__Clostridium_s__Clostridium_bornimense",NA,NA
"X1216932","PFOS",-0.00056751325451641,0.00105006579485208,-0.00271513894433752,0.0015801124353047,0.593010303860188,37,-0.000509345970886418,0.000942439277879606,0.975138740801322,"Clostridium bornimense","Species","Clostridium bornimense","d__Bacteria;p__Bacillota;c__Clostridia;o__Eubacteriales;f__Clostridiaceae;g__Clostridium_s__Clostridium_bornimense",NA,NA
"X1216932","PFNA",0.000160210804880662,0.000707828584639016,-0.00128746119797189,0.00160788280773322,0.822523814590198,37,0.000248056866299353,0.00109594194170267,0.990580077525717,"Clostridium bornimense","Species","Clostridium bornimense","d__Bacteria;p__Bacillota;c__Clostridia;o__Eubacteriales;f__Clostridiaceae;g__Clostridium_s__Clostridium_bornimense",NA,NA
"X1259973","PFNA",0.00188327712268886,0.00100584654828258,-0.000173910053295531,0.00394046429867326,0.0712762169348,37,0.00291590708738677,0.00155736776262282,0.990580077525717,"Klebsiella electrica","Species","Klebsiella electrica","d__Bacteria;p__Pseudomonadota;c__Gammaproteobacteria;o__Enterobacterales;f__Enterobacteriaceae;g__Klebsiella_s__Klebsiella_electrica",NA,NA
"X1259973","PFBS",-0.000389405394788046,0.0012530218516658,-0.00295212282805495,0.00217331203847885,0.758195959592696,37,-0.000386672470278141,0.00124422789509587,0.964504540939348,"Klebsiella electrica","Species","Klebsiella electrica","d__Bacteria;p__Pseudomonadota;c__Gammaproteobacteria;o__Enterobacterales;f__Enterobacteriaceae;g__Klebsiella_s__Klebsiella_electrica",NA,NA
"X1259973","PFHxS",0.00140978859433154,0.00183028996474734,-0.00233357469526774,0.00515315188393081,0.447378825850685,37,0.00140041588049766,0.00181812162678407,0.967984616802768,"Klebsiella electrica","Species","Klebsiella electrica","d__Bacteria;p__Pseudomonadota;c__Gammaproteobacteria;o__Enterobacterales;f__Enterobacteriaceae;g__Klebsiella_s__Klebsiella_electrica",NA,NA
"X1259973","PFOA",-0.000652251660843037,0.00128533527915239,-0.00328105747384443,0.00197655415215835,0.615672301678924,37,-0.000560268770103158,0.00110407264443012,0.921731798726478,"Klebsiella electrica","Species","Klebsiella electrica","d__Bacteria;p__Pseudomonadota;c__Gammaproteobacteria;o__Enterobacterales;f__Enterobacteriaceae;g__Klebsiella_s__Klebsiella_electrica",NA,NA
"X1259973","PFOS",0.00173964075721093,0.0015530883150541,-0.00143678150158765,0.00491606301600952,0.271855068804729,37,0.00156133623915133,0.00139390449369797,0.795964792514997,"Klebsiella electrica","Species","Klebsiella electrica","d__Bacteria;p__Pseudomonadota;c__Gammaproteobacteria;o__Enterobacterales;f__Enterobacteriaceae;g__Klebsiella_s__Klebsiella_electrica",NA,NA
"X1302","PFNA",-0.00047888545333592,0.00125247620788864,-0.00304048691977573,0.0020827160131039,0.704988947150946,37,-0.000741465751697197,0.00193922827786039,0.990580077525717,"Streptococcus gordonii","Species","Streptococcus gordonii","d__Bacteria;p__Bacillota;c__Bacilli;o__Lactobacillales;f__Streptococcaceae;g__Streptococcus_s__Streptococcus_gordonii",NA,NA
"X1302","PFOA",0.00120359369221981,0.00150575147005787,-0.00187601384802744,0.00428320123246706,0.430597257921225,37,0.00103385855203853,0.00129340494606017,0.871152209996706,"Streptococcus gordonii","Species","Streptococcus gordonii","d__Bacteria;p__Bacillota;c__Bacilli;o__Lactobacillales;f__Streptococcaceae;g__Streptococcus_s__Streptococcus_gordonii",NA,NA
"X1302","PFBS",0.00150648619070912,0.0014532109125905,-0.00146566384399169,0.00447863622540993,0.308461389720486,37,0.00149591337099597,0.00144301198937517,0.924516850409324,"Streptococcus gordonii","Species","Streptococcus gordonii","d__Bacteria;p__Bacillota;c__Bacilli;o__Lactobacillales;f__Streptococcaceae;g__Streptococcus_s__Streptococcus_gordonii",NA,NA
"X1302","PFOS",-0.000130318136299529,0.00187027896118364,-0.00395546810676948,0.00369483183417042,0.944927859650629,37,-0.000116961176024255,0.0016785846775055,0.987238062321552,"Streptococcus gordonii","Species","Streptococcus gordonii","d__Bacteria;p__Bacillota;c__Bacilli;o__Lactobacillales;f__Streptococcaceae;g__Streptococcus_s__Streptococcus_gordonii",NA,NA
"X1302","PFHxS",0.000443513049615279,0.00217849635020335,-0.00401201226109852,0.00489903836032907,0.840098292185435,37,0.000440564436672639,0.00216401302769621,0.967984616802768,"Streptococcus gordonii","Species","Streptococcus gordonii","d__Bacteria;p__Bacillota;c__Bacilli;o__Lactobacillales;f__Streptococcaceae;g__Streptococcus_s__Streptococcus_gordonii",NA,NA
"X1303","PFBS",0.00194006790931505,0.00173214203498863,-0.00160256032502776,0.00548269614365786,0.271887484369116,37,0.00192645212686517,0.00171998551767938,0.924516850409324,"Streptococcus oralis","Species","Streptococcus oralis","d__Bacteria;p__Bacillota;c__Bacilli;o__Lactobacillales;f__Streptococcaceae;g__Streptococcus_s__Streptococcus_oralis",NA,NA
"X1303","PFHxS",0.00326655334224259,0.00253468013124184,-0.00191744959549803,0.00845055627998321,0.207673664061704,37,0.00324483627783803,0.00251782878797941,0.967141731199802,"Streptococcus oralis","Species","Streptococcus oralis","d__Bacteria;p__Bacillota;c__Bacilli;o__Lactobacillales;f__Streptococcaceae;g__Streptococcus_s__Streptococcus_oralis",NA,NA
"X1303","PFNA",-0.000832529186119503,0.00149312184634923,-0.00388630624558887,0.00222124787334986,0.581412685431792,37,-0.0012890178110358,0.00231182364063636,0.990580077525717,"Streptococcus oralis","Species","Streptococcus oralis","d__Bacteria;p__Bacillota;c__Bacilli;o__Lactobacillales;f__Streptococcaceae;g__Streptococcus_s__Streptococcus_oralis",NA,NA
"X1303","PFOS",0.00327692945418251,0.00215171523849322,-0.00112382233301246,0.00767768124137748,0.138605436564692,37,0.00294106049697317,0.00193117513731961,0.680811403513181,"Streptococcus oralis","Species","Streptococcus oralis","d__Bacteria;p__Bacillota;c__Bacilli;o__Lactobacillales;f__Streptococcaceae;g__Streptococcus_s__Streptococcus_oralis",NA,NA
"X1303","PFOA",0.00220247059166886,0.00177329415567298,-0.0014243231797342,0.00582926436307192,0.224179435402485,37,0.00189187021461589,0.00152321779349077,0.871152209996706,"Streptococcus oralis","Species","Streptococcus oralis","d__Bacteria;p__Bacillota;c__Bacilli;o__Lactobacillales;f__Streptococcaceae;g__Streptococcus_s__Streptococcus_oralis",NA,NA
"X1304","PFHxS",-0.00546157915850627,0.00333570895902643,-0.0122838699990348,0.00136071168202221,0.112373769176955,37,-0.00542526887855398,0.00331353212653413,0.967141731199802,"Streptococcus salivarius","Species","Streptococcus salivarius","d__Bacteria;p__Bacillota;c__Bacilli;o__Lactobacillales;f__Streptococcaceae;g__Streptococcus_s__Streptococcus_salivarius",NA,NA
"X1304","PFOA",-0.00184403794223472,0.00241027368965155,-0.00677360113796263,0.0030855252534932,0.450409132383135,37,-0.00158398503513819,0.00207036816735381,0.871152209996706,"Streptococcus salivarius","Species","Streptococcus salivarius","d__Bacteria;p__Bacillota;c__Bacilli;o__Lactobacillales;f__Streptococcaceae;g__Streptococcus_s__Streptococcus_salivarius",NA,NA
"X1304","PFNA",0.00224494177712926,0.00196433421799221,-0.00177257279256399,0.0062624563468225,0.262447974182131,37,0.00347587806374225,0.00304140904131087,0.990580077525717,"Streptococcus salivarius","Species","Streptococcus salivarius","d__Bacteria;p__Bacillota;c__Bacilli;o__Lactobacillales;f__Streptococcaceae;g__Streptococcus_s__Streptococcus_salivarius",NA,NA
"X1304","PFBS",-0.00175217703715357,0.00234426552516415,-0.00654673837824909,0.00304238430394194,0.460821358155561,37,-0.00173987991021435,0.00232781300345492,0.924516850409324,"Streptococcus salivarius","Species","Streptococcus salivarius","d__Bacteria;p__Bacillota;c__Bacilli;o__Lactobacillales;f__Streptococcaceae;g__Streptococcus_s__Streptococcus_salivarius",NA,NA
"X1304","PFOS",-0.00583387410220908,0.00278826176005245,-0.0115365097038935,-0.000131238500524698,0.0452761102207721,37,-0.0052359310464931,0.0025024788090096,0.493117013625033,"Streptococcus salivarius","Species","Streptococcus salivarius","d__Bacteria;p__Bacillota;c__Bacilli;o__Lactobacillales;f__Streptococcaceae;g__Streptococcus_s__Streptococcus_salivarius",NA,NA
"X1307","PFNA",0.00134908018787364,0.00163219769216961,-0.00198913891397224,0.00468729928971952,0.415245648055892,37,0.00208880171371557,0.00252715692304408,0.990580077525717,"Streptococcus suis","Species","Streptococcus suis","d__Bacteria;p__Bacillota;c__Bacilli;o__Lactobacillales;f__Streptococcaceae;g__Streptococcus_s__Streptococcus_suis",NA,NA
"X1307","PFHxS",-0.00521581936531341,0.00269849040761421,-0.0107348519359768,0.000303213205349945,0.0630709072695683,37,-0.00518114297303954,0.00268055000259482,0.967141731199802,"Streptococcus suis","Species","Streptococcus suis","d__Bacteria;p__Bacillota;c__Bacilli;o__Lactobacillales;f__Streptococcaceae;g__Streptococcus_s__Streptococcus_suis",NA,NA
"X1307","PFOA",0.00194781880134896,0.001969003159726,-0.00207924482637561,0.00597488242907353,0.330727723460057,37,0.00167313034175348,0.00169132720521258,0.871152209996706,"Streptococcus suis","Species","Streptococcus suis","d__Bacteria;p__Bacillota;c__Bacilli;o__Lactobacillales;f__Streptococcaceae;g__Streptococcus_s__Streptococcus_suis",NA,NA
"X1307","PFOS",-0.000389649689385914,0.00245879483669771,-0.00541844977332291,0.00463915039455109,0.87518343615799,37,-0.000349712535815532,0.00220678060528381,0.975138740801322,"Streptococcus suis","Species","Streptococcus suis","d__Bacteria;p__Bacillota;c__Bacilli;o__Lactobacillales;f__Streptococcaceae;g__Streptococcus_s__Streptococcus_suis",NA,NA
"X1307","PFBS",0.000457445821875999,0.00194439060214463,-0.00351927947351446,0.00443417111726646,0.81565697639201,37,0.000454235376116154,0.00193074448217672,0.975999800810952,"Streptococcus suis","Species","Streptococcus suis","d__Bacteria;p__Bacillota;c__Bacilli;o__Lactobacillales;f__Streptococcaceae;g__Streptococcus_s__Streptococcus_suis",NA,NA
"X1310","PFOS",-0.00358354599260014,0.00242631060747332,-0.00854590836802558,0.00137881638282529,0.150466400981589,37,-0.00321625036647364,0.00217762584785547,0.680811403513181,"Streptococcus sobrinus","Species","Streptococcus sobrinus","d__Bacteria;p__Bacillota;c__Bacilli;o__Lactobacillales;f__Streptococcaceae;g__Streptococcus_s__Streptococcus_sobrinus",NA,NA
"X1310","PFNA",-0.00138200077936926,0.00166932713897515,-0.0047961581264178,0.00203215656767929,0.414500345472532,37,-0.00213977317453062,0.00258464501961078,0.990580077525717,"Streptococcus sobrinus","Species","Streptococcus sobrinus","d__Bacteria;p__Bacillota;c__Bacilli;o__Lactobacillales;f__Streptococcaceae;g__Streptococcus_s__Streptococcus_sobrinus",NA,NA
"X1310","PFHxS",0.00070565339074193,0.00292944475281391,-0.0052857338527032,0.00669704063418706,0.811340731298546,37,0.000700961987134382,0.0029099688913474,0.967984616802768,"Streptococcus sobrinus","Species","Streptococcus sobrinus","d__Bacteria;p__Bacillota;c__Bacilli;o__Lactobacillales;f__Streptococcaceae;g__Streptococcus_s__Streptococcus_sobrinus",NA,NA
"X1310","PFOA",-0.000352056716008177,0.00204652224365002,-0.00453766467200512,0.00383355123998877,0.864611321725965,37,-0.000302408403268022,0.00175791426725777,0.981479963333716,"Streptococcus sobrinus","Species","Streptococcus sobrinus","d__Bacteria;p__Bacillota;c__Bacilli;o__Lactobacillales;f__Streptococcaceae;g__Streptococcus_s__Streptococcus_sobrinus",NA,NA
"X1310","PFBS",0.00273194902327244,0.00192486265049127,-0.00120483712654642,0.00666873517309131,0.166472900093785,37,0.00271277566166667,0.001911353581572,0.924516850409324,"Streptococcus sobrinus","Species","Streptococcus sobrinus","d__Bacteria;p__Bacillota;c__Bacilli;o__Lactobacillales;f__Streptococcaceae;g__Streptococcus_s__Streptococcus_sobrinus",NA,NA
"X1314","PFNA",-0.000292178134706424,0.00163714106835607,-0.00364050757606105,0.0030561513066482,0.85959597566541,37,-0.000452383923484139,0.00253481082882568,0.990580077525717,"Streptococcus pyogenes","Species","Streptococcus pyogenes","d__Bacteria;p__Bacillota;c__Bacilli;o__Lactobacillales;f__Streptococcaceae;g__Streptococcus_s__Streptococcus_pyogenes",NA,NA
"X1314","PFHxS",-0.000426036929348489,0.0028429023351571,-0.00624042505490007,0.0053883511962031,0.881912598771993,37,-0.000423204503098552,0.00282400183464786,0.967984616802768,"Streptococcus pyogenes","Species","Streptococcus pyogenes","d__Bacteria;p__Bacillota;c__Bacilli;o__Lactobacillales;f__Streptococcaceae;g__Streptococcus_s__Streptococcus_pyogenes",NA,NA
"X1314","PFOA",-0.00209668294123821,0.00194731891393924,-0.0060793973067124,0.00188603142423598,0.290489065381965,37,-0.00180100112166137,0.00167270095027616,0.871152209996706,"Streptococcus pyogenes","Species","Streptococcus pyogenes","d__Bacteria;p__Bacillota;c__Bacilli;o__Lactobacillales;f__Streptococcaceae;g__Streptococcus_s__Streptococcus_pyogenes",NA,NA
"X1314","PFOS",-0.000665006378037051,0.00243696302321702,-0.00564915538990182,0.00431914263382772,0.786876808695224,37,-0.000596846534545825,0.00218718644401085,0.975138740801322,"Streptococcus pyogenes","Species","Streptococcus pyogenes","d__Bacteria;p__Bacillota;c__Bacilli;o__Lactobacillales;f__Streptococcaceae;g__Streptococcus_s__Streptococcus_pyogenes",NA,NA
"X1314","PFBS",-0.000564843949442931,0.00192775223796496,-0.00450753996921653,0.00337785207033067,0.771603632751479,37,-0.000560879762263285,0.00191422288934609,0.964504540939348,"Streptococcus pyogenes","Species","Streptococcus pyogenes","d__Bacteria;p__Bacillota;c__Bacilli;o__Lactobacillales;f__Streptococcaceae;g__Streptococcus_s__Streptococcus_pyogenes",NA,NA
"X1316411","PFBS",-0.000449236117267512,0.00237626932079394,-0.00530925256984582,0.00441078033531079,0.851369723717735,37,-0.000446083288847447,0.0023595921900817,0.985055878681677,"Streptococcus sp. HSISS2","Species","Streptococcus sp. HSISS2","d__Bacteria;p__Bacillota;c__Bacilli;o__Lactobacillales;f__Streptococcaceae;g__Streptococcus_s__Streptococcus_sp._HSISS2",NA,NA
"X1316411","PFHxS",-0.00155765432694187,0.0034907130797619,-0.00869696418985125,0.00558165553596751,0.658746670771268,37,-0.00154729855564593,0.00346750573157912,0.967984616802768,"Streptococcus sp. HSISS2","Species","Streptococcus sp. HSISS2","d__Bacteria;p__Bacillota;c__Bacilli;o__Lactobacillales;f__Streptococcaceae;g__Streptococcus_s__Streptococcus_sp._HSISS2",NA,NA
"X1316411","PFNA",-4.13431863746855e-05,0.00201739675642127,-0.00416738283254984,0.00408469645980047,0.983790184739515,37,-6.4012294692444e-05,0.0031235665899881,0.990580077525717,"Streptococcus sp. HSISS2","Species","Streptococcus sp. HSISS2","d__Bacteria;p__Bacillota;c__Bacilli;o__Lactobacillales;f__Streptococcaceae;g__Streptococcus_s__Streptococcus_sp._HSISS2",NA,NA
"X1316411","PFOA",0.000420238607053126,0.00244454169029141,-0.00457941051936004,0.00541988773346629,0.86470314374786,37,0.000360975037179981,0.00209980357047347,0.981479963333716,"Streptococcus sp. HSISS2","Species","Streptococcus sp. HSISS2","d__Bacteria;p__Bacillota;c__Bacilli;o__Lactobacillales;f__Streptococcaceae;g__Streptococcus_s__Streptococcus_sp._HSISS2",NA,NA
"X1316411","PFOS",0.00367704969657436,0.00292661869932028,-0.00230855761849533,0.00966265701164406,0.218992382293736,37,0.00330017040623167,0.00262665485071332,0.782370623050135,"Streptococcus sp. HSISS2","Species","Streptococcus sp. HSISS2","d__Bacteria;p__Bacillota;c__Bacilli;o__Lactobacillales;f__Streptococcaceae;g__Streptococcus_s__Streptococcus_sp._HSISS2",NA,NA
"X1316412","PFOA",0.00125655286004106,0.0011966155775607,-0.00119080078942383,0.00370390650950595,0.302349687285452,37,0.00107934922627085,0.00102786451637346,0.871152209996706,"Streptococcus sp. HSISS3","Species","Streptococcus sp. HSISS3","d__Bacteria;p__Bacillota;c__Bacilli;o__Lactobacillales;f__Streptococcaceae;g__Streptococcus_s__Streptococcus_sp._HSISS3",NA,NA
"X1316412","PFNA",-0.000196699753072578,0.00100495694459396,-0.00225206748522326,0.0018586679790781,0.846186892300143,37,-0.000304553268959513,0.0015559903754771,0.990580077525717,"Streptococcus sp. HSISS3","Species","Streptococcus sp. HSISS3","d__Bacteria;p__Bacillota;c__Bacilli;o__Lactobacillales;f__Streptococcaceae;g__Streptococcus_s__Streptococcus_sp._HSISS3",NA,NA
"X1316412","PFBS",0.000521317997713145,0.00118127033311087,-0.00189465110293718,0.00293728709836347,0.662254507375178,37,0.000517659284319665,0.0011729799429689,0.942256428666025,"Streptococcus sp. HSISS3","Species","Streptococcus sp. HSISS3","d__Bacteria;p__Bacillota;c__Bacilli;o__Lactobacillales;f__Streptococcaceae;g__Streptococcus_s__Streptococcus_sp._HSISS3",NA,NA
"X1316412","PFHxS",0.00022037479565289,0.00174550209042364,-0.00334957782008614,0.00379032741139192,0.900402968461767,37,0.000218909675347507,0.00173389744866689,0.967984616802768,"Streptococcus sp. HSISS3","Species","Streptococcus sp. HSISS3","d__Bacteria;p__Bacillota;c__Bacilli;o__Lactobacillales;f__Streptococcaceae;g__Streptococcus_s__Streptococcus_sp._HSISS3",NA,NA
"X1316412","PFOS",-0.000284430984917674,0.0014970811826328,-0.00334630579631735,0.00277744382648201,0.850640336789285,37,-0.000255278224799389,0.00134363781355848,0.975138740801322,"Streptococcus sp. HSISS3","Species","Streptococcus sp. HSISS3","d__Bacteria;p__Bacillota;c__Bacilli;o__Lactobacillales;f__Streptococcaceae;g__Streptococcus_s__Streptococcus_sp._HSISS3",NA,NA
"X1322","PFHxS",-0.000895610383383497,0.00225216440074683,-0.00550180377474695,0.00371058300797995,0.693788185434938,37,-0.000889656086502496,0.00223719131008635,0.967984616802768,"Blautia hansenii","Species","Blautia hansenii","d__Bacteria;p__Bacillota;c__Clostridia;o__Lachnospirales;f__Lachnospiraceae;g__Blautia_s__Blautia_hansenii",NA,NA
"X1322","PFNA",0.00223574710227542,0.00123265679316461,-0.00028531910968109,0.00475681331423193,0.0800750216181884,37,0.0034616418065024,0.00190854157160489,0.990580077525717,"Blautia hansenii","Species","Blautia hansenii","d__Bacteria;p__Bacillota;c__Clostridia;o__Lachnospirales;f__Lachnospiraceae;g__Blautia_s__Blautia_hansenii",NA,NA
"X1322","PFBS",-0.000860788098904933,0.00152465062136348,-0.00397904874361356,0.00225747254580369,0.576700423976396,37,-0.000854746916823695,0.00151395032006325,0.926435412199822,"Blautia hansenii","Species","Blautia hansenii","d__Bacteria;p__Bacillota;c__Clostridia;o__Lachnospirales;f__Lachnospiraceae;g__Blautia_s__Blautia_hansenii",NA,NA
"X1322","PFOS",1.50335121584269e-05,0.00193756513009611,-0.00394773212547685,0.0039777991497937,0.993862429130963,37,1.34926519957523e-05,0.0017389743490404,0.993862429130963,"Blautia hansenii","Species","Blautia hansenii","d__Bacteria;p__Bacillota;c__Clostridia;o__Lachnospirales;f__Lachnospiraceae;g__Blautia_s__Blautia_hansenii",NA,NA
"X1322","PFOA",0.00103855574961981,0.00156504574437851,-0.00216232219807676,0.00423943369731639,0.512191193550231,37,0.000892094857636678,0.00134433732713659,0.921731798726478,"Blautia hansenii","Species","Blautia hansenii","d__Bacteria;p__Bacillota;c__Clostridia;o__Lachnospirales;f__Lachnospiraceae;g__Blautia_s__Blautia_hansenii",NA,NA
"X1328","PFHxS",-0.00301688397254214,0.00214546663999507,-0.00740485594086691,0.00137108799578263,0.170299816787708,37,-0.00299682678789876,0.00213120290929272,0.967141731199802,"Streptococcus anginosus","Species","Streptococcus anginosus","d__Bacteria;p__Bacillota;c__Bacilli;o__Lactobacillales;f__Streptococcaceae;g__Streptococcus_s__Streptococcus_anginosus",NA,NA
"X1328","PFBS",0.000446069218043995,0.00150296577779978,-0.00262784094182315,0.00351997937791114,0.768740186632073,37,0.000442938615552549,0.00149241766504461,0.964504540939348,"Streptococcus anginosus","Species","Streptococcus anginosus","d__Bacteria;p__Bacillota;c__Bacilli;o__Lactobacillales;f__Streptococcaceae;g__Streptococcus_s__Streptococcus_anginosus",NA,NA
"X1328","PFNA",-0.000172123631392185,0.00127674147059202,-0.00278335313238708,0.00243910586960271,0.89368967084106,37,-0.000266501679777554,0.00197679855928188,0.990580077525717,"Streptococcus anginosus","Species","Streptococcus anginosus","d__Bacteria;p__Bacillota;c__Bacilli;o__Lactobacillales;f__Streptococcaceae;g__Streptococcus_s__Streptococcus_anginosus",NA,NA
"X1328","PFOA",-0.000552785206531409,0.00154492229907907,-0.00371250608739973,0.00260693567433691,0.723078366125795,37,-0.000474829435304579,0.00132705176295177,0.921731798726478,"Streptococcus anginosus","Species","Streptococcus anginosus","d__Bacteria;p__Bacillota;c__Bacilli;o__Lactobacillales;f__Streptococcaceae;g__Streptococcus_s__Streptococcus_anginosus",NA,NA
"X1328","PFOS",-0.0013757891262179,0.0018852494771872,-0.00523155723977635,0.00247997898734055,0.471387813409236,37,-0.00123477758916055,0.00169202079013868,0.975138740801322,"Streptococcus anginosus","Species","Streptococcus anginosus","d__Bacteria;p__Bacillota;c__Bacilli;o__Lactobacillales;f__Streptococcaceae;g__Streptococcus_s__Streptococcus_anginosus",NA,NA
"X1329812","PFBS",0.000444804454189787,0.00134047028734039,-0.00229676511187691,0.00318637402025649,0.742406100922175,37,0.00044168272806262,0.00133106260025617,0.964504540939348,"Enterobacter sp. MGH 3","Species","Enterobacter sp. MGH 3","d__Bacteria;p__Pseudomonadota;c__Gammaproteobacteria;o__Enterobacterales;f__Enterobacteriaceae;g__Enterobacter_s__Enterobacter_sp._MGH_3",NA,NA
"X1329812","PFHxS",0.000441339785843353,0.00197671513483754,-0.00360149660197872,0.00448417617366543,0.824891201529333,37,0.000438405621435409,0.00196357331672068,0.967984616802768,"Enterobacter sp. MGH 3","Species","Enterobacter sp. MGH 3","d__Bacteria;p__Pseudomonadota;c__Gammaproteobacteria;o__Enterobacterales;f__Enterobacteriaceae;g__Enterobacter_s__Enterobacter_sp._MGH_3",NA,NA
"X1329812","PFNA",-1.3569737954496e-05,0.00113948968502694,-0.00234408781867605,0.00231694834276706,0.990580077525717,37,-2.1010235083726e-05,0.00176428949757019,0.990580077525717,"Enterobacter sp. MGH 3","Species","Enterobacter sp. MGH 3","d__Bacteria;p__Pseudomonadota;c__Gammaproteobacteria;o__Enterobacterales;f__Enterobacteriaceae;g__Enterobacter_s__Enterobacter_sp._MGH_3",NA,NA
"X1329812","PFOA",0.001202578937806,0.00136328251150213,-0.00158564686531928,0.00399080474093128,0.384965376757661,37,0.00103298690196616,0.00117102747585989,0.871152209996706,"Enterobacter sp. MGH 3","Species","Enterobacter sp. MGH 3","d__Bacteria;p__Pseudomonadota;c__Gammaproteobacteria;o__Enterobacterales;f__Enterobacteriaceae;g__Enterobacter_s__Enterobacter_sp._MGH_3",NA,NA
"X1329812","PFOS",-0.000915950396804242,0.00168889048878682,-0.00437011928678705,0.00253821849317856,0.591728945449537,37,-0.000822070040534298,0.00151578762061686,0.975138740801322,"Enterobacter sp. MGH 3","Species","Enterobacter sp. MGH 3","d__Bacteria;p__Pseudomonadota;c__Gammaproteobacteria;o__Enterobacterales;f__Enterobacteriaceae;g__Enterobacter_s__Enterobacter_sp._MGH_3",NA,NA
"X1334","PFBS",-0.00188629156837764,0.00154619940224793,-0.00504862441850298,0.00127604128174771,0.232310990449498,37,-0.00187305319898409,0.0015353478673176,0.924516850409324,"Streptococcus dysgalactiae","Species","Streptococcus dysgalactiae","d__Bacteria;p__Bacillota;c__Bacilli;o__Lactobacillales;f__Streptococcaceae;g__Streptococcus_s__Streptococcus_dysgalactiae",NA,NA
"X1334","PFHxS",-0.00175786356865373,0.00231252155498827,-0.00648750120098657,0.0029717740636791,0.453300882312799,37,-0.00174617674393815,0.00229714719116045,0.967984616802768,"Streptococcus dysgalactiae","Species","Streptococcus dysgalactiae","d__Bacteria;p__Bacillota;c__Bacilli;o__Lactobacillales;f__Streptococcaceae;g__Streptococcus_s__Streptococcus_dysgalactiae",NA,NA
"X1334","PFOA",-0.000514948875409325,0.00162794827023398,-0.00384447693355053,0.00281457918273188,0.754027009827978,37,-0.000442328920586706,0.00139836911105244,0.934192755539088,"Streptococcus dysgalactiae","Species","Streptococcus dysgalactiae","d__Bacteria;p__Bacillota;c__Bacilli;o__Lactobacillales;f__Streptococcaceae;g__Streptococcus_s__Streptococcus_dysgalactiae",NA,NA
"X1334","PFOS",-0.000944719070783454,0.00199606575361286,-0.00502713191771842,0.00313769377615151,0.639549266617917,37,-0.000847890068634863,0.0017914789498501,0.975138740801322,"Streptococcus dysgalactiae","Species","Streptococcus dysgalactiae","d__Bacteria;p__Bacillota;c__Bacilli;o__Lactobacillales;f__Streptococcaceae;g__Streptococcus_s__Streptococcus_dysgalactiae",NA,NA
"X1334","PFNA",0.000622140434112735,0.00134015996347312,-0.00211879444838197,0.00336307531660744,0.645950280923232,37,0.000963269653373744,0.00207499039235601,0.990580077525717,"Streptococcus dysgalactiae","Species","Streptococcus dysgalactiae","d__Bacteria;p__Bacillota;c__Bacilli;o__Lactobacillales;f__Streptococcaceae;g__Streptococcus_s__Streptococcus_dysgalactiae",NA,NA
"X1338","PFHxS",0.00149716382132307,0.0020122193173327,-0.00261828677295781,0.00561261441560395,0.462841115599639,37,0.00148721020975598,0.00199884145634831,0.967984616802768,"Streptococcus intermedius","Species","Streptococcus intermedius","d__Bacteria;p__Bacillota;c__Bacilli;o__Lactobacillales;f__Streptococcaceae;g__Streptococcus_s__Streptococcus_intermedius",NA,NA
"X1338","PFBS",0.00070626273526663,0.00137268634687538,-0.00210119607071375,0.00351372154124701,0.610793665107557,37,0.000701306042921131,0.00136305256107786,0.929468620815847,"Streptococcus intermedius","Species","Streptococcus intermedius","d__Bacteria;p__Bacillota;c__Bacilli;o__Lactobacillales;f__Streptococcaceae;g__Streptococcus_s__Streptococcus_intermedius",NA,NA
"X1338","PFOS",-0.000422401470068015,0.0017410727675911,-0.00398329510345536,0.00313849216331933,0.810015320101915,37,-0.000379107422008982,0.00156262147559577,0.975138740801322,"Streptococcus intermedius","Species","Streptococcus intermedius","d__Bacteria;p__Bacillota;c__Bacilli;o__Lactobacillales;f__Streptococcaceae;g__Streptococcus_s__Streptococcus_intermedius",NA,NA
"X1338","PFNA",0.00113618737011343,0.00115079209343986,-0.00121744673132173,0.00348982147154859,0.33165763187496,37,0.00175917647233079,0.00178178919126834,0.990580077525717,"Streptococcus intermedius","Species","Streptococcus intermedius","d__Bacteria;p__Bacillota;c__Bacilli;o__Lactobacillales;f__Streptococcaceae;g__Streptococcus_s__Streptococcus_intermedius",NA,NA
"X1338","PFOA",-0.00039188366334592,0.00141653626948148,-0.00328902563084551,0.00250525830415368,0.784011722486736,37,-0.00033661881029564,0.00121677119607962,0.954449053462114,"Streptococcus intermedius","Species","Streptococcus intermedius","d__Bacteria;p__Bacillota;c__Bacilli;o__Lactobacillales;f__Streptococcaceae;g__Streptococcus_s__Streptococcus_intermedius",NA,NA
"X1340","PFBS",0.000752211297123706,0.00279425883305171,-0.00496268969602479,0.00646711229027221,0.789682758621902,37,0.000746932128632332,0.00277464816880804,0.970102459887333,"Streptococcus porcinus","Species","Streptococcus porcinus","d__Bacteria;p__Bacillota;c__Bacilli;o__Lactobacillales;f__Streptococcaceae;g__Streptococcus_s__Streptococcus_porcinus",NA,NA
"X1340","PFOA",-8.34757148082613e-05,0.00287778133711943,-0.0059691994090612,0.00580224797944468,0.977057737713139,37,-7.17036672756918e-05,0.00247194619372802,0.989502361295543,"Streptococcus porcinus","Species","Streptococcus porcinus","d__Bacteria;p__Bacillota;c__Bacilli;o__Lactobacillales;f__Streptococcaceae;g__Streptococcus_s__Streptococcus_porcinus",NA,NA
"X1340","PFHxS",0.00202024142258524,0.004104297561149,-0.00637398960960966,0.0104144724547801,0.626265502649538,37,0.00200681022814562,0.00407701091215468,0.967984616802768,"Streptococcus porcinus","Species","Streptococcus porcinus","d__Bacteria;p__Bacillota;c__Bacilli;o__Lactobacillales;f__Streptococcaceae;g__Streptococcus_s__Streptococcus_porcinus",NA,NA
"X1340","PFOS",-0.00296434019828227,0.0034929650022896,-0.0101082557598971,0.00417957536333254,0.40302151190965,37,-0.00266051008380115,0.00313495347677739,0.917496588638124,"Streptococcus porcinus","Species","Streptococcus porcinus","d__Bacteria;p__Bacillota;c__Bacilli;o__Lactobacillales;f__Streptococcaceae;g__Streptococcus_s__Streptococcus_porcinus",NA,NA
"X1340","PFNA",-0.00125934527911921,0.00236222981792533,-0.00609064772426983,0.00357195716603141,0.598014725881711,37,-0.00194986376705296,0.00365747695075823,0.990580077525717,"Streptococcus porcinus","Species","Streptococcus porcinus","d__Bacteria;p__Bacillota;c__Bacilli;o__Lactobacillales;f__Streptococcaceae;g__Streptococcus_s__Streptococcus_porcinus",NA,NA
"X1343","PFOS",0.000949095592084069,0.00190896270561461,-0.00295517151916477,0.00485336270333291,0.622811634524064,37,0.000851818018287539,0.00171330353069158,0.975138740801322,"Streptococcus vestibularis","Species","Streptococcus vestibularis","d__Bacteria;p__Bacillota;c__Bacilli;o__Lactobacillales;f__Streptococcaceae;g__Streptococcus_s__Streptococcus_vestibularis",NA,NA
"X1343","PFBS",-0.000796155344127182,0.00150957590215334,-0.00388358472626041,0.00229127403800604,0.601925543840647,37,-0.000790567767573856,0.00149898139823076,0.929468620815847,"Streptococcus vestibularis","Species","Streptococcus vestibularis","d__Bacteria;p__Bacillota;c__Bacilli;o__Lactobacillales;f__Streptococcaceae;g__Streptococcus_s__Streptococcus_vestibularis",NA,NA
"X1343","PFHxS",-0.00158119191084925,0.00221504357010881,-0.00611146467905123,0.00294908085735273,0.481030868219286,37,-0.00157067965436171,0.00220031727029643,0.967984616802768,"Streptococcus vestibularis","Species","Streptococcus vestibularis","d__Bacteria;p__Bacillota;c__Bacilli;o__Lactobacillales;f__Streptococcaceae;g__Streptococcus_s__Streptococcus_vestibularis",NA,NA
"X1343","PFOA",0.00293002233799883,0.001462266233024,-6.0647906471581e-05,0.00592069258246925,0.0545175373244101,37,0.00251681997952081,0.0012560521545945,0.871152209996706,"Streptococcus vestibularis","Species","Streptococcus vestibularis","d__Bacteria;p__Bacillota;c__Bacilli;o__Lactobacillales;f__Streptococcaceae;g__Streptococcus_s__Streptococcus_vestibularis",NA,NA
"X1343","PFNA",-0.00114904928918508,0.00126913080007221,-0.00374471322123636,0.0014466146428662,0.372723538048614,37,-0.00177909078049425,0.00196501484044353,0.990580077525717,"Streptococcus vestibularis","Species","Streptococcus vestibularis","d__Bacteria;p__Bacillota;c__Bacilli;o__Lactobacillales;f__Streptococcaceae;g__Streptococcus_s__Streptococcus_vestibularis",NA,NA
"X1345","PFNA",0.00163491320963319,0.00199438810322999,-0.0024440684570096,0.00571389487627598,0.419041529347241,37,0.00253136140071896,0.00308794193650328,0.990580077525717,"Streptococcus ferus","Species","Streptococcus ferus","d__Bacteria;p__Bacillota;c__Bacilli;o__Lactobacillales;f__Streptococcaceae;g__Streptococcus_s__Streptococcus_ferus",NA,NA
"X1345","PFHxS",0.00207171808451232,0.00348140152182028,-0.00504854750408042,0.00919198367310507,0.556404340372584,37,0.00205794465718523,0.00345825607977597,0.967984616802768,"Streptococcus ferus","Species","Streptococcus ferus","d__Bacteria;p__Bacillota;c__Bacilli;o__Lactobacillales;f__Streptococcaceae;g__Streptococcus_s__Streptococcus_ferus",NA,NA
"X1345","PFOS",0.000221299265242418,0.00300486404293531,-0.00592433774594759,0.00636693627643242,0.94179690586445,37,0.000198617192134833,0.00269688043609617,0.987238062321552,"Streptococcus ferus","Species","Streptococcus ferus","d__Bacteria;p__Bacillota;c__Bacilli;o__Lactobacillales;f__Streptococcaceae;g__Streptococcus_s__Streptococcus_ferus",NA,NA
"X1345","PFBS",-0.00183460799165682,0.00235314330664656,-0.00664732643459653,0.00297811045128289,0.441918653480039,37,-0.0018217323478841,0.00233662847890117,0.924516850409324,"Streptococcus ferus","Species","Streptococcus ferus","d__Bacteria;p__Bacillota;c__Bacilli;o__Lactobacillales;f__Streptococcaceae;g__Streptococcus_s__Streptococcus_ferus",NA,NA
"X1345","PFOA",-0.00527382192498882,0.00224109624060145,-0.00985737838713907,-0.000690265462838564,0.025603800304529,37,-0.00453008846284504,0.00192504873468885,0.689435116415863,"Streptococcus ferus","Species","Streptococcus ferus","d__Bacteria;p__Bacillota;c__Bacilli;o__Lactobacillales;f__Streptococcaceae;g__Streptococcus_s__Streptococcus_ferus",NA,NA
"X1346","PFNA",0.00112314181677821,0.00240998954955521,-0.00380584024720215,0.00605212388075857,0.644671336455615,37,0.00173897784039779,0.00373142408167885,0.990580077525717,"Streptococcus iniae","Species","Streptococcus iniae","d__Bacteria;p__Bacillota;c__Bacilli;o__Lactobacillales;f__Streptococcaceae;g__Streptococcus_s__Streptococcus_iniae",NA,NA
"X1346","PFBS",0.00655922079895876,0.00257776866157776,0.00128709192173919,0.0118313496761783,0.0165265350921551,37,0.00651318688282079,0.00255967736841546,0.924516850409324,"Streptococcus iniae","Species","Streptococcus iniae","d__Bacteria;p__Bacillota;c__Bacilli;o__Lactobacillales;f__Streptococcaceae;g__Streptococcus_s__Streptococcus_iniae",NA,NA
"X1346","PFHxS",0.00357538807444633,0.00414710929201846,-0.00490640277875381,0.0120571789276465,0.395684023280378,37,0.00355161778051604,0.00411953801729814,0.967984616802768,"Streptococcus iniae","Species","Streptococcus iniae","d__Bacteria;p__Bacillota;c__Bacilli;o__Lactobacillales;f__Streptococcaceae;g__Streptococcus_s__Streptococcus_iniae",NA,NA
"X1346","PFOA",-0.00114122251925435,0.0029249783678427,-0.00712347497976316,0.00484102994125447,0.699266093993065,37,-0.000980283187704337,0.00251248732829818,0.921731798726478,"Streptococcus iniae","Species","Streptococcus iniae","d__Bacteria;p__Bacillota;c__Bacilli;o__Lactobacillales;f__Streptococcaceae;g__Streptococcus_s__Streptococcus_iniae",NA,NA
"X1346","PFOS",-0.00254569371602984,0.00357229310203519,-0.0098518534586984,0.00476046602663872,0.481774733305128,37,-0.00228477278204818,0.00320615084117715,0.975138740801322,"Streptococcus iniae","Species","Streptococcus iniae","d__Bacteria;p__Bacillota;c__Bacilli;o__Lactobacillales;f__Streptococcaceae;g__Streptococcus_s__Streptococcus_iniae",NA,NA
"X1349","PFHxS",-0.00144030904836992,0.00169511136791315,-0.004907201064742,0.00202658296800217,0.402461184008926,37,-0.0014307334250481,0.00168384173938028,0.967984616802768,"Streptococcus uberis","Species","Streptococcus uberis","d__Bacteria;p__Bacillota;c__Bacilli;o__Lactobacillales;f__Streptococcaceae;g__Streptococcus_s__Streptococcus_uberis",NA,NA
"X1349","PFOA",-0.00090006493614801,0.00118656158143896,-0.00332685585472282,0.0015267259824268,0.454243652355425,37,-0.000773134520097415,0.00101922837118608,0.871152209996706,"Streptococcus uberis","Species","Streptococcus uberis","d__Bacteria;p__Bacillota;c__Bacilli;o__Lactobacillales;f__Streptococcaceae;g__Streptococcus_s__Streptococcus_uberis",NA,NA
"X1349","PFBS",-0.00054383075905449,0.0011605478322725,-0.00291741758673105,0.00182975606862207,0.642860157830365,37,-0.000540014046624327,0.00115240287676293,0.938938745815729,"Streptococcus uberis","Species","Streptococcus uberis","d__Bacteria;p__Bacillota;c__Bacilli;o__Lactobacillales;f__Streptococcaceae;g__Streptococcus_s__Streptococcus_uberis",NA,NA
"X1349","PFOS",-0.00110381618592638,0.00145802169420855,-0.00408580537379425,0.00187817300194148,0.455118740259989,37,-0.000990680521426588,0.00130858172826806,0.975138740801322,"Streptococcus uberis","Species","Streptococcus uberis","d__Bacteria;p__Bacillota;c__Bacilli;o__Lactobacillales;f__Streptococcaceae;g__Streptococcus_s__Streptococcus_uberis",NA,NA
"X1349","PFNA",0.00101348755534611,0.000970316387651328,-0.000971032282925515,0.00299800739361773,0.304886719127972,37,0.00156919845200086,0.00150235586556715,0.990580077525717,"Streptococcus uberis","Species","Streptococcus uberis","d__Bacteria;p__Bacillota;c__Bacilli;o__Lactobacillales;f__Streptococcaceae;g__Streptococcus_s__Streptococcus_uberis",NA,NA
"X137838","PFBS",0.00167305015646181,0.00234734179327437,-0.00312780285935987,0.00647390317228349,0.481701135239737,37,0.00166130835770892,0.00233086768170369,0.924516850409324,"Clostridium neonatale","Species","Clostridium neonatale","d__Bacteria;p__Bacillota;c__Clostridia;o__Eubacteriales;f__Clostridiaceae;g__Clostridium_s__Clostridium_neonatale",NA,NA
"X137838","PFHxS",-0.00123224800964401,0.00348054797535731,-0.00835076789970974,0.00588627188042173,0.725871284683711,37,-0.00122405564093483,0.00345740820795583,0.967984616802768,"Clostridium neonatale","Species","Clostridium neonatale","d__Bacteria;p__Bacillota;c__Clostridia;o__Eubacteriales;f__Clostridiaceae;g__Clostridium_s__Clostridium_neonatale",NA,NA
"X137838","PFNA",0.000321336499210502,0.00200810737606721,-0.00378570423090748,0.00442837722932849,0.873975047018879,37,0.000497530270078449,0.00310918369875797,0.990580077525717,"Clostridium neonatale","Species","Clostridium neonatale","d__Bacteria;p__Bacillota;c__Clostridia;o__Eubacteriales;f__Clostridiaceae;g__Clostridium_s__Clostridium_neonatale",NA,NA
"X137838","PFOA",0.00366460967732051,0.00233858456046476,-0.00111833278637589,0.00844755214101692,0.127958159841772,37,0.00314781315262083,0.002008788898721,0.871152209996706,"Clostridium neonatale","Species","Clostridium neonatale","d__Bacteria;p__Bacillota;c__Clostridia;o__Eubacteriales;f__Clostridiaceae;g__Clostridium_s__Clostridium_neonatale",NA,NA
"X137838","PFOS",-0.00358451741860204,0.00291771450984814,-0.00955191362142415,0.00238287878422006,0.229122825321825,37,-0.00321712222614589,0.00261866329633895,0.782370623050135,"Clostridium neonatale","Species","Clostridium neonatale","d__Bacteria;p__Bacillota;c__Clostridia;o__Eubacteriales;f__Clostridiaceae;g__Clostridium_s__Clostridium_neonatale",NA,NA
"X1443109","PFOA",0.00178983094268445,0.0021481636375893,-0.00260365700506481,0.0061833188904337,0.411546852287991,37,0.00153742250292516,0.00184522182382318,0.871152209996706,"Clostridium sp. K25","Species","Clostridium sp. K25","d__Bacteria;p__Bacillota;c__Clostridia;o__Eubacteriales;f__Clostridiaceae;g__Clostridium_s__Clostridium_sp._K25",NA,NA
"X1443109","PFHxS",0.00241978496174268,0.00308044657771464,-0.00388043569000554,0.00872000561349091,0.438513738931086,37,0.00240369747736586,0.00305996680906738,0.967984616802768,"Clostridium sp. K25","Species","Clostridium sp. K25","d__Bacteria;p__Bacillota;c__Clostridia;o__Eubacteriales;f__Clostridiaceae;g__Clostridium_s__Clostridium_sp._K25",NA,NA
"X1443109","PFNA",-0.00169653552889829,0.00176510520597419,-0.00530658101763945,0.00191350995984287,0.344421485247273,37,-0.00262677219041187,0.00273293968161993,0.990580077525717,"Clostridium sp. K25","Species","Clostridium sp. K25","d__Bacteria;p__Bacillota;c__Clostridia;o__Eubacteriales;f__Clostridiaceae;g__Clostridium_s__Clostridium_sp._K25",NA,NA
"X1443109","PFOS",0.00507969324536984,0.0024988122779197,-3.09516955566821e-05,0.0101903381862964,0.0513133041035743,37,0.00455904997333109,0.00224269645797869,0.493117013625033,"Clostridium sp. K25","Species","Clostridium sp. K25","d__Bacteria;p__Bacillota;c__Clostridia;o__Eubacteriales;f__Clostridiaceae;g__Clostridium_s__Clostridium_sp._K25",NA,NA
"X1443109","PFBS",0.00024602647465527,0.00211274562096628,-0.00407502349563103,0.00456707644494157,0.908099635048605,37,0.000244299811923654,0.00209791795199196,0.993424213527658,"Clostridium sp. K25","Species","Clostridium sp. K25","d__Bacteria;p__Bacillota;c__Clostridia;o__Eubacteriales;f__Clostridiaceae;g__Clostridium_s__Clostridium_sp._K25",NA,NA
"X1463165","PFOS",0.00351089294986814,0.00165404171845822,0.000127997797953262,0.00689378810178301,0.0424470944179855,37,0.00315104389897057,0.00148451067577732,0.493117013625033,"Klebsiella quasipneumoniae","Species","Klebsiella quasipneumoniae","d__Bacteria;p__Pseudomonadota;c__Gammaproteobacteria;o__Enterobacterales;f__Enterobacteriaceae;g__Klebsiella_s__Klebsiella_quasipneumoniae",NA,NA
"X1463165","PFNA",-0.00122057908444804,0.001171785182707,-0.00361714887433227,0.0011759907054362,0.306184783761953,37,-0.00188984146845927,0.00181429311596572,0.990580077525717,"Klebsiella quasipneumoniae","Species","Klebsiella quasipneumoniae","d__Bacteria;p__Pseudomonadota;c__Gammaproteobacteria;o__Enterobacterales;f__Enterobacteriaceae;g__Klebsiella_s__Klebsiella_quasipneumoniae",NA,NA
"X1463165","PFOA",0.00153379365630709,0.00141862336568795,-0.00136761690221996,0.00443520421483414,0.288524378361834,37,0.00131749252167561,0.00121856396242256,0.871152209996706,"Klebsiella quasipneumoniae","Species","Klebsiella quasipneumoniae","d__Bacteria;p__Pseudomonadota;c__Gammaproteobacteria;o__Enterobacterales;f__Enterobacteriaceae;g__Klebsiella_s__Klebsiella_quasipneumoniae",NA,NA
"X1463165","PFBS",0.000649521727396724,0.00140149132512356,-0.00221684987393783,0.00351589332873128,0.646501177171978,37,0.000644963254729739,0.00139165538025964,0.938938745815729,"Klebsiella quasipneumoniae","Species","Klebsiella quasipneumoniae","d__Bacteria;p__Pseudomonadota;c__Gammaproteobacteria;o__Enterobacterales;f__Enterobacteriaceae;g__Klebsiella_s__Klebsiella_quasipneumoniae",NA,NA
"X1463165","PFHxS",0.000544704719522886,0.00206972040696278,-0.00368834880772436,0.00477775824677013,0.794274347763924,37,0.000541083352829627,0.00205596026081847,0.967984616802768,"Klebsiella quasipneumoniae","Species","Klebsiella quasipneumoniae","d__Bacteria;p__Pseudomonadota;c__Gammaproteobacteria;o__Enterobacterales;f__Enterobacteriaceae;g__Klebsiella_s__Klebsiella_quasipneumoniae",NA,NA
"X1494","PFHxS",0.0053723974322042,0.00281720423755542,-0.000389432182386007,0.0111342270467944,0.0664713176012297,37,0.0053366800601554,0.00279847458600599,0.967141731199802,"Clostridium cochlearium","Species","Clostridium cochlearium","d__Bacteria;p__Bacillota;c__Clostridia;o__Eubacteriales;f__Clostridiaceae;g__Clostridium_s__Clostridium_cochlearium",NA,NA
"X1494","PFNA",-0.0022742034827738,0.00166873112796201,-0.00568714185043124,0.00113873488488364,0.183424521998056,37,-0.00352118441502215,0.00258372220654391,0.990580077525717,"Clostridium cochlearium","Species","Clostridium cochlearium","d__Bacteria;p__Bacillota;c__Clostridia;o__Eubacteriales;f__Clostridiaceae;g__Clostridium_s__Clostridium_cochlearium",NA,NA
"X1494","PFOS",-0.000715420421496838,0.00256073193285354,-0.00595270527612468,0.004521864433131,0.781935195746265,37,-0.000642093389501162,0.00229826965650443,0.975138740801322,"Clostridium cochlearium","Species","Clostridium cochlearium","d__Bacteria;p__Bacillota;c__Clostridia;o__Eubacteriales;f__Clostridiaceae;g__Clostridium_s__Clostridium_cochlearium",NA,NA
"X1494","PFBS",0.00235207240652127,0.00198120768996887,-0.00169995228822431,0.00640409710126686,0.244786128644016,37,0.00233556509456595,0.00196730318035601,0.924516850409324,"Clostridium cochlearium","Species","Clostridium cochlearium","d__Bacteria;p__Bacillota;c__Clostridia;o__Eubacteriales;f__Clostridiaceae;g__Clostridium_s__Clostridium_cochlearium",NA,NA
"X1494","PFOA",0.000816463907219267,0.0020813321756054,-0.00344033835345345,0.00507326616789198,0.697720032808081,37,0.000701323210952221,0.00178781517657674,0.921731798726478,"Clostridium cochlearium","Species","Clostridium cochlearium","d__Bacteria;p__Bacillota;c__Clostridia;o__Eubacteriales;f__Clostridiaceae;g__Clostridium_s__Clostridium_cochlearium",NA,NA
"X1501","PFBS",-0.00145346542213031,0.00121689058788069,-0.00394228612369618,0.00103535527943556,0.241995985914844,37,-0.00144326471271641,0.00120835020770619,0.924516850409324,"Clostridium pasteurianum","Species","Clostridium pasteurianum","d__Bacteria;p__Bacillota;c__Clostridia;o__Eubacteriales;f__Clostridiaceae;g__Clostridium_s__Clostridium_pasteurianum",NA,NA
"X1501","PFNA",-0.000101097162946053,0.00105740718280035,-0.00226373767701335,0.00206154335112125,0.924489102897207,37,-0.000156530300505218,0.00163719989025247,0.990580077525717,"Clostridium pasteurianum","Species","Clostridium pasteurianum","d__Bacteria;p__Bacillota;c__Clostridia;o__Eubacteriales;f__Clostridiaceae;g__Clostridium_s__Clostridium_pasteurianum",NA,NA
"X1501","PFHxS",0.00036531914363605,0.00183493069267786,-0.0033875355002878,0.0041181737875599,0.843580471040635,37,0.000362890388143841,0.00182273150170936,0.967984616802768,"Clostridium pasteurianum","Species","Clostridium pasteurianum","d__Bacteria;p__Bacillota;c__Clostridia;o__Eubacteriales;f__Clostridiaceae;g__Clostridium_s__Clostridium_pasteurianum",NA,NA
"X1501","PFOA",-0.000613544655558793,0.00127706611190589,-0.00322543812259189,0.0019983488114743,0.634524006048807,37,-0.000527020366845817,0.00109696962508789,0.921731798726478,"Clostridium pasteurianum","Species","Clostridium pasteurianum","d__Bacteria;p__Bacillota;c__Clostridia;o__Eubacteriales;f__Clostridiaceae;g__Clostridium_s__Clostridium_pasteurianum",NA,NA
"X1501","PFOS",0.00267735623720583,0.00149489739275782,-0.000380052222409358,0.00573476469682102,0.0837378720872818,37,0.00240294055019111,0.00134167785127526,0.532877367828157,"Clostridium pasteurianum","Species","Clostridium pasteurianum","d__Bacteria;p__Bacillota;c__Clostridia;o__Eubacteriales;f__Clostridiaceae;g__Clostridium_s__Clostridium_pasteurianum",NA,NA
"X1502","PFHxS",0.00311514173628836,0.0017488320973465,-0.000461621508317807,0.00669190498089452,0.0853458309839707,37,0.00309443130341666,0.00173720531666617,0.967141731199802,"Clostridium perfringens","Species","Clostridium perfringens","d__Bacteria;p__Bacillota;c__Clostridia;o__Eubacteriales;f__Clostridiaceae;g__Clostridium_s__Clostridium_perfringens",NA,NA
"X1502","PFOS",0.00224955167319036,0.00152420492224993,-0.000867797414479766,0.00536690076086048,0.150751096492204,37,0.00201898382446885,0.00136798150488095,0.680811403513181,"Clostridium perfringens","Species","Clostridium perfringens","d__Bacteria;p__Bacillota;c__Clostridia;o__Eubacteriales;f__Clostridiaceae;g__Clostridium_s__Clostridium_perfringens",NA,NA
"X1502","PFNA",-0.0017453080245841,0.00101022040136216,-0.00381144073453718,0.000320824685368979,0.0946880634270884,37,-0.00270228739957914,0.00156413986697234,0.990580077525717,"Clostridium perfringens","Species","Clostridium perfringens","d__Bacteria;p__Bacillota;c__Clostridia;o__Eubacteriales;f__Clostridiaceae;g__Clostridium_s__Clostridium_perfringens",NA,NA
"X1502","PFBS",-8.8784869781088e-05,0.00125031573638191,-0.00264596767585436,0.00246839793629218,0.943877277223755,37,-8.81617599064406e-05,0.00124154077186727,0.993424213527658,"Clostridium perfringens","Species","Clostridium perfringens","d__Bacteria;p__Bacillota;c__Clostridia;o__Eubacteriales;f__Clostridiaceae;g__Clostridium_s__Clostridium_perfringens",NA,NA
"X1502","PFOA",-6.4622599329341e-05,0.00128615720785809,-0.00269510944528335,0.00256586424662466,0.960271857831325,37,-5.55092864007777e-05,0.00110477866177389,0.989502361295543,"Clostridium perfringens","Species","Clostridium perfringens","d__Bacteria;p__Bacillota;c__Clostridia;o__Eubacteriales;f__Clostridiaceae;g__Clostridium_s__Clostridium_perfringens",NA,NA
"X151276","PFHxS",0.00144305799480082,0.00227479704698642,-0.00320942435553174,0.00609554034513339,0.530813676719303,37,0.00143346409562663,0.00225967348744191,0.967984616802768,"Bacteroides coprosuis","Species","Bacteroides coprosuis","d__Bacteria;p__Bacteroidota;c__Bacteroidia;o__Bacteroidales;f__Bacteroidaceae;g__Bacteroides_s__Bacteroides_coprosuis",NA,NA
"X151276","PFNA",0.000850668446770511,0.00130976636839596,-0.00182810455414141,0.00352944144768243,0.521138932883569,37,0.0013171031087623,0.00202793151916685,0.990580077525717,"Bacteroides coprosuis","Species","Bacteroides coprosuis","d__Bacteria;p__Bacteroidota;c__Bacteroidia;o__Bacteroidales;f__Bacteroidaceae;g__Bacteroides_s__Bacteroides_coprosuis",NA,NA
"X151276","PFOA",-0.00201275313310096,0.00155510318641824,-0.00519329626653855,0.00116779000033664,0.205777797996149,37,-0.00172890739894203,0.00133579690469768,0.871152209996706,"Bacteroides coprosuis","Species","Bacteroides coprosuis","d__Bacteria;p__Bacteroidota;c__Bacteroidia;o__Bacteroidales;f__Bacteroidaceae;g__Bacteroides_s__Bacteroides_coprosuis",NA,NA
"X151276","PFOS",-0.000656104323836974,0.00196143885525293,-0.00466769721183111,0.00335548856415716,0.740408387687431,37,-0.00058885689658876,0.00176040113620687,0.975138740801322,"Bacteroides coprosuis","Species","Bacteroides coprosuis","d__Bacteria;p__Bacteroidota;c__Bacteroidia;o__Bacteroidales;f__Bacteroidaceae;g__Bacteroides_s__Bacteroides_coprosuis",NA,NA
"X151276","PFBS",-0.00159020757051766,0.0015265873621789,-0.00471242929495113,0.00153201415391581,0.306169219838568,37,-0.00157904717750957,0.00151587346844644,0.924516850409324,"Bacteroides coprosuis","Species","Bacteroides coprosuis","d__Bacteria;p__Bacteroidota;c__Bacteroidia;o__Bacteroidales;f__Bacteroidaceae;g__Bacteroides_s__Bacteroides_coprosuis",NA,NA
"X1519","PFOA",0.00126844694900845,0.00181384579609661,-0.00244128423942612,0.00497817813744302,0.489927581901994,37,0.00108956596774859,0.00155805069476149,0.902498177187884,"Clostridium tyrobutyricum","Species","Clostridium tyrobutyricum","d__Bacteria;p__Bacillota;c__Clostridia;o__Eubacteriales;f__Clostridiaceae;g__Clostridium_s__Clostridium_tyrobutyricum",NA,NA
"X1519","PFHxS",-0.00130038833327415,0.00260831394308198,-0.00663498932565344,0.00403421265910514,0.621853311183368,37,-0.00129174294646247,0.00259097305929578,0.967984616802768,"Clostridium tyrobutyricum","Species","Clostridium tyrobutyricum","d__Bacteria;p__Bacillota;c__Clostridia;o__Eubacteriales;f__Clostridiaceae;g__Clostridium_s__Clostridium_tyrobutyricum",NA,NA
"X1519","PFOS",-0.000172835043510622,0.00224721472445092,-0.00476890521019472,0.00442323512317348,0.939222700675545,37,-0.000155120311886158,0.00201688640134239,0.987238062321552,"Clostridium tyrobutyricum","Species","Clostridium tyrobutyricum","d__Bacteria;p__Bacillota;c__Clostridia;o__Eubacteriales;f__Clostridiaceae;g__Clostridium_s__Clostridium_tyrobutyricum",NA,NA
"X1519","PFNA",7.81875737208551e-05,0.00150864621496733,-0.00300734038462163,0.00316371553206334,0.959022436165472,37,0.000121059029290764,0.0023358602605981,0.990580077525717,"Clostridium tyrobutyricum","Species","Clostridium tyrobutyricum","d__Bacteria;p__Bacillota;c__Clostridia;o__Eubacteriales;f__Clostridiaceae;g__Clostridium_s__Clostridium_tyrobutyricum",NA,NA
"X1519","PFBS",0.000751118703334098,0.00177270307124089,-0.00287446616466745,0.00437670357133565,0.674900887543936,37,0.000745847202883246,0.00176026188851199,0.94486124256151,"Clostridium tyrobutyricum","Species","Clostridium tyrobutyricum","d__Bacteria;p__Bacillota;c__Clostridia;o__Eubacteriales;f__Clostridiaceae;g__Clostridium_s__Clostridium_tyrobutyricum",NA,NA
"X1520","PFNA",-0.00277156489077965,0.00253704914501513,-0.00796041300571202,0.00241728322415272,0.283633867969337,37,-0.00429125677300115,0.00392815241786396,0.990580077525717,"Clostridium beijerinckii","Species","Clostridium beijerinckii","d__Bacteria;p__Bacillota;c__Clostridia;o__Eubacteriales;f__Clostridiaceae;g__Clostridium_s__Clostridium_beijerinckii",NA,NA
"X1520","PFBS",0.00575019367272148,0.00285814137106692,-9.53617807903989e-05,0.0115957491262334,0.0536069466431693,37,0.00570983766986377,0.00283808236646579,0.924516850409324,"Clostridium beijerinckii","Species","Clostridium beijerinckii","d__Bacteria;p__Bacillota;c__Clostridia;o__Eubacteriales;f__Clostridiaceae;g__Clostridium_s__Clostridium_beijerinckii",NA,NA
"X1520","PFHxS",0.00548693562476664,0.00437759355431943,-0.00346624847373651,0.0144401197232698,0.220066681605406,37,0.00545045676712614,0.00434848994840956,0.967141731199802,"Clostridium beijerinckii","Species","Clostridium beijerinckii","d__Bacteria;p__Bacillota;c__Clostridia;o__Eubacteriales;f__Clostridiaceae;g__Clostridium_s__Clostridium_beijerinckii",NA,NA
"X1520","PFOA",0.00661146317168144,0.00288831241138789,0.000704201012171128,0.0125187253311917,0.0295472192749656,37,0.00567909069789504,0.00248099213777457,0.689435116415863,"Clostridium beijerinckii","Species","Clostridium beijerinckii","d__Bacteria;p__Bacillota;c__Clostridia;o__Eubacteriales;f__Clostridiaceae;g__Clostridium_s__Clostridium_beijerinckii",NA,NA
"X1520","PFOS",0.00644336759206187,0.00366595047229379,-0.00105434298046378,0.0139410781645875,0.0893643167100579,37,0.00578295448756244,0.00329020879719033,0.543956710409048,"Clostridium beijerinckii","Species","Clostridium beijerinckii","d__Bacteria;p__Bacillota;c__Clostridia;o__Eubacteriales;f__Clostridiaceae;g__Clostridium_s__Clostridium_beijerinckii",NA,NA
"X1548","PFOA",-0.00316368612279549,0.002093355703813,-0.00744507925976141,0.00111770701417044,0.141533575570155,37,-0.00271753165138756,0.00179814310330439,0.871152209996706,"Clostridium scatologenes","Species","Clostridium scatologenes","d__Bacteria;p__Bacillota;c__Clostridia;o__Eubacteriales;f__Clostridiaceae;g__Clostridium_s__Clostridium_scatologenes",NA,NA
"X1548","PFOS",-0.0048547402346828,0.00251484524234113,-0.0099981762696953,0.000288695800329689,0.0633840926815084,37,-0.00435715352647216,0.00225708612335555,0.495029007583603,"Clostridium scatologenes","Species","Clostridium scatologenes","d__Bacteria;p__Bacillota;c__Clostridia;o__Eubacteriales;f__Clostridiaceae;g__Clostridium_s__Clostridium_scatologenes",NA,NA
"X1548","PFNA",0.00228852861508818,0.00174233874162261,-0.00127495422591458,0.00585201145609094,0.199318484954746,37,0.00354336423887283,0.00269769001286024,0.990580077525717,"Clostridium scatologenes","Species","Clostridium scatologenes","d__Bacteria;p__Bacillota;c__Clostridia;o__Eubacteriales;f__Clostridiaceae;g__Clostridium_s__Clostridium_scatologenes",NA,NA
"X1548","PFBS",0.0012909046427976,0.00210009471558159,-0.00300427132079611,0.00558608060639132,0.54355353687658,37,0.00128184481726496,0.00208535583317741,0.924516850409324,"Clostridium scatologenes","Species","Clostridium scatologenes","d__Bacteria;p__Bacillota;c__Clostridia;o__Eubacteriales;f__Clostridiaceae;g__Clostridium_s__Clostridium_scatologenes",NA,NA
"X1548","PFHxS",-0.0011248339284983,0.00310675780343613,-0.00747886707901297,0.00522919922201636,0.719931956654829,37,-0.00111735568206842,0.00308610310956228,0.967984616802768,"Clostridium scatologenes","Species","Clostridium scatologenes","d__Bacteria;p__Bacillota;c__Clostridia;o__Eubacteriales;f__Clostridiaceae;g__Clostridium_s__Clostridium_scatologenes",NA,NA
"X1561","PFOA",-0.000694200088754449,0.00166251146234988,-0.0040944178119378,0.0027060176344289,0.679343474027683,37,-0.000596301478832962,0.00142805807667743,0.921731798726478,"Clostridium baratii","Species","Clostridium baratii","d__Bacteria;p__Bacillota;c__Clostridia;o__Eubacteriales;f__Clostridiaceae;g__Clostridium_s__Clostridium_baratii",NA,NA
"X1561","PFHxS",-0.000406653321801315,0.00238687939453131,-0.00528836981169252,0.00447506316808989,0.865901998106067,37,-0.000403949763813853,0.00237101067661796,0.967984616802768,"Clostridium baratii","Species","Clostridium baratii","d__Bacteria;p__Bacillota;c__Clostridia;o__Eubacteriales;f__Clostridiaceae;g__Clostridium_s__Clostridium_baratii",NA,NA
"X1561","PFNA",-8.68140765177692e-05,0.00137534707253091,-0.00289971467747843,0.00272608652444289,0.950102764950465,37,-0.000134415576950075,0.00212947113735639,0.990580077525717,"Clostridium baratii","Species","Clostridium baratii","d__Bacteria;p__Bacillota;c__Clostridia;o__Eubacteriales;f__Clostridiaceae;g__Clostridium_s__Clostridium_baratii",NA,NA
"X1561","PFBS",0.000739377952003326,0.00161527895298611,-0.00256423844295694,0.00404299434696359,0.650550416743755,37,0.000734188850480445,0.00160394260402938,0.938938745815729,"Clostridium baratii","Species","Clostridium baratii","d__Bacteria;p__Bacillota;c__Clostridia;o__Eubacteriales;f__Clostridiaceae;g__Clostridium_s__Clostridium_baratii",NA,NA
"X1561","PFOS",0.000685657632091286,0.00204495293441691,-0.00349674072614444,0.00486805599032701,0.73981781780606,37,0.000615381137856966,0.00183535543797153,0.975138740801322,"Clostridium baratii","Species","Clostridium baratii","d__Bacteria;p__Bacillota;c__Clostridia;o__Eubacteriales;f__Clostridiaceae;g__Clostridium_s__Clostridium_baratii",NA,NA
"X158836","PFNA",-0.0011665062564268,0.0016815227119858,-0.00460560635089954,0.00227259383804594,0.493377371338438,37,-0.00180611967278587,0.00260352761386529,0.990580077525717,"Enterobacter hormaechei","Species","Enterobacter hormaechei","d__Bacteria;p__Pseudomonadota;c__Gammaproteobacteria;o__Enterobacterales;f__Enterobacteriaceae;g__Enterobacter_s__Enterobacter_hormaechei",NA,NA
"X158836","PFBS",-0.00213654626342627,0.00195844641041131,-0.00614201891452786,0.00186892638767533,0.284281125173029,37,-0.00212155155680943,0.00194470164398541,0.924516850409324,"Enterobacter hormaechei","Species","Enterobacter hormaechei","d__Bacteria;p__Pseudomonadota;c__Gammaproteobacteria;o__Enterobacterales;f__Enterobacteriaceae;g__Enterobacter_s__Enterobacter_hormaechei",NA,NA
"X158836","PFHxS",-0.00242661355743315,0.00290892905709145,-0.00837604149185772,0.00352281437699143,0.410990311637295,37,-0.00241048067442454,0.00288958959036234,0.967984616802768,"Enterobacter hormaechei","Species","Enterobacter hormaechei","d__Bacteria;p__Pseudomonadota;c__Gammaproteobacteria;o__Enterobacterales;f__Enterobacteriaceae;g__Enterobacter_s__Enterobacter_hormaechei",NA,NA
"X158836","PFOA",0.000179228585054942,0.00205515170554911,-0.00402402860221368,0.00438248577232356,0.931104456243133,37,0.000153953121079483,0.00176532677119621,0.989502361295543,"Enterobacter hormaechei","Species","Enterobacter hormaechei","d__Bacteria;p__Pseudomonadota;c__Gammaproteobacteria;o__Enterobacterales;f__Enterobacteriaceae;g__Enterobacter_s__Enterobacter_hormaechei",NA,NA
"X158836","PFOS",0.00232513912884181,0.00248838090312863,-0.00276417125515382,0.00741444951283744,0.357814127833871,37,0.002086823942174,0.00223333424717859,0.917496588638124,"Enterobacter hormaechei","Species","Enterobacter hormaechei","d__Bacteria;p__Pseudomonadota;c__Gammaproteobacteria;o__Enterobacterales;f__Enterobacteriaceae;g__Enterobacter_s__Enterobacter_hormaechei",NA,NA
"X166486","PFNA",-0.000256325161224027,0.00128106536734272,-0.00287639802402299,0.00236374770157493,0.842808675063579,37,-0.000396872210299863,0.00198349331547501,0.990580077525717,"Roseburia intestinalis","Species","Roseburia intestinalis","d__Bacteria;p__Bacillota;c__Clostridia;o__Lachnospirales;f__Lachnospiraceae;g__Roseburia_s__Roseburia_intestinalis",NA,NA
"X166486","PFOA",0.0012141925762012,0.00153771542817469,-0.00193078859866646,0.00435917375106886,0.436165562026086,37,0.00104296274302679,0.00132086123107536,0.871152209996706,"Roseburia intestinalis","Species","Roseburia intestinalis","d__Bacteria;p__Bacillota;c__Clostridia;o__Lachnospirales;f__Lachnospiraceae;g__Roseburia_s__Roseburia_intestinalis",NA,NA
"X166486","PFHxS",-0.00130765681095118,0.00221246463744417,-0.00583265506962239,0.00321734144772003,0.559072035223106,37,-0.00129896310103521,0.00219775548317969,0.967984616802768,"Roseburia intestinalis","Species","Roseburia intestinalis","d__Bacteria;p__Bacillota;c__Clostridia;o__Lachnospirales;f__Lachnospiraceae;g__Roseburia_s__Roseburia_intestinalis",NA,NA
"X166486","PFOS",-0.00121474098699676,0.00189627372381524,-0.00509305621654105,0.00266357424254752,0.526816582999761,37,-0.00109023608254686,0.00170191510636365,0.975138740801322,"Roseburia intestinalis","Species","Roseburia intestinalis","d__Bacteria;p__Bacillota;c__Clostridia;o__Lachnospirales;f__Lachnospiraceae;g__Roseburia_s__Roseburia_intestinalis",NA,NA
"X166486","PFBS",0.00114074080439531,0.00149599016943157,-0.00191890263446526,0.00420038424325588,0.451900511323728,37,0.00113273485854683,0.00148549101288331,0.924516850409324,"Roseburia intestinalis","Species","Roseburia intestinalis","d__Bacteria;p__Bacillota;c__Clostridia;o__Lachnospirales;f__Lachnospiraceae;g__Roseburia_s__Roseburia_intestinalis",NA,NA
"X1680","PFNA",0.00160436663635292,0.000856793643681813,-0.000147973120896007,0.00335670639360185,0.0712485831072736,37,0.00248406566901266,0.00132658684584493,0.990580077525717,"Bifidobacterium adolescentis","Species","Bifidobacterium adolescentis","d__Bacteria;p__Actinomycetota;c__Actinomycetes;o__Bifidobacteriales;f__Bifidobacteriaceae;g__Bifidobacterium_s__Bifidobacterium_adolescentis",NA,NA
"X1680","PFBS",-4.99471789856606e-05,0.00106908841049471,-0.00223647848618998,0.00213658412821866,0.963057114130421,37,-4.9596639749488e-05,0.00106158533539765,0.993424213527658,"Bifidobacterium adolescentis","Species","Bifidobacterium adolescentis","d__Bacteria;p__Actinomycetota;c__Actinomycetes;o__Bifidobacteriales;f__Bifidobacteriaceae;g__Bifidobacterium_s__Bifidobacterium_adolescentis",NA,NA
"X1680","PFHxS",-0.000545248425664427,0.00157169246616399,-0.00375972044577968,0.00266922359445083,0.731157824367255,37,-0.000541623444243332,0.00156124336494453,0.967984616802768,"Bifidobacterium adolescentis","Species","Bifidobacterium adolescentis","d__Bacteria;p__Actinomycetota;c__Actinomycetes;o__Bifidobacteriales;f__Bifidobacteriaceae;g__Bifidobacterium_s__Bifidobacterium_adolescentis",NA,NA
"X1680","PFOA",0.00174516467474912,0.00105089583197592,-0.000404158631601743,0.00389448798109997,0.107560634566547,37,0.00149905523381176,0.000902694696900699,0.871152209996706,"Bifidobacterium adolescentis","Species","Bifidobacterium adolescentis","d__Bacteria;p__Actinomycetota;c__Actinomycetes;o__Bifidobacteriales;f__Bifidobacteriaceae;g__Bifidobacterium_s__Bifidobacterium_adolescentis",NA,NA
"X1680","PFOS",-0.000698317954258901,0.00134503514472917,-0.00344922370196925,0.00205258779345144,0.607573827028987,37,-0.00062674384002274,0.00120717573768777,0.975138740801322,"Bifidobacterium adolescentis","Species","Bifidobacterium adolescentis","d__Bacteria;p__Actinomycetota;c__Actinomycetes;o__Bifidobacteriales;f__Bifidobacteriaceae;g__Bifidobacterium_s__Bifidobacterium_adolescentis",NA,NA
"X1686399","PFHxS",0.00216816126583997,0.00237726908622186,-0.0026938999366267,0.00703022246830665,0.369268178771387,37,0.00215374665419386,0.00236146426063251,0.967984616802768,"Enterobacter sp. BIDMC100","Species","Enterobacter sp. BIDMC100","d__Bacteria;p__Pseudomonadota;c__Gammaproteobacteria;o__Enterobacterales;f__Enterobacteriaceae;g__Enterobacter_s__Enterobacter_sp._BIDMC100",NA,NA
"X1686399","PFNA",-0.0012813913784716,0.001368179153249,-0.00407963193844448,0.00151684918150128,0.35671590510202,37,-0.00198399808354648,0.00211837293710528,0.990580077525717,"Enterobacter sp. BIDMC100","Species","Enterobacter sp. BIDMC100","d__Bacteria;p__Pseudomonadota;c__Gammaproteobacteria;o__Enterobacterales;f__Enterobacteriaceae;g__Enterobacter_s__Enterobacter_sp._BIDMC100",NA,NA
"X1686399","PFOS",0.00165781178506877,0.00204565364092352,-0.00252601967888471,0.00584164324902225,0.424307153964626,37,0.00148789432932686,0.00183598432554918,0.942904786588059,"Enterobacter sp. BIDMC100","Species","Enterobacter sp. BIDMC100","d__Bacteria;p__Pseudomonadota;c__Gammaproteobacteria;o__Enterobacterales;f__Enterobacteriaceae;g__Enterobacter_s__Enterobacter_sp._BIDMC100",NA,NA
"X1686399","PFBS",0.00203290387123841,0.00159262130599633,-0.00122437243247739,0.0052901801749542,0.211923729760386,37,0.0020186365475435,0.00158144397291259,0.924516850409324,"Enterobacter sp. BIDMC100","Species","Enterobacter sp. BIDMC100","d__Bacteria;p__Pseudomonadota;c__Gammaproteobacteria;o__Enterobacterales;f__Enterobacteriaceae;g__Enterobacter_s__Enterobacter_sp._BIDMC100",NA,NA
"X1686399","PFOA",0.00160519884212769,0.00165699833950823,-0.0017837432787992,0.00499414096305459,0.340685947052484,37,0.00137882788966377,0.0014233224343796,0.871152209996706,"Enterobacter sp. BIDMC100","Species","Enterobacter sp. BIDMC100","d__Bacteria;p__Pseudomonadota;c__Gammaproteobacteria;o__Enterobacterales;f__Enterobacteriaceae;g__Enterobacter_s__Enterobacter_sp._BIDMC100",NA,NA
"X1691","PFBS",-3.74309701634999e-05,0.00188957839198603,-0.00390205270858678,0.00382719076825978,0.984331274490143,37,-3.71682721702042e-05,0.00187631695501068,0.993424213527658,"Bifidobacterium indicum","Species","Bifidobacterium indicum","d__Bacteria;p__Actinomycetota;c__Actinomycetes;o__Bifidobacteriales;f__Bifidobacteriaceae;g__Bifidobacterium_s__Bifidobacterium_indicum",NA,NA
"X1691","PFHxS",0.000284153157206557,0.0027830866538379,-0.00540789816384663,0.00597620447825975,0.919380013002244,37,0.000282264018481647,0.00276458382661531,0.967984616802768,"Bifidobacterium indicum","Species","Bifidobacterium indicum","d__Bacteria;p__Actinomycetota;c__Actinomycetes;o__Bifidobacteriales;f__Bifidobacteriaceae;g__Bifidobacterium_s__Bifidobacterium_indicum",NA,NA
"X1691","PFOA",-0.00302601088869667,0.00186067669424479,-0.0068315220181916,0.000779500240798264,0.114705940961467,37,-0.00259927187726523,0.00159827733009791,0.871152209996706,"Bifidobacterium indicum","Species","Bifidobacterium indicum","d__Bacteria;p__Actinomycetota;c__Actinomycetes;o__Bifidobacteriales;f__Bifidobacteriaceae;g__Bifidobacterium_s__Bifidobacterium_indicum",NA,NA
"X1691","PFOS",-0.00112033443605083,0.00237917568077327,-0.00598629506220958,0.00374562619010792,0.641240879376951,37,-0.00100550573313755,0.00213532201651473,0.975138740801322,"Bifidobacterium indicum","Species","Bifidobacterium indicum","d__Bacteria;p__Actinomycetota;c__Actinomycetes;o__Bifidobacteriales;f__Bifidobacteriaceae;g__Bifidobacterium_s__Bifidobacterium_indicum",NA,NA
"X1691","PFNA",0.00162260261227234,0.00157467417933008,-0.00159796769599453,0.0048431729205392,0.31132276080528,37,0.0025123007124846,0.00243809237871367,0.990580077525717,"Bifidobacterium indicum","Species","Bifidobacterium indicum","d__Bacteria;p__Actinomycetota;c__Actinomycetes;o__Bifidobacteriales;f__Bifidobacteriaceae;g__Bifidobacterium_s__Bifidobacterium_indicum",NA,NA
"X1702238","PFHxS",-0.00180432636534188,0.00339597209425237,-0.00874986915636231,0.00514121642567855,0.59924781850978,37,-0.00179233064147714,0.00337339461366044,0.967984616802768,"Clostridium sp. MF28","Species","Clostridium sp. MF28","d__Bacteria;p__Bacillota;c__Clostridia;o__Eubacteriales;f__Clostridiaceae;g__Clostridium_s__Clostridium_sp._MF28",NA,NA
"X1702238","PFNA",-0.00252268535727788,0.00190880829953275,-0.00642663667263117,0.00138126595807541,0.196632488865844,37,-0.00390591274322438,0.00295543740324496,0.990580077525717,"Clostridium sp. MF28","Species","Clostridium sp. MF28","d__Bacteria;p__Bacillota;c__Clostridia;o__Eubacteriales;f__Clostridiaceae;g__Clostridium_s__Clostridium_sp._MF28",NA,NA
"X1702238","PFOA",-0.00217717988915171,0.0023482437460665,-0.00697987760555966,0.00262551782725624,0.361499935269382,37,-0.00187014609853466,0.00201708591099735,0.871152209996706,"Clostridium sp. MF28","Species","Clostridium sp. MF28","d__Bacteria;p__Bacillota;c__Clostridia;o__Eubacteriales;f__Clostridiaceae;g__Clostridium_s__Clostridium_sp._MF28",NA,NA
"X1702238","PFOS",0.000820130892467746,0.00292385008721729,-0.00515981397506135,0.00680007575999684,0.781087664084869,37,0.000736071558423574,0.00262417000756934,0.975138740801322,"Clostridium sp. MF28","Species","Clostridium sp. MF28","d__Bacteria;p__Bacillota;c__Clostridia;o__Eubacteriales;f__Clostridiaceae;g__Clostridium_s__Clostridium_sp._MF28",NA,NA
"X1702238","PFBS",-0.00373416952765887,0.00221027269029408,-0.00825468475104473,0.000786345695726985,0.101855911594384,37,-0.00370796238322054,0.00219476055694995,0.924516850409324,"Clostridium sp. MF28","Species","Clostridium sp. MF28","d__Bacteria;p__Bacillota;c__Clostridia;o__Eubacteriales;f__Clostridiaceae;g__Clostridium_s__Clostridium_sp._MF28",NA,NA
"X1814128","PFBS",-0.0027402845430699,0.00270035596227577,-0.00826313260142608,0.00278256351528628,0.31859983580556,37,-0.00272105268112833,0.00268140432705565,0.924516850409324,"Streptococcus halotolerans","Species","Streptococcus halotolerans","d__Bacteria;p__Bacillota;c__Bacilli;o__Lactobacillales;f__Streptococcaceae;g__Streptococcus_s__Streptococcus_halotolerans",NA,NA
"X1814128","PFHxS",0.0043369949377407,0.00396702552511837,-0.00377648325732845,0.0124504731328098,0.283277740319847,37,0.00430816124408347,0.0039406515033905,0.967141731199802,"Streptococcus halotolerans","Species","Streptococcus halotolerans","d__Bacteria;p__Bacillota;c__Bacilli;o__Lactobacillales;f__Streptococcaceae;g__Streptococcus_s__Streptococcus_halotolerans",NA,NA
"X1814128","PFNA",-0.00687782281500904,0.0019505273337059,-0.0108670991356944,-0.00288854649432368,0.00142313662421732,37,-0.0106490394060761,0.00302003162889494,0.199239127390425,"Streptococcus halotolerans","Species","Streptococcus halotolerans","d__Bacteria;p__Bacillota;c__Bacilli;o__Lactobacillales;f__Streptococcaceae;g__Streptococcus_s__Streptococcus_halotolerans",NA,NA
"X1814128","PFOA",-0.00148249902586969,0.00281309236000184,-0.0072359189066025,0.00427092085486311,0.602202210959714,37,-0.00127343164573869,0.00241637989037502,0.921731798726478,"Streptococcus halotolerans","Species","Streptococcus halotolerans","d__Bacteria;p__Bacillota;c__Bacilli;o__Lactobacillales;f__Streptococcaceae;g__Streptococcus_s__Streptococcus_halotolerans",NA,NA
"X1814128","PFOS",0.00347037768739865,0.00341273688872123,-0.00350945295821375,0.010450208333011,0.317615010206158,37,0.00311468124922801,0.00306294834549163,0.871884341742393,"Streptococcus halotolerans","Species","Streptococcus halotolerans","d__Bacteria;p__Bacillota;c__Bacilli;o__Lactobacillales;f__Streptococcaceae;g__Streptococcus_s__Streptococcus_halotolerans",NA,NA
"X1827481","PFHxS",-0.00374797465304164,0.00234946441211256,-0.00855316891183014,0.00105721960574686,0.121498898373713,37,-0.00372305694976271,0.00233384444066001,0.967141731199802,"Enterobacter sp. ODB01","Species","Enterobacter sp. ODB01","d__Bacteria;p__Pseudomonadota;c__Gammaproteobacteria;o__Enterobacterales;f__Enterobacteriaceae;g__Enterobacter_s__Enterobacter_sp._ODB01",NA,NA
"X1827481","PFOS",-0.000270398341434102,0.00210177252248776,-0.0045690058054461,0.00402820912257789,0.898520696881218,37,-0.000242683857421426,0.0018863513011007,0.975138740801322,"Enterobacter sp. ODB01","Species","Enterobacter sp. ODB01","d__Bacteria;p__Pseudomonadota;c__Gammaproteobacteria;o__Enterobacterales;f__Enterobacteriaceae;g__Enterobacter_s__Enterobacter_sp._ODB01",NA,NA
"X1827481","PFBS",-0.00155833253155668,0.00163803676512688,-0.00490849387849734,0.00179182881538398,0.349293124964206,37,-0.00154739584391168,0.00162654069731823,0.924516850409324,"Enterobacter sp. ODB01","Species","Enterobacter sp. ODB01","d__Bacteria;p__Pseudomonadota;c__Gammaproteobacteria;o__Enterobacterales;f__Enterobacteriaceae;g__Enterobacter_s__Enterobacter_sp._ODB01",NA,NA
"X1827481","PFNA",3.10004096330066e-05,0.00141131726813084,-0.00285546750160194,0.00291746832086795,0.982625851260241,37,4.79984135482491e-05,0.00218516434735767,0.990580077525717,"Enterobacter sp. ODB01","Species","Enterobacter sp. ODB01","d__Bacteria;p__Pseudomonadota;c__Gammaproteobacteria;o__Enterobacterales;f__Enterobacteriaceae;g__Enterobacter_s__Enterobacter_sp._ODB01",NA,NA
"X1827481","PFOA",-7.14372232123428e-05,0.00171095809710589,-0.00357073943986028,0.0034278649934356,0.966981939482201,37,-6.13628873509236e-05,0.00146967259159535,0.989502361295543,"Enterobacter sp. ODB01","Species","Enterobacter sp. ODB01","d__Bacteria;p__Pseudomonadota;c__Gammaproteobacteria;o__Enterobacterales;f__Enterobacteriaceae;g__Enterobacter_s__Enterobacter_sp._ODB01",NA,NA
"X182773","PFBS",6.33204417270915e-05,0.00185791617362493,-0.00373654478916838,0.00386318567262257,0.973045719817793,37,6.28760462731761e-05,0.00184487694839537,0.993424213527658,"Clostridium isatidis","Species","Clostridium isatidis","d__Bacteria;p__Bacillota;c__Clostridia;o__Eubacteriales;f__Clostridiaceae;g__Clostridium_s__Clostridium_isatidis",NA,NA
"X182773","PFHxS",0.00215304715451989,0.0027076215646464,-0.00338466072917265,0.00769075503821243,0.43296904592117,37,0.00213873302619506,0.00268962045284999,0.967984616802768,"Clostridium isatidis","Species","Clostridium isatidis","d__Bacteria;p__Bacillota;c__Clostridia;o__Eubacteriales;f__Clostridiaceae;g__Clostridium_s__Clostridium_isatidis",NA,NA
"X182773","PFOS",-0.000758046220395368,0.00234404429353103,-0.00555215509199704,0.0040360626512063,0.748718596142789,37,-0.000680350256194578,0.00210379142158839,0.975138740801322,"Clostridium isatidis","Species","Clostridium isatidis","d__Bacteria;p__Bacillota;c__Clostridia;o__Eubacteriales;f__Clostridiaceae;g__Clostridium_s__Clostridium_isatidis",NA,NA
"X182773","PFOA",-0.00271257142060576,0.00184355465154684,-0.00648306404084098,0.00105792119962946,0.151957255121274,37,-0.00233003477779644,0.00158356989985291,0.871152209996706,"Clostridium isatidis","Species","Clostridium isatidis","d__Bacteria;p__Bacillota;c__Clostridia;o__Eubacteriales;f__Clostridiaceae;g__Clostridium_s__Clostridium_isatidis",NA,NA
"X182773","PFNA",0.000543852409402974,0.00157316076193635,-0.00267362261274931,0.00376132743155526,0.732058406281608,37,0.000842055094263732,0.00243574913116321,0.990580077525717,"Clostridium isatidis","Species","Clostridium isatidis","d__Bacteria;p__Bacillota;c__Clostridia;o__Eubacteriales;f__Clostridiaceae;g__Clostridium_s__Clostridium_isatidis",NA,NA
"X1839799","PFOA",0.000115607053225501,0.00190819896435507,-0.00378709803176042,0.00401831213821142,0.952105813456084,37,9.93037280153264e-05,0.00163909783761917,0.989502361295543,"Streptococcus sp. FDAARGOS_192","Species","Streptococcus sp. FDAARGOS_192","d__Bacteria;p__Bacillota;c__Bacilli;o__Lactobacillales;f__Streptococcaceae;g__Streptococcus_s__Streptococcus_sp._FDAARGOS_192",NA,NA
"X1839799","PFOS",0.0045046054806045,0.00219053528777323,2.44577779129921e-05,0.008984753183296,0.048841690691601,37,0.00404290584179199,0.00196601632478621,0.493117013625033,"Streptococcus sp. FDAARGOS_192","Species","Streptococcus sp. FDAARGOS_192","d__Bacteria;p__Bacillota;c__Bacilli;o__Lactobacillales;f__Streptococcaceae;g__Streptococcus_s__Streptococcus_sp._FDAARGOS_192",NA,NA
"X1839799","PFNA",-0.00104406065621745,0.00156209523316737,-0.00423890413092556,0.00215078281849066,0.509181551415221,37,-0.00161653525678659,0.00241861620188032,0.990580077525717,"Streptococcus sp. FDAARGOS_192","Species","Streptococcus sp. FDAARGOS_192","d__Bacteria;p__Bacillota;c__Bacilli;o__Lactobacillales;f__Streptococcaceae;g__Streptococcus_s__Streptococcus_sp._FDAARGOS_192",NA,NA
"X1839799","PFBS",0.00168999703666864,0.00182848537277076,-0.00204967544792817,0.00542966952126546,0.362977877196901,37,0.00167813630133987,0.00181565269875512,0.924516850409324,"Streptococcus sp. FDAARGOS_192","Species","Streptococcus sp. FDAARGOS_192","d__Bacteria;p__Bacillota;c__Bacilli;o__Lactobacillales;f__Streptococcaceae;g__Streptococcus_s__Streptococcus_sp._FDAARGOS_192",NA,NA
"X1839799","PFHxS",0.00563538532376328,0.00252466964840154,0.000471856122259693,0.0107989145252669,0.0334944952456277,37,0.00559791952627022,0.00250788485794808,0.967141731199802,"Streptococcus sp. FDAARGOS_192","Species","Streptococcus sp. FDAARGOS_192","d__Bacteria;p__Bacillota;c__Bacilli;o__Lactobacillales;f__Streptococcaceae;g__Streptococcus_s__Streptococcus_sp._FDAARGOS_192",NA,NA
"X1912897","PFHxS",-0.0013383777698941,0.00165469901117125,-0.00472261723634921,0.00204586169656101,0.425196617852013,37,-0.00132947981747111,0.00164369805657759,0.967984616802768,"Blautia argi","Species","Blautia argi","d__Bacteria;p__Bacillota;c__Clostridia;o__Lachnospirales;f__Lachnospiraceae;g__Blautia_s__Blautia_argi",NA,NA
"X1912897","PFOS",-0.00160927691583423,0.00140417142837536,-0.00448112994378333,0.00126257611211488,0.261135964364125,37,-0.0014443340425928,0.00126025084662782,0.795964792514997,"Blautia argi","Species","Blautia argi","d__Bacteria;p__Bacillota;c__Clostridia;o__Lachnospirales;f__Lachnospiraceae;g__Blautia_s__Blautia_argi",NA,NA
"X1912897","PFOA",-0.000385845482603609,0.0011661747743295,-0.00277094069896971,0.00199924973376249,0.743125866989492,37,-0.000331432155663313,0.00100171658542721,0.934192755539088,"Blautia argi","Species","Blautia argi","d__Bacteria;p__Bacillota;c__Clostridia;o__Lachnospirales;f__Lachnospiraceae;g__Blautia_s__Blautia_argi",NA,NA
"X1912897","PFNA",-0.0015464918467785,0.000919953779715217,-0.00342800858644409,0.000335024892887078,0.103493494407198,37,-0.00239445723748235,0.00142437866101718,0.990580077525717,"Blautia argi","Species","Blautia argi","d__Bacteria;p__Bacillota;c__Clostridia;o__Lachnospirales;f__Lachnospiraceae;g__Blautia_s__Blautia_argi",NA,NA
"X1912897","PFBS",-0.000802838333744075,0.0011260377163923,-0.00310584404946903,0.00150016738198088,0.481558518424919,37,-0.00079720385464043,0.00111813495973974,0.924516850409324,"Blautia argi","Species","Blautia argi","d__Bacteria;p__Bacillota;c__Clostridia;o__Lachnospirales;f__Lachnospiraceae;g__Blautia_s__Blautia_argi",NA,NA
"X1940319","PFOA",-0.000810603060255118,0.00212633412922192,-0.00515944465041822,0.00353823852990798,0.705818072382331,37,-0.000696288881846608,0.00182647079176119,0.921731798726478,"Streptococcus sp. DAT741","Species","Streptococcus sp. DAT741","d__Bacteria;p__Bacillota;c__Bacilli;o__Lactobacillales;f__Streptococcaceae;g__Streptococcus_s__Streptococcus_sp._DAT741",NA,NA
"X1940319","PFBS",-0.000274203240465131,0.0020717166434988,-0.00451133952984854,0.00396293304891828,0.895617134700832,37,-0.000272278827586952,0.00205717692404864,0.993424213527658,"Streptococcus sp. DAT741","Species","Streptococcus sp. DAT741","d__Bacteria;p__Bacillota;c__Bacilli;o__Lactobacillales;f__Streptococcaceae;g__Streptococcus_s__Streptococcus_sp._DAT741",NA,NA
"X1940319","PFHxS",0.00213011540490619,0.00302706596147166,-0.00406092962818659,0.00832116043799897,0.487238024559034,37,0.00211595373399781,0.0030069410837934,0.967984616802768,"Streptococcus sp. DAT741","Species","Streptococcus sp. DAT741","d__Bacteria;p__Bacillota;c__Bacilli;o__Lactobacillales;f__Streptococcaceae;g__Streptococcus_s__Streptococcus_sp._DAT741",NA,NA
"X1940319","PFNA",-0.00159709501934451,0.00173310741176503,-0.00514169767088625,0.00194750763219722,0.364381670033719,37,-0.00247280691196829,0.00268339700211136,0.990580077525717,"Streptococcus sp. DAT741","Species","Streptococcus sp. DAT741","d__Bacteria;p__Bacillota;c__Bacilli;o__Lactobacillales;f__Streptococcaceae;g__Streptococcus_s__Streptococcus_sp._DAT741",NA,NA
"X1940319","PFOS",0.0035537495256925,0.0025347377500651,-0.00163037125577339,0.0087378703071584,0.171523296111705,37,0.00318950788910368,0.00227493974805839,0.750414420488709,"Streptococcus sp. DAT741","Species","Streptococcus sp. DAT741","d__Bacteria;p__Bacillota;c__Bacilli;o__Lactobacillales;f__Streptococcaceae;g__Streptococcus_s__Streptococcus_sp._DAT741",NA,NA
"X197614","PFNA",-0.000289631824466579,0.0012977473216327,-0.00294382311466809,0.00236455946573494,0.82495969512256,37,-0.000448441431969958,0.00200932224323056,0.990580077525717,"Streptococcus pasteurianus","Species","Streptococcus pasteurianus","d__Bacteria;p__Bacillota;c__Bacilli;o__Lactobacillales;f__Streptococcaceae;g__Streptococcus_s__Streptococcus_pasteurianus",NA,NA
"X197614","PFBS",0.00168546468776426,0.00149850940684911,-0.00137933117013825,0.00475026054566676,0.269914049716867,37,0.00167363576136154,0.00148799256979161,0.924516850409324,"Streptococcus pasteurianus","Species","Streptococcus pasteurianus","d__Bacteria;p__Bacillota;c__Bacilli;o__Lactobacillales;f__Streptococcaceae;g__Streptococcus_s__Streptococcus_pasteurianus",NA,NA
"X197614","PFHxS",0.00216523830557796,0.00221897988419535,-0.00237308512887456,0.00670356174003048,0.337242963583227,37,0.0021508431266824,0.00220422741454046,0.967984616802768,"Streptococcus pasteurianus","Species","Streptococcus pasteurianus","d__Bacteria;p__Bacillota;c__Bacilli;o__Lactobacillales;f__Streptococcaceae;g__Streptococcus_s__Streptococcus_pasteurianus",NA,NA
"X197614","PFOS",-0.00171431456790599,0.00190846779057782,-0.00561756946425126,0.00218894032843928,0.376440745807066,37,-0.00153860585818187,0.00171285934198249,0.917496588638124,"Streptococcus pasteurianus","Species","Streptococcus pasteurianus","d__Bacteria;p__Bacillota;c__Bacilli;o__Lactobacillales;f__Streptococcaceae;g__Streptococcus_s__Streptococcus_pasteurianus",NA,NA
"X197614","PFOA",-4.13362128244483e-05,0.00157464183345584,-0.00326184036635052,0.00317916794070162,0.979236804835402,37,-3.55068304309758e-05,0.00135258014098885,0.989502361295543,"Streptococcus pasteurianus","Species","Streptococcus pasteurianus","d__Bacteria;p__Bacillota;c__Bacilli;o__Lactobacillales;f__Streptococcaceae;g__Streptococcus_s__Streptococcus_pasteurianus",NA,NA
"X1977566","PFOS",-0.000792366000988838,0.00163607569426425,-0.00413851650767092,0.00255378450569325,0.631804360893536,37,-0.000711152430113645,0.00146838607963226,0.975138740801322,"Enterobacter sp. Crenshaw","Species","Enterobacter sp. Crenshaw","d__Bacteria;p__Pseudomonadota;c__Gammaproteobacteria;o__Enterobacterales;f__Enterobacteriaceae;g__Enterobacter_s__Enterobacter_sp._Crenshaw",NA,NA
"X1977566","PFBS",0.000214480772080533,0.00129908011507352,-0.002442436386773,0.00287139793093407,0.870009194741602,37,0.000212975503363747,0.00128996291245042,0.991085597241401,"Enterobacter sp. Crenshaw","Species","Enterobacter sp. Crenshaw","d__Bacteria;p__Pseudomonadota;c__Gammaproteobacteria;o__Enterobacterales;f__Enterobacteriaceae;g__Enterobacter_s__Enterobacter_sp._Crenshaw",NA,NA
"X1977566","PFHxS",0.00129859415720199,0.00189934810260598,-0.00258600888297626,0.00518319719738025,0.499588332903039,37,0.00128996069863187,0.00188672064462525,0.967984616802768,"Enterobacter sp. Crenshaw","Species","Enterobacter sp. Crenshaw","d__Bacteria;p__Pseudomonadota;c__Gammaproteobacteria;o__Enterobacterales;f__Enterobacteriaceae;g__Enterobacter_s__Enterobacter_sp._Crenshaw",NA,NA
"X1977566","PFNA",-0.00088634110558134,0.00109038322586171,-0.00311642520039798,0.0013437429892353,0.42291538557879,37,-0.00137233563795265,0.00168825720758414,0.990580077525717,"Enterobacter sp. Crenshaw","Species","Enterobacter sp. Crenshaw","d__Bacteria;p__Pseudomonadota;c__Gammaproteobacteria;o__Enterobacterales;f__Enterobacteriaceae;g__Enterobacter_s__Enterobacter_sp._Crenshaw",NA,NA
"X1977566","PFOA",0.000689362179128192,0.00133074646845256,-0.00203231994431439,0.00341104430257077,0.608369505721179,37,0.000592145828738227,0.00114307978340044,0.921731798726478,"Enterobacter sp. Crenshaw","Species","Enterobacter sp. Crenshaw","d__Bacteria;p__Pseudomonadota;c__Gammaproteobacteria;o__Enterobacterales;f__Enterobacteriaceae;g__Enterobacter_s__Enterobacter_sp._Crenshaw",NA,NA
"X2020965","PFBS",0.00270159600051447,0.00295907589118997,-0.00335039372546751,0.00875358572649645,0.368777864919498,37,0.00268263566245936,0.00293830850805163,0.924516850409324,"Bifidobacterium imperatoris","Species","Bifidobacterium imperatoris","d__Bacteria;p__Actinomycetota;c__Actinomycetes;o__Bifidobacteriales;f__Bifidobacteriaceae;g__Bifidobacterium_s__Bifidobacterium_imperatoris",NA,NA
"X2020965","PFHxS",-0.000422627888402071,0.0044205674123369,-0.00946370339515937,0.00861844761835523,0.924491976197628,37,-0.000419818126518528,0.00439117810282924,0.967984616802768,"Bifidobacterium imperatoris","Species","Bifidobacterium imperatoris","d__Bacteria;p__Actinomycetota;c__Actinomycetes;o__Bifidobacteriales;f__Bifidobacteriaceae;g__Bifidobacterium_s__Bifidobacterium_imperatoris",NA,NA
"X2020965","PFNA",0.00082670538290605,0.00254185200596313,-0.00437196568560421,0.00602537645141631,0.747336297525443,37,0.00128000072647556,0.00393558876172928,0.990580077525717,"Bifidobacterium imperatoris","Species","Bifidobacterium imperatoris","d__Bacteria;p__Actinomycetota;c__Actinomycetes;o__Bifidobacteriales;f__Bifidobacteriaceae;g__Bifidobacterium_s__Bifidobacterium_imperatoris",NA,NA
"X2020965","PFOA",-0.00777676489773863,0.00272861961206352,-0.0133574186104356,-0.00219611118504168,0.00796480868878328,37,-0.00668005735547825,0.0023438197951911,0.55753660821483,"Bifidobacterium imperatoris","Species","Bifidobacterium imperatoris","d__Bacteria;p__Actinomycetota;c__Actinomycetes;o__Bifidobacteriales;f__Bifidobacteriaceae;g__Bifidobacterium_s__Bifidobacterium_imperatoris",NA,NA
"X2020965","PFOS",-0.00278761644306058,0.00375785834210188,-0.010473299715263,0.00489806682914184,0.46416834831135,37,-0.00250189963379715,0.00337269656784053,0.975138740801322,"Bifidobacterium imperatoris","Species","Bifidobacterium imperatoris","d__Bacteria;p__Actinomycetota;c__Actinomycetes;o__Bifidobacteriales;f__Bifidobacteriaceae;g__Bifidobacterium_s__Bifidobacterium_imperatoris",NA,NA
"X2021971","PFBS",-0.00466721794993275,0.0030143094932639,-0.0108321730761181,0.00149773717625258,0.132382212186283,37,-0.00463446248609184,0.00299315446972073,0.924516850409324,"Streptococcus respiraculi","Species","Streptococcus respiraculi","d__Bacteria;p__Bacillota;c__Bacilli;o__Lactobacillales;f__Streptococcaceae;g__Streptococcus_s__Streptococcus_respiraculi",NA,NA
"X2021971","PFHxS",0.00559792926096063,0.00450186972584821,-0.00360942814736396,0.0148052866692852,0.223654379657872,37,0.00556071248304356,0.00447193989322833,0.967141731199802,"Streptococcus respiraculi","Species","Streptococcus respiraculi","d__Bacteria;p__Bacillota;c__Bacilli;o__Lactobacillales;f__Streptococcaceae;g__Streptococcus_s__Streptococcus_respiraculi",NA,NA
"X2021971","PFOA",0.00103700078513743,0.00322044719871762,-0.00554955328660307,0.00762355485687793,0.749758507606519,37,0.000890759179875468,0.00276628807487527,0.934192755539088,"Streptococcus respiraculi","Species","Streptococcus respiraculi","d__Bacteria;p__Bacillota;c__Bacilli;o__Lactobacillales;f__Streptococcaceae;g__Streptococcus_s__Streptococcus_respiraculi",NA,NA
"X2021971","PFNA",-0.00117477840481143,0.00265217907069791,-0.00659909365644676,0.0042495368468239,0.661089746302377,37,-0.00181892756802977,0.0041064098618823,0.990580077525717,"Streptococcus respiraculi","Species","Streptococcus respiraculi","d__Bacteria;p__Bacillota;c__Bacilli;o__Lactobacillales;f__Streptococcaceae;g__Streptococcus_s__Streptococcus_respiraculi",NA,NA
"X2021971","PFOS",-0.000939094392143066,0.00396029690766312,-0.00903881101934216,0.00716062223505603,0.814225226287707,37,-0.000842841891556683,0.00355438618812704,0.975138740801322,"Streptococcus respiraculi","Species","Streptococcus respiraculi","d__Bacteria;p__Bacillota;c__Bacilli;o__Lactobacillales;f__Streptococcaceae;g__Streptococcus_s__Streptococcus_respiraculi",NA,NA
"X2027919","PFHxS",0.00134190675387921,0.00217676642910242,-0.00311008047092042,0.00579389397867884,0.542395168331134,37,0.00133298533967113,0.00216229460764976,0.967984616802768,"Enterobacter cloacae complex sp.","Species","Enterobacter cloacae complex sp.","d__Bacteria;p__Pseudomonadota;c__Gammaproteobacteria;o__Enterobacterales;f__Enterobacteriaceae;g__Enterobacter_s__Enterobacter_cloacae_complex_sp.",NA,NA
"X2027919","PFOS",-0.0015920818204494,0.00185641970806491,-0.00538888643562309,0.00220472279472428,0.398140918382249,37,-0.00142890135889147,0.00166614592884307,0.917496588638124,"Enterobacter cloacae complex sp.","Species","Enterobacter cloacae complex sp.","d__Bacteria;p__Pseudomonadota;c__Gammaproteobacteria;o__Enterobacterales;f__Enterobacteriaceae;g__Enterobacter_s__Enterobacter_cloacae_complex_sp.",NA,NA
"X2027919","PFNA",-0.00279757591968913,0.00115003335525845,-0.00514965822730505,-0.000445493612073214,0.0213924902148711,37,-0.00433153005123176,0.00178061442521081,0.726514158796,"Enterobacter cloacae complex sp.","Species","Enterobacter cloacae complex sp.","d__Bacteria;p__Pseudomonadota;c__Gammaproteobacteria;o__Enterobacterales;f__Enterobacteriaceae;g__Enterobacter_s__Enterobacter_cloacae_complex_sp.",NA,NA
"X2027919","PFBS",-0.000822887074903765,0.00147944141721139,-0.00384868451518331,0.00220291036537578,0.582330830525602,37,-0.000817111889747144,0.00146905840309761,0.926435412199822,"Enterobacter cloacae complex sp.","Species","Enterobacter cloacae complex sp.","d__Bacteria;p__Pseudomonadota;c__Gammaproteobacteria;o__Enterobacterales;f__Enterobacteriaceae;g__Enterobacter_s__Enterobacter_cloacae_complex_sp.",NA,NA
"X2027919","PFOA",0.00117123954171605,0.00151434188991806,-0.00192593737986763,0.00426841646329974,0.445526292588753,37,0.00100606710097953,0.0013007839138094,0.871152209996706,"Enterobacter cloacae complex sp.","Species","Enterobacter cloacae complex sp.","d__Bacteria;p__Pseudomonadota;c__Gammaproteobacteria;o__Enterobacterales;f__Enterobacteriaceae;g__Enterobacter_s__Enterobacter_cloacae_complex_sp.",NA,NA
"X2044467","PFNA",-0.00027279515680006,0.00144919075899278,-0.00323672305419689,0.00269113274059677,0.851999843903711,37,-0.000422372959101408,0.00224380445884097,0.990580077525717,"Escherichia sp. E4742","Species","Escherichia sp. E4742","d__Bacteria;p__Pseudomonadota;c__Gammaproteobacteria;o__Enterobacterales;f__Enterobacteriaceae;g__Escherichia_s__Escherichia_sp._E4742",NA,NA
"X2044467","PFOA",0.00275498119271258,0.00168189944471431,-0.000684889406703654,0.00619485179212882,0.112224554548413,37,0.00236646377029289,0.00144471189557314,0.871152209996706,"Escherichia sp. E4742","Species","Escherichia sp. E4742","d__Bacteria;p__Pseudomonadota;c__Gammaproteobacteria;o__Enterobacterales;f__Enterobacteriaceae;g__Escherichia_s__Escherichia_sp._E4742",NA,NA
"X2044467","PFBS",-0.00245444402090412,0.00164717317543895,-0.00582329142503771,0.000914403383229464,0.146996337302545,37,-0.00243721824459826,0.00163561298648557,0.924516850409324,"Escherichia sp. E4742","Species","Escherichia sp. E4742","d__Bacteria;p__Pseudomonadota;c__Gammaproteobacteria;o__Enterobacterales;f__Enterobacteriaceae;g__Escherichia_s__Escherichia_sp._E4742",NA,NA
"X2044467","PFHxS",-0.00125426305421611,0.00250685885837398,-0.00638136510000552,0.0038728389915733,0.620616833725317,37,-0.00124592432263122,0.00249019247960207,0.967984616802768,"Escherichia sp. E4742","Species","Escherichia sp. E4742","d__Bacteria;p__Pseudomonadota;c__Gammaproteobacteria;o__Enterobacterales;f__Enterobacteriaceae;g__Escherichia_s__Escherichia_sp._E4742",NA,NA
"X2044467","PFOS",0.000107181544110654,0.0021599993692316,-0.00431051319282976,0.00452487628105107,0.960764523075061,37,9.61959693658006e-05,0.00193861018589392,0.988310409423479,"Escherichia sp. E4742","Species","Escherichia sp. E4742","d__Bacteria;p__Pseudomonadota;c__Gammaproteobacteria;o__Enterobacterales;f__Enterobacteriaceae;g__Escherichia_s__Escherichia_sp._E4742",NA,NA
"X2058152","PFBS",0.000825626628388954,0.00126379671024009,-0.00175912786502387,0.00341038112180178,0.518715353997113,37,0.000819832216501102,0.00125492713356966,0.924516850409324,"Klebsiella grimontii","Species","Klebsiella grimontii","d__Bacteria;p__Pseudomonadota;c__Gammaproteobacteria;o__Enterobacterales;f__Enterobacteriaceae;g__Klebsiella_s__Klebsiella_grimontii",NA,NA
"X2058152","PFHxS",-0.00107072360279378,0.00186479854669606,-0.00488466486710255,0.002743217661515,0.570275544559134,37,-0.00106360509866875,0.00185240078492789,0.967984616802768,"Klebsiella grimontii","Species","Klebsiella grimontii","d__Bacteria;p__Pseudomonadota;c__Gammaproteobacteria;o__Enterobacterales;f__Enterobacteriaceae;g__Klebsiella_s__Klebsiella_grimontii",NA,NA
"X2058152","PFNA",0.00144550371939858,0.00104625833022072,-0.000694334830897104,0.00358534226969426,0.177648767605427,37,0.00223809575843002,0.00161993794942523,0.990580077525717,"Klebsiella grimontii","Species","Klebsiella grimontii","d__Bacteria;p__Pseudomonadota;c__Gammaproteobacteria;o__Enterobacterales;f__Enterobacteriaceae;g__Klebsiella_s__Klebsiella_grimontii",NA,NA
"X2058152","PFOA",0.0010268101425257,0.00129554276741907,-0.00162287232805041,0.00367649261310181,0.434463858034366,37,0.000882005658580862,0.00111284063574443,0.871152209996706,"Klebsiella grimontii","Species","Klebsiella grimontii","d__Bacteria;p__Pseudomonadota;c__Gammaproteobacteria;o__Enterobacterales;f__Enterobacteriaceae;g__Klebsiella_s__Klebsiella_grimontii",NA,NA
"X2058152","PFOS",-0.003194890241764,0.00149565352823602,-0.00625384517207267,-0.000135935311455334,0.0412385655070287,37,-0.00286742989545414,0.00134235648663082,0.493117013625033,"Klebsiella grimontii","Species","Klebsiella grimontii","d__Bacteria;p__Pseudomonadota;c__Gammaproteobacteria;o__Enterobacterales;f__Enterobacteriaceae;g__Klebsiella_s__Klebsiella_grimontii",NA,NA
"X211595","PFBS",-0.0037059265107239,0.00201286058534709,-0.00782268864535637,0.000410835623908557,0.0758548988944633,37,-0.00367991758139571,0.001998733929419,0.924516850409324,"Enterobacter sp. RFL1396","Species","Enterobacter sp. RFL1396","d__Bacteria;p__Pseudomonadota;c__Gammaproteobacteria;o__Enterobacterales;f__Enterobacteriaceae;g__Enterobacter_s__Enterobacter_sp._RFL1396",NA,NA
"X211595","PFHxS",-0.000446419436417505,0.00313258831302803,-0.00685328191082091,0.0059604430379859,0.887664136137925,37,-0.000443451500909838,0.0031117618898782,0.967984616802768,"Enterobacter sp. RFL1396","Species","Enterobacter sp. RFL1396","d__Bacteria;p__Pseudomonadota;c__Gammaproteobacteria;o__Enterobacterales;f__Enterobacteriaceae;g__Enterobacter_s__Enterobacter_sp._RFL1396",NA,NA
"X211595","PFNA",0.00273016232850076,0.0017322200305237,-0.000812625424622332,0.00627295008162385,0.125848998235786,37,0.00422715254567818,0.00268202305601514,0.990580077525717,"Enterobacter sp. RFL1396","Species","Enterobacter sp. RFL1396","d__Bacteria;p__Pseudomonadota;c__Gammaproteobacteria;o__Enterobacterales;f__Enterobacteriaceae;g__Enterobacter_s__Enterobacter_sp._RFL1396",NA,NA
"X211595","PFOA",-0.000377795857462422,0.00218700913401896,-0.00485073176597297,0.00409514005104812,0.864051533115483,37,-0.000324517717803829,0.00187858918770319,0.981479963333716,"Enterobacter sp. RFL1396","Species","Enterobacter sp. RFL1396","d__Bacteria;p__Pseudomonadota;c__Gammaproteobacteria;o__Enterobacterales;f__Enterobacteriaceae;g__Enterobacter_s__Enterobacter_sp._RFL1396",NA,NA
"X211595","PFOS",0.00488123213076365,0.00253123144719215,-0.000295717456132199,0.0100581817176595,0.0636465866893203,37,0.00438093013507564,0.00227179282377631,0.495029007583603,"Enterobacter sp. RFL1396","Species","Enterobacter sp. RFL1396","d__Bacteria;p__Pseudomonadota;c__Gammaproteobacteria;o__Enterobacterales;f__Enterobacteriaceae;g__Enterobacter_s__Enterobacter_sp._RFL1396",NA,NA
"X2212991","PFBS",0.00208590715172263,0.00170108346813716,-0.00139319918105338,0.00556501348449864,0.22997893554709,37,0.00207126784046339,0.00168914492602734,0.924516850409324,"Clostridium sp. AWRP","Species","Clostridium sp. AWRP","d__Bacteria;p__Bacillota;c__Clostridia;o__Eubacteriales;f__Clostridiaceae;g__Clostridium_s__Clostridium_sp._AWRP",NA,NA
"X2212991","PFNA",-0.000598023789866559,0.00147607380836797,-0.00361693369671644,0.00242088611698332,0.688344293034235,37,-0.000925929480207404,0.00228542789984139,0.990580077525717,"Clostridium sp. AWRP","Species","Clostridium sp. AWRP","d__Bacteria;p__Bacillota;c__Clostridia;o__Eubacteriales;f__Clostridiaceae;g__Clostridium_s__Clostridium_sp._AWRP",NA,NA
"X2212991","PFOA",-0.0026132913372036,0.0017277009677111,-0.0061468365691077,0.000920253894700497,0.141208058153291,37,-0.00224475553120691,0.00148405432196895,0.871152209996706,"Clostridium sp. AWRP","Species","Clostridium sp. AWRP","d__Bacteria;p__Bacillota;c__Clostridia;o__Eubacteriales;f__Clostridiaceae;g__Clostridium_s__Clostridium_sp._AWRP",NA,NA
"X2212991","PFOS",-0.00101710572914658,0.00219692884864003,-0.00551032973204165,0.00347611827374849,0.646843488006984,37,-0.000912857454840859,0.00197175457748993,0.975138740801322,"Clostridium sp. AWRP","Species","Clostridium sp. AWRP","d__Bacteria;p__Bacillota;c__Clostridia;o__Eubacteriales;f__Clostridiaceae;g__Clostridium_s__Clostridium_sp._AWRP",NA,NA
"X2212991","PFHxS",0.00399501283843238,0.00246063754296058,-0.00103755600297519,0.00902758167983995,0.115289837597604,37,0.00396845274832538,0.00244427845789507,0.967141731199802,"Clostridium sp. AWRP","Species","Clostridium sp. AWRP","d__Bacteria;p__Bacillota;c__Clostridia;o__Eubacteriales;f__Clostridiaceae;g__Clostridium_s__Clostridium_sp._AWRP",NA,NA
"X223919","PFBS",0.0011464790661557,0.00199526212383896,-0.00293429017334439,0.0052272483056558,0.569992375269176,37,0.0011384328480449,0.00198125897741391,0.926435412199822,"Clostridium diolis","Species","Clostridium diolis","d__Bacteria;p__Bacillota;c__Clostridia;o__Eubacteriales;f__Clostridiaceae;g__Clostridium_s__Clostridium_diolis",NA,NA
"X223919","PFHxS",0.00129853650827508,0.00294608509899004,-0.00472688406442482,0.00732395708097498,0.662650217637548,37,0.00128990343297299,0.00292649860731739,0.967984616802768,"Clostridium diolis","Species","Clostridium diolis","d__Bacteria;p__Bacillota;c__Clostridia;o__Eubacteriales;f__Clostridiaceae;g__Clostridium_s__Clostridium_diolis",NA,NA
"X223919","PFNA",0.00188688210603719,0.00166606396591489,-0.00152060130274112,0.0052943655148155,0.266685413132617,37,0.0029214887388435,0.00257959259830798,0.990580077525717,"Clostridium diolis","Species","Clostridium diolis","d__Bacteria;p__Bacillota;c__Clostridia;o__Eubacteriales;f__Clostridiaceae;g__Clostridium_s__Clostridium_diolis",NA,NA
"X223919","PFOA",-0.000206399260380852,0.00206366328791747,-0.0044270645882107,0.004014266067449,0.921019886373632,37,-0.000177292089397392,0.00177263801940214,0.989502361295543,"Clostridium diolis","Species","Clostridium diolis","d__Bacteria;p__Bacillota;c__Clostridia;o__Eubacteriales;f__Clostridiaceae;g__Clostridium_s__Clostridium_diolis",NA,NA
"X223919","PFOS",-0.00150087302497272,0.00252076596108267,-0.00665641828945814,0.00365467223951269,0.556192088675932,37,-0.00134704101093354,0.00226239999789813,0.975138740801322,"Clostridium diolis","Species","Clostridium diolis","d__Bacteria;p__Bacillota;c__Clostridia;o__Eubacteriales;f__Clostridiaceae;g__Clostridium_s__Clostridium_diolis",NA,NA
"X2382163","PFOA",-0.00130164896948208,0.00165491910857398,-0.0046863385856694,0.00208304064670525,0.437935585398133,37,-0.00111808571908453,0.00142153642411972,0.871152209996706,"Streptococcus koreensis","Species","Streptococcus koreensis","d__Bacteria;p__Bacillota;c__Bacilli;o__Lactobacillales;f__Streptococcaceae;g__Streptococcus_s__Streptococcus_koreensis",NA,NA
"X2382163","PFOS",-0.000567891875311699,0.00205231919061387,-0.00476535591907298,0.00362957216844958,0.783967501111528,37,-0.000509685784934882,0.00184196668957592,0.975138740801322,"Streptococcus koreensis","Species","Streptococcus koreensis","d__Bacteria;p__Bacillota;c__Bacilli;o__Lactobacillales;f__Streptococcaceae;g__Streptococcus_s__Streptococcus_koreensis",NA,NA
"X2382163","PFNA",-0.00115655079679879,0.00136272601850036,-0.00394363844394121,0.00163053685034364,0.402997594493214,37,-0.00179070548071727,0.00210992976426021,0.990580077525717,"Streptococcus koreensis","Species","Streptococcus koreensis","d__Bacteria;p__Bacillota;c__Bacilli;o__Lactobacillales;f__Streptococcaceae;g__Streptococcus_s__Streptococcus_koreensis",NA,NA
"X2382163","PFHxS",0.00019796490609922,0.00239491742188232,-0.00470019119559453,0.00509612100779297,0.934689470966906,37,0.000196648773722012,0.00237899526465866,0.969307599521236,"Streptococcus koreensis","Species","Streptococcus koreensis","d__Bacteria;p__Bacillota;c__Bacilli;o__Lactobacillales;f__Streptococcaceae;g__Streptococcus_s__Streptococcus_koreensis",NA,NA
"X2382163","PFBS",-0.000753563738753176,0.00161990826817542,-0.00406664814636139,0.00255952066885504,0.645270399974678,37,-0.000748275078557457,0.00160853942976396,0.938938745815729,"Streptococcus koreensis","Species","Streptococcus koreensis","d__Bacteria;p__Bacillota;c__Bacilli;o__Lactobacillales;f__Streptococcaceae;g__Streptococcus_s__Streptococcus_koreensis",NA,NA
"X238834","PFBS",-0.000640305515846588,0.000797208980843726,-0.00227078095444258,0.000990169922749403,0.428402619579436,37,-0.000635811724385284,0.000791614009658364,0.924516850409324,"Clostridium estertheticum","Species","Clostridium estertheticum","d__Bacteria;p__Bacillota;c__Clostridia;o__Eubacteriales;f__Clostridiaceae;g__Clostridium_s__Clostridium_estertheticum",NA,NA
"X238834","PFHxS",0.0015629439311664,0.00115135426819123,-0.000791839946734304,0.00391772780906711,0.18509854119391,37,0.00155255299293346,0.00114369970627992,0.967141731199802,"Clostridium estertheticum","Species","Clostridium estertheticum","d__Bacteria;p__Bacillota;c__Clostridia;o__Eubacteriales;f__Clostridiaceae;g__Clostridium_s__Clostridium_estertheticum",NA,NA
"X238834","PFOA",0.000738233440729328,0.000817684915484782,-0.000934119986344922,0.00241058686780358,0.374052549653704,37,0.000634125088086173,0.000702372028211378,0.871152209996706,"Clostridium estertheticum","Species","Clostridium estertheticum","d__Bacteria;p__Bacillota;c__Clostridia;o__Eubacteriales;f__Clostridiaceae;g__Clostridium_s__Clostridium_estertheticum",NA,NA
"X238834","PFOS",-0.000175732829699911,0.00101821488521036,-0.00225821609499289,0.00190675043559307,0.864173283278551,37,-0.000157721089415596,0.000913852927929243,0.975138740801322,"Clostridium estertheticum","Species","Clostridium estertheticum","d__Bacteria;p__Bacillota;c__Clostridia;o__Eubacteriales;f__Clostridiaceae;g__Clostridium_s__Clostridium_estertheticum",NA,NA
"X238834","PFNA",-9.7355383693874e-05,0.000683642774789876,-0.00149556185132398,0.00130085108393623,0.88774348434056,37,-0.000150736845835473,0.00105849467836385,0.990580077525717,"Clostridium estertheticum","Species","Clostridium estertheticum","d__Bacteria;p__Bacillota;c__Clostridia;o__Eubacteriales;f__Clostridiaceae;g__Clostridium_s__Clostridium_estertheticum",NA,NA
"X2420308","PFOS",-0.000517523495140033,0.00260343422668135,-0.00584214434689156,0.0048070973566115,0.843818084165047,37,-0.000464479913007935,0.00233659517777765,0.975138740801322,"Streptococcus sp. FDAARGOS_520","Species","Streptococcus sp. FDAARGOS_520","d__Bacteria;p__Bacillota;c__Bacilli;o__Lactobacillales;f__Streptococcaceae;g__Streptococcus_s__Streptococcus_sp._FDAARGOS_520",NA,NA
"X2420308","PFHxS",-9.4262957208279e-05,0.00303640225882368,-0.00630440286239316,0.00611587694797661,0.97544689163796,37,-9.36362676985183e-05,0.00301621531053164,0.989583803110974,"Streptococcus sp. FDAARGOS_520","Species","Streptococcus sp. FDAARGOS_520","d__Bacteria;p__Bacillota;c__Bacilli;o__Lactobacillales;f__Streptococcaceae;g__Streptococcus_s__Streptococcus_sp._FDAARGOS_520",NA,NA
"X2420308","PFBS",-1.49126362457208e-05,0.00206124308382834,-0.00423062809093246,0.00420080281844102,0.994277073368472,37,-1.48079763985572e-05,0.00204677686990305,0.994277073368472,"Streptococcus sp. FDAARGOS_520","Species","Streptococcus sp. FDAARGOS_520","d__Bacteria;p__Bacillota;c__Bacilli;o__Lactobacillales;f__Streptococcaceae;g__Streptococcus_s__Streptococcus_sp._FDAARGOS_520",NA,NA
"X2420308","PFOA",-0.000455036921324155,0.002118555998201,-0.00478797044736287,0.00387789660471456,0.831437174508188,37,-0.00039086596718251,0.00181978956093817,0.978161381774339,"Streptococcus sp. FDAARGOS_520","Species","Streptococcus sp. FDAARGOS_520","d__Bacteria;p__Bacillota;c__Bacilli;o__Lactobacillales;f__Streptococcaceae;g__Streptococcus_s__Streptococcus_sp._FDAARGOS_520",NA,NA
"X2420308","PFNA",0.000587602526017517,0.0017454765597834,-0.0029822978736993,0.00415750292573434,0.738810058319618,37,0.000909794076261349,0.00270254834523402,0.990580077525717,"Streptococcus sp. FDAARGOS_520","Species","Streptococcus sp. FDAARGOS_520","d__Bacteria;p__Bacillota;c__Bacilli;o__Lactobacillales;f__Streptococcaceae;g__Streptococcus_s__Streptococcus_sp._FDAARGOS_520",NA,NA
"X246787","PFOS",0.00122938544706841,0.00216812587617897,-0.00320492986276775,0.00566370075690457,0.575059175085375,37,0.00110337955835812,0.00194590376633117,0.975138740801322,"Bacteroides cellulosilyticus","Species","Bacteroides cellulosilyticus","d__Bacteria;p__Bacteroidota;c__Bacteroidia;o__Bacteroidales;f__Bacteroidaceae;g__Bacteroides_s__Bacteroides_cellulosilyticus",NA,NA
"X246787","PFBS",0.000821745223159295,0.00171814551216203,-0.00269225690781177,0.00433574735413036,0.636040790022425,37,0.000815978051745321,0.00170608722523376,0.938938745815729,"Bacteroides cellulosilyticus","Species","Bacteroides cellulosilyticus","d__Bacteria;p__Bacteroidota;c__Bacteroidia;o__Bacteroidales;f__Bacteroidaceae;g__Bacteroides_s__Bacteroides_cellulosilyticus",NA,NA
"X246787","PFOA",0.00185056771171473,0.00174068118214779,-0.00170952503951652,0.00541066046294598,0.296496715637137,37,0.0015895939528846,0.0014952040195699,0.871152209996706,"Bacteroides cellulosilyticus","Species","Bacteroides cellulosilyticus","d__Bacteria;p__Bacteroidota;c__Bacteroidia;o__Bacteroidales;f__Bacteroidaceae;g__Bacteroides_s__Bacteroides_cellulosilyticus",NA,NA
"X246787","PFHxS",0.000641219749557827,0.0025381986122803,-0.00454997928989794,0.00583241878901359,0.802337868857246,37,0.00063695672087296,0.00252132387705965,0.967984616802768,"Bacteroides cellulosilyticus","Species","Bacteroides cellulosilyticus","d__Bacteria;p__Bacteroidota;c__Bacteroidia;o__Bacteroidales;f__Bacteroidaceae;g__Bacteroides_s__Bacteroides_cellulosilyticus",NA,NA
"X246787","PFNA",-4.8203800686805e-05,0.00146348833305169,-0.00304137352035949,0.00294496591898588,0.973950003190915,37,-7.46346899074265e-05,0.0022659416138186,0.990580077525717,"Bacteroides cellulosilyticus","Species","Bacteroides cellulosilyticus","d__Bacteria;p__Bacteroidota;c__Bacteroidia;o__Bacteroidales;f__Bacteroidaceae;g__Bacteroides_s__Bacteroides_cellulosilyticus",NA,NA
"X2478464","PFNA",0.00120593787595831,0.00230494900647368,-0.00350821215568599,0.00592008790760262,0.604813624550958,37,0.00186717225897929,0.00356878818473922,0.990580077525717,"Enterobacter oligotrophicus","Species","Enterobacter oligotrophicus","d__Bacteria;p__Pseudomonadota;c__Gammaproteobacteria;o__Enterobacterales;f__Enterobacteriaceae;g__Enterobacter_s__Enterobacter_oligotrophicus",NA,NA
"X2478464","PFBS",-0.00101718239732622,0.00272287419280727,-0.00658608540825381,0.00455172061360137,0.711441870943188,37,-0.00101004360895322,0.00270376452016661,0.964479463357667,"Enterobacter oligotrophicus","Species","Enterobacter oligotrophicus","d__Bacteria;p__Pseudomonadota;c__Gammaproteobacteria;o__Enterobacterales;f__Enterobacteriaceae;g__Enterobacter_s__Enterobacter_oligotrophicus",NA,NA
"X2478464","PFOA",-0.00205804842617159,0.00278140464428193,-0.00774665965142256,0.00363056279907937,0.465290038629212,37,-0.00176781498578871,0.00238916089105376,0.88027845146067,"Enterobacter oligotrophicus","Species","Enterobacter oligotrophicus","d__Bacteria;p__Pseudomonadota;c__Gammaproteobacteria;o__Enterobacterales;f__Enterobacteriaceae;g__Enterobacter_s__Enterobacter_oligotrophicus",NA,NA
"X2478464","PFHxS",-0.00145835105445964,0.00401161859994897,-0.00966303232800616,0.00674633021908688,0.718844426909294,37,-0.00144865548225985,0.00398494810956541,0.967984616802768,"Enterobacter oligotrophicus","Species","Enterobacter oligotrophicus","d__Bacteria;p__Pseudomonadota;c__Gammaproteobacteria;o__Enterobacterales;f__Enterobacteriaceae;g__Enterobacter_s__Enterobacter_oligotrophicus",NA,NA
"X2478464","PFOS",-8.17712549606401e-05,0.00344967761689011,-0.007137154172826,0.00697361166290472,0.981251049356168,37,-7.33901083667531e-05,0.00309610283290614,0.988310409423479,"Enterobacter oligotrophicus","Species","Enterobacter oligotrophicus","d__Bacteria;p__Pseudomonadota;c__Gammaproteobacteria;o__Enterobacterales;f__Enterobacteriaceae;g__Enterobacter_s__Enterobacter_oligotrophicus",NA,NA
"X2479767","PFBS",0.00274400848010075,0.00187693265364385,-0.00109474981941845,0.00658276677961995,0.154503881872484,37,0.00272475048282844,0.00186375996697531,0.924516850409324,"Blautia sp. SC05B48","Species","Blautia sp. SC05B48","d__Bacteria;p__Bacillota;c__Clostridia;o__Lachnospirales;f__Lachnospiraceae;g__Blautia_s__Blautia_sp._SC05B48",NA,NA
"X2479767","PFOA",-0.00164044885799266,0.00197720533181225,-0.0056842878111979,0.00240339009521257,0.413497193355402,37,-0.00140910682066605,0.00169837267729463,0.871152209996706,"Blautia sp. SC05B48","Species","Blautia sp. SC05B48","d__Bacteria;p__Bacillota;c__Clostridia;o__Lachnospirales;f__Lachnospiraceae;g__Blautia_s__Blautia_sp._SC05B48",NA,NA
"X2479767","PFHxS",0.000521256730553986,0.00286338245932658,-0.00533501795202358,0.00637753141313156,0.856816067552747,37,0.000517791253397264,0.00284434580057072,0.967984616802768,"Blautia sp. SC05B48","Species","Blautia sp. SC05B48","d__Bacteria;p__Bacillota;c__Clostridia;o__Lachnospirales;f__Lachnospiraceae;g__Blautia_s__Blautia_sp._SC05B48",NA,NA
"X2479767","PFNA",4.96330728916292e-05,0.00165011805885943,-0.00332523729410615,0.00342450343988941,0.976210501189115,37,7.68476541608772e-05,0.00255490330386603,0.990580077525717,"Blautia sp. SC05B48","Species","Blautia sp. SC05B48","d__Bacteria;p__Bacillota;c__Clostridia;o__Lachnospirales;f__Lachnospiraceae;g__Blautia_s__Blautia_sp._SC05B48",NA,NA
"X2479767","PFOS",-0.00168689845818302,0.00243807923222036,-0.00667333037378825,0.00329953345742221,0.494505120081909,37,-0.00151399976323405,0.0021881882471476,0.975138740801322,"Blautia sp. SC05B48","Species","Blautia sp. SC05B48","d__Bacteria;p__Bacillota;c__Clostridia;o__Lachnospirales;f__Lachnospiraceae;g__Blautia_s__Blautia_sp._SC05B48",NA,NA
"X248315","PFNA",-0.00201484728282679,0.0013903057685359,-0.00485834185226449,0.000828647286610921,0.158006890660196,37,-0.00311961920060302,0.00215263191766509,0.990580077525717,"Veillonella rodentium","Species","Veillonella rodentium","d__Bacteria;p__Bacillota;c__Negativicutes;o__Veillonellales;f__Veillonellaceae;g__Veillonella_s__Veillonella_rodentium",NA,NA
"X248315","PFOA",-0.00221285898941538,0.00169643137305503,-0.0056824507194314,0.00125673274060065,0.202348401527476,37,-0.00190079360290019,0.00145719447876527,0.871152209996706,"Veillonella rodentium","Species","Veillonella rodentium","d__Bacteria;p__Bacillota;c__Negativicutes;o__Veillonellales;f__Veillonellaceae;g__Veillonella_s__Veillonella_rodentium",NA,NA
"X248315","PFBS",0.00156560391789054,0.00167183139859125,-0.00185367521515645,0.00498488305093754,0.356769808411433,37,0.00155461619821004,0.00166009815332349,0.924516850409324,"Veillonella rodentium","Species","Veillonella rodentium","d__Bacteria;p__Bacillota;c__Negativicutes;o__Veillonellales;f__Veillonellaceae;g__Veillonella_s__Veillonella_rodentium",NA,NA
"X248315","PFOS",-0.00114524177786901,0.00213416883038978,-0.00551010713109788,0.00321962357535986,0.595621940107673,37,-0.00102786019640271,0.00191542714870456,0.975138740801322,"Veillonella rodentium","Species","Veillonella rodentium","d__Bacteria;p__Bacillota;c__Negativicutes;o__Veillonellales;f__Veillonellaceae;g__Veillonella_s__Veillonella_rodentium",NA,NA
"X248315","PFHxS",0.000975609523654494,0.00249318806139285,-0.00412353260291753,0.00607475165022652,0.698428511339068,37,0.000969123367563019,0.00247661257033878,0.967984616802768,"Veillonella rodentium","Species","Veillonella rodentium","d__Bacteria;p__Bacillota;c__Negativicutes;o__Veillonellales;f__Veillonellaceae;g__Veillonella_s__Veillonella_rodentium",NA,NA
"X2500132","PFOS",0.000430214183529385,0.00260516650753449,-0.00489794958037148,0.00575837794743025,0.869980486465642,37,0.000386119371230555,0.00233814990846626,0.975138740801322,"Enterobacter sp. N18-03635","Species","Enterobacter sp. N18-03635","d__Bacteria;p__Pseudomonadota;c__Gammaproteobacteria;o__Enterobacterales;f__Enterobacteriaceae;g__Enterobacter_s__Enterobacter_sp._N18-03635",NA,NA
"X2500132","PFOA",-0.00268846615088143,0.00206161819042502,-0.00690494878469868,0.00152801648293581,0.20247075636183,37,-0.00230932892048364,0.00177088132896252,0.871152209996706,"Enterobacter sp. N18-03635","Species","Enterobacter sp. N18-03635","d__Bacteria;p__Pseudomonadota;c__Gammaproteobacteria;o__Enterobacterales;f__Enterobacteriaceae;g__Enterobacter_s__Enterobacter_sp._N18-03635",NA,NA
"X2500132","PFNA",0.000642881117793541,0.00174560109076088,-0.00292727397636979,0.00421303621195687,0.715334489352429,37,0.000995382774599238,0.0027027411584719,0.990580077525717,"Enterobacter sp. N18-03635","Species","Enterobacter sp. N18-03635","d__Bacteria;p__Pseudomonadota;c__Gammaproteobacteria;o__Enterobacterales;f__Enterobacteriaceae;g__Enterobacter_s__Enterobacter_sp._N18-03635",NA,NA
"X2500132","PFBS",0.00253101087875144,0.00200790828573749,-0.00157562266592275,0.00663764442342562,0.217529637021303,37,0.00251324774100873,0.00199381638603302,0.924516850409324,"Enterobacter sp. N18-03635","Species","Enterobacter sp. N18-03635","d__Bacteria;p__Pseudomonadota;c__Gammaproteobacteria;o__Enterobacterales;f__Enterobacteriaceae;g__Enterobacter_s__Enterobacter_sp._N18-03635",NA,NA
"X2500132","PFHxS",0.00100535701861332,0.00303209050685038,-0.00519596436362625,0.00720667840085289,0.742596625971441,37,0.000998673091906702,0.0030119322244289,0.967984616802768,"Enterobacter sp. N18-03635","Species","Enterobacter sp. N18-03635","d__Bacteria;p__Pseudomonadota;c__Gammaproteobacteria;o__Enterobacterales;f__Enterobacteriaceae;g__Enterobacter_s__Enterobacter_sp._N18-03635",NA,NA
"X2507159","PFOS",-0.000160769638643962,0.00201456598890329,-0.00428101971518136,0.00395948043789343,0.936941622566147,37,-0.000144291550959361,0.00180808300311342,0.987238062321552,"Clostridium sp. JN-9","Species","Clostridium sp. JN-9","d__Bacteria;p__Bacillota;c__Clostridia;o__Eubacteriales;f__Clostridiaceae;g__Clostridium_s__Clostridium_sp._JN-9",NA,NA
"X2507159","PFBS",-0.00101188775956925,0.001582990266612,-0.00424946637605167,0.00222569085691317,0.527693583739415,37,-0.00100478613001709,0.00157188052607819,0.924516850409324,"Clostridium sp. JN-9","Species","Clostridium sp. JN-9","d__Bacteria;p__Bacillota;c__Clostridia;o__Eubacteriales;f__Clostridiaceae;g__Clostridium_s__Clostridium_sp._JN-9",NA,NA
"X2507159","PFNA",0.00117920125488477,0.00133468963984396,-0.00155054555957151,0.00390894806934106,0.384230905956257,37,0.00182577553518232,0.00206652060570145,0.990580077525717,"Clostridium sp. JN-9","Species","Clostridium sp. JN-9","d__Bacteria;p__Bacillota;c__Clostridia;o__Eubacteriales;f__Clostridiaceae;g__Clostridium_s__Clostridium_sp._JN-9",NA,NA
"X2507159","PFOA",-0.000802987787801469,0.00163293480440308,-0.00414271445343683,0.00253673887783389,0.626601185270856,37,-0.000689747542686058,0.00140265242611888,0.921731798726478,"Clostridium sp. JN-9","Species","Clostridium sp. JN-9","d__Bacteria;p__Bacillota;c__Clostridia;o__Eubacteriales;f__Clostridiaceae;g__Clostridium_s__Clostridium_sp._JN-9",NA,NA
"X2507159","PFHxS",-0.00541023602960412,0.0021225399104465,-0.00975131757105899,-0.00106915448814924,0.0163575792452344,37,-0.00537426709477014,0.00210842860378564,0.967141731199802,"Clostridium sp. JN-9","Species","Clostridium sp. JN-9","d__Bacteria;p__Bacillota;c__Clostridia;o__Eubacteriales;f__Clostridiaceae;g__Clostridium_s__Clostridium_sp._JN-9",NA,NA
"X254785","PFBS",0.00118677411901317,0.0012840481449061,-0.00143939920887431,0.00381294744690064,0.362986256618827,37,0.00117844510220708,0.00127503643963936,0.924516850409324,"Streptococcus halichoeri","Species","Streptococcus halichoeri","d__Bacteria;p__Bacillota;c__Bacilli;o__Lactobacillales;f__Streptococcaceae;g__Streptococcus_s__Streptococcus_halichoeri",NA,NA
"X254785","PFHxS",0.00062557462304258,0.00191568954945183,-0.00329245042862014,0.0045435996747053,0.746350974599059,37,0.00062141560803346,0.00190295344844083,0.967984616802768,"Streptococcus halichoeri","Species","Streptococcus halichoeri","d__Bacteria;p__Bacillota;c__Bacilli;o__Lactobacillales;f__Streptococcaceae;g__Streptococcus_s__Streptococcus_halichoeri",NA,NA
"X254785","PFNA",0.000528756766412339,0.00110102321316924,-0.00172308854583759,0.00278060207866227,0.634658660073061,37,0.000818682276819741,0.00170473126444278,0.990580077525717,"Streptococcus halichoeri","Species","Streptococcus halichoeri","d__Bacteria;p__Bacillota;c__Bacilli;o__Lactobacillales;f__Streptococcaceae;g__Streptococcus_s__Streptococcus_halichoeri",NA,NA
"X254785","PFOA",0.00137722924902608,0.00131548152983537,-0.0013132325694713,0.00406769106752346,0.303775556115736,37,0.00118300739396297,0.00112996756169495,0.871152209996706,"Streptococcus halichoeri","Species","Streptococcus halichoeri","d__Bacteria;p__Bacillota;c__Bacilli;o__Lactobacillales;f__Streptococcaceae;g__Streptococcus_s__Streptococcus_halichoeri",NA,NA
"X254785","PFOS",0.000390981783986464,0.00164503578764306,-0.00297349417127024,0.00375545773924317,0.813805366738544,37,0.000350908097350405,0.00147642780804114,0.975138740801322,"Streptococcus halichoeri","Species","Streptococcus halichoeri","d__Bacteria;p__Bacillota;c__Bacilli;o__Lactobacillales;f__Streptococcaceae;g__Streptococcus_s__Streptococcus_halichoeri",NA,NA
"X2565914","PFBS",0.00119933430740494,0.00204088963233817,-0.00297475366497439,0.00537342227978428,0.561313802034233,37,0.00119091714069861,0.00202656626298356,0.924516850409324,"Enterobacter sp. 18A13","Species","Enterobacter sp. 18A13","d__Bacteria;p__Pseudomonadota;c__Gammaproteobacteria;o__Enterobacterales;f__Enterobacteriaceae;g__Enterobacter_s__Enterobacter_sp._18A13",NA,NA
"X2565914","PFHxS",0.00419405322730609,0.00292231497805194,-0.00178275198945413,0.0101708584440663,0.161933545651286,37,0.00416616985467729,0.00290288651754953,0.967141731199802,"Enterobacter sp. 18A13","Species","Enterobacter sp. 18A13","d__Bacteria;p__Pseudomonadota;c__Gammaproteobacteria;o__Enterobacterales;f__Enterobacteriaceae;g__Enterobacter_s__Enterobacter_sp._18A13",NA,NA
"X2565914","PFNA",-0.00133093684396043,0.00172427023089588,-0.00485746543123569,0.00219559174331482,0.446427884338482,37,-0.00206071009381107,0.00266971425833539,0.990580077525717,"Enterobacter sp. 18A13","Species","Enterobacter sp. 18A13","d__Bacteria;p__Pseudomonadota;c__Gammaproteobacteria;o__Enterobacterales;f__Enterobacteriaceae;g__Enterobacter_s__Enterobacter_sp._18A13",NA,NA
"X2565914","PFOA",-0.00473290377049514,0.00192018858585693,-0.00866013038477462,-0.000805677156215668,0.0198723208612271,37,-0.00406545254493425,0.00164939663928748,0.689435116415863,"Enterobacter sp. 18A13","Species","Enterobacter sp. 18A13","d__Bacteria;p__Pseudomonadota;c__Gammaproteobacteria;o__Enterobacterales;f__Enterobacteriaceae;g__Enterobacter_s__Enterobacter_sp._18A13",NA,NA
"X2565914","PFOS",-0.00216070051165133,0.00256358433686552,-0.00740381918751581,0.00308241816421315,0.406214043464981,37,-0.00193923946470576,0.00230082970330383,0.917496588638124,"Enterobacter sp. 18A13","Species","Enterobacter sp. 18A13","d__Bacteria;p__Pseudomonadota;c__Gammaproteobacteria;o__Enterobacterales;f__Enterobacteriaceae;g__Enterobacter_s__Enterobacter_sp._18A13",NA,NA
"X2587529","PFHxS",-0.00762068608131037,0.00324801300698459,-0.0142636185612278,-0.000977753601392922,0.0260076590671772,37,-0.0075700213858056,0.00322641920450557,0.967141731199802,"Klebsiella pasteurii","Species","Klebsiella pasteurii","d__Bacteria;p__Pseudomonadota;c__Gammaproteobacteria;o__Enterobacterales;f__Enterobacteriaceae;g__Klebsiella_s__Klebsiella_pasteurii",NA,NA
"X2587529","PFOS",-0.00665529291150766,0.00277716100585963,-0.0123352249216668,-0.000975360901348482,0.0232259778068794,37,-0.00597315851668333,0.00249251582686439,0.493117013625033,"Klebsiella pasteurii","Species","Klebsiella pasteurii","d__Bacteria;p__Pseudomonadota;c__Gammaproteobacteria;o__Enterobacterales;f__Enterobacteriaceae;g__Klebsiella_s__Klebsiella_pasteurii",NA,NA
"X2587529","PFBS",-0.00190345259901912,0.0023789255134129,-0.00676890157547696,0.00296199637743871,0.430140850471621,37,-0.00189009379009935,0.00236222974101257,0.924516850409324,"Klebsiella pasteurii","Species","Klebsiella pasteurii","d__Bacteria;p__Pseudomonadota;c__Gammaproteobacteria;o__Enterobacterales;f__Enterobacteriaceae;g__Klebsiella_s__Klebsiella_pasteurii",NA,NA
"X2587529","PFNA",0.00439086984031569,0.0018706020820658,0.000565059013439565,0.00821668066719182,0.0259469342427143,37,0.00679845166328427,0.00289628212601468,0.726514158796,"Klebsiella pasteurii","Species","Klebsiella pasteurii","d__Bacteria;p__Pseudomonadota;c__Gammaproteobacteria;o__Enterobacterales;f__Enterobacteriaceae;g__Klebsiella_s__Klebsiella_pasteurii",NA,NA
"X2587529","PFOA",-0.00383658370999226,0.00236907146622009,-0.00868187889703639,0.00100871147705186,0.116176864242419,37,-0.00329553478455987,0.0020349764306465,0.871152209996706,"Klebsiella pasteurii","Species","Klebsiella pasteurii","d__Bacteria;p__Pseudomonadota;c__Gammaproteobacteria;o__Enterobacterales;f__Enterobacteriaceae;g__Klebsiella_s__Klebsiella_pasteurii",NA,NA
"X2596949","PFHxS",0.00266069901825107,0.002780252029382,-0.0030255548448406,0.00834695288134274,0.346478260421309,37,0.00264300986216312,0.002761768047626,0.967984616802768,"Enterobacter sp. E76","Species","Enterobacter sp. E76","d__Bacteria;p__Pseudomonadota;c__Gammaproteobacteria;o__Enterobacterales;f__Enterobacteriaceae;g__Enterobacter_s__Enterobacter_sp._E76",NA,NA
"X2596949","PFOA",-0.00178763925639277,0.00194361749554995,-0.00576278337125925,0.00218750485847371,0.36529188005114,37,-0.0015355398961695,0.00166952151930941,0.871152209996706,"Enterobacter sp. E76","Species","Enterobacter sp. E76","d__Bacteria;p__Pseudomonadota;c__Gammaproteobacteria;o__Enterobacterales;f__Enterobacteriaceae;g__Enterobacter_s__Enterobacter_sp._E76",NA,NA
"X2596949","PFOS",-0.000959827951968174,0.00241620167416926,-0.00590151523734981,0.00398185933341346,0.694094348772603,37,-0.000861450364706884,0.00216855302989499,0.975138740801322,"Enterobacter sp. E76","Species","Enterobacter sp. E76","d__Bacteria;p__Pseudomonadota;c__Gammaproteobacteria;o__Enterobacterales;f__Enterobacteriaceae;g__Enterobacter_s__Enterobacter_sp._E76",NA,NA
"X2596949","PFNA",-0.00182493072812612,0.00159071421643944,-0.00507830659574996,0.00142844513949772,0.260659582951239,37,-0.0028255684625613,0.00246292741617345,0.990580077525717,"Enterobacter sp. E76","Species","Enterobacter sp. E76","d__Bacteria;p__Pseudomonadota;c__Gammaproteobacteria;o__Enterobacterales;f__Enterobacteriaceae;g__Enterobacter_s__Enterobacter_sp._E76",NA,NA
"X2596949","PFBS",-0.000514724851834329,0.00191451307858289,-0.0044303437504028,0.00340089404673414,0.789945405392301,37,-0.000511112410449945,0.00190107664501772,0.970102459887333,"Enterobacter sp. E76","Species","Enterobacter sp. E76","d__Bacteria;p__Pseudomonadota;c__Gammaproteobacteria;o__Enterobacterales;f__Enterobacteriaceae;g__Enterobacter_s__Enterobacter_sp._E76",NA,NA
"X2598457","PFBS",2.25452882324591e-05,0.00130439349030929,-0.00264523894315304,0.00269032951961796,0.986328326288175,37,2.23870609155857e-05,0.001295238997362,0.993424213527658,"Streptococcus sp. KS 6","Species","Streptococcus sp. KS 6","d__Bacteria;p__Bacillota;c__Bacilli;o__Lactobacillales;f__Streptococcaceae;g__Streptococcus_s__Streptococcus_sp._KS_6",NA,NA
"X2598457","PFHxS",-0.00204007221104633,0.00188381907032398,-0.00589291481408781,0.00181277039199515,0.287755344417677,37,-0.00202650917534619,0.00187129485418836,0.967141731199802,"Streptococcus sp. KS 6","Species","Streptococcus sp. KS 6","d__Bacteria;p__Bacillota;c__Bacilli;o__Lactobacillales;f__Streptococcaceae;g__Streptococcus_s__Streptococcus_sp._KS_6",NA,NA
"X2598457","PFNA",0.000410411527182603,0.00110410419289535,-0.00184773509612998,0.00266855815049519,0.712807692036594,37,0.000635446513123012,0.00170950159298935,0.990580077525717,"Streptococcus sp. KS 6","Species","Streptococcus sp. KS 6","d__Bacteria;p__Bacillota;c__Bacilli;o__Lactobacillales;f__Streptococcaceae;g__Streptococcus_s__Streptococcus_sp._KS_6",NA,NA
"X2598457","PFOA",-0.000737340069225843,0.00133472933351163,-0.00346716806634785,0.00199248792789617,0.58488912862452,37,-0.00063335770306663,0.00114650097040861,0.921731798726478,"Streptococcus sp. KS 6","Species","Streptococcus sp. KS 6","d__Bacteria;p__Bacillota;c__Bacilli;o__Lactobacillales;f__Streptococcaceae;g__Streptococcus_s__Streptococcus_sp._KS_6",NA,NA
"X2598457","PFOS",-0.000234547993327501,0.00164805591177755,-0.00360520079598698,0.00313610480933198,0.887813013781672,37,-0.000210507991540491,0.00147913838448537,0.975138740801322,"Streptococcus sp. KS 6","Species","Streptococcus sp. KS 6","d__Bacteria;p__Bacillota;c__Bacilli;o__Lactobacillales;f__Streptococcaceae;g__Streptococcus_s__Streptococcus_sp._KS_6",NA,NA
"X2682455","PFHxS",-0.0020880083812157,0.00174487997047336,-0.00565668861879146,0.00148067185636005,0.241135136643723,37,-0.00207412665092043,0.00173327946476388,0.967141731199802,"Veillonella sp. S12025-13","Species","Veillonella sp. S12025-13","d__Bacteria;p__Bacillota;c__Negativicutes;o__Veillonellales;f__Veillonellaceae;g__Veillonella_s__Veillonella_sp._S12025-13",NA,NA
"X2682455","PFOA",-0.000371768233119799,0.00124619152655461,-0.00292051608300389,0.0021769796167643,0.767583356129355,37,-0.000319340130869484,0.00107044908554668,0.942646226825524,"Veillonella sp. S12025-13","Species","Veillonella sp. S12025-13","d__Bacteria;p__Bacillota;c__Negativicutes;o__Veillonellales;f__Veillonellaceae;g__Veillonella_s__Veillonella_sp._S12025-13",NA,NA
"X2682455","PFOS",-0.00357679035432001,0.001382289690812,-0.00640389020398317,-0.00074969050465686,0.0149440797351686,37,-0.00321018714748912,0.00124061187824216,0.493117013625033,"Veillonella sp. S12025-13","Species","Veillonella sp. S12025-13","d__Bacteria;p__Bacillota;c__Negativicutes;o__Veillonellales;f__Veillonellaceae;g__Veillonella_s__Veillonella_sp._S12025-13",NA,NA
"X2682455","PFBS",0.000244379331177691,0.00121252502800595,-0.00223551279792787,0.00272427146028325,0.841678896237815,37,0.000242664228426603,0.00120401528619893,0.985055878681677,"Veillonella sp. S12025-13","Species","Veillonella sp. S12025-13","d__Bacteria;p__Bacillota;c__Negativicutes;o__Veillonellales;f__Veillonellaceae;g__Veillonella_s__Veillonella_sp._S12025-13",NA,NA
"X2682455","PFNA",0.00267553819017326,0.000901678211231082,0.000831399184898256,0.00451967719544826,0.00596588451022287,37,0.00414257714773349,0.00139608231576512,0.417611915715601,"Veillonella sp. S12025-13","Species","Veillonella sp. S12025-13","d__Bacteria;p__Bacillota;c__Negativicutes;o__Veillonellales;f__Veillonellaceae;g__Veillonella_s__Veillonella_sp._S12025-13",NA,NA
"X2686210","PFOA",5.93270536403316e-05,0.00142199540548344,-0.00284898010063091,0.00296763420791158,0.967007049653776,37,5.09605377377669e-05,0.00122146046495736,0.989502361295543,"Streptococcus ruminicola","Species","Streptococcus ruminicola","d__Bacteria;p__Bacillota;c__Bacilli;o__Lactobacillales;f__Streptococcaceae;g__Streptococcus_s__Streptococcus_ruminicola",NA,NA
"X2686210","PFBS",0.000124529008175618,0.00138227659551465,-0.00270254405859722,0.00295160207494846,0.928835217823319,37,0.000123655038828525,0.00137257550344477,0.993424213527658,"Streptococcus ruminicola","Species","Streptococcus ruminicola","d__Bacteria;p__Bacillota;c__Bacilli;o__Lactobacillales;f__Streptococcaceae;g__Streptococcus_s__Streptococcus_ruminicola",NA,NA
"X2686210","PFOS",0.000241267328895509,0.00174672927491237,-0.00333119516093624,0.00381372981872726,0.891096111025945,37,0.000216538628660174,0.00156769821907348,0.975138740801322,"Streptococcus ruminicola","Species","Streptococcus ruminicola","d__Bacteria;p__Bacillota;c__Bacilli;o__Lactobacillales;f__Streptococcaceae;g__Streptococcus_s__Streptococcus_ruminicola",NA,NA
"X2686210","PFHxS",-3.9759082968858e-05,0.00203652517689834,-0.00420492074171089,0.00412540257577317,0.984557595612037,37,-3.94947521972354e-05,0.00202298572298639,0.990572006984905,"Streptococcus ruminicola","Species","Streptococcus ruminicola","d__Bacteria;p__Bacillota;c__Bacilli;o__Lactobacillales;f__Streptococcaceae;g__Streptococcus_s__Streptococcus_ruminicola",NA,NA
"X2686210","PFNA",0.00193398800486997,0.001116639360999,-0.000349795915817297,0.00421777192555724,0.0939044580794067,37,0.00299442353033512,0.00172890998757698,0.990580077525717,"Streptococcus ruminicola","Species","Streptococcus ruminicola","d__Bacteria;p__Bacillota;c__Bacilli;o__Lactobacillales;f__Streptococcaceae;g__Streptococcus_s__Streptococcus_ruminicola",NA,NA
"X2697371","PFBS",0.00151001137439537,0.000947090606709018,-0.000427006408231365,0.0034470291570221,0.121695692809488,37,0.00149941381424198,0.000940443736463207,0.924516850409324,"Klebsiella sp. MPUS7","Species","Klebsiella sp. MPUS7","d__Bacteria;p__Pseudomonadota;c__Gammaproteobacteria;o__Enterobacterales;f__Enterobacteriaceae;g__Klebsiella_s__Klebsiella_sp._MPUS7",NA,NA
"X2697371","PFHxS",0.00168953675784108,0.00142081012766386,-0.00121634623109939,0.00459541974678155,0.244031972715404,37,0.00167830419105289,0.00141136413924232,0.967141731199802,"Klebsiella sp. MPUS7","Species","Klebsiella sp. MPUS7","d__Bacteria;p__Pseudomonadota;c__Gammaproteobacteria;o__Enterobacterales;f__Enterobacteriaceae;g__Klebsiella_s__Klebsiella_sp._MPUS7",NA,NA
"X2697371","PFNA",-0.000356833104769337,0.000835423669964698,-0.00206546635832043,0.00135180014878175,0.672440516258148,37,-0.000552490213296682,0.00129349938512643,0.990580077525717,"Klebsiella sp. MPUS7","Species","Klebsiella sp. MPUS7","d__Bacteria;p__Pseudomonadota;c__Gammaproteobacteria;o__Enterobacterales;f__Enterobacteriaceae;g__Klebsiella_s__Klebsiella_sp._MPUS7",NA,NA
"X2697371","PFOA",-0.000361179275130141,0.00101378155340782,-0.00243459535880715,0.00171223680854687,0.724217841856519,37,-0.000310244466073672,0.000870814408271401,0.921731798726478,"Klebsiella sp. MPUS7","Species","Klebsiella sp. MPUS7","d__Bacteria;p__Pseudomonadota;c__Gammaproteobacteria;o__Enterobacterales;f__Enterobacteriaceae;g__Klebsiella_s__Klebsiella_sp._MPUS7",NA,NA
"X2697371","PFOS",-0.0014967864020508,0.00121705414624205,-0.00398594161802555,0.000992368813923946,0.228639940431129,37,-0.00134337324651879,0.00109231215448391,0.782370623050135,"Klebsiella sp. MPUS7","Species","Klebsiella sp. MPUS7","d__Bacteria;p__Pseudomonadota;c__Gammaproteobacteria;o__Enterobacterales;f__Enterobacteriaceae;g__Klebsiella_s__Klebsiella_sp._MPUS7",NA,NA
"X2715212","PFBS",0.00220495454964263,0.00153706814732172,-0.000938702787237744,0.005348611886523,0.162120745826747,37,0.00218947974006732,0.00152628069735458,0.924516850409324,"Bacteroides faecium","Species","Bacteroides faecium","d__Bacteria;p__Bacteroidota;c__Bacteroidia;o__Bacteroidales;f__Bacteroidaceae;g__Bacteroides_s__Bacteroides_faecium",NA,NA
"X2715212","PFHxS",0.00372128922954227,0.00223902997059808,-0.000858041235948437,0.00830061969503298,0.107284561971609,37,0.00369654893927335,0.00222414420172163,0.967141731199802,"Bacteroides faecium","Species","Bacteroides faecium","d__Bacteria;p__Bacteroidota;c__Bacteroidia;o__Bacteroidales;f__Bacteroidaceae;g__Bacteroides_s__Bacteroides_faecium",NA,NA
"X2715212","PFOA",0.00102713065409719,0.00162504087365493,-0.00229645111037911,0.00435071241857348,0.532296512212024,37,0.000882280970450097,0.00139587172606543,0.921731798726478,"Bacteroides faecium","Species","Bacteroides faecium","d__Bacteria;p__Bacteroidota;c__Bacteroidia;o__Bacteroidales;f__Bacteroidaceae;g__Bacteroides_s__Bacteroides_faecium",NA,NA
"X2715212","PFOS",0.00197153742972588,0.0019768311479215,-0.00207153623149439,0.00601461109094616,0.326857605357312,37,0.00176946465706486,0.00177421579549641,0.880001245192763,"Bacteroides faecium","Species","Bacteroides faecium","d__Bacteria;p__Bacteroidota;c__Bacteroidia;o__Bacteroidales;f__Bacteroidaceae;g__Bacteroides_s__Bacteroides_faecium",NA,NA
"X2715212","PFNA",-0.000300958269360946,0.00134846127592901,-0.00305887124215905,0.00245695470343715,0.824955074520952,37,-0.000465978341723966,0.00208784344278238,0.990580077525717,"Bacteroides faecium","Species","Bacteroides faecium","d__Bacteria;p__Bacteroidota;c__Bacteroidia;o__Bacteroidales;f__Bacteroidaceae;g__Bacteroides_s__Bacteroides_faecium",NA,NA
"X2725997","PFBS",-0.000713925377970307,0.00099742629211251,-0.00275389119644133,0.00132604044050071,0.479858952549423,37,-0.000708914907674282,0.000990426156015215,0.924516850409324,"Escherichia sp. SCLE84","Species","Escherichia sp. SCLE84","d__Bacteria;p__Pseudomonadota;c__Gammaproteobacteria;o__Enterobacterales;f__Enterobacteriaceae;g__Escherichia_s__Escherichia_sp._SCLE84",NA,NA
"X2725997","PFOS",0.000710613876310701,0.00126486914069553,-0.00187633398365873,0.00329756173628013,0.578563278006879,37,0.000637779491270664,0.00113522635001859,0.975138740801322,"Escherichia sp. SCLE84","Species","Escherichia sp. SCLE84","d__Bacteria;p__Pseudomonadota;c__Gammaproteobacteria;o__Enterobacterales;f__Enterobacteriaceae;g__Escherichia_s__Escherichia_sp._SCLE84",NA,NA
"X2725997","PFNA",-0.000110286154540182,0.000853473156525969,-0.00185583475303166,0.00163526244395129,0.898075320623163,37,-0.00017075775826619,0.00132144568424175,0.990580077525717,"Escherichia sp. SCLE84","Species","Escherichia sp. SCLE84","d__Bacteria;p__Pseudomonadota;c__Gammaproteobacteria;o__Enterobacterales;f__Enterobacteriaceae;g__Escherichia_s__Escherichia_sp._SCLE84",NA,NA
"X2725997","PFHxS",0.000352536857283253,0.00148080014382511,-0.00267603949094223,0.00338111320550873,0.813499495949289,37,0.000350193082413393,0.00147095532308458,0.967984616802768,"Escherichia sp. SCLE84","Species","Escherichia sp. SCLE84","d__Bacteria;p__Pseudomonadota;c__Gammaproteobacteria;o__Enterobacterales;f__Enterobacteriaceae;g__Escherichia_s__Escherichia_sp._SCLE84",NA,NA
"X2725997","PFOA",0.000384170016978912,0.00103253534862331,-0.0017276018845753,0.00249594191853312,0.712549699978456,37,0.000329992970267163,0.000886923475386029,0.921731798726478,"Escherichia sp. SCLE84","Species","Escherichia sp. SCLE84","d__Bacteria;p__Pseudomonadota;c__Gammaproteobacteria;o__Enterobacterales;f__Enterobacteriaceae;g__Escherichia_s__Escherichia_sp._SCLE84",NA,NA
"X2742639","PFOS",0.00321839870423598,0.0016163499726563,-8.74081719010656e-05,0.00652420558037303,0.0559593948188399,37,0.00288852885754277,0.00145068214629876,0.493117013625033,"Enterobacter sp. RHBSTW-00175","Species","Enterobacter sp. RHBSTW-00175","d__Bacteria;p__Pseudomonadota;c__Gammaproteobacteria;o__Enterobacterales;f__Enterobacteriaceae;g__Enterobacter_s__Enterobacter_sp._RHBSTW-00175",NA,NA
"X2742639","PFHxS",0.00121377351379558,0.00199587504652804,-0.00286824929335654,0.00529579632094771,0.54782768411563,37,0.00120570396929105,0.00198260584734846,0.967984616802768,"Enterobacter sp. RHBSTW-00175","Species","Enterobacter sp. RHBSTW-00175","d__Bacteria;p__Pseudomonadota;c__Gammaproteobacteria;o__Enterobacterales;f__Enterobacteriaceae;g__Enterobacter_s__Enterobacter_sp._RHBSTW-00175",NA,NA
"X2742639","PFNA",0.000665638815436355,0.00115023423545265,-0.00168685433830725,0.00301813196917996,0.567260430834578,37,0.00103061886972821,0.0017809254511214,0.990580077525717,"Enterobacter sp. RHBSTW-00175","Species","Enterobacter sp. RHBSTW-00175","d__Bacteria;p__Pseudomonadota;c__Gammaproteobacteria;o__Enterobacterales;f__Enterobacteriaceae;g__Enterobacter_s__Enterobacter_sp._RHBSTW-00175",NA,NA
"X2742639","PFOA",4.476957666384e-05,0.00140247802653353,-0.0028236200556423,0.00291315920896998,0.974753131863161,37,3.84560088709761e-05,0.00120469549745115,0.989502361295543,"Enterobacter sp. RHBSTW-00175","Species","Enterobacter sp. RHBSTW-00175","d__Bacteria;p__Pseudomonadota;c__Gammaproteobacteria;o__Enterobacterales;f__Enterobacteriaceae;g__Enterobacter_s__Enterobacter_sp._RHBSTW-00175",NA,NA
"X2742639","PFBS",-0.000592077061805137,0.00135903811508905,-0.00337162209957342,0.00218746797596315,0.666309903128118,37,-0.000587921747226509,0.00134950011529672,0.942256428666025,"Enterobacter sp. RHBSTW-00175","Species","Enterobacter sp. RHBSTW-00175","d__Bacteria;p__Pseudomonadota;c__Gammaproteobacteria;o__Enterobacterales;f__Enterobacteriaceae;g__Enterobacter_s__Enterobacter_sp._RHBSTW-00175",NA,NA
"X2742643","PFBS",0.00036458816893249,0.00272821447590162,-0.00521523694727705,0.00594441328514203,0.894613346435155,37,0.000362029416649566,0.00270906732409207,0.993424213527658,"Enterobacter sp. RHBSTW-00318","Species","Enterobacter sp. RHBSTW-00318","d__Bacteria;p__Pseudomonadota;c__Gammaproteobacteria;o__Enterobacterales;f__Enterobacteriaceae;g__Enterobacter_s__Enterobacter_sp._RHBSTW-00318",NA,NA
"X2742643","PFHxS",-0.00106930553054356,0.00401530669630114,-0.00928152980807258,0.00714291874698547,0.79188691750791,37,-0.00106219645420469,0.0039886116863039,0.967984616802768,"Enterobacter sp. RHBSTW-00318","Species","Enterobacter sp. RHBSTW-00318","d__Bacteria;p__Pseudomonadota;c__Gammaproteobacteria;o__Enterobacterales;f__Enterobacteriaceae;g__Enterobacter_s__Enterobacter_sp._RHBSTW-00318",NA,NA
"X2742643","PFNA",0.00139284007337423,0.00230100256850963,-0.00331323858636517,0.00609891873311362,0.549675335206566,37,0.00215655582103048,0.00356267785382156,0.990580077525717,"Enterobacter sp. RHBSTW-00318","Species","Enterobacter sp. RHBSTW-00318","d__Bacteria;p__Pseudomonadota;c__Gammaproteobacteria;o__Enterobacterales;f__Enterobacteriaceae;g__Enterobacter_s__Enterobacter_sp._RHBSTW-00318",NA,NA
"X2742643","PFOA",0.00231045683644127,0.00277418281753502,-0.00336338409467657,0.00798429776755911,0.411740397574392,37,0.00198462784817791,0.00238295751246189,0.871152209996706,"Enterobacter sp. RHBSTW-00318","Species","Enterobacter sp. RHBSTW-00318","d__Bacteria;p__Pseudomonadota;c__Gammaproteobacteria;o__Enterobacterales;f__Enterobacteriaceae;g__Enterobacter_s__Enterobacter_sp._RHBSTW-00318",NA,NA
"X2742643","PFOS",0.0013082435477439,0.00344068592991721,-0.0057287493053917,0.0083452364008795,0.706547250671668,37,0.0011741550962529,0.00308803274908929,0.975138740801322,"Enterobacter sp. RHBSTW-00318","Species","Enterobacter sp. RHBSTW-00318","d__Bacteria;p__Pseudomonadota;c__Gammaproteobacteria;o__Enterobacterales;f__Enterobacteriaceae;g__Enterobacter_s__Enterobacter_sp._RHBSTW-00318",NA,NA
"X2742672","PFBS",0.000563332060793925,0.00172447536325427,-0.00296361606926127,0.00409028019084912,0.746264561147944,37,0.000559378484349519,0.00171237265217208,0.964504540939348,"Enterobacter sp. RHBSTW-00974","Species","Enterobacter sp. RHBSTW-00974","d__Bacteria;p__Pseudomonadota;c__Gammaproteobacteria;o__Enterobacterales;f__Enterobacteriaceae;g__Enterobacter_s__Enterobacter_sp._RHBSTW-00974",NA,NA
"X2742672","PFOA",0.00148822770792353,0.00175547294652098,-0.00210211759826322,0.00507857301411028,0.403512049714606,37,0.00127835244830816,0.00150790979577645,0.871152209996706,"Enterobacter sp. RHBSTW-00974","Species","Enterobacter sp. RHBSTW-00974","d__Bacteria;p__Pseudomonadota;c__Gammaproteobacteria;o__Enterobacterales;f__Enterobacteriaceae;g__Enterobacter_s__Enterobacter_sp._RHBSTW-00974",NA,NA
"X2742672","PFOS",0.00281545577752916,0.00212005742488648,-0.00152054851087219,0.00715146006593051,0.194533261951299,37,0.00252688557506087,0.00190276209202183,0.782370623050135,"Enterobacter sp. RHBSTW-00974","Species","Enterobacter sp. RHBSTW-00974","d__Bacteria;p__Pseudomonadota;c__Gammaproteobacteria;o__Enterobacterales;f__Enterobacteriaceae;g__Enterobacter_s__Enterobacter_sp._RHBSTW-00974",NA,NA
"X2742672","PFHxS",-0.000739738342226489,0.00254131188525837,-0.00593730473986105,0.00445782805540807,0.773057941797727,37,-0.00073482033124136,0.00252441645202893,0.967984616802768,"Enterobacter sp. RHBSTW-00974","Species","Enterobacter sp. RHBSTW-00974","d__Bacteria;p__Pseudomonadota;c__Gammaproteobacteria;o__Enterobacterales;f__Enterobacteriaceae;g__Enterobacter_s__Enterobacter_sp._RHBSTW-00974",NA,NA
"X2742672","PFNA",0.00106075710068101,0.00145254270625642,-0.00191002629861827,0.00403154049998029,0.47108021459233,37,0.00164238661990193,0.00224899433061545,0.990580077525717,"Enterobacter sp. RHBSTW-00974","Species","Enterobacter sp. RHBSTW-00974","d__Bacteria;p__Pseudomonadota;c__Gammaproteobacteria;o__Enterobacterales;f__Enterobacteriaceae;g__Enterobacter_s__Enterobacter_sp._RHBSTW-00974",NA,NA
"X2742673","PFBS",-9.64887876888001e-05,0.0013968832163572,-0.00295343574838022,0.00276045817300262,0.945404543000212,37,-9.58116101860355e-05,0.00138707961211712,0.993424213527658,"Enterobacter sp. RHBSTW-00975","Species","Enterobacter sp. RHBSTW-00975","d__Bacteria;p__Pseudomonadota;c__Gammaproteobacteria;o__Enterobacterales;f__Enterobacteriaceae;g__Enterobacter_s__Enterobacter_sp._RHBSTW-00975",NA,NA
"X2742673","PFNA",0.000829958198169911,0.00117523449313105,-0.00157366622363852,0.00323358261997834,0.485695126061935,37,0.00128503711064206,0.00181963373662686,0.990580077525717,"Enterobacter sp. RHBSTW-00975","Species","Enterobacter sp. RHBSTW-00975","d__Bacteria;p__Pseudomonadota;c__Gammaproteobacteria;o__Enterobacterales;f__Enterobacteriaceae;g__Enterobacter_s__Enterobacter_sp._RHBSTW-00975",NA,NA
"X2742673","PFOA",-0.000159417771924679,0.00143667704986036,-0.00309775226047086,0.0027789167166215,0.912410225913216,37,-0.000136936100543437,0.00123407165068822,0.989502361295543,"Enterobacter sp. RHBSTW-00975","Species","Enterobacter sp. RHBSTW-00975","d__Bacteria;p__Pseudomonadota;c__Gammaproteobacteria;o__Enterobacterales;f__Enterobacteriaceae;g__Enterobacter_s__Enterobacter_sp._RHBSTW-00975",NA,NA
"X2742673","PFHxS",-0.00111977072087181,0.00204740817172525,-0.00530719060322901,0.0030676491614854,0.588617146665994,37,-0.00111232613622381,0.00203379636427279,0.967984616802768,"Enterobacter sp. RHBSTW-00975","Species","Enterobacter sp. RHBSTW-00975","d__Bacteria;p__Pseudomonadota;c__Gammaproteobacteria;o__Enterobacterales;f__Enterobacteriaceae;g__Enterobacter_s__Enterobacter_sp._RHBSTW-00975",NA,NA
"X2742673","PFOS",-0.000639715484100116,0.0017616651933834,-0.00424272535712129,0.00296329438892105,0.719140516558004,37,-0.000574147831344839,0.00158110328024899,0.975138740801322,"Enterobacter sp. RHBSTW-00975","Species","Enterobacter sp. RHBSTW-00975","d__Bacteria;p__Pseudomonadota;c__Gammaproteobacteria;o__Enterobacterales;f__Enterobacteriaceae;g__Enterobacter_s__Enterobacter_sp._RHBSTW-00975",NA,NA
"X2755405","PFHxS",-0.00235560000215534,0.00355201644793896,-0.00962028933082302,0.00490908932651234,0.51245744223254,37,-0.00233993923938846,0.00352840153586377,0.967984616802768,"Bacteroides sp. CACC 737","Species","Bacteroides sp. CACC 737","d__Bacteria;p__Bacteroidota;c__Bacteroidia;o__Bacteroidales;f__Bacteroidaceae;g__Bacteroides_s__Bacteroides_sp._CACC_737",NA,NA
"X2755405","PFNA",0.00214969559285639,0.00202226108940733,-0.00198629273133105,0.00628568391704383,0.296546920122589,37,0.00332840692398175,0.0031310981119604,0.990580077525717,"Bacteroides sp. CACC 737","Species","Bacteroides sp. CACC 737","d__Bacteria;p__Bacteroidota;c__Bacteroidia;o__Bacteroidales;f__Bacteroidaceae;g__Bacteroides_s__Bacteroides_sp._CACC_737",NA,NA
"X2755405","PFOA",-0.00154264666481452,0.00248250218521588,-0.00661993372067724,0.0035346403910482,0.539185687959548,37,-0.00132509704687032,0.00213241073896477,0.921731798726478,"Bacteroides sp. CACC 737","Species","Bacteroides sp. CACC 737","d__Bacteria;p__Bacteroidota;c__Bacteroidia;o__Bacteroidales;f__Bacteroidaceae;g__Bacteroides_s__Bacteroides_sp._CACC_737",NA,NA
"X2755405","PFOS",-0.00128870801931602,0.00306123158134224,-0.00754962959090994,0.00497221355227789,0.676875546429942,37,-0.00115662186224525,0.00274747058240177,0.975138740801322,"Bacteroides sp. CACC 737","Species","Bacteroides sp. CACC 737","d__Bacteria;p__Bacteroidota;c__Bacteroidia;o__Bacteroidales;f__Bacteroidaceae;g__Bacteroides_s__Bacteroides_sp._CACC_737",NA,NA
"X2755405","PFBS",-0.000744669415536985,0.0024255029677226,-0.00570537998220409,0.00421604115113012,0.761024650202893,37,-0.0007394431774706,0.00240848030548408,0.964504540939348,"Bacteroides sp. CACC 737","Species","Bacteroides sp. CACC 737","d__Bacteria;p__Bacteroidota;c__Bacteroidia;o__Bacteroidales;f__Bacteroidaceae;g__Bacteroides_s__Bacteroides_sp._CACC_737",NA,NA
"X2763062","PFHxS",0.00440342311652247,0.00343623961052454,-0.00262447599239285,0.0114313222254378,0.210182158275737,37,0.00437414778763517,0.00341339441893797,0.967141731199802,"Roseburia rectibacter","Species","Roseburia rectibacter","d__Bacteria;p__Bacillota;c__Clostridia;o__Lachnospirales;f__Lachnospiraceae;g__Roseburia_s__Roseburia_rectibacter",NA,NA
"X2763062","PFBS",0.000600515746929273,0.00239517358300125,-0.00429816426307809,0.00549919575693663,0.803799181049504,37,0.000596301207980064,0.00237836377841695,0.970102459887333,"Roseburia rectibacter","Species","Roseburia rectibacter","d__Bacteria;p__Bacillota;c__Clostridia;o__Lachnospirales;f__Lachnospiraceae;g__Roseburia_s__Roseburia_rectibacter",NA,NA
"X2763062","PFNA",-0.00255678108078841,0.00197823317458965,-0.00660272220850945,0.00148916004693263,0.20640274656662,37,-0.00395870367910746,0.00306292901070969,0.990580077525717,"Roseburia rectibacter","Species","Roseburia rectibacter","d__Bacteria;p__Bacillota;c__Clostridia;o__Lachnospirales;f__Lachnospiraceae;g__Roseburia_s__Roseburia_rectibacter",NA,NA
"X2763062","PFOA",-0.0012347850376787,0.0024557137300945,-0.00625728355106025,0.00378771347570284,0.618887411731947,37,-0.00106065118103013,0.0021094000887743,0.921731798726478,"Roseburia rectibacter","Species","Roseburia rectibacter","d__Bacteria;p__Bacillota;c__Clostridia;o__Lachnospirales;f__Lachnospiraceae;g__Roseburia_s__Roseburia_rectibacter",NA,NA
"X2763062","PFOS",0.00118914767339287,0.00302248321588115,-0.00499252459257583,0.00737081993936157,0.696876655931155,37,0.0010672659561894,0.00271269373151948,0.975138740801322,"Roseburia rectibacter","Species","Roseburia rectibacter","d__Bacteria;p__Bacillota;c__Clostridia;o__Lachnospirales;f__Lachnospiraceae;g__Roseburia_s__Roseburia_rectibacter",NA,NA
"X2781599","PFOS",-0.00321214219530825,0.0017291355686433,-0.0067486215155635,0.000324337124947012,0.073398503309715,37,-0.00288291360963658,0.00155190778011933,0.513789523168005,"Streptococcus oriscaviae","Species","Streptococcus oriscaviae","d__Bacteria;p__Bacillota;c__Bacilli;o__Lactobacillales;f__Streptococcaceae;g__Streptococcus_s__Streptococcus_oriscaviae",NA,NA
"X2781599","PFOA",-0.00117488123069124,0.00147255397558258,-0.0041865922711931,0.00183682980981062,0.431441003684804,37,-0.00100919522579042,0.0012648890824499,0.871152209996706,"Streptococcus oriscaviae","Species","Streptococcus oriscaviae","d__Bacteria;p__Bacillota;c__Bacilli;o__Lactobacillales;f__Streptococcaceae;g__Streptococcus_s__Streptococcus_oriscaviae",NA,NA
"X2781599","PFNA",0.000386637954466023,0.00122579642324529,-0.00212039722557548,0.00289367313450753,0.754703164821335,37,0.000598637522910353,0.00189791955478704,0.990580077525717,"Streptococcus oriscaviae","Species","Streptococcus oriscaviae","d__Bacteria;p__Bacillota;c__Bacilli;o__Lactobacillales;f__Streptococcaceae;g__Streptococcus_s__Streptococcus_oriscaviae",NA,NA
"X2781599","PFBS",-0.00134420723174206,0.00142551803579661,-0.00425971897394807,0.00157130451046395,0.353491026247305,37,-0.00133477331803879,0.00141551346669849,0.924516850409324,"Streptococcus oriscaviae","Species","Streptococcus oriscaviae","d__Bacteria;p__Bacillota;c__Bacilli;o__Lactobacillales;f__Streptococcaceae;g__Streptococcus_s__Streptococcus_oriscaviae",NA,NA
"X2781599","PFHxS",-0.0016632624046953,0.00210941203241725,-0.00597749442086646,0.00265096961147586,0.43680539715095,37,-0.00165220451799333,0.00209538800397989,0.967984616802768,"Streptococcus oriscaviae","Species","Streptococcus oriscaviae","d__Bacteria;p__Bacillota;c__Bacilli;o__Lactobacillales;f__Streptococcaceae;g__Streptococcus_s__Streptococcus_oriscaviae",NA,NA
"X2785531","PFNA",-0.000258881671626312,0.00231135953068819,-0.00498614269741573,0.0044683793541631,0.911591855606617,37,-0.000400830494883259,0.00357871369849699,0.990580077525717,"Bacteroides sp. HF-162","Species","Bacteroides sp. HF-162","d__Bacteria;p__Bacteroidota;c__Bacteroidia;o__Bacteroidales;f__Bacteroidaceae;g__Bacteroides_s__Bacteroides_sp._HF-162",NA,NA
"X2785531","PFBS",-0.00285368470864373,0.00267274543958137,-0.00832006290755054,0.00261269349026308,0.294464642288041,37,-0.00283365698178587,0.002653987580501,0.924516850409324,"Bacteroides sp. HF-162","Species","Bacteroides sp. HF-162","d__Bacteria;p__Bacteroidota;c__Bacteroidia;o__Bacteroidales;f__Bacteroidaceae;g__Bacteroides_s__Bacteroides_sp._HF-162",NA,NA
"X2785531","PFHxS",-0.00607764012459498,0.00385197504187386,-0.0139558136609908,0.00180053341180082,0.125459272444657,37,-0.00603723407938924,0.00382636591160577,0.967141731199802,"Bacteroides sp. HF-162","Species","Bacteroides sp. HF-162","d__Bacteria;p__Bacteroidota;c__Bacteroidia;o__Bacteroidales;f__Bacteroidaceae;g__Bacteroides_s__Bacteroides_sp._HF-162",NA,NA
"X2785531","PFOA",0.00235854112056894,0.00276832688717438,-0.00330332308819306,0.00802040532933093,0.401210026136177,37,0.00202593111246501,0.00237792740660256,0.871152209996706,"Bacteroides sp. HF-162","Species","Bacteroides sp. HF-162","d__Bacteria;p__Bacteroidota;c__Bacteroidia;o__Bacteroidales;f__Bacteroidaceae;g__Bacteroides_s__Bacteroides_sp._HF-162",NA,NA
"X2785531","PFOS",-0.00391377811986214,0.0033662779976294,-0.0107985896642729,0.00297103342454863,0.254453109517347,37,-0.00351263534451521,0.00302125125947442,0.795964792514997,"Bacteroides sp. HF-162","Species","Bacteroides sp. HF-162","d__Bacteria;p__Bacteroidota;c__Bacteroidia;o__Bacteroidales;f__Bacteroidaceae;g__Bacteroides_s__Bacteroides_sp._HF-162",NA,NA
"X2798729","PFOS",5.2894846705677e-05,0.00184971918323042,-0.00373020565645868,0.00383599534987003,0.977382571834706,37,4.7473388217424e-05,0.00166013217445037,0.988310409423479,"Enterobacter cloacae complex sp. AR_0002","Species","Enterobacter cloacae complex sp. AR_0002","d__Bacteria;p__Pseudomonadota;c__Gammaproteobacteria;o__Enterobacterales;f__Enterobacteriaceae;g__Enterobacter_s__Enterobacter_cloacae_complex_sp._AR_0002",NA,NA
"X2798729","PFNA",-0.000413166112069164,0.00123936724780457,-0.0029479567447675,0.00212162452062918,0.741254459336614,37,-0.000639711479492945,0.00191893147227777,0.990580077525717,"Enterobacter cloacae complex sp. AR_0002","Species","Enterobacter cloacae complex sp. AR_0002","d__Bacteria;p__Pseudomonadota;c__Gammaproteobacteria;o__Enterobacterales;f__Enterobacteriaceae;g__Enterobacter_s__Enterobacter_cloacae_complex_sp._AR_0002",NA,NA
"X2798729","PFBS",0.00053550139311241,0.00146013975021393,-0.00245081970568136,0.00352182249190618,0.716470458494267,37,0.000531743137829066,0.00144989219903807,0.964479463357667,"Enterobacter cloacae complex sp. AR_0002","Species","Enterobacter cloacae complex sp. AR_0002","d__Bacteria;p__Pseudomonadota;c__Gammaproteobacteria;o__Enterobacterales;f__Enterobacteriaceae;g__Enterobacter_s__Enterobacter_cloacae_complex_sp._AR_0002",NA,NA
"X2798729","PFHxS",0.00072734398709335,0.00215170253474475,-0.00367338181801868,0.00512806979220538,0.737774132914724,37,0.000722508377642951,0.00213739734587113,0.967984616802768,"Enterobacter cloacae complex sp. AR_0002","Species","Enterobacter cloacae complex sp. AR_0002","d__Bacteria;p__Pseudomonadota;c__Gammaproteobacteria;o__Enterobacterales;f__Enterobacteriaceae;g__Enterobacter_s__Enterobacter_cloacae_complex_sp._AR_0002",NA,NA
"X2798729","PFOA",0.000597931965324839,0.00150130953465389,-0.00247259079696574,0.00366845472761542,0.693345631170533,37,0.000513609434715613,0.00128958942846923,0.921731798726478,"Enterobacter cloacae complex sp. AR_0002","Species","Enterobacter cloacae complex sp. AR_0002","d__Bacteria;p__Pseudomonadota;c__Gammaproteobacteria;o__Enterobacterales;f__Enterobacteriaceae;g__Enterobacter_s__Enterobacter_cloacae_complex_sp._AR_0002",NA,NA
"X28116","PFOA",-0.000956215256596676,0.00197212563339108,-0.00498966506001784,0.00307723454682449,0.631414379787581,37,-0.000821366319059814,0.00169400933633625,0.921731798726478,"Bacteroides ovatus","Species","Bacteroides ovatus","d__Bacteria;p__Bacteroidota;c__Bacteroidia;o__Bacteroidales;f__Bacteroidaceae;g__Bacteroides_s__Bacteroides_ovatus",NA,NA
"X28116","PFOS",0.00263176423345826,0.00238342909192943,-0.00224289559527725,0.00750642406219377,0.278587677380249,37,0.00236202149988056,0.00213913947419994,0.795964792514997,"Bacteroides ovatus","Species","Bacteroides ovatus","d__Bacteria;p__Bacteroidota;c__Bacteroidia;o__Bacteroidales;f__Bacteroidaceae;g__Bacteroides_s__Bacteroides_ovatus",NA,NA
"X28116","PFHxS",-0.000535562919965725,0.00283401403781254,-0.00633177243632013,0.00526064659638868,0.851427348755976,37,-0.000532002330804303,0.00281517262947345,0.967984616802768,"Bacteroides ovatus","Species","Bacteroides ovatus","d__Bacteria;p__Bacteroidota;c__Bacteroidia;o__Bacteroidales;f__Bacteroidaceae;g__Bacteroides_s__Bacteroides_ovatus",NA,NA
"X28116","PFNA",0.00137890322740619,0.00161309519677784,-0.00192024688462574,0.00467805333943811,0.399658832518268,37,0.00213497718693334,0.00249758023407538,0.990580077525717,"Bacteroides ovatus","Species","Bacteroides ovatus","d__Bacteria;p__Bacteroidota;c__Bacteroidia;o__Bacteroidales;f__Bacteroidaceae;g__Bacteroides_s__Bacteroides_ovatus",NA,NA
"X28116","PFBS",-0.00144698670167523,0.0019061618781036,-0.00534552547747606,0.0024515520741256,0.453913093201124,37,-0.00143683146121004,0.00189278405492437,0.924516850409324,"Bacteroides ovatus","Species","Bacteroides ovatus","d__Bacteria;p__Bacteroidota;c__Bacteroidia;o__Bacteroidales;f__Bacteroidaceae;g__Bacteroides_s__Bacteroides_ovatus",NA,NA
"X2831966","PFBS",-0.00725049105691657,0.0028616399561657,-0.013103201920378,-0.00139778019345515,0.0169491219204613,37,-0.00719960566862072,0.00284155639779851,0.924516850409324,"Ruminococcus sp. FMBCY1","Species","Ruminococcus sp. FMBCY1","d__Bacteria;p__Bacillota;c__Clostridia;o__Eubacteriales;f__Oscillospiraceae;g__Ruminococcus_s__Ruminococcus_sp._FMBCY1",NA,NA
"X2831966","PFOA",-0.00314934860337017,0.0032000676549541,-0.00969422182811237,0.00339552462137204,0.333181560067706,37,-0.0027052160608617,0.002748782528159,0.871152209996706,"Ruminococcus sp. FMBCY1","Species","Ruminococcus sp. FMBCY1","d__Bacteria;p__Bacillota;c__Clostridia;o__Eubacteriales;f__Oscillospiraceae;g__Ruminococcus_s__Ruminococcus_sp._FMBCY1",NA,NA
"X2831966","PFOS",-0.00505779472991047,0.00388523855659637,-0.0130039997926182,0.0028884103327973,0.20323183009381,37,-0.00453939594670025,0.00348702094442043,0.782370623050135,"Ruminococcus sp. FMBCY1","Species","Ruminococcus sp. FMBCY1","d__Bacteria;p__Bacillota;c__Clostridia;o__Eubacteriales;f__Oscillospiraceae;g__Ruminococcus_s__Ruminococcus_sp._FMBCY1",NA,NA
"X2831966","PFNA",0.000868663303702114,0.00267844499666154,-0.00460937179829209,0.00634669840569632,0.74802633454997,37,0.00134496482397735,0.00414707780116294,0.990580077525717,"Ruminococcus sp. FMBCY1","Species","Ruminococcus sp. FMBCY1","d__Bacteria;p__Bacillota;c__Clostridia;o__Eubacteriales;f__Oscillospiraceae;g__Ruminococcus_s__Ruminococcus_sp._FMBCY1",NA,NA
"X2831966","PFHxS",-0.00810074003259235,0.00440926627322276,-0.0171187021146435,0.00091722204945884,0.0764469520797923,37,-0.00804688378884533,0.00437995209720911,0.967141731199802,"Ruminococcus sp. FMBCY1","Species","Ruminococcus sp. FMBCY1","d__Bacteria;p__Bacillota;c__Clostridia;o__Eubacteriales;f__Oscillospiraceae;g__Ruminococcus_s__Ruminococcus_sp._FMBCY1",NA,NA
"X2843318","PFNA",0.00057361061576789,0.00196109437181354,-0.00343727772448477,0.00458449895602055,0.771990611747413,37,0.000888130185285645,0.00303639273737948,0.990580077525717,"Clostridium sp. CF011","Species","Clostridium sp. CF011","d__Bacteria;p__Bacillota;c__Clostridia;o__Eubacteriales;f__Clostridiaceae;g__Clostridium_s__Clostridium_sp._CF011",NA,NA
"X2843318","PFOA",0.0023190851609994,0.00234174799293547,-0.002470327248557,0.00710849757055579,0.330208129358048,37,0.00199203937516733,0.00201150621249124,0.871152209996706,"Clostridium sp. CF011","Species","Clostridium sp. CF011","d__Bacteria;p__Bacillota;c__Clostridia;o__Eubacteriales;f__Clostridiaceae;g__Clostridium_s__Clostridium_sp._CF011",NA,NA
"X2843318","PFBS",0.00211240530600754,0.00228128554311941,-0.00255334750894908,0.00677815812096416,0.362103023801944,37,0.00209758002543128,0.00226527502745032,0.924516850409324,"Clostridium sp. CF011","Species","Clostridium sp. CF011","d__Bacteria;p__Bacillota;c__Clostridia;o__Eubacteriales;f__Clostridiaceae;g__Clostridium_s__Clostridium_sp._CF011",NA,NA
"X2843318","PFHxS",0.00369669626543344,0.00334010530163041,-0.00313458610530567,0.0105279786361725,0.277493972111524,37,0.00367211947685253,0.00331789924088268,0.967141731199802,"Clostridium sp. CF011","Species","Clostridium sp. CF011","d__Bacteria;p__Bacillota;c__Clostridia;o__Eubacteriales;f__Clostridiaceae;g__Clostridium_s__Clostridium_sp._CF011",NA,NA
"X2843318","PFOS",0.00341172406014218,0.00285621083733971,-0.00242988300856566,0.00925333112885002,0.241963738052236,37,0.00306203932680029,0.00256346344411069,0.787788914588675,"Clostridium sp. CF011","Species","Clostridium sp. CF011","d__Bacteria;p__Bacillota;c__Clostridia;o__Eubacteriales;f__Clostridiaceae;g__Clostridium_s__Clostridium_sp._CF011",NA,NA
"X2849865","PFBS",-0.0025235946925374,0.00130119257570844,-0.00518483231849931,0.000137642933424502,0.0622302735829918,37,-0.00250588360306456,0.00129206054741645,0.924516850409324,"Clostridium sp. CM027","Species","Clostridium sp. CM027","d__Bacteria;p__Bacillota;c__Clostridia;o__Eubacteriales;f__Clostridiaceae;g__Clostridium_s__Clostridium_sp._CM027",NA,NA
"X2849865","PFHxS",-0.00178279385757762,0.00201025115797067,-0.00589421911399084,0.00232863139883559,0.382454881850107,37,-0.00177094128853355,0.00199688638192295,0.967984616802768,"Clostridium sp. CM027","Species","Clostridium sp. CM027","d__Bacteria;p__Bacillota;c__Clostridia;o__Eubacteriales;f__Clostridiaceae;g__Clostridium_s__Clostridium_sp._CM027",NA,NA
"X2849865","PFNA",-0.00167699147466227,0.00113134944655066,-0.00399086089835811,0.000636877949033576,0.149048453060892,37,-0.00259651182905744,0.00175168584047691,0.990580077525717,"Clostridium sp. CM027","Species","Clostridium sp. CM027","d__Bacteria;p__Bacillota;c__Clostridia;o__Eubacteriales;f__Clostridiaceae;g__Clostridium_s__Clostridium_sp._CM027",NA,NA
"X2849865","PFOA",0.000672521402071106,0.00141709762158277,-0.00222576865938573,0.00357081146352795,0.638643120122056,37,0.000577679999035073,0.00121725338427518,0.921731798726478,"Clostridium sp. CM027","Species","Clostridium sp. CM027","d__Bacteria;p__Bacillota;c__Clostridia;o__Eubacteriales;f__Clostridiaceae;g__Clostridium_s__Clostridium_sp._CM027",NA,NA
"X2849865","PFOS",-0.000140992807277269,0.00174778556275715,-0.00371561564831978,0.00343363003376524,0.936259029561801,37,-0.000126541746362975,0.00156864624267214,0.987238062321552,"Clostridium sp. CM027","Species","Clostridium sp. CM027","d__Bacteria;p__Bacillota;c__Clostridia;o__Eubacteriales;f__Clostridiaceae;g__Clostridium_s__Clostridium_sp._CM027",NA,NA
"X2850492","PFOS",0.00283850909501104,0.00191034184051203,-0.00106857866381051,0.00674559685383258,0.148106204607447,37,0.00254757604225527,0.00171454131112705,0.680811403513181,"Enterobacter cloacae complex sp. ECL78","Species","Enterobacter cloacae complex sp. ECL78","d__Bacteria;p__Pseudomonadota;c__Gammaproteobacteria;o__Enterobacterales;f__Enterobacteriaceae;g__Enterobacter_s__Enterobacter_cloacae_complex_sp._ECL78",NA,NA
"X2850492","PFBS",-0.00133529011164714,0.00154821508584214,-0.0045017454976085,0.00183116527431423,0.395505002139139,37,-0.00132591878006623,0.00153734940444344,0.924516850409324,"Enterobacter cloacae complex sp. ECL78","Species","Enterobacter cloacae complex sp. ECL78","d__Bacteria;p__Pseudomonadota;c__Gammaproteobacteria;o__Enterobacterales;f__Enterobacteriaceae;g__Enterobacter_s__Enterobacter_cloacae_complex_sp._ECL78",NA,NA
"X2850492","PFOA",0.00212454191076396,0.00156382565867256,-0.00107384068148086,0.00532292450300878,0.184762494065174,37,0.00182493131843904,0.00134328930233431,0.871152209996706,"Enterobacter cloacae complex sp. ECL78","Species","Enterobacter cloacae complex sp. ECL78","d__Bacteria;p__Pseudomonadota;c__Gammaproteobacteria;o__Enterobacterales;f__Enterobacteriaceae;g__Enterobacter_s__Enterobacter_cloacae_complex_sp._ECL78",NA,NA
"X2850492","PFHxS",0.00124182352285258,0.00229822515470884,-0.00345857468785296,0.00594222173355812,0.593088382636156,37,0.00123356749314808,0.00228294583780452,0.967984616802768,"Enterobacter cloacae complex sp. ECL78","Species","Enterobacter cloacae complex sp. ECL78","d__Bacteria;p__Pseudomonadota;c__Gammaproteobacteria;o__Enterobacterales;f__Enterobacteriaceae;g__Enterobacter_s__Enterobacter_cloacae_complex_sp._ECL78",NA,NA
"X2850492","PFNA",-0.00319218337850503,0.0011909748019168,-0.0056280003464184,-0.000756366410591654,0.0120010289582534,37,-0.00494250688094767,0.00184400470008895,0.560048018051828,"Enterobacter cloacae complex sp. ECL78","Species","Enterobacter cloacae complex sp. ECL78","d__Bacteria;p__Pseudomonadota;c__Gammaproteobacteria;o__Enterobacterales;f__Enterobacteriaceae;g__Enterobacter_s__Enterobacter_cloacae_complex_sp._ECL78",NA,NA
"X2850493","PFBS",0.00397125136512854,0.00204870251176556,-0.00021881573984611,0.00816131847010318,0.0623605221951966,37,0.00394338033320137,0.00203432431006922,0.924516850409324,"Enterobacter cloacae complex sp. ECL112","Species","Enterobacter cloacae complex sp. ECL112","d__Bacteria;p__Pseudomonadota;c__Gammaproteobacteria;o__Enterobacterales;f__Enterobacteriaceae;g__Enterobacter_s__Enterobacter_cloacae_complex_sp._ECL112",NA,NA
"X2850493","PFHxS",-0.0013638589257876,0.00319752575221246,-0.00790353337569519,0.00517581552411999,0.672867256091592,37,-0.00135479156670087,0.00317626760473387,0.967984616802768,"Enterobacter cloacae complex sp. ECL112","Species","Enterobacter cloacae complex sp. ECL112","d__Bacteria;p__Pseudomonadota;c__Gammaproteobacteria;o__Enterobacterales;f__Enterobacteriaceae;g__Enterobacter_s__Enterobacter_cloacae_complex_sp._ECL112",NA,NA
"X2850493","PFOA",0.00305244328333005,0.00216679139705377,-0.00137914271024246,0.00748402927690256,0.169544663976077,37,0.00262197667990688,0.00186122262920472,0.871152209996706,"Enterobacter cloacae complex sp. ECL112","Species","Enterobacter cloacae complex sp. ECL112","d__Bacteria;p__Pseudomonadota;c__Gammaproteobacteria;o__Enterobacterales;f__Enterobacteriaceae;g__Enterobacter_s__Enterobacter_cloacae_complex_sp._ECL112",NA,NA
"X2850493","PFOS",0.000538811437988525,0.00275017686987316,-0.0050859318173838,0.00616355469336085,0.846040088987186,37,0.000483585947681221,0.00246829743049536,0.975138740801322,"Enterobacter cloacae complex sp. ECL112","Species","Enterobacter cloacae complex sp. ECL112","d__Bacteria;p__Pseudomonadota;c__Gammaproteobacteria;o__Enterobacterales;f__Enterobacteriaceae;g__Enterobacter_s__Enterobacter_cloacae_complex_sp._ECL112",NA,NA
"X2850493","PFNA",-0.00146454736276859,0.00182729643367529,-0.00520178819388466,0.00227269346834748,0.429370530176943,37,-0.00226758132590349,0.00282923132104048,0.990580077525717,"Enterobacter cloacae complex sp. ECL112","Species","Enterobacter cloacae complex sp. ECL112","d__Bacteria;p__Pseudomonadota;c__Gammaproteobacteria;o__Enterobacterales;f__Enterobacteriaceae;g__Enterobacter_s__Enterobacter_cloacae_complex_sp._ECL112",NA,NA
"X2857061","PFOS",0.000258351632211196,0.00180895644837688,-0.0034413797173363,0.0039580829817587,0.887421577894044,37,0.000231871875927961,0.00162354741701126,0.975138740801322,"Escherichia sp. TC-EC600-tetX4","Species","Escherichia sp. TC-EC600-tetX4","d__Bacteria;p__Pseudomonadota;c__Gammaproteobacteria;o__Enterobacterales;f__Enterobacteriaceae;g__Escherichia_s__Escherichia_sp._TC-EC600-tetX4",NA,NA
"X2857061","PFHxS",0.00108893599950218,0.00209942241176158,-0.00320486494839033,0.00538273694739468,0.607916988173513,37,0.00108169641368926,0.00208546479743488,0.967984616802768,"Escherichia sp. TC-EC600-tetX4","Species","Escherichia sp. TC-EC600-tetX4","d__Bacteria;p__Pseudomonadota;c__Gammaproteobacteria;o__Enterobacterales;f__Enterobacteriaceae;g__Escherichia_s__Escherichia_sp._TC-EC600-tetX4",NA,NA
"X2857061","PFNA",0.000773384373625089,0.00120626606551708,-0.00169370673986923,0.00324047548711941,0.526467179122372,37,0.00119744298338197,0.00186768039994744,0.990580077525717,"Escherichia sp. TC-EC600-tetX4","Species","Escherichia sp. TC-EC600-tetX4","d__Bacteria;p__Pseudomonadota;c__Gammaproteobacteria;o__Enterobacterales;f__Enterobacteriaceae;g__Escherichia_s__Escherichia_sp._TC-EC600-tetX4",NA,NA
"X2857061","PFOA",0.00175242071313555,0.00143632953917749,-0.00118520303626106,0.00469004446253215,0.232268025453853,37,0.00150528799939388,0.00123377314722003,0.871152209996706,"Escherichia sp. TC-EC600-tetX4","Species","Escherichia sp. TC-EC600-tetX4","d__Bacteria;p__Pseudomonadota;c__Gammaproteobacteria;o__Enterobacterales;f__Enterobacteriaceae;g__Escherichia_s__Escherichia_sp._TC-EC600-tetX4",NA,NA
"X2857061","PFBS",-0.000871122430026612,0.00142258539693651,-0.00378063625230627,0.00203839139225305,0.545077165852693,37,-0.000865008719554155,0.00141260140968118,0.924516850409324,"Escherichia sp. TC-EC600-tetX4","Species","Escherichia sp. TC-EC600-tetX4","d__Bacteria;p__Pseudomonadota;c__Gammaproteobacteria;o__Enterobacterales;f__Enterobacteriaceae;g__Escherichia_s__Escherichia_sp._TC-EC600-tetX4",NA,NA
"X2860337","PFHxS",0.000651467108110725,0.0030400546157631,-0.00556614270575032,0.00686907692197177,0.831817072428106,37,0.000647135951793349,0.00301984338546413,0.967984616802768,"Escherichia sp. TM-G17TGC","Species","Escherichia sp. TM-G17TGC","d__Bacteria;p__Pseudomonadota;c__Gammaproteobacteria;o__Enterobacterales;f__Enterobacteriaceae;g__Escherichia_s__Escherichia_sp._TM-G17TGC",NA,NA
"X2860337","PFNA",0.000877716482193125,0.00174474782243485,-0.00269069348229712,0.00444612644668337,0.618720166595578,37,0.00135898200021089,0.00270142002992988,0.990580077525717,"Escherichia sp. TM-G17TGC","Species","Escherichia sp. TM-G17TGC","d__Bacteria;p__Pseudomonadota;c__Gammaproteobacteria;o__Enterobacterales;f__Enterobacteriaceae;g__Escherichia_s__Escherichia_sp._TM-G17TGC",NA,NA
"X2860337","PFOA",-0.00336171500566808,0.00203064825853101,-0.00751485701676086,0.000791427005424698,0.108608989344687,37,-0.00288763378421851,0.00174427888899324,0.871152209996706,"Escherichia sp. TM-G17TGC","Species","Escherichia sp. TM-G17TGC","d__Bacteria;p__Pseudomonadota;c__Gammaproteobacteria;o__Enterobacterales;f__Enterobacteriaceae;g__Escherichia_s__Escherichia_sp._TM-G17TGC",NA,NA
"X2860337","PFBS",-0.00330054885070256,0.00197228758862781,-0.00733432988977458,0.000733232188369464,0.104991082012345,37,-0.00327738494241842,0.0019584456820603,0.924516850409324,"Escherichia sp. TM-G17TGC","Species","Escherichia sp. TM-G17TGC","d__Bacteria;p__Pseudomonadota;c__Gammaproteobacteria;o__Enterobacterales;f__Enterobacteriaceae;g__Escherichia_s__Escherichia_sp._TM-G17TGC",NA,NA
"X2860337","PFOS",0.00221888657664826,0.00257763758433736,-0.00305297421751384,0.00749074737081037,0.39639771571177,37,0.00199146174767812,0.00231344256286382,0.917496588638124,"Escherichia sp. TM-G17TGC","Species","Escherichia sp. TM-G17TGC","d__Bacteria;p__Pseudomonadota;c__Gammaproteobacteria;o__Enterobacterales;f__Enterobacteriaceae;g__Escherichia_s__Escherichia_sp._TM-G17TGC",NA,NA
"X2873296","PFNA",0.000109738315751365,0.00176165162582713,-0.00349324380850156,0.00371272044000429,0.950756980273286,37,0.000169909530999044,0.00272759245008065,0.990580077525717,"Klebsiella sp. CTHL.F3a","Species","Klebsiella sp. CTHL.F3a","d__Bacteria;p__Pseudomonadota;c__Gammaproteobacteria;o__Enterobacterales;f__Enterobacteriaceae;g__Klebsiella_s__Klebsiella_sp._CTHL.F3a",NA,NA
"X2873296","PFOS",-0.00417892085692973,0.00250705053531897,-0.00930641492608875,0.000948573212229296,0.106306692476629,37,-0.00375060227085643,0.00225009033500279,0.59531747786912,"Klebsiella sp. CTHL.F3a","Species","Klebsiella sp. CTHL.F3a","d__Bacteria;p__Pseudomonadota;c__Gammaproteobacteria;o__Enterobacterales;f__Enterobacteriaceae;g__Klebsiella_s__Klebsiella_sp._CTHL.F3a",NA,NA
"X2873296","PFOA",0.000765017106421186,0.00213113268077768,-0.00359363862362306,0.00512367283646543,0.72221643800186,37,0.000657131624269823,0.00183059263420303,0.921731798726478,"Klebsiella sp. CTHL.F3a","Species","Klebsiella sp. CTHL.F3a","d__Bacteria;p__Pseudomonadota;c__Gammaproteobacteria;o__Enterobacterales;f__Enterobacteriaceae;g__Klebsiella_s__Klebsiella_sp._CTHL.F3a",NA,NA
"X2873296","PFBS",0.00222336349600021,0.00203497176242555,-0.00193862107341554,0.00638534806541597,0.283573110683319,37,0.00220775948877799,0.002020689925859,0.924516850409324,"Klebsiella sp. CTHL.F3a","Species","Klebsiella sp. CTHL.F3a","d__Bacteria;p__Pseudomonadota;c__Gammaproteobacteria;o__Enterobacterales;f__Enterobacteriaceae;g__Klebsiella_s__Klebsiella_sp._CTHL.F3a",NA,NA
"X2873296","PFHxS",-0.00473940046182648,0.00292948159936151,-0.010730863064923,0.00125206214126999,0.116526391292048,37,-0.00470789145086453,0.00291000549292767,0.967141731199802,"Klebsiella sp. CTHL.F3a","Species","Klebsiella sp. CTHL.F3a","d__Bacteria;p__Pseudomonadota;c__Gammaproteobacteria;o__Enterobacterales;f__Enterobacteriaceae;g__Klebsiella_s__Klebsiella_sp._CTHL.F3a",NA,NA
"X2894203","PFBS",0.000525042022434955,0.00270625697769577,-0.00500987496757689,0.0060599590124468,0.847520349931898,37,0.000521357173095302,0.00268726392797577,0.985055878681677,"Enterobacter sp. AN-K1","Species","Enterobacter sp. AN-K1","d__Bacteria;p__Pseudomonadota;c__Gammaproteobacteria;o__Enterobacterales;f__Enterobacteriaceae;g__Enterobacter_s__Enterobacter_sp._AN-K1",NA,NA
"X2894203","PFHxS",0.00533206929403851,0.003864384896902,-0.00257148524571539,0.0132356238337924,0.17819543614225,37,0.00529662003601759,0.00383869326205105,0.967141731199802,"Enterobacter sp. AN-K1","Species","Enterobacter sp. AN-K1","d__Bacteria;p__Pseudomonadota;c__Gammaproteobacteria;o__Enterobacterales;f__Enterobacteriaceae;g__Enterobacter_s__Enterobacter_sp._AN-K1",NA,NA
"X2894203","PFNA",0.00096303599863575,0.00229067028934282,-0.00372191077748088,0.00564798277475238,0.677280102904123,37,0.00149108352668844,0.00354668022623483,0.990580077525717,"Enterobacter sp. AN-K1","Species","Enterobacter sp. AN-K1","d__Bacteria;p__Pseudomonadota;c__Gammaproteobacteria;o__Enterobacterales;f__Enterobacteriaceae;g__Enterobacter_s__Enterobacter_sp._AN-K1",NA,NA
"X2894203","PFOS",0.000852547823122114,0.00341899368764348,-0.00614007941311094,0.00784517505935516,0.804842887608984,37,0.000765165915050322,0.00306856385366934,0.975138740801322,"Enterobacter sp. AN-K1","Species","Enterobacter sp. AN-K1","d__Bacteria;p__Pseudomonadota;c__Gammaproteobacteria;o__Enterobacterales;f__Enterobacteriaceae;g__Enterobacter_s__Enterobacter_sp._AN-K1",NA,NA
"X2894203","PFOA",-0.00216465477956232,0.00275636389060988,-0.00780205191314187,0.00347274235401724,0.438629540760309,37,-0.0018593873252477,0.00236765147512654,0.871152209996706,"Enterobacter sp. AN-K1","Species","Enterobacter sp. AN-K1","d__Bacteria;p__Pseudomonadota;c__Gammaproteobacteria;o__Enterobacterales;f__Enterobacteriaceae;g__Enterobacter_s__Enterobacter_sp._AN-K1",NA,NA
"X2897413","PFOA",-0.000332859797227166,0.00186114472449756,-0.00413932815606847,0.00347360856161414,0.859301627040672,37,-0.000285918703477445,0.00159867935702989,0.981479963333716,"Klebsiella sp. KPN54798","Species","Klebsiella sp. KPN54798","d__Bacteria;p__Pseudomonadota;c__Gammaproteobacteria;o__Enterobacterales;f__Enterobacteriaceae;g__Klebsiella_s__Klebsiella_sp._KPN54798",NA,NA
"X2897413","PFOS",0.000991228499889551,0.0022806933550962,-0.00367331315456828,0.00565577015434738,0.667057312886689,37,0.000889632512771438,0.00204693363899589,0.975138740801322,"Klebsiella sp. KPN54798","Species","Klebsiella sp. KPN54798","d__Bacteria;p__Pseudomonadota;c__Gammaproteobacteria;o__Enterobacterales;f__Enterobacteriaceae;g__Klebsiella_s__Klebsiella_sp._KPN54798",NA,NA
"X2897413","PFHxS",-0.00261679566222267,0.00262222059493698,-0.00797983895119864,0.0027462476267533,0.326567183003057,37,-0.00259939838932491,0.00260478725539625,0.967984616802768,"Klebsiella sp. KPN54798","Species","Klebsiella sp. KPN54798","d__Bacteria;p__Pseudomonadota;c__Gammaproteobacteria;o__Enterobacterales;f__Enterobacteriaceae;g__Klebsiella_s__Klebsiella_sp._KPN54798",NA,NA
"X2897413","PFBS",-8.97960038813585e-05,0.00181027931996108,-0.00379223292960559,0.00361264092184287,0.960778508733358,37,-8.91657976664898e-05,0.00179757441964508,0.993424213527658,"Klebsiella sp. KPN54798","Species","Klebsiella sp. KPN54798","d__Bacteria;p__Pseudomonadota;c__Gammaproteobacteria;o__Enterobacterales;f__Enterobacteriaceae;g__Klebsiella_s__Klebsiella_sp._KPN54798",NA,NA
"X2897413","PFNA",0.000821931797806421,0.00152841273006049,-0.00230402322312626,0.0039478868187391,0.594840327801269,37,0.00127260971085892,0.00236646506153721,0.990580077525717,"Klebsiella sp. KPN54798","Species","Klebsiella sp. KPN54798","d__Bacteria;p__Pseudomonadota;c__Gammaproteobacteria;o__Enterobacterales;f__Enterobacteriaceae;g__Klebsiella_s__Klebsiella_sp._KPN54798",NA,NA
"X290053","PFOS",0.00285872539348903,0.00254065460449989,-0.00233749671405508,0.00805494750103314,0.269734146735677,37,0.00256572027077162,0.00228025015436644,0.795964792514997,"Bacteroides helcogenes","Species","Bacteroides helcogenes","d__Bacteria;p__Bacteroidota;c__Bacteroidia;o__Bacteroidales;f__Bacteroidaceae;g__Bacteroides_s__Bacteroides_helcogenes",NA,NA
"X290053","PFBS",-0.00106273634806587,0.00204407690870379,-0.00524334303254585,0.0031178703364141,0.607072519805283,37,-0.00105527785300631,0.00202973117040973,0.929468620815847,"Bacteroides helcogenes","Species","Bacteroides helcogenes","d__Bacteria;p__Bacteroidota;c__Bacteroidia;o__Bacteroidales;f__Bacteroidaceae;g__Bacteroides_s__Bacteroides_helcogenes",NA,NA
"X290053","PFHxS",-0.00201466328264255,0.00300194112583935,-0.0081543222571464,0.00412499569186131,0.50745468894738,37,-0.00200126917341529,0.00298198328589671,0.967984616802768,"Bacteroides helcogenes","Species","Bacteroides helcogenes","d__Bacteria;p__Bacteroidota;c__Bacteroidia;o__Bacteroidales;f__Bacteroidaceae;g__Bacteroides_s__Bacteroides_helcogenes",NA,NA
"X290053","PFNA",-0.00101059077853765,0.00173224588418354,-0.00455343140833219,0.00253224985125689,0.56413469086116,37,-0.00156471332767976,0.00268206308563639,0.990580077525717,"Bacteroides helcogenes","Species","Bacteroides helcogenes","d__Bacteria;p__Bacteroidota;c__Bacteroidia;o__Bacteroidales;f__Bacteroidaceae;g__Bacteroides_s__Bacteroides_helcogenes",NA,NA
"X290053","PFOA",0.00188103265431137,0.00208327710709641,-0.00237974743789868,0.00614181274652141,0.374007449372051,37,0.00161576261897557,0.00178948582678712,0.871152209996706,"Bacteroides helcogenes","Species","Bacteroides helcogenes","d__Bacteria;p__Bacteroidota;c__Bacteroidia;o__Bacteroidales;f__Bacteroidaceae;g__Bacteroides_s__Bacteroides_helcogenes",NA,NA
"X2912628","PFOS",0.00487092716300739,0.00233762215854017,8.99530322547954e-05,0.00965190129375998,0.0461073011250707,37,0.0043716813752185,0.0020980275234661,0.493117013625033,"Enterobacter cloacae complex sp. ECL414","Species","Enterobacter cloacae complex sp. ECL414","d__Bacteria;p__Pseudomonadota;c__Gammaproteobacteria;o__Enterobacterales;f__Enterobacteriaceae;g__Enterobacter_s__Enterobacter_cloacae_complex_sp._ECL414",NA,NA
"X2912628","PFNA",-0.000861653474614777,0.00167500581707747,-0.00428742502244633,0.00256411807321677,0.610857978788242,37,-0.00133411139721881,0.00259343740471761,0.990580077525717,"Enterobacter cloacae complex sp. ECL414","Species","Enterobacter cloacae complex sp. ECL414","d__Bacteria;p__Pseudomonadota;c__Gammaproteobacteria;o__Enterobacterales;f__Enterobacteriaceae;g__Enterobacter_s__Enterobacter_cloacae_complex_sp._ECL414",NA,NA
"X2912628","PFHxS",0.00179178061138451,0.0029024134250014,-0.00414432135915225,0.00772788258192128,0.541826828541259,37,0.00177986829560106,0.00288311727622455,0.967984616802768,"Enterobacter cloacae complex sp. ECL414","Species","Enterobacter cloacae complex sp. ECL414","d__Bacteria;p__Pseudomonadota;c__Gammaproteobacteria;o__Enterobacterales;f__Enterobacteriaceae;g__Enterobacter_s__Enterobacter_cloacae_complex_sp._ECL414",NA,NA
"X2912628","PFBS",0.00149178756889536,0.00196371568879571,-0.00252446196655068,0.00550803710434139,0.453579946581451,37,0.00148131790703352,0.0019499339415261,0.924516850409324,"Enterobacter cloacae complex sp. ECL414","Species","Enterobacter cloacae complex sp. ECL414","d__Bacteria;p__Pseudomonadota;c__Gammaproteobacteria;o__Enterobacterales;f__Enterobacteriaceae;g__Enterobacter_s__Enterobacter_cloacae_complex_sp._ECL414",NA,NA
"X2912628","PFOA",0.00548087678109875,0.00176788234328727,0.0018651514088046,0.0090966021533929,0.00427548442795678,37,0.00470794369348816,0.00151856917448158,0.55753660821483,"Enterobacter cloacae complex sp. ECL414","Species","Enterobacter cloacae complex sp. ECL414","d__Bacteria;p__Pseudomonadota;c__Gammaproteobacteria;o__Enterobacterales;f__Enterobacteriaceae;g__Enterobacter_s__Enterobacter_cloacae_complex_sp._ECL414",NA,NA
"X2912629","PFOA",0.00170417926761685,0.00165416143757737,-0.00167896073738923,0.00508731927262293,0.311414778309299,37,0.00146384973718413,0.00142088560263026,0.871152209996706,"Enterobacter cloacae complex sp. ECL411","Species","Enterobacter cloacae complex sp. ECL411","d__Bacteria;p__Pseudomonadota;c__Gammaproteobacteria;o__Enterobacterales;f__Enterobacteriaceae;g__Enterobacter_s__Enterobacter_cloacae_complex_sp._ECL411",NA,NA
"X2912629","PFBS",-0.000637329924804477,0.00163301574453226,-0.00397722213159126,0.00270256228198231,0.699183130360267,37,-0.000632857016632926,0.00162155491524477,0.959663120102327,"Enterobacter cloacae complex sp. ECL411","Species","Enterobacter cloacae complex sp. ECL411","d__Bacteria;p__Pseudomonadota;c__Gammaproteobacteria;o__Enterobacterales;f__Enterobacteriaceae;g__Enterobacter_s__Enterobacter_cloacae_complex_sp._ECL411",NA,NA
"X2912629","PFOS",0.0012193284995412,0.00205695719565665,-0.00298762132961393,0.00542627832869633,0.557921292624327,37,0.00109435339789114,0.0018461293221888,0.975138740801322,"Enterobacter cloacae complex sp. ECL411","Species","Enterobacter cloacae complex sp. ECL411","d__Bacteria;p__Pseudomonadota;c__Gammaproteobacteria;o__Enterobacterales;f__Enterobacteriaceae;g__Enterobacter_s__Enterobacter_cloacae_complex_sp._ECL411",NA,NA
"X2912629","PFHxS",0.00172903640448704,0.00239046466040997,-0.00316001277745412,0.00661808558642821,0.475286191972253,37,0.00171754123174074,0.00237457210653197,0.967984616802768,"Enterobacter cloacae complex sp. ECL411","Species","Enterobacter cloacae complex sp. ECL411","d__Bacteria;p__Pseudomonadota;c__Gammaproteobacteria;o__Enterobacterales;f__Enterobacteriaceae;g__Enterobacter_s__Enterobacter_cloacae_complex_sp._ECL411",NA,NA
"X2912629","PFNA",-0.0004238634486147,0.00138695077373168,-0.00326049628322963,0.00241276938600023,0.762086015928119,37,-0.000656274331063486,0.00214743732733641,0.990580077525717,"Enterobacter cloacae complex sp. ECL411","Species","Enterobacter cloacae complex sp. ECL411","d__Bacteria;p__Pseudomonadota;c__Gammaproteobacteria;o__Enterobacterales;f__Enterobacteriaceae;g__Enterobacter_s__Enterobacter_cloacae_complex_sp._ECL411",NA,NA
"X2912630","PFBS",0.000135370304070134,0.00147309867806683,-0.00287745477809865,0.00314819538623892,0.92741338421615,37,0.000134420248352216,0.00146276017855789,0.993424213527658,"Enterobacter cloacae complex sp. ECL405","Species","Enterobacter cloacae complex sp. ECL405","d__Bacteria;p__Pseudomonadota;c__Gammaproteobacteria;o__Enterobacterales;f__Enterobacteriaceae;g__Enterobacter_s__Enterobacter_cloacae_complex_sp._ECL405",NA,NA
"X2912630","PFHxS",-0.00167759793050079,0.00214788755459458,-0.00607052122512555,0.00271532536412397,0.44110541214807,37,-0.00166644473675663,0.00213360772889766,0.967984616802768,"Enterobacter cloacae complex sp. ECL405","Species","Enterobacter cloacae complex sp. ECL405","d__Bacteria;p__Pseudomonadota;c__Gammaproteobacteria;o__Enterobacterales;f__Enterobacteriaceae;g__Enterobacter_s__Enterobacter_cloacae_complex_sp._ECL405",NA,NA
"X2912630","PFNA",0.00136547767697868,0.00122406041236914,-0.00113800696215986,0.00386896231611722,0.273781719939364,37,0.00211419019962702,0.00189523166230614,0.990580077525717,"Enterobacter cloacae complex sp. ECL405","Species","Enterobacter cloacae complex sp. ECL405","d__Bacteria;p__Pseudomonadota;c__Gammaproteobacteria;o__Enterobacterales;f__Enterobacteriaceae;g__Enterobacter_s__Enterobacter_cloacae_complex_sp._ECL405",NA,NA
"X2912630","PFOA",-0.000399899129653307,0.00151366079194796,-0.00349568304947933,0.00269588479017272,0.793499441701361,37,-0.000343503906523741,0.001300198866741,0.957671739984401,"Enterobacter cloacae complex sp. ECL405","Species","Enterobacter cloacae complex sp. ECL405","d__Bacteria;p__Pseudomonadota;c__Gammaproteobacteria;o__Enterobacterales;f__Enterobacteriaceae;g__Enterobacter_s__Enterobacter_cloacae_complex_sp._ECL405",NA,NA
"X2912630","PFOS",-0.000245133626263103,0.00186156391961294,-0.00405245933538023,0.00356219208285402,0.896145525623592,37,-0.00022000864979318,0.0016707628843142,0.975138740801322,"Enterobacter cloacae complex sp. ECL405","Species","Enterobacter cloacae complex sp. ECL405","d__Bacteria;p__Pseudomonadota;c__Gammaproteobacteria;o__Enterobacterales;f__Enterobacteriaceae;g__Enterobacter_s__Enterobacter_cloacae_complex_sp._ECL405",NA,NA
"X2912631","PFBS",0.0014997773749619,0.00239706060471156,-0.00340276202778272,0.00640231677770652,0.536422480078024,37,0.00148925163905199,0.00238023755663358,0.924516850409324,"Enterobacter cloacae complex sp. ECL404","Species","Enterobacter cloacae complex sp. ECL404","d__Bacteria;p__Pseudomonadota;c__Gammaproteobacteria;o__Enterobacterales;f__Enterobacteriaceae;g__Enterobacter_s__Enterobacter_cloacae_complex_sp._ECL404",NA,NA
"X2912631","PFHxS",-0.00271715311216345,0.00351891190679794,-0.0099141360520003,0.0044798298276734,0.446268699173353,37,-0.00269908863166934,0.00349551708402689,0.967984616802768,"Enterobacter cloacae complex sp. ECL404","Species","Enterobacter cloacae complex sp. ECL404","d__Bacteria;p__Pseudomonadota;c__Gammaproteobacteria;o__Enterobacterales;f__Enterobacteriaceae;g__Enterobacter_s__Enterobacter_cloacae_complex_sp._ECL404",NA,NA
"X2912631","PFOA",-0.00255800379255475,0.0024363803602863,-0.00754096112492225,0.00242495353981275,0.302426200268805,37,-0.00219726483627729,0.00209279318077442,0.871152209996706,"Enterobacter cloacae complex sp. ECL404","Species","Enterobacter cloacae complex sp. ECL404","d__Bacteria;p__Pseudomonadota;c__Gammaproteobacteria;o__Enterobacterales;f__Enterobacteriaceae;g__Enterobacter_s__Enterobacter_cloacae_complex_sp._ECL404",NA,NA
"X2912631","PFOS",0.00039599251522417,0.0030491380322218,-0.00584019497123005,0.00663218000167839,0.897565667038316,37,0.000355405253578579,0.00273661656186712,0.975138740801322,"Enterobacter cloacae complex sp. ECL404","Species","Enterobacter cloacae complex sp. ECL404","d__Bacteria;p__Pseudomonadota;c__Gammaproteobacteria;o__Enterobacterales;f__Enterobacteriaceae;g__Enterobacter_s__Enterobacter_cloacae_complex_sp._ECL404",NA,NA
"X2912631","PFNA",-0.000153138644576154,0.00204729350120278,-0.00434032399938172,0.00403404671022941,0.940887026207168,37,-0.000237106931153533,0.00316985618218243,0.990580077525717,"Enterobacter cloacae complex sp. ECL404","Species","Enterobacter cloacae complex sp. ECL404","d__Bacteria;p__Pseudomonadota;c__Gammaproteobacteria;o__Enterobacterales;f__Enterobacteriaceae;g__Enterobacter_s__Enterobacter_cloacae_complex_sp._ECL404",NA,NA
"X2923088","PFBS",-0.000123013736267133,0.00149518833942968,-0.00318101724863988,0.00293498977610561,0.934994811284717,37,-0.000122150401399668,0.00148469481028385,0.993424213527658,"Enterobacter sp. JH25","Species","Enterobacter sp. JH25","d__Bacteria;p__Pseudomonadota;c__Gammaproteobacteria;o__Enterobacterales;f__Enterobacteriaceae;g__Enterobacter_s__Enterobacter_sp._JH25",NA,NA
"X2923088","PFHxS",0.002452604010403,0.00215524783964328,-0.00195537275737792,0.00686058077818391,0.264448209864998,37,0.002436298334765,0.00214091908047806,0.967141731199802,"Enterobacter sp. JH25","Species","Enterobacter sp. JH25","d__Bacteria;p__Pseudomonadota;c__Gammaproteobacteria;o__Enterobacterales;f__Enterobacteriaceae;g__Enterobacter_s__Enterobacter_sp._JH25",NA,NA
"X2923088","PFNA",-5.90115340508824e-05,0.00126870815033404,-0.00265381105032942,0.00253578798222766,0.963220138447854,37,-9.13684705790171e-05,0.00196436044531911,0.990580077525717,"Enterobacter sp. JH25","Species","Enterobacter sp. JH25","d__Bacteria;p__Pseudomonadota;c__Gammaproteobacteria;o__Enterobacterales;f__Enterobacteriaceae;g__Enterobacter_s__Enterobacter_sp._JH25",NA,NA
"X2923088","PFOA",0.00263640897680916,0.00145817172328165,-0.000345887054966189,0.00561870500858452,0.0809852499464563,37,0.00226461303757608,0.0012525350674405,0.871152209996706,"Enterobacter sp. JH25","Species","Enterobacter sp. JH25","d__Bacteria;p__Pseudomonadota;c__Gammaproteobacteria;o__Enterobacterales;f__Enterobacteriaceae;g__Enterobacter_s__Enterobacter_sp._JH25",NA,NA
"X2923088","PFOS",0.00172073899933624,0.00186278201695067,-0.00208907799856302,0.0055305559972355,0.363240879962486,37,0.00154437181736995,0.00167185613273825,0.917496588638124,"Enterobacter sp. JH25","Species","Enterobacter sp. JH25","d__Bacteria;p__Pseudomonadota;c__Gammaproteobacteria;o__Enterobacterales;f__Enterobacteriaceae;g__Enterobacter_s__Enterobacter_sp._JH25",NA,NA
"X29341","PFBS",0.00183297551434513,0.002161725992727,-0.00258825056414888,0.00625420159283913,0.403425654075248,37,0.00182011132762287,0.0021465545697619,0.924516850409324,"Clostridium argentinense","Species","Clostridium argentinense","d__Bacteria;p__Bacillota;c__Clostridia;o__Eubacteriales;f__Clostridiaceae;g__Clostridium_s__Clostridium_argentinense",NA,NA
"X29341","PFHxS",-0.000641053552112584,0.00322150757890847,-0.00722977634485136,0.00594766924062619,0.843657765150846,37,-0.000636791628360117,0.00320008999277381,0.967984616802768,"Clostridium argentinense","Species","Clostridium argentinense","d__Bacteria;p__Bacillota;c__Clostridia;o__Eubacteriales;f__Clostridiaceae;g__Clostridium_s__Clostridium_argentinense",NA,NA
"X29341","PFNA",-0.00270746817040428,0.00178737025098924,-0.00636305078919366,0.000948114448385092,0.140653266408976,37,-0.00419201482981122,0.0027674129950682,0.990580077525717,"Clostridium argentinense","Species","Clostridium argentinense","d__Bacteria;p__Bacillota;c__Clostridia;o__Eubacteriales;f__Clostridiaceae;g__Clostridium_s__Clostridium_argentinense",NA,NA
"X29341","PFOA",0.00113732250179097,0.00224106306070352,-0.00344616609984852,0.00572081110343046,0.615647377263849,37,0.000976933164823962,0.00192502023394025,0.921731798726478,"Clostridium argentinense","Species","Clostridium argentinense","d__Bacteria;p__Bacillota;c__Clostridia;o__Eubacteriales;f__Clostridiaceae;g__Clostridium_s__Clostridium_argentinense",NA,NA
"X29341","PFOS",-0.00072925857522529,0.00276254944530042,-0.00637930658861096,0.00492078943816038,0.793662030781586,37,-0.000654513201355777,0.00247940187852932,0.975138740801322,"Clostridium argentinense","Species","Clostridium argentinense","d__Bacteria;p__Bacillota;c__Clostridia;o__Eubacteriales;f__Clostridiaceae;g__Clostridium_s__Clostridium_argentinense",NA,NA
"X29466","PFBS",-0.000814026638114708,0.00155600353641301,-0.00399641119404991,0.0023683579178205,0.604843070624419,37,-0.000808313637265736,0.00154508319411915,0.929468620815847,"Veillonella parvula","Species","Veillonella parvula","d__Bacteria;p__Bacillota;c__Negativicutes;o__Veillonellales;f__Veillonellaceae;g__Veillonella_s__Veillonella_parvula",NA,NA
"X29466","PFHxS",-0.00126390483965645,0.00229097365046392,-0.00594947205893022,0.00342166237961732,0.585387991261312,37,-0.00125550200647779,0.00227574254381922,0.967984616802768,"Veillonella parvula","Species","Veillonella parvula","d__Bacteria;p__Bacillota;c__Negativicutes;o__Veillonellales;f__Veillonellaceae;g__Veillonella_s__Veillonella_parvula",NA,NA
"X29466","PFNA",0.000262726616844153,0.00132552427864739,-0.00244827492921206,0.00297372816290037,0.844266953643914,37,0.00040678368301274,0.00205232973525039,0.990580077525717,"Veillonella parvula","Species","Veillonella parvula","d__Bacteria;p__Bacillota;c__Negativicutes;o__Veillonellales;f__Veillonellaceae;g__Veillonella_s__Veillonella_parvula",NA,NA
"X29466","PFOA",0.0020155614553035,0.0015639097075726,-0.00118299303624306,0.00521411594685007,0.20765556777375,37,0.00173131968137982,0.00134336149835416,0.871152209996706,"Veillonella parvula","Species","Veillonella parvula","d__Bacteria;p__Bacillota;c__Negativicutes;o__Veillonellales;f__Veillonellaceae;g__Veillonella_s__Veillonella_parvula",NA,NA
"X29466","PFOS",0.000873187328831095,0.00196922670772186,-0.00315433350588105,0.00490070816354324,0.660755201850307,37,0.000783689974163118,0.00176739077256398,0.975138740801322,"Veillonella parvula","Species","Veillonella parvula","d__Bacteria;p__Bacillota;c__Negativicutes;o__Veillonellales;f__Veillonellaceae;g__Veillonella_s__Veillonella_parvula",NA,NA
"X2972764","PFBS",0.00290645443682256,0.00242670229656144,-0.00205670903273641,0.00786961790638153,0.240732892574137,37,0.00288605636151691,0.0024096712171946,0.924516850409324,"Bacteroides sp. BFG-637","Species","Bacteroides sp. BFG-637","d__Bacteria;p__Bacteroidota;c__Bacteroidia;o__Bacteroidales;f__Bacteroidaceae;g__Bacteroides_s__Bacteroides_sp._BFG-637",NA,NA
"X2972764","PFHxS",-0.00548576355591364,0.00351762815257315,-0.0126801209235568,0.00170859381172947,0.129724261897799,37,-0.00544929249055206,0.00349424186460018,0.967141731199802,"Bacteroides sp. BFG-637","Species","Bacteroides sp. BFG-637","d__Bacteria;p__Bacteroidota;c__Bacteroidia;o__Bacteroidales;f__Bacteroidaceae;g__Bacteroides_s__Bacteroides_sp._BFG-637",NA,NA
"X2972764","PFNA",0.00171079211099745,0.00208520680657241,-0.00255393465978131,0.00597551888177622,0.41865700665048,37,0.00264884587690443,0.00322855793908358,0.990580077525717,"Bacteroides sp. BFG-637","Species","Bacteroides sp. BFG-637","d__Bacteria;p__Bacteroidota;c__Bacteroidia;o__Bacteroidales;f__Bacteroidaceae;g__Bacteroides_s__Bacteroides_sp._BFG-637",NA,NA
"X2972764","PFOA",-0.00152344062174635,0.00254145198311791,-0.00672129355167605,0.00367441230818335,0.553536270008099,37,-0.0013085995095326,0.00218304722293435,0.921731798726478,"Bacteroides sp. BFG-637","Species","Bacteroides sp. BFG-637","d__Bacteria;p__Bacteroidota;c__Bacteroidia;o__Bacteroidales;f__Bacteroidaceae;g__Bacteroides_s__Bacteroides_sp._BFG-637",NA,NA
"X2972764","PFOS",-0.0046973880089304,0.00301854302186728,-0.0108710016733062,0.00147622565544538,0.13051308526337,37,-0.00421592912059411,0.0027091573877786,0.680811403513181,"Bacteroides sp. BFG-637","Species","Bacteroides sp. BFG-637","d__Bacteria;p__Bacteroidota;c__Bacteroidia;o__Bacteroidales;f__Bacteroidaceae;g__Bacteroides_s__Bacteroides_sp._BFG-637",NA,NA
"X2976431","PFHxS",-0.000761971504064755,0.00355027422416974,-0.0080230975850364,0.00649915457690689,0.831563134931466,37,-0.000756905680092366,0.00352667089494101,0.967984616802768,"Enterobacter sp. CP102","Species","Enterobacter sp. CP102","d__Bacteria;p__Pseudomonadota;c__Gammaproteobacteria;o__Enterobacterales;f__Enterobacteriaceae;g__Enterobacter_s__Enterobacter_sp._CP102",NA,NA
"X2976431","PFNA",0.000857050919158298,0.00204025133617332,-0.00331573159098424,0.00502983342930083,0.677529569288841,37,0.00132698518944304,0.00315895268918475,0.990580077525717,"Enterobacter sp. CP102","Species","Enterobacter sp. CP102","d__Bacteria;p__Pseudomonadota;c__Gammaproteobacteria;o__Enterobacterales;f__Enterobacteriaceae;g__Enterobacter_s__Enterobacter_sp._CP102",NA,NA
"X2976431","PFBS",0.000620538058861195,0.00240920318170343,-0.00430683570227908,0.00554791182000147,0.798557861743312,37,0.000616182999344587,0.00239229491460508,0.970102459887333,"Enterobacter sp. CP102","Species","Enterobacter sp. CP102","d__Bacteria;p__Pseudomonadota;c__Gammaproteobacteria;o__Enterobacterales;f__Enterobacteriaceae;g__Enterobacter_s__Enterobacter_sp._CP102",NA,NA
"X2976431","PFOS",0.00168234386043345,0.00303242311399693,-0.00451965777980144,0.00788434550066834,0.583295529365413,37,0.00150991198908202,0.00272161483955706,0.975138740801322,"Enterobacter sp. CP102","Species","Enterobacter sp. CP102","d__Bacteria;p__Pseudomonadota;c__Gammaproteobacteria;o__Enterobacterales;f__Enterobacteriaceae;g__Enterobacter_s__Enterobacter_sp._CP102",NA,NA
"X2976431","PFOA",-0.00306188862895145,0.00241496028357766,-0.00800103698549768,0.00187725972759477,0.214924972826815,37,-0.00263009000869114,0.00207439384083628,0.871152209996706,"Enterobacter sp. CP102","Species","Enterobacter sp. CP102","d__Bacteria;p__Pseudomonadota;c__Gammaproteobacteria;o__Enterobacterales;f__Enterobacteriaceae;g__Enterobacter_s__Enterobacter_sp._CP102",NA,NA
"X2985571","PFBS",0.00354534187082067,0.00193778642415084,-0.000417876363974957,0.00750856010561629,0.0776110745080133,37,0.00352045995643417,0.0019241866536176,0.924516850409324,"Bifidobacterium sp. KRGSERBCFTRI","Species","Bifidobacterium sp. KRGSERBCFTRI","d__Bacteria;p__Actinomycetota;c__Actinomycetes;o__Bifidobacteriales;f__Bifidobacteriaceae;g__Bifidobacterium_s__Bifidobacterium_sp._KRGSERBCFTRI",NA,NA
"X2985571","PFOS",-0.00417039872603063,0.00246800956080191,-0.0092180450368496,0.000877247584788353,0.101793773351153,37,-0.00374295361595317,0.00221505086603622,0.593797011215062,"Bifidobacterium sp. KRGSERBCFTRI","Species","Bifidobacterium sp. KRGSERBCFTRI","d__Bacteria;p__Actinomycetota;c__Actinomycetes;o__Bifidobacteriales;f__Bifidobacteriaceae;g__Bifidobacterium_s__Bifidobacterium_sp._KRGSERBCFTRI",NA,NA
"X2985571","PFNA",-0.000885565015009503,0.00172862774419028,-0.00442100571764046,0.00264987568762146,0.61232532278248,37,-0.00137113400492073,0.0026764610635429,0.990580077525717,"Bifidobacterium sp. KRGSERBCFTRI","Species","Bifidobacterium sp. KRGSERBCFTRI","d__Bacteria;p__Actinomycetota;c__Actinomycetes;o__Bifidobacteriales;f__Bifidobacteriaceae;g__Bifidobacterium_s__Bifidobacterium_sp._KRGSERBCFTRI",NA,NA
"X2985571","PFOA",0.00230459978637844,0.00206118651303997,-0.00191099996805505,0.00652019954081194,0.272703926677639,37,0.00197959678052085,0.00177051052828523,0.871152209996706,"Bifidobacterium sp. KRGSERBCFTRI","Species","Bifidobacterium sp. KRGSERBCFTRI","d__Bacteria;p__Actinomycetota;c__Actinomycetes;o__Bifidobacteriales;f__Bifidobacteriaceae;g__Bifidobacterium_s__Bifidobacterium_sp._KRGSERBCFTRI",NA,NA
"X2985571","PFHxS",0.000911110328005576,0.0030100825577436,-0.00524519974435826,0.00706742040036941,0.764289589030421,37,0.00090505298266329,0.00299007059102497,0.967984616802768,"Bifidobacterium sp. KRGSERBCFTRI","Species","Bifidobacterium sp. KRGSERBCFTRI","d__Bacteria;p__Actinomycetota;c__Actinomycetes;o__Bifidobacteriales;f__Bifidobacteriaceae;g__Bifidobacterium_s__Bifidobacterium_sp._KRGSERBCFTRI",NA,NA
"X299767","PFOS",-0.00141063658372329,0.00208901918859651,-0.00568316055122488,0.00286188738377831,0.504857887483172,37,-0.00126605335573473,0.00187490512044998,0.975138740801322,"Enterobacter ludwigii","Species","Enterobacter ludwigii","d__Bacteria;p__Pseudomonadota;c__Gammaproteobacteria;o__Enterobacterales;f__Enterobacteriaceae;g__Enterobacter_s__Enterobacter_ludwigii",NA,NA
"X299767","PFBS",-0.000511116175987816,0.00166307323612246,-0.00391248285554304,0.0028902505035674,0.760786691806838,37,-0.000507529061008256,0.00165140145738083,0.964504540939348,"Enterobacter ludwigii","Species","Enterobacter ludwigii","d__Bacteria;p__Pseudomonadota;c__Gammaproteobacteria;o__Enterobacterales;f__Enterobacteriaceae;g__Enterobacter_s__Enterobacter_ludwigii",NA,NA
"X299767","PFHxS",-0.0010009858211459,0.00244683592063356,-0.00600532717546072,0.00400335553316892,0.685476393039997,37,-0.000994330955522012,0.00243056859305356,0.967984616802768,"Enterobacter ludwigii","Species","Enterobacter ludwigii","d__Bacteria;p__Pseudomonadota;c__Gammaproteobacteria;o__Enterobacterales;f__Enterobacteriaceae;g__Enterobacter_s__Enterobacter_ludwigii",NA,NA
"X299767","PFOA",0.00251120489733753,0.00164878087298701,-0.000860930617476943,0.005883340412152,0.138573149609844,37,0.00215706569070263,0.00141626382473918,0.871152209996706,"Enterobacter ludwigii","Species","Enterobacter ludwigii","d__Bacteria;p__Pseudomonadota;c__Gammaproteobacteria;o__Enterobacterales;f__Enterobacteriaceae;g__Enterobacter_s__Enterobacter_ludwigii",NA,NA
"X299767","PFNA",0.00195263279607691,0.00136604354207572,-0.000841239948620314,0.00474650554077414,0.163572015966177,37,0.00302329154883764,0.0021150663373059,0.990580077525717,"Enterobacter ludwigii","Species","Enterobacter ludwigii","d__Bacteria;p__Pseudomonadota;c__Gammaproteobacteria;o__Enterobacterales;f__Enterobacteriaceae;g__Enterobacter_s__Enterobacter_ludwigii",NA,NA
"X33038","PFBS",0.000680584602081287,0.0010952790749497,-0.00155951262841353,0.00292068183257611,0.539203783545445,37,0.000675808123981635,0.00108759218856041,0.924516850409324,"Mediterraneibacter gnavus","Species","Mediterraneibacter gnavus","d__Bacteria;p__Bacillota;c__Clostridia;o__Lachnospirales;f__Lachnospiraceae;g__Mediterraneibacter_s__Mediterraneibacter_gnavus",NA,NA
"X33038","PFHxS",-0.0012599191908341,0.00160723934757677,-0.00454709274650013,0.00202725436483193,0.439453357407072,37,-0.00125154285549065,0.00159655391961406,0.967984616802768,"Mediterraneibacter gnavus","Species","Mediterraneibacter gnavus","d__Bacteria;p__Bacillota;c__Clostridia;o__Lachnospirales;f__Lachnospiraceae;g__Mediterraneibacter_s__Mediterraneibacter_gnavus",NA,NA
"X33038","PFNA",-0.000142206990719138,0.000935093649477749,-0.00205468824080108,0.0017702742593628,0.880178670420199,37,-0.000220181282466725,0.00144781995545591,0.990580077525717,"Mediterraneibacter gnavus","Species","Mediterraneibacter gnavus","d__Bacteria;p__Bacillota;c__Clostridia;o__Lachnospirales;f__Lachnospiraceae;g__Mediterraneibacter_s__Mediterraneibacter_gnavus",NA,NA
"X33038","PFOA",0.00127038805748923,0.00110929600740878,-0.00099837701876267,0.00353915313374114,0.261481547868257,37,0.00109123333408348,0.000952859068151651,0.871152209996706,"Mediterraneibacter gnavus","Species","Mediterraneibacter gnavus","d__Bacteria;p__Bacillota;c__Clostridia;o__Lachnospirales;f__Lachnospiraceae;g__Mediterraneibacter_s__Mediterraneibacter_gnavus",NA,NA
"X33038","PFOS",-0.00259855484196604,0.00130729528370994,-0.00527227390722989,7.51642232978064e-05,0.0563562301285752,37,-0.00233221590570714,0.00117330402456216,0.493117013625033,"Mediterraneibacter gnavus","Species","Mediterraneibacter gnavus","d__Bacteria;p__Bacillota;c__Clostridia;o__Lachnospirales;f__Lachnospiraceae;g__Mediterraneibacter_s__Mediterraneibacter_gnavus",NA,NA
"X33043","PFBS",-0.000987264830809824,0.000963032197194635,-0.00295688682684048,0.000982357165220831,0.313762115137706,37,-0.000980336009868976,0.000956273445696155,0.924516850409324,"Coprococcus eutactus","Species","Coprococcus eutactus","d__Bacteria;p__Bacillota;c__Clostridia;o__Lachnospirales;f__Lachnospiraceae;g__Coprococcus_s__Coprococcus_eutactus",NA,NA
"X33043","PFOA",0.000622447615555629,0.00100173887298671,-0.0014263384211534,0.00267123365226466,0.539212181205921,37,0.000534667799190041,0.000860470030244739,0.921731798726478,"Coprococcus eutactus","Species","Coprococcus eutactus","d__Bacteria;p__Bacillota;c__Clostridia;o__Lachnospirales;f__Lachnospiraceae;g__Coprococcus_s__Coprococcus_eutactus",NA,NA
"X33043","PFHxS",-8.8742916964156e-05,0.00144404130811983,-0.00304213900479492,0.0028646531708666,0.951418797341302,37,-8.815292640186e-05,0.00143444087157231,0.973082722920816,"Coprococcus eutactus","Species","Coprococcus eutactus","d__Bacteria;p__Bacillota;c__Clostridia;o__Lachnospirales;f__Lachnospiraceae;g__Coprococcus_s__Coprococcus_eutactus",NA,NA
"X33043","PFOS",0.000794198948513516,0.00123022693409529,-0.0017218976436482,0.00331029554067524,0.523632703936111,37,0.000712797509641059,0.00110413479715348,0.975138740801322,"Coprococcus eutactus","Species","Coprococcus eutactus","d__Bacteria;p__Bacillota;c__Clostridia;o__Lachnospirales;f__Lachnospiraceae;g__Coprococcus_s__Coprococcus_eutactus",NA,NA
"X33043","PFNA",-0.000752715511658851,0.000819939701146035,-0.00242968049320415,0.00092424946988645,0.366184354265639,37,-0.00116544106482762,0.0012695253167988,0.990580077525717,"Coprococcus eutactus","Species","Coprococcus eutactus","d__Bacteria;p__Bacillota;c__Clostridia;o__Lachnospirales;f__Lachnospiraceae;g__Coprococcus_s__Coprococcus_eutactus",NA,NA
"X332101","PFBS",0.00103764928341133,0.00162039907020958,-0.00227643892706558,0.00435173749388825,0.526962157584332,37,0.00103036685436111,0.00160902678725184,0.924516850409324,"Clostridium drakei","Species","Clostridium drakei","d__Bacteria;p__Bacillota;c__Clostridia;o__Eubacteriales;f__Clostridiaceae;g__Clostridium_s__Clostridium_drakei",NA,NA
"X332101","PFOS",0.00146647016924653,0.00204439452034166,-0.00271478610396991,0.00564772644246296,0.478919568533581,37,0.00131616427666932,0.00183485425855932,0.975138740801322,"Clostridium drakei","Species","Clostridium drakei","d__Bacteria;p__Bacillota;c__Clostridia;o__Eubacteriales;f__Clostridiaceae;g__Clostridium_s__Clostridium_drakei",NA,NA
"X332101","PFHxS",-0.000145245815999241,0.00240370180817316,-0.00506136800492297,0.00477087637292449,0.952230950286798,37,-0.000144280176559113,0.00238772124961243,0.973082722920816,"Clostridium drakei","Species","Clostridium drakei","d__Bacteria;p__Bacillota;c__Clostridia;o__Eubacteriales;f__Clostridiaceae;g__Clostridium_s__Clostridium_drakei",NA,NA
"X332101","PFNA",0.000800311386649033,0.00137653081079335,-0.00201501023089448,0.00361563300419255,0.56546472609535,37,0.00123913449397951,0.00213130393761051,0.990580077525717,"Clostridium drakei","Species","Clostridium drakei","d__Bacteria;p__Bacillota;c__Clostridia;o__Eubacteriales;f__Clostridiaceae;g__Clostridium_s__Clostridium_drakei",NA,NA
"X332101","PFOA",0.00381374823865749,0.00152180446069595,0.000701308646112372,0.00692618783120262,0.0180699840166774,37,0.00327591965407033,0.00130719408583737,0.689435116415863,"Clostridium drakei","Species","Clostridium drakei","d__Bacteria;p__Bacillota;c__Clostridia;o__Eubacteriales;f__Clostridiaceae;g__Clostridium_s__Clostridium_drakei",NA,NA
"X333367","PFOS",-0.00122412538296493,0.0021403483886886,-0.00560162935200184,0.00315337858607197,0.571777745429846,37,-0.00109865862464179,0.00192097333303826,0.975138740801322,"Enterocloster asparagiformis","Species","Enterocloster asparagiformis","d__Bacteria;p__Bacillota;c__Clostridia;o__Lachnospirales;f__Lachnospiraceae;g__Enterocloster_s__Enterocloster_asparagiformis",NA,NA
"X333367","PFNA",0.00128428348033511,0.00142508577425071,-0.00163034418774408,0.0041989111484143,0.37490724094682,37,0.00198847596957804,0.00220648233826511,0.990580077525717,"Enterocloster asparagiformis","Species","Enterocloster asparagiformis","d__Bacteria;p__Bacillota;c__Clostridia;o__Lachnospirales;f__Lachnospiraceae;g__Enterocloster_s__Enterocloster_asparagiformis",NA,NA
"X333367","PFOA",0.000290641848649391,0.0017508810029619,-0.00329031187845533,0.00387159557575411,0.869310824667006,37,0.000249654482861469,0.00150396542472357,0.981479963333716,"Enterocloster asparagiformis","Species","Enterocloster asparagiformis","d__Bacteria;p__Bacillota;c__Clostridia;o__Lachnospirales;f__Lachnospiraceae;g__Enterocloster_s__Enterocloster_asparagiformis",NA,NA
"X333367","PFBS",-0.000334493171616769,0.0017018382564209,-0.00381514321976423,0.00314615687653069,0.84555208035876,37,-0.000332145632010635,0.00168989441705679,0.985055878681677,"Enterocloster asparagiformis","Species","Enterocloster asparagiformis","d__Bacteria;p__Bacillota;c__Clostridia;o__Lachnospirales;f__Lachnospiraceae;g__Enterocloster_s__Enterocloster_asparagiformis",NA,NA
"X333367","PFHxS",-0.00295884962079551,0.00244776574682298,-0.00796509268319496,0.00204739344160394,0.236505142334572,37,-0.00293917826660475,0.00243149223746876,0.967141731199802,"Enterocloster asparagiformis","Species","Enterocloster asparagiformis","d__Bacteria;p__Bacillota;c__Clostridia;o__Lachnospirales;f__Lachnospiraceae;g__Enterocloster_s__Enterocloster_asparagiformis",NA,NA
"X360422","PFBS",0.00267043717177069,0.00157981407413951,-0.000560645401717865,0.00590151974525925,0.101684214825166,37,0.00265169551257292,0.00156872662475618,0.924516850409324,"Clostridium tagluense","Species","Clostridium tagluense","d__Bacteria;p__Bacillota;c__Clostridia;o__Eubacteriales;f__Clostridiaceae;g__Clostridium_s__Clostridium_tagluense",NA,NA
"X360422","PFHxS",0.00023008292550645,0.00243883045360884,-0.00475788541035029,0.00521805126136319,0.92548671764375,37,0.000228553262528963,0.00242261634886794,0.967984616802768,"Clostridium tagluense","Species","Clostridium tagluense","d__Bacteria;p__Bacillota;c__Clostridia;o__Eubacteriales;f__Clostridiaceae;g__Clostridium_s__Clostridium_tagluense",NA,NA
"X360422","PFNA",0.00186754585480468,0.00136141567916834,-0.000916861847494631,0.00465195355710399,0.180656005702033,37,0.00289155012209237,0.0021079009456126,0.990580077525717,"Clostridium tagluense","Species","Clostridium tagluense","d__Bacteria;p__Bacillota;c__Clostridia;o__Eubacteriales;f__Clostridiaceae;g__Clostridium_s__Clostridium_tagluense",NA,NA
"X360422","PFOA",0.00103326122717172,0.00169236262964672,-0.00242800898821941,0.00449453144256285,0.546257317985175,37,0.000887546987913444,0.00145369952428361,0.921731798726478,"Clostridium tagluense","Species","Clostridium tagluense","d__Bacteria;p__Bacillota;c__Clostridia;o__Eubacteriales;f__Clostridiaceae;g__Clostridium_s__Clostridium_tagluense",NA,NA
"X360422","PFOS",-0.000366162407479255,0.00209167724736745,-0.00464412271556971,0.0039117979006112,0.862251494779213,37,-0.000328632583389709,0.00187729074142814,0.975138740801322,"Clostridium tagluense","Species","Clostridium tagluense","d__Bacteria;p__Bacillota;c__Clostridia;o__Eubacteriales;f__Clostridiaceae;g__Clostridium_s__Clostridium_tagluense",NA,NA
"X36745","PFNA",-0.000241635118487908,0.00234251411784387,-0.00503261442941653,0.00454934419244071,0.918552330632738,37,-0.000374127390001135,0.00362695082748742,0.990580077525717,"Clostridium saccharoperbutylacetonicum","Species","Clostridium saccharoperbutylacetonicum","d__Bacteria;p__Bacillota;c__Clostridia;o__Eubacteriales;f__Clostridiaceae;g__Clostridium_s__Clostridium_saccharoperbutylacetonicum",NA,NA
"X36745","PFHxS",0.0042979116830107,0.00398881288055805,-0.00386012665722736,0.0124559500232488,0.290142519359941,37,0.0042693378270084,0.00396229400970276,0.967141731199802,"Clostridium saccharoperbutylacetonicum","Species","Clostridium saccharoperbutylacetonicum","d__Bacteria;p__Bacillota;c__Clostridia;o__Eubacteriales;f__Clostridiaceae;g__Clostridium_s__Clostridium_saccharoperbutylacetonicum",NA,NA
"X36745","PFOS",0.00428418554446579,0.00339826321348481,-0.00266604311152248,0.0112344142004541,0.217466596641332,37,0.00384507785190484,0.00304995814992012,0.782370623050135,"Clostridium saccharoperbutylacetonicum","Species","Clostridium saccharoperbutylacetonicum","d__Bacteria;p__Bacillota;c__Clostridia;o__Eubacteriales;f__Clostridiaceae;g__Clostridium_s__Clostridium_saccharoperbutylacetonicum",NA,NA
"X36745","PFOA",-0.00163631943898111,0.00282414336842934,-0.00741234116972529,0.00413970229176307,0.56679086409319,37,-0.00140555974727438,0.00242587244558304,0.921731798726478,"Clostridium saccharoperbutylacetonicum","Species","Clostridium saccharoperbutylacetonicum","d__Bacteria;p__Bacillota;c__Clostridia;o__Eubacteriales;f__Clostridiaceae;g__Clostridium_s__Clostridium_saccharoperbutylacetonicum",NA,NA
"X36745","PFBS",0.000270916277873658,0.00276094936851639,-0.00537585921104363,0.00591769176679094,0.922508666404294,37,0.000269014933552694,0.00274157247671978,0.993424213527658,"Clostridium saccharoperbutylacetonicum","Species","Clostridium saccharoperbutylacetonicum","d__Bacteria;p__Bacillota;c__Clostridia;o__Eubacteriales;f__Clostridiaceae;g__Clostridium_s__Clostridium_saccharoperbutylacetonicum",NA,NA
"X36839","PFHxS",3.04511106238232e-05,0.0025548777985746,-0.0051948606950477,0.00525576291629535,0.990572006984905,37,3.02486621525075e-05,0.0025378921749266,0.990572006984905,"Clostridium felsineum","Species","Clostridium felsineum","d__Bacteria;p__Bacillota;c__Clostridia;o__Eubacteriales;f__Clostridiaceae;g__Clostridium_s__Clostridium_felsineum",NA,NA
"X36839","PFOS",-0.00100353273064013,0.00218409688220395,-0.00547051241541327,0.003463446954133,0.649320709910566,37,-0.000900675621117881,0.0019602378237388,0.975138740801322,"Clostridium felsineum","Species","Clostridium felsineum","d__Bacteria;p__Bacillota;c__Clostridia;o__Eubacteriales;f__Clostridiaceae;g__Clostridium_s__Clostridium_felsineum",NA,NA
"X36839","PFBS",-0.00140514902545947,0.00171459950918835,-0.00491189876603767,0.00210160071511872,0.419174245084412,37,-0.00139528741012711,0.00170256610881422,0.924516850409324,"Clostridium felsineum","Species","Clostridium felsineum","d__Bacteria;p__Bacillota;c__Clostridia;o__Eubacteriales;f__Clostridiaceae;g__Clostridium_s__Clostridium_felsineum",NA,NA
"X36839","PFOA",0.00202203468760698,0.00174401683508652,-0.00154488023989044,0.00558894961510441,0.255745665962446,37,0.00173688003502702,0.00149806926665423,0.871152209996706,"Clostridium felsineum","Species","Clostridium felsineum","d__Bacteria;p__Bacillota;c__Clostridia;o__Eubacteriales;f__Clostridiaceae;g__Clostridium_s__Clostridium_felsineum",NA,NA
"X36839","PFNA",-0.000489329958004727,0.0014687099842653,-0.00349317915352037,0.00251451923751091,0.74140287231172,37,-0.000757637139763833,0.0022740263771273,0.990580077525717,"Clostridium felsineum","Species","Clostridium felsineum","d__Bacteria;p__Bacillota;c__Clostridia;o__Eubacteriales;f__Clostridiaceae;g__Clostridium_s__Clostridium_felsineum",NA,NA
"X371601","PFOS",0.00212760753407342,0.00207337171830842,-0.00211291376337058,0.00636812883151743,0.313300715619072,37,0.00190953835259992,0.0018608614379767,0.871884341742393,"Bacteroides xylanisolvens","Species","Bacteroides xylanisolvens","d__Bacteria;p__Bacteroidota;c__Bacteroidia;o__Bacteroidales;f__Bacteroidaceae;g__Bacteroides_s__Bacteroides_xylanisolvens",NA,NA
"X371601","PFHxS",-0.000356498897924886,0.0024591726369132,-0.00538607167006141,0.00467307387421164,0.885739774515932,37,-0.000354128782174357,0.00244282329099953,0.967984616802768,"Bacteroides xylanisolvens","Species","Bacteroides xylanisolvens","d__Bacteria;p__Bacteroidota;c__Bacteroidia;o__Bacteroidales;f__Bacteroidaceae;g__Bacteroides_s__Bacteroides_xylanisolvens",NA,NA
"X371601","PFBS",-0.00181802004402393,0.00163549286345348,-0.00516297852785548,0.00152693843980763,0.275439586228686,37,-0.00180526081776689,0.00162401464925273,0.924516850409324,"Bacteroides xylanisolvens","Species","Bacteroides xylanisolvens","d__Bacteria;p__Bacteroidota;c__Bacteroidia;o__Bacteroidales;f__Bacteroidaceae;g__Bacteroides_s__Bacteroides_xylanisolvens",NA,NA
"X371601","PFOA",-3.37293599054246e-05,0.00171775817041273,-0.00354693928804918,0.00347948056823833,0.984468475295724,37,-2.89727234517946e-05,0.00147551369394426,0.989502361295543,"Bacteroides xylanisolvens","Species","Bacteroides xylanisolvens","d__Bacteria;p__Bacteroidota;c__Bacteroidia;o__Bacteroidales;f__Bacteroidaceae;g__Bacteroides_s__Bacteroides_xylanisolvens",NA,NA
"X371601","PFNA",-0.00218480452568335,0.0013575790798176,-0.00496136550126554,0.000591756449898847,0.118375816180644,37,-0.00338276662751521,0.00210196067951819,0.990580077525717,"Bacteroides xylanisolvens","Species","Bacteroides xylanisolvens","d__Bacteria;p__Bacteroidota;c__Bacteroidia;o__Bacteroidales;f__Bacteroidaceae;g__Bacteroides_s__Bacteroides_xylanisolvens",NA,NA
"X376805","PFHxS",-0.0013955193162517,0.0028346025995946,-0.007192932576609,0.00440189394410559,0.62620279123225,37,-0.0013862414690245,0.0028157572783134,0.967984616802768,"Phocaeicola salanitronis","Species","Phocaeicola salanitronis","d__Bacteria;p__Bacteroidota;c__Bacteroidia;o__Bacteroidales;f__Bacteroidaceae;g__Phocaeicola_s__Phocaeicola_salanitronis",NA,NA
"X376805","PFBS",-0.00378911222086927,0.00179958208425544,-0.00746967084303945,-0.000108553598699095,0.0440194003466572,37,-0.00376251947768237,0.00178695225926721,0.924516850409324,"Phocaeicola salanitronis","Species","Phocaeicola salanitronis","d__Bacteria;p__Bacteroidota;c__Bacteroidia;o__Bacteroidales;f__Bacteroidaceae;g__Phocaeicola_s__Phocaeicola_salanitronis",NA,NA
"X376805","PFOS",0.00620609715181087,0.00215314925783603,0.00180241246574859,0.0106097818378732,0.00735924898938189,37,0.00557000308635635,0.00193246217681802,0.493117013625033,"Phocaeicola salanitronis","Species","Phocaeicola salanitronis","d__Bacteria;p__Bacteroidota;c__Bacteroidia;o__Bacteroidales;f__Bacteroidaceae;g__Phocaeicola_s__Phocaeicola_salanitronis",NA,NA
"X376805","PFNA",-0.00218718044967259,0.00158832823582123,-0.00543567643901052,0.00106131553966533,0.17903959144434,37,-0.00338644530736316,0.00245923316549139,0.990580077525717,"Phocaeicola salanitronis","Species","Phocaeicola salanitronis","d__Bacteria;p__Bacteroidota;c__Bacteroidia;o__Bacteroidales;f__Bacteroidaceae;g__Phocaeicola_s__Phocaeicola_salanitronis",NA,NA
"X376805","PFOA",0.00184551008272156,0.00195778201413092,-0.00215860372541326,0.00584962389085639,0.353645438040468,37,0.00158524956904359,0.00168168850619635,0.871152209996706,"Phocaeicola salanitronis","Species","Phocaeicola salanitronis","d__Bacteria;p__Bacteroidota;c__Bacteroidia;o__Bacteroidales;f__Bacteroidaceae;g__Phocaeicola_s__Phocaeicola_salanitronis",NA,NA
"X39778","PFOS",-0.00156217712939272,0.00204713119643828,-0.00574903053368289,0.00262467627489744,0.451563911416337,37,-0.00140206174980903,0.00183731043897862,0.975138740801322,"Veillonella dispar","Species","Veillonella dispar","d__Bacteria;p__Bacillota;c__Negativicutes;o__Veillonellales;f__Veillonellaceae;g__Veillonella_s__Veillonella_dispar",NA,NA
"X39778","PFNA",0.00201077607926124,0.00133680670136678,-0.000723300612175729,0.00474485277069821,0.143353185587024,37,0.00311331569317549,0.00206979848479023,0.990580077525717,"Veillonella dispar","Species","Veillonella dispar","d__Bacteria;p__Bacillota;c__Negativicutes;o__Veillonellales;f__Veillonellaceae;g__Veillonella_s__Veillonella_dispar",NA,NA
"X39778","PFBS",-0.000546222634861492,0.00163272763104534,-0.00388552558340453,0.00279308031368154,0.740375132158876,37,-0.000542389135771193,0.00162126882379561,0.964504540939348,"Veillonella dispar","Species","Veillonella dispar","d__Bacteria;p__Bacillota;c__Negativicutes;o__Veillonellales;f__Veillonellaceae;g__Veillonella_s__Veillonella_dispar",NA,NA
"X39778","PFOA",-0.00229951885387563,0.00162761439768051,-0.00562836406597378,0.00102932635822252,0.168353194976781,37,-0.00197523237951549,0.00139808232241528,0.871152209996706,"Veillonella dispar","Species","Veillonella dispar","d__Bacteria;p__Bacillota;c__Negativicutes;o__Veillonellales;f__Veillonellaceae;g__Veillonella_s__Veillonella_dispar",NA,NA
"X39778","PFHxS",-0.000339929094168558,0.00240900695131739,-0.00526690151910663,0.00458704333076951,0.888760611889445,37,-0.000337669139636183,0.00239299112251207,0.967984616802768,"Veillonella dispar","Species","Veillonella dispar","d__Bacteria;p__Bacillota;c__Negativicutes;o__Veillonellales;f__Veillonellaceae;g__Veillonella_s__Veillonella_dispar",NA,NA
"X400065","PFBS",0.00136068679467584,0.00150309984212933,-0.00171349755753206,0.00443487114688373,0.372790771091548,37,0.00135113722412226,0.00149255078848403,0.924516850409324,"Streptococcus merionis","Species","Streptococcus merionis","d__Bacteria;p__Bacillota;c__Bacilli;o__Lactobacillales;f__Streptococcaceae;g__Streptococcus_s__Streptococcus_merionis",NA,NA
"X400065","PFOS",-0.000508935055111655,0.00192410312749647,-0.00444416780598768,0.00342629769576437,0.793261601033345,37,-0.000456771745331074,0.00172689213469629,0.975138740801322,"Streptococcus merionis","Species","Streptococcus merionis","d__Bacteria;p__Bacillota;c__Bacilli;o__Lactobacillales;f__Streptococcaceae;g__Streptococcus_s__Streptococcus_merionis",NA,NA
"X400065","PFNA",-0.00139324180508984,0.00126706984961388,-0.00398469062017277,0.0011982070099931,0.280560773993705,37,-0.00215717782845715,0.00196182383898346,0.990580077525717,"Streptococcus merionis","Species","Streptococcus merionis","d__Bacteria;p__Bacillota;c__Bacilli;o__Lactobacillales;f__Streptococcaceae;g__Streptococcus_s__Streptococcus_merionis",NA,NA
"X400065","PFOA",-0.000780840270398384,0.00156109406183382,-0.00397363611981826,0.00241195557902149,0.620717451690947,37,-0.000670723348373962,0.00134094292517173,0.921731798726478,"Streptococcus merionis","Species","Streptococcus merionis","d__Bacteria;p__Bacillota;c__Bacilli;o__Lactobacillales;f__Streptococcaceae;g__Streptococcus_s__Streptococcus_merionis",NA,NA
"X400065","PFHxS",-0.0013853723708163,0.00223052106019024,-0.00594730016051865,0.00317655541888605,0.539386724435355,37,-0.00137616198364391,0.00221569186120136,0.967984616802768,"Streptococcus merionis","Species","Streptococcus merionis","d__Bacteria;p__Bacillota;c__Bacilli;o__Lactobacillales;f__Streptococcaceae;g__Streptococcus_s__Streptococcus_merionis",NA,NA
"X418240","PFNA",0.000925099937250334,0.0019581435429053,-0.00307975328025033,0.004929953154751,0.640150813418345,37,0.00143234653629622,0.00303182392335655,0.990580077525717,"Blautia wexlerae","Species","Blautia wexlerae","d__Bacteria;p__Bacillota;c__Clostridia;o__Lachnospirales;f__Lachnospiraceae;g__Blautia_s__Blautia_wexlerae",NA,NA
"X418240","PFBS",-0.00210994233251922,0.00228337256480047,-0.00677996358608172,0.00256007892104327,0.363087492323082,37,-0.00209513433758078,0.00226734740199813,0.924516850409324,"Blautia wexlerae","Species","Blautia wexlerae","d__Bacteria;p__Bacillota;c__Clostridia;o__Lachnospirales;f__Lachnospiraceae;g__Blautia_s__Blautia_wexlerae",NA,NA
"X418240","PFOS",-0.00117643392897646,0.00291997193393566,-0.00714844708245724,0.00479557922450431,0.689982378721584,37,-0.00105585530728941,0.00262068934569447,0.975138740801322,"Blautia wexlerae","Species","Blautia wexlerae","d__Bacteria;p__Bacillota;c__Clostridia;o__Lachnospirales;f__Lachnospiraceae;g__Blautia_s__Blautia_wexlerae",NA,NA
"X418240","PFHxS",-0.000529615533543349,0.00341141505154913,-0.00750674271858929,0.0064475116515026,0.877701320546436,37,-0.000526094484459937,0.00338873490136541,0.967984616802768,"Blautia wexlerae","Species","Blautia wexlerae","d__Bacteria;p__Bacillota;c__Clostridia;o__Lachnospirales;f__Lachnospiraceae;g__Blautia_s__Blautia_wexlerae",NA,NA
"X418240","PFOA",-0.000929387816054279,0.00237679462149432,-0.00579047862919604,0.00393170299708749,0.698636353056887,37,-0.000798322181313538,0.00204161043860168,0.921731798726478,"Blautia wexlerae","Species","Blautia wexlerae","d__Bacteria;p__Bacillota;c__Clostridia;o__Lachnospirales;f__Lachnospiraceae;g__Blautia_s__Blautia_wexlerae",NA,NA
"X42895","PFOS",-0.00303163587936454,0.00165619633756229,-0.00641893772213856,0.000355665963409477,0.0774732520878724,37,-0.0027209082925558,0.00148644445714845,0.516488347252483,"Enterobacter sp.","Species","Enterobacter sp.","d__Bacteria;p__Pseudomonadota;c__Gammaproteobacteria;o__Enterobacterales;f__Enterobacteriaceae;g__Enterobacter_s__Enterobacter_sp.",NA,NA
"X42895","PFHxS",-0.00290048398425834,0.00196638887841813,-0.00692220080635919,0.00112123283784251,0.150979354481484,37,-0.00288120066300472,0.00195331571247139,0.967141731199802,"Enterobacter sp.","Species","Enterobacter sp.","d__Bacteria;p__Pseudomonadota;c__Gammaproteobacteria;o__Enterobacterales;f__Enterobacteriaceae;g__Enterobacter_s__Enterobacter_sp.",NA,NA
"X42895","PFBS",0.00107652750712145,0.00136950468521435,-0.00172442407011855,0.00387747908436144,0.43820225054732,37,0.00106897222296469,0.00135989322895117,0.924516850409324,"Enterobacter sp.","Species","Enterobacter sp.","d__Bacteria;p__Pseudomonadota;c__Gammaproteobacteria;o__Enterobacterales;f__Enterobacteriaceae;g__Enterobacter_s__Enterobacter_sp.",NA,NA
"X42895","PFOA",0.000900915342645413,0.00141376634493772,-0.00199056149307082,0.00379239217836164,0.528964557004046,37,0.000773864999191591,0.00121439189632375,0.921731798726478,"Enterobacter sp.","Species","Enterobacter sp.","d__Bacteria;p__Pseudomonadota;c__Gammaproteobacteria;o__Enterobacterales;f__Enterobacteriaceae;g__Enterobacter_s__Enterobacter_sp.",NA,NA
"X42895","PFNA",-0.000840836606298814,0.00116385687904256,-0.0032211911945167,0.00153951798191908,0.475799667750554,37,-0.00130188031814477,0.00180201760081843,0.990580077525717,"Enterobacter sp.","Species","Enterobacter sp.","d__Bacteria;p__Pseudomonadota;c__Gammaproteobacteria;o__Enterobacterales;f__Enterobacteriaceae;g__Enterobacter_s__Enterobacter_sp.",NA,NA
"X438033","PFHxS",0.00366252599401477,0.00321522437097637,-0.00291334619561358,0.0102383981836431,0.263975527570486,37,0.00363817638004495,0.00319384855756575,0.967141731199802,"Ruminococcus gauvreauii","Species","Ruminococcus gauvreauii","d__Bacteria;p__Bacillota;c__Clostridia;o__Eubacteriales;f__Oscillospiraceae;g__Ruminococcus_s__Ruminococcus_gauvreauii",NA,NA
"X438033","PFOS",0.00157154985509756,0.00280448732167363,-0.00416427074617471,0.00730737045636983,0.579531017430575,37,0.00141047381778451,0.00251704133133194,0.975138740801322,"Ruminococcus gauvreauii","Species","Ruminococcus gauvreauii","d__Bacteria;p__Bacillota;c__Clostridia;o__Eubacteriales;f__Oscillospiraceae;g__Ruminococcus_s__Ruminococcus_gauvreauii",NA,NA
"X438033","PFNA",-0.00210051878746703,0.0018522007802345,-0.00588869472638396,0.0016876571514499,0.266054584260917,37,-0.00325226571584923,0.00286779110587718,0.990580077525717,"Ruminococcus gauvreauii","Species","Ruminococcus gauvreauii","d__Bacteria;p__Bacillota;c__Clostridia;o__Eubacteriales;f__Oscillospiraceae;g__Ruminococcus_s__Ruminococcus_gauvreauii",NA,NA
"X438033","PFBS",-0.0015533189681432,0.00221217078552171,-0.00607771623215219,0.0029710782958658,0.488171383236515,37,-0.00154241746668339,0.00219664533096776,0.924516850409324,"Ruminococcus gauvreauii","Species","Ruminococcus gauvreauii","d__Bacteria;p__Bacillota;c__Clostridia;o__Eubacteriales;f__Oscillospiraceae;g__Ruminococcus_s__Ruminococcus_gauvreauii",NA,NA
"X438033","PFOA",-0.00106487062303996,0.00228621201618725,-0.00574069920674611,0.00361095796066618,0.644852763697669,37,-0.000914698712332075,0.00196380212025637,0.921731798726478,"Ruminococcus gauvreauii","Species","Ruminococcus gauvreauii","d__Bacteria;p__Bacillota;c__Clostridia;o__Eubacteriales;f__Oscillospiraceae;g__Ruminococcus_s__Ruminococcus_gauvreauii",NA,NA
"X45634","PFNA",-0.000539905703769571,0.00137176109453192,-0.00334547215623065,0.00226566074869151,0.696765789888605,37,-0.000835944348909464,0.00212391891217588,0.990580077525717,"Streptococcus cristatus","Species","Streptococcus cristatus","d__Bacteria;p__Bacillota;c__Bacilli;o__Lactobacillales;f__Streptococcaceae;g__Streptococcus_s__Streptococcus_cristatus",NA,NA
"X45634","PFBS",0.00112509102785717,0.00160755884859652,-0.00216273598076514,0.00441291803647949,0.489581759114351,37,0.00111719491525304,0.00159627668086786,0.924516850409324,"Streptococcus cristatus","Species","Streptococcus cristatus","d__Bacteria;p__Bacillota;c__Bacilli;o__Lactobacillales;f__Streptococcaceae;g__Streptococcus_s__Streptococcus_cristatus",NA,NA
"X45634","PFHxS",-0.00106838403050336,0.00237978080049861,-0.0059355822654614,0.00379881420445469,0.656810369284928,37,-0.00106128108058388,0.00236395927625015,0.967984616802768,"Streptococcus cristatus","Species","Streptococcus cristatus","d__Bacteria;p__Bacillota;c__Bacilli;o__Lactobacillales;f__Streptococcaceae;g__Streptococcus_s__Streptococcus_cristatus",NA,NA
"X45634","PFOA",0.0019661206315843,0.00162701485306104,-0.00136149837408633,0.00529373963725494,0.236646706462842,37,0.00168885118162584,0.00139756732774874,0.871152209996706,"Streptococcus cristatus","Species","Streptococcus cristatus","d__Bacteria;p__Bacillota;c__Bacilli;o__Lactobacillales;f__Streptococcaceae;g__Streptococcus_s__Streptococcus_cristatus",NA,NA
"X45634","PFOS",0.00115730998611216,0.00203757874328907,-0.00301000645784215,0.00532462643006647,0.574418287531081,37,0.00103869147337386,0.00182873706472716,0.975138740801322,"Streptococcus cristatus","Species","Streptococcus cristatus","d__Bacteria;p__Bacillota;c__Bacilli;o__Lactobacillales;f__Streptococcaceae;g__Streptococcus_s__Streptococcus_cristatus",NA,NA
"X548","PFHxS",-0.00392136741598737,0.00315665116644128,-0.0103774439514658,0.00253470911949111,0.224094589186556,37,-0.00389529694359505,0.00313566476594451,0.967141731199802,"Klebsiella aerogenes","Species","Klebsiella aerogenes","d__Bacteria;p__Pseudomonadota;c__Gammaproteobacteria;o__Enterobacterales;f__Enterobacteriaceae;g__Klebsiella_s__Klebsiella_aerogenes",NA,NA
"X548","PFBS",0.00303172106356973,0.00212583257175676,-0.0013160947263984,0.00737953685353786,0.164506817041421,37,0.00301044384216315,0.00211091305595892,0.924516850409324,"Klebsiella aerogenes","Species","Klebsiella aerogenes","d__Bacteria;p__Pseudomonadota;c__Gammaproteobacteria;o__Enterobacterales;f__Enterobacteriaceae;g__Klebsiella_s__Klebsiella_aerogenes",NA,NA
"X548","PFOA",-3.00199557367318e-05,0.00226204959617127,-0.00465643084180053,0.00459639093032707,0.989502361295543,37,-2.57864328891567e-05,0.00194304717219296,0.989502361295543,"Klebsiella aerogenes","Species","Klebsiella aerogenes","d__Bacteria;p__Pseudomonadota;c__Gammaproteobacteria;o__Enterobacterales;f__Enterobacteriaceae;g__Klebsiella_s__Klebsiella_aerogenes",NA,NA
"X548","PFOS",-0.00346001037961708,0.00270417983763906,-0.0089906791412141,0.00207065838197993,0.210862018028022,37,-0.00310537653888785,0.00242701486510201,0.782370623050135,"Klebsiella aerogenes","Species","Klebsiella aerogenes","d__Bacteria;p__Pseudomonadota;c__Gammaproteobacteria;o__Enterobacterales;f__Enterobacteriaceae;g__Klebsiella_s__Klebsiella_aerogenes",NA,NA
"X548","PFNA",0.00319621664290997,0.00176894550834272,-0.000421683146070067,0.00681411643189,0.0811727056628555,37,0.00494875164658624,0.00273888568115405,0.990580077525717,"Klebsiella aerogenes","Species","Klebsiella aerogenes","d__Bacteria;p__Pseudomonadota;c__Gammaproteobacteria;o__Enterobacterales;f__Enterobacteriaceae;g__Klebsiella_s__Klebsiella_aerogenes",NA,NA
"X550","PFOA",-0.00040465631146805,0.00166349911304527,-0.00380689400712969,0.00299758138419359,0.809519493506933,37,-0.000347590213335223,0.00142890644529589,0.96044685670314,"Enterobacter cloacae","Species","Enterobacter cloacae","d__Bacteria;p__Pseudomonadota;c__Gammaproteobacteria;o__Enterobacterales;f__Enterobacteriaceae;g__Enterobacter_s__Enterobacter_cloacae",NA,NA
"X550","PFHxS",0.00328771784656929,0.0023052990644015,-0.00142714813392544,0.00800258382706402,0.164500162848734,37,0.00326586007394557,0.00228997271794146,0.967141731199802,"Enterobacter cloacae","Species","Enterobacter cloacae","d__Bacteria;p__Pseudomonadota;c__Gammaproteobacteria;o__Enterobacterales;f__Enterobacteriaceae;g__Enterobacter_s__Enterobacter_cloacae",NA,NA
"X550","PFNA",-3.13252407747925e-05,0.00137352684162845,-0.00284050305153821,0.00277785256998863,0.981960885871051,37,-4.85013546274596e-05,0.00212665284570657,0.990580077525717,"Enterobacter cloacae","Species","Enterobacter cloacae","d__Bacteria;p__Pseudomonadota;c__Gammaproteobacteria;o__Enterobacterales;f__Enterobacteriaceae;g__Enterobacter_s__Enterobacter_cloacae",NA,NA
"X550","PFBS",-0.000954029474780132,0.00160913869025036,-0.00424508762238275,0.00233702867282249,0.557855637312715,37,-0.000947333906178118,0.00159784543487876,0.924516850409324,"Enterobacter cloacae","Species","Enterobacter cloacae","d__Bacteria;p__Pseudomonadota;c__Gammaproteobacteria;o__Enterobacterales;f__Enterobacteriaceae;g__Enterobacter_s__Enterobacter_cloacae",NA,NA
"X550","PFOS",-0.00171272231043185,0.00202120922278727,-0.00584655932582839,0.00242111470496469,0.403725481206606,37,-0.00153717679917292,0.00181404533859288,0.917496588638124,"Enterobacter cloacae","Species","Enterobacter cloacae","d__Bacteria;p__Pseudomonadota;c__Gammaproteobacteria;o__Enterobacterales;f__Enterobacteriaceae;g__Enterobacter_s__Enterobacter_cloacae",NA,NA
"X564","PFNA",0.00337895835384143,0.00149385120056702,0.000323689597506226,0.00643422711017664,0.0313731750639859,37,0.00523169346308611,0.00231295291104869,0.732040751493005,"Escherichia fergusonii","Species","Escherichia fergusonii","d__Bacteria;p__Pseudomonadota;c__Gammaproteobacteria;o__Enterobacterales;f__Enterobacteriaceae;g__Escherichia_s__Escherichia_fergusonii",NA,NA
"X564","PFHxS",-0.00700868600156008,0.00249399689596975,-0.0121094823805844,-0.0019078896225358,0.00877763723139276,37,-0.0069620900732711,0.0024774160275314,0.967141731199802,"Escherichia fergusonii","Species","Escherichia fergusonii","d__Bacteria;p__Pseudomonadota;c__Gammaproteobacteria;o__Enterobacterales;f__Enterobacteriaceae;g__Escherichia_s__Escherichia_fergusonii",NA,NA
"X564","PFOS",-0.00425652868216588,0.00228053469335877,-0.00892074583693525,0.000407688472603493,0.0721187797178458,37,-0.00382025568032081,0.00204679123929676,0.513789523168005,"Escherichia fergusonii","Species","Escherichia fergusonii","d__Bacteria;p__Pseudomonadota;c__Gammaproteobacteria;o__Enterobacterales;f__Enterobacteriaceae;g__Escherichia_s__Escherichia_fergusonii",NA,NA
"X564","PFOA",-7.88417710545959e-05,0.00196426927731403,-0.00409622352214784,0.00393853998003865,0.968258195383685,37,-6.77232190477216e-05,0.00168726091203774,0.989502361295543,"Escherichia fergusonii","Species","Escherichia fergusonii","d__Bacteria;p__Pseudomonadota;c__Gammaproteobacteria;o__Enterobacterales;f__Enterobacteriaceae;g__Escherichia_s__Escherichia_fergusonii",NA,NA
"X564","PFBS",-0.00112288150107838,0.00189824891559411,-0.00500523645139771,0.00275947344924096,0.558745117356826,37,-0.00111500089537263,0.00188492662715958,0.924516850409324,"Escherichia fergusonii","Species","Escherichia fergusonii","d__Bacteria;p__Pseudomonadota;c__Gammaproteobacteria;o__Enterobacterales;f__Enterobacteriaceae;g__Escherichia_s__Escherichia_fergusonii",NA,NA
"X571","PFHxS",0.00285700203579003,0.00179446567221096,-0.000813092348805424,0.00652709642038548,0.122201207457594,37,0.00283800779607783,0.00178253550530653,0.967141731199802,"Klebsiella oxytoca","Species","Klebsiella oxytoca","d__Bacteria;p__Pseudomonadota;c__Gammaproteobacteria;o__Enterobacterales;f__Enterobacteriaceae;g__Klebsiella_s__Klebsiella_oxytoca",NA,NA
"X571","PFOA",-0.000553675271528098,0.00130257090466163,-0.00321773189672168,0.00211038135366549,0.673927935032482,37,-0.000475593980112885,0.00111887763962713,0.921731798726478,"Klebsiella oxytoca","Species","Klebsiella oxytoca","d__Bacteria;p__Pseudomonadota;c__Gammaproteobacteria;o__Enterobacterales;f__Enterobacteriaceae;g__Klebsiella_s__Klebsiella_oxytoca",NA,NA
"X571","PFNA",0.000111904065548355,0.00107756921134912,-0.00209197242695243,0.00231578055804914,0.918004364261574,37,0.000173262794895508,0.00166841707079016,0.990580077525717,"Klebsiella oxytoca","Species","Klebsiella oxytoca","d__Bacteria;p__Pseudomonadota;c__Gammaproteobacteria;o__Enterobacterales;f__Enterobacteriaceae;g__Klebsiella_s__Klebsiella_oxytoca",NA,NA
"X571","PFBS",-0.00190241506374256,0.00122015387037459,-0.00439790992739562,0.000593079799910508,0.12980616273356,37,-0.00188906353645172,0.00121159058783451,0.924516850409324,"Klebsiella oxytoca","Species","Klebsiella oxytoca","d__Bacteria;p__Pseudomonadota;c__Gammaproteobacteria;o__Enterobacterales;f__Enterobacteriaceae;g__Klebsiella_s__Klebsiella_oxytoca",NA,NA
"X571","PFOS",0.00189258900882818,0.0015665504804976,-0.00131136646978274,0.0050965444874391,0.236759134602624,37,0.00169860805632105,0.00140598685419525,0.787788914588675,"Klebsiella oxytoca","Species","Klebsiella oxytoca","d__Bacteria;p__Pseudomonadota;c__Gammaproteobacteria;o__Enterobacterales;f__Enterobacteriaceae;g__Klebsiella_s__Klebsiella_oxytoca",NA,NA
"X576","PFOA",-0.000479546852170955,0.00196506355508919,-0.00449855308371404,0.00353945937937213,0.808920967038865,37,-0.000411919418841186,0.0016879431778853,0.96044685670314,"Klebsiella sp.","Species","Klebsiella sp.","d__Bacteria;p__Pseudomonadota;c__Gammaproteobacteria;o__Enterobacterales;f__Enterobacteriaceae;g__Klebsiella_s__Klebsiella_sp.",NA,NA
"X576","PFOS",0.00313077996280531,0.00234605339940347,-0.00166743799168086,0.00792899791729148,0.192428153573614,37,0.00280989060096165,0.00210559460410979,0.782370623050135,"Klebsiella sp.","Species","Klebsiella sp.","d__Bacteria;p__Pseudomonadota;c__Gammaproteobacteria;o__Enterobacterales;f__Enterobacteriaceae;g__Klebsiella_s__Klebsiella_sp.",NA,NA
"X576","PFHxS",0.0012889650766332,0.00280692113620005,-0.00445183323425195,0.00702976338751835,0.649507349459907,37,0.0012803956351909,0.00278825984991242,0.967984616802768,"Klebsiella sp.","Species","Klebsiella sp.","d__Bacteria;p__Pseudomonadota;c__Gammaproteobacteria;o__Enterobacterales;f__Enterobacteriaceae;g__Klebsiella_s__Klebsiella_sp.",NA,NA
"X576","PFNA",-0.000518379975685172,0.00161969140641177,-0.00383102085118612,0.00279426089981578,0.751226051283734,37,-0.000802615731295906,0.00250779324743901,0.990580077525717,"Klebsiella sp.","Species","Klebsiella sp.","d__Bacteria;p__Pseudomonadota;c__Gammaproteobacteria;o__Enterobacterales;f__Enterobacteriaceae;g__Klebsiella_s__Klebsiella_sp.",NA,NA
"X576","PFBS",-0.00218622782846312,0.00186875767997956,-0.00600826642952045,0.00163581077259422,0.251573270818115,37,-0.00217088444674162,0.00185564236690212,0.924516850409324,"Klebsiella sp.","Species","Klebsiella sp.","d__Bacteria;p__Pseudomonadota;c__Gammaproteobacteria;o__Enterobacterales;f__Enterobacteriaceae;g__Klebsiella_s__Klebsiella_sp.",NA,NA
"X59310","PFBS",-0.000703567445728678,0.00113394040498124,-0.00302273597440827,0.00161560108295091,0.539799210109262,37,-0.000698629669461225,0.00112598218568838,0.924516850409324,"Streptococcus macedonicus","Species","Streptococcus macedonicus","d__Bacteria;p__Bacillota;c__Bacilli;o__Lactobacillales;f__Streptococcaceae;g__Streptococcus_s__Streptococcus_macedonicus",NA,NA
"X59310","PFHxS",0.00178785599204658,0.00164837542523732,-0.00158345028901188,0.00515916227310504,0.287026199623223,37,0.00177596976835531,0.00163741651181323,0.967141731199802,"Streptococcus macedonicus","Species","Streptococcus macedonicus","d__Bacteria;p__Bacillota;c__Bacilli;o__Lactobacillales;f__Streptococcaceae;g__Streptococcus_s__Streptococcus_macedonicus",NA,NA
"X59310","PFNA",0.00110923091842118,0.000946310062415198,-0.00082619047187883,0.00304465230872119,0.250670848217788,37,0.00171743938138796,0.00146518650102976,0.990580077525717,"Streptococcus macedonicus","Species","Streptococcus macedonicus","d__Bacteria;p__Bacillota;c__Bacilli;o__Lactobacillales;f__Streptococcaceae;g__Streptococcus_s__Streptococcus_macedonicus",NA,NA
"X59310","PFOA",-0.000998463533965531,0.00115937968618227,-0.00336966123463202,0.00137273416670096,0.396190149234003,37,-0.000857656591390943,0.000995879765212652,0.871152209996706,"Streptococcus macedonicus","Species","Streptococcus macedonicus","d__Bacteria;p__Bacillota;c__Bacilli;o__Lactobacillales;f__Streptococcaceae;g__Streptococcus_s__Streptococcus_macedonicus",NA,NA
"X59310","PFOS",6.9124551131376e-05,0.00144261147964327,-0.00288134720911595,0.0030195963113787,0.962111454125201,37,6.20396287274388e-05,0.00129475098398701,0.988310409423479,"Streptococcus macedonicus","Species","Streptococcus macedonicus","d__Bacteria;p__Bacillota;c__Bacilli;o__Lactobacillales;f__Streptococcaceae;g__Streptococcus_s__Streptococcus_macedonicus",NA,NA
"X61645","PFBS",-0.00443336466221823,0.00251191627654321,-0.00957081028956001,0.000704080965123547,0.0881055090316981,37,-0.00440225042726185,0.00249428714851654,0.924516850409324,"Enterobacter asburiae","Species","Enterobacter asburiae","d__Bacteria;p__Pseudomonadota;c__Gammaproteobacteria;o__Enterobacterales;f__Enterobacteriaceae;g__Enterobacter_s__Enterobacter_asburiae",NA,NA
"X61645","PFOS",0.00364915441592069,0.00327152952844486,-0.00304187475076717,0.0103401835826085,0.273825381041752,37,0.00327513425298833,0.00293621403674396,0.795964792514997,"Enterobacter asburiae","Species","Enterobacter asburiae","d__Bacteria;p__Pseudomonadota;c__Gammaproteobacteria;o__Enterobacterales;f__Enterobacteriaceae;g__Enterobacter_s__Enterobacter_asburiae",NA,NA
"X61645","PFNA",-0.00142847250528104,0.00222706273419583,-0.00598332722414746,0.00312638221358537,0.526290198921915,37,-0.00221172606628338,0.00344819566513124,0.990580077525717,"Enterobacter asburiae","Species","Enterobacter asburiae","d__Bacteria;p__Pseudomonadota;c__Gammaproteobacteria;o__Enterobacterales;f__Enterobacteriaceae;g__Enterobacter_s__Enterobacter_asburiae",NA,NA
"X61645","PFHxS",0.000537424652627178,0.00389273015786415,-0.00742410245506051,0.00849895176031486,0.891148321392622,37,0.000533851686086948,0.00386685007488657,0.967984616802768,"Enterobacter asburiae","Species","Enterobacter asburiae","d__Bacteria;p__Pseudomonadota;c__Gammaproteobacteria;o__Enterobacterales;f__Enterobacteriaceae;g__Enterobacter_s__Enterobacter_asburiae",NA,NA
"X61645","PFOA",0.00228351083146403,0.00268577170836522,-0.00320950907848591,0.00777653074141397,0.402165208894995,37,0.00196148186638266,0.0023070144580065,0.871152209996706,"Enterobacter asburiae","Species","Enterobacter asburiae","d__Bacteria;p__Pseudomonadota;c__Gammaproteobacteria;o__Enterobacterales;f__Enterobacteriaceae;g__Enterobacter_s__Enterobacter_asburiae",NA,NA
"X623","PFOA",0.000943942476500524,0.00190269093704392,-0.00294749742775895,0.00483538238076,0.623556716570162,37,0.000810824290847375,0.00163436657226168,0.921731798726478,"Shigella flexneri","Species","Shigella flexneri","d__Bacteria;p__Pseudomonadota;c__Gammaproteobacteria;o__Enterobacterales;f__Enterobacteriaceae;g__Shigella_s__Shigella_flexneri",NA,NA
"X623","PFOS",0.00290932451783459,0.00228479411510052,-0.00176360413253936,0.00758225316820853,0.213009224462084,37,0.00261113323674323,0.00205061409151246,0.782370623050135,"Shigella flexneri","Species","Shigella flexneri","d__Bacteria;p__Pseudomonadota;c__Gammaproteobacteria;o__Enterobacterales;f__Enterobacteriaceae;g__Shigella_s__Shigella_flexneri",NA,NA
"X623","PFNA",-0.00124253035698235,0.00155910302783436,-0.00443125408464803,0.00194619337068333,0.431955618753748,37,-0.0019238289631242,0.00241398332409916,0.990580077525717,"Shigella flexneri","Species","Shigella flexneri","d__Bacteria;p__Pseudomonadota;c__Gammaproteobacteria;o__Enterobacterales;f__Enterobacteriaceae;g__Shigella_s__Shigella_flexneri",NA,NA
"X623","PFHxS",-0.000254601515705174,0.00273602456940126,-0.005850400066648,0.00534119703523765,0.926499561796935,37,-0.000252908845500599,0.0027178346255795,0.967984616802768,"Shigella flexneri","Species","Shigella flexneri","d__Bacteria;p__Pseudomonadota;c__Gammaproteobacteria;o__Enterobacterales;f__Enterobacteriaceae;g__Shigella_s__Shigella_flexneri",NA,NA
"X623","PFBS",-0.00153113003174363,0.00183569318845593,-0.0052855441546348,0.00222328409114753,0.411049410722622,37,-0.00152038425665267,0.00182280992855624,0.924516850409324,"Shigella flexneri","Species","Shigella flexneri","d__Bacteria;p__Pseudomonadota;c__Gammaproteobacteria;o__Enterobacterales;f__Enterobacteriaceae;g__Shigella_s__Shigella_flexneri",NA,NA
"X674529","PFNA",-0.000701578901600753,0.00171741696037197,-0.00421409097685495,0.00281093317365345,0.685901497212017,37,-0.00108626546082493,0.00265910323362124,0.990580077525717,"Bacteroides faecis","Species","Bacteroides faecis","d__Bacteria;p__Bacteroidota;c__Bacteroidia;o__Bacteroidales;f__Bacteroidaceae;g__Bacteroides_s__Bacteroides_faecis",NA,NA
"X674529","PFOS",0.00524249226006332,0.00237381903315831,0.000387487208389155,0.0100974973117375,0.0352711129252201,37,0.00470516289939669,0.00213051439861607,0.493117013625033,"Bacteroides faecis","Species","Bacteroides faecis","d__Bacteria;p__Bacteroidota;c__Bacteroidia;o__Bacteroidales;f__Bacteroidaceae;g__Bacteroides_s__Bacteroides_faecis",NA,NA
"X674529","PFBS",0.00169145145543565,0.00200552665313756,-0.00241031110364848,0.00579321401451977,0.405910605702738,37,0.0016795805127067,0.00199145146820436,0.924516850409324,"Bacteroides faecis","Species","Bacteroides faecis","d__Bacteria;p__Bacteroidota;c__Bacteroidia;o__Bacteroidales;f__Bacteroidaceae;g__Bacteroides_s__Bacteroides_faecis",NA,NA
"X674529","PFHxS",0.00360555912423887,0.00291446951229253,-0.00235520031339386,0.00956631856187161,0.22596564462725,37,0.00358158824376894,0.00289509321089096,0.967141731199802,"Bacteroides faecis","Species","Bacteroides faecis","d__Bacteria;p__Bacteroidota;c__Bacteroidia;o__Bacteroidales;f__Bacteroidaceae;g__Bacteroides_s__Bacteroides_faecis",NA,NA
"X674529","PFOA",0.00292120098386055,0.00201638224266375,-0.00120276374870537,0.00704516571642647,0.158139381789538,37,0.00250924264468151,0.0017320247183348,0.871152209996706,"Bacteroides faecis","Species","Bacteroides faecis","d__Bacteria;p__Bacteroidota;c__Bacteroidia;o__Bacteroidales;f__Bacteroidaceae;g__Bacteroides_s__Bacteroides_faecis",NA,NA
"X68892","PFOS",-0.00132176978718372,0.00156858481652424,-0.00452988595013839,0.00188634637577094,0.406319917825455,37,-0.00118629496348082,0.00140781268090564,0.917496588638124,"Streptococcus infantis","Species","Streptococcus infantis","d__Bacteria;p__Bacillota;c__Bacilli;o__Lactobacillales;f__Streptococcaceae;g__Streptococcus_s__Streptococcus_infantis",NA,NA
"X68892","PFBS",0.00112776420976276,0.00123858940398761,-0.00140543555370418,0.0036609639732297,0.370053149770378,37,0.00111984933623634,0.00122989673720597,0.924516850409324,"Streptococcus infantis","Species","Streptococcus infantis","d__Bacteria;p__Bacillota;c__Bacilli;o__Lactobacillales;f__Streptococcaceae;g__Streptococcus_s__Streptococcus_infantis",NA,NA
"X68892","PFHxS",0.000217309882571741,0.00185004256151016,-0.00356645200343596,0.00400107176857944,0.907303646766396,37,0.00021586513876348,0.00183774290212914,0.967984616802768,"Streptococcus infantis","Species","Streptococcus infantis","d__Bacteria;p__Bacillota;c__Bacilli;o__Lactobacillales;f__Streptococcaceae;g__Streptococcus_s__Streptococcus_infantis",NA,NA
"X68892","PFNA",0.000313439124738475,0.00106421867304206,-0.00186313245107828,0.00249001070055523,0.770454725213603,37,0.000485302643077994,0.00164774622590971,0.990580077525717,"Streptococcus infantis","Species","Streptococcus infantis","d__Bacteria;p__Bacillota;c__Bacilli;o__Lactobacillales;f__Streptococcaceae;g__Streptococcus_s__Streptococcus_infantis",NA,NA
"X68892","PFOA",-2.26899824430873e-05,0.00129211535481559,-0.00266536260716675,0.00261998264228058,0.986109858578311,37,-1.94901589681195e-05,0.00110989656927551,0.989502361295543,"Streptococcus infantis","Species","Streptococcus infantis","d__Bacteria;p__Bacillota;c__Bacilli;o__Lactobacillales;f__Streptococcaceae;g__Streptococcus_s__Streptococcus_infantis",NA,NA
"X704125","PFBS",0.00231689701000782,0.00120084819786613,-0.00013911331996962,0.00477290733998526,0.0635195915945883,37,0.0023006365659813,0.00119242040637544,0.924516850409324,"Clostridium gelidum","Species","Clostridium gelidum","d__Bacteria;p__Bacillota;c__Clostridia;o__Eubacteriales;f__Clostridiaceae;g__Clostridium_s__Clostridium_gelidum",NA,NA
"X704125","PFOA",0.00204117508639244,0.00125616322322598,-0.000527967173106293,0.00461031734589118,0.11499839900049,37,0.00175332118547646,0.00107901453745015,0.871152209996706,"Clostridium gelidum","Species","Clostridium gelidum","d__Bacteria;p__Bacillota;c__Clostridia;o__Eubacteriales;f__Clostridiaceae;g__Clostridium_s__Clostridium_gelidum",NA,NA
"X704125","PFOS",0.00065875267499726,0.00160757578145499,-0.00262910896520914,0.00394661431520366,0.68497854411416,37,0.000591233804938034,0.00144280726601956,0.975138740801322,"Clostridium gelidum","Species","Clostridium gelidum","d__Bacteria;p__Bacillota;c__Clostridia;o__Eubacteriales;f__Clostridiaceae;g__Clostridium_s__Clostridium_gelidum",NA,NA
"X704125","PFNA",-0.00110620116354193,0.00106261790491785,-0.00327949880094087,0.00106709647385701,0.306470147312783,37,-0.0017127483650638,0.00164526773187269,0.990580077525717,"Clostridium gelidum","Species","Clostridium gelidum","d__Bacteria;p__Bacillota;c__Clostridia;o__Eubacteriales;f__Clostridiaceae;g__Clostridium_s__Clostridium_gelidum",NA,NA
"X704125","PFHxS",-0.00138881018857835,0.00186131643622389,-0.00519562973733225,0.00241800936017555,0.461586452154445,37,-0.00137957694572233,0.00184894182461109,0.967984616802768,"Clostridium gelidum","Species","Clostridium gelidum","d__Bacteria;p__Bacillota;c__Clostridia;o__Eubacteriales;f__Clostridiaceae;g__Clostridium_s__Clostridium_gelidum",NA,NA
"X751585","PFBS",-4.94696220196811e-05,0.00233272517716355,-0.00482042830130384,0.00472148905726448,0.98322593868885,37,-4.91224343732776e-05,0.00231635364791186,0.993424213527658,"Coprococcus sp. ART55/1","Species","Coprococcus sp. ART55/1","d__Bacteria;p__Bacillota;c__Clostridia;o__Lachnospirales;f__Lachnospiraceae;g__Coprococcus_s__Coprococcus_sp._ART55/1",NA,NA
"X751585","PFHxS",-0.00154732691827595,0.00342436766802906,-0.00855094517848983,0.00545629134193793,0.654733067159255,37,-0.00153703980681061,0.00340160140481523,0.967984616802768,"Coprococcus sp. ART55/1","Species","Coprococcus sp. ART55/1","d__Bacteria;p__Bacillota;c__Clostridia;o__Lachnospirales;f__Lachnospiraceae;g__Coprococcus_s__Coprococcus_sp._ART55/1",NA,NA
"X751585","PFNA",0.00231210009735169,0.00193211019812597,-0.00163950895172244,0.00626370914642582,0.241126611979,37,0.00357986032931238,0.00299151609311963,0.990580077525717,"Coprococcus sp. ART55/1","Species","Coprococcus sp. ART55/1","d__Bacteria;p__Bacillota;c__Clostridia;o__Lachnospirales;f__Lachnospiraceae;g__Coprococcus_s__Coprococcus_sp._ART55/1",NA,NA
"X751585","PFOA",-0.00199084174561331,0.002370859452415,-0.00683979377502297,0.00285811028379635,0.407938794514544,37,-0.00171008603464976,0.00203651226855466,0.871152209996706,"Coprococcus sp. ART55/1","Species","Coprococcus sp. ART55/1","d__Bacteria;p__Bacillota;c__Clostridia;o__Lachnospirales;f__Lachnospiraceae;g__Coprococcus_s__Coprococcus_sp._ART55/1",NA,NA
"X751585","PFOS",-0.00650322001070571,0.0026896935264818,-0.0120042609393187,-0.00100217908209269,0.0221248807111319,37,-0.00583667233122765,0.00241401332872865,0.493117013625033,"Coprococcus sp. ART55/1","Species","Coprococcus sp. ART55/1","d__Bacteria;p__Bacillota;c__Clostridia;o__Lachnospirales;f__Lachnospiraceae;g__Coprococcus_s__Coprococcus_sp._ART55/1",NA,NA
"X820","PFHxS",0.0035881518276578,0.00270184214090131,-0.00193773580727685,0.00911403946259245,0.194523529376387,37,0.00356429667631926,0.0026838794525147,0.967141731199802,"Bacteroides uniformis","Species","Bacteroides uniformis","d__Bacteria;p__Bacteroidota;c__Bacteroidia;o__Bacteroidales;f__Bacteroidaceae;g__Bacteroides_s__Bacteroides_uniformis",NA,NA
"X820","PFOS",0.00350662295549954,0.00229705725349394,-0.00119138662902221,0.00820463254002129,0.137701446995283,37,0.00314721155776965,0.0020616203192638,0.680811403513181,"Bacteroides uniformis","Species","Bacteroides uniformis","d__Bacteria;p__Bacteroidota;c__Bacteroidia;o__Bacteroidales;f__Bacteroidaceae;g__Bacteroides_s__Bacteroides_uniformis",NA,NA
"X820","PFNA",0.00144556714327035,0.00158014380375937,-0.00178618980301063,0.00467732408955133,0.367823927448005,37,0.00223819395859132,0.00244656108278624,0.990580077525717,"Bacteroides uniformis","Species","Bacteroides uniformis","d__Bacteria;p__Bacteroidota;c__Bacteroidia;o__Bacteroidales;f__Bacteroidaceae;g__Bacteroides_s__Bacteroides_uniformis",NA,NA
"X820","PFBS",0.00176478779636933,0.00186040609701094,-0.00204016989964186,0.00556974549238053,0.350660889071814,37,0.00175240216461376,0.00184734939700384,0.924516850409324,"Bacteroides uniformis","Species","Bacteroides uniformis","d__Bacteria;p__Bacteroidota;c__Bacteroidia;o__Bacteroidales;f__Bacteroidaceae;g__Bacteroides_s__Bacteroides_uniformis",NA,NA
"X820","PFOA",-0.000742546742224437,0.00193821757263486,-0.00470664677467976,0.00322155329023088,0.704433642937346,37,-0.000637830112187798,0.00166488311307465,0.921731798726478,"Bacteroides uniformis","Species","Bacteroides uniformis","d__Bacteria;p__Bacteroidota;c__Bacteroidia;o__Bacteroidales;f__Bacteroidaceae;g__Bacteroides_s__Bacteroides_uniformis",NA,NA
"X823","PFBS",-5.76189799969571e-05,0.00166042401056185,-0.00345356738490691,0.003338329424913,0.972555628677734,37,-5.7214598535434e-05,0.0016487708246121,0.993424213527658,"Parabacteroides distasonis","Species","Parabacteroides distasonis","d__Bacteria;p__Bacteroidota;c__Bacteroidia;o__Bacteroidales;f__Tannerellaceae;g__Parabacteroides_s__Parabacteroides_distasonis",NA,NA
"X823","PFOA",0.00120109780950638,0.00169335751237436,-0.00226220716952976,0.00466440278854251,0.483802635926796,37,0.00103171464774189,0.00145455410504694,0.902498177187884,"Parabacteroides distasonis","Species","Parabacteroides distasonis","d__Bacteria;p__Bacteroidota;c__Bacteroidia;o__Bacteroidales;f__Tannerellaceae;g__Parabacteroides_s__Parabacteroides_distasonis",NA,NA
"X823","PFOS",-0.000829473942719418,0.00209299328130634,-0.00511012584243175,0.00345117795699291,0.694777538664595,37,-0.000744456992532129,0.00187847188843922,0.975138740801322,"Parabacteroides distasonis","Species","Parabacteroides distasonis","d__Bacteria;p__Bacteroidota;c__Bacteroidia;o__Bacteroidales;f__Tannerellaceae;g__Parabacteroides_s__Parabacteroides_distasonis",NA,NA
"X823","PFHxS",0.00115136634956485,0.00243668585893479,-0.00383221579769416,0.00613494849682387,0.640097223406108,37,0.00114371170733281,0.00242048601212749,0.967984616802768,"Parabacteroides distasonis","Species","Parabacteroides distasonis","d__Bacteria;p__Bacteroidota;c__Bacteroidia;o__Bacteroidales;f__Tannerellaceae;g__Parabacteroides_s__Parabacteroides_distasonis",NA,NA
"X823","PFNA",-0.00234102696646753,0.00134008564457654,-0.00508180984975199,0.000399755916816927,0.0912352407291477,37,-0.00362464824801781,0.00207487532325935,0.990580077525717,"Parabacteroides distasonis","Species","Parabacteroides distasonis","d__Bacteria;p__Bacteroidota;c__Bacteroidia;o__Bacteroidales;f__Tannerellaceae;g__Parabacteroides_s__Parabacteroides_distasonis",NA,NA
"X84022","PFNA",0.000492842265609074,0.00206383106690519,-0.00372816620877979,0.00471385073999794,0.812940412289882,37,0.000763075299933259,0.0031954615508554,0.990580077525717,"Clostridium aceticum","Species","Clostridium aceticum","d__Bacteria;p__Bacillota;c__Clostridia;o__Eubacteriales;f__Clostridiaceae;g__Clostridium_s__Clostridium_aceticum",NA,NA
"X84022","PFOA",-0.00335195598743515,0.00242594239862767,-0.00831356529121498,0.00160965331634468,0.177612460925224,37,-0.00287925101807007,0.00208382721826034,0.871152209996706,"Clostridium aceticum","Species","Clostridium aceticum","d__Bacteria;p__Bacillota;c__Clostridia;o__Eubacteriales;f__Clostridiaceae;g__Clostridium_s__Clostridium_aceticum",NA,NA
"X84022","PFHxS",0.002096195951574,0.00356560853283163,-0.00519629231201457,0.00938868421516255,0.56115471902545,37,0.00208225978775991,0.00354190325634109,0.967984616802768,"Clostridium aceticum","Species","Clostridium aceticum","d__Bacteria;p__Bacillota;c__Clostridia;o__Eubacteriales;f__Clostridiaceae;g__Clostridium_s__Clostridium_aceticum",NA,NA
"X84022","PFOS",0.000856564549291513,0.00307327324188328,-0.00542898498338144,0.00714211408196447,0.782442119607366,37,0.00076877094678175,0.00275827803267813,0.975138740801322,"Clostridium aceticum","Species","Clostridium aceticum","d__Bacteria;p__Bacillota;c__Clostridia;o__Eubacteriales;f__Clostridiaceae;g__Clostridium_s__Clostridium_aceticum",NA,NA
"X84022","PFBS",-0.00486298076892449,0.00226118302855196,-0.00948761932520636,-0.000238342212642627,0.0399733052478544,37,-0.00482885140268441,0.00224531359632832,0.924516850409324,"Clostridium aceticum","Species","Clostridium aceticum","d__Bacteria;p__Bacillota;c__Clostridia;o__Eubacteriales;f__Clostridiaceae;g__Clostridium_s__Clostridium_aceticum",NA,NA
"X84023","PFNA",0.0011988636490736,0.00162155160554849,-0.00211758176084205,0.00451530905898924,0.465648726372345,37,0.00185621912411538,0.0025106734225239,0.990580077525717,"Clostridium autoethanogenum","Species","Clostridium autoethanogenum","d__Bacteria;p__Bacillota;c__Clostridia;o__Eubacteriales;f__Clostridiaceae;g__Clostridium_s__Clostridium_autoethanogenum",NA,NA
"X84023","PFHxS",-0.00344913828684879,0.00276866656125147,-0.00911169720710193,0.00221342063340435,0.222817822272294,37,-0.00342620734084307,0.00275025960329738,0.967141731199802,"Clostridium autoethanogenum","Species","Clostridium autoethanogenum","d__Bacteria;p__Bacillota;c__Clostridia;o__Eubacteriales;f__Clostridiaceae;g__Clostridium_s__Clostridium_autoethanogenum",NA,NA
"X84023","PFBS",0.00242096099543032,0.00187598329628009,-0.00141585565026754,0.00625777764112819,0.207070979686637,37,0.00240397020965671,0.00186281727239035,0.924516850409324,"Clostridium autoethanogenum","Species","Clostridium autoethanogenum","d__Bacteria;p__Bacillota;c__Clostridia;o__Eubacteriales;f__Clostridiaceae;g__Clostridium_s__Clostridium_autoethanogenum",NA,NA
"X84023","PFOA",-0.000219744254841203,0.00198389152165273,-0.00427725800170113,0.00383776949201872,0.912566326783213,37,-0.000188755124422356,0.00170411595643594,0.989502361295543,"Clostridium autoethanogenum","Species","Clostridium autoethanogenum","d__Bacteria;p__Bacillota;c__Clostridia;o__Eubacteriales;f__Clostridiaceae;g__Clostridium_s__Clostridium_autoethanogenum",NA,NA
"X84023","PFOS",-0.00225606287852419,0.00240192488847718,-0.007168550858614,0.00265642510156562,0.355348682857489,37,-0.00202482766366734,0.0021557395436696,0.917496588638124,"Clostridium autoethanogenum","Species","Clostridium autoethanogenum","d__Bacteria;p__Bacillota;c__Clostridia;o__Eubacteriales;f__Clostridiaceae;g__Clostridium_s__Clostridium_autoethanogenum",NA,NA
"X885040","PFOS",7.68398591183029e-05,0.00200085453963363,-0.00401536715493617,0.00416904687317278,0.96962911079585,37,6.89641560508361e-05,0.00179577690914128,0.988310409423479,"Enterobacter soli","Species","Enterobacter soli","d__Bacteria;p__Pseudomonadota;c__Gammaproteobacteria;o__Enterobacterales;f__Enterobacteriaceae;g__Enterobacter_s__Enterobacter_soli",NA,NA
"X885040","PFHxS",0.000646254243583819,0.00232902973826479,-0.00411714641452391,0.00540965490169155,0.783381707671077,37,0.00064195774401403,0.00231354562289096,0.967984616802768,"Enterobacter soli","Species","Enterobacter soli","d__Bacteria;p__Pseudomonadota;c__Gammaproteobacteria;o__Enterobacterales;f__Enterobacteriaceae;g__Enterobacter_s__Enterobacter_soli",NA,NA
"X885040","PFOA",0.0018304679846487,0.00159256062173041,-0.00142668420580763,0.00508762017510502,0.259787964996214,37,0.00157232876210204,0.00136797195686457,0.871152209996706,"Enterobacter soli","Species","Enterobacter soli","d__Bacteria;p__Pseudomonadota;c__Gammaproteobacteria;o__Enterobacterales;f__Enterobacteriaceae;g__Enterobacter_s__Enterobacter_soli",NA,NA
"X885040","PFNA",-0.000799105344114628,0.00133499224419411,-0.00352947105395769,0.00193126036572843,0.55409726639871,37,-0.00123726715967624,0.00206698913269553,0.990580077525717,"Enterobacter soli","Species","Enterobacter soli","d__Bacteria;p__Pseudomonadota;c__Gammaproteobacteria;o__Enterobacterales;f__Enterobacteriaceae;g__Enterobacter_s__Enterobacter_soli",NA,NA
"X885040","PFBS",0.000981209349679638,0.00157259985342547,-0.00223511848575968,0.00419753718511895,0.537543974548508,37,0.000974323027309743,0.00156156303487796,0.924516850409324,"Enterobacter soli","Species","Enterobacter soli","d__Bacteria;p__Pseudomonadota;c__Gammaproteobacteria;o__Enterobacterales;f__Enterobacteriaceae;g__Enterobacter_s__Enterobacter_soli",NA,NA
"X102684","Mixture",-0.00253127620534732,NA,-0.00785856717572838,0.00279601476503374,0.360981816499717,37,-0.00501823420158791,NA,0.986122830102158,"Streptococcus infantarius","Species","Streptococcus infantarius","d__Bacteria;p__Bacillota;c__Bacilli;o__Lactobacillales;f__Streptococcaceae;g__Streptococcus_s__Streptococcus_infantarius",-0.0123754443983428,0.00233897599516696
"X113107","Mixture",-0.000438366316002712,NA,-0.0147000583513011,0.0138233257192957,0.9524601163938,37,-0.00349075650562367,NA,0.998121515293917,"Streptococcus australis","Species","Streptococcus australis","d__Bacteria;p__Bacillota;c__Bacilli;o__Lactobacillales;f__Streptococcaceae;g__Streptococcus_s__Streptococcus_australis",-0.0221504696296014,0.0151689566183541
"X1155388","Mixture",-0.00344226349577053,NA,-0.00810372203887544,0.00121919504733438,0.160738926316182,37,-0.00465025759390162,NA,0.986122830102158,"Clostridium sp. C1","Species","Clostridium sp. C1","d__Bacteria;p__Bacillota;c__Clostridia;o__Eubacteriales;f__Clostridiaceae;g__Clostridium_s__Clostridium_sp._C1",-0.0102281525763458,0.000927637388542594
"X1156431","Mixture",0.00106495761836584,NA,-0.010025010697511,0.0121549259342427,0.852291874588294,37,-0.000542331055317683,NA,0.986122830102158,"Streptococcus ilei","Species","Streptococcus ilei","d__Bacteria;p__Bacillota;c__Bacilli;o__Lactobacillales;f__Streptococcaceae;g__Streptococcus_s__Streptococcus_ilei",-0.0144573880559036,0.0133727259452682
"X1216932","Mixture",0.00111064887649138,NA,-0.00375576171546477,0.00597705946844753,0.658656805550637,37,-0.00191992438717916,NA,0.986122830102158,"Clostridium bornimense","Species","Clostridium bornimense","d__Bacteria;p__Bacillota;c__Clostridia;o__Eubacteriales;f__Clostridiaceae;g__Clostridium_s__Clostridium_bornimense",-0.00815118999899936,0.00431134122464103
"X1259973","Mixture",0.0044079850239393,NA,-0.00246141825826168,0.0112773883061403,0.220608772102669,37,0.00731821336747763,NA,0.986122830102158,"Klebsiella electrica","Species","Klebsiella electrica","d__Bacteria;p__Pseudomonadota;c__Gammaproteobacteria;o__Enterobacterales;f__Enterobacteriaceae;g__Klebsiella_s__Klebsiella_electrica",-0.00126328635377229,0.0158997130887275
"X1302","Mixture",0.000799125555169705,NA,-0.00844890275395645,0.0100471538642959,0.866931937532672,37,0.00188961756448077,NA,0.986751798817675,"Streptococcus gordonii","Species","Streptococcus gordonii","d__Bacteria;p__Bacillota;c__Bacilli;o__Lactobacillales;f__Streptococcaceae;g__Streptococcus_s__Streptococcus_gordonii",-0.0094284087088858,0.0132076438378473
"X1303","Mixture",0.00456120905645303,NA,-0.00517548278398007,0.0142979008968861,0.367672698417402,37,0.00913096869004042,NA,0.986122830102158,"Streptococcus oralis","Species","Streptococcus oralis","d__Bacteria;p__Bacillota;c__Bacilli;o__Lactobacillales;f__Streptococcaceae;g__Streptococcus_s__Streptococcus_oralis",-0.00452047446663215,0.022782411846713
"X1304","Mixture",-0.00706297946100648,NA,-0.0206140681004579,0.00648810917844496,0.317179063494356,37,-0.00981097149077352,NA,0.986122830102158,"Streptococcus salivarius","Species","Streptococcus salivarius","d__Bacteria;p__Bacillota;c__Bacilli;o__Lactobacillales;f__Streptococcaceae;g__Streptococcus_s__Streptococcus_salivarius",-0.0250275543969761,0.00540561141542911
"X1307","Mixture",-0.00115879162902684,NA,-0.0114351795744654,0.00911759631641175,0.826953734221385,37,-0.000389992003291346,NA,0.986122830102158,"Streptococcus suis","Species","Streptococcus suis","d__Bacteria;p__Bacillota;c__Bacilli;o__Lactobacillales;f__Streptococcaceae;g__Streptococcus_s__Streptococcus_suis",-0.0138145192317601,0.0130345352251774
"X1310","Mixture",-0.00106958911803093,NA,-0.0117360951214189,0.00959691688535707,0.845845157775292,37,-0.00417926134210598,NA,0.986122830102158,"Streptococcus sobrinus","Species","Streptococcus sobrinus","d__Bacteria;p__Bacillota;c__Bacilli;o__Lactobacillales;f__Streptococcaceae;g__Streptococcus_s__Streptococcus_sobrinus",-0.0170091547745788,0.00865063209036686
"X1314","Mixture",-0.000497323933297859,NA,-0.0116112201805334,0.0106165723139377,0.930839364229293,37,-0.00488375773936193,NA,0.998121515293917,"Streptococcus pyogenes","Species","Streptococcus pyogenes","d__Bacteria;p__Bacillota;c__Bacilli;o__Lactobacillales;f__Streptococcaceae;g__Streptococcus_s__Streptococcus_pyogenes",-0.0188068168843387,0.00903930140561483
"X1316411","Mixture",-0.00202648394521836,NA,-0.0179036271656439,0.0138506592752072,0.804592146494329,37,0.00153805427319202,NA,0.986122830102158,"Streptococcus sp. HSISS2","Species","Streptococcus sp. HSISS2","d__Bacteria;p__Bacillota;c__Bacilli;o__Lactobacillales;f__Streptococcaceae;g__Streptococcus_s__Streptococcus_sp._HSISS2",-0.0177225992175427,0.0207987077639267
"X1316412","Mixture",0.00154966727390114,NA,-0.00460261335749201,0.0077019479052943,0.626016057531181,37,0.00140438444714268,NA,0.986122830102158,"Streptococcus sp. HSISS3","Species","Streptococcus sp. HSISS3","d__Bacteria;p__Bacillota;c__Bacilli;o__Lactobacillales;f__Streptococcaceae;g__Streptococcus_s__Streptococcus_sp._HSISS3",-0.00639181233649263,0.009200581230778
"X1322","Mixture",0.00241424996200149,NA,-0.00575758610614213,0.0105860860301451,0.567955751076433,37,0.00538387108868593,NA,0.986122830102158,"Blautia hansenii","Species","Blautia hansenii","d__Bacteria;p__Bacillota;c__Clostridia;o__Lachnospirales;f__Lachnospiraceae;g__Blautia_s__Blautia_hansenii",-0.00496900391694517,0.015736746094317
"X1328","Mixture",-0.000820725294380918,NA,-0.00935804444408474,0.0077165938553229,0.852132455035272,37,-0.00566749212653255,NA,0.986122830102158,"Streptococcus anginosus","Species","Streptococcus anginosus","d__Bacteria;p__Bacillota;c__Bacilli;o__Lactobacillales;f__Streptococcaceae;g__Streptococcus_s__Streptococcus_anginosus",-0.0171197342395924,0.00578474998652734
"X1329812","Mixture",0.00389641823771387,NA,-0.00332762841262002,0.0111204648880478,0.30097227647877,37,0.00144042011768144,NA,0.986122830102158,"Enterobacter sp. MGH 3","Species","Enterobacter sp. MGH 3","d__Bacteria;p__Pseudomonadota;c__Gammaproteobacteria;o__Enterobacterales;f__Enterobacteriaceae;g__Enterobacter_s__Enterobacter_sp._MGH_3",-0.00868043613235243,0.0115612763677153
"X1334","Mixture",-0.000751623136384242,NA,-0.00915635429967804,0.00765310802690956,0.862332537491911,37,-0.00365540238453185,NA,0.986751798817675,"Streptococcus dysgalactiae","Species","Streptococcus dysgalactiae","d__Bacteria;p__Bacillota;c__Bacilli;o__Lactobacillales;f__Streptococcaceae;g__Streptococcus_s__Streptococcus_dysgalactiae",-0.0160374524090602,0.00872664763999649
"X1338","Mixture",0.00407320657506182,NA,-0.00314676949230161,0.0112931826424253,0.279805137155777,37,0.00466949864409058,NA,0.986122830102158,"Streptococcus intermedius","Species","Streptococcus intermedius","d__Bacteria;p__Bacillota;c__Bacilli;o__Lactobacillales;f__Streptococcaceae;g__Streptococcus_s__Streptococcus_intermedius",-0.00446552559552984,0.013804522883711
"X1340","Mixture",-0.00350702545605344,NA,-0.0183379288419069,0.0113238779298,0.647204952935172,37,-0.00314581104228512,NA,0.986122830102158,"Streptococcus porcinus","Species","Streptococcus porcinus","d__Bacteria;p__Bacillota;c__Bacilli;o__Lactobacillales;f__Streptococcaceae;g__Streptococcus_s__Streptococcus_porcinus",-0.0234292770703788,0.0171376549858085
"X1343","Mixture",0.000909723691004957,NA,-0.00696616764044745,0.00878561502245736,0.822814912997828,37,-0.00143718963058228,NA,0.986122830102158,"Streptococcus vestibularis","Species","Streptococcus vestibularis","d__Bacteria;p__Bacillota;c__Bacilli;o__Lactobacillales;f__Streptococcaceae;g__Streptococcus_s__Streptococcus_vestibularis",-0.0112717405117588,0.00839736125059422
"X1345","Mixture",-0.0031068275698386,NA,-0.0157890081504911,0.00957535301081388,0.635472457105116,37,-0.000663515186753524,NA,0.986122830102158,"Streptococcus ferus","Species","Streptococcus ferus","d__Bacteria;p__Bacillota;c__Bacilli;o__Lactobacillales;f__Streptococcaceae;g__Streptococcus_s__Streptococcus_ferus",-0.0162709203914721,0.014943890017965
"X1346","Mixture",0.00691563198192758,NA,-0.01026875983673,0.0241000238005851,0.437973956661108,37,0.00958649058067226,NA,0.986122830102158,"Streptococcus iniae","Species","Streptococcus iniae","d__Bacteria;p__Bacillota;c__Bacilli;o__Lactobacillales;f__Streptococcaceae;g__Streptococcus_s__Streptococcus_iniae",-0.0111148647349206,0.0302878458962651
"X1349","Mixture",-0.000348329115807088,NA,-0.00638360509436509,0.00568694686275091,0.910876055657861,37,-0.00159739650620545,NA,0.998121515293917,"Streptococcus uberis","Species","Streptococcus uberis","d__Bacteria;p__Bacillota;c__Bacilli;o__Lactobacillales;f__Streptococcaceae;g__Streptococcus_s__Streptococcus_uberis",-0.0107672199470359,0.00757242693462497
"X137838","Mixture",0.00549140844153103,NA,-0.0068255896688426,0.0178084065519046,0.390870963446787,37,0.00177420469367834,NA,0.986122830102158,"Clostridium neonatale","Species","Clostridium neonatale","d__Bacteria;p__Bacillota;c__Clostridia;o__Eubacteriales;f__Clostridiaceae;g__Clostridium_s__Clostridium_neonatale",-0.0125817388064529,0.0161301481938095
"X1443109","Mixture",0.00299404524120206,NA,-0.00842056356997789,0.014408654052382,0.611885354640406,37,0.005455153712854,NA,0.986122830102158,"Clostridium sp. K25","Species","Clostridium sp. K25","d__Bacteria;p__Bacillota;c__Clostridia;o__Eubacteriales;f__Clostridiaceae;g__Clostridium_s__Clostridium_sp._K25",-0.00834596317322495,0.019256270598933
"X1463165","Mixture",0.00176974458461948,NA,-0.00602420343381847,0.00956369260305742,0.660277349835881,37,0.00304889305748247,NA,0.986122830102158,"Klebsiella quasipneumoniae","Species","Klebsiella quasipneumoniae","d__Bacteria;p__Pseudomonadota;c__Gammaproteobacteria;o__Enterobacterales;f__Enterobacteriaceae;g__Klebsiella_s__Klebsiella_quasipneumoniae",-0.0072368056172781,0.013334591732243
"X1494","Mixture",0.00276046628378581,NA,-0.00626996240195456,0.0117908949695262,0.554699159540367,37,0.00280586111289433,NA,0.986122830102158,"Clostridium cochlearium","Species","Clostridium cochlearium","d__Bacteria;p__Bacillota;c__Clostridia;o__Eubacteriales;f__Clostridiaceae;g__Clostridium_s__Clostridium_cochlearium",-0.00912527844429913,0.0147370006700878
"X1501","Mixture",-0.00202159659012216,NA,-0.00807411686464939,0.00403092368440507,0.518921086525411,37,0.000662218226943587,NA,0.986122830102158,"Clostridium pasteurianum","Species","Clostridium pasteurianum","d__Bacteria;p__Bacillota;c__Clostridia;o__Eubacteriales;f__Clostridiaceae;g__Clostridium_s__Clostridium_pasteurianum",-0.0070807222241571,0.00840515867804427
"X1502","Mixture",0.00251577400758536,NA,-0.0032608428187222,0.00829239083389291,0.401775084805732,37,0.00104361384648592,NA,0.986122830102158,"Clostridium perfringens","Species","Clostridium perfringens","d__Bacteria;p__Bacillota;c__Clostridia;o__Eubacteriales;f__Clostridiaceae;g__Clostridium_s__Clostridium_perfringens",-0.00823711137199389,0.0103243390649657
"X151276","Mixture",-0.00139189159145998,NA,-0.0102920406146743,0.00750825743175431,0.76185361908962,37,-0.000350973094148892,NA,0.986122830102158,"Bacteroides coprosuis","Species","Bacteroides coprosuis","d__Bacteria;p__Bacteroidota;c__Bacteroidia;o__Bacteroidales;f__Bacteroidaceae;g__Bacteroides_s__Bacteroides_coprosuis",-0.0112788267450906,0.0105768805567928
"X1519","Mixture",0.00289228679471455,NA,-0.00665148992801594,0.012436063517445,0.558085661833809,37,0.000623166831153992,NA,0.986122830102158,"Clostridium tyrobutyricum","Species","Clostridium tyrobutyricum","d__Bacteria;p__Bacillota;c__Clostridia;o__Eubacteriales;f__Clostridiaceae;g__Clostridium_s__Clostridium_tyrobutyricum",-0.0130569516654567,0.0143032853277647
"X1520","Mixture",0.00999477218033442,NA,-0.00478163936049066,0.0247711837211595,0.197413336576203,37,0.0181629245834937,NA,0.986122830102158,"Clostridium beijerinckii","Species","Clostridium beijerinckii","d__Bacteria;p__Bacillota;c__Clostridia;o__Eubacteriales;f__Clostridiaceae;g__Clostridium_s__Clostridium_beijerinckii",-0.000739425215205286,0.0370652743821926
"X1548","Mixture",-0.00411913381938536,NA,-0.0143903247814183,0.00615205714264761,0.439548277796274,37,-0.00228120187084439,NA,0.986122830102158,"Clostridium scatologenes","Species","Clostridium scatologenes","d__Bacteria;p__Bacillota;c__Clostridia;o__Eubacteriales;f__Clostridiaceae;g__Clostridium_s__Clostridium_scatologenes",-0.0160819492299481,0.0115195454882593
"X1561","Mixture",0.00110373404424368,NA,-0.010173131739558,0.0123805998280454,0.84948656362502,37,-0.000222379090751589,NA,0.986122830102158,"Clostridium baratii","Species","Clostridium baratii","d__Bacteria;p__Bacillota;c__Clostridia;o__Eubacteriales;f__Clostridiaceae;g__Clostridium_s__Clostridium_baratii",-0.0140880957423298,0.0136433375608266
"X158836","Mixture",-0.00517362890341769,NA,-0.0160135209419203,0.00566626313508494,0.358876604572046,37,-0.00563228512512318,NA,0.986122830102158,"Enterobacter hormaechei","Species","Enterobacter hormaechei","d__Bacteria;p__Pseudomonadota;c__Gammaproteobacteria;o__Enterobacterales;f__Enterobacteriaceae;g__Enterobacter_s__Enterobacter_hormaechei",-0.0210316092020469,0.00976703895180053
"X166486","Mixture",-0.00091123864975795,NA,-0.00878067898300512,0.00695820168348921,0.822382160846454,37,-0.000978955550111535,NA,0.986122830102158,"Roseburia intestinalis","Species","Roseburia intestinalis","d__Bacteria;p__Bacillota;c__Clostridia;o__Lachnospirales;f__Lachnospiraceae;g__Roseburia_s__Roseburia_intestinalis",-0.0112827481493975,0.00932483704917442
"X1680","Mixture",0.00274699874232104,NA,-0.00236215508586691,0.007856152570509,0.302469344008653,37,0.00499226144618227,NA,0.986122830102158,"Bifidobacterium adolescentis","Species","Bifidobacterium adolescentis","d__Bacteria;p__Actinomycetota;c__Actinomycetes;o__Bifidobacteriales;f__Bifidobacteriaceae;g__Bifidobacterium_s__Bifidobacterium_adolescentis",-0.00172879219654579,0.0117133150889103
"X1686399","Mixture",0.00377102814608074,NA,-0.00436652274947087,0.0119085790416323,0.372767127661916,37,0.0044497259713533,NA,0.986122830102158,"Enterobacter sp. BIDMC100","Species","Enterobacter sp. BIDMC100","d__Bacteria;p__Pseudomonadota;c__Gammaproteobacteria;o__Enterobacterales;f__Enterobacteriaceae;g__Enterobacter_s__Enterobacter_sp._BIDMC100",-0.00611504905528944,0.015014500997996
"X1691","Mixture",0.00375118617070969,NA,-0.00657994340433754,0.0140823157457569,0.483539624870952,37,0.000109744120975834,NA,0.986122830102158,"Bifidobacterium indicum","Species","Bifidobacterium indicum","d__Bacteria;p__Actinomycetota;c__Actinomycetes;o__Bifidobacteriales;f__Bifidobacteriaceae;g__Bifidobacterium_s__Bifidobacterium_indicum",-0.0140733998685606,0.0142928881105123
"X1702238","Mixture",-0.00984743606615934,NA,-0.0235933540410535,0.00389848190873478,0.173098562009718,37,-0.0141377786236919,NA,0.986122830102158,"Clostridium sp. MF28","Species","Clostridium sp. MF28","d__Bacteria;p__Bacillota;c__Clostridia;o__Eubacteriales;f__Clostridiaceae;g__Clostridium_s__Clostridium_sp._MF28",-0.0303079039194171,0.00203234667203318
"X1814128","Mixture",-0.00602365218578884,NA,-0.0191271496992681,0.00707984532769044,0.376545701983227,37,-0.014210927914872,NA,0.986122830102158,"Streptococcus halotolerans","Species","Streptococcus halotolerans","d__Bacteria;p__Bacillota;c__Bacilli;o__Lactobacillales;f__Streptococcaceae;g__Streptococcus_s__Streptococcus_halotolerans",-0.0301792247607378,0.0017573689309939
"X1827481","Mixture",-0.00460583618088927,NA,-0.0127902316151249,0.00357855925334634,0.2809708557241,37,-0.00622162974283437,NA,0.986122830102158,"Enterobacter sp. ODB01","Species","Enterobacter sp. ODB01","d__Bacteria;p__Pseudomonadota;c__Gammaproteobacteria;o__Enterobacterales;f__Enterobacteriaceae;g__Enterobacter_s__Enterobacter_sp._ODB01",-0.0168031353315514,0.0043598758458827
"X182773","Mixture",-0.00354075563541218,NA,-0.0131148842364175,0.00603337296559308,0.475555629255159,37,0.000270557770944886,NA,0.986122830102158,"Clostridium isatidis","Species","Clostridium isatidis","d__Bacteria;p__Bacillota;c__Clostridia;o__Eubacteriales;f__Clostridiaceae;g__Clostridium_s__Clostridium_isatidis",-0.0134739839001787,0.0140150994420685
"X1839799","Mixture",0.00802490649208411,NA,-0.00222160774673127,0.0182714207308995,0.137859747991542,37,0.00994090790397114,NA,0.986122830102158,"Streptococcus sp. FDAARGOS_192","Species","Streptococcus sp. FDAARGOS_192","d__Bacteria;p__Bacillota;c__Bacilli;o__Lactobacillales;f__Streptococcaceae;g__Streptococcus_s__Streptococcus_sp._FDAARGOS_192",-0.00325967055278803,0.0231414863607303
"X1912897","Mixture",-0.00668081160218856,NA,-0.0117398634198814,-0.00162175978449569,0.0161263385254791,37,-0.00848781206166653,NA,0.986122830102158,"Blautia argi","Species","Blautia argi","d__Bacteria;p__Bacillota;c__Clostridia;o__Lachnospirales;f__Lachnospiraceae;g__Blautia_s__Blautia_argi",-0.0153513008812985,-0.00162432324203455
"X1940319","Mixture",-0.00148005214248398,NA,-0.0128798258810323,0.00991972159606433,0.80130364497457,37,0.000436801439325818,NA,0.986122830102158,"Streptococcus sp. DAT741","Species","Streptococcus sp. DAT741","d__Bacteria;p__Bacillota;c__Bacilli;o__Lactobacillales;f__Streptococcaceae;g__Streptococcus_s__Streptococcus_sp._DAT741",-0.015668102499022,0.0165417053776736
"X197614","Mixture",-0.000380244941609405,NA,-0.00828887577166274,0.00752838588844393,0.925705162363515,37,0.00171532904199319,NA,0.998121515293917,"Streptococcus pasteurianus","Species","Streptococcus pasteurianus","d__Bacteria;p__Bacillota;c__Bacilli;o__Lactobacillales;f__Streptococcaceae;g__Streptococcus_s__Streptococcus_pasteurianus",-0.00967720779599181,0.0131078658799782
"X1977566","Mixture",-0.000875811127786033,NA,-0.0079555342342254,0.00620391197865333,0.810482837994023,37,-0.000560094275597001,NA,0.986122830102158,"Enterobacter sp. Crenshaw","Species","Enterobacter sp. Crenshaw","d__Bacteria;p__Pseudomonadota;c__Gammaproteobacteria;o__Enterobacterales;f__Enterobacteriaceae;g__Enterobacter_s__Enterobacter_sp._Crenshaw",-0.0107094110508228,0.00958922249962879
"X2020965","Mixture",-0.00702287728685363,NA,-0.0220632492253568,0.00801749465164957,0.369203358992259,37,-0.00751734903025023,NA,0.986122830102158,"Bifidobacterium imperatoris","Species","Bifidobacterium imperatoris","d__Bacteria;p__Actinomycetota;c__Actinomycetes;o__Bifidobacteriales;f__Bifidobacteriaceae;g__Bifidobacterium_s__Bifidobacterium_imperatoris",-0.0258052635547074,0.0107705654942069
"X2021971","Mixture",0.0031257196377583,NA,-0.012345516818654,0.0185969560941706,0.695618296812414,37,-0.000260304652809072,NA,0.986122830102158,"Streptococcus respiraculi","Species","Streptococcus respiraculi","d__Bacteria;p__Bacillota;c__Bacilli;o__Lactobacillales;f__Streptococcaceae;g__Streptococcus_s__Streptococcus_respiraculi",-0.021621293902899,0.0211006845972808
"X2027919","Mixture",-0.0030775229902824,NA,-0.0108610554545698,0.00470600947400495,0.445938839434132,37,-0.00679135842217337,NA,0.986122830102158,"Enterobacter cloacae complex sp.","Species","Enterobacter cloacae complex sp.","d__Bacteria;p__Pseudomonadota;c__Gammaproteobacteria;o__Enterobacterales;f__Enterobacteriaceae;g__Enterobacter_s__Enterobacter_cloacae_complex_sp.",-0.0158433091946639,0.00226059235031718
"X2044467","Mixture",-6.34946496129172e-05,NA,-0.00860155434600498,0.00847456504677914,0.988491267812925,37,-0.00117350505193829,NA,0.998121515293917,"Escherichia sp. E4742","Species","Escherichia sp. E4742","d__Bacteria;p__Pseudomonadota;c__Gammaproteobacteria;o__Enterobacterales;f__Enterobacteriaceae;g__Escherichia_s__Escherichia_sp._E4742",-0.0120669047652216,0.00971989466134505
"X2058152","Mixture",0.00246222171800474,NA,-0.00412891439413464,0.00905335783014412,0.471151864769204,37,0.00153106109240547,NA,0.986122830102158,"Klebsiella grimontii","Species","Klebsiella grimontii","d__Bacteria;p__Pseudomonadota;c__Gammaproteobacteria;o__Enterobacterales;f__Enterobacteriaceae;g__Klebsiella_s__Klebsiella_grimontii",-0.00734147616717287,0.0104035983519838
"X211595","Mixture",0.00551643080755526,NA,-0.00434646484760447,0.015379326462715,0.283856515438919,37,0.00762023236388421,NA,0.986122830102158,"Enterobacter sp. RFL1396","Species","Enterobacter sp. RFL1396","d__Bacteria;p__Pseudomonadota;c__Gammaproteobacteria;o__Enterobacterales;f__Enterobacteriaceae;g__Enterobacter_s__Enterobacter_sp._RFL1396",-0.00495925572314004,0.0201997204509085
"X2212991","Mixture",0.00188476317935508,NA,-0.00748924928718562,0.0112587756458958,0.697005048735729,37,0.00113318509876304,NA,0.986122830102158,"Clostridium sp. AWRP","Species","Clostridium sp. AWRP","d__Bacteria;p__Bacillota;c__Clostridia;o__Eubacteriales;f__Clostridiaceae;g__Clostridium_s__Clostridium_sp._AWRP",-0.010618996871964,0.0128853670694901
"X223919","Mixture",0.00287018097996899,NA,-0.00720868883987594,0.0129490507998139,0.58191663920443,37,0.00605135911394038,NA,0.986122830102158,"Clostridium diolis","Species","Clostridium diolis","d__Bacteria;p__Bacillota;c__Clostridia;o__Eubacteriales;f__Clostridiaceae;g__Clostridium_s__Clostridium_diolis",-0.0088228938151206,0.0209256120430014
"X2382163","Mixture",-0.00142989039751427,NA,-0.0106602092729255,0.00780042847789698,0.764032012227391,37,-0.00560953195387067,NA,0.986122830102158,"Streptococcus koreensis","Species","Streptococcus koreensis","d__Bacteria;p__Bacillota;c__Bacilli;o__Lactobacillales;f__Streptococcaceae;g__Streptococcus_s__Streptococcus_koreensis",-0.0179837710383235,0.00676470713058212
"X238834","Mixture",0.00206052481060478,NA,-0.00197068170860538,0.00609173132981493,0.326423624430112,37,0.00175267906550121,NA,0.986122830102158,"Clostridium estertheticum","Species","Clostridium estertheticum","d__Bacteria;p__Bacillota;c__Clostridia;o__Eubacteriales;f__Clostridiaceae;g__Clostridium_s__Clostridium_estertheticum",-0.00323944002667428,0.00674479815767669
"X2420308","Mixture",-0.0025908148368392,NA,-0.0153520802780165,0.0101704506043381,0.694210006498588,37,0.000439498240544174,NA,0.986122830102158,"Streptococcus sp. FDAARGOS_520","Species","Streptococcus sp. FDAARGOS_520","d__Bacteria;p__Bacillota;c__Bacilli;o__Lactobacillales;f__Streptococcaceae;g__Streptococcus_s__Streptococcus_sp._FDAARGOS_520",-0.0155445339655556,0.0164235304466439
"X246787","Mixture",-8.29233386536066e-05,NA,-0.0081438180319985,0.00797797135469129,0.984080536057093,37,0.00470473085376461,NA,0.998121515293917,"Bacteroides cellulosilyticus","Species","Bacteroides cellulosilyticus","d__Bacteria;p__Bacteroidota;c__Bacteroidia;o__Bacteroidales;f__Bacteroidaceae;g__Bacteroides_s__Bacteroides_cellulosilyticus",-0.00736130268143084,0.0167707643889601
"X2478464","Mixture",-0.00417282182834691,NA,-0.0189080717748392,0.0105624281181454,0.584007251285215,37,-0.00191479696667863,NA,0.986122830102158,"Enterobacter oligotrophicus","Species","Enterobacter oligotrophicus","d__Bacteria;p__Pseudomonadota;c__Gammaproteobacteria;o__Enterobacterales;f__Enterobacteriaceae;g__Enterobacter_s__Enterobacter_oligotrophicus",-0.0201724773828582,0.0163428834495009
"X2479767","Mixture",9.6045380963035e-06,NA,-0.010190590931802,0.0102098000079947,0.99854275259618,37,-0.000246952298861056,NA,0.99854275259618,"Blautia sp. SC05B48","Species","Blautia sp. SC05B48","d__Bacteria;p__Bacillota;c__Clostridia;o__Lachnospirales;f__Lachnospiraceae;g__Blautia_s__Blautia_sp._SC05B48",-0.0141714329461015,0.0136775283483793
"X248315","Mixture",-0.00619614536677633,NA,-0.0141325055586084,0.00174021482505575,0.139042423157074,37,-0.00648404905199785,NA,0.986122830102158,"Veillonella rodentium","Species","Veillonella rodentium","d__Bacteria;p__Bacillota;c__Negativicutes;o__Veillonellales;f__Veillonellaceae;g__Veillonella_s__Veillonella_rodentium",-0.0180074804472616,0.00503938234326586
"X2500132","Mixture",0.0011385091688362,NA,-0.00965269853415836,0.0119297168718308,0.83792376642961,37,0.00252127642424353,NA,0.986122830102158,"Enterobacter sp. N18-03635","Species","Enterobacter sp. N18-03635","d__Bacteria;p__Pseudomonadota;c__Gammaproteobacteria;o__Enterobacterales;f__Enterobacteriaceae;g__Enterobacter_s__Enterobacter_sp._N18-03635",-0.0126145239349985,0.0176570767834855
"X2507159","Mixture",-0.00491686670374937,NA,-0.0124110697677197,0.00257733636022095,0.210742720017986,37,-0.00540087880947617,NA,0.986122830102158,"Clostridium sp. JN-9","Species","Clostridium sp. JN-9","d__Bacteria;p__Bacillota;c__Clostridia;o__Eubacteriales;f__Clostridiaceae;g__Clostridium_s__Clostridium_sp._JN-9",-0.0149034387903145,0.00410168117136217
"X254785","Mixture",0.00328030298190341,NA,-0.00441219298805756,0.0109727989518644,0.411519621635045,37,0.00523158736377453,NA,0.986122830102158,"Streptococcus halichoeri","Species","Streptococcus halichoeri","d__Bacteria;p__Bacillota;c__Bacilli;o__Lactobacillales;f__Streptococcaceae;g__Streptococcus_s__Streptococcus_halichoeri",-0.00437568228859501,0.0148388570161441
"X2565914","Mixture",-0.00378652861947961,NA,-0.0136805339190914,0.00610747668013216,0.460487268732612,37,-0.00494715774178425,NA,0.986122830102158,"Enterobacter sp. 18A13","Species","Enterobacter sp. 18A13","d__Bacteria;p__Pseudomonadota;c__Gammaproteobacteria;o__Enterobacterales;f__Enterobacteriaceae;g__Enterobacter_s__Enterobacter_sp._18A13",-0.0180196500121055,0.00812533452853701
"X2587529","Mixture",-0.000451330587806306,NA,-0.0113581551712587,0.0104554939956461,0.936031480457965,37,-0.00987966634331335,NA,0.998121515293917,"Klebsiella pasteurii","Species","Klebsiella pasteurii","d__Bacteria;p__Pseudomonadota;c__Gammaproteobacteria;o__Enterobacterales;f__Enterobacteriaceae;g__Klebsiella_s__Klebsiella_pasteurii",-0.0229727572955383,0.00321342460891164
"X2596949","Mixture",-0.00437705857701412,NA,-0.0141615971123516,0.00540747995832341,0.38929884648144,37,-0.00513565946518431,NA,0.986122830102158,"Enterobacter sp. E76","Species","Enterobacter sp. E76","d__Bacteria;p__Pseudomonadota;c__Gammaproteobacteria;o__Enterobacterales;f__Enterobacteriaceae;g__Enterobacter_s__Enterobacter_sp._E76",-0.0172272545720161,0.00695593564164749
"X2598457","Mixture",-0.000779791178975665,NA,-0.00767639989410298,0.00611681753615165,0.826491708289436,37,-0.00243280819277507,NA,0.986122830102158,"Streptococcus sp. KS 6","Species","Streptococcus sp. KS 6","d__Bacteria;p__Bacillota;c__Bacilli;o__Lactobacillales;f__Streptococcaceae;g__Streptococcus_s__Streptococcus_sp._KS_6",-0.0107141280146328,0.00584851162908261
"X2682455","Mixture",0.00188842397976785,NA,-0.00369738819538106,0.00747423615491675,0.513890825666146,37,0.00109725448760491,NA,0.986122830102158,"Veillonella sp. S12025-13","Species","Veillonella sp. S12025-13","d__Bacteria;p__Bacillota;c__Negativicutes;o__Veillonellales;f__Veillonellaceae;g__Veillonella_s__Veillonella_sp._S12025-13",-0.00686359113415103,0.00905810010936086
"X2686210","Mixture",0.0050407331110403,NA,-0.00198159563601577,0.0120630618580964,0.172277936063629,37,0.00557540617828626,NA,0.986122830102158,"Streptococcus ruminicola","Species","Streptococcus ruminicola","d__Bacteria;p__Bacillota;c__Bacilli;o__Lactobacillales;f__Streptococcaceae;g__Streptococcus_s__Streptococcus_ruminicola",-0.00309368404644675,0.0142444964030193
"X2697371","Mixture",0.000550858287426596,NA,-0.00431036660502099,0.00541208317987418,0.826117631429686,37,0.000629311937530083,NA,0.986122830102158,"Klebsiella sp. MPUS7","Species","Klebsiella sp. MPUS7","d__Bacteria;p__Pseudomonadota;c__Gammaproteobacteria;o__Enterobacterales;f__Enterobacteriaceae;g__Klebsiella_s__Klebsiella_sp._MPUS7",-0.00623990243132145,0.00749852630638162
"X2715212","Mixture",0.00214875597774659,NA,-0.00627989215096599,0.0105774041064592,0.621862454763797,37,0.00876003562110396,NA,0.986122830102158,"Bacteroides faecium","Species","Bacteroides faecium","d__Bacteria;p__Bacteroidota;c__Bacteroidia;o__Bacteroidales;f__Bacteroidaceae;g__Bacteroides_s__Bacteroides_faecium",-0.00170013244060629,0.0192202036828142
"X2725997","Mixture",-0.00102528182909088,NA,-0.00716937896186026,0.00511881530367849,0.746454716303552,37,0.000601403482631881,NA,0.986122830102158,"Escherichia sp. SCLE84","Species","Escherichia sp. SCLE84","d__Bacteria;p__Pseudomonadota;c__Gammaproteobacteria;o__Enterobacterales;f__Enterobacteriaceae;g__Escherichia_s__Escherichia_sp._SCLE84",-0.00722070692208869,0.00842351388735245
"X2742639","Mixture",0.00388188571500751,NA,-0.00365356774273181,0.0114173391727468,0.322722972301492,37,0.00581643032252064,NA,0.986122830102158,"Enterobacter sp. RHBSTW-00175","Species","Enterobacter sp. RHBSTW-00175","d__Bacteria;p__Pseudomonadota;c__Gammaproteobacteria;o__Enterobacterales;f__Enterobacteriaceae;g__Enterobacter_s__Enterobacter_sp._RHBSTW-00175",-0.00465416597602957,0.0162870266210708
"X2742643","Mixture",0.000222635148207059,NA,-0.0146237335725153,0.0150690038689294,0.976795409128632,37,0.006706407252602,NA,0.998121515293917,"Enterobacter sp. RHBSTW-00318","Species","Enterobacter sp. RHBSTW-00318","d__Bacteria;p__Pseudomonadota;c__Gammaproteobacteria;o__Enterobacterales;f__Enterobacteriaceae;g__Enterobacter_s__Enterobacter_sp._RHBSTW-00318",-0.012780893735902,0.026193708241106
"X2742672","Mixture",0.00481552709175347,NA,-0.00595664707683645,0.0155877012603434,0.389622951300513,37,0.00685295634745137,NA,0.986122830102158,"Enterobacter sp. RHBSTW-00974","Species","Enterobacter sp. RHBSTW-00974","d__Bacteria;p__Pseudomonadota;c__Gammaproteobacteria;o__Enterobacterales;f__Enterobacteriaceae;g__Enterobacter_s__Enterobacter_sp._RHBSTW-00974",-0.00605936391192364,0.0197652766068264
"X2742673","Mixture",-0.00219088797028412,NA,-0.00976297537734862,0.00538119943678039,0.575918718306842,37,1.30541260862784e-06,NA,0.986122830102158,"Enterobacter sp. RHBSTW-00975","Species","Enterobacter sp. RHBSTW-00975","d__Bacteria;p__Pseudomonadota;c__Gammaproteobacteria;o__Enterobacterales;f__Enterobacteriaceae;g__Enterobacter_s__Enterobacter_sp._RHBSTW-00975",-0.010081321734945,0.0100839325601623
"X2755405","Mixture",0.00204623279916045,NA,-0.0111344751581436,0.0152269407564645,0.763542030754047,37,-0.000750456651703355,NA,0.986122830102158,"Bacteroides sp. CACC 737","Species","Bacteroides sp. CACC 737","d__Bacteria;p__Bacteroidota;c__Bacteroidia;o__Bacteroidales;f__Bacteroidaceae;g__Bacteroides_s__Bacteroides_sp._CACC_737",-0.0176778935414184,0.0161769802380117
"X2763062","Mixture",0.000245008698760274,NA,-0.0110817565491201,0.0115717739466406,0.966533857173908,37,-0.00131456207084922,NA,0.998121515293917,"Roseburia rectibacter","Species","Roseburia rectibacter","d__Bacteria;p__Bacillota;c__Clostridia;o__Lachnospirales;f__Lachnospiraceae;g__Roseburia_s__Roseburia_rectibacter",-0.0161321970859954,0.013503072944297
"X2781599","Mixture",-0.00314583815869098,NA,-0.0096573708657781,0.00336569454839614,0.353130046298523,37,-0.00658730035773842,NA,0.986122830102158,"Streptococcus oriscaviae","Species","Streptococcus oriscaviae","d__Bacteria;p__Bacillota;c__Bacilli;o__Lactobacillales;f__Streptococcaceae;g__Streptococcus_s__Streptococcus_oriscaviae",-0.0158051542768135,0.00263055356133664
"X2785531","Mixture",-0.00713517781062523,NA,-0.0220941104833275,0.00782375486207709,0.359165878794514,37,-0.0116085780144479,NA,0.986122830102158,"Bacteroides sp. HF-162","Species","Bacteroides sp. HF-162","d__Bacteria;p__Bacteroidota;c__Bacteroidia;o__Bacteroidales;f__Bacteroidaceae;g__Bacteroides_s__Bacteroides_sp._HF-162",-0.0302979678225983,0.00708081179370252
"X2798729","Mixture",0.00280018961178375,NA,-0.00533385372833092,0.0109342329518984,0.506296681005168,37,0.00100076403830537,NA,0.986122830102158,"Enterobacter cloacae complex sp. AR_0002","Species","Enterobacter cloacae complex sp. AR_0002","d__Bacteria;p__Pseudomonadota;c__Gammaproteobacteria;o__Enterobacterales;f__Enterobacteriaceae;g__Enterobacter_s__Enterobacter_cloacae_complex_sp._AR_0002",-0.00989852805231046,0.0119000561289212
"X28116","Mixture",0.00101308629961355,NA,-0.00911232022237447,0.0111384928216016,0.84618130297044,37,0.00312153988916347,NA,0.986122830102158,"Bacteroides ovatus","Species","Bacteroides ovatus","d__Bacteria;p__Bacteroidota;c__Bacteroidia;o__Bacteroidales;f__Bacteroidaceae;g__Bacteroides_s__Bacteroides_ovatus",-0.0108251109234205,0.0170681907017474
"X2831966","Mixture",-0.0170080671196079,NA,-0.0313197219275166,-0.00269641231169913,0.0285895356507253,37,-0.0224953741650867,NA,0.986122830102158,"Ruminococcus sp. FMBCY1","Species","Ruminococcus sp. FMBCY1","d__Bacteria;p__Bacillota;c__Clostridia;o__Eubacteriales;f__Oscillospiraceae;g__Ruminococcus_s__Ruminococcus_sp._FMBCY1",-0.0424457143065095,-0.00254503402366394
"X2843318","Mixture",0.00594302280826039,NA,-0.00639030629457498,0.0182763519110958,0.354355599975032,37,0.0138641889371962,NA,0.986122830102158,"Clostridium sp. CF011","Species","Clostridium sp. CF011","d__Bacteria;p__Bacillota;c__Clostridia;o__Eubacteriales;f__Clostridiaceae;g__Clostridium_s__Clostridium_sp._CF011",-0.00198299967965327,0.0297113775540456
"X2849865","Mixture",-0.0069240311824957,NA,-0.0127880913532568,-0.00105997101173462,0.0295300709473523,37,-0.00832301139066296,NA,0.986122830102158,"Clostridium sp. CM027","Species","Clostridium sp. CM027","d__Bacteria;p__Bacillota;c__Clostridia;o__Eubacteriales;f__Clostridiaceae;g__Clostridium_s__Clostridium_sp._CM027",-0.0173022004214748,0.000656177640148933
"X2850492","Mixture",-0.00128097498130108,NA,-0.0092289348465995,0.00666698488399735,0.754818303929268,37,-0.00316080112969714,NA,0.986122830102158,"Enterobacter cloacae complex sp. ECL78","Species","Enterobacter cloacae complex sp. ECL78","d__Bacteria;p__Pseudomonadota;c__Gammaproteobacteria;o__Enterobacterales;f__Enterobacteriaceae;g__Enterobacter_s__Enterobacter_cloacae_complex_sp._ECL78",-0.013687820537258,0.00736621827786376
"X2850493","Mixture",0.00753597410221473,NA,-0.00345884912338784,0.0185307973278173,0.19171414907587,37,0.00204634648934865,NA,0.986122830102158,"Enterobacter cloacae complex sp. ECL112","Species","Enterobacter cloacae complex sp. ECL112","d__Bacteria;p__Pseudomonadota;c__Gammaproteobacteria;o__Enterobacterales;f__Enterobacteriaceae;g__Enterobacter_s__Enterobacter_cloacae_complex_sp._ECL112",-0.0137035127670216,0.0177962057457189
"X2857061","Mixture",0.00269609513908812,NA,-0.00517045528880196,0.0105626455669782,0.508166530764639,37,0.0049045872661289,NA,0.986122830102158,"Escherichia sp. TC-EC600-tetX4","Species","Escherichia sp. TC-EC600-tetX4","d__Bacteria;p__Pseudomonadota;c__Gammaproteobacteria;o__Enterobacterales;f__Enterobacteriaceae;g__Escherichia_s__Escherichia_sp._TC-EC600-tetX4",-0.00388737575979165,0.0136965502920494
"X2860337","Mixture",-0.00558853194443792,NA,-0.0147302175375277,0.00355315364865187,0.242548441373111,37,-0.00165256559389529,NA,0.986122830102158,"Escherichia sp. TM-G17TGC","Species","Escherichia sp. TM-G17TGC","d__Bacteria;p__Pseudomonadota;c__Gammaproteobacteria;o__Enterobacterales;f__Enterobacteriaceae;g__Escherichia_s__Escherichia_sp._TM-G17TGC",-0.0136524397610843,0.0103473085732937
"X2873296","Mixture",0.000902970103608724,NA,-0.0109510841712318,0.0127570243784493,0.882565836606617,37,-0.00649815476067441,NA,0.996445299394568,"Klebsiella sp. CTHL.F3a","Species","Klebsiella sp. CTHL.F3a","d__Bacteria;p__Pseudomonadota;c__Gammaproteobacteria;o__Enterobacterales;f__Enterobacteriaceae;g__Klebsiella_s__Klebsiella_sp._CTHL.F3a",-0.0217322448511524,0.00873593532980355
"X2894203","Mixture",0.00191950438354992,NA,-0.0114546740197757,0.0152936827868755,0.780891212360633,37,0.00783811888303932,NA,0.986122830102158,"Enterobacter sp. AN-K1","Species","Enterobacter sp. AN-K1","d__Bacteria;p__Pseudomonadota;c__Gammaproteobacteria;o__Enterobacterales;f__Enterobacteriaceae;g__Enterobacter_s__Enterobacter_sp._AN-K1",-0.0104058642154765,0.0260821019815551
"X2897413","Mixture",-0.00103830254441505,NA,-0.0103622677854088,0.00828566269657869,0.829072841535214,37,-0.000501507284204105,NA,0.986122830102158,"Klebsiella sp. KPN54798","Species","Klebsiella sp. KPN54798","d__Bacteria;p__Pseudomonadota;c__Gammaproteobacteria;o__Enterobacterales;f__Enterobacteriaceae;g__Klebsiella_s__Klebsiella_sp._KPN54798",-0.0128600921439423,0.0118570775755341
"X290053","Mixture",-0.00281605772560062,NA,-0.0144752997485395,0.00884318429733821,0.640212396780367,37,-0.00125595492545715,NA,0.986122830102158,"Bacteroides helcogenes","Species","Bacteroides helcogenes","d__Bacteria;p__Bacteroidota;c__Bacteroidia;o__Bacteroidales;f__Bacteroidaceae;g__Bacteroides_s__Bacteroides_helcogenes",-0.0153227278911021,0.0128108180401878
"X2912628","Mixture",0.00412574672042975,NA,-0.00647605014284279,0.0147275435837023,0.453056117151568,37,0.012170348606951,NA,0.986122830102158,"Enterobacter cloacae complex sp. ECL414","Species","Enterobacter cloacae complex sp. ECL414","d__Bacteria;p__Pseudomonadota;c__Gammaproteobacteria;o__Enterobacterales;f__Enterobacteriaceae;g__Enterobacter_s__Enterobacter_cloacae_complex_sp._ECL414",-0.000318182699499053,0.024658879913401
"X2912629","Mixture",0.00317559097247102,NA,-0.0047938993477345,0.0111450812926765,0.442447859537089,37,0.00351448424161489,NA,0.986122830102158,"Enterobacter cloacae complex sp. ECL411","Species","Enterobacter cloacae complex sp. ECL411","d__Bacteria;p__Pseudomonadota;c__Gammaproteobacteria;o__Enterobacterales;f__Enterobacteriaceae;g__Enterobacter_s__Enterobacter_cloacae_complex_sp._ECL411",-0.00782240816668476,0.0148513766499145
"X2912630","Mixture",0.000700404938052722,NA,-0.00625432689519734,0.00765513677130278,0.845187471145026,37,0.0010682160518407,NA,0.986122830102158,"Enterobacter cloacae complex sp. ECL405","Species","Enterobacter cloacae complex sp. ECL405","d__Bacteria;p__Pseudomonadota;c__Gammaproteobacteria;o__Enterobacterales;f__Enterobacteriaceae;g__Enterobacter_s__Enterobacter_cloacae_complex_sp._ECL405",-0.00895890295977437,0.0110953350634558
"X2912631","Mixture",-0.00507401134129687,NA,-0.0183023959229722,0.00815437324037846,0.459490959256907,37,-0.00496515376310778,NA,0.986122830102158,"Enterobacter cloacae complex sp. ECL404","Species","Enterobacter cloacae complex sp. ECL404","d__Bacteria;p__Pseudomonadota;c__Gammaproteobacteria;o__Enterobacterales;f__Enterobacteriaceae;g__Enterobacter_s__Enterobacter_cloacae_complex_sp._ECL404",-0.0220033479716228,0.0120730404454073
"X2923088","Mixture",0.00568067119893672,NA,-0.00415579865937742,0.0155171410572508,0.268859156004682,37,0.00740070717609894,NA,0.986122830102158,"Enterobacter sp. JH25","Species","Enterobacter sp. JH25","d__Bacteria;p__Pseudomonadota;c__Gammaproteobacteria;o__Enterobacterales;f__Enterobacteriaceae;g__Enterobacter_s__Enterobacter_sp._JH25",-0.00406702159637804,0.0188684359485759
"X29341","Mixture",-0.00566478031663998,NA,-0.0162326842395799,0.00490312360629998,0.303901276997955,37,-0.00578397732637727,NA,0.986122830102158,"Clostridium argentinense","Species","Clostridium argentinense","d__Bacteria;p__Bacillota;c__Clostridia;o__Eubacteriales;f__Clostridiaceae;g__Clostridium_s__Clostridium_argentinense",-0.0204874553554413,0.00891950070268672
"X29466","Mixture",0.00404405535771953,NA,-0.00452021006228738,0.0126083207777264,0.363920636839393,37,0.00160324806393386,NA,0.986122830102158,"Veillonella parvula","Species","Veillonella parvula","d__Bacteria;p__Bacillota;c__Negativicutes;o__Veillonellales;f__Veillonellaceae;g__Veillonella_s__Veillonella_parvula",-0.0100412565636381,0.0132477526915058
"X2972764","Mixture",-0.00233386049951067,NA,-0.015428679203849,0.0107609582048276,0.729895494681552,37,-0.00562257507337707,NA,0.986122830102158,"Bacteroides sp. BFG-637","Species","Bacteroides sp. BFG-637","d__Bacteria;p__Bacteroidota;c__Bacteroidia;o__Bacteroidales;f__Bacteroidaceae;g__Bacteroides_s__Bacteroides_sp._BFG-637",-0.0240312651507156,0.0127861150039614
"X2976431","Mixture",-0.00331813182137397,NA,-0.0149898095155356,0.00835354587278766,0.582552908687796,37,-3.5122823447765e-05,NA,0.986122830102158,"Enterobacter sp. CP102","Species","Enterobacter sp. CP102","d__Bacteria;p__Pseudomonadota;c__Gammaproteobacteria;o__Enterobacterales;f__Enterobacteriaceae;g__Enterobacter_s__Enterobacter_sp._CP102",-0.0170512451608204,0.0169809995139248
"X2985571","Mixture",0.00706915246003369,NA,-0.00217051320519223,0.0163088181252596,0.146773176338894,37,0.000685556673649747,NA,0.986122830102158,"Bifidobacterium sp. KRGSERBCFTRI","Species","Bifidobacterium sp. KRGSERBCFTRI","d__Bacteria;p__Actinomycetota;c__Actinomycetes;o__Bifidobacteriales;f__Bifidobacteriaceae;g__Bifidobacterium_s__Bifidobacterium_sp._KRGSERBCFTRI",-0.0131184664704667,0.0144895798177661
"X299767","Mixture",0.00455521619158653,NA,-0.00310738397732153,0.0122178163604946,0.25540965550213,37,0.00518123467190196,NA,0.986122830102158,"Enterobacter ludwigii","Species","Enterobacter ludwigii","d__Bacteria;p__Pseudomonadota;c__Gammaproteobacteria;o__Enterobacterales;f__Enterobacteriaceae;g__Enterobacter_s__Enterobacter_ludwigii",-0.00557750421698018,0.0159399735607841
"X33038","Mixture",-0.00100003351526657,NA,-0.00661626025873209,0.00461619322819896,0.730137107091613,37,-0.0022665985156509,NA,0.986122830102158,"Mediterraneibacter gnavus","Species","Mediterraneibacter gnavus","d__Bacteria;p__Bacillota;c__Clostridia;o__Lachnospirales;f__Lachnospiraceae;g__Mediterraneibacter_s__Mediterraneibacter_gnavus",-0.00929452028848783,0.00476132325718603
"X33043","Mixture",-0.00155159482214292,NA,-0.00699891854260615,0.00389572889832031,0.581832256873533,37,-0.00155874081543606,NA,0.986122830102158,"Coprococcus eutactus","Species","Coprococcus eutactus","d__Bacteria;p__Bacillota;c__Clostridia;o__Lachnospirales;f__Lachnospiraceae;g__Coprococcus_s__Coprococcus_eutactus",-0.00835947262549853,0.00524199099462642
"X332101","Mixture",0.00588490126730769,NA,-0.00212737141539533,0.0138971739500107,0.162907076226164,37,0.00874031364221123,NA,0.986122830102158,"Clostridium drakei","Species","Clostridium drakei","d__Bacteria;p__Bacillota;c__Clostridia;o__Eubacteriales;f__Clostridiaceae;g__Clostridium_s__Clostridium_drakei",-0.00227013529842778,0.0197507625828502
"X333367","Mixture",0.00013526479901354,NA,-0.0103925273488241,0.0106630569468512,0.980117763465181,37,-0.00125141854810308,NA,0.998121515293917,"Enterocloster asparagiformis","Species","Enterocloster asparagiformis","d__Bacteria;p__Bacillota;c__Clostridia;o__Lachnospirales;f__Lachnospiraceae;g__Enterocloster_s__Enterocloster_asparagiformis",-0.0124357761940842,0.00993293909787799
"X360422","Mixture",0.00313800982836588,NA,-0.00473068462388117,0.0110067042806129,0.44207674472473,37,0.00859004199089708,NA,0.986122830102158,"Clostridium tagluense","Species","Clostridium tagluense","d__Bacteria;p__Bacillota;c__Clostridia;o__Eubacteriales;f__Clostridiaceae;g__Clostridium_s__Clostridium_tagluense",-0.00110565640916722,0.0182857403909614
"X36745","Mixture",-0.00093325613434851,NA,-0.0143795801976887,0.0125130679289917,0.892929532473554,37,0.00694727013532883,NA,0.998121515293917,"Clostridium saccharoperbutylacetonicum","Species","Clostridium saccharoperbutylacetonicum","d__Bacteria;p__Bacillota;c__Clostridia;o__Eubacteriales;f__Clostridiaceae;g__Clostridium_s__Clostridium_saccharoperbutylacetonicum",-0.0122808721242077,0.0261754123948653
"X36839","Mixture",0.00179702951816492,NA,-0.00693814607889969,0.0105322051152295,0.690363135794255,37,-0.00114442863048646,NA,0.986122830102158,"Clostridium felsineum","Species","Clostridium felsineum","d__Bacteria;p__Bacillota;c__Clostridia;o__Eubacteriales;f__Clostridiaceae;g__Clostridium_s__Clostridium_felsineum",-0.0132615657765347,0.0109727085155618
"X371601","Mixture",-0.0010057635792153,NA,-0.0102930773725925,0.00828155021416194,0.833701990166128,37,-0.00600645078314217,NA,0.986122830102158,"Bacteroides xylanisolvens","Species","Bacteroides xylanisolvens","d__Bacteria;p__Bacteroidota;c__Bacteroidia;o__Bacteroidales;f__Bacteroidaceae;g__Bacteroides_s__Bacteroides_xylanisolvens",-0.0171947564497581,0.00518185488347378
"X376805","Mixture",-0.00459144474341714,NA,-0.0146217177883872,0.00543882830155295,0.378529440646995,37,-0.00303332947059596,NA,0.986122830102158,"Phocaeicola salanitronis","Species","Phocaeicola salanitronis","d__Bacteria;p__Bacteroidota;c__Bacteroidia;o__Bacteroidales;f__Bacteroidaceae;g__Phocaeicola_s__Phocaeicola_salanitronis",-0.0150619711922889,0.008995312251097
"X39778","Mixture",-0.00179037603279676,NA,-0.0111143447456795,0.00753359268008598,0.709963582713495,37,0.000367064939788679,NA,0.986122830102158,"Veillonella dispar","Species","Veillonella dispar","d__Bacteria;p__Bacillota;c__Negativicutes;o__Veillonellales;f__Veillonellaceae;g__Veillonella_s__Veillonella_dispar",-0.0115438280632808,0.0122779579428582
"X400065","Mixture",-0.00609818607443191,NA,-0.0146274251338293,0.00243105298496551,0.173916756358745,37,-0.00559829908614126,NA,0.986122830102158,"Streptococcus merionis","Species","Streptococcus merionis","d__Bacteria;p__Bacillota;c__Bacilli;o__Lactobacillales;f__Streptococcaceae;g__Streptococcus_s__Streptococcus_merionis",-0.0176160827890377,0.00641948461675517
"X418240","Mixture",0.00147361858081606,NA,-0.0114240209977262,0.0143712581593584,0.8247028356925,37,-0.00224785700052076,NA,0.986122830102158,"Blautia wexlerae","Species","Blautia wexlerae","d__Bacteria;p__Bacillota;c__Clostridia;o__Lachnospirales;f__Lachnospiraceae;g__Blautia_s__Blautia_wexlerae",-0.0199579801448798,0.0154622661438382
"X42895","Mixture",-0.00162550609556156,NA,-0.00784156378892402,0.0045905515978009,0.612963184675388,37,-0.00662484610158966,NA,0.986122830102158,"Enterobacter sp.","Species","Enterobacter sp.","d__Bacteria;p__Pseudomonadota;c__Gammaproteobacteria;o__Enterobacterales;f__Enterobacteriaceae;g__Enterobacter_s__Enterobacter_sp.",-0.0148837552599691,0.00163406305678973
"X438033","Mixture",-0.00364274107770389,NA,-0.0155431801599389,0.00825769800453107,0.554163966164555,37,-0.00237630066045641,NA,0.986122830102158,"Ruminococcus gauvreauii","Species","Ruminococcus gauvreauii","d__Bacteria;p__Bacillota;c__Clostridia;o__Eubacteriales;f__Oscillospiraceae;g__Ruminococcus_s__Ruminococcus_gauvreauii",-0.0177951914394025,0.0130425901184897
"X45634","Mixture",-0.00335566328707798,NA,-0.0118912335879134,0.00517990701375741,0.448500261638575,37,0.0016411478579074,NA,0.986122830102158,"Streptococcus cristatus","Species","Streptococcus cristatus","d__Bacteria;p__Bacillota;c__Bacilli;o__Lactobacillales;f__Streptococcaceae;g__Streptococcus_s__Streptococcus_cristatus",-0.0104646673291392,0.013746963044954
"X548","Mixture",0.0028534647306144,NA,-0.00825715360375394,0.0139640830649827,0.61929702287318,37,0.00330167535676662,NA,0.986122830102158,"Klebsiella aerogenes","Species","Klebsiella aerogenes","d__Bacteria;p__Pseudomonadota;c__Gammaproteobacteria;o__Enterobacterales;f__Enterobacteriaceae;g__Klebsiella_s__Klebsiella_aerogenes",-0.0105510581760518,0.017154408889585
"X550","Mixture",0.00363961748601734,NA,-0.00486088480179618,0.0121401197738309,0.409645275199324,37,0.000967057588519217,NA,0.986122830102158,"Enterobacter cloacae","Species","Enterobacter cloacae","d__Bacteria;p__Pseudomonadota;c__Gammaproteobacteria;o__Enterobacterales;f__Enterobacteriaceae;g__Enterobacter_s__Enterobacter_cloacae",-0.00970008847260284,0.0116342036496413
"X564","Mixture",-0.00190115760778425,NA,-0.0101625045488676,0.00636018933329907,0.656009448494681,37,-0.00452544894996812,NA,0.986122830102158,"Escherichia fergusonii","Species","Escherichia fergusonii","d__Bacteria;p__Pseudomonadota;c__Gammaproteobacteria;o__Enterobacterales;f__Enterobacteriaceae;g__Escherichia_s__Escherichia_fergusonii",-0.0153600189467915,0.00630912104685528
"X571","Mixture",-0.00143267738451028,NA,-0.00776740780076293,0.00490205303174238,0.661540576518289,37,0.00319130279617012,NA,0.986122830102158,"Klebsiella oxytoca","Species","Klebsiella oxytoca","d__Bacteria;p__Pseudomonadota;c__Gammaproteobacteria;o__Enterobacterales;f__Enterobacteriaceae;g__Klebsiella_s__Klebsiella_oxytoca",-0.0055836364967869,0.0119662420891271
"X576","Mixture",0.000651163637148772,NA,-0.00983010915851265,0.0111324364328102,0.904098563605379,37,0.000579932948704062,NA,0.998121515293917,"Klebsiella sp.","Species","Klebsiella sp.","d__Bacteria;p__Pseudomonadota;c__Gammaproteobacteria;o__Enterobacterales;f__Enterobacteriaceae;g__Klebsiella_s__Klebsiella_sp.",-0.014140854978474,0.0153007208758821
"X59310","Mixture",8.35560944689041e-05,NA,-0.00560296058494556,0.00577007277388336,0.977262912017885,37,0.00343113684421486,NA,0.998121515293917,"Streptococcus macedonicus","Species","Streptococcus macedonicus","d__Bacteria;p__Bacillota;c__Bacilli;o__Lactobacillales;f__Streptococcaceae;g__Streptococcus_s__Streptococcus_macedonicus",-0.0038520459992233,0.010714319687653
"X61645","Mixture",-0.00319896836290459,NA,-0.0158368946106909,0.00943895788488172,0.624326485155939,37,-0.00111670936653866,NA,0.986122830102158,"Enterobacter asburiae","Species","Enterobacter asburiae","d__Bacteria;p__Pseudomonadota;c__Gammaproteobacteria;o__Enterobacterales;f__Enterobacteriaceae;g__Enterobacter_s__Enterobacter_asburiae",-0.0203186475462725,0.0180852288131952
"X623","Mixture",-0.0035282145029736,NA,-0.0128952740392692,0.00583884503332204,0.467524428102953,37,-0.00120823137587862,NA,0.986122830102158,"Shigella flexneri","Species","Shigella flexneri","d__Bacteria;p__Pseudomonadota;c__Gammaproteobacteria;o__Enterobacterales;f__Enterobacteriaceae;g__Shigella_s__Shigella_flexneri",-0.0124970698187096,0.0100806070669524
"X674529","Mixture",0.00541852573907051,NA,-0.00406806657572961,0.0149051180538706,0.274011657623624,37,0.0123580813287485,NA,0.986122830102158,"Bacteroides faecis","Species","Bacteroides faecis","d__Bacteria;p__Bacteroidota;c__Bacteroidia;o__Bacteroidales;f__Bacteroidaceae;g__Bacteroides_s__Bacteroides_faecis",2.75788944474262e-05,0.0246885837630497
"X68892","Mixture",-0.000173245828322505,NA,-0.00676159600494276,0.00641510434829775,0.959322763874988,37,0.000859361107787553,NA,0.998121515293917,"Streptococcus infantis","Species","Streptococcus infantis","d__Bacteria;p__Bacillota;c__Bacilli;o__Lactobacillales;f__Streptococcaceae;g__Streptococcus_s__Streptococcus_infantis",-0.00887157110900734,0.0105902933245824
"X704125","Mixture",0.00141153038929268,NA,-0.00384649154427365,0.00666955232285901,0.603607411489006,37,0.000421006213467319,NA,0.986122830102158,"Clostridium gelidum","Species","Clostridium gelidum","d__Bacteria;p__Bacillota;c__Clostridia;o__Eubacteriales;f__Clostridiaceae;g__Clostridium_s__Clostridium_gelidum",-0.00735066860566588,0.00819268103260051
"X751585","Mixture",-0.00171495476258329,NA,-0.0132535377363059,0.0098236282111393,0.773320732340977,37,-0.00413040200546418,NA,0.986122830102158,"Coprococcus sp. ART55/1","Species","Coprococcus sp. ART55/1","d__Bacteria;p__Bacillota;c__Clostridia;o__Lachnospirales;f__Lachnospiraceae;g__Coprococcus_s__Coprococcus_sp._ART55/1",-0.0186837476686597,0.0104229436577313
"X820","Mixture",0.00911665734265,NA,0.000326660733932864,0.0179066539513671,0.0532773889605511,37,0.0122939905490069,NA,0.986122830102158,"Bacteroides uniformis","Species","Bacteroides uniformis","d__Bacteria;p__Bacteroidota;c__Bacteroidia;o__Bacteroidales;f__Bacteroidaceae;g__Bacteroides_s__Bacteroides_uniformis",6.82784332001977e-05,0.0245197026648135
"X823","Mixture",0.00109546552525038,NA,-0.00774428114480517,0.00993521219530593,0.810155610705601,37,-0.00434702083121638,NA,0.986122830102158,"Parabacteroides distasonis","Species","Parabacteroides distasonis","d__Bacteria;p__Bacteroidota;c__Bacteroidia;o__Bacteroidales;f__Tannerellaceae;g__Parabacteroides_s__Parabacteroides_distasonis",-0.0157972133751343,0.00710317171270152
"X84022","Mixture",6.87918205055614e-05,NA,-0.0117498570404194,0.0118874406814305,0.990992075898961,37,-0.00361816832253172,NA,0.998121515293917,"Clostridium aceticum","Species","Clostridium aceticum","d__Bacteria;p__Bacillota;c__Clostridia;o__Eubacteriales;f__Clostridiaceae;g__Clostridium_s__Clostridium_aceticum",-0.0186026519125274,0.011366315267464
"X84023","Mixture",0.00160546487207419,NA,-0.00829639779292625,0.0115073275370746,0.753397281012795,37,-0.00115019911840822,NA,0.986122830102158,"Clostridium autoethanogenum","Species","Clostridium autoethanogenum","d__Bacteria;p__Bacillota;c__Clostridia;o__Eubacteriales;f__Clostridiaceae;g__Clostridium_s__Clostridium_autoethanogenum",-0.0134199401333519,0.0111195418965355
"X885040","Mixture",0.00160724400065216,NA,-0.00666419829333798,0.00987868629464229,0.706668340424977,37,0.00172216595863416,NA,0.986122830102158,"Enterobacter soli","Species","Enterobacter soli","d__Bacteria;p__Pseudomonadota;c__Gammaproteobacteria;o__Enterobacterales;f__Enterobacteriaceae;g__Enterobacter_s__Enterobacter_soli",-0.00964246783296807,0.0130867997502364
"X102115","PFOS",-0.000654414377669003,0.000912668416312629,-0.0025210308761499,0.0012122021208119,0.479088870699867,37,-0.000587340161490821,0.000819124446706087,0.872994114614379,"Stanieria","Genus","Stanieria","d__Bacteria;p__Cyanobacteriota;c__Cyanophyceae;o__Pleurocapsales;f__Dermocarpellaceae;g___g__Stanieria",NA,NA
"X102115","PFHxS",-0.000946351447769171,0.00105864583982537,-0.00311152529990048,0.00121882240436214,0.378720402584287,37,-0.000940059808482348,0.00105160763243172,0.923106112842664,"Stanieria","Genus","Stanieria","d__Bacteria;p__Cyanobacteriota;c__Cyanophyceae;o__Pleurocapsales;f__Dermocarpellaceae;g___g__Stanieria",NA,NA
"X102115","PFOA",0.0013963792784149,0.000703032857075465,-4.14843602690907e-05,0.00283424291709888,0.056532504812042,37,0.0011994568168732,0.000603888618185625,0.681451920614661,"Stanieria","Genus","Stanieria","d__Bacteria;p__Cyanobacteriota;c__Cyanophyceae;o__Pleurocapsales;f__Dermocarpellaceae;g___g__Stanieria",NA,NA
"X102115","PFBS",-0.000318073444651305,0.000726079479719515,-0.00180307271911795,0.00116692582981534,0.664581554466244,37,-0.000315841141954753,0.00072098370952007,0.938871398988691,"Stanieria","Genus","Stanieria","d__Bacteria;p__Cyanobacteriota;c__Cyanophyceae;o__Pleurocapsales;f__Dermocarpellaceae;g___g__Stanieria",NA,NA
"X102115","PFNA",-0.00053735130795216,0.000609976609666439,-0.00178489355104957,0.000710190935145252,0.385594529181657,37,-0.000831989338370523,0.000944436215912324,0.871178971800331,"Stanieria","Genus","Stanieria","d__Bacteria;p__Cyanobacteriota;c__Cyanophyceae;o__Pleurocapsales;f__Dermocarpellaceae;g___g__Stanieria",NA,NA
"X1190","PFOS",0.0002626311782909,0.000805126286366889,-0.00138403696824688,0.00190929932482868,0.746616390804419,37,0.000235712789837148,0.000722604849758379,0.890913035095389,"Fischerella","Genus","Fischerella","d__Bacteria;p__Cyanobacteriota;c__Cyanophyceae;o__Nostocales;f__Hapalosiphonaceae;g___g__Fischerella",NA,NA
"X1190","PFOA",0.000267027699560297,0.000654575254898651,-0.00107172901476499,0.00160578441388559,0.686313642894679,37,0.00022937048657378,0.000562264682512297,0.902850413810589,"Fischerella","Genus","Fischerella","d__Bacteria;p__Cyanobacteriota;c__Cyanophyceae;o__Nostocales;f__Hapalosiphonaceae;g___g__Fischerella",NA,NA
"X1190","PFNA",0.000910581696653567,0.000514395635728879,-0.000141475505322832,0.00196263889862997,0.0872081402721601,37,0.00140986771990617,0.000796446716137624,0.730817290694279,"Fischerella","Genus","Fischerella","d__Bacteria;p__Cyanobacteriota;c__Cyanophyceae;o__Nostocales;f__Hapalosiphonaceae;g___g__Fischerella",NA,NA
"X1190","PFHxS",0.000439748886754166,0.000936567303723508,-0.00147574632467346,0.00235524409818179,0.642200314763258,37,0.000436825299139056,0.000930340712474822,0.923106112842664,"Fischerella","Genus","Fischerella","d__Bacteria;p__Cyanobacteriota;c__Cyanophyceae;o__Nostocales;f__Hapalosiphonaceae;g___g__Fischerella",NA,NA
"X1190","PFBS",-0.0011279074353106,0.000602836635194661,-0.00236084679097426,0.000105031920353059,0.0714664294363498,37,-0.0011199915565988,0.000598605807790001,0.612569395168713,"Fischerella","Genus","Fischerella","d__Bacteria;p__Cyanobacteriota;c__Cyanophyceae;o__Nostocales;f__Hapalosiphonaceae;g___g__Fischerella",NA,NA
"X1278221","PFNA",-0.0023193819882756,0.00273098475142572,-0.00790487295410391,0.0032661089775527,0.402679976334804,37,-0.00359113499361898,0.00422842591580882,0.871178971800331,"Auraticoccus","Genus","Auraticoccus","d__Bacteria;p__Actinomycetota;c__Actinomycetes;o__Propionibacteriales;f__Propionibacteriaceae;g___g__Auraticoccus",NA,NA
"X1278221","PFOS",-0.00706722140617702,0.00390377928154693,-0.0150513465091403,0.000916903696786274,0.0806146427137701,37,-0.00634286639113981,0.00350366133735527,0.48368785628262,"Auraticoccus","Genus","Auraticoccus","d__Bacteria;p__Actinomycetota;c__Actinomycetes;o__Propionibacteriales;f__Propionibacteriaceae;g___g__Auraticoccus",NA,NA
"X1278221","PFHxS",-0.00321648096272472,0.00476289840149156,-0.0129577019559217,0.0065247400304723,0.504821918616677,37,-0.00319509679510062,0.00473123316890528,0.923106112842664,"Auraticoccus","Genus","Auraticoccus","d__Bacteria;p__Actinomycetota;c__Actinomycetes;o__Propionibacteriales;f__Propionibacteriaceae;g___g__Auraticoccus",NA,NA
"X1278221","PFOA",0.00220274820878617,0.00332674849997816,-0.00460121643528966,0.009006712852862,0.513114170929857,37,0.00189210868116218,0.00285759838175993,0.865613534454775,"Auraticoccus","Genus","Auraticoccus","d__Bacteria;p__Actinomycetota;c__Actinomycetes;o__Propionibacteriales;f__Propionibacteriaceae;g___g__Auraticoccus",NA,NA
"X1278221","PFBS",-0.000651618036086122,0.0032562899543959,-0.00731147877419557,0.00600824270202333,0.842790796993472,37,-0.000647044851107817,0.00323343666384874,0.954102789049213,"Auraticoccus","Genus","Auraticoccus","d__Bacteria;p__Actinomycetota;c__Actinomycetes;o__Propionibacteriales;f__Propionibacteriaceae;g___g__Auraticoccus",NA,NA
"X1298","PFOS",0.000164283250661305,0.000853114769062084,-0.00158053236316567,0.00190909886448828,0.848638937662139,37,0.000147445035234925,0.000765674751853579,0.940879318321261,"Deinococcus","Genus","Deinococcus","d__Bacteria;p__Deinococcota;c__Deinococci;o__Deinococcales;f__Deinococcaceae;g___g__Deinococcus",NA,NA
"X1298","PFOA",0.000942844414072923,0.000672325943881522,-0.000432216535528414,0.00231790536367426,0.171421730869961,37,0.000809881081158934,0.000577512105067055,0.860148059928928,"Deinococcus","Genus","Deinococcus","d__Bacteria;p__Deinococcota;c__Deinococci;o__Deinococcales;f__Deinococcaceae;g___g__Deinococcus",NA,NA
"X1298","PFNA",0.000545401890259923,0.000564044083576127,-0.000608197788939549,0.0016990015694594,0.34156483542494,37,0.000844454179431876,0.000873318175580007,0.871178971800331,"Deinococcus","Genus","Deinococcus","d__Bacteria;p__Deinococcota;c__Deinococci;o__Deinococcales;f__Deinococcaceae;g___g__Deinococcus",NA,NA
"X1298","PFHxS",0.000821519740863751,0.000983203640090119,-0.00118935748810134,0.00283239696982884,0.410237384015543,37,0.000816058021659217,0.000976666995946423,0.923106112842664,"Deinococcus","Genus","Deinococcus","d__Bacteria;p__Deinococcota;c__Deinococci;o__Deinococcales;f__Deinococcaceae;g___g__Deinococcus",NA,NA
"X1298","PFBS",-0.000749971905810405,0.000660903625303772,-0.00210167159087465,0.000601727779253835,0.265765490086889,37,-0.000744708453812663,0.000656265272213517,0.885884966956296,"Deinococcus","Genus","Deinococcus","d__Bacteria;p__Deinococcota;c__Deinococci;o__Deinococcales;f__Deinococcaceae;g___g__Deinococcus",NA,NA
"X1395974","PFOS",0.00111680999218776,0.000940511286165342,-0.000806751569037948,0.00304037155341347,0.244685749895953,37,0.00100234252722653,0.000844113560994667,0.730217412324926,"Tardiphaga","Genus","Tardiphaga","d__Bacteria;p__Pseudomonadota;c__Alphaproteobacteria;o__Hyphomicrobiales;f__Nitrobacteraceae;g___g__Tardiphaga",NA,NA
"X1395974","PFOA",0.000406914165269726,0.000780169254772604,-0.00118871112047179,0.00200253945101124,0.605929474118342,37,0.000349529656419052,0.000670146961801194,0.865613534454775,"Tardiphaga","Genus","Tardiphaga","d__Bacteria;p__Pseudomonadota;c__Alphaproteobacteria;o__Hyphomicrobiales;f__Nitrobacteraceae;g___g__Tardiphaga",NA,NA
"X1395974","PFNA",0.000456161341385823,0.00064096211233506,-0.000854753370245834,0.00176707605301748,0.482347738556401,37,0.000706281657815543,0.000992411548777131,0.871178971800331,"Tardiphaga","Genus","Tardiphaga","d__Bacteria;p__Pseudomonadota;c__Alphaproteobacteria;o__Hyphomicrobiales;f__Nitrobacteraceae;g___g__Tardiphaga",NA,NA
"X1395974","PFHxS",0.000707048678544646,0.00111482449748469,-0.00157302342948674,0.00298712078657604,0.530906057336762,37,0.000702347998629045,0.00110741279687091,0.923106112842664,"Tardiphaga","Genus","Tardiphaga","d__Bacteria;p__Pseudomonadota;c__Alphaproteobacteria;o__Hyphomicrobiales;f__Nitrobacteraceae;g___g__Tardiphaga",NA,NA
"X1395974","PFBS",0.000619811567796379,0.000753267855696604,-0.000920794179140055,0.00216041731473281,0.417319522719218,37,0.000615461606938557,0.000747981272067025,0.925745239557161,"Tardiphaga","Genus","Tardiphaga","d__Bacteria;p__Pseudomonadota;c__Alphaproteobacteria;o__Hyphomicrobiales;f__Nitrobacteraceae;g___g__Tardiphaga",NA,NA
"X141450","PFOA",-0.0011474121127966,0.00426194903703837,-0.0098640766166064,0.0075692523910132,0.789664829545841,37,-0.000985599902355356,0.00366091355311773,0.90663179450533,"Oleiphilus","Genus","Oleiphilus","d__Bacteria;p__Pseudomonadota;c__Gammaproteobacteria;o__Oceanospirillales;f__Oleiphilaceae;g___g__Oleiphilus",NA,NA
"X141450","PFBS",-0.00166862292238689,0.00413694752180944,-0.010129630621939,0.00679238477716521,0.689651974996489,37,-0.00165691219484327,0.00410791360129919,0.938871398988691,"Oleiphilus","Genus","Oleiphilus","d__Bacteria;p__Pseudomonadota;c__Gammaproteobacteria;o__Oceanospirillales;f__Oleiphilaceae;g___g__Oleiphilus",NA,NA
"X141450","PFOS",-0.00353297183720656,0.00520212804274515,-0.0141725183123987,0.00710657463798561,0.50243411237746,37,-0.00317085981026072,0.00466893581342931,0.872994114614379,"Oleiphilus","Genus","Oleiphilus","d__Bacteria;p__Pseudomonadota;c__Gammaproteobacteria;o__Oceanospirillales;f__Oleiphilaceae;g___g__Oleiphilus",NA,NA
"X141450","PFHxS",0.00316510245974152,0.00608294485123067,-0.00927591666145396,0.015606121580937,0.606787686959302,37,0.00314405987241366,0.00604250353854942,0.923106112842664,"Oleiphilus","Genus","Oleiphilus","d__Bacteria;p__Pseudomonadota;c__Gammaproteobacteria;o__Oceanospirillales;f__Oleiphilaceae;g___g__Oleiphilus",NA,NA
"X141450","PFNA",0.00230149165308236,0.00349382408683497,-0.00484418093370975,0.00944716423987446,0.515264783678505,37,0.00356343511102749,0.00540954185347888,0.871178971800331,"Oleiphilus","Genus","Oleiphilus","d__Bacteria;p__Pseudomonadota;c__Gammaproteobacteria;o__Oceanospirillales;f__Oleiphilaceae;g___g__Oleiphilus",NA,NA
"X1434026","PFOS",0.00404531436047448,0.00273038137520716,-0.00153894256242627,0.00962957128337522,0.149233683194295,37,0.00363068977522367,0.00245053087549495,0.602683825451894,"Oceanirhabdus","Genus","Oceanirhabdus","d__Bacteria;p__Bacillota;c__Clostridia;o__Eubacteriales;f__Clostridiaceae;g___g__Oceanirhabdus",NA,NA
"X1434026","PFOA",0.00415592650299975,0.00217162811791298,-0.000285551695444738,0.00859740470144424,0.0655701989235485,37,0.00356984270069206,0.00186537725817664,0.681451920614661,"Oceanirhabdus","Genus","Oceanirhabdus","d__Bacteria;p__Bacillota;c__Clostridia;o__Eubacteriales;f__Clostridiaceae;g___g__Oceanirhabdus",NA,NA
"X1434026","PFNA",-0.00215003492716077,0.00185862011620096,-0.00595133988227911,0.00165127002795757,0.256798141842097,37,-0.00332893232053184,0.00287773026300674,0.871178971800331,"Oceanirhabdus","Genus","Oceanirhabdus","d__Bacteria;p__Bacillota;c__Clostridia;o__Eubacteriales;f__Clostridiaceae;g___g__Oceanirhabdus",NA,NA
"X1434026","PFHxS",-0.000635578172616254,0.00329848128650122,-0.00738172987378856,0.00611057352855605,0.848546307409476,37,-0.000631352650892684,0.00327655195517518,0.968972500868722,"Oceanirhabdus","Genus","Oceanirhabdus","d__Bacteria;p__Bacillota;c__Clostridia;o__Eubacteriales;f__Clostridiaceae;g___g__Oceanirhabdus",NA,NA
"X1434026","PFBS",-0.00163222219564793,0.00221995586861621,-0.00617254174236827,0.0029080973510724,0.468092258816623,37,-0.00162076693564435,0.00220437577680072,0.925745239557161,"Oceanirhabdus","Genus","Oceanirhabdus","d__Bacteria;p__Bacillota;c__Clostridia;o__Eubacteriales;f__Clostridiaceae;g___g__Oceanirhabdus",NA,NA
"X146918","PFOS",0.00457827579528446,0.00366687735949836,-0.00292133047442689,0.0120778820649958,0.221816009273423,37,0.00410902531593211,0.00329104068307027,0.730217412324926,"Salinibacter","Genus","Salinibacter","d__Bacteria;p__Rhodothermota;c__Rhodothermia;o__Rhodothermales;f__Salinibacteraceae;g___g__Salinibacter",NA,NA
"X146918","PFOA",-0.00336791823539766,0.00299891805914362,-0.00950139434428528,0.00276555787348995,0.270630310848042,37,-0.00289296221203235,0.00257599977662745,0.865613534454775,"Salinibacter","Genus","Salinibacter","d__Bacteria;p__Rhodothermota;c__Rhodothermia;o__Rhodothermales;f__Salinibacteraceae;g___g__Salinibacter",NA,NA
"X146918","PFNA",-0.00131928209132487,0.0025149767717246,-0.00646298713413123,0.00382442295148149,0.603869090015462,37,-0.00204266486010522,0.00389397742102578,0.871178971800331,"Salinibacter","Genus","Salinibacter","d__Bacteria;p__Rhodothermota;c__Rhodothermia;o__Rhodothermales;f__Salinibacteraceae;g___g__Salinibacter",NA,NA
"X146918","PFHxS",0.00572717985890555,0.00425637432298196,-0.00297808307446967,0.0144324427922808,0.188873437570291,37,0.00568910378274174,0.00422807662029124,0.923106112842664,"Salinibacter","Genus","Salinibacter","d__Bacteria;p__Rhodothermota;c__Rhodothermia;o__Rhodothermales;f__Salinibacteraceae;g___g__Salinibacter",NA,NA
"X146918","PFBS",-0.00476949854241947,0.00284345521317413,-0.01058501743048,0.00104602034564101,0.104219897097342,37,-0.00473602525303779,0.00282349927895003,0.69479931398228,"Salinibacter","Genus","Salinibacter","d__Bacteria;p__Rhodothermota;c__Rhodothermia;o__Rhodothermales;f__Salinibacteraceae;g___g__Salinibacter",NA,NA
"X1511648","PFOS",0.00724836789713177,0.00300492572634507,0.00110260472920368,0.0133941310650599,0.0224118464664674,37,0.00650544626847966,0.00269693579726348,0.284972032446884,"Defluviitoga","Genus","Defluviitoga","d__Bacteria;p__Thermotogota;c__Thermotogae;o__Petrotogales;f__Petrotogaceae;g___g__Defluviitoga",NA,NA
"X1511648","PFOA",0.000628749014721994,0.00267713408267371,-0.00484660496712602,0.00610410299657001,0.815968615054797,37,0.00054008055223126,0.0022995949415632,0.90663179450533,"Defluviitoga","Genus","Defluviitoga","d__Bacteria;p__Thermotogota;c__Thermotogae;o__Petrotogales;f__Petrotogaceae;g___g__Defluviitoga",NA,NA
"X1511648","PFNA",0.0006668419589095,0.00220686613490484,-0.00384670607641671,0.00518038999423571,0.764681371485831,37,0.00103248171537011,0.00341692495817887,0.908317440545588,"Defluviitoga","Genus","Defluviitoga","d__Bacteria;p__Thermotogota;c__Thermotogae;o__Petrotogales;f__Petrotogaceae;g___g__Defluviitoga",NA,NA
"X1511648","PFHxS",0.00190917416035632,0.0038212286223865,-0.00590611588751446,0.00972446420822711,0.621110219618241,37,0.00189648137568209,0.00379582390389506,0.923106112842664,"Defluviitoga","Genus","Defluviitoga","d__Bacteria;p__Thermotogota;c__Thermotogae;o__Petrotogales;f__Petrotogaceae;g___g__Defluviitoga",NA,NA
"X1511648","PFBS",0.00052919914771257,0.00260326293997708,-0.00479507138339409,0.00585346967881923,0.840333490904625,37,0.000525485122840903,0.0025849927228984,0.954102789049213,"Defluviitoga","Genus","Defluviitoga","d__Bacteria;p__Thermotogota;c__Thermotogae;o__Petrotogales;f__Petrotogaceae;g___g__Defluviitoga",NA,NA
"X157","PFNA",-0.0050951812899728,0.00632144477032299,-0.0180239875153421,0.00783362493539653,0.426794358870049,37,-0.0078889479705142,0.00978759067703818,0.871178971800331,"Treponema","Genus","Treponema","d__Bacteria;p__Spirochaetota;c__Spirochaetia;o__Spirochaetales;f__Treponemataceae;g___g__Treponema",NA,NA
"X157","PFOA",0.00528881473097563,0.00768661456484337,-0.010432077224691,0.0210097066866423,0.496885281398457,37,0.00454296692904897,0.00660262034892416,0.865613534454775,"Treponema","Genus","Treponema","d__Bacteria;p__Spirochaetota;c__Spirochaetia;o__Spirochaetales;f__Treponemataceae;g___g__Treponema",NA,NA
"X157","PFBS",0.00377177370162693,0.00750085449411386,-0.011569196251059,0.0191127436543129,0.618870311629941,37,0.00374530264361656,0.00744821200542069,0.938871398988691,"Treponema","Genus","Treponema","d__Bacteria;p__Spirochaetota;c__Spirochaetia;o__Spirochaetales;f__Treponemataceae;g___g__Treponema",NA,NA
"X157","PFOS",-0.00101195665833953,0.00951971525652457,-0.0204819604856465,0.0184580471689675,0.916075362207759,37,-0.000908236138160571,0.0085439918298094,0.967468006281173,"Treponema","Genus","Treponema","d__Bacteria;p__Spirochaetota;c__Spirochaetia;o__Spirochaetales;f__Treponemataceae;g___g__Treponema",NA,NA
"X157","PFHxS",-0.00467692189811002,0.0110636599186295,-0.0273046471141666,0.0179508033179465,0.675611673372759,37,-0.00464582826410659,0.0109901052603002,0.923106112842664,"Treponema","Genus","Treponema","d__Bacteria;p__Spirochaetota;c__Spirochaetia;o__Spirochaetales;f__Treponemataceae;g___g__Treponema",NA,NA
"X1649479","PFNA",-0.00110117786361668,0.00105252679946566,-0.0032538368730229,0.00105148114578954,0.304100402273349,37,-0.00170497071212168,0.00162964351727723,0.871178971800331,"Permianibacter","Genus","Permianibacter","d__Bacteria;p__Pseudomonadota;c__Gammaproteobacteria;o__Pseudomonadales;f__Pseudomonadaceae;g___g__Permianibacter",NA,NA
"X1649479","PFOS",0.000163624046514229,0.0015969123176336,-0.00310242836139684,0.0034296764544253,0.919094605967115,37,0.000146853396231549,0.00143323675415945,0.967468006281173,"Permianibacter","Genus","Permianibacter","d__Bacteria;p__Pseudomonadota;c__Gammaproteobacteria;o__Pseudomonadales;f__Pseudomonadaceae;g___g__Permianibacter",NA,NA
"X1649479","PFHxS",0.00101470535512915,0.00185202880788192,-0.00277311886083464,0.00480252957109294,0.587961220831009,37,0.00100795927776864,0.00183971594331615,0.923106112842664,"Permianibacter","Genus","Permianibacter","d__Bacteria;p__Pseudomonadota;c__Gammaproteobacteria;o__Pseudomonadales;f__Pseudomonadaceae;g___g__Permianibacter",NA,NA
"X1649479","PFOA",-0.00170026480716519,0.00126095033778013,-0.00427919781525035,0.000878668200919973,0.187967516763574,37,-0.00146048730811797,0.00108312655577775,0.865613534454775,"Permianibacter","Genus","Permianibacter","d__Bacteria;p__Pseudomonadota;c__Gammaproteobacteria;o__Pseudomonadales;f__Pseudomonadaceae;g___g__Permianibacter",NA,NA
"X1649479","PFBS",-0.00176549858942651,0.00122044149662509,-0.00426158171481295,0.000730584535959934,0.158730221738265,37,-0.00175310796918389,0.00121187619546678,0.707040670538732,"Permianibacter","Genus","Permianibacter","d__Bacteria;p__Pseudomonadota;c__Gammaproteobacteria;o__Pseudomonadales;f__Pseudomonadaceae;g___g__Permianibacter",NA,NA
"X1649510","PFNA",-0.000350613307790855,0.000477131827026812,-0.00132645746363103,0.000625230848049316,0.46834086675126,37,-0.000542860005467381,0.000738750584969077,0.871178971800331,"Variibacter","Genus","Variibacter","d__Bacteria;p__Pseudomonadota;c__Alphaproteobacteria;o__Hyphomicrobiales;f__Nitrobacteraceae;g___g__Variibacter",NA,NA
"X1649510","PFOA",0.000306924020899064,0.000581017439412097,-0.000881390068782599,0.00149523811058073,0.6013434349524,37,0.000263640484229624,0.00049908025648744,0.865613534454775,"Variibacter","Genus","Variibacter","d__Bacteria;p__Pseudomonadota;c__Alphaproteobacteria;o__Hyphomicrobiales;f__Nitrobacteraceae;g___g__Variibacter",NA,NA
"X1649510","PFBS",-0.00110124504833608,0.000529440983954447,-0.00218407344247962,-1.84166541925426e-05,0.0464691247313025,37,-0.00109351629155898,0.000525725261827935,0.55762949677563,"Variibacter","Genus","Variibacter","d__Bacteria;p__Pseudomonadota;c__Alphaproteobacteria;o__Hyphomicrobiales;f__Nitrobacteraceae;g___g__Variibacter",NA,NA
"X1649510","PFOS",-0.000310313131583716,0.000715023134077928,-0.00177269964021052,0.00115207337704309,0.667507214119177,37,-0.000278507580267876,0.000641736822065079,0.872994114614379,"Variibacter","Genus","Variibacter","d__Bacteria;p__Pseudomonadota;c__Alphaproteobacteria;o__Hyphomicrobiales;f__Nitrobacteraceae;g___g__Variibacter",NA,NA
"X1649510","PFHxS",-5.68629110096693e-05,0.000836017637297274,-0.0017667109641558,0.00165298514213646,0.946239381545309,37,-5.64848686600592e-05,0.000830459531560027,0.997473742216641,"Variibacter","Genus","Variibacter","d__Bacteria;p__Pseudomonadota;c__Alphaproteobacteria;o__Hyphomicrobiales;f__Nitrobacteraceae;g___g__Variibacter",NA,NA
"X1658781","PFOS",-0.000737304759127704,0.00124271313123034,-0.00327893849178754,0.00180432897353214,0.557578107117118,37,-0.000661734691460352,0.00111534122123577,0.872994114614379,"Aliiroseovarius","Genus","Aliiroseovarius","d__Bacteria;p__Pseudomonadota;c__Alphaproteobacteria;o__Rhodobacterales;f__Paracoccaceae;g___g__Aliiroseovarius",NA,NA
"X1658781","PFOA",-0.000263449243553932,0.00101632136549791,-0.00234205982620304,0.00181516133909517,0.797297966764545,37,-0.00022629667738951,0.000872996046864958,0.90663179450533,"Aliiroseovarius","Genus","Aliiroseovarius","d__Bacteria;p__Pseudomonadota;c__Alphaproteobacteria;o__Rhodobacterales;f__Paracoccaceae;g___g__Aliiroseovarius",NA,NA
"X1658781","PFNA",-0.000663659788801675,0.000830187661675629,-0.00236158420299351,0.00103426462539016,0.430552505106876,37,-0.00102755471219098,0.00128539239253582,0.871178971800331,"Aliiroseovarius","Genus","Aliiroseovarius","d__Bacteria;p__Pseudomonadota;c__Alphaproteobacteria;o__Rhodobacterales;f__Paracoccaceae;g___g__Aliiroseovarius",NA,NA
"X1658781","PFHxS",-0.000585993428116246,0.00145311747365812,-0.00355795235874283,0.00238596550251034,0.689710183166252,37,-0.000582097561223616,0.00144345669593417,0.923106112842664,"Aliiroseovarius","Genus","Aliiroseovarius","d__Bacteria;p__Pseudomonadota;c__Alphaproteobacteria;o__Rhodobacterales;f__Paracoccaceae;g___g__Aliiroseovarius",NA,NA
"X1658781","PFBS",2.26078045577968e-05,0.00098917741911141,-0.00200048717433718,0.00204570278345278,0.981922350196524,37,2.24491384889182e-05,0.000982235175245465,0.981922350196524,"Aliiroseovarius","Genus","Aliiroseovarius","d__Bacteria;p__Pseudomonadota;c__Alphaproteobacteria;o__Rhodobacterales;f__Paracoccaceae;g___g__Aliiroseovarius",NA,NA
"X1676142","PFNA",-0.0014555435497929,0.000585385632519253,-0.00265279159749988,-0.000258295502085921,0.0189065786314083,37,-0.00225364058306059,0.000906361625781442,0.567197358942248,"Wenzhouxiangella","Genus","Wenzhouxiangella","d__Bacteria;p__Pseudomonadota;c__Gammaproteobacteria;o__Chromatiales;f__Wenzhouxiangellaceae;g___g__Wenzhouxiangella",NA,NA
"X1676142","PFOA",-0.00106264106324583,0.000756366595236405,-0.00260958444414231,0.000484302317650658,0.170664294242269,37,-0.000912783573132404,0.000649701039492168,0.860148059928928,"Wenzhouxiangella","Genus","Wenzhouxiangella","d__Bacteria;p__Pseudomonadota;c__Gammaproteobacteria;o__Chromatiales;f__Wenzhouxiangellaceae;g___g__Wenzhouxiangella",NA,NA
"X1676142","PFBS",-0.00101255699876903,0.000736304164582103,-0.00251846810179811,0.00049335410426004,0.179604548501857,37,-0.00100545067236306,0.000731136635510693,0.707040670538732,"Wenzhouxiangella","Genus","Wenzhouxiangella","d__Bacteria;p__Pseudomonadota;c__Gammaproteobacteria;o__Chromatiales;f__Wenzhouxiangellaceae;g___g__Wenzhouxiangella",NA,NA
"X1676142","PFOS",0.000463890295482505,0.00095660843582357,-0.00149259363337806,0.00242037422434307,0.631367440184711,37,0.000416343849340865,0.000858560832941047,0.872994114614379,"Wenzhouxiangella","Genus","Wenzhouxiangella","d__Bacteria;p__Pseudomonadota;c__Gammaproteobacteria;o__Chromatiales;f__Wenzhouxiangellaceae;g___g__Wenzhouxiangella",NA,NA
"X1676142","PFHxS",0.000905341399460499,0.00110677361901237,-0.00135826481327408,0.00316894761219508,0.420027520839842,37,0.00089932240775265,0.00109941544314714,0.923106112842664,"Wenzhouxiangella","Genus","Wenzhouxiangella","d__Bacteria;p__Pseudomonadota;c__Gammaproteobacteria;o__Chromatiales;f__Wenzhouxiangellaceae;g___g__Wenzhouxiangella",NA,NA
"X1742989","PFHxS",0.00816947334388012,0.00963743135964003,-0.011541286946875,0.0278802336346352,0.403557487568208,37,0.00811516013966389,0.00957335871315197,0.923106112842664,"Glutamicibacter","Genus","Glutamicibacter","d__Bacteria;p__Actinomycetota;c__Actinomycetes;o__Micrococcales;f__Micrococcaceae;g___g__Glutamicibacter",NA,NA
"X1742989","PFOA",-0.0050743686628399,0.0067468324562061,-0.0188731903927756,0.00872445306709582,0.45804559351585,37,-0.00435876282186038,0.00579536971580103,0.865613534454775,"Glutamicibacter","Genus","Glutamicibacter","d__Bacteria;p__Actinomycetota;c__Actinomycetes;o__Micrococcales;f__Micrococcaceae;g___g__Glutamicibacter",NA,NA
"X1742989","PFBS",0.0136064188334759,0.00612185041739641,0.00108582889511432,0.0261270087718375,0.0341999573059773,37,0.0135109262799065,0.00607888605358533,0.520244563017655,"Glutamicibacter","Genus","Glutamicibacter","d__Bacteria;p__Actinomycetota;c__Actinomycetes;o__Micrococcales;f__Micrococcaceae;g___g__Glutamicibacter",NA,NA
"X1742989","PFNA",0.00892379885589211,0.00536924971549889,-0.0020575498182588,0.019905147530043,0.107282512188501,37,0.0138168557440756,0.00831329235127079,0.730817290694279,"Glutamicibacter","Genus","Glutamicibacter","d__Bacteria;p__Actinomycetota;c__Actinomycetes;o__Micrococcales;f__Micrococcaceae;g___g__Glutamicibacter",NA,NA
"X1742989","PFOS",0.00555759614033564,0.0083066475248979,-0.0114314056043338,0.0225465978850051,0.508752657464128,37,0.0049879702004599,0.0074552575022863,0.872994114614379,"Glutamicibacter","Genus","Glutamicibacter","d__Bacteria;p__Actinomycetota;c__Actinomycetes;o__Micrococcales;f__Micrococcaceae;g___g__Glutamicibacter",NA,NA
"X1747770","PFOS",-0.00482629248212539,0.00184461776497415,-0.0085989594134551,-0.00105362555079567,0.0139639322854439,37,-0.00433162152694513,0.00165555362617161,0.279278645708879,"Egibacter","Genus","Egibacter","d__Bacteria;p__Actinomycetota;c__Nitriliruptoria;o__Egibacterales;f__Egibacteraceae;g___g__Egibacter",NA,NA
"X1747770","PFOA",-0.00142103877797205,0.00164805435879602,-0.00479168840442768,0.00194961084848357,0.395623119376393,37,-0.00122063874452118,0.00141563976620981,0.865613534454775,"Egibacter","Genus","Egibacter","d__Bacteria;p__Actinomycetota;c__Nitriliruptoria;o__Egibacterales;f__Egibacteraceae;g___g__Egibacter",NA,NA
"X1747770","PFNA",0.00252069016241991,0.00129469949762193,-0.00012726762777079,0.0051686479526106,0.0612863892118908,37,0.00390282355217704,0.0020046032501907,0.730817290694279,"Egibacter","Genus","Egibacter","d__Bacteria;p__Actinomycetota;c__Nitriliruptoria;o__Egibacterales;f__Egibacteraceae;g___g__Egibacter",NA,NA
"X1747770","PFHxS",-0.00217089152699002,0.00235604685922991,-0.00698954840174068,0.00264776534776064,0.364437274583943,37,-0.00215645876371709,0.00234038312561797,0.923106112842664,"Egibacter","Genus","Egibacter","d__Bacteria;p__Actinomycetota;c__Nitriliruptoria;o__Egibacterales;f__Egibacteraceae;g___g__Egibacter",NA,NA
"X1747770","PFBS",-0.000962054604527856,0.00161274074350692,-0.00426047977822334,0.00233637056916763,0.555447143734296,37,-0.000955302713969145,0.00160142220820915,0.925745239557161,"Egibacter","Genus","Egibacter","d__Bacteria;p__Actinomycetota;c__Nitriliruptoria;o__Egibacterales;f__Egibacteraceae;g___g__Egibacter",NA,NA
"X1763827","PFNA",-0.000507598931935471,0.00103439394008365,-0.002623172079837,0.00160797421596606,0.627316570943366,37,-0.000785923274566916,0.0016015681307345,0.871178971800331,"Hankyongella","Genus","Hankyongella","d__Bacteria;p__Pseudomonadota;c__Alphaproteobacteria;o__Sphingomonadales;f__Sphingomonadaceae;g___g__Hankyongella",NA,NA
"X1763827","PFOA",0.00316187984789157,0.0011139680386649,0.000883559394825689,0.00544020030095745,0.00819537733226228,37,0.00271598010391035,0.000956872232644576,0.491722639935737,"Hankyongella","Genus","Hankyongella","d__Bacteria;p__Pseudomonadota;c__Alphaproteobacteria;o__Sphingomonadales;f__Sphingomonadaceae;g___g__Hankyongella",NA,NA
"X1763827","PFBS",0.000363620905136086,0.00122233055599827,-0.00213632578047612,0.00286356759074829,0.76821947051012,37,0.000361068941302865,0.00121375199704556,0.938871398988691,"Hankyongella","Genus","Hankyongella","d__Bacteria;p__Pseudomonadota;c__Alphaproteobacteria;o__Sphingomonadales;f__Sphingomonadaceae;g___g__Hankyongella",NA,NA
"X1763827","PFOS",-0.000589930217124537,0.00154337600206394,-0.00374648856550197,0.0025666281312529,0.705075000036592,37,-0.000529465306413992,0.00138518764444351,0.890913035095389,"Hankyongella","Genus","Hankyongella","d__Bacteria;p__Pseudomonadota;c__Alphaproteobacteria;o__Sphingomonadales;f__Sphingomonadaceae;g___g__Hankyongella",NA,NA
"X1763827","PFHxS",-0.00314143470399828,0.00170642373877795,-0.00663146311658585,0.000348593708589292,0.0758817012392364,37,-0.00312054946728494,0.00169507890207888,0.923106112842664,"Hankyongella","Genus","Hankyongella","d__Bacteria;p__Pseudomonadota;c__Alphaproteobacteria;o__Sphingomonadales;f__Sphingomonadaceae;g___g__Hankyongella",NA,NA
"X1802983","PFOS",0.00067613198694619,0.00202871604906678,-0.00347305821207553,0.00482532218596791,0.741320077909868,37,0.000606831823922646,0.00182078275254609,0.890913035095389,"Fokinia","Genus","Fokinia","d__Bacteria;p__Pseudomonadota;c__Alphaproteobacteria;o__Rickettsiales;f__Candidatus Midichloriaceae;g___g__Fokinia",NA,NA
"X1802983","PFOA",0.000288590572602381,0.00165335532798595,-0.00309290075317252,0.00367008189837728,0.862647364293321,37,0.000247892485189413,0.001420193173532,0.908049857150864,"Fokinia","Genus","Fokinia","d__Bacteria;p__Pseudomonadota;c__Alphaproteobacteria;o__Rickettsiales;f__Candidatus Midichloriaceae;g___g__Fokinia",NA,NA
"X1802983","PFNA",-0.000910654530444672,0.00135396975490771,-0.00367983360773307,0.00185852454684373,0.506538003538305,37,-0.00140998048959106,0.00209637230595455,0.871178971800331,"Fokinia","Genus","Fokinia","d__Bacteria;p__Pseudomonadota;c__Alphaproteobacteria;o__Rickettsiales;f__Candidatus Midichloriaceae;g___g__Fokinia",NA,NA
"X1802983","PFHxS",0.000314125925089555,0.0023683393788483,-0.00452967197516115,0.00515792382534026,0.895397686175906,37,0.000312037518064911,0.00235259392073586,0.994886317973229,"Fokinia","Genus","Fokinia","d__Bacteria;p__Pseudomonadota;c__Alphaproteobacteria;o__Rickettsiales;f__Candidatus Midichloriaceae;g___g__Fokinia",NA,NA
"X1802983","PFBS",-0.00074230470337268,0.00160227668178049,-0.00401932846784816,0.0025347190611028,0.646620989910227,37,-0.000737095061326585,0.00159103158534912,0.938871398988691,"Fokinia","Genus","Fokinia","d__Bacteria;p__Pseudomonadota;c__Alphaproteobacteria;o__Rickettsiales;f__Candidatus Midichloriaceae;g___g__Fokinia",NA,NA
"X1849828","PFOS",-0.00161008737887925,0.00371557610038141,-0.00920929375697916,0.00598911899922065,0.667978052924464,37,-0.00144506143721002,0.00333474804542458,0.872994114614379,"Paeniclostridium","Genus","Paeniclostridium","d__Bacteria;p__Bacillota;c__Clostridia;o__Peptostreptococcales;f__Peptostreptococcaceae;g___g__Paeniclostridium",NA,NA
"X1849828","PFOA",-0.00273803245961621,0.00299077487333139,-0.00885485388349925,0.00337878896426683,0.367483300221501,37,-0.00235190520890197,0.0025690049723615,0.865613534454775,"Paeniclostridium","Genus","Paeniclostridium","d__Bacteria;p__Bacillota;c__Clostridia;o__Peptostreptococcales;f__Peptostreptococcaceae;g___g__Paeniclostridium",NA,NA
"X1849828","PFNA",0.00132192848691406,0.00249027062104485,-0.00377124680417909,0.00641510377800721,0.599573729822672,37,0.00204676231531327,0.00385572450593368,0.871178971800331,"Paeniclostridium","Genus","Paeniclostridium","d__Bacteria;p__Bacillota;c__Clostridia;o__Peptostreptococcales;f__Peptostreptococcaceae;g___g__Paeniclostridium",NA,NA
"X1849828","PFHxS",-0.000260706377520633,0.00434435142609739,-0.0091459026900165,0.00862448993497524,0.95255898068923,37,-0.000258973120292569,0.00431546882421345,0.997473742216641,"Paeniclostridium","Genus","Paeniclostridium","d__Bacteria;p__Bacillota;c__Clostridia;o__Peptostreptococcales;f__Peptostreptococcaceae;g___g__Paeniclostridium",NA,NA
"X1849828","PFBS",0.000242913815125592,0.00294892815772863,-0.00578832146558079,0.00627414909583197,0.93491557084679,37,0.000241208997657636,0.00292823199340202,0.967154038807024,"Paeniclostridium","Genus","Paeniclostridium","d__Bacteria;p__Bacillota;c__Clostridia;o__Peptostreptococcales;f__Peptostreptococcaceae;g___g__Paeniclostridium",NA,NA
"X1854","PFOS",0.00699993200289571,0.00177527793501444,0.00336908094718005,0.0106307830586114,0.000466925941765084,37,0.00628247381674278,0.00159332078362412,0.0280155565059051,"Frankia","Genus","Frankia","d__Bacteria;p__Actinomycetota;c__Actinomycetes;o__Frankiales;f__Frankiaceae;g___g__Frankia",NA,NA
"X1854","PFHxS",0.00134197627395732,0.00255236108412037,-0.00387818827271162,0.00656214082062626,0.603039940372327,37,0.0013330543975581,0.00253539219237421,0.923106112842664,"Frankia","Genus","Frankia","d__Bacteria;p__Actinomycetota;c__Actinomycetes;o__Frankiales;f__Frankiaceae;g___g__Frankia",NA,NA
"X1854","PFOA",0.00297883649387259,0.00170311353424091,-0.000504421790274311,0.00646209477801949,0.0908602560819548,37,0.00255875018639781,0.00146293429738744,0.681451920614661,"Frankia","Genus","Frankia","d__Bacteria;p__Actinomycetota;c__Actinomycetes;o__Frankiales;f__Frankiaceae;g___g__Frankia",NA,NA
"X1854","PFBS",-0.00308616764707974,0.00164383268300728,-0.00644818297707276,0.000275847682913271,0.0705522323480913,37,-0.00306450830872114,0.00163229593829418,0.612569395168713,"Frankia","Genus","Frankia","d__Bacteria;p__Actinomycetota;c__Actinomycetes;o__Frankiales;f__Frankiaceae;g___g__Frankia",NA,NA
"X1854","PFNA",-0.00112970897408877,0.00146208188853296,-0.00412000219174174,0.0018605842435642,0.445968958930016,37,-0.00174914587159996,0.00226376399402448,0.871178971800331,"Frankia","Genus","Frankia","d__Bacteria;p__Actinomycetota;c__Actinomycetes;o__Frankiales;f__Frankiaceae;g___g__Frankia",NA,NA
"X186831","PFOS",-0.00022916257946185,0.00102650411207784,-0.00232859921725456,0.00187027405833086,0.824909425247931,37,-0.000205674555788647,0.000921292550304779,0.933859726695771,"Acetoanaerobium","Genus","Acetoanaerobium","d__Bacteria;p__Bacillota;c__Clostridia;o__Peptostreptococcales;f__Filifactoraceae;g___g__Acetoanaerobium",NA,NA
"X186831","PFOA",-0.000268242986673076,0.000834649903268202,-0.0019752937096404,0.00143880773629425,0.750224465973532,37,-0.000230414389497873,0.000716944551994524,0.90663179450533,"Acetoanaerobium","Genus","Acetoanaerobium","d__Bacteria;p__Bacillota;c__Clostridia;o__Peptostreptococcales;f__Filifactoraceae;g___g__Acetoanaerobium",NA,NA
"X186831","PFNA",-0.000722545554304374,0.000676510204364955,-0.00210616427747683,0.000661073168868084,0.2943092379332,37,-0.00111872845338227,0.00104745120929457,0.871178971800331,"Acetoanaerobium","Genus","Acetoanaerobium","d__Bacteria;p__Bacillota;c__Clostridia;o__Peptostreptococcales;f__Filifactoraceae;g___g__Acetoanaerobium",NA,NA
"X186831","PFHxS",0.000538264868273794,0.00119327216624372,-0.00190225073725977,0.00297878047380735,0.655284725295128,37,0.000534686315718154,0.00118533892108548,0.923106112842664,"Acetoanaerobium","Genus","Acetoanaerobium","d__Bacteria;p__Bacillota;c__Clostridia;o__Peptostreptococcales;f__Filifactoraceae;g___g__Acetoanaerobium",NA,NA
"X186831","PFBS",0.000116212099888196,0.000812583066421305,-0.00154570687425174,0.00177813107402814,0.887266906630135,37,0.000115396500257624,0.00080688019684559,0.967154038807024,"Acetoanaerobium","Genus","Acetoanaerobium","d__Bacteria;p__Bacillota;c__Clostridia;o__Peptostreptococcales;f__Filifactoraceae;g___g__Acetoanaerobium",NA,NA
"X190972","PFOS",-0.00128085931199685,0.00205409608257694,-0.00548195750787187,0.00292023888387817,0.53778842206225,37,-0.00114957760835713,0.00184356145895776,0.872994114614379,"Sedimentibacter","Genus","Sedimentibacter","d__Bacteria;p__Bacillota;c__Tissierellia;o__;f__;g___g__Sedimentibacter",NA,NA
"X190972","PFOA",0.000181782076380546,0.00168255142559946,-0.00325942197366811,0.0036229861264292,0.914708375711224,37,0.000156146509813236,0.00144527193175332,0.946250043839198,"Sedimentibacter","Genus","Sedimentibacter","d__Bacteria;p__Bacillota;c__Tissierellia;o__;f__;g___g__Sedimentibacter",NA,NA
"X190972","PFNA",0.00171949605512392,0.00135091213167888,-0.0010434294805024,0.00448242159075023,0.213184625644952,37,0.00266232232817164,0.00209163814063385,0.871178971800331,"Sedimentibacter","Genus","Sedimentibacter","d__Bacteria;p__Bacillota;c__Tissierellia;o__;f__;g___g__Sedimentibacter",NA,NA
"X190972","PFHxS",-0.00333813197679252,0.00232903240603803,-0.00810153809110916,0.00142527413752412,0.162474601334753,37,-0.00331593903532316,0.00231354827292802,0.923106112842664,"Sedimentibacter","Genus","Sedimentibacter","d__Bacteria;p__Bacillota;c__Tissierellia;o__;f__;g___g__Sedimentibacter",NA,NA
"X190972","PFBS",0.00213729503309419,0.00158719448563224,-0.00110888217675045,0.00538347224293882,0.188544178810329,37,0.00212229507146289,0.00157605523905316,0.707040670538732,"Sedimentibacter","Genus","Sedimentibacter","d__Bacteria;p__Bacillota;c__Tissierellia;o__;f__;g___g__Sedimentibacter",NA,NA
"X2000","PFOA",-0.000119106941037992,0.00056093893767868,-0.00126635588380486,0.00102814200172887,0.833331152077147,37,-0.000102310048976885,0.000481833297764245,0.908049857150864,"Streptosporangium","Genus","Streptosporangium","d__Bacteria;p__Actinomycetota;c__Actinomycetes;o__Streptosporangiales;f__Streptosporangiaceae;g___g__Streptosporangium",NA,NA
"X2000","PFBS",-0.000514014373447374,0.000537342889913458,-0.00161300397988763,0.000584975232992881,0.346683623825483,37,-0.000510406918341617,0.000533571710639307,0.925745239557161,"Streptosporangium","Genus","Streptosporangium","d__Bacteria;p__Actinomycetota;c__Actinomycetes;o__Streptosporangiales;f__Streptosporangiaceae;g___g__Streptosporangium",NA,NA
"X2000","PFOS",0.00103925503253023,0.00066223276237593,-0.000315163043072448,0.00239367310813291,0.127421633171788,37,0.000932736564882114,0.000594357200683512,0.602683825451894,"Streptosporangium","Genus","Streptosporangium","d__Bacteria;p__Actinomycetota;c__Actinomycetes;o__Streptosporangiales;f__Streptosporangiaceae;g___g__Streptosporangium",NA,NA
"X2000","PFHxS",-0.000343065389129137,0.000801431814236928,-0.00198217749175469,0.00129604671349642,0.671765794884991,37,-0.000340784583530665,0.000796103645827559,0.923106112842664,"Streptosporangium","Genus","Streptosporangium","d__Bacteria;p__Actinomycetota;c__Actinomycetes;o__Streptosporangiales;f__Streptosporangiaceae;g___g__Streptosporangium",NA,NA
"X2000","PFNA",-0.000252677998535008,0.000460667532523639,-0.00119484889122049,0.000689492894150469,0.587544101311874,37,-0.000391225251917775,0.000713258663226788,0.871178971800331,"Streptosporangium","Genus","Streptosporangium","d__Bacteria;p__Actinomycetota;c__Actinomycetes;o__Streptosporangiales;f__Streptosporangiaceae;g___g__Streptosporangium",NA,NA
"X2019","PFOA",7.27190720165783e-05,0.00105819227376892,-0.00209152713337142,0.00223696527740458,0.945684078835799,37,6.24639651957526e-05,0.000908962168054718,0.96171262254488,"Thermomonospora","Genus","Thermomonospora","d__Bacteria;p__Actinomycetota;c__Actinomycetes;o__Streptosporangiales;f__Thermomonosporaceae;g___g__Thermomonospora",NA,NA
"X2019","PFBS",5.72735654032004e-05,0.0010287769630089,-0.00204681157448586,0.00216135870529226,0.955985288584089,37,5.68716081299962e-05,0.00102155680166788,0.972188429068565,"Thermomonospora","Genus","Thermomonospora","d__Bacteria;p__Actinomycetota;c__Actinomycetes;o__Streptosporangiales;f__Thermomonosporaceae;g___g__Thermomonospora",NA,NA
"X2019","PFOS",-0.000436448385575364,0.0012978124625687,-0.00309077290395011,0.00221787613279938,0.739069425333872,37,-0.000391714598599327,0.00116479314538447,0.890913035095389,"Thermomonospora","Genus","Thermomonospora","d__Bacteria;p__Actinomycetota;c__Actinomycetes;o__Streptosporangiales;f__Thermomonosporaceae;g___g__Thermomonospora",NA,NA
"X2019","PFHxS",-0.00223763957635282,0.00145751598156413,-0.00521859446572991,0.000743315313024275,0.135563779925464,37,-0.00222276305125052,0.00144782596118914,0.923106112842664,"Thermomonospora","Genus","Thermomonospora","d__Bacteria;p__Actinomycetota;c__Actinomycetes;o__Streptosporangiales;f__Thermomonosporaceae;g___g__Thermomonospora",NA,NA
"X2019","PFNA",0.00146645772427967,0.000829360550734944,-0.000229775058098943,0.00316269050665828,0.0875513074445929,37,0.00227053916816819,0.00128411176387796,0.730817290694279,"Thermomonospora","Genus","Thermomonospora","d__Bacteria;p__Actinomycetota;c__Actinomycetes;o__Streptosporangiales;f__Thermomonosporaceae;g___g__Thermomonospora",NA,NA
"X2029","PFOS",0.000421931286866997,0.000739180800129944,-0.00108986319645414,0.00193372577018813,0.572525944572973,37,0.000378685430245598,0.000663418447598388,0.872994114614379,"Kibdelosporangium","Genus","Kibdelosporangium","d__Bacteria;p__Actinomycetota;c__Actinomycetes;o__Pseudonocardiales;f__Pseudonocardiaceae;g___g__Kibdelosporangium",NA,NA
"X2029","PFOA",-0.000326087299368256,0.000601911999003901,-0.00155713556168638,0.000904960962949873,0.592127503176227,37,-0.000280101287786952,0.000517028189635232,0.865613534454775,"Kibdelosporangium","Genus","Kibdelosporangium","d__Bacteria;p__Actinomycetota;c__Actinomycetes;o__Pseudonocardiales;f__Pseudonocardiaceae;g___g__Kibdelosporangium",NA,NA
"X2029","PFNA",0.000703530918846398,0.0004815887357859,-0.000281428638900139,0.00168849047659294,0.154806323647931,37,0.00108928779930751,0.000745651285711358,0.844398128988715,"Kibdelosporangium","Genus","Kibdelosporangium","d__Bacteria;p__Actinomycetota;c__Actinomycetes;o__Pseudonocardiales;f__Pseudonocardiaceae;g___g__Kibdelosporangium",NA,NA
"X2029","PFHxS",0.000165207980914136,0.000865821891461467,-0.00160559661631026,0.00193601257813853,0.850003550380314,37,0.000164109626781888,0.000860065637756195,0.968972500868722,"Kibdelosporangium","Genus","Kibdelosporangium","d__Bacteria;p__Actinomycetota;c__Actinomycetes;o__Pseudonocardiales;f__Pseudonocardiaceae;g___g__Kibdelosporangium",NA,NA
"X2029","PFBS",-0.000163735522007581,0.000587331015975678,-0.00136496232562495,0.00103749128160979,0.782392832490576,37,-0.000162586393548587,0.000583209010090627,0.938871398988691,"Kibdelosporangium","Genus","Kibdelosporangium","d__Bacteria;p__Actinomycetota;c__Actinomycetes;o__Pseudonocardiales;f__Pseudonocardiaceae;g___g__Kibdelosporangium",NA,NA
"X204286","PFHxS",0.00229171351339264,0.00226241999526736,-0.00233545492388189,0.00691888195066717,0.319462339302886,37,0.00227647748790867,0.00224737872221909,0.923106112842664,"Cobetia","Genus","Cobetia","d__Bacteria;p__Pseudomonadota;c__Gammaproteobacteria;o__Oceanospirillales;f__Halomonadaceae;g___g__Cobetia",NA,NA
"X204286","PFOA",0.00107529031585608,0.00159501690670513,-0.00218688554144007,0.00433746617315223,0.505550845347805,37,0.00092364898234196,0.00137008184763899,0.865613534454775,"Cobetia","Genus","Cobetia","d__Bacteria;p__Pseudomonadota;c__Gammaproteobacteria;o__Oceanospirillales;f__Halomonadaceae;g___g__Cobetia",NA,NA
"X204286","PFBS",0.000449588151205055,0.00156050757175715,-0.00274200819132519,0.0036411844937353,0.775316388049167,37,0.0004464328521408,0.00154955561924743,0.938871398988691,"Cobetia","Genus","Cobetia","d__Bacteria;p__Pseudomonadota;c__Gammaproteobacteria;o__Oceanospirillales;f__Halomonadaceae;g___g__Cobetia",NA,NA
"X204286","PFNA",-0.000684005559176377,0.00131982384552073,-0.00338334841042894,0.00201533729207619,0.608212082875027,37,-0.00105905638303867,0.00204350366650302,0.871178971800331,"Cobetia","Genus","Cobetia","d__Bacteria;p__Pseudomonadota;c__Gammaproteobacteria;o__Oceanospirillales;f__Halomonadaceae;g___g__Cobetia",NA,NA
"X204286","PFOS",0.00089451362199934,0.00196814891483549,-0.00313080287875351,0.00491983012275219,0.652856489279557,37,0.000802830428439281,0.00176642344808344,0.872994114614379,"Cobetia","Genus","Cobetia","d__Bacteria;p__Pseudomonadota;c__Gammaproteobacteria;o__Oceanospirillales;f__Halomonadaceae;g___g__Cobetia",NA,NA
"X2044","PFOS",0.00120460399821121,0.00115299564259048,-0.00115353686726468,0.00356274486368711,0.304764727946606,37,0.0010811380846521,0.00103481932858729,0.761911819866514,"Pimelobacter","Genus","Pimelobacter","d__Bacteria;p__Actinomycetota;c__Actinomycetes;o__Propionibacteriales;f__Nocardioidaceae;g___g__Pimelobacter",NA,NA
"X2044","PFOA",-0.000549471141872567,0.000950396947480503,-0.00249325115065213,0.001394308866907,0.567626319751499,37,-0.000471982732042755,0.000816368528960843,0.865613534454775,"Pimelobacter","Genus","Pimelobacter","d__Bacteria;p__Actinomycetota;c__Actinomycetes;o__Propionibacteriales;f__Nocardioidaceae;g___g__Pimelobacter",NA,NA
"X2044","PFNA",0.000596241572481248,0.000780628639459497,-0.00100032326043904,0.00219280640540154,0.451158265538485,37,0.000923170045473936,0.00120865939218075,0.871178971800331,"Pimelobacter","Genus","Pimelobacter","d__Bacteria;p__Actinomycetota;c__Actinomycetes;o__Propionibacteriales;f__Nocardioidaceae;g___g__Pimelobacter",NA,NA
"X2044","PFHxS",-0.000378032640987235,0.00136710917034119,-0.00317408484020049,0.00241801955822601,0.784110199926305,37,-0.000375519362203393,0.00135802020261596,0.968972500868722,"Pimelobacter","Genus","Pimelobacter","d__Bacteria;p__Actinomycetota;c__Actinomycetes;o__Propionibacteriales;f__Nocardioidaceae;g___g__Pimelobacter",NA,NA
"X2044","PFBS",-0.00067247372605437,0.000920833102024131,-0.00255578888177113,0.00121084142966239,0.471072765754172,37,-0.000667754171695856,0.000914370512168583,0.925745239557161,"Pimelobacter","Genus","Pimelobacter","d__Bacteria;p__Actinomycetota;c__Actinomycetes;o__Propionibacteriales;f__Nocardioidaceae;g___g__Pimelobacter",NA,NA
"X2055880","PFNA",-0.000819007524844226,0.00175853456768874,-0.00441561454939627,0.00277759949970782,0.644885657993997,37,-0.00126808201381784,0.00272276626077053,0.871178971800331,"Pseudescherichia","Genus","Pseudescherichia","d__Bacteria;p__Pseudomonadota;c__Gammaproteobacteria;o__Enterobacterales;f__Enterobacteriaceae;g___g__Pseudescherichia",NA,NA
"X2055880","PFOA",0.00211532437200629,0.00210353736826886,-0.00218689260691101,0.00641754135092359,0.322923817079677,37,0.00181701367036979,0.00180688891257518,0.865613534454775,"Pseudescherichia","Genus","Pseudescherichia","d__Bacteria;p__Pseudomonadota;c__Gammaproteobacteria;o__Enterobacterales;f__Enterobacteriaceae;g___g__Pseudescherichia",NA,NA
"X2055880","PFBS",-0.00181781678964166,0.00205278705824702,-0.00601623773015485,0.00238060415087153,0.383151768872282,37,-0.00180505898986431,0.00203838019039109,0.925745239557161,"Pseudescherichia","Genus","Pseudescherichia","d__Bacteria;p__Pseudomonadota;c__Gammaproteobacteria;o__Enterobacterales;f__Enterobacteriaceae;g___g__Pseudescherichia",NA,NA
"X2055880","PFOS",-0.00130182178053265,0.00261822552746862,-0.0066566942391,0.0040530506780347,0.622786145050163,37,-0.00116839152821463,0.00234987044386211,0.872994114614379,"Pseudescherichia","Genus","Pseudescherichia","d__Bacteria;p__Pseudomonadota;c__Gammaproteobacteria;o__Enterobacterales;f__Enterobacteriaceae;g___g__Pseudescherichia",NA,NA
"X2055880","PFHxS",-0.00282912010686397,0.00301924007825751,-0.0090041594116313,0.00334591919790336,0.356481428771835,37,-0.00281031123490266,0.00299916722948923,0.923106112842664,"Pseudescherichia","Genus","Pseudescherichia","d__Bacteria;p__Pseudomonadota;c__Gammaproteobacteria;o__Enterobacterales;f__Enterobacteriaceae;g___g__Pseudescherichia",NA,NA
"X2304691","PFOS",-0.00156014326119042,0.00107031605410828,-0.00374918538150319,0.000628898859122348,0.155682702554525,37,-0.00140023634297331,0.000960613986363448,0.602683825451894,"Thermoclostridium","Genus","Thermoclostridium","d__Bacteria;p__Bacillota;c__Clostridia;o__Eubacteriales;f__Oscillospiraceae;g___g__Thermoclostridium",NA,NA
"X2304691","PFOA",-0.000588546418860196,0.000895777544614039,-0.00242061720586168,0.00124352436814129,0.516346946094313,37,-0.000505547471994514,0.000769451752040398,0.865613534454775,"Thermoclostridium","Genus","Thermoclostridium","d__Bacteria;p__Bacillota;c__Clostridia;o__Eubacteriales;f__Oscillospiraceae;g___g__Thermoclostridium",NA,NA
"X2304691","PFNA",0.000126594636728157,0.000743991281965587,-0.00139503838663617,0.00164822766009249,0.866068924907553,37,0.000196008433391759,0.00115193320510368,0.926697160062575,"Thermoclostridium","Genus","Thermoclostridium","d__Bacteria;p__Bacillota;c__Clostridia;o__Eubacteriales;f__Oscillospiraceae;g___g__Thermoclostridium",NA,NA
"X2304691","PFHxS",-0.0008533008701622,0.0012826291111636,-0.00347657194817632,0.00176997020785192,0.511131526751549,37,-0.000847627860107797,0.00127410179319389,0.923106112842664,"Thermoclostridium","Genus","Thermoclostridium","d__Bacteria;p__Bacillota;c__Clostridia;o__Eubacteriales;f__Oscillospiraceae;g___g__Thermoclostridium",NA,NA
"X2304691","PFBS",-0.00119162811199064,0.00084894550257289,-0.00292791661840796,0.000544660394426681,0.171039306865886,37,-0.00118326502889642,0.000842987434188098,0.707040670538732,"Thermoclostridium","Genus","Thermoclostridium","d__Bacteria;p__Bacillota;c__Clostridia;o__Eubacteriales;f__Oscillospiraceae;g___g__Thermoclostridium",NA,NA
"X246875","PFOS",-0.00379578534255606,0.00501975859416823,-0.0140623444156993,0.0064707737305872,0.455647031778753,37,-0.00340673623954055,0.00450525832553595,0.872994114614379,"Algoriphagus","Genus","Algoriphagus","d__Bacteria;p__Bacteroidota;c__Cytophagia;o__Cytophagales;f__Cyclobacteriaceae;g___g__Algoriphagus",NA,NA
"X246875","PFOA",0.00238920663379359,0.00410146804805029,-0.00599923739433902,0.0107776506619262,0.56471547177199,37,0.00205227206398785,0.00352306417423064,0.865613534454775,"Algoriphagus","Genus","Algoriphagus","d__Bacteria;p__Bacteroidota;c__Cytophagia;o__Cytophagales;f__Cyclobacteriaceae;g___g__Algoriphagus",NA,NA
"X246875","PFNA",0.00138344922842917,0.00339312697441324,-0.00555627463916085,0.00832317309601918,0.686472915514528,37,0.00214201583060531,0.00525363095738586,0.888078441260625,"Algoriphagus","Genus","Algoriphagus","d__Bacteria;p__Bacteroidota;c__Cytophagia;o__Cytophagales;f__Cyclobacteriaceae;g___g__Algoriphagus",NA,NA
"X246875","PFHxS",-1.88681076634721e-05,0.00590808591107534,-0.0121022605412614,0.0120645243259344,0.997473742216641,37,-1.87426666048428e-05,0.0058688071151104,0.997473742216641,"Algoriphagus","Genus","Algoriphagus","d__Bacteria;p__Bacteroidota;c__Cytophagia;o__Cytophagales;f__Cyclobacteriaceae;g___g__Algoriphagus",NA,NA
"X246875","PFBS",0.00259534508528843,0.00398154342280171,-0.00554782554446414,0.010738515715041,0.519634992535959,37,0.00257713043728874,0.00395360015916679,0.925745239557161,"Algoriphagus","Genus","Algoriphagus","d__Bacteria;p__Bacteroidota;c__Cytophagia;o__Cytophagales;f__Cyclobacteriaceae;g___g__Algoriphagus",NA,NA
"X252306","PFBS",-0.000750139336802487,0.00131493185278874,-0.00343947693951049,0.00193919826590552,0.572747791519956,37,-0.000744874709740742,0.00130570339951758,0.928780202464794,"Robiginitalea","Genus","Robiginitalea","d__Bacteria;p__Bacteroidota;c__Flavobacteriia;o__Flavobacteriales;f__Flavobacteriaceae;g___g__Robiginitalea",NA,NA
"X252306","PFNA",-0.000646850933858563,0.00111546098916671,-0.00292822481354498,0.00163452294582786,0.566463566943627,37,-0.0010015293021921,0.00172708549624962,0.871178971800331,"Robiginitalea","Genus","Robiginitalea","d__Bacteria;p__Bacteroidota;c__Flavobacteriia;o__Flavobacteriales;f__Flavobacteriaceae;g___g__Robiginitalea",NA,NA
"X252306","PFOS",0.00197757946526242,0.00163039647329074,-0.00135695573034043,0.00531211466086527,0.234939427672964,37,0.00177488741403484,0.0014632889505386,0.730217412324926,"Robiginitalea","Genus","Robiginitalea","d__Bacteria;p__Bacteroidota;c__Flavobacteriia;o__Flavobacteriales;f__Flavobacteriaceae;g___g__Robiginitalea",NA,NA
"X252306","PFHxS",0.00196880374628813,0.00191326868184302,-0.00194427007518137,0.00588187756775764,0.31197395979457,37,0.00195571452554737,0.00190054867551418,0.923106112842664,"Robiginitalea","Genus","Robiginitalea","d__Bacteria;p__Bacteroidota;c__Flavobacteriia;o__Flavobacteriales;f__Flavobacteriaceae;g___g__Robiginitalea",NA,NA
"X252306","PFOA",-0.000409741507820055,0.00135800527823776,-0.00318717415704459,0.00236769114140448,0.765016338582957,37,-0.00035195827688632,0.00116649445713709,0.90663179450533,"Robiginitalea","Genus","Robiginitalea","d__Bacteria;p__Bacteroidota;c__Flavobacteriia;o__Flavobacteriales;f__Flavobacteriaceae;g___g__Robiginitalea",NA,NA
"X261963","PFOS",0.00101614829149208,0.00127730890852312,-0.00159624175037958,0.00362853833336375,0.432764067053843,37,0.000911998149780032,0.00114639110356632,0.872994114614379,"Kangiella","Genus","Kangiella","d__Bacteria;p__Pseudomonadota;c__Gammaproteobacteria;o__Kangiellales;f__Kangiellaceae;g___g__Kangiella",NA,NA
"X261963","PFHxS",0.000447603503123124,0.00150260451275011,-0.00262556778675576,0.00352077479300201,0.767914596003901,37,0.000444627695571069,0.00149261472977121,0.968972500868722,"Kangiella","Genus","Kangiella","d__Bacteria;p__Pseudomonadota;c__Gammaproteobacteria;o__Kangiellales;f__Kangiellaceae;g___g__Kangiella",NA,NA
"X261963","PFOA",0.000729162575611366,0.00104205597719217,-0.00140208119770363,0.00286040634892636,0.48966847661988,37,0.000626333429208917,0.000895101470443938,0.865613534454775,"Kangiella","Genus","Kangiella","d__Bacteria;p__Pseudomonadota;c__Gammaproteobacteria;o__Kangiellales;f__Kangiellaceae;g___g__Kangiella",NA,NA
"X261963","PFBS",0.000306771495804324,0.0010199876723858,-0.00177933752636906,0.0023928805179777,0.765743273616971,37,0.000304618512432637,0.00101282919603449,0.938871398988691,"Kangiella","Genus","Kangiella","d__Bacteria;p__Pseudomonadota;c__Gammaproteobacteria;o__Kangiellales;f__Kangiellaceae;g___g__Kangiella",NA,NA
"X261963","PFNA",-0.00101472987906499,0.000846037552036974,-0.0027450709588484,0.000715611200718415,0.240084057412076,37,-0.00157112196102303,0.00130993302284569,0.871178971800331,"Kangiella","Genus","Kangiella","d__Bacteria;p__Pseudomonadota;c__Gammaproteobacteria;o__Kangiellales;f__Kangiellaceae;g___g__Kangiella",NA,NA
"X2698753","PFOS",-0.000875923339093412,0.000873629694219064,-0.00266269668595757,0.000910850007770748,0.324334672345524,37,-0.000786145556992813,0.000784086999300819,0.771852444101401,"Fluviispira","Genus","Fluviispira","d__Bacteria;p__Bdellovibrionota;c__Oligoflexia;o__Silvanigrellales;f__Silvanigrellaceae;g___g__Fluviispira",NA,NA
"X2698753","PFOA",-0.00136056293445224,0.000677653114170168,-0.00274651917063661,2.53933017321224e-05,0.054066430416612,37,-0.00116869142341202,0.000582088018514163,0.681451920614661,"Fluviispira","Genus","Fluviispira","d__Bacteria;p__Bdellovibrionota;c__Oligoflexia;o__Silvanigrellales;f__Silvanigrellaceae;g___g__Fluviispira",NA,NA
"X2698753","PFNA",-0.000333800901202199,0.000593319382127597,-0.00154727528878142,0.000879673486377024,0.578031602304722,37,-0.000516829096400799,0.000918645572967873,0.871178971800331,"Fluviispira","Genus","Fluviispira","d__Bacteria;p__Bdellovibrionota;c__Oligoflexia;o__Silvanigrellales;f__Silvanigrellaceae;g___g__Fluviispira",NA,NA
"X2698753","PFHxS",-0.00109359499517275,0.00101563792761188,-0.0031708077903988,0.000983617800053294,0.290465183177749,37,-0.00108632443490498,0.00100888565021894,0.923106112842664,"Fluviispira","Genus","Fluviispira","d__Bacteria;p__Bdellovibrionota;c__Oligoflexia;o__Silvanigrellales;f__Silvanigrellaceae;g___g__Fluviispira",NA,NA
"X2698753","PFBS",-0.000620699366810002,0.000693583683110447,-0.00203923727480706,0.00079783854118706,0.378199761777706,37,-0.000616343175202127,0.00068871597487473,0.925745239557161,"Fluviispira","Genus","Fluviispira","d__Bacteria;p__Bdellovibrionota;c__Oligoflexia;o__Silvanigrellales;f__Silvanigrellaceae;g___g__Fluviispira",NA,NA
"X2733","PFOS",0.00731786683996423,0.00786726021590171,-0.00877248695596928,0.0234082206358977,0.359963414465051,37,0.00656782191562246,0.00706090520528746,0.799918698811224,"Symbiobacterium","Genus","Symbiobacterium","d__Bacteria;p__Bacillota;c__Clostridia;o__Eubacteriales;f__Symbiobacteriaceae;g___g__Symbiobacterium",NA,NA
"X2733","PFOA",-0.00642735458493511,0.00638699765819172,-0.019490231519701,0.00663552234983077,0.322585618817617,37,-0.00552094577063112,0.00548628012381247,0.865613534454775,"Symbiobacterium","Genus","Symbiobacterium","d__Bacteria;p__Bacillota;c__Clostridia;o__Eubacteriales;f__Symbiobacteriaceae;g___g__Symbiobacterium",NA,NA
"X2733","PFNA",-0.00209525862599522,0.00534537941346907,-0.0130277870508681,0.00883726979887765,0.697942039240711,37,-0.00324412132651233,0.00827633359356685,0.888078441260625,"Symbiobacterium","Genus","Symbiobacterium","d__Bacteria;p__Bacillota;c__Clostridia;o__Eubacteriales;f__Symbiobacteriaceae;g___g__Symbiobacterium",NA,NA
"X2733","PFHxS",0.00224904303258318,0.00929594800600844,-0.0167633053810297,0.021261391446196,0.810530933993871,37,0.0022340906937508,0.00923414564725393,0.968972500868722,"Symbiobacterium","Genus","Symbiobacterium","d__Bacteria;p__Bacillota;c__Clostridia;o__Eubacteriales;f__Symbiobacteriaceae;g___g__Symbiobacterium",NA,NA
"X2733","PFBS",-0.0145119830601165,0.0057131001509532,-0.0261965848373188,-0.00282738128291415,0.0166971120823051,37,-0.0144101350766958,0.00567300447780883,0.520244563017655,"Symbiobacterium","Genus","Symbiobacterium","d__Bacteria;p__Bacillota;c__Clostridia;o__Eubacteriales;f__Symbiobacteriaceae;g___g__Symbiobacterium",NA,NA
"X2755140","PFOS",0.00301380728548191,0.00154460820399256,-0.000145271198805034,0.00617288576976886,0.0607560834750998,37,0.00270490704079927,0.00138629355180808,0.48368785628262,"Pseudoleptotrichia","Genus","Pseudoleptotrichia","d__Bacteria;p__Fusobacteriota;c__Fusobacteriia;o__Fusobacteriales;f__Leptotrichiaceae;g___g__Pseudoleptotrichia",NA,NA
"X2755140","PFOA",0.00107196253822231,0.00132214428003571,-0.00163212613448291,0.00377605121092754,0.424098640110875,37,0.000920790499958582,0.00113569070673902,0.865613534454775,"Pseudoleptotrichia","Genus","Pseudoleptotrichia","d__Bacteria;p__Fusobacteriota;c__Fusobacteriia;o__Fusobacteriales;f__Leptotrichiaceae;g___g__Pseudoleptotrichia",NA,NA
"X2755140","PFNA",0.00140570343541212,0.00107152730224271,-0.000785815965489153,0.0035972228363134,0.19985492756475,37,0.00217647236336089,0.0016590622895036,0.871178971800331,"Pseudoleptotrichia","Genus","Pseudoleptotrichia","d__Bacteria;p__Fusobacteriota;c__Fusobacteriia;o__Fusobacteriales;f__Leptotrichiaceae;g___g__Pseudoleptotrichia",NA,NA
"X2755140","PFHxS",0.00108557508836282,0.0019041771793517,-0.00280890452271993,0.00498005469944556,0.572999268711076,37,0.00107835784693434,0.00189151761616413,0.923106112842664,"Pseudoleptotrichia","Genus","Pseudoleptotrichia","d__Bacteria;p__Fusobacteriota;c__Fusobacteriia;o__Fusobacteriales;f__Leptotrichiaceae;g___g__Pseudoleptotrichia",NA,NA
"X2755140","PFBS",0.000550830636340393,0.00129581120719556,-0.00209940085522372,0.00320106212790451,0.673911992940573,37,0.000546964797379225,0.00128671694641809,0.938871398988691,"Pseudoleptotrichia","Genus","Pseudoleptotrichia","d__Bacteria;p__Fusobacteriota;c__Fusobacteriia;o__Fusobacteriales;f__Leptotrichiaceae;g___g__Pseudoleptotrichia",NA,NA
"X2767353","PFBS",0.00581398380254016,0.00382359802172927,-0.0020061522111005,0.0136341198161808,0.139201443146971,37,0.00577318010786409,0.00379676325033301,0.707040670538732,"Lancefieldella","Genus","Lancefieldella","d__Bacteria;p__Actinomycetota;c__Coriobacteriia;o__Coriobacteriales;f__Atopobiaceae;g___g__Lancefieldella",NA,NA
"X2767353","PFNA",-0.000970015915458317,0.0033661980247708,-0.00785466389700811,0.00591463206609148,0.775271025401389,37,-0.00150189063982495,0.00521193644829197,0.908317440545588,"Lancefieldella","Genus","Lancefieldella","d__Bacteria;p__Actinomycetota;c__Coriobacteriia;o__Coriobacteriales;f__Atopobiaceae;g___g__Lancefieldella",NA,NA
"X2767353","PFOS",-0.00682501020680435,0.00485903356426294,-0.0167628496845526,0.00311282927094394,0.17076041721137,37,-0.006125480634028,0.00436100681114159,0.602683825451894,"Lancefieldella","Genus","Lancefieldella","d__Bacteria;p__Actinomycetota;c__Coriobacteriia;o__Coriobacteriales;f__Atopobiaceae;g___g__Lancefieldella",NA,NA
"X2767353","PFHxS",0.00501378535250251,0.00577830622972045,-0.00680417782984183,0.0168317485348468,0.392687055989863,37,0.00498045214529511,0.00573989024951362,0.923106112842664,"Lancefieldella","Genus","Lancefieldella","d__Bacteria;p__Actinomycetota;c__Coriobacteriia;o__Coriobacteriales;f__Atopobiaceae;g___g__Lancefieldella",NA,NA
"X2767353","PFOA",0.00097412737558733,0.00408280718186519,-0.00737615089587564,0.0093244056470503,0.813099531479304,37,0.000836752406178188,0.00350703493095807,0.90663179450533,"Lancefieldella","Genus","Lancefieldella","d__Bacteria;p__Actinomycetota;c__Coriobacteriia;o__Coriobacteriales;f__Atopobiaceae;g___g__Lancefieldella",NA,NA
"X2781120","PFOS",-0.00414880561626998,0.0039247894181961,-0.0121759012734934,0.00387829004095345,0.29920291043737,37,-0.00372357369245717,0.0035225180395818,0.761911819866514,"Thiosulfativibrio","Genus","Thiosulfativibrio","d__Bacteria;p__Pseudomonadota;c__Gammaproteobacteria;o__Thiotrichales;f__Piscirickettsiaceae;g___g__Thiosulfativibrio",NA,NA
"X2781120","PFOA",-0.00280575438870748,0.00321316771153771,-0.00937742023748811,0.00376591146007316,0.389724680692902,37,-0.00241007674636028,0.00276003516733342,0.865613534454775,"Thiosulfativibrio","Genus","Thiosulfativibrio","d__Bacteria;p__Pseudomonadota;c__Gammaproteobacteria;o__Thiotrichales;f__Piscirickettsiaceae;g___g__Thiosulfativibrio",NA,NA
"X2781120","PFNA",-0.00121402615841502,0.00267552251945572,-0.00668608412339943,0.0042580318065694,0.653384228850248,37,-0.00187969547176415,0.00414255288451923,0.871178971800331,"Thiosulfativibrio","Genus","Thiosulfativibrio","d__Bacteria;p__Pseudomonadota;c__Gammaproteobacteria;o__Thiotrichales;f__Piscirickettsiaceae;g___g__Thiosulfativibrio",NA,NA
"X2781120","PFHxS",-0.00829462905491292,0.00439995602766105,-0.0172935495467658,0.000704291436939914,0.0694638427093749,37,-0.00823948377653401,0.00437070374906076,0.923106112842664,"Thiosulfativibrio","Genus","Thiosulfativibrio","d__Bacteria;p__Pseudomonadota;c__Gammaproteobacteria;o__Thiotrichales;f__Piscirickettsiaceae;g___g__Thiosulfativibrio",NA,NA
"X2781120","PFBS",0.0064855036300599,0.00292643846816042,0.000500264929100795,0.012470742331019,0.0346829708678437,37,0.00643998707567495,0.00290590014094819,0.520244563017655,"Thiosulfativibrio","Genus","Thiosulfativibrio","d__Bacteria;p__Pseudomonadota;c__Gammaproteobacteria;o__Thiotrichales;f__Piscirickettsiaceae;g___g__Thiosulfativibrio",NA,NA
"X2792240","PFOA",-0.00177722789986235,0.00163621964585345,-0.0051236728206017,0.00156921702087699,0.286346125290624,37,-0.00152659678683213,0.00140547402733489,0.865613534454775,"Thiospirochaeta","Genus","Thiospirochaeta","d__Bacteria;p__Spirochaetota;c__Spirochaetia;o__Spirochaetales;f__Spirochaetaceae;g___g__Thiospirochaeta",NA,NA
"X2792240","PFBS",-0.000187357322381083,0.00162235290100919,-0.00350544156552505,0.00313072692076289,0.90885672164202,37,-0.000186042411428902,0.00161096690567829,0.967154038807024,"Thiospirochaeta","Genus","Thiospirochaeta","d__Bacteria;p__Spirochaetota;c__Spirochaetia;o__Spirochaetales;f__Spirochaetaceae;g___g__Thiospirochaeta",NA,NA
"X2792240","PFOS",-0.000144651287137442,0.00205078726153494,-0.00433898218413685,0.00404967960986197,0.944252397589658,37,-0.0001298252502486,0.00184059177560197,0.971959080393948,"Thiospirochaeta","Genus","Thiospirochaeta","d__Bacteria;p__Spirochaetota;c__Spirochaetia;o__Spirochaetales;f__Spirochaetaceae;g___g__Thiospirochaeta",NA,NA
"X2792240","PFHxS",-0.0014386413533128,0.00237548867155062,-0.00629706119891857,0.00341977849229297,0.549478560343376,37,-0.00142907681734734,0.00235969568271274,0.923106112842664,"Thiospirochaeta","Genus","Thiospirochaeta","d__Bacteria;p__Spirochaetota;c__Spirochaetia;o__Spirochaetales;f__Spirochaetaceae;g___g__Thiospirochaeta",NA,NA
"X2792240","PFNA",0.000759509015207175,0.00136957517280884,-0.00204158672535049,0.00356060475576484,0.583448956924548,37,0.00117595955140938,0.00212053441577436,0.871178971800331,"Thiospirochaeta","Genus","Thiospirochaeta","d__Bacteria;p__Spirochaetota;c__Spirochaetia;o__Spirochaetales;f__Spirochaetaceae;g___g__Thiospirochaeta",NA,NA
"X2847307","PFOS",-0.00266498658866848,0.00115600802827333,-0.00502928847463648,-0.000300684702700476,0.0284972032446884,37,-0.00239183872905541,0.00103752295973265,0.284972032446884,"Thermophilibacter","Genus","Thermophilibacter","d__Bacteria;p__Actinomycetota;c__Coriobacteriia;o__Coriobacteriales;f__Atopobiaceae;g___g__Thermophilibacter",NA,NA
"X2847307","PFOA",-0.000317700463053799,0.00102169472710845,-0.00240730080414669,0.00177189987803909,0.758059476944902,37,-0.000272897193494752,0.00087761163756651,0.90663179450533,"Thermophilibacter","Genus","Thermophilibacter","d__Bacteria;p__Actinomycetota;c__Coriobacteriia;o__Coriobacteriales;f__Atopobiaceae;g___g__Thermophilibacter",NA,NA
"X2847307","PFNA",-0.000184694576979923,0.000843453344507103,-0.00190975035892182,0.00154036120496197,0.828203946242215,37,-0.00028596546919698,0.00130593185437142,0.908896741937745,"Thermophilibacter","Genus","Thermophilibacter","d__Bacteria;p__Actinomycetota;c__Coriobacteriia;o__Coriobacteriales;f__Atopobiaceae;g___g__Thermophilibacter",NA,NA
"X2847307","PFHxS",-0.00131626072610859,0.00144510852907707,-0.00427183952587581,0.00163931807365863,0.369889594836326,37,-0.00130750981468387,0.0014355009973121,0.923106112842664,"Thermophilibacter","Genus","Thermophilibacter","d__Bacteria;p__Actinomycetota;c__Coriobacteriia;o__Coriobacteriales;f__Atopobiaceae;g___g__Thermophilibacter",NA,NA
"X2847307","PFBS",-0.000820234542917211,0.000983192600345342,-0.00283108919306904,0.00119062010723461,0.410956281004742,37,-0.000814477973757637,0.000976292359127824,0.925745239557161,"Thermophilibacter","Genus","Thermophilibacter","d__Bacteria;p__Actinomycetota;c__Coriobacteriia;o__Coriobacteriales;f__Atopobiaceae;g___g__Thermophilibacter",NA,NA
"X2892397","PFHxS",-0.000127247555592858,0.00187630958082562,-0.00396473152811501,0.00371023641692929,0.946395953453888,37,-0.000126401574195769,0.00186383529011598,0.997473742216641,"Pusillibacter","Genus","Pusillibacter","d__Bacteria;p__Bacillota;c__Clostridia;o__Eubacteriales;f__Oscillospiraceae;g___g__Pusillibacter",NA,NA
"X2892397","PFOA",0.000739674772064203,0.00130304082994247,-0.00192534295824333,0.00340469250237174,0.57463953874033,37,0.000635363157657751,0.00111928129434346,0.865613534454775,"Pusillibacter","Genus","Pusillibacter","d__Bacteria;p__Bacillota;c__Clostridia;o__Eubacteriales;f__Oscillospiraceae;g___g__Pusillibacter",NA,NA
"X2892397","PFBS",-0.000419510592352401,0.00127141794619319,-0.0030198522634462,0.0021808310787414,0.743805730851494,37,-0.000416566383578333,0.00126249488217305,0.938871398988691,"Pusillibacter","Genus","Pusillibacter","d__Bacteria;p__Bacillota;c__Clostridia;o__Eubacteriales;f__Oscillospiraceae;g___g__Pusillibacter",NA,NA
"X2892397","PFNA",-0.000387563714969591,0.00107837133095261,-0.00259308072625996,0.00181795329632078,0.721901751932615,37,-0.000600070892211693,0.00166965900497422,0.888078441260625,"Pusillibacter","Genus","Pusillibacter","d__Bacteria;p__Bacillota;c__Clostridia;o__Eubacteriales;f__Oscillospiraceae;g___g__Pusillibacter",NA,NA
"X2892397","PFOS",0.00182542902691808,0.00157386895850211,-0.00139349441984296,0.00504435247367912,0.255576094313724,37,0.00163833163824891,0.00141255522463409,0.730217412324926,"Pusillibacter","Genus","Pusillibacter","d__Bacteria;p__Bacillota;c__Clostridia;o__Eubacteriales;f__Oscillospiraceae;g___g__Pusillibacter",NA,NA
"X2894574","PFOS",0.000593536511729453,0.00123323999581792,-0.00192872248358097,0.00311579550703987,0.633927639754423,37,0.000532701973773256,0.00110683903504791,0.872994114614379,"Saccharobesus","Genus","Saccharobesus","d__Bacteria;p__Pseudomonadota;c__Gammaproteobacteria;o__Alteromonadales;f__Alteromonadaceae;g___g__Saccharobesus",NA,NA
"X2894574","PFOA",-0.000938765658750414,0.000992475733387103,-0.00296860644777111,0.00109107513027028,0.352023558825716,37,-0.000806377526679456,0.000852513212129383,0.865613534454775,"Saccharobesus","Genus","Saccharobesus","d__Bacteria;p__Pseudomonadota;c__Gammaproteobacteria;o__Alteromonadales;f__Alteromonadaceae;g___g__Saccharobesus",NA,NA
"X2894574","PFNA",0.000761416764955782,0.000819063200417714,-0.000913755571318606,0.00243658910123017,0.360242428625689,37,0.00117891334984186,0.0012681682171691,0.871178971800331,"Saccharobesus","Genus","Saccharobesus","d__Bacteria;p__Pseudomonadota;c__Gammaproteobacteria;o__Alteromonadales;f__Alteromonadaceae;g___g__Saccharobesus",NA,NA
"X2894574","PFHxS",0.00202837751458952,0.00139308752698428,-0.000820806389684072,0.00487756141886311,0.156126106780794,37,0.00201489222887523,0.00138382584704981,0.923106112842664,"Saccharobesus","Genus","Saccharobesus","d__Bacteria;p__Pseudomonadota;c__Gammaproteobacteria;o__Alteromonadales;f__Alteromonadaceae;g___g__Saccharobesus",NA,NA
"X2894574","PFBS",-0.00162431013199407,0.000932039612031959,-0.00353054517416369,0.000281924910175562,0.0919741256501784,37,-0.00161291040042684,0.0009254983726603,0.689805942376338,"Saccharobesus","Genus","Saccharobesus","d__Bacteria;p__Pseudomonadota;c__Gammaproteobacteria;o__Alteromonadales;f__Alteromonadaceae;g___g__Saccharobesus",NA,NA
"X349742","PFBS",-0.00126209477773456,0.00137080087670566,-0.00406569736423448,0.00154150780876536,0.364803698278075,37,-0.00125323714556496,0.0013611803235128,0.925745239557161,"Sedimenticola","Genus","Sedimenticola","d__Bacteria;p__Pseudomonadota;c__Gammaproteobacteria;o__;f__;g___g__Sedimenticola",NA,NA
"X349742","PFNA",0.000992822598511651,0.00116545379899922,-0.00139079805773773,0.00337644325476103,0.401263029020122,37,0.00153720257982242,0.00180449013667815,0.871178971800331,"Sedimenticola","Genus","Sedimenticola","d__Bacteria;p__Pseudomonadota;c__Gammaproteobacteria;o__;f__;g___g__Sedimenticola",NA,NA
"X349742","PFOS",-0.00244426172095507,0.00169808001562923,-0.00591722530363313,0.00102870186172299,0.160737385321506,37,-0.00219373706156209,0.00152403526670139,0.602683825451894,"Sedimenticola","Genus","Sedimenticola","d__Bacteria;p__Pseudomonadota;c__Gammaproteobacteria;o__;f__;g___g__Sedimenticola",NA,NA
"X349742","PFHxS",-0.00308241427526181,0.00196706224531385,-0.00710550828729782,0.000940679736774192,0.127959628567391,37,-0.00306192142474817,0.00195398460261418,0.923106112842664,"Sedimenticola","Genus","Sedimenticola","d__Bacteria;p__Pseudomonadota;c__Gammaproteobacteria;o__;f__;g___g__Sedimenticola",NA,NA
"X349742","PFOA",-0.00156367143200237,0.00140071483852679,-0.00442845493993249,0.00130111207592774,0.273442009929097,37,-0.00134315682526754,0.00120318096060089,0.865613534454775,"Sedimenticola","Genus","Sedimenticola","d__Bacteria;p__Pseudomonadota;c__Gammaproteobacteria;o__;f__;g___g__Sedimenticola",NA,NA
"X41707","PFOS",-0.000594289577239618,0.000918214350582942,-0.00247224878488348,0.00128366963040425,0.522578244103504,37,-0.000533377853817227,0.000824101950320152,0.872994114614379,"Lawsonia","Genus","Lawsonia","d__Bacteria;p__Thermodesulfobacteriota;c__Desulfovibrionia;o__Desulfovibrionales;f__Desulfovibrionaceae;g___g__Lawsonia",NA,NA
"X41707","PFOA",-0.0003499437755512,0.00074985344056074,-0.00188356625944122,0.00118367870833882,0.644213850127872,37,-0.000300593437324353,0.000644106393470247,0.878473431992553,"Lawsonia","Genus","Lawsonia","d__Bacteria;p__Thermodesulfobacteriota;c__Desulfovibrionia;o__Desulfovibrionales;f__Desulfovibrionaceae;g___g__Lawsonia",NA,NA
"X41707","PFNA",0.000507057414186989,0.000613654339139125,-0.000748006630243705,0.00176212145861768,0.415385440198315,37,0.000785084834264254,0.000950130501318173,0.871178971800331,"Lawsonia","Genus","Lawsonia","d__Bacteria;p__Thermodesulfobacteriota;c__Desulfovibrionia;o__Desulfovibrionales;f__Desulfovibrionaceae;g___g__Lawsonia",NA,NA
"X41707","PFHxS",-0.00187159406265062,0.00102034384337587,-0.00395843153629056,0.000215243410989322,0.0768925660542582,37,-0.00185915112217505,0.00101356027958867,0.923106112842664,"Lawsonia","Genus","Lawsonia","d__Bacteria;p__Thermodesulfobacteriota;c__Desulfovibrionia;o__Desulfovibrionales;f__Desulfovibrionaceae;g___g__Lawsonia",NA,NA
"X41707","PFBS",-0.000453621469153203,0.00072685637049833,-0.00194020966366938,0.00103296672536297,0.537449479536868,37,-0.000450437863461396,0.000721755147924882,0.925745239557161,"Lawsonia","Genus","Lawsonia","d__Bacteria;p__Thermodesulfobacteriota;c__Desulfovibrionia;o__Desulfovibrionales;f__Desulfovibrionaceae;g___g__Lawsonia",NA,NA
"X42255","PFOA",-0.00270669924296607,0.00152269427305288,-0.00582095870611953,0.000407560220187392,0.0859639047942634,37,-0.00232499071590818,0.00130795841363409,0.681451920614661,"Rubrobacter","Genus","Rubrobacter","d__Bacteria;p__Actinomycetota;c__Rubrobacteria;o__Rubrobacterales;f__Rubrobacteraceae;g___g__Rubrobacter",NA,NA
"X42255","PFBS",-0.000959616064277586,0.00154866869602796,-0.00412699918723697,0.00220776705868179,0.54033359580336,37,-0.000952881287879355,0.00153779983110276,0.925745239557161,"Rubrobacter","Genus","Rubrobacter","d__Bacteria;p__Actinomycetota;c__Rubrobacteria;o__Rubrobacterales;f__Rubrobacteraceae;g___g__Rubrobacter",NA,NA
"X42255","PFOS",-0.00541940250983945,0.00169388195327349,-0.00888378009094804,-0.00195502492873085,0.00332354937466598,37,-0.00486394072919163,0.00152026748484008,0.0997064812399794,"Rubrobacter","Genus","Rubrobacter","d__Bacteria;p__Actinomycetota;c__Rubrobacteria;o__Rubrobacterales;f__Rubrobacteraceae;g___g__Rubrobacter",NA,NA
"X42255","PFHxS",0.00102028325853884,0.00228859227097684,-0.00366041349281879,0.00570098000989647,0.659043329351,37,0.00101350009753851,0.00227337699648495,0.923106112842664,"Rubrobacter","Genus","Rubrobacter","d__Bacteria;p__Actinomycetota;c__Rubrobacteria;o__Rubrobacterales;f__Rubrobacteraceae;g___g__Rubrobacter",NA,NA
"X42255","PFNA",0.00212286628006195,0.00126254218437055,-0.000459322419855661,0.00470505497997956,0.10342131525898,37,0.00328686668416016,0.00195481358488262,0.730817290694279,"Rubrobacter","Genus","Rubrobacter","d__Bacteria;p__Actinomycetota;c__Rubrobacteria;o__Rubrobacterales;f__Rubrobacteraceae;g___g__Rubrobacter",NA,NA
"X44","PFBS",-0.00166163595408849,0.000745639072392038,-0.00318663908727702,-0.000136632820899963,0.0337635740898621,37,-0.00164997426247803,0.000740406029080988,0.520244563017655,"Melittangium","Genus","Melittangium","d__Bacteria;p__Myxococcota;c__Myxococcia;o__Myxococcales;f__Archangiaceae;g___g__Melittangium",NA,NA
"X44","PFNA",0.000186299479484529,0.000683799345913468,-0.00121222721204865,0.00158482617101771,0.787208448472843,37,0.000288450364559093,0.00105873709985534,0.908317440545588,"Melittangium","Genus","Melittangium","d__Bacteria;p__Myxococcota;c__Myxococcia;o__Myxococcales;f__Archangiaceae;g___g__Melittangium",NA,NA
"X44","PFOS",0.00219440065147441,0.000934978064711714,0.00028215579878214,0.00410664550416667,0.0259641327827067,37,0.00196948550794896,0.00083914746719686,0.284972032446884,"Melittangium","Genus","Melittangium","d__Bacteria;p__Myxococcota;c__Myxococcia;o__Myxococcales;f__Archangiaceae;g___g__Melittangium",NA,NA
"X44","PFHxS",0.000967426290987322,0.0011750940252283,-0.00143591084170263,0.00337076342367727,0.417070330972739,37,0.000960994539576332,0.00116728163401543,0.923106112842664,"Melittangium","Genus","Melittangium","d__Bacteria;p__Myxococcota;c__Myxococcia;o__Myxococcales;f__Archangiaceae;g___g__Melittangium",NA,NA
"X44","PFOA",0.00166459216258491,0.000770355462782429,8.90383351234271e-05,0.00324014599004639,0.0391073837461134,37,0.00142984534903198,0.00066171714628907,0.681451920614661,"Melittangium","Genus","Melittangium","d__Bacteria;p__Myxococcota;c__Myxococcia;o__Myxococcales;f__Archangiaceae;g___g__Melittangium",NA,NA
"X441","PFNA",-0.000832729335342338,0.000841802541130546,-0.00255440884528517,0.000888950174600489,0.330737042609736,37,-0.00128932770517213,0.00130337588997956,0.871178971800331,"Gluconobacter","Genus","Gluconobacter","d__Bacteria;p__Pseudomonadota;c__Alphaproteobacteria;o__Rhodospirillales;f__Acetobacteraceae;g___g__Gluconobacter",NA,NA
"X441","PFOA",0.000790130082018156,0.00102719987227097,-0.00131072954514537,0.00289098970918168,0.447990029464746,37,0.00067870307712463,0.000882340427226409,0.865613534454775,"Gluconobacter","Genus","Gluconobacter","d__Bacteria;p__Pseudomonadota;c__Alphaproteobacteria;o__Rhodospirillales;f__Acetobacteraceae;g___g__Gluconobacter",NA,NA
"X441","PFBS",0.000645127796846307,0.00100161531271172,-0.00140340553072572,0.00269366112441834,0.524580690143911,37,0.000640600161657838,0.000994585777234702,0.925745239557161,"Gluconobacter","Genus","Gluconobacter","d__Bacteria;p__Pseudomonadota;c__Alphaproteobacteria;o__Rhodospirillales;f__Acetobacteraceae;g___g__Gluconobacter",NA,NA
"X441","PFOS",7.51156788865719e-06,0.00127496333478146,-0.00260008123703874,0.00261510437281605,0.995339557152146,37,6.74166957102621e-06,0.00114428593945742,0.995339557152146,"Gluconobacter","Genus","Gluconobacter","d__Bacteria;p__Pseudomonadota;c__Alphaproteobacteria;o__Rhodospirillales;f__Acetobacteraceae;g___g__Gluconobacter",NA,NA
"X441","PFHxS",-4.20224909306518e-05,0.00148599105672519,-0.00308121544808912,0.00299717046622781,0.977633264401465,37,-4.17431123176717e-05,0.00147611172517833,0.997473742216641,"Gluconobacter","Genus","Gluconobacter","d__Bacteria;p__Pseudomonadota;c__Alphaproteobacteria;o__Rhodospirillales;f__Acetobacteraceae;g___g__Gluconobacter",NA,NA
"X44249","PFOS",-0.00210532749062759,0.00214503371091491,-0.00649241401956467,0.00228175903830949,0.33446939244394,37,-0.00188954190270206,0.00192517843305888,0.771852444101401,"Paenibacillus","Genus","Paenibacillus","d__Bacteria;p__Bacillota;c__Bacilli;o__Bacillales;f__Paenibacillaceae;g___g__Paenibacillus",NA,NA
"X44249","PFOA",-0.00118050385419209,0.00176089484270011,-0.00478193818316096,0.00242093047477677,0.507906925510446,37,-0.00101402492656804,0.001512567076526,0.865613534454775,"Paenibacillus","Genus","Paenibacillus","d__Bacteria;p__Bacillota;c__Bacilli;o__Bacillales;f__Paenibacillaceae;g___g__Paenibacillus",NA,NA
"X44249","PFNA",0.000159140178778944,0.00146339047046826,-0.00283382938943727,0.00315210974699516,0.914151676343753,37,0.000246399199352556,0.00226579009166758,0.92964577255297,"Paenibacillus","Genus","Paenibacillus","d__Bacteria;p__Bacillota;c__Bacilli;o__Bacillales;f__Paenibacillaceae;g___g__Paenibacillus",NA,NA
"X44249","PFHxS",0.000959859253246327,0.00253503210685922,-0.00422486355546028,0.00614458206195293,0.707714686512709,37,0.000953477809859959,0.00251817842355322,0.923106112842664,"Paenibacillus","Genus","Paenibacillus","d__Bacteria;p__Bacillota;c__Bacilli;o__Bacillales;f__Paenibacillaceae;g___g__Paenibacillus",NA,NA
"X44249","PFBS",0.00234755929632709,0.00166912469563376,-0.0010661840075988,0.00576130260025298,0.170213218771645,37,0.00233108365827673,0.00165741044654569,0.707040670538732,"Paenibacillus","Genus","Paenibacillus","d__Bacteria;p__Bacillota;c__Bacilli;o__Bacillales;f__Paenibacillaceae;g___g__Paenibacillus",NA,NA
"X447237","PFOS",0.00472130003063053,0.0068094285824227,-0.00920554515212605,0.0186481452133871,0.493607742443672,37,0.00423739027909884,0.00611149604858352,0.872994114614379,"Frondihabitans","Genus","Frondihabitans","d__Bacteria;p__Actinomycetota;c__Actinomycetes;o__Micrococcales;f__Microbacteriaceae;g___g__Frondihabitans",NA,NA
"X447237","PFOA",0.00583624650506955,0.00548146746161237,-0.00537461322980598,0.0170471062399451,0.295786327491776,37,0.00501319789234091,0.00470845107409714,0.865613534454775,"Frondihabitans","Genus","Frondihabitans","d__Bacteria;p__Actinomycetota;c__Actinomycetes;o__Micrococcales;f__Microbacteriaceae;g___g__Frondihabitans",NA,NA
"X447237","PFNA",0.000978921625480667,0.00460533675966127,-0.00844004962738195,0.0103978928783433,0.833155346776267,37,0.00151567948834837,0.00713051411049168,0.908896741937745,"Frondihabitans","Genus","Frondihabitans","d__Bacteria;p__Actinomycetota;c__Actinomycetes;o__Micrococcales;f__Microbacteriaceae;g___g__Frondihabitans",NA,NA
"X447237","PFHxS",-5.20846981895314e-05,0.00800211342969291,-0.0164182442843057,0.0163140748879266,0.99485128134592,37,-5.17384228875344e-05,0.00794891288633182,0.997473742216641,"Frondihabitans","Genus","Frondihabitans","d__Bacteria;p__Actinomycetota;c__Actinomycetes;o__Micrococcales;f__Microbacteriaceae;g___g__Frondihabitans",NA,NA
"X447237","PFBS",0.00778908195088387,0.00523599993857064,-0.00291974032968582,0.0184979042314536,0.147649627908493,37,0.0077344166245732,0.00519925264960777,0.707040670538732,"Frondihabitans","Genus","Frondihabitans","d__Bacteria;p__Actinomycetota;c__Actinomycetes;o__Micrococcales;f__Microbacteriaceae;g___g__Frondihabitans",NA,NA
"X543311","PFBS",-0.000635755225741956,0.000823211023962703,-0.00231941081368089,0.00104790036219698,0.446192991026505,37,-0.000631293369121619,0.000817433565267157,0.925745239557161,"Parvimonas","Genus","Parvimonas","d__Bacteria;p__Bacillota;c__Tissierellia;o__Tissierellales;f__Peptoniphilaceae;g___g__Parvimonas",NA,NA
"X543311","PFNA",-8.75142618744738e-05,0.000705420309458576,-0.00153026078894158,0.00135523226519263,0.90212388429726,37,-0.000135499684763791,0.0010922131720052,0.92964577255297,"Parvimonas","Genus","Parvimonas","d__Bacteria;p__Bacillota;c__Tissierellia;o__Tissierellales;f__Peptoniphilaceae;g___g__Parvimonas",NA,NA
"X543311","PFOS",5.88133660486202e-05,0.00105104441566554,-0.00209081382806858,0.00220844056016582,0.955759762387382,37,5.27852887888217e-05,0.000943317594931047,0.971959080393948,"Parvimonas","Genus","Parvimonas","d__Bacteria;p__Bacillota;c__Tissierellia;o__Tissierellales;f__Peptoniphilaceae;g___g__Parvimonas",NA,NA
"X543311","PFHxS",0.00103523495773774,0.00120991532970307,-0.00143931973904175,0.00350978965451722,0.399219105993028,37,0.00102835239318252,0.00120187143560851,0.923106112842664,"Parvimonas","Genus","Parvimonas","d__Bacteria;p__Bacillota;c__Tissierellia;o__Tissierellales;f__Peptoniphilaceae;g___g__Parvimonas",NA,NA
"X543311","PFOA",-0.0014284166928659,0.000813272629351089,-0.00309174598154996,0.000234912595818146,0.0895801550228092,37,-0.00122697619914438,0.000698581978643283,0.681451920614661,"Parvimonas","Genus","Parvimonas","d__Bacteria;p__Bacillota;c__Tissierellia;o__Tissierellales;f__Peptoniphilaceae;g___g__Parvimonas",NA,NA
"X60919","PFOS",-0.000262014912759404,0.00149917502440741,-0.00332817211142247,0.00280414228590366,0.862472708461156,37,-0.000235159688454994,0.00134551704697389,0.940879318321261,"Sanguibacter","Genus","Sanguibacter","d__Bacteria;p__Actinomycetota;c__Actinomycetes;o__Micrococcales;f__Sanguibacteraceae;g___g__Sanguibacter",NA,NA
"X60919","PFOA",-3.0567451844707e-05,0.00122072843251384,-0.0025272374270162,0.00246610252332679,0.980194303790163,37,-2.6256719113733e-05,0.00104857688921864,0.980194303790163,"Sanguibacter","Genus","Sanguibacter","d__Bacteria;p__Actinomycetota;c__Actinomycetes;o__Micrococcales;f__Sanguibacteraceae;g___g__Sanguibacter",NA,NA
"X60919","PFNA",-0.000514712260251927,0.00100238417254559,-0.00256481808274684,0.00153539356224298,0.611500217679841,37,-0.000796936950782157,0.00155200691273564,0.871178971800331,"Sanguibacter","Genus","Sanguibacter","d__Bacteria;p__Actinomycetota;c__Actinomycetes;o__Micrococcales;f__Sanguibacteraceae;g___g__Sanguibacter",NA,NA
"X60919","PFHxS",-0.000419317190844413,0.00174652168488481,-0.00399135511139838,0.00315272072970956,0.811951828214085,37,-0.000416529439509773,0.0017349102645464,0.968972500868722,"Sanguibacter","Genus","Sanguibacter","d__Bacteria;p__Actinomycetota;c__Actinomycetes;o__Micrococcales;f__Sanguibacteraceae;g___g__Sanguibacter",NA,NA
"X60919","PFBS",0.000581194049763493,0.00118185708512596,-0.00183597509350068,0.00299836319302766,0.626588452216463,37,0.000577115114327908,0.00117356257704165,0.938871398988691,"Sanguibacter","Genus","Sanguibacter","d__Bacteria;p__Actinomycetota;c__Actinomycetes;o__Micrococcales;f__Sanguibacteraceae;g___g__Sanguibacter",NA,NA
"X74385","PFOS",-0.00234269708650459,0.00210758235509048,-0.0066531869923715,0.00196779281936232,0.27545954218058,37,-0.00210258229657605,0.00189156565478173,0.751253296856126,"Gracilibacillus","Genus","Gracilibacillus","d__Bacteria;p__Bacillota;c__Bacilli;o__Bacillales;f__Bacillaceae;g___g__Gracilibacillus",NA,NA
"X74385","PFOA",0.0019948657615058,0.00171178466563105,-0.00150612697759105,0.00549585850060265,0.253364709549589,37,0.00171354256925183,0.00147038259443444,0.865613534454775,"Gracilibacillus","Genus","Gracilibacillus","d__Bacteria;p__Bacillota;c__Bacilli;o__Bacillales;f__Bacillaceae;g___g__Gracilibacillus",NA,NA
"X74385","PFNA",-0.000219272950716546,0.00144407794597885,-0.0031727439713826,0.00273419806994951,0.880362302059446,37,-0.000339503699887623,0.00223588821139964,0.926697160062575,"Gracilibacillus","Genus","Gracilibacillus","d__Bacteria;p__Bacillota;c__Bacilli;o__Bacillales;f__Bacillaceae;g___g__Gracilibacillus",NA,NA
"X74385","PFHxS",-0.00222152707033366,0.0024740816802286,-0.00728159225979468,0.00283853811912736,0.376622969034224,37,-0.00220675766619167,0.00245763321434964,0.923106112842664,"Gracilibacillus","Genus","Gracilibacillus","d__Bacteria;p__Bacillota;c__Bacilli;o__Bacillales;f__Bacillaceae;g___g__Gracilibacillus",NA,NA
"X74385","PFBS",-0.00120326804980946,0.00168795067640916,-0.00465551480765941,0.0022489787080405,0.481631093856738,37,-0.00119482327531655,0.00167610430284369,0.925745239557161,"Gracilibacillus","Genus","Gracilibacillus","d__Bacteria;p__Bacillota;c__Bacilli;o__Bacillales;f__Bacillaceae;g___g__Gracilibacillus",NA,NA
"X748770","PFOS",-0.0031519949516446,0.00172942622542426,-0.00668906873176396,0.000385078828474767,0.0786957212145114,37,-0.00282893115904852,0.00155216864602707,0.48368785628262,"Dolichospermum","Genus","Dolichospermum","d__Bacteria;p__Cyanobacteriota;c__Cyanophyceae;o__Nostocales;f__Aphanizomenonaceae;g___g__Dolichospermum",NA,NA
"X748770","PFOA",0.000592534755776051,0.00148183322908932,-0.00243815448905464,0.00362322400060675,0.692185317254785,37,0.000508973359198411,0.00127285974203085,0.902850413810589,"Dolichospermum","Genus","Dolichospermum","d__Bacteria;p__Cyanobacteriota;c__Cyanophyceae;o__Nostocales;f__Aphanizomenonaceae;g___g__Dolichospermum",NA,NA
"X748770","PFNA",0.00208016962964272,0.00116319637742842,-0.000298834081095263,0.0044591733403807,0.0841774347510748,37,0.00322075880016092,0.0018009949359569,0.730817290694279,"Dolichospermum","Genus","Dolichospermum","d__Bacteria;p__Cyanobacteriota;c__Cyanophyceae;o__Nostocales;f__Aphanizomenonaceae;g___g__Dolichospermum",NA,NA
"X748770","PFHxS",-0.00481518301177253,0.00193104412512938,-0.00876461169675335,-0.000865754326791699,0.0185997162883592,37,-0.00478317017480638,0.00191820594211514,0.923106112842664,"Dolichospermum","Genus","Dolichospermum","d__Bacteria;p__Cyanobacteriota;c__Cyanophyceae;o__Nostocales;f__Aphanizomenonaceae;g___g__Dolichospermum",NA,NA
"X748770","PFBS",-0.000192702295317192,0.00144412403934143,-0.00314626758749469,0.00276086299686031,0.89476798742167,37,-0.000191349872281877,0.00143398888960986,0.967154038807024,"Dolichospermum","Genus","Dolichospermum","d__Bacteria;p__Cyanobacteriota;c__Cyanophyceae;o__Nostocales;f__Aphanizomenonaceae;g___g__Dolichospermum",NA,NA
"X76890","PFHxS",0.000612861232453293,0.00110345991390675,-0.00164396769237399,0.00286969015728057,0.58288083456371,37,0.00060878674002602,0.00109612376858554,0.923106112842664,"Asticcacaulis","Genus","Asticcacaulis","d__Bacteria;p__Pseudomonadota;c__Alphaproteobacteria;o__Caulobacterales;f__Caulobacteraceae;g___g__Asticcacaulis",NA,NA
"X76890","PFOA",-0.00104975750150637,0.000749661441435819,-0.00258298730309483,0.0004834723000821,0.172029611985786,37,-0.000901716897915378,0.00064394147075707,0.860148059928928,"Asticcacaulis","Genus","Asticcacaulis","d__Bacteria;p__Pseudomonadota;c__Alphaproteobacteria;o__Caulobacterales;f__Caulobacteraceae;g___g__Asticcacaulis",NA,NA
"X76890","PFBS",0.000397150818220578,0.000749418527957745,-0.00113558216952206,0.00192988380596321,0.600184207186918,37,0.000394363534788528,0.000744158959675835,0.938871398988691,"Asticcacaulis","Genus","Asticcacaulis","d__Bacteria;p__Pseudomonadota;c__Alphaproteobacteria;o__Caulobacterales;f__Caulobacteraceae;g___g__Asticcacaulis",NA,NA
"X76890","PFNA",-1.28140269962693e-05,0.000638918620261059,-0.00131954932806472,0.00129392127407218,0.984136213507129,37,-1.98401561226632e-05,0.000989247578403461,0.984136213507129,"Asticcacaulis","Genus","Asticcacaulis","d__Bacteria;p__Pseudomonadota;c__Alphaproteobacteria;o__Caulobacterales;f__Caulobacteraceae;g___g__Asticcacaulis",NA,NA
"X76890","PFOS",-0.000296449504288095,0.000950172032886892,-0.00223976951107386,0.00164687050249767,0.75727607983108,37,-0.000266064905759925,0.000852784129266361,0.890913035095389,"Asticcacaulis","Genus","Asticcacaulis","d__Bacteria;p__Pseudomonadota;c__Alphaproteobacteria;o__Caulobacterales;f__Caulobacteraceae;g___g__Asticcacaulis",NA,NA
"X773","PFHxS",0.00231121269192581,0.00142842363929423,-0.000610241676681825,0.00523266706053345,0.116485882201102,37,0.00229584702982744,0.00141892703387518,0.923106112842664,"Bartonella","Genus","Bartonella","d__Bacteria;p__Pseudomonadota;c__Alphaproteobacteria;o__Hyphomicrobiales;f__Bartonellaceae;g___g__Bartonella",NA,NA
"X773","PFOA",0.000498875196622018,0.0010373342218147,-0.00162271150263206,0.0026204618958761,0.634181690914431,37,0.000428522010177987,0.000891045594105276,0.878473431992553,"Bartonella","Genus","Bartonella","d__Bacteria;p__Pseudomonadota;c__Alphaproteobacteria;o__Hyphomicrobiales;f__Bartonellaceae;g___g__Bartonella",NA,NA
"X773","PFBS",0.000232473811614057,0.00101156322820538,-0.00183640528760303,0.00230135291083114,0.819847762716929,37,0.000230842264167169,0.00100446387627887,0.954102789049213,"Bartonella","Genus","Bartonella","d__Bacteria;p__Pseudomonadota;c__Alphaproteobacteria;o__Hyphomicrobiales;f__Bartonellaceae;g___g__Bartonella",NA,NA
"X773","PFNA",-0.00262775672375779,0.000707010188684495,-0.00407375491894516,-0.00118175852857043,0.00085829701290793,37,-0.00406859636450831,0.00109467480659264,0.0514978207744758,"Bartonella","Genus","Bartonella","d__Bacteria;p__Pseudomonadota;c__Alphaproteobacteria;o__Hyphomicrobiales;f__Bartonellaceae;g___g__Bartonella",NA,NA
"X773","PFOS",0.00180083552283787,0.00123521209567488,-0.000725456869557255,0.00432712791523299,0.15560909966915,37,0.00161625884591578,0.00110860900448621,0.602683825451894,"Bartonella","Genus","Bartonella","d__Bacteria;p__Pseudomonadota;c__Alphaproteobacteria;o__Hyphomicrobiales;f__Bartonellaceae;g___g__Bartonella",NA,NA
"X80865","PFBS",-0.000592756772071619,0.000498006741810229,-0.00161129492240383,0.000425781378260589,0.243597574509401,37,-0.000588596687151152,0.000494511631447078,0.859756145327298,"Delftia","Genus","Delftia","d__Bacteria;p__Pseudomonadota;c__Betaproteobacteria;o__Burkholderiales;f__Comamonadaceae;g___g__Delftia",NA,NA
"X80865","PFNA",0.00057411409053947,0.000419398728745442,-0.000283652621363481,0.00143188080244242,0.181541692190504,37,0.000888909723058968,0.000649361536258556,0.871178971800331,"Delftia","Genus","Delftia","d__Bacteria;p__Pseudomonadota;c__Betaproteobacteria;o__Burkholderiales;f__Comamonadaceae;g___g__Delftia",NA,NA
"X80865","PFOS",-0.00113738913476602,0.000609039130011518,-0.00238301401668429,0.00010823574715225,0.0719669646664451,37,-0.00102081241012902,0.000546615650850083,0.48368785628262,"Delftia","Genus","Delftia","d__Bacteria;p__Pseudomonadota;c__Betaproteobacteria;o__Burkholderiales;f__Comamonadaceae;g___g__Delftia",NA,NA
"X80865","PFHxS",-0.000489939246958138,0.000745798759874505,-0.00201526897771929,0.00103539048380301,0.516404450768382,37,-0.000486681978190193,0.00074084045734456,0.923106112842664,"Delftia","Genus","Delftia","d__Bacteria;p__Pseudomonadota;c__Betaproteobacteria;o__Burkholderiales;f__Comamonadaceae;g___g__Delftia",NA,NA
"X80865","PFOA",-0.000655813699372161,0.000510293306096957,-0.00169948069518355,0.000387853296439233,0.208902516462016,37,-0.000563328477062268,0.000438329896514619,0.865613534454775,"Delftia","Genus","Delftia","d__Bacteria;p__Pseudomonadota;c__Betaproteobacteria;o__Burkholderiales;f__Comamonadaceae;g___g__Delftia",NA,NA
"X81466","PFHxS",0.00243217047346587,0.003088571824056,-0.00388466817294934,0.00874900911988107,0.437393516816166,37,0.00241600064634806,0.00306803803623942,0.923106112842664,"Aminobacterium","Genus","Aminobacterium","d__Bacteria;p__Synergistota;c__Synergistia;o__Synergistales;f__Aminobacteriaceae;g___g__Aminobacterium",NA,NA
"X81466","PFOA",0.00038649107156259,0.00217838728895276,-0.00406881118384869,0.00484179332697387,0.860411352246969,37,0.000331986701329893,0.00187118322644428,0.908049857150864,"Aminobacterium","Genus","Aminobacterium","d__Bacteria;p__Synergistota;c__Synergistia;o__Synergistales;f__Aminobacteriaceae;g___g__Aminobacterium",NA,NA
"X81466","PFBS",-0.00145145038581474,0.00210171103894829,-0.0057499321018693,0.00284703133023981,0.495305152755811,37,-0.00144126381832648,0.00208696081286525,0.925745239557161,"Aminobacterium","Genus","Aminobacterium","d__Bacteria;p__Synergistota;c__Synergistia;o__Synergistales;f__Aminobacteriaceae;g___g__Aminobacterium",NA,NA
"X81466","PFNA",-0.00283711064782968,0.00171889579624418,-0.00635264728204557,0.000678425986386216,0.109622593604142,37,-0.00439274228207877,0.00266139293806723,0.730817290694279,"Aminobacterium","Genus","Aminobacterium","d__Bacteria;p__Synergistota;c__Synergistia;o__Synergistales;f__Aminobacteriaceae;g___g__Aminobacterium",NA,NA
"X81466","PFOS",0.00120187419265082,0.0026687907955942,-0.00425641585114936,0.00666016423645101,0.655811163117998,37,0.00107868807057327,0.00239525302370776,0.872994114614379,"Aminobacterium","Genus","Aminobacterium","d__Bacteria;p__Synergistota;c__Synergistia;o__Synergistales;f__Aminobacteriaceae;g___g__Aminobacterium",NA,NA
"X816","PFOA",-0.000419648107490159,0.000770037780598642,-0.00199455220193258,0.00115525598695226,0.589940526094328,37,-0.000360467812003333,0.000661444264797034,0.865613534454775,"Bacteroides","Genus","Bacteroides","d__Bacteria;p__Bacteroidota;c__Bacteroidia;o__Bacteroidales;f__Bacteroidaceae;g___g__Bacteroides",NA,NA
"X816","PFBS",0.000271663931613941,0.000750742113910683,-0.00126377609335355,0.00180710395658144,0.720079721473851,37,0.000269757340110326,0.000745473256439305,0.938871398988691,"Bacteroides","Genus","Bacteroides","d__Bacteria;p__Bacteroidota;c__Bacteroidia;o__Bacteroidales;f__Bacteroidaceae;g___g__Bacteroides",NA,NA
"X816","PFOS",-0.000566451379244588,0.000945167561441386,-0.00249953609268679,0.00136663333419762,0.553617767823228,37,-0.000508392932544173,0.000848292591232846,0.872994114614379,"Bacteroides","Genus","Bacteroides","d__Bacteria;p__Bacteroidota;c__Bacteroidia;o__Bacteroidales;f__Bacteroidaceae;g___g__Bacteroides",NA,NA
"X816","PFHxS",-0.000435291010749475,0.00110547289115596,-0.00269623693631579,0.00182565491481684,0.696638584153117,37,-0.000432397060483018,0.0010981233629348,0.923106112842664,"Bacteroides","Genus","Bacteroides","d__Bacteria;p__Bacteroidota;c__Bacteroidia;o__Bacteroidales;f__Bacteroidaceae;g___g__Bacteroides",NA,NA
"X816","PFNA",0.000906201863884381,0.000615833886335038,-0.00035331985507782,0.00216572358284658,0.151924306178089,37,0.00140308635711077,0.000953505127940718,0.844398128988715,"Bacteroides","Genus","Bacteroides","d__Bacteria;p__Bacteroidota;c__Bacteroidia;o__Bacteroidales;f__Bacteroidaceae;g___g__Bacteroides",NA,NA
"X872","PFNA",-0.000542413292933508,0.000708896106597333,-0.00199226862333884,0.000907442037471821,0.450363448080566,37,-0.000839826887983129,0.00109759480245624,0.871178971800331,"Desulfovibrio","Genus","Desulfovibrio","d__Bacteria;p__Thermodesulfobacteriota;c__Desulfovibrionia;o__Desulfovibrionales;f__Desulfovibrionaceae;g___g__Desulfovibrio",NA,NA
"X872","PFOS",-0.000458770696703815,0.00106319850016937,-0.00263325578472124,0.00171571439131361,0.669295487871024,37,-0.000411748983952737,0.000954225946273631,0.872994114614379,"Desulfovibrio","Genus","Desulfovibrio","d__Bacteria;p__Thermodesulfobacteriota;c__Desulfovibrionia;o__Desulfovibrionales;f__Desulfovibrionaceae;g___g__Desulfovibrio",NA,NA
"X872","PFHxS",0.000227600310639497,0.00124244501651314,-0.00231348506585323,0.00276868568713222,0.855925709100704,37,0.000226087152859173,0.00123418485492514,0.968972500868722,"Desulfovibrio","Genus","Desulfovibrio","d__Bacteria;p__Thermodesulfobacteriota;c__Desulfovibrionia;o__Desulfovibrionales;f__Desulfovibrionaceae;g___g__Desulfovibrio",NA,NA
"X872","PFOA",0.000917065167170818,0.000851186222832579,-0.000823806126741346,0.00265793646108298,0.290184139622269,37,0.00078773731699073,0.000731148859902904,0.865613534454775,"Desulfovibrio","Genus","Desulfovibrio","d__Bacteria;p__Thermodesulfobacteriota;c__Desulfovibrionia;o__Desulfovibrionales;f__Desulfovibrionaceae;g___g__Desulfovibrio",NA,NA
"X872","PFBS",0.000568809385877392,0.000837264494361664,-0.00114358877629633,0.00228120754805112,0.50229259511558,37,0.000564817368476159,0.000831388405615747,0.925745239557161,"Desulfovibrio","Genus","Desulfovibrio","d__Bacteria;p__Thermodesulfobacteriota;c__Desulfovibrionia;o__Desulfovibrionales;f__Desulfovibrionaceae;g___g__Desulfovibrio",NA,NA
"X881616","PFOS",-0.000296612476925836,0.00129971175802941,-0.00295482149067599,0.00236159653682431,0.821081386139916,37,-0.00026621117451354,0.00116649777251474,0.933859726695771,"Herbiconiux","Genus","Herbiconiux","d__Bacteria;p__Actinomycetota;c__Actinomycetes;o__Micrococcales;f__Microbacteriaceae;g___g__Herbiconiux",NA,NA
"X881616","PFOA",-0.00158927947806877,0.00101675109476768,-0.00366876895575852,0.000490209999620972,0.128878104744231,37,-0.00136515353196174,0.000873365174157243,0.859187364961539,"Herbiconiux","Genus","Herbiconiux","d__Bacteria;p__Actinomycetota;c__Actinomycetes;o__Micrococcales;f__Microbacteriaceae;g___g__Herbiconiux",NA,NA
"X881616","PFNA",-0.000194994421902578,0.000872532649487386,-0.00197952406036276,0.00158953521655761,0.824728036396329,37,-0.000301912878341988,0.00135095579188265,0.908896741937745,"Herbiconiux","Genus","Herbiconiux","d__Bacteria;p__Actinomycetota;c__Actinomycetes;o__Micrococcales;f__Microbacteriaceae;g___g__Herbiconiux",NA,NA
"X881616","PFHxS",0.00069191686823668,0.00151076158711033,-0.00239793751191682,0.00378177124839018,0.650371493336434,37,0.000687316789310742,0.00150071757335953,0.923106112842664,"Herbiconiux","Genus","Herbiconiux","d__Bacteria;p__Actinomycetota;c__Actinomycetes;o__Micrococcales;f__Microbacteriaceae;g___g__Herbiconiux",NA,NA
"X881616","PFBS",-8.52972898922195e-05,0.00102913548900581,-0.00219011569777764,0.0020195211179932,0.934514452115103,37,-8.4698656546881e-05,0.00102191281145804,0.967154038807024,"Herbiconiux","Genus","Herbiconiux","d__Bacteria;p__Actinomycetota;c__Actinomycetes;o__Micrococcales;f__Microbacteriaceae;g___g__Herbiconiux",NA,NA
"X896","PFOS",0.00211348775083241,0.00138511266353523,-0.000719385726323235,0.00494636122798805,0.137878215626503,37,0.00189686577685589,0.00124314551031341,0.602683825451894,"Desulfococcus","Genus","Desulfococcus","d__Bacteria;p__Thermodesulfobacteriota;c__Desulfobacteria;o__Desulfobacterales;f__Desulfococcaceae;g___g__Desulfococcus",NA,NA
"X896","PFOA",-0.00041769656006604,0.00116907726981593,-0.00280872804623714,0.00197333492610506,0.723463728956547,37,-0.000358791478862692,0.00100420976049143,0.90663179450533,"Desulfococcus","Genus","Desulfococcus","d__Bacteria;p__Thermodesulfobacteriota;c__Desulfobacteria;o__Desulfobacterales;f__Desulfococcaceae;g___g__Desulfococcus",NA,NA
"X896","PFNA",-0.000342204741999328,0.000964343946735549,-0.00231450956707411,0.00163010008307546,0.725264060362844,37,-0.00052984089304315,0.00149310864295423,0.888078441260625,"Desulfococcus","Genus","Desulfococcus","d__Bacteria;p__Thermodesulfobacteriota;c__Desulfobacteria;o__Desulfobacterales;f__Desulfococcaceae;g___g__Desulfococcus",NA,NA
"X896","PFHxS",0.00082679081966084,0.00167090879161658,-0.00259060137025353,0.00424418300957521,0.624458845646118,37,0.000821294056682111,0.00165980006935192,0.923106112842664,"Desulfococcus","Genus","Desulfococcus","d__Bacteria;p__Thermodesulfobacteriota;c__Desulfobacteria;o__Desulfobacterales;f__Desulfococcaceae;g___g__Desulfococcus",NA,NA
"X896","PFBS",0.000877632918046004,0.00112732737705508,-0.00142801044989476,0.00318327628598677,0.442576022263524,37,0.000871473515673749,0.00111941556930748,0.925745239557161,"Desulfococcus","Genus","Desulfococcus","d__Bacteria;p__Thermodesulfobacteriota;c__Desulfobacteria;o__Desulfobacterales;f__Desulfococcaceae;g___g__Desulfococcus",NA,NA
"X102115","Mixture",-0.00189119910838938,NA,-0.00539390707136701,0.00161150885458825,0.300484485420053,37,-0.0018778644819307,NA,0.848334675540007,"Stanieria","Genus","Stanieria","d__Bacteria;p__Cyanobacteriota;c__Cyanophyceae;o__Pleurocapsales;f__Dermocarpellaceae;g___g__Stanieria",-0.00710004458950079,0.0033443156256394
"X1190","Mixture",0.000581017988204188,NA,-0.00266847556935742,0.00383051154576579,0.729060667171165,37,0.0025275868622002,NA,0.901648470349247,"Fischerella","Genus","Fischerella","d__Bacteria;p__Cyanobacteriota;c__Cyanophyceae;o__Nostocales;f__Hapalosiphonaceae;g___g__Fischerella",-0.00142301430875083,0.00647818803315123
"X1278221","Mixture",-0.00523172166941555,NA,-0.0179919422547595,0.00752849891592839,0.429521439615443,37,-0.0148424349793607,NA,0.897869047986002,"Auraticoccus","Genus","Auraticoccus","d__Bacteria;p__Actinomycetota;c__Actinomycetes;o__Propionibacteriales;f__Propionibacteriaceae;g___g__Auraticoccus",-0.035055705234796,0.00537083527607455
"X1298","Mixture",0.00292639469274892,NA,0.000235714925361763,0.00561707446013608,0.0434732747619853,37,0.00304327509573553,NA,0.652099121429779,"Deinococcus","Genus","Deinococcus","d__Bacteria;p__Deinococcota;c__Deinococci;o__Deinococcales;f__Deinococcaceae;g___g__Deinococcus",-0.000904200874736753,0.00699075106620782
"X1395974","Mixture",0.00294934692011017,NA,-0.00105455852130414,0.00695325236152449,0.161738886757269,37,0.00417548151341711,NA,0.848334675540007,"Tardiphaga","Genus","Tardiphaga","d__Bacteria;p__Pseudomonadota;c__Alphaproteobacteria;o__Hyphomicrobiales;f__Nitrobacteraceae;g___g__Tardiphaga",-0.00163145778610328,0.0099824208129375
"X141450","Mixture",0.00775422837690209,NA,-0.0120676002406066,0.0275760569944108,0.450718290929612,37,0.00388380470888137,NA,0.897869047986002,"Oleiphilus","Genus","Oleiphilus","d__Bacteria;p__Pseudomonadota;c__Gammaproteobacteria;o__Oceanospirillales;f__Oleiphilaceae;g___g__Oleiphilus",-0.0255145473970306,0.0332821568147934
"X1434026","Mixture",0.00132600890673079,NA,-0.010989316940845,0.0136413347543065,0.834643801429846,37,0.000598419460307826,NA,0.927382001588718,"Oceanirhabdus","Genus","Oceanirhabdus","d__Bacteria;p__Bacillota;c__Clostridia;o__Eubacteriales;f__Clostridiaceae;g___g__Oceanirhabdus",-0.0143836066492739,0.0155804455698896
"X146918","Mixture",-0.00826125096082901,NA,-0.023699948524899,0.00717744660324101,0.304727865460977,37,-0.000520268388333247,NA,0.848334675540007,"Salinibacter","Genus","Salinibacter","d__Bacteria;p__Rhodothermota;c__Rhodothermia;o__Rhodothermales;f__Salinibacteraceae;g___g__Salinibacter",-0.0222389492407777,0.0211984124641112
"X1511648","Mixture",0.00552098060335275,NA,-0.00988910538257079,0.0209310665892763,0.489310888920048,37,0.0121527505739241,NA,0.897869047986002,"Defluviitoga","Genus","Defluviitoga","d__Bacteria;p__Thermotogota;c__Thermotogae;o__Petrotogales;f__Petrotogaceae;g___g__Defluviitoga",-0.0065802767362611,0.0308857778841093
"X157","Mixture",0.00374458916280453,NA,-0.0381785608389024,0.0456677391645114,0.862497422328771,37,-0.010808845921821,NA,0.940906278904114,"Treponema","Genus","Treponema","d__Bacteria;p__Spirochaetota;c__Spirochaetia;o__Spirochaetales;f__Treponemataceae;g___g__Treponema",-0.0637872409127511,0.042169549069109
"X1649479","Mixture",-0.00365230761830122,NA,-0.0105696544700899,0.00326503923348744,0.311056047698002,37,-0.00515821285486198,NA,0.848334675540007,"Permianibacter","Genus","Permianibacter","d__Bacteria;p__Pseudomonadota;c__Gammaproteobacteria;o__Pseudomonadales;f__Pseudomonadaceae;g___g__Permianibacter",-0.0135842944179339,0.00326786870820989
"X1649510","Mixture",-0.00177533998030385,NA,-0.00426896756053178,0.000718287599924088,0.17567454342982,37,-0.00194575480394999,NA,0.848334675540007,"Variibacter","Genus","Variibacter","d__Bacteria;p__Pseudomonadota;c__Alphaproteobacteria;o__Hyphomicrobiales;f__Nitrobacteraceae;g___g__Variibacter",-0.00563142682631502,0.00173991721841504
"X1658781","Mixture",-0.00330081346385958,NA,-0.0084523872489316,0.00185076032121244,0.221268090693217,37,-0.00348230550636202,NA,0.848334675540007,"Aliiroseovarius","Genus","Aliiroseovarius","d__Bacteria;p__Pseudomonadota;c__Alphaproteobacteria;o__Rhodobacterales;f__Paracoccaceae;g___g__Aliiroseovarius",-0.0111125765369298,0.00414796552420579
"X1676142","Mixture",-0.00281602936630428,NA,-0.00732373226484497,0.0016916735322364,0.232677682531665,37,-0.00454055316667508,NA,0.848334675540007,"Wenzhouxiangella","Genus","Wenzhouxiangella","d__Bacteria;p__Pseudomonadota;c__Gammaproteobacteria;o__Chromatiales;f__Wenzhouxiangellaceae;g___g__Wenzhouxiangella",-0.00977290481741392,0.000691798484063763
"X1742989","Mixture",0.0407626056881231,NA,0.0125452972010333,0.0689799141752129,0.00923046431437502,37,0.045631713088103,NA,0.276913929431251,"Glutamicibacter","Genus","Glutamicibacter","d__Bacteria;p__Actinomycetota;c__Actinomycetes;o__Micrococcales;f__Micrococcaceae;g___g__Glutamicibacter",0.00191282835167218,0.0893505978245338
"X1747770","Mixture",-0.00286742112781115,NA,-0.0102543540951864,0.00451951183956406,0.454181952743535,37,-0.00291023767806642,NA,0.897869047986002,"Egibacter","Genus","Egibacter","d__Bacteria;p__Actinomycetota;c__Nitriliruptoria;o__Egibacterales;f__Egibacteraceae;g___g__Egibacter",-0.0125367713425516,0.00671629598641879
"X1763827","Mixture",-0.000977957995196585,NA,-0.00648526964031504,0.00452935364992187,0.730844677283418,37,-0.0017340554337813,NA,0.901648470349247,"Hankyongella","Genus","Hankyongella","d__Bacteria;p__Pseudomonadota;c__Alphaproteobacteria;o__Sphingomonadales;f__Sphingomonadaceae;g___g__Hankyongella",-0.00877230852323568,0.00530419765567308
"X1802983","Mixture",-0.0035494014935752,NA,-0.0115313476099025,0.00443254462275207,0.392087022323212,37,-0.00177286964354394,NA,0.897869047986002,"Fokinia","Genus","Fokinia","d__Bacteria;p__Pseudomonadota;c__Alphaproteobacteria;o__Rickettsiales;f__Candidatus Midichloriaceae;g___g__Fokinia",-0.0132918704558342,0.00974613116874634
"X1849828","Mixture",-0.00367592505325455,NA,-0.0194600713326478,0.0121082212261387,0.652170125215733,37,-0.0012356158658705,NA,0.901648470349247,"Paeniclostridium","Genus","Paeniclostridium","d__Bacteria;p__Bacillota;c__Clostridia;o__Peptostreptococcales;f__Peptostreptococcaceae;g___g__Paeniclostridium",-0.0213335401886392,0.0188623084568982
"X1854","Mixture",0.00250492741156911,NA,-0.00515101876337269,0.0101608735865109,0.527421115999757,37,0.00584947330028618,NA,0.897869047986002,"Frankia","Genus","Frankia","d__Bacteria;p__Actinomycetota;c__Actinomycetes;o__Frankiales;f__Frankiaceae;g___g__Frankia",-0.00321936275152111,0.0149183093520935
"X186831","Mixture",-0.00150251954817194,NA,-0.00620540710778609,0.00320036801144222,0.537103338873472,37,-0.00171660161138232,NA,0.897869047986002,"Acetoanaerobium","Genus","Acetoanaerobium","d__Bacteria;p__Bacillota;c__Clostridia;o__Peptostreptococcales;f__Filifactoraceae;g___g__Acetoanaerobium",-0.00766278527095265,0.00422958204818802
"X190972","Mixture",0.00149043045217744,NA,-0.00712069312879506,0.0101015540331499,0.737383592643179,37,0.00151729946885184,NA,0.901648470349247,"Sedimentibacter","Genus","Sedimentibacter","d__Bacteria;p__Bacillota;c__Tissierellia;o__;f__;g___g__Sedimentibacter",-0.00932817430233272,0.0123627732400364
"X2000","Mixture",-0.00104147923917542,NA,-0.00403346735941524,0.00195050888106441,0.501617669332216,37,-0.000724088305126065,NA,0.897869047986002,"Streptosporangium","Genus","Streptosporangium","d__Bacteria;p__Actinomycetota;c__Actinomycetes;o__Streptosporangiales;f__Streptosporangiaceae;g___g__Streptosporangium",-0.00446985118717302,0.00302167457692089
"X2019","Mixture",-0.000194619140483981,NA,-0.00586762679872727,0.0054783885177593,0.94694858354697,37,0.000958958985061902,NA,0.979601982979624,"Thermomonospora","Genus","Thermomonospora","d__Bacteria;p__Actinomycetota;c__Actinomycetes;o__Streptosporangiales;f__Thermomonosporaceae;g___g__Thermomonospora",-0.00609013655393767,0.00800805452406148
"X2029","Mixture",0.000120536340681775,NA,-0.00312411370981458,0.00336518639117813,0.942559772816232,37,0.00196730205435135,NA,0.979601982979624,"Kibdelosporangium","Genus","Kibdelosporangium","d__Bacteria;p__Actinomycetota;c__Actinomycetes;o__Pseudonocardiales;f__Pseudonocardiaceae;g___g__Kibdelosporangium",-0.00203614585574091,0.00597074996444362
"X204286","Mixture",0.00135073102874412,NA,-0.00770832496828733,0.0104097870257756,0.772617442033664,37,0.00344285908752776,NA,0.901648470349247,"Cobetia","Genus","Cobetia","d__Bacteria;p__Pseudomonadota;c__Gammaproteobacteria;o__Oceanospirillales;f__Halomonadaceae;g___g__Cobetia",-0.00808175018135209,0.0149674683564076
"X2044","Mixture",-0.00105490614045889,NA,-0.00582511669042602,0.00371530440950824,0.668569410752323,37,0.00103371568688013,NA,0.901648470349247,"Pimelobacter","Genus","Pimelobacter","d__Bacteria;p__Actinomycetota;c__Actinomycetes;o__Propionibacteriales;f__Nocardioidaceae;g___g__Pimelobacter",-0.00599247837946762,0.00805990975322789
"X2055880","Mixture",-0.00283622701427162,NA,-0.0124537586939459,0.00678130466540266,0.568650397057801,37,-0.00605617830873122,NA,0.897869047986002,"Pseudescherichia","Genus","Pseudescherichia","d__Bacteria;p__Pseudomonadota;c__Gammaproteobacteria;o__Enterobacterales;f__Enterobacteriaceae;g___g__Pseudescherichia",-0.0196585535420922,0.00754619692462977
"X2304691","Mixture",-0.00351525122913754,NA,-0.00740442455519221,0.000373922096917118,0.089172594018665,37,-0.00392805487008322,NA,0.848334675540007,"Thermoclostridium","Genus","Thermoclostridium","d__Bacteria;p__Bacillota;c__Clostridia;o__Eubacteriales;f__Oscillospiraceae;g___g__Thermoclostridium",-0.00939618352026902,0.00154007378010257
"X246875","Mixture",0.00330539579207238,NA,-0.0194345884622803,0.026045380046425,0.778170272969568,37,0.00526452606137407,NA,0.901648470349247,"Algoriphagus","Genus","Algoriphagus","d__Bacteria;p__Bacteroidota;c__Cytophagia;o__Cytophagales;f__Cyclobacteriaceae;g___g__Algoriphagus",-0.0257119784579471,0.0362410305806953
"X252306","Mixture",0.00209598300767374,NA,-0.00421123255217536,0.00840319856752283,0.521024698722409,37,0.00135545225026124,NA,0.897869047986002,"Robiginitalea","Genus","Robiginitalea","d__Bacteria;p__Bacteroidota;c__Flavobacteriia;o__Flavobacteriales;f__Flavobacteriaceae;g___g__Robiginitalea",-0.00776350722976591,0.0104744117302884
"X261963","Mixture",0.0012472048311769,NA,-0.00440860261610873,0.00690301227846252,0.669449913762506,37,-0.000109051609597781,NA,0.901648470349247,"Kangiella","Genus","Kangiella","d__Bacteria;p__Pseudomonadota;c__Gammaproteobacteria;o__Kangiellales;f__Kangiellaceae;g___g__Kangiella",-0.00807995103678305,0.00786184781758749
"X2698753","Mixture",-0.00525187689586927,NA,-0.00810533303922558,-0.00239842075251296,0.00141146146781024,37,-0.00519984837447309,NA,0.0846876880686143,"Fluviispira","Genus","Fluviispira","d__Bacteria;p__Bdellovibrionota;c__Oligoflexia;o__Silvanigrellales;f__Silvanigrellaceae;g___g__Fluviispira",-0.0098319429335131,-0.000567753815433078
"X2733","Mixture",-0.0125093003579413,NA,-0.0543447861490328,0.0293261854331501,0.563311967456656,37,-0.0166403527613193,NA,0.897869047986002,"Symbiobacterium","Genus","Symbiobacterium","d__Bacteria;p__Bacillota;c__Clostridia;o__Eubacteriales;f__Symbiobacteriaceae;g___g__Symbiobacterium",-0.0647370477889702,0.0314563422663316
"X2755140","Mixture",0.00409619606652971,NA,-0.00308747709366855,0.011279869226728,0.274805481663245,37,0.00969346228884148,NA,0.848334675540007,"Pseudoleptotrichia","Genus","Pseudoleptotrichia","d__Bacteria;p__Fusobacteriota;c__Fusobacteriia;o__Fusobacteriales;f__Leptotrichiaceae;g___g__Pseudoleptotrichia",0.00101139892207588,0.0183755256556071
"X2767353","Mixture",0.0114856699817702,NA,-0.00702950710137838,0.0300008470649188,0.23587008265445,37,0.00345197508310994,NA,0.848334675540007,"Lancefieldella","Genus","Lancefieldella","d__Bacteria;p__Actinomycetota;c__Coriobacteriia;o__Coriobacteriales;f__Atopobiaceae;g___g__Lancefieldella",-0.0247424044593482,0.0316463546255681
"X2781120","Mixture",-0.00913373784286066,NA,-0.0277944939020124,0.00952701821629107,0.346958809897043,37,-0.0146629049441335,NA,0.897869047986002,"Thiosulfativibrio","Genus","Thiosulfativibrio","d__Bacteria;p__Pseudomonadota;c__Gammaproteobacteria;o__Thiotrichales;f__Piscirickettsiaceae;g___g__Thiosulfativibrio",-0.0343298402248529,0.00500403033658576
"X2792240","Mixture",-0.00277492091063944,NA,-0.0127744918470163,0.00722465002573743,0.591529155009064,37,-0.00207603444241753,NA,0.901648470349247,"Thiospirochaeta","Genus","Thiospirochaeta","d__Bacteria;p__Spirochaetota;c__Spirochaetia;o__Spirochaetales;f__Spirochaetaceae;g___g__Thiospirochaeta",-0.0145200180438135,0.0103679491589784
"X2847307","Mixture",-0.00529498183818524,NA,-0.00942009130518085,-0.00116987237118963,0.0189738406207896,37,-0.00571894366798028,NA,0.379476812415791,"Thermophilibacter","Genus","Thermophilibacter","d__Bacteria;p__Actinomycetota;c__Coriobacteriia;o__Coriobacteriales;f__Atopobiaceae;g___g__Thermophilibacter",-0.0122363088920762,0.000798421556115667
"X2892397","Mixture",-0.00131499088338025,NA,-0.00823069945451558,0.00560071768775508,0.712658882007079,37,0.000999851669194054,NA,0.901648470349247,"Pusillibacter","Genus","Pusillibacter","d__Bacteria;p__Bacillota;c__Clostridia;o__Eubacteriales;f__Oscillospiraceae;g___g__Pusillibacter",-0.00820300197249092,0.010202705310879
"X2894574","Mixture",0.000609662997510145,NA,-0.00450245270216016,0.00572177869718045,0.81716738144315,37,0.00251572146372207,NA,0.925095148803565,"Saccharobesus","Genus","Saccharobesus","d__Bacteria;p__Pseudomonadota;c__Gammaproteobacteria;o__Alteromonadales;f__Alteromonadaceae;g___g__Saccharobesus",-0.00408031811887221,0.00911176104631634
"X349742","Mixture",-0.00264821304550802,NA,-0.00988330209912235,0.00458687600810631,0.480056405653744,37,-0.00633400856369295,NA,0.897869047986002,"Sedimenticola","Genus","Sedimenticola","d__Bacteria;p__Pseudomonadota;c__Gammaproteobacteria;o__;f__;g___g__Sedimenticola",-0.0161444314280849,0.00347641430069905
"X41707","Mixture",-0.00295322475312637,NA,-0.00720192853254529,0.00129547902629254,0.185737476639207,37,-0.0022857887585076,NA,0.848334675540007,"Lawsonia","Genus","Lawsonia","d__Bacteria;p__Thermodesulfobacteriota;c__Desulfovibrionia;o__Desulfovibrionales;f__Desulfovibrionaceae;g___g__Lawsonia",-0.00758757174553278,0.00301599422851758
"X42255","Mixture",-0.0005556112148182,NA,-0.00780415316953643,0.00669293073990003,0.88183542813867,37,-0.00215521847126032,NA,0.944823673005718,"Rubrobacter","Genus","Rubrobacter","d__Bacteria;p__Actinomycetota;c__Rubrobacteria;o__Rubrobacterales;f__Rubrobacteraceae;g___g__Rubrobacter",-0.0121285334430765,0.00781809650055587
"X44","Mixture",0.00277162680706617,NA,-0.000366962560586824,0.00591021617471916,0.096325649011813,37,0.00417850459067748,NA,0.848334675540007,"Melittangium","Genus","Melittangium","d__Bacteria;p__Myxococcota;c__Myxococcia;o__Myxococcales;f__Archangiaceae;g___g__Melittangium",-0.000342610146388779,0.00869961932774375
"X441","Mixture",-0.000131399759969653,NA,-0.00577819318883082,0.00551539366889152,0.96400008952409,37,-0.000785900258556042,NA,0.980339074092294,"Gluconobacter","Genus","Gluconobacter","d__Bacteria;p__Pseudomonadota;c__Alphaproteobacteria;o__Rhodospirillales;f__Acetobacteraceae;g___g__Gluconobacter",-0.00861550643591076,0.00704370591879867
"X44249","Mixture",0.00150722687407569,NA,-0.00902094342541258,0.012035397173564,0.781428674302681,37,0.000364568615992867,NA,0.901648470349247,"Paenibacillus","Genus","Paenibacillus","d__Bacteria;p__Bacillota;c__Bacilli;o__Bacillales;f__Paenibacillaceae;g___g__Paenibacillus",-0.0127431873663581,0.0134723245983438
"X447237","Mixture",0.0122138412841779,NA,-0.0180060647654221,0.042433747333778,0.43603378755166,37,0.0208620265203416,NA,0.897869047986002,"Frondihabitans","Genus","Frondihabitans","d__Bacteria;p__Actinomycetota;c__Actinomycetes;o__Micrococcales;f__Microbacteriaceae;g___g__Frondihabitans",-0.0180011320932779,0.059725185133961
"X543311","Mixture",9.39061073830792e-06,NA,-0.00460090549274447,0.00461968671422109,0.996847686693825,37,-0.0011599078228485,NA,0.996847686693825,"Parvimonas","Genus","Parvimonas","d__Bacteria;p__Bacillota;c__Tissierellia;o__Tissierellales;f__Peptoniphilaceae;g___g__Parvimonas",-0.00692847375441969,0.00460865810872268
"X60919","Mixture",0.00135294148480867,NA,-0.00423436001716703,0.00694024298678436,0.639364294243075,37,-0.00165411603033559,NA,0.901648470349247,"Sanguibacter","Genus","Sanguibacter","d__Bacteria;p__Actinomycetota;c__Actinomycetes;o__Micrococcales;f__Sanguibacteraceae;g___g__Sanguibacter",-0.0100519338971584,0.00674370183648725
"X74385","Mixture",-0.00610942183767195,NA,-0.0161477390696533,0.00392889539430944,0.244586531593759,37,-0.00426404833726016,NA,0.848334675540007,"Gracilibacillus","Genus","Gracilibacillus","d__Bacteria;p__Bacillota;c__Bacilli;o__Bacillales;f__Bacillaceae;g___g__Gracilibacillus",-0.016912807080983,0.00838471040646266
"X748770","Mixture",-0.00413416568741696,NA,-0.00994278714301426,0.00167445576818035,0.17580387017508,37,-0.00269744766051742,NA,0.848334675540007,"Dolichospermum","Genus","Dolichospermum","d__Bacteria;p__Cyanobacteriota;c__Cyanophyceae;o__Nostocales;f__Aphanizomenonaceae;g___g__Dolichospermum",-0.0117218675303762,0.00632697220934139
"X76890","Mixture",-0.000610563588717067,NA,-0.00443771512723721,0.00321658794980308,0.757222858680927,37,-0.000431060131472808,NA,0.901648470349247,"Asticcacaulis","Genus","Asticcacaulis","d__Bacteria;p__Pseudomonadota;c__Alphaproteobacteria;o__Caulobacterales;f__Caulobacteraceae;g___g__Asticcacaulis",-0.00514264582804593,0.00428052556510031
"X773","Mixture",-0.00301921926953949,NA,-0.00787028138482228,0.00183184284574329,0.234374388750391,37,-0.001789118925239,NA,0.848334675540007,"Bartonella","Genus","Bartonella","d__Bacteria;p__Pseudomonadota;c__Alphaproteobacteria;o__Hyphomicrobiales;f__Bartonellaceae;g___g__Bartonella",-0.0081572325426124,0.00457899469213441
"X80865","Mixture",-0.0013800672361812,NA,-0.00390431004080617,0.00114417556844377,0.294574751804061,37,-0.00141802253681761,NA,0.848334675540007,"Delftia","Genus","Delftia","d__Bacteria;p__Pseudomonadota;c__Betaproteobacteria;o__Burkholderiales;f__Comamonadaceae;g___g__Delftia",-0.00486292176770537,0.00202687669407015
"X81466","Mixture",-0.0065421530080156,NA,-0.0181466304217072,0.00506232440567602,0.280135265074692,37,-0.00442477944415145,NA,0.848334675540007,"Aminobacterium","Genus","Aminobacterium","d__Bacteria;p__Synergistota;c__Synergistia;o__Synergistales;f__Aminobacteriaceae;g___g__Aminobacterium",-0.0192861127592112,0.0104365538709083
"X816","Mixture",0.000970638411363683,NA,-0.00288348481471391,0.00482476163744128,0.626071784587486,37,0.00113834445433044,NA,0.901648470349247,"Bacteroides","Genus","Bacteroides","d__Bacteria;p__Bacteroidota;c__Bacteroidia;o__Bacteroidales;f__Bacteroidaceae;g___g__Bacteroides",-0.00392869485796524,0.00620538376662611
"X872","Mixture",0.00124287252622226,NA,-0.00283500626917795,0.00532075132162247,0.555857880023948,37,-3.53677635230105e-05,NA,0.897869047986002,"Desulfovibrio","Genus","Desulfovibrio","d__Bacteria;p__Thermodesulfobacteriota;c__Desulfovibrionia;o__Desulfovibrionales;f__Desulfovibrionaceae;g___g__Desulfovibrio",-0.00569451686520118,0.00562378133815516
"X881616","Mixture",-0.00391164737387578,NA,-0.00981983622788053,0.00199654148012895,0.206746310988857,37,-0.00189093635712357,NA,0.848334675540007,"Herbiconiux","Genus","Herbiconiux","d__Bacteria;p__Actinomycetota;c__Actinomycetes;o__Micrococcales;f__Microbacteriaceae;g___g__Herbiconiux",-0.0089454543832516,0.00516358166900447
"X896","Mixture",0.00247941740531395,NA,-0.00394401199839271,0.00890284680902061,0.456689461613027,37,0.00237972579772863,NA,0.897869047986002,"Desulfococcus","Genus","Desulfococcus","d__Bacteria;p__Thermodesulfobacteriota;c__Desulfobacteria;o__Desulfobacterales;f__Desulfococcaceae;g___g__Desulfococcus",-0.00565332827894318,0.0104127798744004
"X1096778","PFOS",-0.00028828119755937,0.00114641530365328,-0.00263296375878563,0.00205640136366689,0.803229471798182,37,-0.000258733809810834,0.00102891344163565,0.933123778096665,"Thioalkalispiraceae","Family","Thioalkalispiraceae","d__Bacteria;p__Pseudomonadota;c__Gammaproteobacteria;o__Chromatiales;f__;g___f__Thioalkalispiraceae",NA,NA
"X1096778","PFOA",0.00195068163209113,0.000860922384757923,0.000189897651208648,0.00371146561297361,0.0311050157424606,37,0.00167558944573929,0.000739511993023005,0.622100314849212,"Thioalkalispiraceae","Family","Thioalkalispiraceae","d__Bacteria;p__Pseudomonadota;c__Gammaproteobacteria;o__Chromatiales;f__;g___f__Thioalkalispiraceae",NA,NA
"X1096778","PFNA",0.00126995678237978,0.000733450793613533,-0.00023011852176437,0.00277003208652394,0.0939930386441073,37,0.00196629372162128,0.00113561320401622,0.567465491172074,"Thioalkalispiraceae","Family","Thioalkalispiraceae","d__Bacteria;p__Pseudomonadota;c__Gammaproteobacteria;o__Chromatiales;f__;g___f__Thioalkalispiraceae",NA,NA
"X1096778","PFHxS",-0.00138940383268949,0.00131252167369983,-0.004073812065682,0.00129500440030303,0.298531074520194,37,-0.00138016664310245,0.00130379562066052,0.837692513948177,"Thioalkalispiraceae","Family","Thioalkalispiraceae","d__Bacteria;p__Pseudomonadota;c__Gammaproteobacteria;o__Chromatiales;f__;g___f__Thioalkalispiraceae",NA,NA
"X1096778","PFBS",-0.000878988842896213,0.000893243622101924,-0.00270587717646505,0.000947899490672625,0.333234275130388,37,-0.000872819924373677,0.000886974660703773,0.812162871329451,"Thioalkalispiraceae","Family","Thioalkalispiraceae","d__Bacteria;p__Pseudomonadota;c__Gammaproteobacteria;o__Chromatiales;f__;g___f__Thioalkalispiraceae",NA,NA
"X1106","PFNA",-0.000254718716901222,0.00053151693214206,-0.0013417929018136,0.000832355468011155,0.635369344112024,37,-0.000394384927716793,0.000822955884095425,0.81983141175745,"Chloroflexaceae","Family","Chloroflexaceae","d__Bacteria;p__Chloroflexota;c__Chloroflexia;o__Chloroflexales;f__;g___f__Chloroflexaceae",NA,NA
"X1106","PFHxS",-0.000957801893510383,0.000909246573220897,-0.00281741993706934,0.000901816150048579,0.30085511376829,37,-0.000951434128092567,0.000903201618701123,0.837692513948177,"Chloroflexaceae","Family","Chloroflexaceae","d__Bacteria;p__Chloroflexota;c__Chloroflexia;o__Chloroflexales;f__;g___f__Chloroflexaceae",NA,NA
"X1106","PFOA",0.000500251068142606,0.000640221078170292,-0.000809148058449434,0.00180965019473465,0.440916219721777,37,0.000429703851315293,0.000549934783756583,0.716169461609167,"Chloroflexaceae","Family","Chloroflexaceae","d__Bacteria;p__Chloroflexota;c__Chloroflexia;o__Chloroflexales;f__;g___f__Chloroflexaceae",NA,NA
"X1106","PFOS",-0.000665344160171038,0.000785237357515014,-0.0022713348798707,0.000940646559528623,0.403757871210406,37,-0.000597149695692485,0.000704754437111045,0.930523434069027,"Chloroflexaceae","Family","Chloroflexaceae","d__Bacteria;p__Chloroflexota;c__Chloroflexia;o__Chloroflexales;f__;g___f__Chloroflexaceae",NA,NA
"X1106","PFBS",0.000383150994713761,0.000624887220495466,-0.000894886871633482,0.001661188861061,0.544554968706527,37,0.000380461964827523,0.000620501637697499,0.837776874933118,"Chloroflexaceae","Family","Chloroflexaceae","d__Bacteria;p__Chloroflexota;c__Chloroflexia;o__Chloroflexales;f__;g___f__Chloroflexaceae",NA,NA
"X1185","PFOS",-0.000303972320843159,0.000703906123039754,-0.00174362198896277,0.00113567734727646,0.669054090981505,37,-0.000272816671065045,0.000631759249320248,0.933123778096665,"Rivulariaceae","Family","Rivulariaceae","d__Bacteria;p__Cyanobacteriota;c__Cyanophyceae;o__Nostocales;f__;g___f__Rivulariaceae",NA,NA
"X1185","PFOA",-0.000464310673522112,0.000568206551676529,-0.00162642355586496,0.000697802208820733,0.420504845799364,37,-0.00039883190126917,0.000488076006523156,0.716169461609167,"Rivulariaceae","Family","Rivulariaceae","d__Bacteria;p__Cyanobacteriota;c__Cyanophyceae;o__Nostocales;f__;g___f__Rivulariaceae",NA,NA
"X1185","PFNA",-0.000178326499240742,0.000472893234234635,-0.00114550175946142,0.000788848760979938,0.708847217044543,37,-0.000276105675973241,0.00073218790621386,0.85920874793278,"Rivulariaceae","Family","Rivulariaceae","d__Bacteria;p__Cyanobacteriota;c__Cyanophyceae;o__Nostocales;f__;g___f__Rivulariaceae",NA,NA
"X1185","PFHxS",0.000881861419613443,0.000806603508968372,-0.000767827986376924,0.00253155082560381,0.283260013101315,37,0.000875998530127456,0.000801240957521044,0.837692513948177,"Rivulariaceae","Family","Rivulariaceae","d__Bacteria;p__Cyanobacteriota;c__Cyanophyceae;o__Nostocales;f__;g___f__Rivulariaceae",NA,NA
"X1185","PFBS",-0.000627985500680632,0.000546414504133783,-0.00174552864142629,0.000489557640065023,0.259829569499154,37,-0.000623578173536105,0.00054257965846677,0.812162871329451,"Rivulariaceae","Family","Rivulariaceae","d__Bacteria;p__Cyanobacteriota;c__Cyanophyceae;o__Nostocales;f__;g___f__Rivulariaceae",NA,NA
"X119060","PFOS",-0.000560366712772628,0.000623603974326107,-0.00183578004601614,0.000715046620470887,0.376269709144822,37,-0.000502931914097438,0.000559687671123063,0.930523434069027,"Burkholderiaceae","Family","Burkholderiaceae","d__Bacteria;p__Pseudomonadota;c__Betaproteobacteria;o__Burkholderiales;f__;g___f__Burkholderiaceae",NA,NA
"X119060","PFBS",-0.000248581380472811,0.000498084094230807,-0.00126727773426848,0.000770114973322853,0.62149146162554,37,-0.00024683678690402,0.000494588440992983,0.865633764356634,"Burkholderiaceae","Family","Burkholderiaceae","d__Bacteria;p__Pseudomonadota;c__Betaproteobacteria;o__Burkholderiales;f__;g___f__Burkholderiaceae",NA,NA
"X119060","PFHxS",-0.000231357492355283,0.000735626364258836,-0.00173588233807176,0.0012731673533612,0.755389826098811,37,-0.000229819355660258,0.000730735690984436,0.960059967335584,"Burkholderiaceae","Family","Burkholderiaceae","d__Bacteria;p__Pseudomonadota;c__Betaproteobacteria;o__Burkholderiales;f__;g___f__Burkholderiaceae",NA,NA
"X119060","PFNA",0.000602015627989399,0.000409427727638861,-0.000235358096888635,0.00143938935286743,0.15222552731209,37,0.000932110104892883,0.0006339232810784,0.608902109248362,"Burkholderiaceae","Family","Burkholderiaceae","d__Bacteria;p__Pseudomonadota;c__Betaproteobacteria;o__Burkholderiales;f__;g___f__Burkholderiaceae",NA,NA
"X119060","PFOA",-0.000339158148816208,0.000510666411381933,-0.00138358823061607,0.000705271932983654,0.511841917804314,37,-0.000291328838721729,0.00043865038514145,0.758284322673058,"Burkholderiaceae","Family","Burkholderiaceae","d__Bacteria;p__Pseudomonadota;c__Betaproteobacteria;o__Burkholderiales;f__;g___f__Burkholderiaceae",NA,NA
"X1706371","PFOS",-0.001520265667197,0.00103919945798518,-0.00364566720275653,0.000605135868362539,0.154243875075836,37,-0.00136444600386219,0.000932686686451297,0.852180468958137,"Cellvibrionaceae","Family","Cellvibrionaceae","d__Bacteria;p__Pseudomonadota;c__Gammaproteobacteria;o__Cellvibrionales;f__;g___f__Cellvibrionaceae",NA,NA
"X1706371","PFBS",0.000692703705003453,0.000842249466670767,-0.00102988987030206,0.00241529728030897,0.417535229541574,37,0.000687842172629112,0.000836338392397718,0.812162871329451,"Cellvibrionaceae","Family","Cellvibrionaceae","d__Bacteria;p__Pseudomonadota;c__Gammaproteobacteria;o__Cellvibrionales;f__;g___f__Cellvibrionaceae",NA,NA
"X1706371","PFHxS",-0.00075715975534175,0.00124721742000703,-0.0033080057929244,0.0017936862822409,0.548522457525428,37,-0.000752125921374105,0.00123892552999363,0.932635751779582,"Cellvibrionaceae","Family","Cellvibrionaceae","d__Bacteria;p__Pseudomonadota;c__Gammaproteobacteria;o__Cellvibrionales;f__;g___f__Cellvibrionaceae",NA,NA
"X1706371","PFNA",0.00136750810444635,0.000676831124419399,-1.67669739342103e-05,0.00275178318282692,0.0526568539836692,37,0.0021173339418687,0.00104794809477677,0.567465491172074,"Cellvibrionaceae","Family","Cellvibrionaceae","d__Bacteria;p__Pseudomonadota;c__Gammaproteobacteria;o__Cellvibrionales;f__;g___f__Cellvibrionaceae",NA,NA
"X1706371","PFOA",0.00138384150392819,0.000837880673592077,-0.000329816886272444,0.00309749989412882,0.109405771675117,37,0.0011886871647386,0.000719719707390072,0.716169461609167,"Cellvibrionaceae","Family","Cellvibrionaceae","d__Bacteria;p__Pseudomonadota;c__Gammaproteobacteria;o__Cellvibrionales;f__;g___f__Cellvibrionaceae",NA,NA
"X1706373","PFOA",0.000193768244219392,0.00120961314143694,-0.00228016840816069,0.00266770489659947,0.873841810054261,37,0.000166442344866596,0.00103902911673318,0.94469384870731,"Microbulbiferaceae","Family","Microbulbiferaceae","d__Bacteria;p__Pseudomonadota;c__Gammaproteobacteria;o__Cellvibrionales;f__;g___f__Microbulbiferaceae",NA,NA
"X1706373","PFOS",0.00116068799182934,0.00147124398759771,-0.00184834382241501,0.00416971980607369,0.436563570383151,37,0.00104172325032001,0.00132044880240254,0.930523434069027,"Microbulbiferaceae","Family","Microbulbiferaceae","d__Bacteria;p__Pseudomonadota;c__Gammaproteobacteria;o__Cellvibrionales;f__;g___f__Microbulbiferaceae",NA,NA
"X1706373","PFNA",-0.000646577868731822,0.000990945377563013,-0.00267328872865808,0.00138013299119444,0.519226840186087,37,-0.00100110651123437,0.00153429604960296,0.81983141175745,"Microbulbiferaceae","Family","Microbulbiferaceae","d__Bacteria;p__Pseudomonadota;c__Gammaproteobacteria;o__Cellvibrionales;f__;g___f__Microbulbiferaceae",NA,NA
"X1706373","PFHxS",-9.83186573666242e-05,0.00173298924516356,-0.00364267963107232,0.00344604231633907,0.955146534144572,37,-9.76650042985449e-05,0.00172146779270082,0.97963747091751,"Microbulbiferaceae","Family","Microbulbiferaceae","d__Bacteria;p__Pseudomonadota;c__Gammaproteobacteria;o__Cellvibrionales;f__;g___f__Microbulbiferaceae",NA,NA
"X1706373","PFBS",-5.92437875047517e-05,0.00117642449833152,-0.00246530204322347,0.00234681446821396,0.960181418631646,37,-5.88280028209791e-05,0.00116816811722182,0.99835724220382,"Microbulbiferaceae","Family","Microbulbiferaceae","d__Bacteria;p__Pseudomonadota;c__Gammaproteobacteria;o__Cellvibrionales;f__;g___f__Microbulbiferaceae",NA,NA
"X1769717","PFOS",0.00298015834286644,0.00222962970517298,-0.00157994642113294,0.00754026310686581,0.191740605515581,37,0.00267470694730474,0.00200110375900602,0.852180468958137,"Mesoaciditogaceae","Family","Mesoaciditogaceae","d__Bacteria;p__Thermotogota;c__Thermotogae;o__Mesoaciditogales;f__;g___f__Mesoaciditogaceae",NA,NA
"X1769717","PFOA",-8.82036460142729e-05,0.00186956405030708,-0.00391189145956799,0.00373548416753944,0.962694193231482,37,-7.57648485051896e-05,0.00160591135903094,0.993269105894357,"Mesoaciditogaceae","Family","Mesoaciditogaceae","d__Bacteria;p__Thermotogota;c__Thermotogae;o__Mesoaciditogales;f__;g___f__Mesoaciditogaceae",NA,NA
"X1769717","PFNA",0.00167601780210286,0.00151044087686484,-0.00141318065195003,0.00476521625615575,0.276279035273841,37,0.00259500427677925,0.00233863896336222,0.81983141175745,"Mesoaciditogaceae","Family","Mesoaciditogaceae","d__Bacteria;p__Thermotogota;c__Thermotogae;o__Mesoaciditogales;f__;g___f__Mesoaciditogaceae",NA,NA
"X1769717","PFHxS",-0.000256568120478784,0.00267713124452345,-0.00573191629765776,0.00521878005670019,0.924309272720884,37,-0.000254862375672924,0.00265933284187533,0.972957129179878,"Mesoaciditogaceae","Family","Mesoaciditogaceae","d__Bacteria;p__Thermotogota;c__Thermotogae;o__Mesoaciditogales;f__;g___f__Mesoaciditogaceae",NA,NA
"X1769717","PFBS",-0.00225351512812533,0.00176878588085194,-0.00587108844222952,0.00136405818597887,0.212763012662201,37,-0.00223769951075196,0.00175637218974429,0.812162871329451,"Mesoaciditogaceae","Family","Mesoaciditogaceae","d__Bacteria;p__Thermotogota;c__Thermotogae;o__Mesoaciditogales;f__;g___f__Mesoaciditogaceae",NA,NA
"X1775411","PFOS",0.00135462303161881,0.00236800588810147,-0.00348849280347109,0.0061977388667087,0.571694765682315,37,0.00121578091389764,0.00212529707199098,0.933123778096665,"Rhodanobacteraceae","Family","Rhodanobacteraceae","d__Bacteria;p__Pseudomonadota;c__Gammaproteobacteria;o__Xanthomonadales;f__;g___f__Rhodanobacteraceae",NA,NA
"X1775411","PFOA",0.00193706783648019,0.00190436414975882,-0.00195779417202139,0.00583192984498178,0.317482618910504,37,0.00166389551687522,0.00163580382246153,0.716169461609167,"Rhodanobacteraceae","Family","Rhodanobacteraceae","d__Bacteria;p__Pseudomonadota;c__Gammaproteobacteria;o__Xanthomonadales;f__;g___f__Rhodanobacteraceae",NA,NA
"X1775411","PFNA",-0.00132599472556374,0.00157951628083322,-0.00455646824335505,0.00190447879222756,0.408059583389034,37,-0.0020530581354848,0.00244558947933723,0.81983141175745,"Rhodanobacteraceae","Family","Rhodanobacteraceae","d__Bacteria;p__Pseudomonadota;c__Gammaproteobacteria;o__Xanthomonadales;f__;g___f__Rhodanobacteraceae",NA,NA
"X1775411","PFHxS",-0.00264437463987878,0.00273173153998003,-0.00823139295979476,0.0029426436800372,0.341038092595267,37,-0.00262679401334457,0.00271357013755548,0.837692513948177,"Rhodanobacteraceae","Family","Rhodanobacteraceae","d__Bacteria;p__Pseudomonadota;c__Gammaproteobacteria;o__Xanthomonadales;f__;g___f__Rhodanobacteraceae",NA,NA
"X1775411","PFBS",-0.0012907902700333,0.00186880306501329,-0.00511292169390694,0.00253134115384033,0.495243147748899,37,-0.00128173124719147,0.00185568743341466,0.812162871329451,"Rhodanobacteraceae","Family","Rhodanobacteraceae","d__Bacteria;p__Pseudomonadota;c__Gammaproteobacteria;o__Xanthomonadales;f__;g___f__Rhodanobacteraceae",NA,NA
"X1783343","PFOS",-0.00236301314164071,0.00223139193038897,-0.00692672206088795,0.00220069577760652,0.298347357030097,37,-0.00212081605718964,0.00200268536490935,0.930523434069027,"Endomicrobiaceae","Family","Endomicrobiaceae","d__Bacteria;p__Elusimicrobiota;c__Endomicrobiia;o__Endomicrobiales;f__;g___f__Endomicrobiaceae",NA,NA
"X1783343","PFOA",0.00224347708838088,0.00180329502795536,-0.00144467535630394,0.00593162953306569,0.223425423114108,37,0.00192709382669437,0.00154898783414339,0.716169461609167,"Endomicrobiaceae","Family","Endomicrobiaceae","d__Bacteria;p__Elusimicrobiota;c__Endomicrobiia;o__Endomicrobiales;f__;g___f__Endomicrobiaceae",NA,NA
"X1783343","PFNA",0.000950299728432368,0.00151639550715441,-0.00215107731199668,0.00405167676886141,0.535769460954331,37,0.00147136376261045,0.00234785860950719,0.81983141175745,"Endomicrobiaceae","Family","Endomicrobiaceae","d__Bacteria;p__Elusimicrobiota;c__Endomicrobiia;o__Endomicrobiales;f__;g___f__Endomicrobiaceae",NA,NA
"X1783343","PFHxS",-0.0021489675636517,0.00262035684651621,-0.00750819905911204,0.00321026393180863,0.418846256974089,37,-0.00213468055771807,0.00260293589775568,0.837692513948177,"Endomicrobiaceae","Family","Endomicrobiaceae","d__Bacteria;p__Elusimicrobiota;c__Endomicrobiia;o__Endomicrobiales;f__;g___f__Endomicrobiaceae",NA,NA
"X1783343","PFBS",0.00272432820141192,0.00172671042511282,-0.000807191143408379,0.00625584754623221,0.125468965586605,37,0.00270520832424968,0.00171459202792198,0.812162871329451,"Endomicrobiaceae","Family","Endomicrobiaceae","d__Bacteria;p__Elusimicrobiota;c__Endomicrobiia;o__Endomicrobiales;f__;g___f__Endomicrobiaceae",NA,NA
"X186827","PFBS",8.27028722573187e-07,0.00039823884286154,-0.000813662857346477,0.000815316914791623,0.99835724220382,37,8.21224470509486e-07,0.000395443923456162,0.99835724220382,"Aerococcaceae","Family","Aerococcaceae","d__Bacteria;p__Bacillota;c__Bacilli;o__Lactobacillales;f__;g___f__Aerococcaceae",NA,NA
"X186827","PFHxS",5.22616493717306e-06,0.000586651214556555,-0.00119461028866705,0.00120506261854139,0.992953165371412,37,5.19141976431402e-06,0.000582750974494718,0.992953165371412,"Aerococcaceae","Family","Aerococcaceae","d__Bacteria;p__Bacillota;c__Bacilli;o__Lactobacillales;f__;g___f__Aerococcaceae",NA,NA
"X186827","PFNA",-7.77310270528823e-05,0.000337581286050958,-0.000768162279913582,0.000612700225807817,0.819507321408247,37,-0.000120352151025836,0.00052268232471263,0.895763222763406,"Aerococcaceae","Family","Aerococcaceae","d__Bacteria;p__Bacillota;c__Bacilli;o__Lactobacillales;f__;g___f__Aerococcaceae",NA,NA
"X186827","PFOA",0.000484931440969989,0.000399616744873299,-0.000332376571137464,0.00130223945307744,0.234733378586304,37,0.000416544653432458,0.000343261344667806,0.716169461609167,"Aerococcaceae","Family","Aerococcaceae","d__Bacteria;p__Bacillota;c__Bacilli;o__Lactobacillales;f__;g___f__Aerococcaceae",NA,NA
"X186827","PFOS",-0.000497426665635133,0.000494785830104691,-0.00150937731187248,0.000514523980602218,0.323049707925684,37,-0.000446442908489628,0.00044407274545555,0.930523434069027,"Aerococcaceae","Family","Aerococcaceae","d__Bacteria;p__Bacillota;c__Bacilli;o__Lactobacillales;f__;g___f__Aerococcaceae",NA,NA
"X188709","PFHxS",-0.000362417048441889,0.00209802129376309,-0.00465335238827176,0.00392851829138799,0.864053970602025,37,-0.000360007586982759,0.0020840729945054,0.960059967335584,"Thermotogaceae","Family","Thermotogaceae","d__Bacteria;p__Thermotogota;c__Thermotogae;o__Thermotogales;f__;g___f__Thermotogaceae",NA,NA
"X188709","PFNA",-0.000844308858845783,0.00119879470638752,-0.00329611932718132,0.00160750160948975,0.486864819260751,37,-0.00130725646044955,0.00185611237908858,0.81983141175745,"Thermotogaceae","Family","Thermotogaceae","d__Bacteria;p__Thermotogota;c__Thermotogae;o__Thermotogales;f__;g___f__Thermotogaceae",NA,NA
"X188709","PFOA",-0.00109675469189277,0.00145150425814958,-0.00406541422634214,0.0018719048425566,0.455983656506959,37,-0.000942086374356512,0.00124680787238143,0.716169461609167,"Thermotogaceae","Family","Thermotogaceae","d__Bacteria;p__Thermotogota;c__Thermotogae;o__Thermotogales;f__;g___f__Thermotogaceae",NA,NA
"X188709","PFOS",-0.00154266966982479,0.0017780515419964,-0.00517919338875558,0.002093854049106,0.39272642430195,37,-0.00138455370774291,0.00159581010969685,0.930523434069027,"Thermotogaceae","Family","Thermotogaceae","d__Bacteria;p__Thermotogota;c__Thermotogae;o__Thermotogales;f__;g___f__Thermotogaceae",NA,NA
"X188709","PFBS",-3.92403992571693e-05,0.00142492043868672,-0.00295352991813998,0.00287504911962564,0.978218744804346,37,-3.89650023306149e-05,0.00141492006364397,0.99835724220382,"Thermotogaceae","Family","Thermotogaceae","d__Bacteria;p__Thermotogota;c__Thermotogae;o__Thermotogales;f__;g___f__Thermotogaceae",NA,NA
"X1890438","PFOS",-0.00241771185410347,0.00177385306933005,-0.00604564873228537,0.00121022502407843,0.183381536188407,37,-0.0021699084239033,0.00159204195957972,0.852180468958137,"Leptolyngbyaceae","Family","Leptolyngbyaceae","d__Bacteria;p__Cyanobacteriota;c__Cyanophyceae;o__Leptolyngbyales;f__;g___f__Leptolyngbyaceae",NA,NA
"X1890438","PFOA",0.000315233407017551,0.00148801528566443,-0.0027280995631699,0.003358566377205,0.833707316105744,37,0.000270778050632904,0.00127816998260513,0.926341462339716,"Leptolyngbyaceae","Family","Leptolyngbyaceae","d__Bacteria;p__Cyanobacteriota;c__Cyanophyceae;o__Leptolyngbyales;f__;g___f__Leptolyngbyaceae",NA,NA
"X1890438","PFNA",0.000950809371213405,0.00121558562568724,-0.00153534238299257,0.00343696112541938,0.440447740638563,37,0.00147215285040818,0.00188211001905347,0.81983141175745,"Leptolyngbyaceae","Family","Leptolyngbyaceae","d__Bacteria;p__Cyanobacteriota;c__Cyanophyceae;o__Leptolyngbyales;f__;g___f__Leptolyngbyaceae",NA,NA
"X1890438","PFHxS",-0.00257003158083708,0.00207859090630773,-0.00682122731628512,0.00168116415461097,0.226219538274712,37,-0.00255294521012302,0.00206477178631992,0.837692513948177,"Leptolyngbyaceae","Family","Leptolyngbyaceae","d__Bacteria;p__Cyanobacteriota;c__Cyanophyceae;o__Leptolyngbyales;f__;g___f__Leptolyngbyaceae",NA,NA
"X1890438","PFBS",0.00209564657394355,0.00139444756856892,-0.000756318927693478,0.00494761207558059,0.143690054284496,37,0.00208093890948209,0.00138466105818944,0.812162871329451,"Leptolyngbyaceae","Family","Leptolyngbyaceae","d__Bacteria;p__Cyanobacteriota;c__Cyanophyceae;o__Leptolyngbyales;f__;g___f__Leptolyngbyaceae",NA,NA
"X1892251","PFOS",0.00202300378699469,0.00210584682137853,-0.0022839365538796,0.00632994412786899,0.344664781315983,37,0.00181565596890199,0.00189000800463614,0.930523434069027,"Coleofasciculaceae","Family","Coleofasciculaceae","d__Bacteria;p__Cyanobacteriota;c__Cyanophyceae;o__Coleofasciculales;f__;g___f__Coleofasciculaceae",NA,NA
"X1892251","PFOA",0.00680416871897304,0.00119761091102339,0.00435477938400645,0.00925355805393962,3.82935084376925e-06,37,0.00584462021120218,0.00102871948430756,0.00015317403375077,"Coleofasciculaceae","Family","Coleofasciculaceae","d__Bacteria;p__Cyanobacteriota;c__Cyanophyceae;o__Coleofasciculales;f__;g___f__Coleofasciculaceae",NA,NA
"X1892251","PFNA",-0.0020927376563515,0.00138239513892501,-0.0049200531716211,0.000734577858918089,0.140887764321874,37,-0.00324021807023494,0.0021403837675282,0.608902109248362,"Coleofasciculaceae","Family","Coleofasciculaceae","d__Bacteria;p__Cyanobacteriota;c__Cyanophyceae;o__Coleofasciculales;f__;g___f__Coleofasciculaceae",NA,NA
"X1892251","PFHxS",-0.00267740278692052,0.00244310395021732,-0.00767411140471648,0.00231930583087545,0.282139507020341,37,-0.00265960257897393,0.00242686143393944,0.837692513948177,"Coleofasciculaceae","Family","Coleofasciculaceae","d__Bacteria;p__Cyanobacteriota;c__Cyanophyceae;o__Coleofasciculales;f__;g___f__Coleofasciculaceae",NA,NA
"X1892251","PFBS",0.000585242366590909,0.00168896051271607,-0.00286906973840766,0.00403955447158947,0.731460868754547,37,0.000581135019262655,0.00167710705191856,0.975281158339395,"Coleofasciculaceae","Family","Coleofasciculaceae","d__Bacteria;p__Cyanobacteriota;c__Cyanophyceae;o__Coleofasciculales;f__;g___f__Coleofasciculaceae",NA,NA
"X2066474","PFOS",0.00119507612349629,0.00166056411715559,-0.00220115883157224,0.00459131107856481,0.477481923443009,37,0.00107258676966776,0.00149036456107529,0.933123778096665,"Endozoicomonadaceae","Family","Endozoicomonadaceae","d__Bacteria;p__Pseudomonadota;c__Gammaproteobacteria;o__Oceanospirillales;f__;g___f__Endozoicomonadaceae",NA,NA
"X2066474","PFOA",-0.000572085829496529,0.00135931540360303,-0.00335219798595303,0.00220802632695997,0.676957691007727,37,-0.000491408214539753,0.00116761982387995,0.828276229624341,"Endozoicomonadaceae","Family","Endozoicomonadaceae","d__Bacteria;p__Pseudomonadota;c__Gammaproteobacteria;o__Oceanospirillales;f__;g___f__Endozoicomonadaceae",NA,NA
"X2066474","PFNA",0.00209307532415641,0.00105535558316562,-6.53691975241654e-05,0.00425151984583698,0.056875852173786,37,0.00324074088651813,0.00163402336681718,0.567465491172074,"Endozoicomonadaceae","Family","Endozoicomonadaceae","d__Bacteria;p__Pseudomonadota;c__Gammaproteobacteria;o__Oceanospirillales;f__;g___f__Endozoicomonadaceae",NA,NA
"X2066474","PFHxS",0.000441275534906257,0.00195092762503794,-0.0035488194734769,0.00443137054328941,0.822642222459556,37,0.000438341797658562,0.00193795725032105,0.960059967335584,"Endozoicomonadaceae","Family","Endozoicomonadaceae","d__Bacteria;p__Pseudomonadota;c__Gammaproteobacteria;o__Oceanospirillales;f__;g___f__Endozoicomonadaceae",NA,NA
"X2066474","PFBS",-0.00158797142563693,0.00129230622586165,-0.00423103442548182,0.00105509157420796,0.22902942598589,37,-0.00157682672633837,0.0012832365637403,0.812162871329451,"Endozoicomonadaceae","Family","Endozoicomonadaceae","d__Bacteria;p__Pseudomonadota;c__Gammaproteobacteria;o__Oceanospirillales;f__;g___f__Endozoicomonadaceae",NA,NA
"X213121","PFOS",0.00284497130686664,0.00167816091599017,-0.000587253142785034,0.00627719575651831,0.100733084654391,37,0.00255337590956316,0.00150615777562238,0.852180468958137,"Desulfobulbaceae","Family","Desulfobulbaceae","d__Bacteria;p__Thermodesulfobacteriota;c__Desulfobulbia;o__Desulfobulbales;f__;g___f__Desulfobulbaceae",NA,NA
"X213121","PFBS",0.00127135440962144,0.00137183722730126,-0.00153436775183624,0.00407707657107911,0.361703784543947,37,0.00126243179151359,0.00136220940079379,0.812162871329451,"Desulfobulbaceae","Family","Desulfobulbaceae","d__Bacteria;p__Thermodesulfobacteriota;c__Desulfobulbia;o__Desulfobulbales;f__;g___f__Desulfobulbaceae",NA,NA
"X213121","PFHxS",0.000569247523241154,0.00204785589003495,-0.00361908804587438,0.00475758309235669,0.783005766791078,37,0.000565462988341785,0.00203424110601167,0.960059967335584,"Desulfobulbaceae","Family","Desulfobulbaceae","d__Bacteria;p__Thermodesulfobacteriota;c__Desulfobulbia;o__Desulfobulbales;f__;g___f__Desulfobulbaceae",NA,NA
"X213121","PFNA",0.00074052795460362,0.00117302637280242,-0.0016585803540553,0.00313963626326254,0.532791154317789,37,0.00114657088180084,0.00181621486978115,0.81983141175745,"Desulfobulbaceae","Family","Desulfobulbaceae","d__Bacteria;p__Thermodesulfobacteriota;c__Desulfobulbia;o__Desulfobulbales;f__;g___f__Desulfobulbaceae",NA,NA
"X213121","PFOA",0.00107845557752163,0.00141777017846476,-0.00182121001720627,0.00397812117224952,0.452994914846638,37,0.000926367867347352,0.00121783109475062,0.716169461609167,"Desulfobulbaceae","Family","Desulfobulbaceae","d__Bacteria;p__Thermodesulfobacteriota;c__Desulfobulbia;o__Desulfobulbales;f__;g___f__Desulfobulbaceae",NA,NA
"X2162846","PFOS",0.000488146793530203,0.00119253471673767,-0.001950860558414,0.00292715414547441,0.685301143188301,37,0.000438114177082261,0.00107030584445133,0.933123778096665,"Candidatus Nanopelagicaceae","Family","Candidatus Nanopelagicaceae","d__Bacteria;p__Actinomycetota;c__Actinomycetes;o__Candidatus Nanopelagicales;f__;g___f__Candidatus_Nanopelagicaceae",NA,NA
"X2162846","PFOA",-1.31340822091479e-05,0.000973337604737857,-0.00200383300322146,0.00197756483880316,0.98932618974605,37,-1.12818663830492e-05,0.000836074011673334,0.993269105894357,"Candidatus Nanopelagicaceae","Family","Candidatus Nanopelagicaceae","d__Bacteria;p__Actinomycetota;c__Actinomycetes;o__Candidatus Nanopelagicales;f__;g___f__Candidatus_Nanopelagicaceae",NA,NA
"X2162846","PFNA",0.000422002437238242,0.000799028105061829,-0.00121219352813134,0.00205619840260782,0.601417444266226,37,0.00065339289837525,0.00123714756925655,0.81983141175745,"Candidatus Nanopelagicaceae","Family","Candidatus Nanopelagicaceae","d__Bacteria;p__Actinomycetota;c__Actinomycetes;o__Candidatus Nanopelagicales;f__;g___f__Candidatus_Nanopelagicaceae",NA,NA
"X2162846","PFBS",0.000462074267921893,0.000942359193273188,-0.00146526668769669,0.00238941522354048,0.627584479158559,37,0.000458831338807141,0.000935745529027905,0.865633764356634,"Candidatus Nanopelagicaceae","Family","Candidatus Nanopelagicaceae","d__Bacteria;p__Actinomycetota;c__Actinomycetes;o__Candidatus Nanopelagicales;f__;g___f__Candidatus_Nanopelagicaceae",NA,NA
"X2162846","PFHxS",0.00116440241518319,0.00137707498561737,-0.00165203216484091,0.00398083699520729,0.40471995038153,37,0.00115666110512517,0.00136791976204706,0.837692513948177,"Candidatus Nanopelagicaceae","Family","Candidatus Nanopelagicaceae","d__Bacteria;p__Actinomycetota;c__Actinomycetes;o__Candidatus Nanopelagicales;f__;g___f__Candidatus_Nanopelagicaceae",NA,NA
"X2211325","PFHxS",0.000756137199741126,0.00123160827167774,-0.00176278454499002,0.00327505894447227,0.544039510833078,37,0.00075111016404172,0.00122342015614589,0.932635751779582,"Vicinamibacteraceae","Family","Vicinamibacteraceae","d__Bacteria;p__Acidobacteriota;c__Vicinamibacteria;o__Vicinamibacterales;f__;g___f__Vicinamibacteraceae",NA,NA
"X2211325","PFNA",0.00056964439131216,0.000706075860980232,-0.00087444288915898,0.0020137316717833,0.426363433713569,37,0.000881989218636978,0.001093228172562,0.81983141175745,"Vicinamibacteraceae","Family","Vicinamibacteraceae","d__Bacteria;p__Acidobacteriota;c__Vicinamibacteria;o__Vicinamibacterales;f__;g___f__Vicinamibacteraceae",NA,NA
"X2211325","PFOA",-0.000635139051541321,0.000857483203303087,-0.0023888891165677,0.00111861101348506,0.464830003666727,37,-0.000545569442922701,0.000736557817388753,0.716169461609167,"Vicinamibacteraceae","Family","Vicinamibacteraceae","d__Bacteria;p__Acidobacteriota;c__Vicinamibacteria;o__Vicinamibacterales;f__;g___f__Vicinamibacteraceae",NA,NA
"X2211325","PFOS",-0.00047967736508006,0.00105980021232495,-0.00264721217406559,0.00168785744390547,0.654196711785465,37,-0.000430512822889279,0.000951175966017329,0.933123778096665,"Vicinamibacteraceae","Family","Vicinamibacteraceae","d__Bacteria;p__Acidobacteriota;c__Vicinamibacteria;o__Vicinamibacterales;f__;g___f__Vicinamibacteraceae",NA,NA
"X2211325","PFBS",-0.000854190194456746,0.000826387134723477,-0.00254434165827031,0.000835961269356821,0.309845922905719,37,-0.00084819531778119,0.000820587385450911,0.812162871329451,"Vicinamibacteraceae","Family","Vicinamibacteraceae","d__Bacteria;p__Acidobacteriota;c__Vicinamibacteria;o__Vicinamibacterales;f__;g___f__Vicinamibacteraceae",NA,NA
"X2448023","PFOS",-0.000362141481647882,0.000586425175253603,-0.00156151563296942,0.000837232669673653,0.541697291410399,37,-0.000325023782440755,0.00052631951388749,0.933123778096665,"Ilumatobacteraceae","Family","Ilumatobacteraceae","d__Bacteria;p__Actinomycetota;c__Acidimicrobiia;o__Acidimicrobiales;f__;g___f__Ilumatobacteraceae",NA,NA
"X2448023","PFBS",-0.000831042513053563,0.00044078811409997,-0.0017325554299106,7.04704038034685e-05,0.0694367231832155,37,-0.000825210091409963,0.000437694575446368,0.812162871329451,"Ilumatobacteraceae","Family","Ilumatobacteraceae","d__Bacteria;p__Actinomycetota;c__Acidimicrobiia;o__Acidimicrobiales;f__;g___f__Ilumatobacteraceae",NA,NA
"X2448023","PFHxS",-0.000136746361259771,0.000687507955045105,-0.00154285801012006,0.00126936528760052,0.843727742291652,37,-0.000135837228842992,0.000682937187947784,0.960059967335584,"Ilumatobacteraceae","Family","Ilumatobacteraceae","d__Bacteria;p__Actinomycetota;c__Acidimicrobiia;o__Acidimicrobiales;f__;g___f__Ilumatobacteraceae",NA,NA
"X2448023","PFOA",0.000252835063683655,0.000478088391118524,-0.000724965485391485,0.00123063561275879,0.600937063837629,37,0.000217179347594002,0.00041066663524684,0.823518262036319,"Ilumatobacteraceae","Family","Ilumatobacteraceae","d__Bacteria;p__Actinomycetota;c__Acidimicrobiia;o__Acidimicrobiales;f__;g___f__Ilumatobacteraceae",NA,NA
"X2448023","PFNA",0.000197852096441933,0.000394542055651214,-0.000609077010843901,0.00100478120372777,0.619824204896601,37,0.000306337460015264,0.000610875564984805,0.81983141175745,"Ilumatobacteraceae","Family","Ilumatobacteraceae","d__Bacteria;p__Actinomycetota;c__Acidimicrobiia;o__Acidimicrobiales;f__;g___f__Ilumatobacteraceae",NA,NA
"X255474","PFNA",0.00515874531138941,0.00289707644935424,-0.000766441318354442,0.0110839319411333,0.0854453606544028,37,0.00798736512766995,0.00448558825974171,0.567465491172074,"Parvularculaceae","Family","Parvularculaceae","d__Bacteria;p__Pseudomonadota;c__Alphaproteobacteria;o__Parvularculales;f__;g___f__Parvularculaceae",NA,NA
"X255474","PFHxS",0.00242982083317628,0.00527857359072504,-0.00836607434275343,0.013225716009106,0.648721263094607,37,0.00241366662719922,0.00524347998880782,0.960059967335584,"Parvularculaceae","Family","Parvularculaceae","d__Bacteria;p__Pseudomonadota;c__Alphaproteobacteria;o__Parvularculales;f__;g___f__Parvularculaceae",NA,NA
"X255474","PFOA",-0.00184947284281818,0.00368329304652071,-0.0093826529622236,0.00568370727658724,0.619371143087259,37,-0.0015886534863639,0.00316386172545183,0.823518262036319,"Parvularculaceae","Family","Parvularculaceae","d__Bacteria;p__Pseudomonadota;c__Alphaproteobacteria;o__Parvularculales;f__;g___f__Parvularculaceae",NA,NA
"X255474","PFOS",-0.00622068665934278,0.00439617876309456,-0.0152118817777381,0.00277050845905249,0.167711267922869,37,-0.00558309724198965,0.00394559232310212,0.852180468958137,"Parvularculaceae","Family","Parvularculaceae","d__Bacteria;p__Pseudomonadota;c__Alphaproteobacteria;o__Parvularculales;f__;g___f__Parvularculaceae",NA,NA
"X255474","PFBS",0.00435332897112695,0.00350430426109342,-0.00281377797871326,0.0115204359209672,0.224085506834014,37,0.00432277644256903,0.00347971035681401,0.812162871329451,"Parvularculaceae","Family","Parvularculaceae","d__Bacteria;p__Pseudomonadota;c__Alphaproteobacteria;o__Parvularculales;f__;g___f__Parvularculaceae",NA,NA
"X267890","PFOA",-0.000976573971552205,0.000706193045934754,-0.00242090092216595,0.000467752979061535,0.177260651086695,37,-0.000838853974322006,0.000606603145770267,0.716169461609167,"Shewanellaceae","Family","Shewanellaceae","d__Bacteria;p__Pseudomonadota;c__Gammaproteobacteria;o__Alteromonadales;f__;g___f__Shewanellaceae",NA,NA
"X267890","PFOS",4.2916247457007e-06,0.000895874834165697,-0.0018279781417307,0.0018365613912221,0.996210607686739,37,3.85175457204391e-06,0.000804052123134405,0.996210607686739,"Shewanellaceae","Family","Shewanellaceae","d__Bacteria;p__Pseudomonadota;c__Gammaproteobacteria;o__Alteromonadales;f__;g___f__Shewanellaceae",NA,NA
"X267890","PFNA",-0.000769120707421278,0.000584198912657433,-0.00196394164048995,0.000425700225647398,0.198303742265012,37,-0.00119084148307585,0.000904524209070892,0.671399510431516,"Shewanellaceae","Family","Shewanellaceae","d__Bacteria;p__Pseudomonadota;c__Gammaproteobacteria;o__Alteromonadales;f__;g___f__Shewanellaceae",NA,NA
"X267890","PFHxS",-0.0014556822833345,0.00100857537496374,-0.00351845053653546,0.000607085969866457,0.159650574494346,37,-0.00144600445395668,0.00100187005162134,0.837692513948177,"Shewanellaceae","Family","Shewanellaceae","d__Bacteria;p__Pseudomonadota;c__Gammaproteobacteria;o__Alteromonadales;f__;g___f__Shewanellaceae",NA,NA
"X267890","PFBS",-0.000488972626175842,0.00070297831781865,-0.00192672471955513,0.000948779467203445,0.49223320711406,37,-0.000485540919033018,0.000698044676168042,0.812162871329451,"Shewanellaceae","Family","Shewanellaceae","d__Bacteria;p__Pseudomonadota;c__Gammaproteobacteria;o__Alteromonadales;f__;g___f__Shewanellaceae",NA,NA
"X2807496","PFOS",-0.00102153686171515,0.000748483039583647,-0.00255235656090521,0.00050928283747491,0.182809434829644,37,-0.000916834418378368,0.000671767253812617,0.852180468958137,"Natranaerofabaceae","Family","Natranaerofabaceae","d__Bacteria;p__Bacillota;c__Clostridia;o__Natranaerobiales;f__;g___f__Natranaerofabaceae",NA,NA
"X2807496","PFOA",0.000642648161267288,0.00061697431194735,-0.000619205989961862,0.00190450231249644,0.306197616540746,37,0.000552019590807797,0.000529966360673122,0.716169461609167,"Natranaerofabaceae","Family","Natranaerofabaceae","d__Bacteria;p__Bacillota;c__Clostridia;o__Natranaerobiales;f__;g___f__Natranaerofabaceae",NA,NA
"X2807496","PFNA",-0.000369923709927446,0.000513772743806377,-0.0014207069548801,0.000680859535025207,0.477279678209018,37,-0.000572758599663641,0.000795482282943158,0.81983141175745,"Natranaerofabaceae","Family","Natranaerofabaceae","d__Bacteria;p__Bacillota;c__Clostridia;o__Natranaerobiales;f__;g___f__Natranaerofabaceae",NA,NA
"X2807496","PFHxS",-0.00111554081492072,0.000875796917397501,-0.00290674663087054,0.000675665001029093,0.21286878279591,37,-0.00110812435200543,0.00086997434661181,0.837692513948177,"Natranaerofabaceae","Family","Natranaerofabaceae","d__Bacteria;p__Bacillota;c__Clostridia;o__Natranaerobiales;f__;g___f__Natranaerofabaceae",NA,NA
"X2807496","PFBS",-0.000406716337675192,0.000606237744439826,-0.00164661174278319,0.000833179067432811,0.507601794580907,37,-0.000403861921525112,0.000601983047374033,0.812162871329451,"Natranaerofabaceae","Family","Natranaerofabaceae","d__Bacteria;p__Bacillota;c__Clostridia;o__Natranaerobiales;f__;g___f__Natranaerofabaceae",NA,NA
"X28256","PFBS",0.000383871977435526,0.00143090224902064,-0.00254265171725584,0.00331039567212689,0.790388574700207,37,0.000381177887549149,0.00142085989244324,0.992893559711119,"Halomonadaceae","Family","Halomonadaceae","d__Bacteria;p__Pseudomonadota;c__Gammaproteobacteria;o__Oceanospirillales;f__;g___f__Halomonadaceae",NA,NA
"X28256","PFHxS",0.00342858677841929,0.00201217628352747,-0.000686775801847518,0.0075439493586861,0.099090363602518,37,0.003405792465245,0.00199879870864522,0.837692513948177,"Halomonadaceae","Family","Halomonadaceae","d__Bacteria;p__Pseudomonadota;c__Gammaproteobacteria;o__Oceanospirillales;f__;g___f__Halomonadaceae",NA,NA
"X28256","PFNA",0.0015441335610501,0.00118126568878291,-0.000871826040883014,0.00396009316298322,0.201419853129455,37,0.00239080586722639,0.0018289719301061,0.671399510431516,"Halomonadaceae","Family","Halomonadaceae","d__Bacteria;p__Pseudomonadota;c__Gammaproteobacteria;o__Oceanospirillales;f__;g___f__Halomonadaceae",NA,NA
"X28256","PFOA",-0.0013248608354483,0.00145300097968134,-0.00429658150914044,0.00164685983824384,0.369386525122131,37,-0.00113802416367184,0.00124809352082379,0.716169461609167,"Halomonadaceae","Family","Halomonadaceae","d__Bacteria;p__Pseudomonadota;c__Gammaproteobacteria;o__Oceanospirillales;f__;g___f__Halomonadaceae",NA,NA
"X28256","PFOS",0.0013969347627296,0.00179208291472664,-0.00226828633562889,0.00506215586108809,0.441998631182788,37,0.0012537559031882,0.00160840333656737,0.930523434069027,"Halomonadaceae","Family","Halomonadaceae","d__Bacteria;p__Pseudomonadota;c__Gammaproteobacteria;o__Oceanospirillales;f__;g___f__Halomonadaceae",NA,NA
"X2881384","PFOS",0.000627735147975294,0.0016164021003246,-0.00267817834121414,0.00393364863716473,0.700591012925471,37,0.000563395420037295,0.00145072893114054,0.933123778096665,"Thermostichaceae","Family","Thermostichaceae","d__Bacteria;p__Cyanobacteriota;c__Cyanophyceae;o__Thermostichales;f__;g___f__Thermostichaceae",NA,NA
"X2881384","PFOA",-0.000441682579892833,0.00131636777400332,-0.00313395697123267,0.002250591811447,0.739639673865029,37,-0.000379394903330263,0.00113072882450161,0.870164322194151,"Thermostichaceae","Family","Thermostichaceae","d__Bacteria;p__Cyanobacteriota;c__Cyanophyceae;o__Thermostichales;f__;g___f__Thermostichaceae",NA,NA
"X2881384","PFNA",-0.000237498195317166,0.00108701940190284,-0.00246070249766221,0.00198570610702788,0.828580981056151,37,-0.000367722127892753,0.00168304894693879,0.895763222763406,"Thermostichaceae","Family","Thermostichaceae","d__Bacteria;p__Cyanobacteriota;c__Cyanophyceae;o__Thermostichales;f__;g___f__Thermostichaceae",NA,NA
"X2881384","PFHxS",-0.000724284710102916,0.00188406656063851,-0.0045776334876718,0.00312906406746597,0.703467164486619,37,-0.000719469439679152,0.00187154069911016,0.960059967335584,"Thermostichaceae","Family","Thermostichaceae","d__Bacteria;p__Cyanobacteriota;c__Cyanophyceae;o__Thermostichales;f__;g___f__Thermostichaceae",NA,NA
"X2881384","PFBS",-0.0015710371307625,0.0012485925562489,-0.004124695637749,0.000982621376223996,0.218339190332688,37,-0.00156001127971345,0.00123982968535515,0.812162871329451,"Thermostichaceae","Family","Thermostichaceae","d__Bacteria;p__Cyanobacteriota;c__Cyanophyceae;o__Thermostichales;f__;g___f__Thermostichaceae",NA,NA
"X2897348","PFBS",-0.000219162254861497,0.000949824928506706,-0.00216177235347999,0.00172344784375699,0.819137186761673,37,-0.000217624130567449,0.000943158868246686,0.992893559711119,"Candidatus Uabimicrobiaceae","Family","Candidatus Uabimicrobiaceae","d__Bacteria;p__Planctomycetota;c__Candidatus Uabimicrobiia;o__Candidatus Uabimicrobiales;f__;g___f__Candidatus_Uabimicrobiaceae",NA,NA
"X2897348","PFHxS",0.000353798976812309,0.00139894414863221,-0.00250736306365838,0.003214961017283,0.802126322699257,37,0.000351446810978572,0.00138964353205223,0.960059967335584,"Candidatus Uabimicrobiaceae","Family","Candidatus Uabimicrobiaceae","d__Bacteria;p__Planctomycetota;c__Candidatus Uabimicrobiia;o__Candidatus Uabimicrobiales;f__;g___f__Candidatus_Uabimicrobiaceae",NA,NA
"X2897348","PFNA",0.000259027271799727,0.000805192425733114,-0.00138777614493037,0.00190583068852983,0.749990284708539,37,0.000401055929882957,0.00124669188226167,0.88234151142181,"Candidatus Uabimicrobiaceae","Family","Candidatus Uabimicrobiaceae","d__Bacteria;p__Planctomycetota;c__Candidatus Uabimicrobiia;o__Candidatus Uabimicrobiales;f__;g___f__Candidatus_Uabimicrobiaceae",NA,NA
"X2897348","PFOA",-0.00107921808741304,0.000957151392598082,-0.00303681248756323,0.000878376312737157,0.268760837856933,37,-0.000927022845333151,0.000822170437772949,0.716169461609167,"Candidatus Uabimicrobiaceae","Family","Candidatus Uabimicrobiaceae","d__Bacteria;p__Planctomycetota;c__Candidatus Uabimicrobiia;o__Candidatus Uabimicrobiales;f__;g___f__Candidatus_Uabimicrobiaceae",NA,NA
"X2897348","PFOS",0.000153401703191355,0.00120124742861259,-0.0023034251453428,0.00261022855172551,0.899266233822908,37,0.000137678792214661,0.00107812554672906,0.996210607686739,"Candidatus Uabimicrobiaceae","Family","Candidatus Uabimicrobiaceae","d__Bacteria;p__Planctomycetota;c__Candidatus Uabimicrobiia;o__Candidatus Uabimicrobiales;f__;g___f__Candidatus_Uabimicrobiaceae",NA,NA
"X2931039","PFOS",-0.000310117486380199,0.000654975194138386,-0.00164969216829365,0.00102945719553325,0.639415932540519,37,-0.00027833198772384,0.000587843497063715,0.933123778096665,"Desulfococcaceae","Family","Desulfococcaceae","d__Bacteria;p__Thermodesulfobacteriota;c__Desulfobacteria;o__Desulfobacterales;f__;g___f__Desulfococcaceae",NA,NA
"X2931039","PFOA",-0.000219851390888155,0.000533546410450095,-0.00131107632499419,0.000871373543217881,0.683327889440082,37,-0.000188847151756073,0.000458303763902207,0.828276229624341,"Desulfococcaceae","Family","Desulfococcaceae","d__Bacteria;p__Thermodesulfobacteriota;c__Desulfobacteria;o__Desulfobacterales;f__;g___f__Desulfococcaceae",NA,NA
"X2931039","PFNA",0.000415014173593316,0.00043460308726227,-0.000473848943037865,0.0013038772902245,0.347507550503918,37,0.00064257286172463,0.00067290267963266,0.81983141175745,"Desulfococcaceae","Family","Desulfococcaceae","d__Bacteria;p__Thermodesulfobacteriota;c__Desulfobacteria;o__Desulfobacterales;f__;g___f__Desulfococcaceae",NA,NA
"X2931039","PFHxS",-0.000836617420000822,0.000750427157769833,-0.00237141328733308,0.000698178447331435,0.274066703744565,37,-0.000831055326721284,0.000745438084208574,0.837692513948177,"Desulfococcaceae","Family","Desulfococcaceae","d__Bacteria;p__Thermodesulfobacteriota;c__Desulfobacteria;o__Desulfobacterales;f__;g___f__Desulfococcaceae",NA,NA
"X2931039","PFBS",-0.000277916116207523,0.000517650592382133,-0.00133663045201502,0.00078079821959997,0.595446100929144,37,-0.000275965645628926,0.000514017617568681,0.865633764356634,"Desulfococcaceae","Family","Desulfococcaceae","d__Bacteria;p__Thermodesulfobacteriota;c__Desulfobacteria;o__Desulfobacterales;f__;g___f__Desulfococcaceae",NA,NA
"X2934961","PFHxS",0.00711399263559867,0.00455974456100582,-0.0022117321011238,0.0164397173723211,0.129566660016621,37,0.0070666965959954,0.0045294299584493,0.837692513948177,"Sirenicapillariaceae","Family","Sirenicapillariaceae","d__Bacteria;p__Cyanobacteriota;c__Cyanophyceae;o__Oscillatoriales;f__;g___f__Sirenicapillariaceae",NA,NA
"X2934961","PFNA",-0.00218870835537523,0.00270386474713833,-0.0077187326845402,0.00334131597378974,0.424834722281943,37,-0.0033888109873863,0.00418643559385415,0.81983141175745,"Sirenicapillariaceae","Family","Sirenicapillariaceae","d__Bacteria;p__Cyanobacteriota;c__Cyanophyceae;o__Oscillatoriales;f__;g___f__Sirenicapillariaceae",NA,NA
"X2934961","PFOA",-0.00558950645032271,0.00314813428866721,-0.0120281640149193,0.000849151114273829,0.0863123084924584,37,-0.004801254013456,0.00270417299321468,0.716169461609167,"Sirenicapillariaceae","Family","Sirenicapillariaceae","d__Bacteria;p__Cyanobacteriota;c__Cyanophyceae;o__Oscillatoriales;f__;g___f__Sirenicapillariaceae",NA,NA
"X2934961","PFOS",3.59957772963196e-05,0.0040730290057314,-0.00829428387849183,0.00836627543308447,0.993009228781322,37,3.23063893026221e-05,0.00365556380729926,0.996210607686739,"Sirenicapillariaceae","Family","Sirenicapillariaceae","d__Bacteria;p__Cyanobacteriota;c__Cyanophyceae;o__Oscillatoriales;f__;g___f__Sirenicapillariaceae",NA,NA
"X2934961","PFBS",0.000475353258445314,0.00322138338593441,-0.00611311553114156,0.00706382204803218,0.88370974607098,37,0.000472017134733994,0.00319877507662732,0.99835724220382,"Sirenicapillariaceae","Family","Sirenicapillariaceae","d__Bacteria;p__Cyanobacteriota;c__Cyanophyceae;o__Oscillatoriales;f__;g___f__Sirenicapillariaceae",NA,NA
"X2937911","PFOS",-0.000324186185764838,0.0011537737322228,-0.00268391842322098,0.00203554605169131,0.780721522865142,37,-0.000290958715452489,0.00103551766790545,0.933123778096665,"Thermincolaceae","Family","Thermincolaceae","d__Bacteria;p__Bacillota;c__Clostridia;o__Eubacteriales;f__;g___f__Thermincolaceae",NA,NA
"X2937911","PFOA",0.000688924521439533,0.00093152918257851,-0.00121626657528168,0.00259411561816075,0.465510150045959,37,0.000591769891121396,0.000800161564577538,0.716169461609167,"Thermincolaceae","Family","Thermincolaceae","d__Bacteria;p__Bacillota;c__Clostridia;o__Eubacteriales;f__;g___f__Thermincolaceae",NA,NA
"X2937911","PFNA",0.000743154650098852,0.000763209483361884,-0.00081778400842966,0.00230409330862737,0.338246684365873,37,0.00115063783504881,0.00118168904346818,0.81983141175745,"Thermincolaceae","Family","Thermincolaceae","d__Bacteria;p__Bacillota;c__Clostridia;o__Eubacteriales;f__;g___f__Thermincolaceae",NA,NA
"X2937911","PFHxS",0.000916634978489775,0.00133578824972069,-0.00181535874545154,0.00364862870243109,0.498029117289391,37,0.000910540903549711,0.00132690751323465,0.932635751779582,"Thermincolaceae","Family","Thermincolaceae","d__Bacteria;p__Bacillota;c__Clostridia;o__Eubacteriales;f__;g___f__Thermincolaceae",NA,NA
"X2937911","PFBS",4.28564743884302e-05,0.000914075045806526,-0.00182663690442889,0.00191234985320575,0.962926217086313,37,4.25556991273993e-05,0.000907659885333631,0.99835724220382,"Thermincolaceae","Family","Thermincolaceae","d__Bacteria;p__Bacillota;c__Clostridia;o__Eubacteriales;f__;g___f__Thermincolaceae",NA,NA
"X403","PFOS",1.491874614376e-05,0.000949166608939327,-0.00192634493778153,0.00195618243006905,0.987567219714043,37,1.33896489263084e-05,0.000851881756268639,0.996210607686739,"Methylococcaceae","Family","Methylococcaceae","d__Bacteria;p__Pseudomonadota;c__Gammaproteobacteria;o__Methylococcales;f__;g___f__Methylococcaceae",NA,NA
"X403","PFBS",-0.000505361715669795,0.000745099192876934,-0.00202926067127085,0.00101853723993126,0.502991274207922,37,-0.000501814986637258,0.000739869938547698,0.812162871329451,"Methylococcaceae","Family","Methylococcaceae","d__Bacteria;p__Pseudomonadota;c__Gammaproteobacteria;o__Methylococcales;f__;g___f__Methylococcaceae",NA,NA
"X403","PFHxS",-0.00110425043114434,0.00108711902778618,-0.00332765849129913,0.00111915762901044,0.318144440554622,37,-0.00109690903021823,0.00107989152176736,0.837692513948177,"Methylococcaceae","Family","Methylococcaceae","d__Bacteria;p__Pseudomonadota;c__Gammaproteobacteria;o__Methylococcales;f__;g___f__Methylococcaceae",NA,NA
"X403","PFOA",0.000406388465558974,0.000768784835569191,-0.00116595306856925,0.0019787299996872,0.601097635331218,37,0.000349078092784847,0.000660368014612021,0.823518262036319,"Methylococcaceae","Family","Methylococcaceae","d__Bacteria;p__Pseudomonadota;c__Gammaproteobacteria;o__Methylococcales;f__;g___f__Methylococcaceae",NA,NA
"X403","PFNA",-0.000147985541330899,0.000636588353237085,-0.00144995491120783,0.00115398382854603,0.817808424862286,37,-0.000229128301724093,0.000985639589940771,0.895763222763406,"Methylococcaceae","Family","Methylococcaceae","d__Bacteria;p__Pseudomonadota;c__Gammaproteobacteria;o__Methylococcales;f__;g___f__Methylococcaceae",NA,NA
"X433","PFOS",0.000327205974008882,0.00135756820275264,-0.00244933275547764,0.0031037447034954,0.81123278635896,37,0.000293668990433369,0.00121842421965068,0.933123778096665,"Acetobacteraceae","Family","Acetobacteraceae","d__Bacteria;p__Pseudomonadota;c__Alphaproteobacteria;o__Rhodospirillales;f__;g___f__Acetobacteraceae",NA,NA
"X433","PFOA",-0.00115513700880317,0.00108495784453345,-0.00337412495290739,0.00106385093530105,0.295803950729527,37,-0.000992235405558496,0.000931953161123208,0.716169461609167,"Acetobacteraceae","Family","Acetobacteraceae","d__Bacteria;p__Pseudomonadota;c__Alphaproteobacteria;o__Rhodospirillales;f__;g___f__Acetobacteraceae",NA,NA
"X433","PFNA",-0.00195319476943033,0.000837050293079864,-0.00366515484079314,-0.000241234698067528,0.0267663040134814,37,-0.0030241616608697,0.00129601791084571,0.567465491172074,"Acetobacteraceae","Family","Acetobacteraceae","d__Bacteria;p__Pseudomonadota;c__Alphaproteobacteria;o__Rhodospirillales;f__;g___f__Acetobacteraceae",NA,NA
"X433","PFHxS",0.00339345370738621,0.00145312334014119,0.000421482778454574,0.00636542463631785,0.0266553235082615,37,0.00337089296981484,0.00144346252341503,0.837692513948177,"Acetobacteraceae","Family","Acetobacteraceae","d__Bacteria;p__Pseudomonadota;c__Alphaproteobacteria;o__Rhodospirillales;f__;g___f__Acetobacteraceae",NA,NA
"X433","PFBS",0.000900848809717668,0.00106209262726884,-0.00127137451426316,0.0030730721336985,0.403282857312559,37,0.000894526473600225,0.00105463864996986,0.812162871329451,"Acetobacteraceae","Family","Acetobacteraceae","d__Bacteria;p__Pseudomonadota;c__Alphaproteobacteria;o__Rhodospirillales;f__;g___f__Acetobacteraceae",NA,NA
"X453228","PFNA",0.00079096144305103,0.0012712174410262,-0.00180897014893184,0.0033908930350339,0.538666977488612,37,0.00122465783174238,0.00196824561889523,0.81983141175745,"Desulfarculaceae","Family","Desulfarculaceae","d__Bacteria;p__Thermodesulfobacteriota;c__Desulfarculia;o__Desulfarculales;f__;g___f__Desulfarculaceae",NA,NA
"X453228","PFHxS",-0.00122742281151106,0.00221007864931599,-0.00574754117653674,0.00329269555351462,0.582897344862239,37,-0.0012192625222225,0.00219538535784401,0.932635751779582,"Desulfarculaceae","Family","Desulfarculaceae","d__Bacteria;p__Thermodesulfobacteriota;c__Desulfarculia;o__Desulfarculales;f__;g___f__Desulfarculaceae",NA,NA
"X453228","PFOA",-0.00122286286875361,0.00153469068580607,-0.00436165775086916,0.00191593201336194,0.432034586244164,37,-0.00105041031953199,0.00131826304882688,0.716169461609167,"Desulfarculaceae","Family","Desulfarculaceae","d__Bacteria;p__Thermodesulfobacteriota;c__Desulfarculia;o__Desulfarculales;f__;g___f__Desulfarculaceae",NA,NA
"X453228","PFOS",-0.00488743523109957,0.00167633990699702,-0.00831593529917986,-0.00145893516301928,0.0067815221022176,37,-0.00438649744850481,0.00150452341098644,0.271260884088704,"Desulfarculaceae","Family","Desulfarculaceae","d__Bacteria;p__Thermodesulfobacteriota;c__Desulfarculia;o__Desulfarculales;f__;g___f__Desulfarculaceae",NA,NA
"X453228","PFBS",0.000379781241729519,0.00150658236883697,-0.00270152567733035,0.00346108816078939,0.8027562439528,37,0.000377115861439938,0.00149600887412659,0.992893559711119,"Desulfarculaceae","Family","Desulfarculaceae","d__Bacteria;p__Thermodesulfobacteriota;c__Desulfarculia;o__Desulfarculales;f__;g___f__Desulfarculaceae",NA,NA
"X45404","PFOS",0.000932695041295257,0.00191315744906004,-0.00298015128358932,0.00484554136617984,0.629557898813963,37,0.000837098442316194,0.00171706833381438,0.933123778096665,"Beijerinckiaceae","Family","Beijerinckiaceae","d__Bacteria;p__Pseudomonadota;c__Alphaproteobacteria;o__Hyphomicrobiales;f__;g___f__Beijerinckiaceae",NA,NA
"X45404","PFBS",-0.00185796347076091,0.00148020662362493,-0.00488532593387979,0.00116939899235796,0.219424991548495,37,-0.00184492391359065,0.00146981823914035,0.812162871329451,"Beijerinckiaceae","Family","Beijerinckiaceae","d__Bacteria;p__Pseudomonadota;c__Alphaproteobacteria;o__Hyphomicrobiales;f__;g___f__Beijerinckiaceae",NA,NA
"X45404","PFHxS",0.00278111836348659,0.00217858991082022,-0.00167459830017417,0.00723683502714735,0.211883113495346,37,0.00276262862207153,0.00216410596629295,0.837692513948177,"Beijerinckiaceae","Family","Beijerinckiaceae","d__Bacteria;p__Pseudomonadota;c__Alphaproteobacteria;o__Hyphomicrobiales;f__;g___f__Beijerinckiaceae",NA,NA
"X45404","PFOA",-0.00168122874128952,0.00153189618900847,-0.00481430823571977,0.00145185075314073,0.281460079760607,37,-0.00144413577717365,0.00131586264208537,0.716169461609167,"Beijerinckiaceae","Family","Beijerinckiaceae","d__Bacteria;p__Pseudomonadota;c__Alphaproteobacteria;o__Hyphomicrobiales;f__;g___f__Beijerinckiaceae",NA,NA
"X45404","PFNA",0.000641718788640185,0.00128404303926469,-0.00198444409703812,0.00326788167431849,0.621012060972398,37,0.000993583122399722,0.00198810369095112,0.81983141175745,"Beijerinckiaceae","Family","Beijerinckiaceae","d__Bacteria;p__Pseudomonadota;c__Alphaproteobacteria;o__Hyphomicrobiales;f__;g___f__Beijerinckiaceae",NA,NA
"X49546","PFOS",0.00121682144060114,0.0029916802759682,-0.00490185173959276,0.00733549462079505,0.687188873836438,37,0.00109210330001284,0.00268504793961725,0.933123778096665,"Flavobacteriaceae","Family","Flavobacteriaceae","d__Bacteria;p__Bacteroidota;c__Flavobacteriia;o__Flavobacteriales;f__;g___f__Flavobacteriaceae",NA,NA
"X49546","PFOA",0.0037803166718668,0.00233861880027215,-0.00100269582009863,0.00856332916383222,0.116819929931556,37,0.00324720272787004,0.00200881830990678,0.716169461609167,"Flavobacteriaceae","Family","Flavobacteriaceae","d__Bacteria;p__Bacteroidota;c__Flavobacteriia;o__Flavobacteriales;f__;g___f__Flavobacteriaceae",NA,NA
"X49546","PFNA",0.000194341413884313,0.00201372112381763,-0.00392418071953629,0.00431286354730491,0.92378051303581,37,0.000300901815930811,0.00311787555119702,0.932642371502044,"Flavobacteriaceae","Family","Flavobacteriaceae","d__Bacteria;p__Bacteroidota;c__Flavobacteriia;o__Flavobacteriales;f__;g___f__Flavobacteriaceae",NA,NA
"X49546","PFHxS",0.00202302545772078,0.00347659326904983,-0.00508740614977897,0.00913345706522052,0.565131410659102,37,0.00200957575414813,0.00345347979376808,0.932635751779582,"Flavobacteriaceae","Family","Flavobacteriaceae","d__Bacteria;p__Bacteroidota;c__Flavobacteriia;o__Flavobacteriales;f__;g___f__Flavobacteriaceae",NA,NA
"X49546","PFBS",0.00209987541199507,0.00234151851253611,-0.00268906765744625,0.00688881848143639,0.377210012484813,37,0.00208513806870708,0.00232508526990785,0.812162871329451,"Flavobacteriaceae","Family","Flavobacteriaceae","d__Bacteria;p__Bacteroidota;c__Flavobacteriia;o__Flavobacteriales;f__;g___f__Flavobacteriaceae",NA,NA
"X543372","PFOS",0.00122036425392681,0.000816580113868482,-0.000449729600133112,0.00289045810798672,0.145852345483911,37,0.00109528299260798,0.000732884716955729,0.852180468958137,"Thermoanaerobacterales Family IV. Incertae Sedis","Family","Thermoanaerobacterales Family IV. Incertae Sedis","d__Bacteria;p__Bacillota;c__Clostridia;o__Thermoanaerobacterales;f__;g___f__Thermoanaerobacterales_Family_IV._Incertae_Sedis",NA,NA
"X543372","PFOA",-0.000637351685506499,0.000679457349816075,-0.00202699799791527,0.000752294626902267,0.355976007101975,37,-0.000547470043235097,0.000583637814316909,0.716169461609167,"Thermoanaerobacterales Family IV. Incertae Sedis","Family","Thermoanaerobacterales Family IV. Incertae Sedis","d__Bacteria;p__Bacillota;c__Clostridia;o__Thermoanaerobacterales;f__;g___f__Thermoanaerobacterales_Family_IV._Incertae_Sedis",NA,NA
"X543372","PFNA",9.49588358653121e-05,0.000568617071882286,-0.00106799365457104,0.00125791132630167,0.86852938021808,37,0.000147026233778238,0.000880398604079784,0.914241452861137,"Thermoanaerobacterales Family IV. Incertae Sedis","Family","Thermoanaerobacterales Family IV. Incertae Sedis","d__Bacteria;p__Bacillota;c__Clostridia;o__Thermoanaerobacterales;f__;g___f__Thermoanaerobacterales_Family_IV._Incertae_Sedis",NA,NA
"X543372","PFHxS",0.000806575018665655,0.000976298686179758,-0.0011901799938844,0.00280333003121571,0.415461092634187,37,0.000801212656630736,0.000969807948321087,0.837692513948177,"Thermoanaerobacterales Family IV. Incertae Sedis","Family","Thermoanaerobacterales Family IV. Incertae Sedis","d__Bacteria;p__Bacillota;c__Clostridia;o__Thermoanaerobacterales;f__;g___f__Thermoanaerobacterales_Family_IV._Incertae_Sedis",NA,NA
"X543372","PFBS",-0.000837148497130354,0.000652227720649359,-0.00217110396482307,0.000496806970562363,0.209471164057834,37,-0.000831273222476077,0.000647650256783529,0.812162871329451,"Thermoanaerobacterales Family IV. Incertae Sedis","Family","Thermoanaerobacterales Family IV. Incertae Sedis","d__Bacteria;p__Bacillota;c__Clostridia;o__Thermoanaerobacterales;f__;g___f__Thermoanaerobacterales_Family_IV._Incertae_Sedis",NA,NA
"X689704","PFOA",0.00079460603925344,0.00278244264683317,-0.00489612813958393,0.00648534021809081,0.777230808668531,37,0.000682547818665043,0.00239005251072706,0.888263781335464,"Rhabdochlamydiaceae","Family","Rhabdochlamydiaceae","d__Bacteria;p__Chlamydiota;c__Chlamydiia;o__Parachlamydiales;f__;g___f__Rhabdochlamydiaceae",NA,NA
"X689704","PFOS",0.00464601379797949,0.00331319512194868,-0.00213023107559943,0.0114222586715584,0.17144720132416,37,0.00416982051053599,0.00297360911431593,0.852180468958137,"Rhabdochlamydiaceae","Family","Rhabdochlamydiaceae","d__Bacteria;p__Chlamydiota;c__Chlamydiia;o__Parachlamydiales;f__;g___f__Rhabdochlamydiaceae",NA,NA
"X689704","PFNA",-0.00373144667098813,0.0021913879219132,-0.0082133382062966,0.000750444864320346,0.099306460955113,37,-0.00577745657452964,0.00339295980168721,0.567465491172074,"Rhabdochlamydiaceae","Family","Rhabdochlamydiaceae","d__Bacteria;p__Chlamydiota;c__Chlamydiia;o__Parachlamydiales;f__;g___f__Rhabdochlamydiaceae",NA,NA
"X689704","PFHxS",-0.00192048919140175,0.00397444141332773,-0.0100491345808594,0.00620815619805593,0.632575008261378,37,-0.00190772118087561,0.00394801808846442,0.960059967335584,"Rhabdochlamydiaceae","Family","Rhabdochlamydiaceae","d__Bacteria;p__Chlamydiota;c__Chlamydiia;o__Parachlamydiales;f__;g___f__Rhabdochlamydiaceae",NA,NA
"X689704","PFBS",0.000347136141475589,0.00270805527248037,-0.00519145877433501,0.00588573105728619,0.898886205310816,37,0.000344699870992411,0.00268904960196991,0.99835724220382,"Rhabdochlamydiaceae","Family","Rhabdochlamydiaceae","d__Bacteria;p__Chlamydiota;c__Chlamydiia;o__Parachlamydiales;f__;g___f__Rhabdochlamydiaceae",NA,NA
"X75682","PFBS",0.00214861281316274,0.00309629355878351,-0.00418401855400586,0.00848124418033134,0.493247357656017,37,0.00213353342109992,0.00307456315476263,0.812162871329451,"Oxalobacteraceae","Family","Oxalobacteraceae","d__Bacteria;p__Pseudomonadota;c__Betaproteobacteria;o__Burkholderiales;f__;g___f__Oxalobacteraceae",NA,NA
"X75682","PFHxS",0.000473110422748794,0.00459807308621415,-0.00893100494986898,0.00987722579536657,0.9187559700687,37,0.00046996503724768,0.00456750366367973,0.972957129179878,"Oxalobacteraceae","Family","Oxalobacteraceae","d__Bacteria;p__Pseudomonadota;c__Betaproteobacteria;o__Burkholderiales;f__;g___f__Oxalobacteraceae",NA,NA
"X75682","PFNA",-0.00227732304962577,0.00261482688168788,-0.00762524449709924,0.0030705983978477,0.390946914814785,37,-0.0035260144886123,0.00404857689011644,0.81983141175745,"Oxalobacteraceae","Family","Oxalobacteraceae","d__Bacteria;p__Pseudomonadota;c__Betaproteobacteria;o__Burkholderiales;f__;g___f__Oxalobacteraceae",NA,NA
"X75682","PFOA",-2.7324641410595e-05,0.00321124304172624,-0.00659505409844149,0.0065404048156203,0.993269105894357,37,-2.34712215478866e-05,0.00275838192142718,0.993269105894357,"Oxalobacteraceae","Family","Oxalobacteraceae","d__Bacteria;p__Pseudomonadota;c__Betaproteobacteria;o__Burkholderiales;f__;g___f__Oxalobacteraceae",NA,NA
"X75682","PFOS",0.00037935737181797,0.00394513325110272,-0.00768934609550067,0.00844806083913661,0.924056276560822,37,0.000340475129565377,0.00354077673088268,0.996210607686739,"Oxalobacteraceae","Family","Oxalobacteraceae","d__Bacteria;p__Pseudomonadota;c__Betaproteobacteria;o__Burkholderiales;f__;g___f__Oxalobacteraceae",NA,NA
"X75787","PFOS",0.00310827256229527,0.0037605588917124,-0.00458293395402064,0.0107994790786112,0.415243847950248,37,0.00278969009696692,0.00337512032455873,0.930523434069027,"Rhodocyclaceae","Family","Rhodocyclaceae","d__Bacteria;p__Pseudomonadota;c__Betaproteobacteria;o__Rhodocyclales;f__;g___f__Rhodocyclaceae",NA,NA
"X75787","PFOA",-0.00269702716992319,0.00305558787962493,-0.00894640607547351,0.00355235173562713,0.384681504402472,37,-0.00231668263362429,0.002624677813847,0.716169461609167,"Rhodocyclaceae","Family","Rhodocyclaceae","d__Bacteria;p__Pseudomonadota;c__Betaproteobacteria;o__Rhodocyclales;f__;g___f__Rhodocyclaceae",NA,NA
"X75787","PFNA",-0.00477018534168287,0.00239550895197853,-0.0096695512582636,0.000129180574897855,0.0559418815700018,37,-0.00738575171884543,0.00370900354855881,0.567465491172074,"Rhodocyclaceae","Family","Rhodocyclaceae","d__Bacteria;p__Pseudomonadota;c__Betaproteobacteria;o__Rhodocyclales;f__;g___f__Rhodocyclaceae",NA,NA
"X75787","PFHxS",-0.00159876457213397,0.00442442970278323,-0.0106477393497986,0.00745021020553068,0.720457727301418,37,-0.00158813548711896,0.00439501471556528,0.960059967335584,"Rhodocyclaceae","Family","Rhodocyclaceae","d__Bacteria;p__Pseudomonadota;c__Betaproteobacteria;o__Rhodocyclales;f__;g___f__Rhodocyclaceae",NA,NA
"X75787","PFBS",-0.000171738836745419,0.00301003484839036,-0.0063279513325258,0.00598447365903497,0.954892351507786,37,-0.000170533539431807,0.0029889098251551,0.99835724220382,"Rhodocyclaceae","Family","Rhodocyclaceae","d__Bacteria;p__Pseudomonadota;c__Betaproteobacteria;o__Rhodocyclales;f__;g___f__Rhodocyclaceae",NA,NA
"X84642","PFOS",-0.00221105080133497,0.00181532262633644,-0.00592380244675245,0.0015017008440825,0.233043832194839,37,-0.00198442910032966,0.00162926109341941,0.930523434069027,"Aeromonadaceae","Family","Aeromonadaceae","d__Bacteria;p__Pseudomonadota;c__Gammaproteobacteria;o__Aeromonadales;f__;g___f__Aeromonadaceae",NA,NA
"X84642","PFOA",-0.00136727264215802,0.00149328149856659,-0.00442137622707475,0.00168683094275872,0.367419598879571,37,-0.0011744549038441,0.00128269353509709,0.716169461609167,"Aeromonadaceae","Family","Aeromonadaceae","d__Bacteria;p__Pseudomonadota;c__Gammaproteobacteria;o__Aeromonadales;f__;g___f__Aeromonadaceae",NA,NA
"X84642","PFNA",-0.000106508777777706,0.00124925624382079,-0.00266152467825935,0.00244850712270393,0.932642371502044,37,-0.00016490918742086,0.00193424275770859,0.932642371502044,"Aeromonadaceae","Family","Aeromonadaceae","d__Bacteria;p__Pseudomonadota;c__Gammaproteobacteria;o__Aeromonadales;f__;g___f__Aeromonadaceae",NA,NA
"X84642","PFBS",-0.00102222456389473,0.00146027957158962,-0.00400883162951067,0.00196438250172122,0.48949298789042,37,-0.00101505038859391,0.00145003103911954,0.812162871329451,"Aeromonadaceae","Family","Aeromonadaceae","d__Bacteria;p__Pseudomonadota;c__Gammaproteobacteria;o__Aeromonadales;f__;g___f__Aeromonadaceae",NA,NA
"X84642","PFHxS",-0.0032695048813802,0.00208256524194514,-0.00752882904588167,0.000989819283121267,0.127276988436086,37,-0.00324776819422381,0.0020687196993357,0.837692513948177,"Aeromonadaceae","Family","Aeromonadaceae","d__Bacteria;p__Pseudomonadota;c__Gammaproteobacteria;o__Aeromonadales;f__;g___f__Aeromonadaceae",NA,NA
"X85017","PFOS",-0.000197712917576693,0.000844243011367251,-0.00192438374958837,0.00152895791443499,0.816483305834582,37,-0.00017744832769712,0.00075771230516078,0.933123778096665,"Promicromonosporaceae","Family","Promicromonosporaceae","d__Bacteria;p__Actinomycetota;c__Actinomycetes;o__Micrococcales;f__;g___f__Promicromonosporaceae",NA,NA
"X85017","PFOA",-0.000554620493491923,0.000679978816675003,-0.00194533332537796,0.000836092338394113,0.421352871320265,37,-0.000476405903453122,0.000584085742031379,0.716169461609167,"Promicromonosporaceae","Family","Promicromonosporaceae","d__Bacteria;p__Actinomycetota;c__Actinomycetes;o__Micrococcales;f__;g___f__Promicromonosporaceae",NA,NA
"X85017","PFNA",0.000321006250148677,0.000564138062214778,-0.000832785636948291,0.00147479813724565,0.573723100815434,37,0.000497018940349873,0.000873463684159283,0.81983141175745,"Promicromonosporaceae","Family","Promicromonosporaceae","d__Bacteria;p__Actinomycetota;c__Actinomycetes;o__Micrococcales;f__;g___f__Promicromonosporaceae",NA,NA
"X85017","PFBS",-0.00167621838018783,0.000591723569692803,-0.00288642896487213,-0.000466007795503532,0.00830857125582037,37,-0.00166445434621069,0.000587570735992125,0.332342850232815,"Promicromonosporaceae","Family","Promicromonosporaceae","d__Bacteria;p__Actinomycetota;c__Actinomycetes;o__Micrococcales;f__;g___f__Promicromonosporaceae",NA,NA
"X85017","PFHxS",0.000905397445572836,0.00097046635196186,-0.00107942910415195,0.00289022399529762,0.35854843622205,37,0.000899378081252969,0.000964014389278295,0.837692513948177,"Promicromonosporaceae","Family","Promicromonosporaceae","d__Bacteria;p__Actinomycetota;c__Actinomycetes;o__Micrococcales;f__;g___f__Promicromonosporaceae",NA,NA
"X85025","PFOS",-0.000230634428228812,0.000748492869111683,-0.00176147423106098,0.00130020537460336,0.760184492268669,37,-0.000206995547383539,0.000671776075862959,0.933123778096665,"Nocardiaceae","Family","Nocardiaceae","d__Bacteria;p__Actinomycetota;c__Actinomycetes;o__Mycobacteriales;f__;g___f__Nocardiaceae",NA,NA
"X85025","PFOA",0.000876010840019384,0.000588070887954833,-0.00032672917170114,0.00207875085173991,0.147116683583043,37,0.000752472619694571,0.000505139002179121,0.716169461609167,"Nocardiaceae","Family","Nocardiaceae","d__Bacteria;p__Actinomycetota;c__Actinomycetes;o__Mycobacteriales;f__;g___f__Nocardiaceae",NA,NA
"X85025","PFNA",0.000204216096233636,0.000501856730859121,-0.000822196165823252,0.00123062835829052,0.687053790640041,37,0.000316190939289871,0.000777032535857245,0.858817238300051,"Nocardiaceae","Family","Nocardiaceae","d__Bacteria;p__Actinomycetota;c__Actinomycetes;o__Mycobacteriales;f__;g___f__Nocardiaceae",NA,NA
"X85025","PFHxS",0.000359638832264791,0.000871263616989216,-0.00142229534331331,0.00214157300784289,0.682804941472342,37,0.000357247841252437,0.000865471184997114,0.960059967335584,"Nocardiaceae","Family","Nocardiaceae","d__Bacteria;p__Actinomycetota;c__Actinomycetes;o__Mycobacteriales;f__;g___f__Nocardiaceae",NA,NA
"X85025","PFBS",-0.000611645971584973,0.000582202116092017,-0.00180238299712875,0.000579091053958807,0.302130887206758,37,-0.000607353318505427,0.000578116105846443,0.812162871329451,"Nocardiaceae","Family","Nocardiaceae","d__Bacteria;p__Actinomycetota;c__Actinomycetes;o__Mycobacteriales;f__;g___f__Nocardiaceae",NA,NA
"X85034","PFOS",0.000293555226703538,0.000779027533172936,-0.00129973497617927,0.00188684542958635,0.709048701014112,37,0.000263467277220699,0.000699181088852872,0.933123778096665,"Glycomycetaceae","Family","Glycomycetaceae","d__Bacteria;p__Actinomycetota;c__Actinomycetes;o__Glycomycetales;f__;g___f__Glycomycetaceae",NA,NA
"X85034","PFOA",-0.000300828747664474,0.000633099800754952,-0.00159566322659681,0.000994005731267863,0.638226653078147,37,-0.000258404788494986,0.000543817774665492,0.823518262036319,"Glycomycetaceae","Family","Glycomycetaceae","d__Bacteria;p__Actinomycetota;c__Actinomycetes;o__Glycomycetales;f__;g___f__Glycomycetaceae",NA,NA
"X85034","PFNA",0.00076530305548898,0.000504612610254529,-0.00026674561279754,0.0017973517237755,0.140190039389661,37,0.00118493055356237,0.000781299506535241,0.608902109248362,"Glycomycetaceae","Family","Glycomycetaceae","d__Bacteria;p__Actinomycetota;c__Actinomycetes;o__Glycomycetales;f__;g___f__Glycomycetaceae",NA,NA
"X85034","PFHxS",-0.00132019685928501,0.000876565223919137,-0.00311297403850712,0.000472580319937095,0.142856952721792,37,-0.00131141977922052,0.000870737545192302,0.837692513948177,"Glycomycetaceae","Family","Glycomycetaceae","d__Bacteria;p__Actinomycetota;c__Actinomycetes;o__Glycomycetales;f__;g___f__Glycomycetaceae",NA,NA
"X85034","PFBS",-0.00102933730363761,0.000587566213960822,-0.00223104514114597,0.000172370533870749,0.090367084978334,37,-0.00102211320971462,0.000583442557409533,0.812162871329451,"Glycomycetaceae","Family","Glycomycetaceae","d__Bacteria;p__Actinomycetota;c__Actinomycetes;o__Glycomycetales;f__;g___f__Glycomycetaceae",NA,NA
"X1096778","Mixture",0.00145191809059771,NA,-0.0032343763561734,0.00613821253736882,0.549394029794126,37,0.00293909660911559,NA,0.904168770343964,"Thioalkalispiraceae","Family","Thioalkalispiraceae","d__Bacteria;p__Pseudomonadota;c__Gammaproteobacteria;o__Chromatiales;f__;g___f__Thioalkalispiraceae",-0.00244691131669735,0.00832510453492852
"X1106","Mixture",3.95250446574703e-05,NA,-0.0030414395122059,0.00312048960152084,0.980148032333626,37,-0.00154871332550116,NA,0.980148032333626,"Chloroflexaceae","Family","Chloroflexaceae","d__Bacteria;p__Chloroflexota;c__Chloroflexia;o__Chloroflexales;f__;g___f__Chloroflexaceae",-0.00577577581058687,0.00267834915958456
"X1185","Mixture",-0.000368355698228053,NA,-0.00287489399120537,0.00213818259474926,0.775794803565058,37,-0.000803348992044469,NA,0.904168770343964,"Rivulariaceae","Family","Rivulariaceae","d__Bacteria;p__Cyanobacteriota;c__Cyanophyceae;o__Nostocales;f__;g___f__Rivulariaceae",-0.00448329656748017,0.00287659858339123
"X119060","Mixture",0.00114391346436784,NA,-0.00154912756182105,0.00383695449055674,0.413319638490821,37,0.000194802952277796,NA,0.904168770343964,"Burkholderiaceae","Family","Burkholderiaceae","d__Bacteria;p__Pseudomonadota;c__Betaproteobacteria;o__Burkholderiales;f__;g___f__Burkholderiaceae",-0.00347894539552495,0.00386855130008054
"X1706371","Mixture",0.00303874040264848,NA,-0.00124670176445676,0.00732418256975371,0.177353914010181,37,0.00357359538654863,NA,0.904168770343964,"Cellvibrionaceae","Family","Cellvibrionaceae","d__Bacteria;p__Pseudomonadota;c__Gammaproteobacteria;o__Cellvibrionales;f__;g___f__Cellvibrionaceae",-0.00134683173298613,0.00849402250608338
"X1706373","Mixture",-0.00106953896225571,NA,-0.00813861008248527,0.00599953215797384,0.769369289080707,37,-0.000598599027607198,NA,0.904168770343964,"Microbulbiferaceae","Family","Microbulbiferaceae","d__Bacteria;p__Pseudomonadota;c__Gammaproteobacteria;o__Cellvibrionales;f__;g___f__Microbulbiferaceae",-0.00879140328228088,0.00759420522706648
"X1769717","Mixture",0.00144599057985736,NA,-0.00794943144739679,0.0108414126071115,0.765520387362344,37,0.00487060427872656,NA,0.904168770343964,"Mesoaciditogaceae","Family","Mesoaciditogaceae","d__Bacteria;p__Thermotogota;c__Thermotogae;o__Mesoaciditogales;f__;g___f__Mesoaciditogaceae",-0.00930967024351219,0.0190508788009653
"X1775411","Mixture",-0.00348670184120973,NA,-0.0133320911957262,0.00635868751330676,0.494276067697623,37,-0.00442896161867718,NA,0.904168770343964,"Rhodanobacteraceae","Family","Rhodanobacteraceae","d__Bacteria;p__Pseudomonadota;c__Gammaproteobacteria;o__Xanthomonadales;f__;g___f__Rhodanobacteraceae",-0.0182656645349797,0.0094077412976253
"X1783343","Mixture",0.00357661214830991,NA,-0.00581288970481631,0.0129661140014361,0.462567462759252,37,0.00280195397965966,NA,0.904168770343964,"Endomicrobiaceae","Family","Endomicrobiaceae","d__Bacteria;p__Elusimicrobiota;c__Endomicrobiia;o__Endomicrobiales;f__;g___f__Endomicrobiaceae",-0.0100032144665484,0.0156071224258677
"X186827","Mixture",0.00063317255888063,NA,-0.00129026805699595,0.00255661317475721,0.524920948358077,37,-0.000106149529749293,NA,0.904168770343964,"Aerococcaceae","Family","Aerococcaceae","d__Bacteria;p__Bacillota;c__Bacilli;o__Lactobacillales;f__;g___f__Aerococcaceae",-0.00265554345255529,0.0024432443930567
"X188709","Mixture",-0.00478769844239628,NA,-0.0125008887850725,0.00292549190027992,0.235593372894991,37,-0.0054816261769337,NA,0.904168770343964,"Thermotogaceae","Family","Thermotogaceae","d__Bacteria;p__Thermotogota;c__Thermotogae;o__Thermotogales;f__;g___f__Thermotogaceae",-0.0150866033120158,0.00412335095814845
"X1890438","Mixture",-0.000893998519394802,NA,-0.00825018024272985,0.00646218320394025,0.813751893309568,37,-0.000573775972050849,NA,0.904168770343964,"Leptolyngbyaceae","Family","Leptolyngbyaceae","d__Bacteria;p__Cyanobacteriota;c__Cyanophyceae;o__Leptolyngbyales;f__;g___f__Leptolyngbyaceae",-0.0104838200142405,0.00933626807013878
"X1892251","Mixture",0.00305868163133806,NA,-0.00504044188831946,0.0111578051509956,0.46636344907451,37,0.00145597415088152,NA,0.904168770343964,"Coleofasciculaceae","Family","Coleofasciculaceae","d__Bacteria;p__Cyanobacteriota;c__Cyanophyceae;o__Coleofasciculales;f__;g___f__Coleofasciculaceae",-0.00737543150288358,0.0102873798046466
"X2066474","Mixture",0.0026503923980724,NA,-0.00531187705351154,0.0106126618496563,0.520336381297307,37,0.00520249889312618,NA,0.904168770343964,"Endozoicomonadaceae","Family","Endozoicomonadaceae","d__Bacteria;p__Pseudomonadota;c__Gammaproteobacteria;o__Oceanospirillales;f__;g___f__Endozoicomonadaceae",-0.00435786506791347,0.0147628628541658
"X213121","Mixture",0.00335674884803208,NA,-0.00409251787004123,0.0108060155661054,0.38589589715367,37,0.0077725766174492,NA,0.904168770343964,"Desulfobulbaceae","Family","Desulfobulbaceae","d__Bacteria;p__Thermodesulfobacteriota;c__Desulfobulbia;o__Desulfobulbales;f__;g___f__Desulfobulbaceae",-0.00172962315459832,0.0172747763894967
"X2162846","Mixture",0.00266531485709723,NA,-0.00273924261978935,0.0080698723339838,0.343395401507529,37,0.00341608541972699,NA,0.904168770343964,"Candidatus Nanopelagicaceae","Family","Candidatus Nanopelagicaceae","d__Bacteria;p__Actinomycetota;c__Actinomycetes;o__Candidatus Nanopelagicales;f__;g___f__Candidatus_Nanopelagicaceae",-0.00412359322680563,0.0109557640662596
"X2211325","Mixture",0.00074076501248501,NA,-0.00349917400274643,0.00498070402771645,0.735009817761576,37,0.000491725199266403,NA,0.904168770343964,"Vicinamibacteraceae","Family","Vicinamibacteraceae","d__Bacteria;p__Acidobacteriota;c__Vicinamibacteria;o__Vicinamibacterales;f__;g___f__Vicinamibacteraceae",-0.00543574984421556,0.00641920024274837
"X2448023","Mixture",-0.000413214211078132,NA,-0.00294142169525794,0.00211499327310167,0.751483309810611,37,-0.000431241820261507,NA,0.904168770343964,"Ilumatobacteraceae","Family","Ilumatobacteraceae","d__Bacteria;p__Actinomycetota;c__Acidimicrobiia;o__Acidimicrobiales;f__;g___f__Ilumatobacteraceae",-0.00378902792733296,0.00292654428680994
"X255474","Mixture",0.0105924091238115,NA,-0.00795429185952135,0.0291391101071443,0.274057794534534,37,0.0127959251566104,NA,0.904168770343964,"Parvularculaceae","Family","Parvularculaceae","d__Bacteria;p__Pseudomonadota;c__Alphaproteobacteria;o__Parvularculales;f__;g___f__Parvularculaceae",-0.0126036723943808,0.0381955227076015
"X267890","Mixture",-0.00370470897436461,NA,-0.00683963350017491,-0.000569784448554303,0.0294059515031815,37,-0.00541928827589889,NA,0.904168770343964,"Shewanellaceae","Family","Shewanellaceae","d__Bacteria;p__Pseudomonadota;c__Gammaproteobacteria;o__Alteromonadales;f__;g___f__Shewanellaceae",-0.00982452430699644,-0.00101405224480134
"X2807496","Mixture",-0.00183024723139328,NA,-0.00451614560103222,0.000855651138245651,0.194217194439941,37,-0.00293534004224944,NA,0.904168770343964,"Natranaerofabaceae","Family","Natranaerofabaceae","d__Bacteria;p__Bacillota;c__Clostridia;o__Natranaerobiales;f__;g___f__Natranaerofabaceae",-0.00687168272494993,0.00100100264045104
"X28256","Mixture",0.00354177484141934,NA,-0.00380487542040718,0.0108884251032458,0.354133051137953,37,0.00845268616307792,NA,0.904168770343964,"Halomonadaceae","Family","Halomonadaceae","d__Bacteria;p__Pseudomonadota;c__Gammaproteobacteria;o__Oceanospirillales;f__;g___f__Halomonadaceae",-0.000893373400373229,0.0177987457265291
"X2881384","Mixture",-0.00308386506211916,NA,-0.00906075633352765,0.00289302620928933,0.321973564404686,37,-0.00286598963607094,NA,0.904168770343964,"Thermostichaceae","Family","Thermostichaceae","d__Bacteria;p__Cyanobacteriota;c__Cyanophyceae;o__Thermostichales;f__;g___f__Thermostichaceae",-0.0114062435137774,0.00567426424163556
"X2897348","Mixture",-0.00143910678521508,NA,-0.0064574524366885,0.00357923886625833,0.579289060707673,37,-0.000181610760816362,NA,0.904168770343964,"Candidatus Uabimicrobiaceae","Family","Candidatus Uabimicrobiaceae","d__Bacteria;p__Planctomycetota;c__Candidatus Uabimicrobiia;o__Candidatus Uabimicrobiales;f__;g___f__Candidatus_Uabimicrobiaceae",-0.0067084889921314,0.00634526747049867
"X2931039","Mixture",-0.000579822997385165,NA,-0.00384736417238328,0.00268771817761295,0.731026553412162,37,-0.000697549849433211,NA,0.904168770343964,"Desulfococcaceae","Family","Desulfococcaceae","d__Bacteria;p__Thermodesulfobacteriota;c__Desulfobacteria;o__Desulfobacterales;f__;g___f__Desulfococcaceae",-0.00470083526456437,0.00330573556569795
"X2934961","Mixture",-0.0029394024856617,NA,-0.021308046415053,0.0154292414437296,0.756504996189473,37,-0.00329416980062972,NA,0.904168770343964,"Sirenicapillariaceae","Family","Sirenicapillariaceae","d__Bacteria;p__Cyanobacteriota;c__Cyanophyceae;o__Oscillatoriales;f__;g___f__Sirenicapillariaceae",-0.0289061060655247,0.0223177664642652
"X2937911","Mixture",0.00408134281904052,NA,-0.000538634128090234,0.00870131976617128,0.0962077745526981,37,0.00365417769750093,NA,0.904168770343964,"Thermincolaceae","Family","Thermincolaceae","d__Bacteria;p__Bacillota;c__Clostridia;o__Eubacteriales;f__;g___f__Thermincolaceae",-0.00268463394105891,0.00999298933606076
"X403","Mixture",0.000186051057195903,NA,-0.00413446912760599,0.0045065712419978,0.933438227086141,37,-0.00171193066941269,NA,0.967581925968855,"Methylococcaceae","Family","Methylococcaceae","d__Bacteria;p__Pseudomonadota;c__Gammaproteobacteria;o__Methylococcales;f__;g___f__Methylococcaceae",-0.00723858122869604,0.00381471988987066
"X433","Mixture",0.000179723697281135,NA,-0.00472944499459046,0.00508889238915273,0.943392377819634,37,-0.00136194452461564,NA,0.967581925968855,"Acetobacteraceae","Family","Acetobacteraceae","d__Bacteria;p__Pseudomonadota;c__Alphaproteobacteria;o__Rhodospirillales;f__;g___f__Acetobacteraceae",-0.00878130468547884,0.00605741563624756
"X453228","Mixture",-0.00289807987043956,NA,-0.0117255295379443,0.00592936979706515,0.526025419282875,37,-0.00503985100805742,NA,0.904168770343964,"Desulfarculaceae","Family","Desulfarculaceae","d__Bacteria;p__Thermodesulfobacteriota;c__Desulfarculia;o__Desulfarculales;f__;g___f__Desulfarculaceae",-0.0155434291030006,0.00546372708688573
"X45404","Mixture",0.00123298375814835,NA,-0.00605933650212231,0.00852530401841902,0.743226035676242,37,0.00235176519775352,NA,0.904168770343964,"Beijerinckiaceae","Family","Beijerinckiaceae","d__Bacteria;p__Pseudomonadota;c__Alphaproteobacteria;o__Hyphomicrobiales;f__;g___f__Beijerinckiaceae",-0.00787377106440394,0.012577301459911
"X49546","Mixture",0.00836069000251164,NA,-0.00464140435253082,0.0213627843575541,0.219674629666714,37,0.0104301899266965,NA,0.904168770343964,"Flavobacteriaceae","Family","Flavobacteriaceae","d__Bacteria;p__Bacteroidota;c__Flavobacteriia;o__Flavobacteriales;f__;g___f__Flavobacteriaceae",-0.0059361242061798,0.0267965040595729
"X543372","Mixture",0.000626034668925282,NA,-0.00325979455064083,0.0045118638884914,0.754911157631201,37,0.000886038112025954,NA,0.904168770343964,"Thermoanaerobacterales Family IV. Incertae Sedis","Family","Thermoanaerobacterales Family IV. Incertae Sedis","d__Bacteria;p__Bacillota;c__Clostridia;o__Thermoanaerobacterales;f__;g___f__Thermoanaerobacterales_Family_IV._Incertae_Sedis",-0.00385250651596959,0.0056245827400215
"X689704","Mixture",-0.00176918457090229,NA,-0.0149737107234798,0.0114353415816752,0.795098247576085,37,-0.00678498280515486,NA,0.904168770343964,"Rhabdochlamydiaceae","Family","Rhabdochlamydiaceae","d__Bacteria;p__Chlamydiota;c__Chlamydiia;o__Parachlamydiales;f__;g___f__Rhabdochlamydiaceae",-0.025012238821358,0.0114422732110483
"X75682","Mixture",-0.00472974909133032,NA,-0.0232944321307094,0.0138349339480487,0.62208479784236,37,-0.00329606105740506,NA,0.904168770343964,"Oxalobacteraceae","Family","Oxalobacteraceae","d__Bacteria;p__Pseudomonadota;c__Betaproteobacteria;o__Burkholderiales;f__;g___f__Oxalobacteraceae",-0.028391226431602,0.0217991043167919
"X75787","Mixture",-0.0126370576569613,NA,-0.0269236806905042,0.00164956537658156,0.0958084043010388,37,-0.0151763031402753,NA,0.904168770343964,"Rhodocyclaceae","Family","Rhodocyclaceae","d__Bacteria;p__Pseudomonadota;c__Betaproteobacteria;o__Rhodocyclales;f__;g___f__Rhodocyclaceae",-0.0352041526525043,0.00485154637195378
"X84642","Mixture",-0.00607343953743681,NA,-0.0127136473220745,0.00056676824720084,0.0856402414142838,37,-0.00886063866963048,NA,0.904168770343964,"Aeromonadaceae","Family","Aeromonadaceae","d__Bacteria;p__Pseudomonadota;c__Gammaproteobacteria;o__Aeromonadales;f__;g___f__Aeromonadaceae",-0.017680418281993,-4.08590572679255e-05
"X85017","Mixture",-0.000203477204566006,NA,-0.00364183202097409,0.00323487761184207,0.908627102707235,37,-0.000381878380882389,NA,0.967581925968855,"Promicromonosporaceae","Family","Promicromonosporaceae","d__Bacteria;p__Actinomycetota;c__Actinomycetes;o__Micrococcales;f__;g___f__Promicromonosporaceae",-0.00449614477669065,0.00373238801492587
"X85025","Mixture",0.00227600650073798,NA,-0.000586868396287115,0.00513888139776308,0.132279419676638,37,0.00123728432211944,NA,0.904168770343964,"Nocardiaceae","Family","Nocardiaceae","d__Bacteria;p__Actinomycetota;c__Actinomycetes;o__Mycobacteriales;f__;g___f__Nocardiaceae",-0.00251225486946968,0.00498682351370855
"X85034","Mixture",-0.00197114236309761,NA,-0.00468516500244033,0.000742880276245098,0.167466971423809,37,-0.000547024979224558,NA,0.904168770343964,"Glycomycetaceae","Family","Glycomycetaceae","d__Bacteria;p__Actinomycetota;c__Actinomycetes;o__Glycomycetales;f__;g___f__Glycomycetaceae",-0.00428177967921277,0.00318772972076366
"X1161","PFOA",-0.00166917829269955,0.000808686250969359,-0.00332312738436725,-1.52292010318471e-05,0.0480600987017478,37,-0.00143378472647342,0.000694642387946284,0.400833704411079,"Nostocales","Order","Nostocales","d__Bacteria;p__Cyanobacteriota;c__Cyanophyceae;o__;f__;g___o__Nostocales",NA,NA
"X1161","PFBS",-0.000622944452241936,0.000833970696772795,-0.00232860604195172,0.00108271713746785,0.461100120470205,37,-0.000618572504177971,0.000828117724553464,0.894584712962692,"Nostocales","Order","Nostocales","d__Bacteria;p__Cyanobacteriota;c__Cyanophyceae;o__;f__;g___o__Nostocales",NA,NA
"X1161","PFNA",-0.000950511610915291,0.000692216350548257,-0.00236625300982551,0.000465229787994928,0.180232858932157,37,-0.00147169182353478,0.00107176927827107,0.500646830367102,"Nostocales","Order","Nostocales","d__Bacteria;p__Cyanobacteriota;c__Cyanophyceae;o__;f__;g___o__Nostocales",NA,NA
"X1161","PFOS",0.000241153165652125,0.00106320442625036,-0.00193334404256181,0.00241565037386606,0.822157092806532,37,0.000216436166580957,0.000954231264960824,0.956908765626562,"Nostocales","Order","Nostocales","d__Bacteria;p__Cyanobacteriota;c__Cyanophyceae;o__;f__;g___o__Nostocales",NA,NA
"X1161","PFHxS",0.000417885810099347,0.00123786764908663,-0.00211383779884975,0.00294960941904845,0.738107229490409,37,0.000415107575029886,0.00122963791926349,0.933933132097666,"Nostocales","Order","Nostocales","d__Bacteria;p__Cyanobacteriota;c__Cyanophyceae;o__;f__;g___o__Nostocales",NA,NA
"X1643687","PFNA",-0.00023838313852877,0.000572388382500897,-0.001409048825232,0.000932282548174457,0.680131835483559,37,-0.000369092299149847,0.000886237782620775,0.850164794354449,"Brevinematales","Order","Brevinematales","d__Bacteria;p__Spirochaetota;c__Spirochaetia;o__;f__;g___o__Brevinematales",NA,NA
"X1643687","PFOA",0.00014874035735043,0.000695452714405081,-0.00127362014885249,0.00157110086355335,0.832140722649144,37,0.000127764453630857,0.000597377454679113,0.909482808361455,"Brevinematales","Order","Brevinematales","d__Bacteria;p__Spirochaetota;c__Spirochaetia;o__;f__;g___o__Brevinematales",NA,NA
"X1643687","PFBS",0.000318310115849879,0.000674048100113892,-0.00106027303872629,0.00169689327042604,0.640292364211597,37,0.000316076152147783,0.0006693174964851,0.894584712962692,"Brevinematales","Order","Brevinematales","d__Bacteria;p__Spirochaetota;c__Spirochaetia;o__;f__;g___o__Brevinematales",NA,NA
"X1643687","PFOS",-0.00175328264345075,0.000790800114899791,-0.00337065047944575,-0.000135914807455754,0.0346131588936954,37,-0.00157357989995793,0.000709747039554083,0.535767476588919,"Brevinematales","Order","Brevinematales","d__Bacteria;p__Spirochaetota;c__Spirochaetia;o__;f__;g___o__Brevinematales",NA,NA
"X1643687","PFHxS",-0.000657596960413232,0.000989253259410234,-0.00268084705013544,0.00136565312930897,0.511468200956092,37,-0.000653225050927824,0.00098267639551237,0.881934180358556,"Brevinematales","Order","Brevinematales","d__Bacteria;p__Spirochaetota;c__Spirochaetia;o__;f__;g___o__Brevinematales",NA,NA
"X1643822","PFNA",0.00028620428857647,0.000548569526881839,-0.00083574636857298,0.00140815494572592,0.605821704264685,37,0.000443134525156387,0.000849358680190066,0.832372575480443,"Eggerthellales","Order","Eggerthellales","d__Bacteria;p__Actinomycetota;c__Coriobacteriia;o__;f__;g___o__Eggerthellales",NA,NA
"X1643822","PFHxS",-0.00101388970845568,0.000938193836452193,-0.00293271155283391,0.000904932135922545,0.288743950076308,37,-0.00100714905376839,0.000931956431507134,0.881934180358556,"Eggerthellales","Order","Eggerthellales","d__Bacteria;p__Actinomycetota;c__Coriobacteriia;o__;f__;g___o__Eggerthellales",NA,NA
"X1643822","PFBS",0.000361436311254648,0.000646097847394783,-0.000959982157955293,0.00168285478046459,0.580174309966375,37,0.000358899679335784,0.000641563404198631,0.894584712962692,"Eggerthellales","Order","Eggerthellales","d__Bacteria;p__Actinomycetota;c__Coriobacteriia;o__;f__;g___o__Eggerthellales",NA,NA
"X1643822","PFOA",0.00127686160028177,0.000624680933115225,-7.54361000601536e-07,0.00255447756156415,0.0501267199585558,37,0.00109679395443345,0.000536586166221483,0.400833704411079,"Eggerthellales","Order","Eggerthellales","d__Bacteria;p__Actinomycetota;c__Coriobacteriia;o__;f__;g___o__Eggerthellales",NA,NA
"X1643822","PFOS",0.000580572856243037,0.000813887935886212,-0.00108401487560565,0.00224516058809172,0.481341396170323,37,0.000521067028443931,0.000730468473815563,0.925656531096776,"Eggerthellales","Order","Eggerthellales","d__Bacteria;p__Actinomycetota;c__Coriobacteriia;o__;f__;g___o__Eggerthellales",NA,NA
"X1643946","PFHxS",0.000302997603582905,0.00150356706777825,-0.00277214233237172,0.00337813753953753,0.841699518475,37,0.000300983181106975,0.00149357088543361,0.933933132097666,"Kosmotogales","Order","Kosmotogales","d__Bacteria;p__Thermotogota;c__Thermotogae;o__;f__;g___o__Kosmotogales",NA,NA
"X1643946","PFOA",0.0011447315050612,0.00102888958697651,-0.000959583976704825,0.00324904698682723,0.275022920358685,37,0.000983297323628154,0.000883791852246424,0.625052091724283,"Kosmotogales","Order","Kosmotogales","d__Bacteria;p__Thermotogota;c__Thermotogae;o__;f__;g___o__Kosmotogales",NA,NA
"X1643946","PFNA",-0.00173090320128312,0.000804793568695415,-0.00337689086377675,-8.49155387894968e-05,0.0399641779126376,37,-0.00267998418894177,0.00124607432574327,0.249776111953985,"Kosmotogales","Order","Kosmotogales","d__Bacteria;p__Thermotogota;c__Thermotogae;o__;f__;g___o__Kosmotogales",NA,NA
"X1643946","PFOS",0.00173125050441538,0.00125025823587581,-0.000825814699918355,0.00428831570874912,0.176701887112776,37,0.00155380594550247,0.00112211299021297,0.535767476588919,"Kosmotogales","Order","Kosmotogales","d__Bacteria;p__Thermotogota;c__Thermotogae;o__;f__;g___o__Kosmotogales",NA,NA
"X1643946","PFBS",-0.000355608419338417,0.001019248772117,-0.00244020622077947,0.00172898938210263,0.72969040387253,37,-0.000353112688724137,0.00101209548151474,0.894584712962692,"Kosmotogales","Order","Kosmotogales","d__Bacteria;p__Thermotogota;c__Thermotogae;o__;f__;g___o__Kosmotogales",NA,NA
"X1663425","PFBS",-0.00030149753458967,0.00082332894955537,-0.0019853943074463,0.00138239923826696,0.716878895043909,37,-0.000299381564926732,0.00081755066323456,0.894584712962692,"Fimbriimonadales","Order","Fimbriimonadales","d__Bacteria;p__Armatimonadota;c__Fimbriimonadia;o__;f__;g___o__Fimbriimonadales",NA,NA
"X1663425","PFHxS",1.03044275930753e-07,0.00121565989860108,-0.00248620061509504,0.0024864067036469,0.999932948474178,37,1.02359205478062e-07,0.00120757781282261,0.999932948474178,"Fimbriimonadales","Order","Fimbriimonadales","d__Bacteria;p__Armatimonadota;c__Fimbriimonadia;o__;f__;g___o__Fimbriimonadales",NA,NA
"X1663425","PFOS",-0.000283035576131578,0.00104168345546145,-0.00241351745696056,0.0018474463046974,0.787770186004274,37,-0.000254025838467825,0.000934916086551048,0.956908765626562,"Fimbriimonadales","Order","Fimbriimonadales","d__Bacteria;p__Armatimonadota;c__Fimbriimonadia;o__;f__;g___o__Fimbriimonadales",NA,NA
"X1663425","PFOA",-0.000176383886992036,0.000848217314817972,-0.00191118308222796,0.00155841530824389,0.836724183692539,37,-0.000151509592636858,0.000728598638045679,0.909482808361455,"Fimbriimonadales","Order","Fimbriimonadales","d__Bacteria;p__Armatimonadota;c__Fimbriimonadia;o__;f__;g___o__Fimbriimonadales",NA,NA
"X1663425","PFNA",0.00123720090509324,0.000661410057328003,-0.000115534549758686,0.00258993635994516,0.0715308232224821,37,0.00191557729036286,0.00102407141816602,0.298045096760342,"Fimbriimonadales","Order","Fimbriimonadales","d__Bacteria;p__Armatimonadota;c__Fimbriimonadia;o__;f__;g___o__Fimbriimonadales",NA,NA
"X1769716","PFBS",-0.00273989025763751,0.00139869186840771,-0.00560053632711493,0.000120755811839901,0.059803209788408,37,-0.00272066116286953,0.0013888755706878,0.894584712962692,"Mesoaciditogales","Order","Mesoaciditogales","d__Bacteria;p__Thermotogota;c__Thermotogae;o__;f__;g___o__Mesoaciditogales",NA,NA
"X1769716","PFNA",-0.000456011240042391,0.00125996738934424,-0.00303293389284979,0.00212091141276501,0.72003349073471,37,-0.000706049253584712,0.00195082698993315,0.857182727065131,"Mesoaciditogales","Order","Mesoaciditogales","d__Bacteria;p__Thermotogota;c__Thermotogae;o__;f__;g___o__Mesoaciditogales",NA,NA
"X1769716","PFHxS",-0.00272406354963235,0.00213336872666534,-0.00708729250700721,0.0016391654077425,0.211773219526295,37,-0.00270595312639681,0.00211918542666024,0.881934180358556,"Mesoaciditogales","Order","Mesoaciditogales","d__Bacteria;p__Thermotogota;c__Thermotogae;o__;f__;g___o__Mesoaciditogales",NA,NA
"X1769716","PFOA",-0.0019319546627627,0.0014883259999038,-0.00497592311492276,0.00111201378939736,0.204492011387931,37,-0.00165950342142801,0.0012784368787975,0.557656969656865,"Mesoaciditogales","Order","Mesoaciditogales","d__Bacteria;p__Thermotogota;c__Thermotogae;o__;f__;g___o__Mesoaciditogales",NA,NA
"X1769716","PFOS",-0.000193815625555092,0.001880787609389,-0.00404045819483338,0.0036528269437232,0.918632415001499,37,-0.000173950488707859,0.00168801624157958,0.956908765626562,"Mesoaciditogales","Order","Mesoaciditogales","d__Bacteria;p__Thermotogota;c__Thermotogae;o__;f__;g___o__Mesoaciditogales",NA,NA
"X1779134","PFOA",-0.000276673770718686,0.00106427588624986,-0.00245336236068395,0.00190001481924658,0.796728129867973,37,-0.000237656233853063,0.000914187847477404,0.909482808361455,"Bradymonadales","Order","Bradymonadales","d__Bacteria;p__;c__Deltaproteobacteria;o__;f__;g___o__Bradymonadales",NA,NA
"X1779134","PFBS",-0.000554313037575261,0.00103074050683782,-0.00266241407550685,0.00155378800035633,0.594831369132002,37,-0.000550422758429608,0.00102350656495568,0.894584712962692,"Bradymonadales","Order","Bradymonadales","d__Bacteria;p__;c__Deltaproteobacteria;o__;f__;g___o__Bradymonadales",NA,NA
"X1779134","PFNA",0.000422954987725064,0.000875375636217309,-0.00136738921146735,0.00221329918691748,0.632603157365137,37,0.000654867747021876,0.00135535763219349,0.832372575480443,"Bradymonadales","Order","Bradymonadales","d__Bacteria;p__;c__Deltaproteobacteria;o__;f__;g___o__Bradymonadales",NA,NA
"X1779134","PFOS",0.00202059441148556,0.00125431418867255,-0.000544766147735178,0.0045859549707063,0.118030481453871,37,0.00181349354238919,0.0011257532280377,0.535767476588919,"Bradymonadales","Order","Bradymonadales","d__Bacteria;p__;c__Deltaproteobacteria;o__;f__;g___o__Bradymonadales",NA,NA
"X1779134","PFHxS",0.000959525185189607,0.00151551439554086,-0.00214004977964938,0.0040591001500286,0.531607073538165,37,0.000953145962791769,0.00150543878363874,0.881934180358556,"Bradymonadales","Order","Bradymonadales","d__Bacteria;p__;c__Deltaproteobacteria;o__;f__;g___o__Bradymonadales",NA,NA
"X1955042","PFHxS",0.000712938466242932,0.000694797684636053,-0.000708082353659894,0.00213395928614576,0.313323336018347,37,0.000708198629183586,0.000690178453145093,0.881934180358556,"Gloeomargaritales","Order","Gloeomargaritales","d__Bacteria;p__Cyanobacteriota;c__Cyanophyceae;o__;f__;g___o__Gloeomargaritales",NA,NA
"X1955042","PFNA",0.000564866668523464,0.00039364175032552,-0.00024022110762329,0.00136995444467022,0.161991565695506,37,0.000874591796572382,0.000609481608328944,0.500646830367102,"Gloeomargaritales","Order","Gloeomargaritales","d__Bacteria;p__Cyanobacteriota;c__Cyanophyceae;o__;f__;g___o__Gloeomargaritales",NA,NA
"X1955042","PFOA",-0.000102818738634978,0.000493510474101738,-0.00111216098897082,0.000906523511700861,0.836418661271116,37,-8.83188678494451e-05,0.000423913840250912,0.909482808361455,"Gloeomargaritales","Order","Gloeomargaritales","d__Bacteria;p__Cyanobacteriota;c__Cyanophyceae;o__;f__;g___o__Gloeomargaritales",NA,NA
"X1955042","PFBS",0.0005475002294356,0.000469250044440567,-0.000412223871026336,0.00150722432989754,0.252814132300237,37,0.000543657763932478,0.000465956754299008,0.894584712962692,"Gloeomargaritales","Order","Gloeomargaritales","d__Bacteria;p__Cyanobacteriota;c__Cyanophyceae;o__;f__;g___o__Gloeomargaritales",NA,NA
"X1955042","PFOS",9.38000339359719e-05,0.000606595746935128,-0.00114682756848738,0.00133442763635932,0.87818144205758,37,8.41859973737672e-05,0.000544422702376391,0.956908765626562,"Gloeomargaritales","Order","Gloeomargaritales","d__Bacteria;p__Cyanobacteriota;c__Cyanophyceae;o__;f__;g___o__Gloeomargaritales",NA,NA
"X1963360","PFBS",0.000539215845013925,0.000436078468361884,-0.000352664764775628,0.00143109645480348,0.226189770956845,37,0.000535431520968365,0.000433017982938778,0.894584712962692,"Parachlamydiales","Order","Parachlamydiales","d__Bacteria;p__Chlamydiota;c__Chlamydiia;o__;f__;g___o__Parachlamydiales",NA,NA
"X1963360","PFOA",0.000451208149039517,0.000452541185487602,-0.000474342497805601,0.00137675879588464,0.326985354693929,37,0.000387577142227819,0.000388722189049633,0.626695262531587,"Parachlamydiales","Order","Parachlamydiales","d__Bacteria;p__Chlamydiota;c__Chlamydiia;o__;f__;g___o__Parachlamydiales",NA,NA
"X1963360","PFNA",0.000599243900393976,0.000362948225106515,-0.000143068568153322,0.00134155636894127,0.109519239799653,37,0.000927818596201767,0.000561958348663794,0.391140142141619,"Parachlamydiales","Order","Parachlamydiales","d__Bacteria;p__Chlamydiota;c__Chlamydiia;o__;f__;g___o__Parachlamydiales",NA,NA
"X1963360","PFOS",-0.000485950835540546,0.000558255992160373,-0.00162771253860514,0.000655810867524053,0.391186802789385,37,-0.000436143293855541,0.00050103753184123,0.814972505811219,"Parachlamydiales","Order","Parachlamydiales","d__Bacteria;p__Chlamydiota;c__Chlamydiia;o__;f__;g___o__Parachlamydiales",NA,NA
"X1963360","PFHxS",2.58098171864293e-05,0.000659093582922862,-0.00132218791554686,0.00137380754991972,0.969031517865139,37,2.56382254800092e-05,0.000654711723424695,0.999932948474178,"Parachlamydiales","Order","Parachlamydiales","d__Bacteria;p__Chlamydiota;c__Chlamydiia;o__;f__;g___o__Parachlamydiales",NA,NA
"X2024973","PFOA",0.00265700854328549,0.00121793745281767,0.000166046762519181,0.00514797032405179,0.0373929583195016,37,0.00228230757860559,0.00104617950358419,0.400833704411079,"Silvanigrellales","Order","Silvanigrellales","d__Bacteria;p__Bdellovibrionota;c__Oligoflexia;o__;f__;g___o__Silvanigrellales",NA,NA
"X2024973","PFBS",-0.00121836304624541,0.0012573238288448,-0.00378987901075858,0.00135315291826775,0.34055155435714,37,-0.00120981233206525,0.0012484996801434,0.894584712962692,"Silvanigrellales","Order","Silvanigrellales","d__Bacteria;p__Bdellovibrionota;c__Oligoflexia;o__;f__;g___o__Silvanigrellales",NA,NA
"X2024973","PFNA",0.00219553690701144,0.00100432408842743,0.000141463511051747,0.00424961030297114,0.0370286060149181,37,0.00339938373946443,0.00155501051448955,0.249776111953985,"Silvanigrellales","Order","Silvanigrellales","d__Bacteria;p__Bdellovibrionota;c__Oligoflexia;o__;f__;g___o__Silvanigrellales",NA,NA
"X2024973","PFHxS",-0.00127383129236201,0.00186700550873624,-0.00509228630085441,0.0025446237161304,0.500472131556768,37,-0.0012653624650329,0.00185459307439679,0.881934180358556,"Silvanigrellales","Order","Silvanigrellales","d__Bacteria;p__Bdellovibrionota;c__Oligoflexia;o__;f__;g___o__Silvanigrellales",NA,NA
"X2024973","PFOS",-0.000794306843227954,0.00160790250676652,-0.00408283671172633,0.00249422302527042,0.625026005320229,37,-0.000712894345684343,0.00144310050361303,0.956908765626562,"Silvanigrellales","Order","Silvanigrellales","d__Bacteria;p__Bdellovibrionota;c__Oligoflexia;o__;f__;g___o__Silvanigrellales",NA,NA
"X2039638","PFBS",0.000961947644228901,0.000854444627787326,-0.000785587836082783,0.00270948312454058,0.269474300004711,37,0.000955196504338842,0.000848447965448051,0.894584712962692,"Candidatus Nanopelagicales","Order","Candidatus Nanopelagicales","d__Bacteria;p__Actinomycetota;c__Actinomycetes;o__;f__;g___o__Candidatus_Nanopelagicales",NA,NA
"X2039638","PFOS",-0.00112923989277767,0.00108316860859435,-0.00334456843850247,0.00108608865294714,0.305777743506179,37,-0.00101349842487931,0.000972149217991924,0.694949417059499,"Candidatus Nanopelagicales","Order","Candidatus Nanopelagicales","d__Bacteria;p__Actinomycetota;c__Actinomycetes;o__;f__;g___o__Candidatus_Nanopelagicales",NA,NA
"X2039638","PFHxS",-0.00308863822469669,0.00115091455306325,-0.00544252278418356,-0.000734753665209807,0.0119062265463373,37,-0.00306810399542795,0.00114326291451512,0.206073470368454,"Candidatus Nanopelagicales","Order","Candidatus Nanopelagicales","d__Bacteria;p__Actinomycetota;c__Actinomycetes;o__;f__;g___o__Candidatus_Nanopelagicales",NA,NA
"X2039638","PFNA",0.000462108549580708,0.000735647146852427,-0.00104245880131223,0.00196667590047364,0.534811326166321,37,0.000715489812216564,0.00113901385169496,0.832372575480443,"Candidatus Nanopelagicales","Order","Candidatus Nanopelagicales","d__Bacteria;p__Actinomycetota;c__Actinomycetes;o__;f__;g___o__Candidatus_Nanopelagicales",NA,NA
"X2039638","PFOA",0.000133747148670585,0.00089755740732688,-0.00170196386631013,0.0019694581636513,0.88257530109143,37,0.00011488564152312,0.000770980612069343,0.91934927197024,"Candidatus Nanopelagicales","Order","Candidatus Nanopelagicales","d__Bacteria;p__Actinomycetota;c__Actinomycetes;o__;f__;g___o__Candidatus_Nanopelagicales",NA,NA
"X204441","PFBS",0.000370286580892118,0.000462241251828107,-0.000575102929163254,0.00131567609094749,0.429607121166211,37,0.000367687836020698,0.000458997150787089,0.894584712962692,"Rhodospirillales","Order","Rhodospirillales","d__Bacteria;p__Pseudomonadota;c__Alphaproteobacteria;o__;f__;g___o__Rhodospirillales",NA,NA
"X204441","PFHxS",-0.000655912009658234,0.00067756719636517,-0.00204169252420103,0.000729868504884562,0.341029070993825,37,-0.000651551302250438,0.000673062518528872,0.881934180358556,"Rhodospirillales","Order","Rhodospirillales","d__Bacteria;p__Pseudomonadota;c__Alphaproteobacteria;o__;f__;g___o__Rhodospirillales",NA,NA
"X204441","PFNA",-0.000198336372167687,0.000394794448962204,-0.00100578168173463,0.000609108937399259,0.619194690161074,37,-0.000307087271609089,0.000611266349450596,0.832372575480443,"Rhodospirillales","Order","Rhodospirillales","d__Bacteria;p__Pseudomonadota;c__Alphaproteobacteria;o__;f__;g___o__Rhodospirillales",NA,NA
"X204441","PFOA",0.000294575311185461,0.000477580513922751,-0.000682186512394321,0.00127133713476524,0.542174157380999,37,0.000253033234269295,0.000410230380732024,0.817624571988073,"Rhodospirillales","Order","Rhodospirillales","d__Bacteria;p__Pseudomonadota;c__Alphaproteobacteria;o__;f__;g___o__Rhodospirillales",NA,NA
"X204441","PFOS",-0.000146028465623468,0.000590032388528427,-0.00135278019646017,0.00106072326521323,0.80627116053036,37,-0.000131061274795105,0.00052955700575757,0.956908765626562,"Rhodospirillales","Order","Rhodospirillales","d__Bacteria;p__Pseudomonadota;c__Alphaproteobacteria;o__;f__;g___o__Rhodospirillales",NA,NA
"X2497644","PFBS",0.000883300796331157,0.00110808320801516,-0.00138298382665094,0.00314958541931326,0.431846476126673,37,0.000877101615661805,0.00110030645967338,0.894584712962692,"Candidatus Babeliales","Order","Candidatus Babeliales","d__Bacteria;p__;c__Candidatus Babeliae;o__;f__;g___o__Candidatus_Babeliales",NA,NA
"X2497644","PFHxS",0.00119017307798786,0.0016352541713107,-0.00215429722559794,0.00453464338157365,0.47255882768591,37,0.00118226043653395,0.00162438249207101,0.881934180358556,"Candidatus Babeliales","Order","Candidatus Babeliales","d__Bacteria;p__;c__Candidatus Babeliae;o__;f__;g___o__Candidatus_Babeliales",NA,NA
"X2497644","PFNA",0.00180470169138634,0.000889363868774017,-1.4251655672102e-05,0.00362365503844478,0.0517047563234702,37,0.00279424753220543,0.00137701582894039,0.258523781617351,"Candidatus Babeliales","Order","Candidatus Babeliales","d__Bacteria;p__;c__Candidatus Babeliae;o__;f__;g___o__Candidatus_Babeliales",NA,NA
"X2497644","PFOA",0.00107579048187516,0.00113476777850851,-0.00124507021566753,0.00339665117941785,0.350949347017689,37,0.000924078613138136,0.000974738717868371,0.626695262531587,"Candidatus Babeliales","Order","Candidatus Babeliales","d__Bacteria;p__;c__Candidatus Babeliae;o__;f__;g___o__Candidatus_Babeliales",NA,NA
"X2497644","PFOS",-2.09423858851407e-05,0.00141576148870006,-0.00291649974876443,0.00287461497699415,0.988299172857754,37,-1.87958955785702e-05,0.00127065298346205,0.988299172857754,"Candidatus Babeliales","Order","Candidatus Babeliales","d__Bacteria;p__;c__Candidatus Babeliae;o__;f__;g___o__Candidatus_Babeliales",NA,NA
"X2800059","PFBS",0.00066873610363268,0.000576607098191866,-0.000510557825453447,0.00184803003271881,0.255599204635482,37,0.000664042780651702,0.000572560354894714,0.894584712962692,"Maricaulales","Order","Maricaulales","d__Bacteria;p__Pseudomonadota;c__Alphaproteobacteria;o__;f__;g___o__Maricaulales",NA,NA
"X2800059","PFNA",0.000297016575211993,0.000497396570783548,-0.000720273635249678,0.00131430678567366,0.555046386324129,37,0.000459875355728558,0.00077012680105138,0.832372575480443,"Maricaulales","Order","Maricaulales","d__Bacteria;p__Pseudomonadota;c__Alphaproteobacteria;o__;f__;g___o__Maricaulales",NA,NA
"X2800059","PFHxS",-0.00121175465510193,0.000839242302475823,-0.00292819788905718,0.000504688578853325,0.159493569767251,37,-0.00120369853259902,0.000833662758159735,0.881934180358556,"Maricaulales","Order","Maricaulales","d__Bacteria;p__Pseudomonadota;c__Alphaproteobacteria;o__;f__;g___o__Maricaulales",NA,NA
"X2800059","PFOA",-0.000773423351282087,0.000589465163948505,-0.00197901497759418,0.000432168275030009,0.199785825380026,37,-0.000664352390044978,0.000506336652324081,0.557656969656865,"Maricaulales","Order","Maricaulales","d__Bacteria;p__Pseudomonadota;c__Alphaproteobacteria;o__;f__;g___o__Maricaulales",NA,NA
"X2800059","PFOS",-0.00134577700305557,0.00070234814097895,-0.00278224024008251,9.06862339713813e-05,0.0652554942934689,37,-0.00120784155922852,0.000630360952665379,0.535767476588919,"Maricaulales","Order","Maricaulales","d__Bacteria;p__Pseudomonadota;c__Alphaproteobacteria;o__;f__;g___o__Maricaulales",NA,NA
"X2805415","PFOS",0.000475089330180265,0.000411526864919464,-0.000366577612486963,0.00131675627284749,0.257738585381426,37,0.000426395038728471,0.00036934740975673,0.644346463453565,"Jatrophihabitantales","Order","Jatrophihabitantales","d__Bacteria;p__Actinomycetota;c__Actinomycetes;o__;f__;g___o__Jatrophihabitantales",NA,NA
"X2805415","PFBS",0.000267868656546501,0.000329262600350283,-0.000405548973735593,0.000941286286828594,0.422537526824157,37,0.000265988701038156,0.000326951769933612,0.894584712962692,"Jatrophihabitantales","Order","Jatrophihabitantales","d__Bacteria;p__Actinomycetota;c__Actinomycetes;o__;f__;g___o__Jatrophihabitantales",NA,NA
"X2805415","PFNA",7.54265168489035e-05,0.00028218866028487,-0.000501714095839429,0.000652567129537236,0.791136803201488,37,0.000116784042245784,0.000436917065784784,0.88990949850175,"Jatrophihabitantales","Order","Jatrophihabitantales","d__Bacteria;p__Actinomycetota;c__Actinomycetes;o__;f__;g___o__Jatrophihabitantales",NA,NA
"X2805415","PFHxS",0.000284299116806436,0.000487696562990804,-0.000713152350188595,0.00128175058380147,0.564437875429476,37,0.000282409007696628,0.000484454204284643,0.881934180358556,"Jatrophihabitantales","Order","Jatrophihabitantales","d__Bacteria;p__Actinomycetota;c__Actinomycetes;o__;f__;g___o__Jatrophihabitantales",NA,NA
"X2805415","PFOA",0.000543252251036055,0.000327337480117972,-0.000126228066282246,0.00121273256835436,0.107770534589403,37,0.000466640851707985,0.000281175163520967,0.45041801496129,"Jatrophihabitantales","Order","Jatrophihabitantales","d__Bacteria;p__Actinomycetota;c__Actinomycetes;o__;f__;g___o__Jatrophihabitantales",NA,NA
"X3031460","PFHxS",-0.000273171033752296,0.00152649023003798,-0.00339519410065194,0.00284885203314735,0.859218481529853,37,-0.000271354907605895,0.0015163416473683,0.933933132097666,"Candidatus Desulfofervidales","Order","Candidatus Desulfofervidales","d__Bacteria;p__Thermodesulfobacteriota;c__Candidatus Desulfofervidia;o__;f__;g___o__Candidatus_Desulfofervidales",NA,NA
"X3031460","PFOA",-0.00129374219703429,0.00103906743670012,-0.00341887371874822,0.000831389324679632,0.223062787862746,37,-0.00111129398831442,0.000892534384752314,0.557656969656865,"Candidatus Desulfofervidales","Order","Candidatus Desulfofervidales","d__Bacteria;p__Thermodesulfobacteriota;c__Candidatus Desulfofervidia;o__;f__;g___o__Candidatus_Desulfofervidales",NA,NA
"X3031460","PFNA",-4.38681672317639e-05,0.000879649174072293,-0.00184295273272197,0.00175521639825844,0.960567829042885,37,-6.79217615935014e-05,0.00136197441692976,0.982359469380817,"Candidatus Desulfofervidales","Order","Candidatus Desulfofervidales","d__Bacteria;p__Thermodesulfobacteriota;c__Candidatus Desulfofervidia;o__;f__;g___o__Candidatus_Desulfofervidales",NA,NA
"X3031460","PFBS",-0.000692951685671835,0.00102878815384976,-0.00279705971340035,0.00141115634205668,0.505923639400631,37,-0.000688088412919842,0.0010215679139692,0.894584712962692,"Candidatus Desulfofervidales","Order","Candidatus Desulfofervidales","d__Bacteria;p__Thermodesulfobacteriota;c__Candidatus Desulfofervidia;o__;f__;g___o__Candidatus_Desulfofervidales",NA,NA
"X3031460","PFOS",-0.000493440541470282,0.00130720934918307,-0.0031669838508925,0.00218010276795193,0.708568240113237,37,-0.000442865342209612,0.00117322689789653,0.956908765626562,"Candidatus Desulfofervidales","Order","Candidatus Desulfofervidales","d__Bacteria;p__Thermodesulfobacteriota;c__Candidatus Desulfofervidia;o__;f__;g___o__Candidatus_Desulfofervidales",NA,NA
"X3031655","PFBS",-0.000306794657089755,0.000429932739907239,-0.00118610584087137,0.00057251652669186,0.481186085347523,37,-0.00030464151116756,0.000426915386428758,0.894584712962692,"Desulfobaccales","Order","Desulfobaccales","d__Bacteria;p__Thermodesulfobacteriota;c__Desulfobaccia;o__;f__;g___o__Desulfobaccales",NA,NA
"X3031655","PFHxS",0.000189994604560562,0.000637902015170754,-0.00111466150564285,0.00149465071476397,0.767946464658851,37,0.000188731461231352,0.000633661043817824,0.933933132097666,"Desulfobaccales","Order","Desulfobaccales","d__Bacteria;p__Thermodesulfobacteriota;c__Desulfobaccia;o__;f__;g___o__Desulfobaccales",NA,NA
"X3031655","PFOA",-0.000808509792088151,0.000420080370741647,-0.00166767061840706,5.06510342307603e-05,0.0641333927057726,37,-0.000694490813935387,0.000360839115926053,0.400833704411079,"Desulfobaccales","Order","Desulfobaccales","d__Bacteria;p__Thermodesulfobacteriota;c__Desulfobaccia;o__;f__;g___o__Desulfobaccales",NA,NA
"X3031655","PFNA",0.000178767341871077,0.000366468889657338,-0.000570745694175569,0.000928280377917724,0.629351920532858,37,0.000276788239433887,0.000567409448022659,0.832372575480443,"Desulfobaccales","Order","Desulfobaccales","d__Bacteria;p__Thermodesulfobacteriota;c__Desulfobaccia;o__;f__;g___o__Desulfobaccales",NA,NA
"X3031655","PFOS",0.000221854171021876,0.000546591528286879,-0.000896051024769065,0.00133975936681282,0.687805306758629,37,0.000199115222834097,0.000490568617451596,0.956908765626562,"Desulfobaccales","Order","Desulfobaccales","d__Bacteria;p__Thermodesulfobacteriota;c__Desulfobaccia;o__;f__;g___o__Desulfobaccales",NA,NA
"X3031714","PFOA",-7.7572405324468e-05,0.000782540090368102,-0.00167804659430251,0.00152290178365358,0.921717926044441,37,-6.66328638686935e-05,0.000672183453577221,0.921717926044441,"Haliangiales","Order","Haliangiales","d__Bacteria;p__Myxococcota;c__;o__;f__;g___o__Haliangiales",NA,NA
"X3031714","PFBS",0.000147438096682168,0.00076040214104839,-0.00140775890213117,0.00170263509549551,0.847609962531448,37,0.000146403346795522,0.000755065487585267,0.902177659177569,"Haliangiales","Order","Haliangiales","d__Bacteria;p__Myxococcota;c__;o__;f__;g___o__Haliangiales",NA,NA
"X3031714","PFNA",-0.00150837033475151,0.00058166176835793,-0.00269800222509248,-0.000318738444410549,0.0147480109114677,37,-0.00233543311099443,0.000900595909323864,0.184350136393347,"Haliangiales","Order","Haliangiales","d__Bacteria;p__Myxococcota;c__;o__;f__;g___o__Haliangiales",NA,NA
"X3031714","PFHxS",0.000950430869820923,0.00110690435410412,-0.00131344272619859,0.00321430446584043,0.397581628585677,37,0.000944112109265242,0.00109954530907127,0.881934180358556,"Haliangiales","Order","Haliangiales","d__Bacteria;p__Myxococcota;c__;o__;f__;g___o__Haliangiales",NA,NA
"X3031714","PFOS",0.000578646218554864,0.000955673223606783,-0.00137592498655824,0.00253321742366797,0.54956614190212,37,0.000519337861528412,0.000857721475321198,0.956908765626562,"Haliangiales","Order","Haliangiales","d__Bacteria;p__Myxococcota;c__;o__;f__;g___o__Haliangiales",NA,NA
"X485256","PFHxS",-0.000779716523085089,0.00218530184525991,-0.00524916063401795,0.00368972758784777,0.723824439165013,37,-0.000774532724697299,0.00217077327770119,0.933933132097666,"Natranaerobiales","Order","Natranaerobiales","d__Bacteria;p__Bacillota;c__Clostridia;o__;f__;g___o__Natranaerobiales",NA,NA
"X485256","PFOA",-0.00144552948065666,0.00150551684268703,-0.00452465715405021,0.00163359819273689,0.344914781433145,37,-0.00124167567964271,0.00129320340669065,0.626695262531587,"Natranaerobiales","Order","Natranaerobiales","d__Bacteria;p__Bacillota;c__Clostridia;o__;f__;g___o__Natranaerobiales",NA,NA
"X485256","PFBS",-0.000404481843080414,0.00148480944903745,-0.00344125814117054,0.00263229445500972,0.787234547407169,37,-0.000401643109057822,0.00147438876100867,0.894584712962692,"Natranaerobiales","Order","Natranaerobiales","d__Bacteria;p__Bacillota;c__Clostridia;o__;f__;g___o__Natranaerobiales",NA,NA
"X485256","PFNA",0.00115242718567191,0.00124312693885381,-0.00139005287860559,0.0036949072499494,0.361557817929775,37,0.00178432082985222,0.00192475266005984,0.73897849022992,"Natranaerobiales","Order","Natranaerobiales","d__Bacteria;p__Bacillota;c__Clostridia;o__;f__;g___o__Natranaerobiales",NA,NA
"X485256","PFOS",-0.00278214919258098,0.00180663240774119,-0.00647712734533085,0.000912828960168885,0.134410850225821,37,-0.00249699274927692,0.00162146157897216,0.535767476588919,"Natranaerobiales","Order","Natranaerobiales","d__Bacteria;p__Bacillota;c__Clostridia;o__;f__;g___o__Natranaerobiales",NA,NA
"X622452","PFBS",0.00124174263493935,0.00104197224094892,-0.000889329878528827,0.00337281514840753,0.243031479974873,37,0.00123302783815574,0.0010346594725229,0.894584712962692,"Kineosporiales","Order","Kineosporiales","d__Bacteria;p__Actinomycetota;c__Actinomycetes;o__;f__;g___o__Kineosporiales",NA,NA
"X622452","PFHxS",-0.000343729812652079,0.00157078546276146,-0.00355634680252296,0.0028688871772188,0.828317814543874,37,-0.000341444589759007,0.00156034239158322,0.933933132097666,"Kineosporiales","Order","Kineosporiales","d__Bacteria;p__Actinomycetota;c__Actinomycetes;o__;f__;g___o__Kineosporiales",NA,NA
"X622452","PFOA",0.000747124513638441,0.00108892286237014,-0.00147997280247695,0.00297422182975383,0.498090894979944,37,0.000641762309702823,0.000935359017788907,0.817624571988073,"Kineosporiales","Order","Kineosporiales","d__Bacteria;p__Actinomycetota;c__Actinomycetes;o__;f__;g___o__Kineosporiales",NA,NA
"X622452","PFNA",-0.00220262163474637,0.000807814564272376,-0.00385478792694274,-0.00055045534254999,0.0107419911786819,37,-0.00341035313295708,0.00125075177990426,0.184350136393347,"Kineosporiales","Order","Kineosporiales","d__Bacteria;p__Actinomycetota;c__Actinomycetes;o__;f__;g___o__Kineosporiales",NA,NA
"X622452","PFOS",-0.00017383913589144,0.0013484240506518,-0.00293167597444915,0.00258399770266627,0.898310742160122,37,-0.000156021489796096,0.00121021729762256,0.956908765626562,"Kineosporiales","Order","Kineosporiales","d__Bacteria;p__Actinomycetota;c__Actinomycetes;o__;f__;g___o__Kineosporiales",NA,NA
"X641854","PFBS",0.000186936334665601,0.000448364684760388,-0.000730072409091829,0.00110394507842303,0.679800389235693,37,0.000185624378288938,0.000445217972226977,0.894584712962692,"Elusimicrobiales","Order","Elusimicrobiales","d__Bacteria;p__Elusimicrobiota;c__Elusimicrobia;o__;f__;g___o__Elusimicrobiales",NA,NA
"X641854","PFOS",0.000804282053879318,0.000548410865198755,-0.000317344103692819,0.00192590821145145,0.153254530853353,37,0.000721847146898378,0.00049220148138627,0.535767476588919,"Elusimicrobiales","Order","Elusimicrobiales","d__Bacteria;p__Elusimicrobiota;c__Elusimicrobia;o__;f__;g___o__Elusimicrobiales",NA,NA
"X641854","PFNA",8.50959225070788e-06,0.000381554647602678,-0.000771857283119786,0.000788876467621202,0.982359469380817,37,1.3175533253005e-05,0.000590766960298183,0.982359469380817,"Elusimicrobiales","Order","Elusimicrobiales","d__Bacteria;p__Elusimicrobiota;c__Elusimicrobia;o__;f__;g___o__Elusimicrobiales",NA,NA
"X641854","PFHxS",0.000609464987636494,0.000652730887748702,-0.000725519572322745,0.00194444954759573,0.358160400163822,37,0.000605413074502957,0.000648391329430527,0.881934180358556,"Elusimicrobiales","Order","Elusimicrobiales","d__Bacteria;p__Elusimicrobiota;c__Elusimicrobia;o__;f__;g___o__Elusimicrobiales",NA,NA
"X641854","PFOA",-0.000251649989449108,0.000460211205168145,-0.00119288758790061,0.000689587609002397,0.588689691831413,37,-0.000216161396818664,0.000395310554784923,0.817624571988073,"Elusimicrobiales","Order","Elusimicrobiales","d__Bacteria;p__Elusimicrobiota;c__Elusimicrobia;o__;f__;g___o__Elusimicrobiales",NA,NA
"X742030","PFOA",0.00122464604864096,0.000738635096990564,-0.000286032346443708,0.00273532444372562,0.10810032359071,37,0.00105194202893548,0.000634470101327221,0.45041801496129,"Salinisphaerales","Order","Salinisphaerales","d__Bacteria;p__Pseudomonadota;c__Gammaproteobacteria;o__;f__;g___o__Salinisphaerales",NA,NA
"X742030","PFBS",0.000764660313791715,0.000737806404590288,-0.000744323215031696,0.00227364384261513,0.308582137943641,37,0.000759293775625365,0.000732628332499718,0.894584712962692,"Salinisphaerales","Order","Salinisphaerales","d__Bacteria;p__Pseudomonadota;c__Gammaproteobacteria;o__;f__;g___o__Salinisphaerales",NA,NA
"X742030","PFNA",-0.00073793215208113,0.000622585014309054,-0.00201126147809362,0.000535397173931361,0.245532264743393,37,-0.00114255176062022,0.00096395800376559,0.607563910629064,"Salinisphaerales","Order","Salinisphaerales","d__Bacteria;p__Pseudomonadota;c__Gammaproteobacteria;o__;f__;g___o__Salinisphaerales",NA,NA
"X742030","PFOS",0.000400360627816927,0.00094671126618434,-0.00153588131632427,0.00233660257195812,0.675490514351042,37,0.000359325656374096,0.000849678073923875,0.956908765626562,"Salinisphaerales","Order","Salinisphaerales","d__Bacteria;p__Pseudomonadota;c__Gammaproteobacteria;o__;f__;g___o__Salinisphaerales",NA,NA
"X742030","PFHxS",0.00167806165483182,0.00106204975391806,-0.000494073983301137,0.00385019729296477,0.124948814989385,37,0.00166690537810382,0.00105498891624294,0.881934180358556,"Salinisphaerales","Order","Salinisphaerales","d__Bacteria;p__Pseudomonadota;c__Gammaproteobacteria;o__;f__;g___o__Salinisphaerales",NA,NA
"X84996","PFBS",-0.000102021997946111,0.000822816313368371,-0.00178487031207746,0.00158082631618523,0.902177659177569,37,-0.000101305987273254,0.00081704162483028,0.902177659177569,"Rubrobacterales","Order","Rubrobacterales","d__Bacteria;p__Actinomycetota;c__Rubrobacteria;o__;f__;g___o__Rubrobacterales",NA,NA
"X84996","PFOA",0.000302181316761952,0.000844728980596797,-0.00142548343392316,0.00202984606744706,0.723139093773876,37,0.000259566613401256,0.000725602241346158,0.909482808361455,"Rubrobacterales","Order","Rubrobacterales","d__Bacteria;p__Actinomycetota;c__Rubrobacteria;o__;f__;g___o__Rubrobacterales",NA,NA
"X84996","PFNA",-0.000608772821837201,0.00068910071358535,-0.00201814202767676,0.000800596384002355,0.384268814919558,37,-0.000942572372603924,0.00106694528938892,0.73897849022992,"Rubrobacterales","Order","Rubrobacterales","d__Bacteria;p__Actinomycetota;c__Rubrobacteria;o__;f__;g___o__Rubrobacterales",NA,NA
"X84996","PFOS",0.00157411648438992,0.000998319616855126,-0.00046767638832475,0.00361590935710459,0.125696879897152,37,0.00141277738035053,0.000895996825546086,0.535767476588919,"Rubrobacterales","Order","Rubrobacterales","d__Bacteria;p__Actinomycetota;c__Rubrobacteria;o__;f__;g___o__Rubrobacterales",NA,NA
"X84996","PFHxS",0.000881444684232414,0.00120132563790308,-0.00157554212026095,0.00333843148872578,0.469006094444528,37,0.000875584565333086,0.00119333885075596,0.881934180358556,"Rubrobacterales","Order","Rubrobacterales","d__Bacteria;p__Actinomycetota;c__Rubrobacteria;o__;f__;g___o__Rubrobacterales",NA,NA
"X85001","PFOA",-0.000603341954143772,0.00108073470696448,-0.00281369261210912,0.00160700870382158,0.580944953098826,37,-0.000518256487324015,0.000928325585704407,0.817624571988073,"Sphaerobacterales","Order","Sphaerobacterales","d__Bacteria;p__Thermomicrobiota;c__Thermomicrobia;o__;f__;g___o__Sphaerobacterales",NA,NA
"X85001","PFBS",0.000166816319269311,0.00105583975201915,-0.00199261843890231,0.00232625107744093,0.875556566755724,37,0.000165645569162391,0.00104842965864232,0.902177659177569,"Sphaerobacterales","Order","Sphaerobacterales","d__Bacteria;p__Thermomicrobiota;c__Thermomicrobia;o__;f__;g___o__Sphaerobacterales",NA,NA
"X85001","PFOS",0.0017276123370346,0.00129593199339151,-0.000922866190037836,0.00437809086410703,0.192876291572011,37,0.0015505406721682,0.00116310541493737,0.535767476588919,"Sphaerobacterales","Order","Sphaerobacterales","d__Bacteria;p__Thermomicrobiota;c__Thermomicrobia;o__;f__;g___o__Sphaerobacterales",NA,NA
"X85001","PFHxS",0.00358110845089621,0.00140678822765619,0.000703903467490446,0.00645831343430197,0.0164858776294763,37,0.00355730012612094,0.00139743546119482,0.206073470368454,"Sphaerobacterales","Order","Sphaerobacterales","d__Bacteria;p__Thermomicrobiota;c__Thermomicrobia;o__;f__;g___o__Sphaerobacterales",NA,NA
"X85001","PFNA",-0.00020709297830021,0.000895397774316435,-0.00203838704783183,0.00162420109123141,0.81871673862161,37,-0.000320645260274518,0.00138635821818507,0.88990949850175,"Sphaerobacterales","Order","Sphaerobacterales","d__Bacteria;p__Thermomicrobiota;c__Thermomicrobia;o__;f__;g___o__Sphaerobacterales",NA,NA
"X85009","PFBS",-0.000127329051116567,0.00042758445892561,-0.0010018374610265,0.000747179358793363,0.767988800172223,37,-0.000126435430511212,0.000424583586150111,0.894584712962692,"Propionibacteriales","Order","Propionibacteriales","d__Bacteria;p__Actinomycetota;c__Actinomycetes;o__;f__;g___o__Propionibacteriales",NA,NA
"X85009","PFNA",-0.000402161458260824,0.000355585112202279,-0.00112941467003801,0.000325091753516361,0.267328120676788,37,-0.000622672803852813,0.000550557927109245,0.607563910629064,"Propionibacteriales","Order","Propionibacteriales","d__Bacteria;p__Actinomycetota;c__Actinomycetes;o__;f__;g___o__Propionibacteriales",NA,NA
"X85009","PFOS",-0.00084752405341633,0.000517863173683123,-0.00190667316680197,0.000211625059969311,0.112526685928336,37,-0.000760657056732145,0.000464784776191205,0.535767476588919,"Propionibacteriales","Order","Propionibacteriales","d__Bacteria;p__Actinomycetota;c__Actinomycetes;o__;f__;g___o__Propionibacteriales",NA,NA
"X85009","PFHxS",0.000238066396463976,0.000629292878800633,-0.0010489820528421,0.00152511484577005,0.707957219988206,37,0.000236483656884091,0.000625109143668708,0.933933132097666,"Propionibacteriales","Order","Propionibacteriales","d__Bacteria;p__Actinomycetota;c__Actinomycetes;o__;f__;g___o__Propionibacteriales",NA,NA
"X85009","PFOA",-0.000589088705043062,0.000426695362345447,-0.00146177870827252,0.0002836012981864,0.177955970413789,37,-0.000506013283016483,0.000366521237463794,0.557656969656865,"Propionibacteriales","Order","Propionibacteriales","d__Bacteria;p__Actinomycetota;c__Actinomycetes;o__;f__;g___o__Propionibacteriales",NA,NA
"X1161","Mixture",-0.00364030579080864,NA,-0.00786686828334297,0.000586256701725676,0.104346053290625,37,-0.00433471566228352,NA,0.489555895251668,"Nostocales","Order","Nostocales","d__Bacteria;p__Cyanobacteriota;c__Cyanophyceae;o__;f__;g___o__Nostocales",-0.00971083893248698,0.00104140760791994
"X1643687","Mixture",-0.00125199666720531,NA,-0.0042004805486839,0.00169648721427328,0.413474226195302,37,-0.00263148175210743,NA,0.632036249457034,"Brevinematales","Order","Brevinematales","d__Bacteria;p__Spirochaetota;c__Spirochaetia;o__;f__;g___o__Brevinematales",-0.00708021734437611,0.00181725384016125
"X1643822","Mixture",0.00227966211786217,NA,-0.00118897136413674,0.00574829559986108,0.209981617406386,37,0.00189878374850533,NA,0.516027902386386,"Eggerthellales","Order","Eggerthellales","d__Bacteria;p__Actinomycetota;c__Coriobacteriia;o__;f__;g___o__Eggerthellales",-0.00237262143378904,0.00617018893079969
"X1643946","Mixture",-0.00122912001640508,NA,-0.0055646866183724,0.00310644658556224,0.583597452869838,37,-0.00165851026252596,NA,0.632036249457034,"Kosmotogales","Order","Kosmotogales","d__Bacteria;p__Thermotogota;c__Thermotogae;o__;f__;g___o__Kosmotogales",-0.00843308082526766,0.00511606030021573
"X1663425","Mixture",0.00158796072845994,NA,-0.00285078625234219,0.00602670770926207,0.489936215425054,37,0.00259165581094904,NA,0.632036249457034,"Fimbriimonadales","Order","Fimbriimonadales","d__Bacteria;p__Armatimonadota;c__Fimbriimonadia;o__;f__;g___o__Fimbriimonadales",-0.00314269508777719,0.00832600670967526
"X1769716","Mixture",-0.0084774153460997,NA,-0.016012420285963,-0.000942410406236348,0.0372736756446919,37,-0.0094526943252173,NA,0.408269334447675,"Mesoaciditogales","Order","Mesoaciditogales","d__Bacteria;p__Thermotogota;c__Thermotogae;o__;f__;g___o__Mesoaciditogales",-0.0199567404150148,0.00105135176458022
"X1779134","Mixture",0.00229903458271904,NA,-0.00272245920402984,0.00732052836946792,0.378447392989885,37,0.00338544336545967,NA,0.630745654983141,"Bradymonadales","Order","Bradymonadales","d__Bacteria;p__;c__Deltaproteobacteria;o__;f__;g___o__Bradymonadales",-0.00343017677681351,0.0102010635077329
"X1955042","Mixture",0.00176805370105478,NA,-0.000484756725928688,0.00402086412803824,0.137075650670467,37,0.00285405498202706,NA,0.489555895251668,"Gloeomargaritales","Order","Gloeomargaritales","d__Bacteria;p__Cyanobacteriota;c__Cyanophyceae;o__;f__;g___o__Gloeomargaritales",-0.00028088318155541,0.00598899314560954
"X1963360","Mixture",0.00234194794957914,NA,0.000128581882918288,0.00455531401624,0.048992320133721,37,0.00220300439817613,NA,0.408269334447675,"Parachlamydiales","Order","Parachlamydiales","d__Bacteria;p__Chlamydiota;c__Chlamydiia;o__;f__;g___o__Parachlamydiales",-0.000707427583146903,0.00511343637949917
"X2024973","Mixture",0.00426440010464969,NA,-0.00113795096275869,0.00966675117205807,0.134921180035443,37,0.00561434316236384,NA,0.489555895251668,"Silvanigrellales","Order","Silvanigrellales","d__Bacteria;p__Bdellovibrionota;c__Oligoflexia;o__;f__;g___o__Silvanigrellales",-0.00174436115555482,0.0129730474802825
"X2039638","Mixture",-0.00124401932469205,NA,-0.00520243602552472,0.00271439737614062,0.543718030329635,37,-0.00254650321176866,NA,0.632036249457034,"Candidatus Nanopelagicales","Order","Candidatus Nanopelagicales","d__Bacteria;p__Actinomycetota;c__Actinomycetes;o__;f__;g___o__Candidatus_Nanopelagicales",-0.00798799398190143,0.00289498755836411
"X204441","Mixture",-0.000797616810358575,NA,-0.00364538478209175,0.0020501511613746,0.588106873496234,37,-0.00079186994510652,NA,0.632036249457034,"Rhodospirillales","Order","Rhodospirillales","d__Bacteria;p__Pseudomonadota;c__Alphaproteobacteria;o__;f__;g___o__Rhodospirillales",-0.00446058345084578,0.00287684356063274
"X2497644","Mixture",0.00328082564408146,NA,-0.00190593006418429,0.00846758135234721,0.22705227705001,37,0.00834546028659852,NA,0.516027902386386,"Candidatus Babeliales","Order","Candidatus Babeliales","d__Bacteria;p__;c__Candidatus Babeliae;o__;f__;g___o__Candidatus_Babeliales",0.00184855951404766,0.0148423610591494
"X2800059","Mixture",-0.00149016784955737,NA,-0.00413097107923928,0.00115063538012454,0.279698764816457,37,-0.00223456622739786,NA,0.537882240031647,"Maricaulales","Order","Maricaulales","d__Bacteria;p__Pseudomonadota;c__Alphaproteobacteria;o__;f__;g___o__Maricaulales",-0.00597745080154318,0.00150831834674746
"X2805415","Mixture",0.00131498602242543,NA,-0.000488826036972564,0.00311879808182342,0.165942437525176,37,0.00187105462015787,NA,0.516027902386386,"Jatrophihabitantales","Order","Jatrophihabitantales","d__Bacteria;p__Actinomycetota;c__Actinomycetes;o__;f__;g___o__Jatrophihabitantales",-0.000370136508293108,0.00411224574860885
"X3031460","Mixture",-0.00204738353258947,NA,-0.00812469617397702,0.00402992910879809,0.515354636331815,37,-0.00304800462010024,NA,0.632036249457034,"Candidatus Desulfofervidales","Order","Candidatus Desulfofervidales","d__Bacteria;p__Thermodesulfobacteriota;c__Candidatus Desulfofervidia;o__;f__;g___o__Candidatus_Desulfofervidales",-0.0103707320593159,0.00427472281911537
"X3031655","Mixture",-4.05394747609446e-05,NA,-0.00222241036968133,0.00214133142015944,0.971251535889826,37,-0.000296933118333132,NA,0.971251535889826,"Desulfobaccales","Order","Desulfobaccales","d__Bacteria;p__Thermodesulfobacteriota;c__Desulfobaccia;o__;f__;g___o__Desulfobaccales",-0.00360255112325317,0.0030086848865869
"X3031714","Mixture",-0.00228442706398243,NA,-0.00607130888988283,0.00150245476191798,0.24865137576779,37,-0.00232380761431834,NA,0.51802369951623,"Haliangiales","Order","Haliangiales","d__Bacteria;p__Myxococcota;c__;o__;f__;g___o__Haliangiales",-0.00750057378346745,0.00285295855483077
"X485256","Mixture",-0.00207472066104225,NA,-0.0098712431111664,0.00572180178908189,0.606754799478753,37,-0.00250806152273495,NA,0.632036249457034,"Natranaerobiales","Order","Natranaerobiales","d__Bacteria;p__Bacillota;c__Clostridia;o__;f__;g___o__Natranaerobiales",-0.0122784086417223,0.00726228559625243
"X622452","Mixture",-0.00144342308598502,NA,-0.00639026373948933,0.00350341756751929,0.572713413589623,37,-0.0045275678118458,NA,0.632036249457034,"Kineosporiales","Order","Kineosporiales","d__Bacteria;p__Actinomycetota;c__Actinomycetes;o__;f__;g___o__Kineosporiales",-0.0105914117393374,0.00153627611564581
"X641854","Mixture",0.00104912677236882,NA,-0.00118238794821945,0.00328064149295709,0.365981150428146,37,0.00139724613811577,NA,0.630745654983141,"Elusimicrobiales","Order","Elusimicrobiales","d__Bacteria;p__Elusimicrobiota;c__Elusimicrobia;o__;f__;g___o__Elusimicrobiales",-0.00165192428266007,0.00444641655889161
"X742030","Mixture",0.00262828498918846,NA,-0.00118590923600749,0.0064424792143844,0.189430773520814,37,0.00254509608624827,NA,0.516027902386386,"Salinisphaerales","Order","Salinisphaerales","d__Bacteria;p__Pseudomonadota;c__Gammaproteobacteria;o__;f__;g___o__Salinisphaerales",-0.00258450104436079,0.00767469321685733
"X84996","Mixture",0.00143714185897957,NA,-0.00285691968085401,0.00573120339881314,0.518087633899134,37,0.00117136388535679,NA,0.632036249457034,"Rubrobacterales","Order","Rubrobacterales","d__Bacteria;p__Actinomycetota;c__Rubrobacteria;o__;f__;g___o__Rubrobacterales",-0.00403708192180321,0.00637980969251679
"X85001","Mixture",0.00444502144692773,NA,-0.000891962107179774,0.00978200500103522,0.115648802060252,37,0.00487083475849352,NA,0.489555895251668,"Sphaerobacterales","Order","Sphaerobacterales","d__Bacteria;p__Thermomicrobiota;c__Thermomicrobia;o__;f__;g___o__Sphaerobacterales",-0.00215930123458289,0.0119009707515699
"X85009","Mixture",-0.0026753102948061,NA,-0.00462920461180194,-0.000721415977810265,0.0129847211018324,37,-0.00239362516870903,NA,0.324618027545809,"Propionibacteriales","Order","Propionibacteriales","d__Bacteria;p__Actinomycetota;c__Actinomycetes;o__;f__;g___o__Propionibacteriales",-0.00517281136834732,0.000385561030929255
"X1313211","PFBS",0.00132980867819968,0.000444707852475716,0.000420278996227168,0.00223933836017219,0.00563387226456257,37,0.00132047581640891,0.000441586804318591,0.0422540419842193,"Lentisphaeria","Class","Lentisphaeria","d__Bacteria;p__Lentisphaerota;c__;o__;f__;g___c__Lentisphaeria",NA,NA
"X1313211","PFHxS",0.00015559287036441,0.00074877105030688,-0.00137581587689406,0.00168700161762288,0.836839382501719,37,0.000154558440482951,0.000743792987064041,0.931671873341817,"Lentisphaeria","Class","Lentisphaeria","d__Bacteria;p__Lentisphaerota;c__;o__;f__;g___c__Lentisphaeria",NA,NA
"X1313211","PFNA",-0.000279588779031856,0.000428451029669851,-0.00115586952511491,0.000596691967051202,0.519181541420738,37,-0.000432891629442625,0.000663377353742153,0.699612566478881,"Lentisphaeria","Class","Lentisphaeria","d__Bacteria;p__Lentisphaerota;c__;o__;f__;g___c__Lentisphaeria",NA,NA
"X1313211","PFOA",0.00122741659584914,0.000470974692572468,0.000264165193905594,0.00219066799779269,0.0143069400366108,37,0.00105432186354539,0.000404556136225447,0.214604100549162,"Lentisphaeria","Class","Lentisphaeria","d__Bacteria;p__Lentisphaerota;c__;o__;f__;g___c__Lentisphaeria",NA,NA
"X1313211","PFOS",0.000413601173677066,0.000638302515485906,-0.000891874051642578,0.00171907639899671,0.522101628529097,37,0.000371209112192138,0.000572879684980134,0.602424955995111,"Lentisphaeria","Class","Lentisphaeria","d__Bacteria;p__Lentisphaerota;c__;o__;f__;g___c__Lentisphaeria",NA,NA
"X1497346","PFOA",-0.00062470971486106,0.000567316590009005,-0.00178500242122112,0.000535582991499003,0.279880571499375,37,-0.000536610889061314,0.000487311550472161,0.868145539283674,"Thermoleophilia","Class","Thermoleophilia","d__Bacteria;p__Actinomycetota;c__;o__;f__;g___c__Thermoleophilia",NA,NA
"X1497346","PFOS",-0.00101292805373603,0.000686191034500997,-0.00241634629766317,0.000390490190191117,0.150677676589981,37,-0.000909107970364325,0.000615859869174843,0.518628645528967,"Thermoleophilia","Class","Thermoleophilia","d__Bacteria;p__Actinomycetota;c__;o__;f__;g___c__Thermoleophilia",NA,NA
"X1497346","PFNA",0.000221306880799981,0.000475863774987923,-0.000751943817422487,0.00119455757902245,0.645359291056412,37,0.000342652865283456,0.000736787240391252,0.699612566478881,"Thermoleophilia","Class","Thermoleophilia","d__Bacteria;p__Actinomycetota;c__;o__;f__;g___c__Thermoleophilia",NA,NA
"X1497346","PFBS",0.000564292083567603,0.00055310501710358,-0.000566934692624954,0.00169551885976016,0.316057435489418,37,0.000560331769492432,0.000549223216085861,0.499304762810475,"Thermoleophilia","Class","Thermoleophilia","d__Bacteria;p__Actinomycetota;c__;o__;f__;g___c__Thermoleophilia",NA,NA
"X1497346","PFHxS",0.0015630659157363,0.000776826576378473,-2.57228250694185e-05,0.00315185465654202,0.0535788391520672,37,0.00155267416651192,0.000771661991256832,0.532592667084903,"Thermoleophilia","Class","Thermoleophilia","d__Bacteria;p__Actinomycetota;c__;o__;f__;g___c__Thermoleophilia",NA,NA
"X1676648","PFBS",-0.000538550314748367,0.000565942334611396,-0.00169603235323338,0.000618931723736645,0.34916459602999,37,-0.000534770661526578,0.000561970438746179,0.499304762810475,"Limnochordia","Class","Limnochordia","d__Bacteria;p__Bacillota;c__;o__;f__;g___c__Limnochordia",NA,NA
"X1676648","PFHxS",0.00074146108242063,0.000835343929628305,-0.000967009083830795,0.00244993124867205,0.382052357585882,37,0.000736531618121922,0.000829790302909554,0.679660914944041,"Limnochordia","Class","Limnochordia","d__Bacteria;p__Bacillota;c__;o__;f__;g___c__Limnochordia",NA,NA
"X1676648","PFNA",-0.000430408793522549,0.000481023928892477,-0.00141421319146858,0.00055339560442348,0.378273400492064,37,-0.000666408589785292,0.000744776786465499,0.682842365291187,"Limnochordia","Class","Limnochordia","d__Bacteria;p__Bacillota;c__;o__;f__;g___c__Limnochordia",NA,NA
"X1676648","PFOA",0.000187952220226985,0.000590128100285334,-0.00101899526313204,0.00139489970358601,0.752392800712518,37,0.000161446517634965,0.000506906098978478,0.868145539283674,"Limnochordia","Class","Limnochordia","d__Bacteria;p__Bacillota;c__;o__;f__;g___c__Limnochordia",NA,NA
"X1676648","PFOS",0.00161446656859108,0.000661621673419141,0.000261298310236813,0.00296763482694535,0.0210263110643839,37,0.00144899178177505,0.000593808745302925,0.315394665965759,"Limnochordia","Class","Limnochordia","d__Bacteria;p__Bacillota;c__;o__;f__;g___c__Limnochordia",NA,NA
"X1853228","PFHxS",-0.00210973814078598,0.00112568542558814,-0.00441202334091562,0.000192547059343658,0.0710123556113204,37,-0.00209571194427857,0.0011182015181403,0.532592667084903,"Chitinophagia","Class","Chitinophagia","d__Bacteria;p__Bacteroidota;c__;o__;f__;g___c__Chitinophagia",NA,NA
"X1853228","PFNA",0.00101162710555884,0.000660293484087626,-0.000338824700604254,0.00236207891172193,0.136338484423825,37,0.00156631788882985,0.00102234261055403,0.340846211059563,"Chitinophagia","Class","Chitinophagia","d__Bacteria;p__Bacteroidota;c__;o__;f__;g___c__Chitinophagia",NA,NA
"X1853228","PFOA",0.000305198527071782,0.000830334171231419,-0.00139302553280641,0.00200342258694997,0.715869520511204,37,0.00026215832578915,0.000713237440115011,0.868145539283674,"Chitinophagia","Class","Chitinophagia","d__Bacteria;p__Bacteroidota;c__;o__;f__;g___c__Chitinophagia",NA,NA
"X1853228","PFOS",-0.000940683896585569,0.00100760250184843,-0.00300146240085305,0.00112009460768191,0.35822597251587,37,-0.000844268479706039,0.000904328261035765,0.592893343349199,"Chitinophagia","Class","Chitinophagia","d__Bacteria;p__Bacteroidota;c__;o__;f__;g___c__Chitinophagia",NA,NA
"X1853228","PFBS",-0.00044935748725664,0.000804794040888686,-0.00209534611549394,0.00119663114098066,0.580890549841632,37,-0.000446203807037851,0.000799145836243328,0.677210302965843,"Chitinophagia","Class","Chitinophagia","d__Bacteria;p__Bacteroidota;c__;o__;f__;g___c__Chitinophagia",NA,NA
"X186801","PFNA",0.000231214710474806,0.000508910398399853,-0.000809623921522138,0.00127205334247175,0.652971728713622,37,0.000357993311159099,0.000787953838370985,0.699612566478881,"Clostridia","Class","Clostridia","d__Bacteria;p__Bacillota;c__;o__;f__;g___c__Clostridia",NA,NA
"X186801","PFOA",-0.000248732452440539,0.00061743872194634,-0.00151153642876573,0.00101407152388465,0.690016307387124,37,-0.000213655301442213,0.000530365277892623,0.868145539283674,"Clostridia","Class","Clostridia","d__Bacteria;p__Bacillota;c__;o__;f__;g___c__Clostridia",NA,NA
"X186801","PFHxS",0.0003332807059613,0.000884558710682997,-0.00147584498933425,0.00214240640125685,0.709082825843624,37,0.000331064951985217,0.000878677888765564,0.931671873341817,"Clostridia","Class","Clostridia","d__Bacteria;p__Bacillota;c__;o__;f__;g___c__Clostridia",NA,NA
"X186801","PFOS",0.000887075379010044,0.000742739238068028,-0.000631996927061746,0.00240614768508183,0.242026701246851,37,0.000796154568330427,0.000666612163360951,0.518628645528967,"Clostridia","Class","Clostridia","d__Bacteria;p__Bacillota;c__;o__;f__;g___c__Clostridia",NA,NA
"X186801","PFBS",0.000229335337391112,0.000600427364193474,-0.000998676505804989,0.00145734718058721,0.705280512328325,37,0.000227725816380536,0.000596213445531883,0.755657691780348,"Clostridia","Class","Clostridia","d__Bacteria;p__Bacillota;c__;o__;f__;g___c__Clostridia",NA,NA
"X200643","PFNA",0.000404692471454448,0.000447897387280331,-0.000511360541645076,0.00132074548455397,0.373684839693621,37,0.000626591610713813,0.000693486449900714,0.682842365291187,"Bacteroidia","Class","Bacteroidia","d__Bacteria;p__Bacteroidota;c__;o__;f__;g___c__Bacteroidia",NA,NA
"X200643","PFHxS",-6.4700027357367e-05,0.000788428200606311,-0.00167721675393074,0.00154781669921601,0.935161161877044,37,-6.42698814164063e-05,0.000783186484271996,0.935161161877044,"Bacteroidia","Class","Bacteroidia","d__Bacteria;p__Bacteroidota;c__;o__;f__;g___c__Bacteroidia",NA,NA
"X200643","PFOS",0.000443093352786809,0.000671509851419279,-0.000930298500320028,0.00181648520589365,0.514559196689058,37,0.000397678489748806,0.000602683434279255,0.602424955995111,"Bacteroidia","Class","Bacteroidia","d__Bacteria;p__Bacteroidota;c__;o__;f__;g___c__Bacteroidia",NA,NA
"X200643","PFOA",0.000373298727610791,0.000546212477721252,-0.000743831222727462,0.00149042867794904,0.499758775308844,37,0.000320654789486082,0.000469183616508305,0.868145539283674,"Bacteroidia","Class","Bacteroidia","d__Bacteria;p__Bacteroidota;c__;o__;f__;g___c__Bacteroidia",NA,NA
"X200643","PFBS",-0.0012881157730212,0.000478855246011146,-0.00226748471645395,-0.000308746829588458,0.0117271575283872,37,-0.00127907552033133,0.000475494544654575,0.043976840731452,"Bacteroidia","Class","Bacteroidia","d__Bacteria;p__Bacteroidota;c__;o__;f__;g___c__Bacteroidia",NA,NA
"X2008785","PFOS",-0.000285474243957572,0.000686520753365637,-0.00168956683868025,0.0011186183507651,0.680597310368986,37,-0.000256214554980814,0.000616155793497126,0.729211403966771,"Hydrogenophilia","Class","Hydrogenophilia","d__Bacteria;p__Pseudomonadota;c__;o__;f__;g___c__Hydrogenophilia",NA,NA
"X2008785","PFBS",-0.000493043233782146,0.000537045092317063,-0.0015914237757509,0.000605337308186606,0.366156826061015,37,-0.000489582958305534,0.000533276003045673,0.499304762810475,"Hydrogenophilia","Class","Hydrogenophilia","d__Bacteria;p__Pseudomonadota;c__;o__;f__;g___c__Hydrogenophilia",NA,NA
"X2008785","PFOA",-0.000456118079419205,0.000553948285251855,-0.00158906953262488,0.000676833373786472,0.417003741591891,37,-0.000391794656448579,0.000475828492452851,0.868145539283674,"Hydrogenophilia","Class","Hydrogenophilia","d__Bacteria;p__Pseudomonadota;c__;o__;f__;g___c__Hydrogenophilia",NA,NA
"X2008785","PFHxS",0.000816895967826489,0.000788077217473825,-0.00079490291764044,0.00242869485329342,0.308503535062267,37,0.000811464988905771,0.000782837834584733,0.679660914944041,"Hydrogenophilia","Class","Hydrogenophilia","d__Bacteria;p__Pseudomonadota;c__;o__;f__;g___c__Hydrogenophilia",NA,NA
"X2008785","PFNA",0.000224228197637995,0.000460356224490947,-0.000717305998631187,0.00116576239390718,0.629866356446785,37,0.000347175985311753,0.000712776660186476,0.699612566478881,"Hydrogenophilia","Class","Hydrogenophilia","d__Bacteria;p__Pseudomonadota;c__;o__;f__;g___c__Hydrogenophilia",NA,NA
"X2138243","PFBS",0.000413932351929554,0.000295013339173239,-0.000189437674172104,0.00101730237803121,0.171204550601156,37,0.000411027292356236,0.000292942876883383,0.428011376502891,"Coprothermobacteria","Class","Coprothermobacteria","d__Bacteria;p__Coprothermobacterota;c__;o__;f__;g___c__Coprothermobacteria",NA,NA
"X2138243","PFHxS",0.00038862754491899,0.000443261613500829,-0.000517944246232475,0.00129519933607046,0.387830230959394,37,0.000386043827912673,0.00044031467218382,0.679660914944041,"Coprothermobacteria","Class","Coprothermobacteria","d__Bacteria;p__Coprothermobacterota;c__;o__;f__;g___c__Coprothermobacteria",NA,NA
"X2138243","PFNA",-0.000385441374916311,0.000248563751014077,-0.000893811326449995,0.000122928576617373,0.131825617627681,37,-0.000596784840292595,0.000384855098868596,0.340846211059563,"Coprothermobacteria","Class","Coprothermobacteria","d__Bacteria;p__Coprothermobacterota;c__;o__;f__;g___c__Coprothermobacteria",NA,NA
"X2138243","PFOA",-7.42274855788464e-05,0.000313284984196473,-0.000714967221692548,0.000566512250534855,0.814374664177154,37,-6.37596568161412e-05,0.00026910440145247,0.872544283046951,"Coprothermobacteria","Class","Coprothermobacteria","d__Bacteria;p__Coprothermobacterota;c__;o__;f__;g___c__Coprothermobacteria",NA,NA
"X2138243","PFOS",-0.000269528607546412,0.000382051257490256,-0.00105091116417956,0.000511853949086733,0.486141679833432,37,-0.000241903266927877,0.000342892905365833,0.602424955995111,"Coprothermobacteria","Class","Coprothermobacteria","d__Bacteria;p__Coprothermobacterota;c__;o__;f__;g___c__Coprothermobacteria",NA,NA
"X2907184","PFOA",-0.00068387645042256,0.00060265309305329,-0.00191644042025811,0.000548687519412988,0.26576182949051,37,-0.00058743371735617,0.000517664771918588,0.868145539283674,"Tichowtungiia","Class","Tichowtungiia","d__Bacteria;p__Kiritimatiellota;c__;o__;f__;g___c__Tichowtungiia",NA,NA
"X2907184","PFOS",-0.00096459215504428,0.00073525737794378,-0.00246836233901167,0.000539178028923108,0.199840970443151,37,-0.000865726260682858,0.000659897156656361,0.518628645528967,"Tichowtungiia","Class","Tichowtungiia","d__Bacteria;p__Kiritimatiellota;c__;o__;f__;g___c__Tichowtungiia",NA,NA
"X2907184","PFNA",0.000380764157874188,0.000503071599313569,-0.00064813278915703,0.00140966110490541,0.455228243527458,37,0.00058954303282939,0.00077891353546898,0.682842365291187,"Tichowtungiia","Class","Tichowtungiia","d__Bacteria;p__Kiritimatiellota;c__;o__;f__;g___c__Tichowtungiia",NA,NA
"X2907184","PFBS",0.00169585327283401,0.000509247486054127,0.000654325219174553,0.00273738132649347,0.0023746694328734,37,0.00168395143727508,0.000505673485912188,0.035620041493101,"Tichowtungiia","Class","Tichowtungiia","d__Bacteria;p__Kiritimatiellota;c__;o__;f__;g___c__Tichowtungiia",NA,NA
"X2907184","PFHxS",-0.000732027739393886,0.000871491718143709,-0.00251442843421456,0.00105037295542679,0.407796548966425,37,-0.000727160990898839,0.000865697769664061,0.679660914944041,"Tichowtungiia","Class","Tichowtungiia","d__Bacteria;p__Kiritimatiellota;c__;o__;f__;g___c__Tichowtungiia",NA,NA
"X3031419","PFOA",0.00019455624854329,0.000558132228029919,-0.00094695232845307,0.00133606482553965,0.729919334379585,37,0.000167119221967707,0.000479422400472062,0.868145539283674,"Bacteriovoracia","Class","Bacteriovoracia","d__Bacteria;p__Bdellovibrionota;c__;o__;f__;g___c__Bacteriovoracia",NA,NA
"X3031419","PFOS",-0.000585554381664528,0.000678573587127286,-0.00197339319642557,0.000802284433096517,0.395262228899466,37,-0.000525537972306674,0.000609023172238937,0.592893343349199,"Bacteriovoracia","Class","Bacteriovoracia","d__Bacteria;p__Bdellovibrionota;c__;o__;f__;g___c__Bacteriovoracia",NA,NA
"X3031419","PFNA",-0.000103123586004896,0.000460942165020104,-0.00104585616521284,0.000839608993203044,0.824541075442229,37,-0.000159667842658807,0.000713683880967301,0.824541075442229,"Bacteriovoracia","Class","Bacteriovoracia","d__Bacteria;p__Bdellovibrionota;c__;o__;f__;g___c__Bacteriovoracia",NA,NA
"X3031419","PFBS",-4.78076012240077e-05,0.000543665349622385,-0.00115972808967215,0.00106411288722413,0.930532202879945,37,-4.74720779701094e-05,0.000539849798068516,0.930532202879945,"Bacteriovoracia","Class","Bacteriovoracia","d__Bacteria;p__Bdellovibrionota;c__;o__;f__;g___c__Bacteriovoracia",NA,NA
"X3031419","PFHxS",-0.000463406704142579,0.000796352998697698,-0.00209213146268038,0.00116531805439522,0.56512319142087,37,-0.000460325831986221,0.000791058595836481,0.847684787131305,"Bacteriovoracia","Class","Bacteriovoracia","d__Bacteria;p__Bdellovibrionota;c__;o__;f__;g___c__Bacteriovoracia",NA,NA
"X3031449","PFBS",0.000944111077985213,0.00034428897017354,0.000239961070726946,0.00164826108524348,0.0103475575795513,37,0.000937485118664587,0.000341872681704838,0.043976840731452,"Desulfovibrionia","Class","Desulfovibrionia","d__Bacteria;p__Thermodesulfobacteriota;c__;o__;f__;g___c__Desulfovibrionia",NA,NA
"X3031449","PFHxS",-0.000727719022402891,0.000552871851922532,-0.00185846892225566,0.000403030877449875,0.198398628513875,37,-0.000722880919600902,0.000549196187588384,0.605104395868925,"Desulfovibrionia","Class","Desulfovibrionia","d__Bacteria;p__Thermodesulfobacteriota;c__;o__;f__;g___c__Desulfovibrionia",NA,NA
"X3031449","PFNA",-0.000257900315292586,0.000324290423496777,-0.000921148702087963,0.00040534807150279,0.432914367981718,37,-0.00039931104569849,0.000502103876723049,0.682842365291187,"Desulfovibrionia","Class","Desulfovibrionia","d__Bacteria;p__Thermodesulfobacteriota;c__;o__;f__;g___c__Desulfovibrionia",NA,NA
"X3031449","PFOA",0.000409187283984582,0.000390082418818555,-0.000388620841857951,0.00120699540982711,0.302852780777473,37,0.000351482211702736,0.00033507158379307,0.868145539283674,"Desulfovibrionia","Class","Desulfovibrionia","d__Bacteria;p__Thermodesulfobacteriota;c__;o__;f__;g___c__Desulfovibrionia",NA,NA
"X3031449","PFOS",-0.000706330889331073,0.000470370369236467,-0.0016683463112744,0.000255684532612255,0.1439991246341,37,-0.000633935489136667,0.000422159747791448,0.518628645528967,"Desulfovibrionia","Class","Desulfovibrionia","d__Bacteria;p__Thermodesulfobacteriota;c__;o__;f__;g___c__Desulfovibrionia",NA,NA
"X3031647","PFBS",-0.00121523986311486,0.000718459083732995,-0.00268465367782509,0.000254173951595361,0.101471074465012,37,-0.00120671106805508,0.000713416794988213,0.304413223395036,"Desulfobaccia","Class","Desulfobaccia","d__Bacteria;p__Thermodesulfobacteriota;c__;o__;f__;g___c__Desulfobaccia",NA,NA
"X3031647","PFHxS",-0.00140835287163547,0.00107808577467468,-0.00361328585476172,0.000796580111490788,0.201701465289642,37,-0.00139898970293342,0.0010709183245371,0.605104395868925,"Desulfobaccia","Class","Desulfobaccia","d__Bacteria;p__Thermodesulfobacteriota;c__;o__;f__;g___c__Desulfobaccia",NA,NA
"X3031647","PFNA",0.00137606875175749,0.000585625045504526,0.000178331049516315,0.00257380645399866,0.0258052054017638,37,0.00213058852446115,0.000906732312608229,0.0967695202566143,"Desulfobaccia","Class","Desulfobaccia","d__Bacteria;p__Thermodesulfobacteriota;c__;o__;f__;g___c__Desulfobaccia",NA,NA
"X3031647","PFOA",0.000292372275109383,0.000772714373509404,-0.00128800606649405,0.00187275061671282,0.707911190003894,37,0.000251140878316929,0.000663743394884707,0.868145539283674,"Desulfobaccia","Class","Desulfobaccia","d__Bacteria;p__Thermodesulfobacteriota;c__;o__;f__;g___c__Desulfobaccia",NA,NA
"X3031647","PFOS",5.6515614985843e-05,0.000951741758287738,-0.00189001484071974,0.00200304607069142,0.953055765632672,37,5.07230457722725e-05,0.000854192965627373,0.953055765632672,"Desulfobaccia","Class","Desulfobaccia","d__Bacteria;p__Thermodesulfobacteriota;c__;o__;f__;g___c__Desulfobaccia",NA,NA
"X388447","PFOS",0.000656376251425558,0.000713100758743884,-0.000802078558184755,0.00211483106103587,0.364929568345673,37,0.000589100952953111,0.000640011480633607,0.592893343349199,"Ktedonobacteria","Class","Ktedonobacteria","d__Bacteria;p__Chloroflexota;c__;o__;f__;g___c__Ktedonobacteria",NA,NA
"X388447","PFHxS",0.00128972784479486,0.000808467548594115,-0.000363773950292181,0.00294322963988191,0.121492554849659,37,0.00128115333223217,0.000803092604430562,0.605104395868925,"Ktedonobacteria","Class","Ktedonobacteria","d__Bacteria;p__Chloroflexota;c__;o__;f__;g___c__Ktedonobacteria",NA,NA
"X388447","PFBS",-0.000561239240140905,0.000562820962031246,-0.00171233735490086,0.000589858874619045,0.326920794358102,37,-0.000557300351528086,0.00055887097257961,0.499304762810475,"Ktedonobacteria","Class","Ktedonobacteria","d__Bacteria;p__Chloroflexota;c__;o__;f__;g___c__Ktedonobacteria",NA,NA
"X388447","PFOA",-0.000540135828409985,0.000580165176663451,-0.00172670684505523,0.000646435188235262,0.359537885367274,37,-0.000463963918283893,0.000498348182917292,0.868145539283674,"Ktedonobacteria","Class","Ktedonobacteria","d__Bacteria;p__Chloroflexota;c__;o__;f__;g___c__Ktedonobacteria",NA,NA
"X388447","PFNA",-0.00139670612553077,0.000410592890387643,-0.00223646287580052,-0.000556949375261015,0.00197184799498438,37,-0.0021625416893595,0.000635727320577526,0.0147888599623828,"Ktedonobacteria","Class","Ktedonobacteria","d__Bacteria;p__Chloroflexota;c__;o__;f__;g___c__Ktedonobacteria",NA,NA
"X641853","PFBS",-0.000780989177155149,0.000670906214641446,-0.00215314645443088,0.000591168100120582,0.25387907033063,37,-0.000775508039778049,0.000666197661389792,0.499304762810475,"Elusimicrobia","Class","Elusimicrobia","d__Bacteria;p__Elusimicrobiota;c__;o__;f__;g___c__Elusimicrobia",NA,NA
"X641853","PFHxS",0.000305218668382894,0.00100955998329803,-0.00175956333496923,0.00237000067173502,0.7645595162594,37,0.000303189479576139,0.00100284811397263,0.931671873341817,"Elusimicrobia","Class","Elusimicrobia","d__Bacteria;p__Elusimicrobiota;c__;o__;f__;g___c__Elusimicrobia",NA,NA
"X641853","PFNA",-0.00183289912155235,0.000472574166583699,-0.00279942181515549,-0.000866376427949214,0.000555804206874283,37,-0.00283790604930662,0.000731693888836645,0.00833706310311424,"Elusimicrobia","Class","Elusimicrobia","d__Bacteria;p__Elusimicrobiota;c__;o__;f__;g___c__Elusimicrobia",NA,NA
"X641853","PFOA",-3.95188280090928e-05,0.00070600956936328,-0.00148347052690022,0.00140443287088203,0.955745666603711,37,-3.39457398022646e-05,0.000606445543729194,0.955745666603711,"Elusimicrobia","Class","Elusimicrobia","d__Bacteria;p__Elusimicrobiota;c__;o__;f__;g___c__Elusimicrobia",NA,NA
"X641853","PFOS",0.00123284197685745,0.000836792266639527,-0.000478590371181128,0.00294427432489602,0.151443761014113,37,0.00110648181104963,0.000751025224679457,0.518628645528967,"Elusimicrobia","Class","Elusimicrobia","d__Bacteria;p__Elusimicrobiota;c__;o__;f__;g___c__Elusimicrobia",NA,NA
"X795747","PFOS",-0.000538878089468438,0.000444423149978434,-0.00144782548945432,0.000370069310517444,0.235093889551664,37,-0.00048364576771622,0.000398871989347731,0.518628645528967,"Ignavibacteria","Class","Ignavibacteria","d__Bacteria;p__Ignavibacteriota;c__;o__;f__;g___c__Ignavibacteria",NA,NA
"X795747","PFBS",0.000197009888537719,0.000358570204718815,-0.000536348522938793,0.000930368300014232,0.586915595903731,37,0.000195627233956441,0.000356053687705663,0.677210302965843,"Ignavibacteria","Class","Ignavibacteria","d__Bacteria;p__Ignavibacteriota;c__;o__;f__;g___c__Ignavibacteria",NA,NA
"X795747","PFHxS",-8.79260946874931e-05,0.000530706480272292,-0.0011733427194123,0.000997490530037314,0.869560415119029,37,-8.7341534614196e-05,0.000527178178235111,0.931671873341817,"Ignavibacteria","Class","Ignavibacteria","d__Bacteria;p__Ignavibacteriota;c__;o__;f__;g___c__Ignavibacteria",NA,NA
"X795747","PFNA",0.000836165820294238,0.000263460512576027,0.000297328570442273,0.0013750030701462,0.00354797397154598,37,0.00129464846795643,0.000407919985121544,0.0177398698577299,"Ignavibacteria","Class","Ignavibacteria","d__Bacteria;p__Ignavibacteriota;c__;o__;f__;g___c__Ignavibacteria",NA,NA
"X795747","PFOA",-0.000322663039254882,0.000365873989634707,-0.00107095936814114,0.000425633289631374,0.38508422933884,37,-0.000277159929232566,0.000314277114941226,0.868145539283674,"Ignavibacteria","Class","Ignavibacteria","d__Bacteria;p__Ignavibacteriota;c__;o__;f__;g___c__Ignavibacteria",NA,NA
"X1313211","Mixture",0.00217958260683157,NA,-0.000206048214361315,0.00456521342802446,0.0859678115720688,37,0.00245672059455445,NA,0.644758586790516,"Lentisphaeria","Class","Lentisphaeria","d__Bacteria;p__Lentisphaerota;c__;o__;f__;g___c__Lentisphaeria",-0.000384817061464425,0.00529825825057333
"X1497346","Mixture",0.000524316060234012,NA,-0.00196627080798142,0.00301490292844944,0.683555239606926,37,0.00132737883013123,NA,0.930505683626552,"Thermoleophilia","Class","Thermoleophilia","d__Bacteria;p__Actinomycetota;c__;o__;f__;g___c__Thermoleophilia",-0.00183576084491068,0.00449051850517315
"X1676648","Mixture",0.00035029837157686,NA,-0.00291323992646002,0.00361383666961374,0.835149591491636,37,0.000992115054443002,NA,0.930505683626552,"Limnochordia","Class","Limnochordia","d__Bacteria;p__Bacillota;c__;o__;f__;g___c__Limnochordia",-0.00294431662890224,0.00492854673778824
"X1853228","Mixture",0.000670422461173693,NA,-0.00334636247748347,0.00468720739983086,0.746407018495201,37,-0.000774309964848063,NA,0.930505683626552,"Chitinophagia","Class","Chitinophagia","d__Bacteria;p__Bacteroidota;c__;o__;f__;g___c__Chitinophagia",-0.00602207470259515,0.00447345477289902
"X186801","Mixture",0.00015549559513343,NA,-0.00330269671895851,0.00361368790922537,0.930505683626552,37,0.0017816078252537,NA,0.930505683626552,"Clostridia","Class","Clostridia","d__Bacteria;p__Bacillota;c__;o__;f__;g___c__Clostridia",-0.00264553838403237,0.00620875403453976
"X200643","Mixture",0.000121870201967766,NA,-0.00219274090770592,0.00243648131164145,0.918664003842163,37,0.000698674317788082,NA,0.930505683626552,"Bacteroidia","Class","Bacteroidia","d__Bacteria;p__Bacteroidota;c__;o__;f__;g___c__Bacteroidia",-0.00257485936907577,0.00397220800465193
"X2008785","Mixture",-0.000352377904905411,NA,-0.00268376447908022,0.0019790086692694,0.769595751821326,37,0.000352172990505871,NA,0.930505683626552,"Hydrogenophilia","Class","Hydrogenophilia","d__Bacteria;p__Pseudomonadota;c__;o__;f__;g___c__Hydrogenophilia",-0.00314180318554224,0.00384614916655398
"X2138243","Mixture",0.000341683536704706,NA,-0.00122841755203542,0.00191178462544483,0.67352684797741,37,-0.000532319508060784,NA,0.930505683626552,"Coprothermobacteria","Class","Coprothermobacteria","d__Bacteria;p__Coprothermobacterota;c__;o__;f__;g___c__Coprothermobacteria",-0.00261003919982912,0.00154540018370755
"X2907184","Mixture",0.000317175818381255,NA,-0.00267390013591414,0.00330825177267665,0.837110611836787,37,-3.30166125403585e-05,NA,0.930505683626552,"Tichowtungiia","Class","Tichowtungiia","d__Bacteria;p__Kiritimatiellota;c__;o__;f__;g___c__Tichowtungiia",-0.00369579118120645,0.00362975795612573
"X3031419","Mixture",0.00034980694125993,NA,-0.00282702693183582,0.00352664081435568,0.830955489211678,37,-0.0012094711512794,NA,0.930505683626552,"Bacteriovoracia","Class","Bacteriovoracia","d__Bacteria;p__Bdellovibrionota;c__;o__;f__;g___c__Bacteriovoracia",-0.00533235775394293,0.00291341545138412
"X3031449","Mixture",-0.000497316820697452,NA,-0.00207674588203627,0.00108211224064137,0.54295593429128,37,-0.000914533259258824,NA,0.930505683626552,"Desulfovibrionia","Class","Desulfovibrionia","d__Bacteria;p__Thermodesulfobacteriota;c__;o__;f__;g___c__Desulfovibrionia",-0.00323622849418072,0.00140716197566307
"X3031647","Mixture",-0.00028587107606217,NA,-0.00351430248215159,0.00294256033002725,0.863673961342746,37,0.00129194467169495,NA,0.930505683626552,"Desulfobaccia","Class","Desulfobaccia","d__Bacteria;p__Thermodesulfobacteriota;c__;o__;f__;g___c__Desulfobaccia",-0.00303899051226231,0.00562287985565222
"X388447","Mixture",-0.00137267803948324,NA,-0.00422578986243488,0.0014804337834684,0.355092450258969,37,-0.00271667964691808,NA,0.930505683626552,"Ktedonobacteria","Class","Ktedonobacteria","d__Bacteria;p__Chloroflexota;c__;o__;f__;g___c__Ktedonobacteria",-0.00596049234817346,0.000527133054337308
"X641853","Mixture",-0.00328801300483955,NA,-0.00627566222565815,-0.000300363784020949,0.0412358964732737,37,-0.0041634847396614,NA,0.618538447099106,"Elusimicrobia","Class","Elusimicrobia","d__Bacteria;p__Elusimicrobiota;c__;o__;f__;g___c__Elusimicrobia",-0.00801980136469457,-0.000307168114628231
"X795747","Mixture",0.000785605252727983,NA,-0.00116019597499644,0.00273140648045241,0.436506490783088,37,0.00144320059819881,NA,0.930505683626552,"Ignavibacteria","Class","Ignavibacteria","d__Bacteria;p__Ignavibacteriota;c__;o__;f__;g___c__Ignavibacteria",-0.000709873593257534,0.00359627478965515
"X1134404","PFHxS",-0.000298678535056938,0.00126713379015855,-0.00289025812323716,0.00229290105312328,0.815312947704513,37,-0.000296692827094294,0.00125870948991088,0.883818767070846,"Ignavibacteriota","Phylum","Ignavibacteriota","d__Bacteria;p__;c__;o__;f__;g___p__Ignavibacteriota",NA,NA
"X1134404","PFOA",-0.000949844511005581,0.000867897328880475,-0.00272489385435972,0.000825204832348562,0.282777729408517,37,-0.000815893999077754,0.000745503305272068,0.50248406403581,"Ignavibacteriota","Phylum","Ignavibacteriota","d__Bacteria;p__;c__;o__;f__;g___p__Ignavibacteriota",NA,NA
"X1134404","PFNA",0.000967075528111499,0.000708103816892921,-0.000481159387905211,0.00241531044412821,0.182524801713734,37,0.00149733799263301,0.0010963680880569,0.285680116664406,"Ignavibacteriota","Phylum","Ignavibacteriota","d__Bacteria;p__;c__;o__;f__;g___p__Ignavibacteriota",NA,NA
"X1134404","PFBS",0.000776223662974242,0.000848844868068742,-0.000959859022772173,0.00251230634872066,0.368023041148898,37,0.000770775970923482,0.000842887505956915,0.673945686205231,"Ignavibacteriota","Phylum","Ignavibacteriota","d__Bacteria;p__;c__;o__;f__;g___p__Ignavibacteriota",NA,NA
"X1134404","PFOS",9.11702898646926e-05,0.00108808120122846,-0.00213420563593512,0.0023165462156645,0.933799159606943,37,8.18257889794982e-05,0.00097655829433486,0.983162631492174,"Ignavibacteriota","Phylum","Ignavibacteriota","d__Bacteria;p__;c__;o__;f__;g___p__Ignavibacteriota",NA,NA
"X142182","PFBS",-0.000648259318133003,0.000598626399478094,-0.00187258777490877,0.000576069138642768,0.287769980731467,37,-0.000643709705305313,0.000594425120345072,0.673945686205231,"Gemmatimonadota","Phylum","Gemmatimonadota","d__Bacteria;p__;c__;o__;f__;g___p__Gemmatimonadota",NA,NA
"X142182","PFHxS",0.000295469015633044,0.000897824402245445,-0.00154078806526942,0.0021317260965355,0.74444928780199,37,0.000293504645555545,0.000891855385877211,0.883818767070846,"Gemmatimonadota","Phylum","Gemmatimonadota","d__Bacteria;p__;c__;o__;f__;g___p__Gemmatimonadota",NA,NA
"X142182","PFOA",-4.59147488206392e-05,0.000628028599157562,-0.00133037745592476,0.00123854795828348,0.942221052973717,37,-3.94396847040387e-05,0.000539461732278045,0.942221052973717,"Gemmatimonadota","Phylum","Gemmatimonadota","d__Bacteria;p__;c__;o__;f__;g___p__Gemmatimonadota",NA,NA
"X142182","PFNA",-0.000471717659443786,0.000510619189563999,-0.00151605116178186,0.000572615842894282,0.363205988863776,37,-0.000730367745589016,0.000790599586150941,0.415092558701459,"Gemmatimonadota","Phylum","Gemmatimonadota","d__Bacteria;p__;c__;o__;f__;g___p__Gemmatimonadota",NA,NA
"X142182","PFOS",0.000614544882929046,0.000763266057367946,-0.000946509482433638,0.00217559924829173,0.427284585141782,37,0.000551557091500008,0.000685035085860684,0.983162631492174,"Gemmatimonadota","Phylum","Gemmatimonadota","d__Bacteria;p__;c__;o__;f__;g___p__Gemmatimonadota",NA,NA
"X1936987","PFBS",0.000169944076908693,0.000338774228128702,-0.000522927016450756,0.000862815170268142,0.619705175874506,37,0.000168751375576577,0.000336396643216504,0.673945686205231,"Balneolota","Phylum","Balneolota","d__Bacteria;p__;c__;o__;f__;g___p__Balneolota",NA,NA
"X1936987","PFOS",-0.00026143103245455,0.000427281440452878,-0.00113531970000194,0.000612457635092835,0.545406153244646,37,-0.000234635652974958,0.000383487219720831,0.983162631492174,"Balneolota","Phylum","Balneolota","d__Bacteria;p__;c__;o__;f__;g___p__Balneolota",NA,NA
"X1936987","PFNA",-0.000383748288978876,0.000279747330213124,-0.000955895821038243,0.000188399243080492,0.180656029533433,37,-0.000594163409157981,0.000433137116688025,0.285680116664406,"Balneolota","Phylum","Balneolota","d__Bacteria;p__;c__;o__;f__;g___p__Balneolota",NA,NA
"X1936987","PFHxS",7.38625716283963e-05,0.000501026583481187,-0.000950851848403803,0.0010985769916606,0.883818767070846,37,7.33715102382768e-05,0.000497695602645469,0.883818767070846,"Balneolota","Phylum","Balneolota","d__Bacteria;p__;c__;o__;f__;g___p__Balneolota",NA,NA
"X1936987","PFOA",0.000437343476024194,0.000340425958945076,-0.000258905786161727,0.00113359273821012,0.209066352419953,37,0.000375667715599242,0.000292417857676019,0.50248406403581,"Balneolota","Phylum","Balneolota","d__Bacteria;p__;c__;o__;f__;g___p__Balneolota",NA,NA
"X200783","PFOA",-0.000408704349825267,0.000398916219261645,-0.00122457962618669,0.000407170926536159,0.314052540022381,37,-0.000351067382667068,0.000342659609714215,0.50248406403581,"Aquificota","Phylum","Aquificota","d__Bacteria;p__;c__;o__;f__;g___p__Aquificota",NA,NA
"X200783","PFNA",-0.000216179053027379,0.000332534517586657,-0.000896288505427908,0.00046393039937315,0.520747897120771,37,-0.000334713370259123,0.000514868335068638,0.520747897120771,"Aquificota","Phylum","Aquificota","d__Bacteria;p__;c__;o__;f__;g___p__Aquificota",NA,NA
"X200783","PFBS",0.00017658849443386,0.000393408401445761,-0.000628022029667053,0.000981199018534773,0.656863179753798,37,0.000175349161258037,0.00039064738303897,0.673945686205231,"Aquificota","Phylum","Aquificota","d__Bacteria;p__;c__;o__;f__;g___p__Aquificota",NA,NA
"X200783","PFOS",-0.000159748403748006,0.000498070543057674,-0.00117841704228269,0.000858920234786682,0.750711495521365,37,-0.000143374987556754,0.00044702079168144,0.983162631492174,"Aquificota","Phylum","Aquificota","d__Bacteria;p__;c__;o__;f__;g___p__Aquificota",NA,NA
"X200783","PFHxS",0.00111830516929486,0.00054320463695087,7.32694405900631e-06,0.00222928339453071,0.0486036792430096,37,0.00111087032809038,0.000539593243273942,0.388829433944077,"Aquificota","Phylum","Aquificota","d__Bacteria;p__;c__;o__;f__;g___p__Aquificota",NA,NA
"X200918","PFOA",0.000210721768197652,0.000411512969685492,-0.000630916755525173,0.00105236029192048,0.612482702446465,37,0.000181005021511892,0.000353479920785778,0.816643603261953,"Thermotogota","Phylum","Thermotogota","d__Bacteria;p__;c__;o__;f__;g___p__Thermotogota",NA,NA
"X200918","PFBS",-0.000253792219495518,0.00039909424843123,-0.00107003160639174,0.000562447167400707,0.529815302031185,37,-0.000252011055222075,0.000396293325619431,0.673945686205231,"Thermotogota","Phylum","Thermotogota","d__Bacteria;p__;c__;o__;f__;g___p__Thermotogota",NA,NA
"X200918","PFOS",0.00038498395637795,0.000502863708792867,-0.00064348780679801,0.00141345571955391,0.45011082719269,37,0.000345525017215878,0.000451322681788116,0.983162631492174,"Thermotogota","Phylum","Thermotogota","d__Bacteria;p__;c__;o__;f__;g___p__Thermotogota",NA,NA
"X200918","PFNA",-0.000435992685772203,0.000331216747846801,-0.00111340699643927,0.000241421624894868,0.198370850422093,37,-0.000675054216490895,0.000512828011805696,0.285680116664406,"Thermotogota","Phylum","Thermotogota","d__Bacteria;p__;c__;o__;f__;g___p__Thermotogota",NA,NA
"X200918","PFHxS",0.000117706430766121,0.000591593362136608,-0.00109223784956462,0.00132765071109686,0.843678450660845,37,0.000116923881739683,0.000587660265137795,0.883818767070846,"Thermotogota","Phylum","Thermotogota","d__Bacteria;p__;c__;o__;f__;g___p__Thermotogota",NA,NA
"X203691","PFBS",-0.000179915854114841,0.000330711519384352,-0.000856296856554462,0.00049646514832478,0.590581756000188,37,-0.000178653168866994,0.000328390520165723,0.673945686205231,"Spirochaetota","Phylum","Spirochaetota","d__Bacteria;p__;c__;o__;f__;g___p__Spirochaetota",NA,NA
"X203691","PFNA",-0.000434414377693395,0.000270240473153413,-0.000987118203890721,0.000118289448503932,0.118777211492852,37,-0.000672610497689433,0.00041841750291201,0.285680116664406,"Spirochaetota","Phylum","Spirochaetota","d__Bacteria;p__;c__;o__;f__;g___p__Spirochaetota",NA,NA
"X203691","PFHxS",-0.000223705759855787,0.000487890772599603,-0.00122155443009952,0.000774142910387948,0.649999527553059,37,-0.000222218494262529,0.000484647122727452,0.883818767070846,"Spirochaetota","Phylum","Spirochaetota","d__Bacteria;p__;c__;o__;f__;g___p__Spirochaetota",NA,NA
"X203691","PFOA",0.000348282688491094,0.000335735829711985,-0.000338374182361875,0.00103493955934406,0.30813573036893,37,0.000299166602775558,0.000288389147448355,0.50248406403581,"Spirochaetota","Phylum","Spirochaetota","d__Bacteria;p__;c__;o__;f__;g___p__Spirochaetota",NA,NA
"X203691","PFOS",0.000133852246951277,0.000419377840150528,-0.000723871742978175,0.000991576236880728,0.75188638837457,37,0.000120133057926236,0.000376393699107063,0.983162631492174,"Spirochaetota","Phylum","Spirochaetota","d__Bacteria;p__;c__;o__;f__;g___p__Spirochaetota",NA,NA
"X40117","PFHxS",-0.00121437468070279,0.000847864653570159,-0.00294845260270105,0.000519703241295478,0.162756931662768,37,-0.00120630113945335,0.000842227785177464,0.651027726651071,"Nitrospirota","Phylum","Nitrospirota","d__Bacteria;p__;c__;o__;f__;g___p__Nitrospirota",NA,NA
"X40117","PFBS",-0.000252354653332377,0.000593721437492753,-0.0014666513364622,0.000961942029797441,0.673945686205231,37,-0.000250583578184187,0.000589554582358498,0.673945686205231,"Nitrospirota","Phylum","Nitrospirota","d__Bacteria;p__;c__;o__;f__;g___p__Nitrospirota",NA,NA
"X40117","PFNA",0.00130224239247052,0.000443696605896403,0.00039478094197752,0.00220970384296351,0.00646339185565092,37,0.00201628203090938,0.000686982315133511,0.0517071348452074,"Nitrospirota","Phylum","Nitrospirota","d__Bacteria;p__;c__;o__;f__;g___p__Nitrospirota",NA,NA
"X40117","PFOA",-0.000176883187962594,0.000611732612539727,-0.00142801686018812,0.00107425048426294,0.774522782830265,37,-0.00015193848037679,0.000525463864693942,0.88516889466316,"Nitrospirota","Phylum","Nitrospirota","d__Bacteria;p__;c__;o__;f__;g___p__Nitrospirota",NA,NA
"X40117","PFOS",-0.0007949751616411,0.000738120728234056,-0.00230460155449797,0.000714651231215769,0.290346933731582,37,-0.000713494164786886,0.000662467027795021,0.983162631492174,"Nitrospirota","Phylum","Nitrospirota","d__Bacteria;p__;c__;o__;f__;g___p__Nitrospirota",NA,NA
"X95818","PFBS",0.000211565810758719,0.000309616249734104,-0.000421670520883432,0.00084480214240087,0.499830427231426,37,0.00021008099982025,0.000307443301313542,0.673945686205231,"Candidatus Saccharibacteria","Phylum","Candidatus Saccharibacteria","d__Bacteria;p__;c__;o__;f__;g___p__Candidatus_Saccharibacteria",NA,NA
"X95818","PFHxS",0.000131415788292523,0.00045910963277855,-0.000807568841654828,0.00107040041823987,0.776728829167995,37,0.000130542095185719,0.000456057328891492,0.883818767070846,"Candidatus Saccharibacteria","Phylum","Candidatus Saccharibacteria","d__Bacteria;p__;c__;o__;f__;g___p__Candidatus_Saccharibacteria",NA,NA
"X95818","PFNA",-0.000327265855666113,0.000257735542211593,-0.000854394226428408,0.000199862515096182,0.214260087498304,37,-0.000506710784355537,0.000399055924989546,0.285680116664406,"Candidatus Saccharibacteria","Phylum","Candidatus Saccharibacteria","d__Bacteria;p__;c__;o__;f__;g___p__Candidatus_Saccharibacteria",NA,NA
"X95818","PFOS",-8.3967782785169e-06,0.000394458595914985,-0.00081515519123789,0.000798361634680856,0.983162631492174,37,-7.53615030231071e-06,0.000354028553363068,0.983162631492174,"Candidatus Saccharibacteria","Phylum","Candidatus Saccharibacteria","d__Bacteria;p__;c__;o__;f__;g___p__Candidatus_Saccharibacteria",NA,NA
"X95818","PFOA",0.000584998864901371,0.000302093365307355,-3.28514405168551e-05,0.0012028491703196,0.0626076002712238,37,0.000502500206939157,0.000259491065179221,0.50086080216979,"Candidatus Saccharibacteria","Phylum","Candidatus Saccharibacteria","d__Bacteria;p__;c__;o__;f__;g___p__Candidatus_Saccharibacteria",NA,NA
"X1134404","Mixture",0.000742666943146393,NA,-0.00294314167857996,0.00442847556487274,0.696389737218798,37,0.0019268812789098,NA,0.986486086648168,"Ignavibacteriota","Phylum","Ignavibacteriota","d__Bacteria;p__;c__;o__;f__;g___p__Ignavibacteriota",-0.00398055803039743,0.00783432058821703
"X142182","Mixture",-0.00148843260144937,NA,-0.00492120524810483,0.0019443400452061,0.403817749061991,37,-0.00097426648035396,NA,0.986486086648168,"Gemmatimonadota","Phylum","Gemmatimonadota","d__Bacteria;p__;c__;o__;f__;g___p__Gemmatimonadota",-0.00516974553905681,0.00322121257834889
"X1936987","Mixture",-2.91872645737335e-05,NA,-0.00166419942157049,0.00160582489242302,0.972378600731184,37,-0.000528107741430477,NA,0.986486086648168,"Balneolota","Phylum","Balneolota","d__Bacteria;p__;c__;o__;f__;g___p__Balneolota",-0.0026332153091051,0.00157699982624415
"X200783","Mixture",0.000227626452680276,NA,-0.00149530654723923,0.00195055945259978,0.797888031271433,37,0.000310572689944426,NA,0.986486086648168,"Aquificota","Phylum","Aquificota","d__Bacteria;p__;c__;o__;f__;g___p__Aquificota",-0.00209542588697875,0.0027165712668676
"X200918","Mixture",-7.75811076528275e-05,NA,-0.00251759944687294,0.00236243723156728,0.950825978372893,37,-0.000654477534935895,NA,0.986486086648168,"Thermotogota","Phylum","Thermotogota","d__Bacteria;p__;c__;o__;f__;g___p__Thermotogota",-0.00336177489215057,0.00205281982227878
"X203691","Mixture",-0.000795261062238992,NA,-0.00218660663165953,0.000596084507181541,0.273684402586135,37,-0.00107476307796604,NA,0.986486086648168,"Spirochaetota","Phylum","Spirochaetota","d__Bacteria;p__;c__;o__;f__;g___p__Spirochaetota",-0.00330584367699433,0.00115631752106224
"X40117","Mixture",0.00143528908710111,NA,-0.00135299286852762,0.00422357104272983,0.323083856619394,37,0.000852267765445397,NA,0.986486086648168,"Nitrospirota","Phylum","Nitrospirota","d__Bacteria;p__;c__;o__;f__;g___p__Nitrospirota",-0.0028147027220203,0.0045192382529111
"X95818","Mixture",-1.51204470123867e-05,NA,-0.00174663829397753,0.00171639739995275,0.986486086648168,37,0.000141893100387611,NA,0.986486086648168,"Candidatus Saccharibacteria","Phylum","Candidatus Saccharibacteria","d__Bacteria;p__;c__;o__;f__;g___p__Candidatus_Saccharibacteria",-0.00196601445241365,0.00224980065318887
