"taxonomy_id","predictor","betas","SE","ci_lo","ci_hi","p_val","n","Beta_IQR","SE_IQR","FDR","name","taxa_level","taxa_name","taxa_full","CI_lo_IQR","CI_hi_IQR"
"X102684","PFNA",-0.000357136028583996,0.000928800542462821,-0.00224904082295035,0.00153476876578235,0.70314172909092,40,-0.000552959234922583,0.00143807624056369,0.928252197412074,"Streptococcus infantarius","Species","Streptococcus infantarius","d__Bacteria;p__Bacillota;c__Bacilli;o__Lactobacillales;f__Streptococcaceae;g__Streptococcus_s__Streptococcus_infantarius",NA,NA
"X102684","PFBS",0.000902472386541012,0.00103858037601484,-0.00121304661122695,0.00301799138430897,0.39134646158415,40,0.000896138655838508,0.00103129141237154,0.926688160764812,"Streptococcus infantarius","Species","Streptococcus infantarius","d__Bacteria;p__Bacillota;c__Bacilli;o__Lactobacillales;f__Streptococcaceae;g__Streptococcus_s__Streptococcus_infantarius",NA,NA
"X102684","PFOA",-0.000187979545114538,0.00118447410020047,-0.00260067433427778,0.0022247152440487,0.874900271457113,40,-0.000161469989067944,0.00101743527410973,0.974025146096212,"Streptococcus infantarius","Species","Streptococcus infantarius","d__Bacteria;p__Bacillota;c__Bacilli;o__Lactobacillales;f__Streptococcaceae;g__Streptococcus_s__Streptococcus_infantarius",NA,NA
"X102684","PFHxS",-0.00153888078365772,0.00145609291229816,-0.00450484498789377,0.00142708342057833,0.298490875349396,40,-0.00152864982472695,0.00144641235293105,0.974123024880717,"Streptococcus infantarius","Species","Streptococcus infantarius","d__Bacteria;p__Bacillota;c__Bacilli;o__Lactobacillales;f__Streptococcaceae;g__Streptococcus_s__Streptococcus_infantarius",NA,NA
"X102684","PFOS",-0.0031587812646407,0.00129360048350361,-0.00579375922260532,-0.000523803306676081,0.0203199803964098,40,-0.00283502190874332,0.00116101287320724,0.425557343681792,"Streptococcus infantarius","Species","Streptococcus infantarius","d__Bacteria;p__Bacillota;c__Bacilli;o__Lactobacillales;f__Streptococcaceae;g__Streptococcus_s__Streptococcus_infantarius",NA,NA
"X113107","PFOA",-0.00192733894253878,0.00240979479137597,-0.00683593030398898,0.00298125241891141,0.429727724436347,40,-0.00165553862678164,0.00206995680504694,0.853420319972269,"Streptococcus australis","Species","Streptococcus australis","d__Bacteria;p__Bacillota;c__Bacilli;o__Lactobacillales;f__Streptococcaceae;g__Streptococcus_s__Streptococcus_australis",NA,NA
"X113107","PFNA",0.000852500465040813,0.00190612711569991,-0.00303015341380177,0.0047351543438834,0.657712946277819,40,0.001319939650976,0.00295128608486141,0.928252197412074,"Streptococcus australis","Species","Streptococcus australis","d__Bacteria;p__Bacillota;c__Bacilli;o__Lactobacillales;f__Streptococcaceae;g__Streptococcus_s__Streptococcus_australis",NA,NA
"X113107","PFBS",-0.00175793052330527,0.00213568051945197,-0.00610816938435517,0.00259230833774463,0.416529577950322,40,-0.00174559301725592,0.00212069188879852,0.926688160764812,"Streptococcus australis","Species","Streptococcus australis","d__Bacteria;p__Bacillota;c__Bacilli;o__Lactobacillales;f__Streptococcaceae;g__Streptococcus_s__Streptococcus_australis",NA,NA
"X113107","PFHxS",-0.00166101879541822,0.00302822878121785,-0.00782931897150641,0.00450728138066997,0.587147440523156,40,-0.00164997582492978,0.00300809617275161,0.990081091199858,"Streptococcus australis","Species","Streptococcus australis","d__Bacteria;p__Bacillota;c__Bacilli;o__Lactobacillales;f__Streptococcaceae;g__Streptococcus_s__Streptococcus_australis",NA,NA
"X113107","PFOS",0.00186880757740674,0.00287499095862614,-0.00398735736836517,0.00772497252317865,0.520317532720482,40,0.0016772641032415,0.00258031869644864,0.943163379170299,"Streptococcus australis","Species","Streptococcus australis","d__Bacteria;p__Bacillota;c__Bacilli;o__Lactobacillales;f__Streptococcaceae;g__Streptococcus_s__Streptococcus_australis",NA,NA
"X1155388","PFBS",-0.000204521642618348,0.000924709691452619,-0.00208809364615889,0.00167905036092219,0.826362300542625,40,-0.00020308626905291,0.000918219894921442,0.985464675583793,"Clostridium sp. C1","Species","Clostridium sp. C1","d__Bacteria;p__Bacillota;c__Clostridia;o__Eubacteriales;f__Clostridiaceae;g__Clostridium_s__Clostridium_sp._C1",NA,NA
"X1155388","PFHxS",-0.000439393152982973,0.0013022692779283,-0.00309202886735884,0.0022132425613929,0.738014305050428,40,-0.000436471930396812,0.0012936113860105,0.990081091199858,"Clostridium sp. C1","Species","Clostridium sp. C1","d__Bacteria;p__Bacillota;c__Clostridia;o__Eubacteriales;f__Clostridiaceae;g__Clostridium_s__Clostridium_sp._C1",NA,NA
"X1155388","PFNA",0.000283996600909838,0.000818352560699338,-0.0013829330166846,0.00195092621850428,0.730837364141814,40,0.000439716328207933,0.00126706792270557,0.928252197412074,"Clostridium sp. C1","Species","Clostridium sp. C1","d__Bacteria;p__Bacillota;c__Clostridia;o__Eubacteriales;f__Clostridiaceae;g__Clostridium_s__Clostridium_sp._C1",NA,NA
"X1155388","PFOA",0.000807713765612313,0.00103377396628846,-0.00129801489592165,0.00291344242714628,0.440353767377348,40,0.000693807045995247,0.000887987418703533,0.853420319972269,"Clostridium sp. C1","Species","Clostridium sp. C1","d__Bacteria;p__Bacillota;c__Clostridia;o__Eubacteriales;f__Clostridiaceae;g__Clostridium_s__Clostridium_sp._C1",NA,NA
"X1155388","PFOS",-0.00296379457796862,0.00112486691322076,-0.00525507350046304,-0.000672515655474202,0.0128682474384646,40,-0.00266002038685367,0.00100957365395925,0.425557343681792,"Clostridium sp. C1","Species","Clostridium sp. C1","d__Bacteria;p__Bacillota;c__Clostridia;o__Eubacteriales;f__Clostridiaceae;g__Clostridium_s__Clostridium_sp._C1",NA,NA
"X1156431","PFNA",-0.00113243602629522,0.00174872804034819,-0.00469447848032409,0.00242960642773364,0.521877783410964,40,-0.00175336820869559,0.00270758266286532,0.928252197412074,"Streptococcus ilei","Species","Streptococcus ilei","d__Bacteria;p__Bacillota;c__Bacilli;o__Lactobacillales;f__Streptococcaceae;g__Streptococcus_s__Streptococcus_ilei",NA,NA
"X1156431","PFHxS",8.630093022155e-05,0.00280064991212721,-0.00561843625914896,0.00579103811959206,0.975608783144023,40,8.57271747479875e-05,0.00278203031889119,0.990081091199858,"Streptococcus ilei","Species","Streptococcus ilei","d__Bacteria;p__Bacillota;c__Bacilli;o__Lactobacillales;f__Streptococcaceae;g__Streptococcus_s__Streptococcus_ilei",NA,NA
"X1156431","PFOS",0.00389693837089148,0.00257335831547658,-0.00134482098657309,0.00913869772835605,0.13975555631515,40,0.00349752158598943,0.00230960189776,0.727635412276423,"Streptococcus ilei","Species","Streptococcus ilei","d__Bacteria;p__Bacillota;c__Bacilli;o__Lactobacillales;f__Streptococcaceae;g__Streptococcus_s__Streptococcus_ilei",NA,NA
"X1156431","PFOA",-0.00278061893700104,0.00218579507967783,-0.00723293781676783,0.00167169994276576,0.212493478119678,40,-0.00238848598705834,0.00187754634370082,0.853420319972269,"Streptococcus ilei","Species","Streptococcus ilei","d__Bacteria;p__Bacillota;c__Bacilli;o__Lactobacillales;f__Streptococcaceae;g__Streptococcus_s__Streptococcus_ilei",NA,NA
"X1156431","PFBS",-0.00289949674488244,0.00191943266320088,-0.00680925313708274,0.00101025964731785,0.140702850285803,40,-0.00287914750004265,0.00190596170301239,0.926688160764812,"Streptococcus ilei","Species","Streptococcus ilei","d__Bacteria;p__Bacillota;c__Bacilli;o__Lactobacillales;f__Streptococcaceae;g__Streptococcus_s__Streptococcus_ilei",NA,NA
"X1216932","PFBS",-0.000104487957423322,0.000756075342297479,-0.00164456303231707,0.00143558711747042,0.890950074902138,40,-0.000103754640156396,0.000750769055168551,0.985464675583793,"Clostridium bornimense","Species","Clostridium bornimense","d__Bacteria;p__Bacillota;c__Clostridia;o__Eubacteriales;f__Clostridiaceae;g__Clostridium_s__Clostridium_bornimense",NA,NA
"X1216932","PFHxS",-0.000401664620988479,0.00106381039579346,-0.00256857548729967,0.00176524624532271,0.708241634661393,40,-0.000398994229438388,0.00105673785282258,0.990081091199858,"Clostridium bornimense","Species","Clostridium bornimense","d__Bacteria;p__Bacillota;c__Clostridia;o__Eubacteriales;f__Clostridiaceae;g__Clostridium_s__Clostridium_bornimense",NA,NA
"X1216932","PFOA",-0.000432992240545289,0.000849435817567011,-0.00216323638047683,0.00129725189938625,0.613730740989804,40,-0.000371930107101558,0.000729645303125364,0.901423242998267,"Clostridium bornimense","Species","Clostridium bornimense","d__Bacteria;p__Bacillota;c__Clostridia;o__Eubacteriales;f__Clostridiaceae;g__Clostridium_s__Clostridium_bornimense",NA,NA
"X1216932","PFOS",-0.000254223022052033,0.00101313377066065,-0.00231790898089618,0.00180946293679211,0.803474520825393,40,-0.000228166427758786,0.000909292602328191,0.996746307670573,"Clostridium bornimense","Species","Clostridium bornimense","d__Bacteria;p__Bacillota;c__Clostridia;o__Eubacteriales;f__Clostridiaceae;g__Clostridium_s__Clostridium_bornimense",NA,NA
"X1216932","PFNA",2.46504137299983e-05,0.000670045815123586,-0.00134018824874114,0.00138948907620113,0.970881675264521,40,3.81666167110304e-05,0.00103744229548287,0.977866435518223,"Clostridium bornimense","Species","Clostridium bornimense","d__Bacteria;p__Bacillota;c__Clostridia;o__Eubacteriales;f__Clostridiaceae;g__Clostridium_s__Clostridium_bornimense",NA,NA
"X1259973","PFNA",0.000744381184074167,0.00109117512546532,-0.0014782698125404,0.00296703218068873,0.500031730701705,40,0.00115253689656687,0.00168948331798438,0.928252197412074,"Klebsiella electrica","Species","Klebsiella electrica","d__Bacteria;p__Pseudomonadota;c__Gammaproteobacteria;o__Enterobacterales;f__Enterobacteriaceae;g__Klebsiella_s__Klebsiella_electrica",NA,NA
"X1259973","PFBS",-0.000368448996079463,0.00123882852466878,-0.00289186012480679,0.00215496213264787,0.768070249279934,40,-0.000365863147743738,0.00123013417969064,0.985464675583793,"Klebsiella electrica","Species","Klebsiella electrica","d__Bacteria;p__Pseudomonadota;c__Gammaproteobacteria;o__Enterobacterales;f__Enterobacteriaceae;g__Klebsiella_s__Klebsiella_electrica",NA,NA
"X1259973","PFHxS",-0.00081392836855065,0.00174289238444853,-0.00436408398049655,0.00273622724339525,0.643665084772349,40,-0.000808517119154556,0.00173130509283023,0.990081091199858,"Klebsiella electrica","Species","Klebsiella electrica","d__Bacteria;p__Pseudomonadota;c__Gammaproteobacteria;o__Enterobacterales;f__Enterobacteriaceae;g__Klebsiella_s__Klebsiella_electrica",NA,NA
"X1259973","PFOA",-0.000362663424907558,0.00139748167580048,-0.00320924044722006,0.00248391359740494,0.796902471879641,40,-0.000311519315675999,0.00120040375018816,0.96177884537198,"Klebsiella electrica","Species","Klebsiella electrica","d__Bacteria;p__Pseudomonadota;c__Gammaproteobacteria;o__Enterobacterales;f__Enterobacteriaceae;g__Klebsiella_s__Klebsiella_electrica",NA,NA
"X1259973","PFOS",0.000824897259715961,0.0016570455943619,-0.00255039416307346,0.00420018868250538,0.622020447608355,40,0.00074034939675479,0.00148720666935352,0.996746307670573,"Klebsiella electrica","Species","Klebsiella electrica","d__Bacteria;p__Pseudomonadota;c__Gammaproteobacteria;o__Enterobacterales;f__Enterobacteriaceae;g__Klebsiella_s__Klebsiella_electrica",NA,NA
"X1302","PFNA",-0.00113738454595938,0.00124994361223447,-0.00368343636716475,0.00140866727524598,0.369652921711669,40,-0.00176103007820324,0.00193530702085126,0.928252197412074,"Streptococcus gordonii","Species","Streptococcus gordonii","d__Bacteria;p__Bacillota;c__Bacilli;o__Lactobacillales;f__Streptococcaceae;g__Streptococcus_s__Streptococcus_gordonii",NA,NA
"X1302","PFOA",0.00121837383494415,0.00159696859796707,-0.0020345447507137,0.00447129242060201,0.451093597699628,40,0.00104655434552324,0.00137175830433292,0.853420319972269,"Streptococcus gordonii","Species","Streptococcus gordonii","d__Bacteria;p__Bacillota;c__Bacilli;o__Lactobacillales;f__Streptococcaceae;g__Streptococcus_s__Streptococcus_gordonii",NA,NA
"X1302","PFBS",0.00226210042130219,0.00137186147645702,-0.000532289962701514,0.0050564908053059,0.108947066190494,40,0.00224622455063377,0.00136223347976416,0.926688160764812,"Streptococcus gordonii","Species","Streptococcus gordonii","d__Bacteria;p__Bacillota;c__Bacilli;o__Lactobacillales;f__Streptococcaceae;g__Streptococcus_s__Streptococcus_gordonii",NA,NA
"X1302","PFOS",0.000263847671964123,0.00191552991077092,-0.00363795907368031,0.00416565441760856,0.891307917533565,40,0.000236804598964307,0.00171919763000949,0.996746307670573,"Streptococcus gordonii","Species","Streptococcus gordonii","d__Bacteria;p__Bacillota;c__Bacilli;o__Lactobacillales;f__Streptococcaceae;g__Streptococcus_s__Streptococcus_gordonii",NA,NA
"X1302","PFHxS",-0.000958395592967733,0.00200729885466966,-0.00504712956033365,0.00313033837439818,0.636283015128717,40,-0.000952023880450941,0.00199395370645416,0.990081091199858,"Streptococcus gordonii","Species","Streptococcus gordonii","d__Bacteria;p__Bacillota;c__Bacilli;o__Lactobacillales;f__Streptococcaceae;g__Streptococcus_s__Streptococcus_gordonii",NA,NA
"X1303","PFBS",0.00167458725478951,0.00151829845541985,-0.00141808549437916,0.00476726000395819,0.278280452447762,40,0.00166283466837484,0.00150764273488361,0.926688160764812,"Streptococcus oralis","Species","Streptococcus oralis","d__Bacteria;p__Bacillota;c__Bacilli;o__Lactobacillales;f__Streptococcaceae;g__Streptococcus_s__Streptococcus_oralis",NA,NA
"X1303","PFHxS",0.00243294919754519,0.00213785599557628,-0.00192172096336021,0.0067876193584506,0.26355608944244,40,0.00241677419322708,0.00212364286280932,0.956199317375253,"Streptococcus oralis","Species","Streptococcus oralis","d__Bacteria;p__Bacillota;c__Bacilli;o__Lactobacillales;f__Streptococcaceae;g__Streptococcus_s__Streptococcus_oralis",NA,NA
"X1303","PFNA",-0.000587818720451052,0.00136655147279885,-0.00337139298094953,0.00219575554004743,0.669971427870385,40,-0.000910128813445484,0.00211585277429789,0.928252197412074,"Streptococcus oralis","Species","Streptococcus oralis","d__Bacteria;p__Bacillota;c__Bacilli;o__Lactobacillales;f__Streptococcaceae;g__Streptococcus_s__Streptococcus_oralis",NA,NA
"X1303","PFOS",0.00342381472014125,0.00198396606419047,-0.000617391908301632,0.00746502134858413,0.0940395273921545,40,0.00307289075433414,0.00178061941836388,0.607383172736951,"Streptococcus oralis","Species","Streptococcus oralis","d__Bacteria;p__Bacillota;c__Bacilli;o__Lactobacillales;f__Streptococcaceae;g__Streptococcus_s__Streptococcus_oralis",NA,NA
"X1303","PFOA",0.00214018429700837,0.00170289812591898,-0.00132850567619172,0.00560887427020845,0.217926698376112,40,0.00183836775874079,0.00146274926672697,0.853420319972269,"Streptococcus oralis","Species","Streptococcus oralis","d__Bacteria;p__Bacillota;c__Bacilli;o__Lactobacillales;f__Streptococcaceae;g__Streptococcus_s__Streptococcus_oralis",NA,NA
"X1304","PFHxS",-0.0037837147425347,0.00285205757356066,-0.00959316591158833,0.00202573642651893,0.194010867671558,40,-0.00375855942800501,0.00283309620617395,0.94260671976156,"Streptococcus salivarius","Species","Streptococcus salivarius","d__Bacteria;p__Bacillota;c__Bacilli;o__Lactobacillales;f__Streptococcaceae;g__Streptococcus_s__Streptococcus_salivarius",NA,NA
"X1304","PFOA",-0.00185358203626472,0.00232035370795385,-0.0065799878726172,0.00287282380008776,0.43027495387751,40,-0.00159218318647295,0.00199312902703739,0.853420319972269,"Streptococcus salivarius","Species","Streptococcus salivarius","d__Bacteria;p__Bacillota;c__Bacilli;o__Lactobacillales;f__Streptococcaceae;g__Streptococcus_s__Streptococcus_salivarius",NA,NA
"X1304","PFNA",0.00248593388213694,0.00178784685423852,-0.00115579098826176,0.00612765875253564,0.173984167767572,40,0.00384900986602998,0.00276815092724806,0.928252197412074,"Streptococcus salivarius","Species","Streptococcus salivarius","d__Bacteria;p__Bacillota;c__Bacilli;o__Lactobacillales;f__Streptococcaceae;g__Streptococcus_s__Streptococcus_salivarius",NA,NA
"X1304","PFBS",-0.00189008623367257,0.00205098314281772,-0.00606780218415256,0.00228762971680743,0.363658698964368,40,-0.00187682123256325,0.00203658893519905,0.926688160764812,"Streptococcus salivarius","Species","Streptococcus salivarius","d__Bacteria;p__Bacillota;c__Bacilli;o__Lactobacillales;f__Streptococcaceae;g__Streptococcus_s__Streptococcus_salivarius",NA,NA
"X1304","PFOS",-0.0051586825290072,0.00263298186918358,-0.0105218910910731,0.000204526033058733,0.0588437639483417,40,-0.00462994324858715,0.00236311433400516,0.484965768260317,"Streptococcus salivarius","Species","Streptococcus salivarius","d__Bacteria;p__Bacillota;c__Bacilli;o__Lactobacillales;f__Streptococcaceae;g__Streptococcus_s__Streptococcus_salivarius",NA,NA
"X1307","PFNA",0.00154855175922004,0.00151344393334147,-0.00153423265206061,0.00463133617050069,0.31388784838409,40,0.00239764663176497,0.00234328864213681,0.928252197412074,"Streptococcus suis","Species","Streptococcus suis","d__Bacteria;p__Bacillota;c__Bacilli;o__Lactobacillales;f__Streptococcaceae;g__Streptococcus_s__Streptococcus_suis",NA,NA
"X1307","PFHxS",-0.00328599180855189,0.00237727746130277,-0.00812834753613567,0.0015563639190319,0.176467609120308,40,-0.0032641455111667,0.00236147258003326,0.94260671976156,"Streptococcus suis","Species","Streptococcus suis","d__Bacteria;p__Bacillota;c__Bacilli;o__Lactobacillales;f__Streptococcaceae;g__Streptococcus_s__Streptococcus_suis",NA,NA
"X1307","PFOA",0.00195921614670414,0.00192674561254925,-0.00196543623586288,0.00588386852927117,0.31685050011078,40,0.00168292039220171,0.00165502897033543,0.853420319972269,"Streptococcus suis","Species","Streptococcus suis","d__Bacteria;p__Bacillota;c__Bacilli;o__Lactobacillales;f__Streptococcaceae;g__Streptococcus_s__Streptococcus_suis",NA,NA
"X1307","PFOS",-0.00082495489640638,0.00232318026030779,-0.00555711823149563,0.00390720843868287,0.724846614074561,40,-0.000740401125971344,0.00208506584791389,0.996746307670573,"Streptococcus suis","Species","Streptococcus suis","d__Bacteria;p__Bacillota;c__Bacilli;o__Lactobacillales;f__Streptococcaceae;g__Streptococcus_s__Streptococcus_suis",NA,NA
"X1307","PFBS",-0.000379460738809118,0.0017346561502243,-0.00391283969063914,0.0031539182130209,0.828231898254266,40,-0.000376797607872778,0.0017224819883543,0.985464675583793,"Streptococcus suis","Species","Streptococcus suis","d__Bacteria;p__Bacillota;c__Bacilli;o__Lactobacillales;f__Streptococcaceae;g__Streptococcus_s__Streptococcus_suis",NA,NA
"X1310","PFOS",-0.0036909635773369,0.00222824316701459,-0.00822974638156605,0.000847819226892249,0.107406406751345,40,-0.00331265818347633,0.00199985933410698,0.626537372716177,"Streptococcus sobrinus","Species","Streptococcus sobrinus","d__Bacteria;p__Bacillota;c__Bacilli;o__Lactobacillales;f__Streptococcaceae;g__Streptococcus_s__Streptococcus_sobrinus",NA,NA
"X1310","PFNA",-0.00128369551825254,0.00151719729443606,-0.0043741252758968,0.00180673423939173,0.403781703820935,40,-0.00198756561879481,0.00234910002915223,0.928252197412074,"Streptococcus sobrinus","Species","Streptococcus sobrinus","d__Bacteria;p__Bacillota;c__Bacilli;o__Lactobacillales;f__Streptococcaceae;g__Streptococcus_s__Streptococcus_sobrinus",NA,NA
"X1310","PFHxS",0.00028114039031809,0.0024404624284058,-0.0046899189035633,0.00525219968419948,0.909006739078745,40,0.000279271281406166,0.00242423747378797,0.990081091199858,"Streptococcus sobrinus","Species","Streptococcus sobrinus","d__Bacteria;p__Bacillota;c__Bacilli;o__Lactobacillales;f__Streptococcaceae;g__Streptococcus_s__Streptococcus_sobrinus",NA,NA
"X1310","PFOA",-0.000253490109008526,0.00195211298699961,-0.00422981414242954,0.00372283392441248,0.897494598902938,40,-0.000217742016055517,0.00167681894579625,0.974025146096212,"Streptococcus sobrinus","Species","Streptococcus sobrinus","d__Bacteria;p__Bacillota;c__Bacilli;o__Lactobacillales;f__Streptococcaceae;g__Streptococcus_s__Streptococcus_sobrinus",NA,NA
"X1310","PFBS",0.00181514768295322,0.00170152802641616,-0.00165075148888573,0.00528104685479216,0.294055979017428,40,0.00180240861549746,0.00168958636430793,0.926688160764812,"Streptococcus sobrinus","Species","Streptococcus sobrinus","d__Bacteria;p__Bacillota;c__Bacilli;o__Lactobacillales;f__Streptococcaceae;g__Streptococcus_s__Streptococcus_sobrinus",NA,NA
"X1314","PFNA",-0.000664055777804233,0.00150225289726054,-0.00372404479454376,0.0023959332389353,0.661433452206996,40,-0.00102816782808623,0.00232596138794226,0.928252197412074,"Streptococcus pyogenes","Species","Streptococcus pyogenes","d__Bacteria;p__Bacillota;c__Bacilli;o__Lactobacillales;f__Streptococcaceae;g__Streptococcus_s__Streptococcus_pyogenes",NA,NA
"X1314","PFHxS",-0.0005453421832071,0.00239568336271982,-0.00542518950510372,0.00433450513868952,0.821377950822849,40,-0.000541716578456649,0.00237975611328283,0.990081091199858,"Streptococcus pyogenes","Species","Streptococcus pyogenes","d__Bacteria;p__Bacillota;c__Bacilli;o__Lactobacillales;f__Streptococcaceae;g__Streptococcus_s__Streptococcus_pyogenes",NA,NA
"X1314","PFOA",-0.00205906650941538,0.0018830961406474,-0.0058948078272411,0.00177667480841034,0.282360683745187,40,-0.00176868949524742,0.00161753510499748,0.853420319972269,"Streptococcus pyogenes","Species","Streptococcus pyogenes","d__Bacteria;p__Bacillota;c__Bacilli;o__Lactobacillales;f__Streptococcaceae;g__Streptococcus_s__Streptococcus_pyogenes",NA,NA
"X1314","PFOS",-0.00084096136795185,0.00227572744589108,-0.00547646648311468,0.00379454374721098,0.714163112943126,40,-0.000754767013860149,0.00204247671076507,0.996746307670573,"Streptococcus pyogenes","Species","Streptococcus pyogenes","d__Bacteria;p__Bacillota;c__Bacilli;o__Lactobacillales;f__Streptococcaceae;g__Streptococcus_s__Streptococcus_pyogenes",NA,NA
"X1314","PFBS",-5.97212847984305e-05,0.00170073854801249,-0.00352401234175299,0.00340456977215613,0.972206243876836,40,-5.93021489436809e-05,0.00168880242662071,0.993495431698957,"Streptococcus pyogenes","Species","Streptococcus pyogenes","d__Bacteria;p__Bacillota;c__Bacilli;o__Lactobacillales;f__Streptococcaceae;g__Streptococcus_s__Streptococcus_pyogenes",NA,NA
"X1316411","PFBS",0.000322464326067717,0.00215685246043779,-0.00407090036752198,0.00471582901965742,0.882091976003597,40,0.000320201207292078,0.0021417152408916,0.985464675583793,"Streptococcus sp. HSISS2","Species","Streptococcus sp. HSISS2","d__Bacteria;p__Bacillota;c__Bacilli;o__Lactobacillales;f__Streptococcaceae;g__Streptococcus_s__Streptococcus_sp._HSISS2",NA,NA
"X1316411","PFHxS",-0.00115336325612589,0.00303479241326146,-0.00733503311317791,0.00502830660092612,0.706421523346425,40,-0.00114569533783684,0.0030146161677243,0.990081091199858,"Streptococcus sp. HSISS2","Species","Streptococcus sp. HSISS2","d__Bacteria;p__Bacillota;c__Bacilli;o__Lactobacillales;f__Streptococcaceae;g__Streptococcus_s__Streptococcus_sp._HSISS2",NA,NA
"X1316411","PFNA",-0.000689531924896118,0.00190768371337043,-0.00457535648943614,0.0031962926396439,0.720138897025047,40,-0.00106761294052856,0.00295369618910204,0.928252197412074,"Streptococcus sp. HSISS2","Species","Streptococcus sp. HSISS2","d__Bacteria;p__Bacillota;c__Bacilli;o__Lactobacillales;f__Streptococcaceae;g__Streptococcus_s__Streptococcus_sp._HSISS2",NA,NA
"X1316411","PFOA",0.000415921950171882,0.00243201195309114,-0.00453792428877299,0.00536976818911676,0.865285102520374,40,0.000357267130880921,0.00208904082217808,0.974025146096212,"Streptococcus sp. HSISS2","Species","Streptococcus sp. HSISS2","d__Bacteria;p__Bacillota;c__Bacilli;o__Lactobacillales;f__Streptococcaceae;g__Streptococcus_s__Streptococcus_sp._HSISS2",NA,NA
"X1316411","PFOS",0.00287140245063715,0.00284827433673205,-0.00293034251717406,0.00867314741844835,0.320959401447973,40,0.0025770979926657,0.00255634039530913,0.82943060626384,"Streptococcus sp. HSISS2","Species","Streptococcus sp. HSISS2","d__Bacteria;p__Bacillota;c__Bacilli;o__Lactobacillales;f__Streptococcaceae;g__Streptococcus_s__Streptococcus_sp._HSISS2",NA,NA
"X1316412","PFOA",0.00118715736784991,0.00120779575262498,-0.00127304207276139,0.00364735680846121,0.333024173868594,40,0.00101974013764027,0.00103746802267148,0.853420319972269,"Streptococcus sp. HSISS3","Species","Streptococcus sp. HSISS3","d__Bacteria;p__Bacillota;c__Bacilli;o__Lactobacillales;f__Streptococcaceae;g__Streptococcus_s__Streptococcus_sp._HSISS3",NA,NA
"X1316412","PFNA",0.00031128312846539,0.00096154456501798,-0.00164731905724257,0.00226988531417335,0.748247024051832,40,0.000481964480713395,0.00148877431695822,0.928252197412074,"Streptococcus sp. HSISS3","Species","Streptococcus sp. HSISS3","d__Bacteria;p__Bacillota;c__Bacilli;o__Lactobacillales;f__Streptococcaceae;g__Streptococcus_s__Streptococcus_sp._HSISS3",NA,NA
"X1316412","PFBS",9.90597237809368e-05,0.00108693613971455,-0.00211495674141544,0.00231307618897731,0.927952123458114,40,9.83645029373411e-05,0.00107930780570407,0.985464675583793,"Streptococcus sp. HSISS3","Species","Streptococcus sp. HSISS3","d__Bacteria;p__Bacillota;c__Bacilli;o__Lactobacillales;f__Streptococcaceae;g__Streptococcus_s__Streptococcus_sp._HSISS3",NA,NA
"X1316412","PFHxS",0.000605931370408842,0.00152873340571317,-0.00250799667694964,0.00371985941776732,0.694469019074485,40,0.000601902949863631,0.00151856990971268,0.990081091199858,"Streptococcus sp. HSISS3","Species","Streptococcus sp. HSISS3","d__Bacteria;p__Bacillota;c__Bacilli;o__Lactobacillales;f__Streptococcaceae;g__Streptococcus_s__Streptococcus_sp._HSISS3",NA,NA
"X1316412","PFOS",7.78195410605901e-05,0.00145760566196062,-0.00289122603340322,0.0030468651155244,0.95775419487821,40,6.98434254706832e-05,0.00130820833725462,0.996746307670573,"Streptococcus sp. HSISS3","Species","Streptococcus sp. HSISS3","d__Bacteria;p__Bacillota;c__Bacilli;o__Lactobacillales;f__Streptococcaceae;g__Streptococcus_s__Streptococcus_sp._HSISS3",NA,NA
"X1322","PFHxS",-6.29237262896669e-05,0.001884733532122,-0.0039020003014063,0.00377615284882696,0.973574149720468,40,-6.25053897516602e-05,0.00187220323635942,0.990081091199858,"Blautia hansenii","Species","Blautia hansenii","d__Bacteria;p__Bacillota;c__Clostridia;o__Lachnospirales;f__Lachnospiraceae;g__Blautia_s__Blautia_hansenii",NA,NA
"X1322","PFNA",0.00215769694792208,0.00112142501136526,-0.000126571049917945,0.0044419649457621,0.0632788065519727,40,0.00334079554574307,0.00173631968403249,0.885903291727617,"Blautia hansenii","Species","Blautia hansenii","d__Bacteria;p__Bacillota;c__Clostridia;o__Lachnospirales;f__Lachnospiraceae;g__Blautia_s__Blautia_hansenii",NA,NA
"X1322","PFBS",-0.000387804659107628,0.00133521437097929,-0.00310754733202246,0.0023319380138072,0.773350792841818,40,-0.000385082968879101,0.00132584357096146,0.985464675583793,"Blautia hansenii","Species","Blautia hansenii","d__Bacteria;p__Bacillota;c__Clostridia;o__Lachnospirales;f__Lachnospiraceae;g__Blautia_s__Blautia_hansenii",NA,NA
"X1322","PFOS",0.000276014506473503,0.00179209395700203,-0.00337436142915729,0.0039263904421043,0.878562890775696,40,0.00024772439350034,0.0016084132470645,0.996746307670573,"Blautia hansenii","Species","Blautia hansenii","d__Bacteria;p__Bacillota;c__Clostridia;o__Lachnospirales;f__Lachnospiraceae;g__Blautia_s__Blautia_hansenii",NA,NA
"X1322","PFOA",0.000912954408375232,0.00149903650270429,-0.00214048302704695,0.00396639184379741,0.546805990086866,40,0.000784206272283819,0.00128763694771485,0.901423242998267,"Blautia hansenii","Species","Blautia hansenii","d__Bacteria;p__Bacillota;c__Clostridia;o__Lachnospirales;f__Lachnospiraceae;g__Blautia_s__Blautia_hansenii",NA,NA
"X1328","PFHxS",-0.00243750628045472,0.00178986970983262,-0.00608335157286203,0.0012083390119526,0.182761152821173,40,-0.00242130097922953,0.00177797009831807,0.94260671976156,"Streptococcus anginosus","Species","Streptococcus anginosus","d__Bacteria;p__Bacillota;c__Bacilli;o__Lactobacillales;f__Streptococcaceae;g__Streptococcus_s__Streptococcus_anginosus",NA,NA
"X1328","PFBS",8.47502450758094e-05,0.00130584553923334,-0.00257517007519721,0.00274467056534883,0.948656847095643,40,8.41554509997948e-05,0.0012966808555179,0.985464675583793,"Streptococcus anginosus","Species","Streptococcus anginosus","d__Bacteria;p__Bacillota;c__Bacilli;o__Lactobacillales;f__Streptococcaceae;g__Streptococcus_s__Streptococcus_anginosus",NA,NA
"X1328","PFNA",-0.00014050768012724,0.00115674954969332,-0.00249672940793002,0.00221571404767554,0.904080181653736,40,-0.000217550213603364,0.00179101321289689,0.977866435518223,"Streptococcus anginosus","Species","Streptococcus anginosus","d__Bacteria;p__Bacillota;c__Bacilli;o__Lactobacillales;f__Streptococcaceae;g__Streptococcus_s__Streptococcus_anginosus",NA,NA
"X1328","PFOA",-0.000493104312340932,0.00147011158101771,-0.00348762361032275,0.00250141498564089,0.739497683170159,40,-0.000423564956892155,0.00126279112320944,0.951403734462574,"Streptococcus anginosus","Species","Streptococcus anginosus","d__Bacteria;p__Bacillota;c__Bacilli;o__Lactobacillales;f__Streptococcaceae;g__Streptococcus_s__Streptococcus_anginosus",NA,NA
"X1328","PFOS",-0.00143888582196145,0.00173256189475437,-0.00496799891499503,0.00209022727107213,0.412411952006522,40,-0.00129140718767206,0.00155498292485952,0.935455214005822,"Streptococcus anginosus","Species","Streptococcus anginosus","d__Bacteria;p__Bacillota;c__Bacilli;o__Lactobacillales;f__Streptococcaceae;g__Streptococcus_s__Streptococcus_anginosus",NA,NA
"X1329812","PFBS",7.62426236979963e-05,0.00121290816241521,-0.00239437045488048,0.00254685570227647,0.950269508598658,40,7.57075378009016e-05,0.0012043957316947,0.985464675583793,"Enterobacter sp. MGH 3","Species","Enterobacter sp. MGH 3","d__Bacteria;p__Pseudomonadota;c__Gammaproteobacteria;o__Enterobacterales;f__Enterobacteriaceae;g__Enterobacter_s__Enterobacter_sp._MGH_3",NA,NA
"X1329812","PFHxS",-0.000869955205828918,0.00170304468937085,-0.00433894371901105,0.00259903330735321,0.612981015015026,40,-0.000864171472561882,0.00169172231764508,0.990081091199858,"Enterobacter sp. MGH 3","Species","Enterobacter sp. MGH 3","d__Bacteria;p__Pseudomonadota;c__Gammaproteobacteria;o__Enterobacterales;f__Enterobacteriaceae;g__Enterobacter_s__Enterobacter_sp._MGH_3",NA,NA
"X1329812","PFNA",-0.000511219615737792,0.00107086011581016,-0.00269249029181306,0.00167005106033747,0.636327917930927,40,-0.000791529235279326,0.00165802927443437,0.928252197412074,"Enterobacter sp. MGH 3","Species","Enterobacter sp. MGH 3","d__Bacteria;p__Pseudomonadota;c__Gammaproteobacteria;o__Enterobacterales;f__Enterobacteriaceae;g__Enterobacter_s__Enterobacter_sp._MGH_3",NA,NA
"X1329812","PFOA",0.00139619274641526,0.00134542469588709,-0.00134434767775182,0.00413673317058233,0.307172263958133,40,0.00119929659029151,0.00115568803405849,0.853420319972269,"Enterobacter sp. MGH 3","Species","Enterobacter sp. MGH 3","d__Bacteria;p__Pseudomonadota;c__Gammaproteobacteria;o__Enterobacterales;f__Enterobacteriaceae;g__Enterobacter_s__Enterobacter_sp._MGH_3",NA,NA
"X1329812","PFOS",-0.00140885981136774,0.0016073177949841,-0.00468285902150763,0.00186513939877215,0.38727569787769,40,-0.00126445869370123,0.00144257572187774,0.935455214005822,"Enterobacter sp. MGH 3","Species","Enterobacter sp. MGH 3","d__Bacteria;p__Pseudomonadota;c__Gammaproteobacteria;o__Enterobacterales;f__Enterobacteriaceae;g__Enterobacter_s__Enterobacter_sp._MGH_3",NA,NA
"X1334","PFBS",-0.00129317778744088,0.00136344271461743,-0.00407041971474288,0.00148406413986112,0.35000104696016,40,-0.00128410200852702,0.00135387380246957,0.926688160764812,"Streptococcus dysgalactiae","Species","Streptococcus dysgalactiae","d__Bacteria;p__Bacillota;c__Bacilli;o__Lactobacillales;f__Streptococcaceae;g__Streptococcus_s__Streptococcus_dysgalactiae",NA,NA
"X1334","PFHxS",-0.00167567490707066,0.0019262675917204,-0.00559935359307253,0.00224800377893122,0.390829646546499,40,-0.00166453449818543,0.00191346116458852,0.979182918001196,"Streptococcus dysgalactiae","Species","Streptococcus dysgalactiae","d__Bacteria;p__Bacillota;c__Bacilli;o__Lactobacillales;f__Streptococcaceae;g__Streptococcus_s__Streptococcus_dysgalactiae",NA,NA
"X1334","PFOA",-0.000512005106469075,0.00155638129369263,-0.00368225005872916,0.00265823984579101,0.744320624859244,40,-0.000439800292600554,0.00133689476865675,0.951403734462574,"Streptococcus dysgalactiae","Species","Streptococcus dysgalactiae","d__Bacteria;p__Bacillota;c__Bacilli;o__Lactobacillales;f__Streptococcaceae;g__Streptococcus_s__Streptococcus_dysgalactiae",NA,NA
"X1334","PFOS",-0.000663339304938315,0.00185005864784626,-0.00443178545209308,0.00310510684221645,0.722286192427473,40,-0.000595350328141381,0.00166043684563286,0.996746307670573,"Streptococcus dysgalactiae","Species","Streptococcus dysgalactiae","d__Bacteria;p__Bacillota;c__Bacilli;o__Lactobacillales;f__Streptococcaceae;g__Streptococcus_s__Streptococcus_dysgalactiae",NA,NA
"X1334","PFNA",0.000434640273254373,0.00122241869742104,-0.0020553451311916,0.00292462567770035,0.724505075267004,40,0.000672960255279185,0.00189268976966859,0.928252197412074,"Streptococcus dysgalactiae","Species","Streptococcus dysgalactiae","d__Bacteria;p__Bacillota;c__Bacilli;o__Lactobacillales;f__Streptococcaceae;g__Streptococcus_s__Streptococcus_dysgalactiae",NA,NA
"X1338","PFHxS",0.00164749313247583,0.0017068366726726,-0.00182921939793148,0.00512420566288315,0.34166708081743,40,0.00163654008480893,0.00169548909066034,0.979182918001196,"Streptococcus intermedius","Species","Streptococcus intermedius","d__Bacteria;p__Bacillota;c__Bacilli;o__Lactobacillales;f__Streptococcaceae;g__Streptococcus_s__Streptococcus_intermedius",NA,NA
"X1338","PFBS",0.00119900488151951,0.00120982988999117,-0.00126533796131818,0.00366334772435719,0.32909509345529,40,0.00119059002678956,0.00120133906319877,0.926688160764812,"Streptococcus intermedius","Species","Streptococcus intermedius","d__Bacteria;p__Bacillota;c__Bacilli;o__Lactobacillales;f__Streptococcaceae;g__Streptococcus_s__Streptococcus_intermedius",NA,NA
"X1338","PFOS",-0.000226222371649162,0.00164649331507467,-0.00358001950490891,0.00312757476161059,0.891578297589724,40,-0.000203035704641042,0.00147773594616627,0.996746307670573,"Streptococcus intermedius","Species","Streptococcus intermedius","d__Bacteria;p__Bacillota;c__Bacilli;o__Lactobacillales;f__Streptococcaceae;g__Streptococcus_s__Streptococcus_intermedius",NA,NA
"X1338","PFNA",0.000933433961786084,0.00107561500652472,-0.00125752210973017,0.00312439003330234,0.391957685701087,40,0.00144525023534161,0.00166539134524556,0.928252197412074,"Streptococcus intermedius","Species","Streptococcus intermedius","d__Bacteria;p__Bacillota;c__Bacilli;o__Lactobacillales;f__Streptococcaceae;g__Streptococcus_s__Streptococcus_intermedius",NA,NA
"X1338","PFOA",-0.000505071974740859,0.00138221906055726,-0.00332056006715604,0.00231041611767432,0.717212223539435,40,-0.000433844896210593,0.00118729352420602,0.951403734462574,"Streptococcus intermedius","Species","Streptococcus intermedius","d__Bacteria;p__Bacillota;c__Bacilli;o__Lactobacillales;f__Streptococcaceae;g__Streptococcus_s__Streptococcus_intermedius",NA,NA
"X1340","PFBS",0.000215093788477177,0.00244672932840069,-0.00476873076296393,0.00519891833991828,0.930495471300173,40,0.000213584217489396,0.00242955769534119,0.985464675583793,"Streptococcus porcinus","Species","Streptococcus porcinus","d__Bacteria;p__Bacillota;c__Bacilli;o__Lactobacillales;f__Streptococcaceae;g__Streptococcus_s__Streptococcus_porcinus",NA,NA
"X1340","PFOA",9.7137867097987e-05,0.00275944648725485,-0.00552367069228528,0.00571794642648125,0.97213739066612,40,8.34391333846371e-05,0.00237029935283186,0.986832603349512,"Streptococcus porcinus","Species","Streptococcus porcinus","d__Bacteria;p__Bacillota;c__Bacilli;o__Lactobacillales;f__Streptococcaceae;g__Streptococcus_s__Streptococcus_porcinus",NA,NA
"X1340","PFHxS",0.000819917944123741,0.00344658910679725,-0.00620055432871795,0.00784039021696543,0.813481098814218,40,0.000814466874163018,0.00342367510853478,0.990081091199858,"Streptococcus porcinus","Species","Streptococcus porcinus","d__Bacteria;p__Bacillota;c__Bacilli;o__Lactobacillales;f__Streptococcaceae;g__Streptococcus_s__Streptococcus_porcinus",NA,NA
"X1340","PFOS",-0.00350597833199637,0.0032221705996325,-0.0100693250647046,0.00305736840071189,0.284687386831728,40,-0.00314663300496676,0.00289191415243682,0.802486296923273,"Streptococcus porcinus","Species","Streptococcus porcinus","d__Bacteria;p__Bacillota;c__Bacilli;o__Lactobacillales;f__Streptococcaceae;g__Streptococcus_s__Streptococcus_porcinus",NA,NA
"X1340","PFNA",-0.00153227322404349,0.00215100277308673,-0.005913722494419,0.00284917604633202,0.481408277401617,40,-0.0023724423240602,0.00333043085134338,0.928252197412074,"Streptococcus porcinus","Species","Streptococcus porcinus","d__Bacteria;p__Bacillota;c__Bacilli;o__Lactobacillales;f__Streptococcaceae;g__Streptococcus_s__Streptococcus_porcinus",NA,NA
"X1343","PFOS",0.000858635721218354,0.00177718391629103,-0.00276136945533586,0.00447864089777256,0.632282817273717,40,0.000770629833895934,0.00159503141130743,0.996746307670573,"Streptococcus vestibularis","Species","Streptococcus vestibularis","d__Bacteria;p__Bacillota;c__Bacilli;o__Lactobacillales;f__Streptococcaceae;g__Streptococcus_s__Streptococcus_vestibularis",NA,NA
"X1343","PFBS",-0.00102824005301263,0.001317705890762,-0.00371231911877954,0.00165583901275427,0.440933250448932,40,-0.00102102365981276,0.00130845796874061,0.926688160764812,"Streptococcus vestibularis","Species","Streptococcus vestibularis","d__Bacteria;p__Bacillota;c__Bacilli;o__Lactobacillales;f__Streptococcaceae;g__Streptococcus_s__Streptococcus_vestibularis",NA,NA
"X1343","PFHxS",-0.00166056545819667,0.00185207602974811,-0.00543312087781379,0.00211198996142046,0.376629983316953,40,-0.00164952550163533,0.00183976285123666,0.979182918001196,"Streptococcus vestibularis","Species","Streptococcus vestibularis","d__Bacteria;p__Bacillota;c__Bacilli;o__Lactobacillales;f__Streptococcaceae;g__Streptococcus_s__Streptococcus_vestibularis",NA,NA
"X1343","PFOA",0.00298026260807191,0.00140448103668583,0.000119428354189139,0.00584109686195469,0.0416771465395007,40,0.00255997518480938,0.00120641603585972,0.833542930790014,"Streptococcus vestibularis","Species","Streptococcus vestibularis","d__Bacteria;p__Bacillota;c__Bacilli;o__Lactobacillales;f__Streptococcaceae;g__Streptococcus_s__Streptococcus_vestibularis",NA,NA
"X1343","PFNA",-0.000981851341665615,0.0011656514123193,-0.00335620557027016,0.00139250288693893,0.405860559765854,40,-0.00152021561321539,0.00180479610443703,0.928252197412074,"Streptococcus vestibularis","Species","Streptococcus vestibularis","d__Bacteria;p__Bacillota;c__Bacilli;o__Lactobacillales;f__Streptococcaceae;g__Streptococcus_s__Streptococcus_vestibularis",NA,NA
"X1345","PFNA",0.00163002639448588,0.00187450648460143,-0.00218821836653096,0.00544827115550272,0.391008056786077,40,0.00252379506926879,0.0029023273728286,0.928252197412074,"Streptococcus ferus","Species","Streptococcus ferus","d__Bacteria;p__Bacillota;c__Bacilli;o__Lactobacillales;f__Streptococcaceae;g__Streptococcus_s__Streptococcus_ferus",NA,NA
"X1345","PFHxS",0.00327421784469014,0.00296165865979154,-0.0027584834313866,0.00930691912076688,0.277170580691058,40,0.00325244982428521,0.0029419686302343,0.970097032418704,"Streptococcus ferus","Species","Streptococcus ferus","d__Bacteria;p__Bacillota;c__Bacilli;o__Lactobacillales;f__Streptococcaceae;g__Streptococcus_s__Streptococcus_ferus",NA,NA
"X1345","PFOS",0.000711999952628403,0.00286761269710724,-0.00512913596623889,0.00655313587149569,0.805496432593887,40,0.000639023501665389,0.00257369667000803,0.996746307670573,"Streptococcus ferus","Species","Streptococcus ferus","d__Bacteria;p__Bacillota;c__Bacilli;o__Lactobacillales;f__Streptococcaceae;g__Streptococcus_s__Streptococcus_ferus",NA,NA
"X1345","PFBS",-0.000359968572767465,0.00213967319901571,-0.00471834025595051,0.00399840311041558,0.867456991894916,40,-0.000357442241729224,0.00212465654694298,0.985464675583793,"Streptococcus ferus","Species","Streptococcus ferus","d__Bacteria;p__Bacillota;c__Bacilli;o__Lactobacillales;f__Streptococcaceae;g__Streptococcus_s__Streptococcus_ferus",NA,NA
"X1345","PFOA",-0.00553899852281314,0.00220646186891031,-0.0100334142746699,-0.00104458277095644,0.0173107708829528,40,-0.00475786889675171,0.00189529862749002,0.616549966449788,"Streptococcus ferus","Species","Streptococcus ferus","d__Bacteria;p__Bacillota;c__Bacilli;o__Lactobacillales;f__Streptococcaceae;g__Streptococcus_s__Streptococcus_ferus",NA,NA
"X1346","PFNA",0.000349835145016293,0.00223915920157008,-0.0042111828939773,0.00491085318400989,0.876829246347339,40,0.000541655164011949,0.00346692481259657,0.976057855154754,"Streptococcus iniae","Species","Streptococcus iniae","d__Bacteria;p__Bacillota;c__Bacilli;o__Lactobacillales;f__Streptococcaceae;g__Streptococcus_s__Streptococcus_iniae",NA,NA
"X1346","PFBS",0.00463739050287304,0.00239172379301927,-0.000234391439474783,0.00950917244522086,0.0613710632199535,40,0.00460484437398801,0.0023749381997472,0.926688160764812,"Streptococcus iniae","Species","Streptococcus iniae","d__Bacteria;p__Bacillota;c__Bacilli;o__Lactobacillales;f__Streptococcaceae;g__Streptococcus_s__Streptococcus_iniae",NA,NA
"X1346","PFHxS",0.00102691026347991,0.00355960912663594,-0.00622377625624972,0.00827759678320954,0.77483249764616,40,0.00102008304408591,0.00353594373606706,0.990081091199858,"Streptococcus iniae","Species","Streptococcus iniae","d__Bacteria;p__Bacillota;c__Bacilli;o__Lactobacillales;f__Streptococcaceae;g__Streptococcus_s__Streptococcus_iniae",NA,NA
"X1346","PFOA",-0.000789142540034287,0.00284775786785316,-0.00658983549516524,0.00501155041509666,0.783477823317764,40,-0.000677854801886799,0.00244615674279998,0.96177884537198,"Streptococcus iniae","Species","Streptococcus iniae","d__Bacteria;p__Bacillota;c__Bacilli;o__Lactobacillales;f__Streptococcaceae;g__Streptococcus_s__Streptococcus_iniae",NA,NA
"X1346","PFOS",-0.00342812161317123,0.00333563786194107,-0.010222593595867,0.00336635036952451,0.311784936512566,40,-0.00307675621226732,0.0029937515851742,0.823582851165267,"Streptococcus iniae","Species","Streptococcus iniae","d__Bacteria;p__Bacillota;c__Bacilli;o__Lactobacillales;f__Streptococcaceae;g__Streptococcus_s__Streptococcus_iniae",NA,NA
"X1349","PFHxS",-0.000495469094514313,0.00144013102078249,-0.0034289199896974,0.00243798180066877,0.733063455104059,40,-0.000492175061596837,0.00143055658104355,0.990081091199858,"Streptococcus uberis","Species","Streptococcus uberis","d__Bacteria;p__Bacillota;c__Bacilli;o__Lactobacillales;f__Streptococcaceae;g__Streptococcus_s__Streptococcus_uberis",NA,NA
"X1349","PFOA",-0.000949260786616036,0.00114188213054924,-0.00327519857263305,0.00137667699940098,0.411957522599005,40,-0.000815392593615042,0.000980849778226255,0.853420319972269,"Streptococcus uberis","Species","Streptococcus uberis","d__Bacteria;p__Bacillota;c__Bacilli;o__Lactobacillales;f__Streptococcaceae;g__Streptococcus_s__Streptococcus_uberis",NA,NA
"X1349","PFBS",-0.000588160953492573,0.00101816032670434,-0.00266208567194487,0.00148576376495973,0.567529613522553,40,-0.000584033122940961,0.00101101467502846,0.985464675583793,"Streptococcus uberis","Species","Streptococcus uberis","d__Bacteria;p__Bacillota;c__Bacilli;o__Lactobacillales;f__Streptococcaceae;g__Streptococcus_s__Streptococcus_uberis",NA,NA
"X1349","PFOS",-0.00097403342442748,0.0013615148028252,-0.00374734832391664,0.00179928147506168,0.479547041624509,40,-0.000874199846950873,0.00122196631286112,0.935455214005822,"Streptococcus uberis","Species","Streptococcus uberis","d__Bacteria;p__Bacillota;c__Bacilli;o__Lactobacillales;f__Streptococcaceae;g__Streptococcus_s__Streptococcus_uberis",NA,NA
"X1349","PFNA",0.00118266251193625,0.00088231963641369,-0.000614563775064386,0.00297988879893689,0.189554430148032,40,0.00183113465299142,0.00136610913506235,0.928252197412074,"Streptococcus uberis","Species","Streptococcus uberis","d__Bacteria;p__Bacillota;c__Bacilli;o__Lactobacillales;f__Streptococcaceae;g__Streptococcus_s__Streptococcus_uberis",NA,NA
"X137838","PFBS",0.0019981110707038,0.00204736548193089,-0.00217223594569049,0.00616845808709808,0.336413486628165,40,0.00198408792980302,0.00203299666377585,0.926688160764812,"Clostridium neonatale","Species","Clostridium neonatale","d__Bacteria;p__Bacillota;c__Clostridia;o__Eubacteriales;f__Clostridiaceae;g__Clostridium_s__Clostridium_neonatale",NA,NA
"X137838","PFHxS",5.61844358797985e-05,0.00292884693060118,-0.00590968153495251,0.00602205040671211,0.984814133785548,40,5.58109042442495e-05,0.002909375043643,0.990081091199858,"Clostridium neonatale","Species","Clostridium neonatale","d__Bacteria;p__Bacillota;c__Clostridia;o__Eubacteriales;f__Clostridiaceae;g__Clostridium_s__Clostridium_neonatale",NA,NA
"X137838","PFNA",0.00033714659265377,0.00183973642504762,-0.00341027387470382,0.00408456706001136,0.855751734651236,40,0.000522009282204742,0.00284849235202345,0.974026364643683,"Clostridium neonatale","Species","Clostridium neonatale","d__Bacteria;p__Bacillota;c__Clostridia;o__Eubacteriales;f__Clostridiaceae;g__Clostridium_s__Clostridium_neonatale",NA,NA
"X137838","PFOA",0.00345987121773617,0.00226167228720052,-0.00114700447604224,0.00806674691151457,0.13589652632961,40,0.00297194765187857,0.00194272307269934,0.853420319972269,"Clostridium neonatale","Species","Clostridium neonatale","d__Bacteria;p__Bacillota;c__Clostridia;o__Eubacteriales;f__Clostridiaceae;g__Clostridium_s__Clostridium_neonatale",NA,NA
"X137838","PFOS",-0.00315513460050554,0.00272948179325044,-0.00871490707554463,0.00240463787453356,0.256260908210333,40,-0.0028317490095297,0.00244972349621086,0.788101882427716,"Clostridium neonatale","Species","Clostridium neonatale","d__Bacteria;p__Bacillota;c__Clostridia;o__Eubacteriales;f__Clostridiaceae;g__Clostridium_s__Clostridium_neonatale",NA,NA
"X1443109","PFOA",0.0017072280874881,0.00219225336829909,-0.00275824589571303,0.00617270207068922,0.441845090737877,40,0.00146646860143865,0.00188309386107797,0.853420319972269,"Clostridium sp. K25","Species","Clostridium sp. K25","d__Bacteria;p__Bacillota;c__Clostridia;o__Eubacteriales;f__Clostridiaceae;g__Clostridium_s__Clostridium_sp._K25",NA,NA
"X1443109","PFHxS",0.00148136334123589,0.00275394831866202,-0.00412824581521266,0.00709097249768444,0.594364147829878,40,0.0014715147761835,0.00273563921217054,0.990081091199858,"Clostridium sp. K25","Species","Clostridium sp. K25","d__Bacteria;p__Bacillota;c__Clostridia;o__Eubacteriales;f__Clostridiaceae;g__Clostridium_s__Clostridium_sp._K25",NA,NA
"X1443109","PFNA",-0.00106763428129819,0.00172830531568184,-0.00458807700648987,0.0024528084438935,0.541121783112699,40,-0.00165303466498318,0.00267596184249805,0.928252197412074,"Clostridium sp. K25","Species","Clostridium sp. K25","d__Bacteria;p__Bacillota;c__Clostridia;o__Eubacteriales;f__Clostridiaceae;g__Clostridium_s__Clostridium_sp._K25",NA,NA
"X1443109","PFOS",0.00573934405654844,0.0024278583651569,0.000793958399361822,0.010684729713735,0.0243175624961024,40,0.0051510898599626,0.00217901496808088,0.425557343681792,"Clostridium sp. K25","Species","Clostridium sp. K25","d__Bacteria;p__Bacillota;c__Clostridia;o__Eubacteriales;f__Clostridiaceae;g__Clostridium_s__Clostridium_sp._K25",NA,NA
"X1443109","PFBS",0.000209128553170416,0.00196199760977827,-0.00378732979797596,0.00420558690431679,0.915779999765546,40,0.000207660847390451,0.00194822792032891,0.985464675583793,"Clostridium sp. K25","Species","Clostridium sp. K25","d__Bacteria;p__Bacillota;c__Clostridia;o__Eubacteriales;f__Clostridiaceae;g__Clostridium_s__Clostridium_sp._K25",NA,NA
"X1463165","PFOS",0.00378879060804462,0.00155056305829128,0.000630397013473644,0.00694718420261559,0.020242617653893,40,0.00340045843049825,0.00139163806318315,0.425557343681792,"Klebsiella quasipneumoniae","Species","Klebsiella quasipneumoniae","d__Bacteria;p__Pseudomonadota;c__Gammaproteobacteria;o__Enterobacterales;f__Enterobacteriaceae;g__Klebsiella_s__Klebsiella_quasipneumoniae",NA,NA
"X1463165","PFNA",-0.00114810390313993,0.00109737492503066,-0.00338338347821191,0.00108717567193205,0.303294779066425,40,-0.00177762702466344,0.00169908256350973,0.928252197412074,"Klebsiella quasipneumoniae","Species","Klebsiella quasipneumoniae","d__Bacteria;p__Pseudomonadota;c__Gammaproteobacteria;o__Enterobacterales;f__Enterobacteriaceae;g__Klebsiella_s__Klebsiella_quasipneumoniae",NA,NA
"X1463165","PFOA",0.0013923039033349,0.00139898235626372,-0.00145732990505104,0.00424193771172084,0.32709274821402,40,0.0011959561659422,0.00120169279925914,0.853420319972269,"Klebsiella quasipneumoniae","Species","Klebsiella quasipneumoniae","d__Bacteria;p__Pseudomonadota;c__Gammaproteobacteria;o__Enterobacterales;f__Enterobacteriaceae;g__Klebsiella_s__Klebsiella_quasipneumoniae",NA,NA
"X1463165","PFBS",0.00127841671751929,0.00123918072806236,-0.0012457118260441,0.00380254526108269,0.309964732866281,40,0.00126944453472999,0.00123048391125076,0.926688160764812,"Klebsiella quasipneumoniae","Species","Klebsiella quasipneumoniae","d__Bacteria;p__Pseudomonadota;c__Gammaproteobacteria;o__Enterobacterales;f__Enterobacteriaceae;g__Klebsiella_s__Klebsiella_quasipneumoniae",NA,NA
"X1463165","PFHxS",0.000590535749647819,0.00177264820837472,-0.00302023049221546,0.0042013019915111,0.74120335619213,40,0.00058660968398636,0.00176086309076771,0.990081091199858,"Klebsiella quasipneumoniae","Species","Klebsiella quasipneumoniae","d__Bacteria;p__Pseudomonadota;c__Gammaproteobacteria;o__Enterobacterales;f__Enterobacteriaceae;g__Klebsiella_s__Klebsiella_quasipneumoniae",NA,NA
"X1494","PFHxS",0.00408353418206154,0.00258447066408383,-0.0011808602888053,0.00934792865292837,0.123935932241736,40,0.0040563855744808,0.00256728829784545,0.94260671976156,"Clostridium cochlearium","Species","Clostridium cochlearium","d__Bacteria;p__Bacillota;c__Clostridia;o__Eubacteriales;f__Clostridiaceae;g__Clostridium_s__Clostridium_cochlearium",NA,NA
"X1494","PFNA",-0.00145599847042656,0.00166667257194122,-0.00485089940484403,0.0019389024639909,0.388847253670295,40,-0.00225434494371146,0.00258053491242851,0.928252197412074,"Clostridium cochlearium","Species","Clostridium cochlearium","d__Bacteria;p__Bacillota;c__Clostridia;o__Eubacteriales;f__Clostridiaceae;g__Clostridium_s__Clostridium_cochlearium",NA,NA
"X1494","PFOS",-0.00119526421344332,0.00254363609265876,-0.00637648138420851,0.00398595295732187,0.641610418274318,40,-0.0010727555813315,0.00228292605483022,0.996746307670573,"Clostridium cochlearium","Species","Clostridium cochlearium","d__Bacteria;p__Bacillota;c__Clostridia;o__Eubacteriales;f__Clostridiaceae;g__Clostridium_s__Clostridium_cochlearium",NA,NA
"X1494","PFBS",0.000302367386606305,0.00190273327868347,-0.00357337347245521,0.00417810824566782,0.874736819443927,40,0.000300245312148909,0.00188937951809688,0.985464675583793,"Clostridium cochlearium","Species","Clostridium cochlearium","d__Bacteria;p__Bacillota;c__Clostridia;o__Eubacteriales;f__Clostridiaceae;g__Clostridium_s__Clostridium_cochlearium",NA,NA
"X1494","PFOA",0.000976549149231536,0.00213959811527949,-0.00338166959338564,0.00533476789184871,0.651172954955176,40,0.000838832652534868,0.00183786424248163,0.920371133879899,"Clostridium cochlearium","Species","Clostridium cochlearium","d__Bacteria;p__Bacillota;c__Clostridia;o__Eubacteriales;f__Clostridiaceae;g__Clostridium_s__Clostridium_cochlearium",NA,NA
"X1501","PFBS",-0.0010358153352037,0.00112527178226381,-0.00332791894895163,0.00125628827854423,0.364197987627611,40,-0.00102854577716675,0.0011173744010893,0.926688160764812,"Clostridium pasteurianum","Species","Clostridium pasteurianum","d__Bacteria;p__Bacillota;c__Clostridia;o__Eubacteriales;f__Clostridiaceae;g__Clostridium_s__Clostridium_pasteurianum",NA,NA
"X1501","PFNA",0.00030959320000188,0.0010085862507766,-0.00174482976396039,0.00236401616396415,0.760864334545614,40,0.00047934793834448,0.00156160968635428,0.928252197412074,"Clostridium pasteurianum","Species","Clostridium pasteurianum","d__Bacteria;p__Bacillota;c__Clostridia;o__Eubacteriales;f__Clostridiaceae;g__Clostridium_s__Clostridium_pasteurianum",NA,NA
"X1501","PFHxS",0.00070064303405739,0.00160241059942413,-0.0025633605458235,0.00396464661393828,0.664871774666808,40,0.000695984940862197,0.00159175727448367,0.990081091199858,"Clostridium pasteurianum","Species","Clostridium pasteurianum","d__Bacteria;p__Bacillota;c__Clostridia;o__Eubacteriales;f__Clostridiaceae;g__Clostridium_s__Clostridium_pasteurianum",NA,NA
"X1501","PFOA",-0.00073054051366991,0.00127915250058249,-0.00333608889347676,0.00187500786613694,0.571912629085475,40,-0.000627517045453514,0.00109876178367938,0.901423242998267,"Clostridium pasteurianum","Species","Clostridium pasteurianum","d__Bacteria;p__Bacillota;c__Clostridia;o__Eubacteriales;f__Clostridiaceae;g__Clostridium_s__Clostridium_pasteurianum",NA,NA
"X1501","PFOS",0.0031499936745548,0.00142370839384704,0.000249994575763737,0.00604999277334585,0.0341863668285244,40,0.0028271350028985,0.00127778537038943,0.478609135599342,"Clostridium pasteurianum","Species","Clostridium pasteurianum","d__Bacteria;p__Bacillota;c__Clostridia;o__Eubacteriales;f__Clostridiaceae;g__Clostridium_s__Clostridium_pasteurianum",NA,NA
"X1502","PFHxS",0.00316103220329548,0.00146206619383214,0.000182900822732987,0.00613916358385798,0.0381998410914775,40,0.00314001667630067,0.00145234592222825,0.925352226275572,"Clostridium perfringens","Species","Clostridium perfringens","d__Bacteria;p__Bacillota;c__Clostridia;o__Eubacteriales;f__Clostridiaceae;g__Clostridium_s__Clostridium_perfringens",NA,NA
"X1502","PFOS",0.00250277537364163,0.00142154548429643,-0.000392818022566896,0.00539836876985016,0.087861507171724,40,0.00224625335611655,0.00127584414830126,0.607383172736951,"Clostridium perfringens","Species","Clostridium perfringens","d__Bacteria;p__Bacillota;c__Clostridia;o__Eubacteriales;f__Clostridiaceae;g__Clostridium_s__Clostridium_perfringens",NA,NA
"X1502","PFNA",-0.00119742080635757,0.00096064377004629,-0.00315418813275207,0.00075934652003694,0.221636879413259,40,-0.00185398514842961,0.00148737960217589,0.928252197412074,"Clostridium perfringens","Species","Clostridium perfringens","d__Bacteria;p__Bacillota;c__Clostridia;o__Eubacteriales;f__Clostridiaceae;g__Clostridium_s__Clostridium_perfringens",NA,NA
"X1502","PFBS",0.00010020763016244,0.00111015418562915,-0.00216110244692736,0.00236151770725224,0.928639581985052,40,9.95043530835508e-05,0.00110236290275457,0.985464675583793,"Clostridium perfringens","Species","Clostridium perfringens","d__Bacteria;p__Bacillota;c__Clostridia;o__Eubacteriales;f__Clostridiaceae;g__Clostridium_s__Clostridium_perfringens",NA,NA
"X1502","PFOA",-0.000204985347210287,0.00125155127063165,-0.00275431186140975,0.00234434116698918,0.870930485803819,40,-0.000176077571381323,0.0010750529791086,0.974025146096212,"Clostridium perfringens","Species","Clostridium perfringens","d__Bacteria;p__Bacillota;c__Clostridia;o__Eubacteriales;f__Clostridiaceae;g__Clostridium_s__Clostridium_perfringens",NA,NA
"X151276","PFHxS",0.00119149706208224,0.00194908106037916,-0.00277865113891064,0.00516164526307512,0.54531149344505,40,0.00118357561836955,0.00193612296219947,0.990081091199858,"Bacteroides coprosuis","Species","Bacteroides coprosuis","d__Bacteria;p__Bacteroidota;c__Bacteroidia;o__Bacteroidales;f__Bacteroidaceae;g__Bacteroides_s__Bacteroides_coprosuis",NA,NA
"X151276","PFNA",0.00106298469401038,0.00121765571517704,-0.00141729883308848,0.00354326822110925,0.389179821595535,40,0.00164583563709578,0.00188531517061725,0.928252197412074,"Bacteroides coprosuis","Species","Bacteroides coprosuis","d__Bacteria;p__Bacteroidota;c__Bacteroidia;o__Bacteroidales;f__Bacteroidaceae;g__Bacteroides_s__Bacteroides_coprosuis",NA,NA
"X151276","PFOA",-0.00207046203713147,0.00152491498245183,-0.00517661221082948,0.00103568813656654,0.184039165589712,40,-0.00177847798438658,0.00130986595055335,0.853420319972269,"Bacteroides coprosuis","Species","Bacteroides coprosuis","d__Bacteria;p__Bacteroidota;c__Bacteroidia;o__Bacteroidales;f__Bacteroidaceae;g__Bacteroides_s__Bacteroides_coprosuis",NA,NA
"X151276","PFOS",-7.66381842150626e-06,0.00186472652962135,-0.00380598746304187,0.00379065982619886,0.996746307670573,40,-6.8783151821284e-06,0.00167360134253954,0.996746307670573,"Bacteroides coprosuis","Species","Bacteroides coprosuis","d__Bacteria;p__Bacteroidota;c__Bacteroidia;o__Bacteroidales;f__Bacteroidaceae;g__Bacteroides_s__Bacteroides_coprosuis",NA,NA
"X151276","PFBS",-0.00120237784980158,0.00137430522080699,-0.00400174597815465,0.00159699027855148,0.38814861248599,40,-0.00119393932290938,0.00136466007343024,0.926688160764812,"Bacteroides coprosuis","Species","Bacteroides coprosuis","d__Bacteria;p__Bacteroidota;c__Bacteroidia;o__Bacteroidales;f__Bacteroidaceae;g__Bacteroides_s__Bacteroides_coprosuis",NA,NA
"X1519","PFOA",0.00102649338409609,0.00179701278499567,-0.00263390187628569,0.00468688864447788,0.57183952309571,40,0.000881733570571844,0.00154359153583123,0.901423242998267,"Clostridium tyrobutyricum","Species","Clostridium tyrobutyricum","d__Bacteria;p__Bacillota;c__Clostridia;o__Eubacteriales;f__Clostridiaceae;g__Clostridium_s__Clostridium_tyrobutyricum",NA,NA
"X1519","PFHxS",0.000613660437223171,0.00225525220156291,-0.00398013797005212,0.00520745884449847,0.787290996217011,40,0.000609580631433574,0.00224025858224052,0.990081091199858,"Clostridium tyrobutyricum","Species","Clostridium tyrobutyricum","d__Bacteria;p__Bacillota;c__Clostridia;o__Eubacteriales;f__Clostridiaceae;g__Clostridium_s__Clostridium_tyrobutyricum",NA,NA
"X1519","PFOS",3.65293284978667e-05,0.0021476285134219,-0.00433804679985685,0.00441110545685259,0.986534929860259,40,3.27852541619128e-05,0.00192750728122527,0.996746307670573,"Clostridium tyrobutyricum","Species","Clostridium tyrobutyricum","d__Bacteria;p__Bacillota;c__Clostridia;o__Eubacteriales;f__Clostridiaceae;g__Clostridium_s__Clostridium_tyrobutyricum",NA,NA
"X1519","PFNA",0.000362591646887827,0.00141754756222927,-0.00252485824855756,0.00325004154233321,0.799751660195464,40,0.000561406253094557,0.00219481080804009,0.948033778947657,"Clostridium tyrobutyricum","Species","Clostridium tyrobutyricum","d__Bacteria;p__Bacillota;c__Clostridia;o__Eubacteriales;f__Clostridiaceae;g__Clostridium_s__Clostridium_tyrobutyricum",NA,NA
"X1519","PFBS",0.00114141050027994,0.00158886900720912,-0.00209500975889466,0.00437783075945454,0.477736262674661,40,0.00113339985437255,0.00157771800850456,0.942015165837359,"Clostridium tyrobutyricum","Species","Clostridium tyrobutyricum","d__Bacteria;p__Bacillota;c__Clostridia;o__Eubacteriales;f__Clostridiaceae;g__Clostridium_s__Clostridium_tyrobutyricum",NA,NA
"X1520","PFNA",-0.00151093771059814,0.00254921973114849,-0.0067035283807809,0.00368165295958461,0.557543631775047,40,-0.0023394082187133,0.00394699632455001,0.928252197412074,"Clostridium beijerinckii","Species","Clostridium beijerinckii","d__Bacteria;p__Bacillota;c__Clostridia;o__Eubacteriales;f__Clostridiaceae;g__Clostridium_s__Clostridium_beijerinckii",NA,NA
"X1520","PFBS",0.0021587557989816,0.00286779153462281,-0.00368274439998422,0.00800025599794742,0.457097084974222,40,0.00214360522142695,0.00284766480325451,0.930557495687515,"Clostridium beijerinckii","Species","Clostridium beijerinckii","d__Bacteria;p__Bacillota;c__Clostridia;o__Eubacteriales;f__Clostridiaceae;g__Clostridium_s__Clostridium_beijerinckii",NA,NA
"X1520","PFHxS",0.00411290573517097,0.00401310825247847,-0.00406152827521733,0.0122873397455593,0.313110972283088,40,0.00408556185635364,0.00398642785842076,0.974123024880717,"Clostridium beijerinckii","Species","Clostridium beijerinckii","d__Bacteria;p__Bacillota;c__Clostridia;o__Eubacteriales;f__Clostridiaceae;g__Clostridium_s__Clostridium_beijerinckii",NA,NA
"X1520","PFOA",0.00680477455432222,0.00303264011816839,0.000627488778910236,0.0129820603297342,0.0318909517666726,40,0.00584514060945695,0.00260496622879522,0.833542930790014,"Clostridium beijerinckii","Species","Clostridium beijerinckii","d__Bacteria;p__Bacillota;c__Clostridia;o__Eubacteriales;f__Clostridiaceae;g__Clostridium_s__Clostridium_beijerinckii",NA,NA
"X1520","PFOS",0.00527373963950232,0.00376565557819976,-0.00239664976771931,0.0129441290467239,0.170990833075819,40,0.00473320757798587,0.00337969462605133,0.746798951915328,"Clostridium beijerinckii","Species","Clostridium beijerinckii","d__Bacteria;p__Bacillota;c__Clostridia;o__Eubacteriales;f__Clostridiaceae;g__Clostridium_s__Clostridium_beijerinckii",NA,NA
"X1548","PFOA",-0.00330699418524696,0.00200868859099221,-0.00739855895286689,0.000784570582372971,0.109480582213791,40,-0.00284062989201415,0.00172541605327745,0.853420319972269,"Clostridium scatologenes","Species","Clostridium scatologenes","d__Bacteria;p__Bacillota;c__Clostridia;o__Eubacteriales;f__Clostridiaceae;g__Clostridium_s__Clostridium_scatologenes",NA,NA
"X1548","PFOS",-0.00410831096871141,0.00237918974540979,-0.00895456189155495,0.000737939954132134,0.0938525431825042,40,-0.00368722954469978,0.00213533463959601,0.607383172736951,"Clostridium scatologenes","Species","Clostridium scatologenes","d__Bacteria;p__Bacillota;c__Clostridia;o__Eubacteriales;f__Clostridiaceae;g__Clostridium_s__Clostridium_scatologenes",NA,NA
"X1548","PFNA",0.00254978610003489,0.00158058062403641,-0.000669751275091841,0.00576932347516162,0.116521829493655,40,0.00394787324225375,0.00244723741837508,0.928252197412074,"Clostridium scatologenes","Species","Clostridium scatologenes","d__Bacteria;p__Bacillota;c__Clostridia;o__Eubacteriales;f__Clostridiaceae;g__Clostridium_s__Clostridium_scatologenes",NA,NA
"X1548","PFBS",0.00118206564140822,0.00184332967908214,-0.00257267404490381,0.00493680532772025,0.525916195582048,40,0.00117376966963444,0.00183039282477241,0.956211264694633,"Clostridium scatologenes","Species","Clostridium scatologenes","d__Bacteria;p__Bacillota;c__Clostridia;o__Eubacteriales;f__Clostridiaceae;g__Clostridium_s__Clostridium_scatologenes",NA,NA
"X1548","PFHxS",0.000338966027914675,0.00261454755281889,-0.00498669306048414,0.00566462511631349,0.897657898444016,40,0.000336712476146826,0.00259716522605291,0.990081091199858,"Clostridium scatologenes","Species","Clostridium scatologenes","d__Bacteria;p__Bacillota;c__Clostridia;o__Eubacteriales;f__Clostridiaceae;g__Clostridium_s__Clostridium_scatologenes",NA,NA
"X1561","PFOA",-0.000429864577158855,0.00191388977484172,-0.00432833047524129,0.00346860132092358,0.823716489465168,40,-0.000369243518129827,0.00164398610940697,0.974025146096212,"Clostridium baratii","Species","Clostridium baratii","d__Bacteria;p__Bacillota;c__Clostridia;o__Eubacteriales;f__Clostridiaceae;g__Clostridium_s__Clostridium_baratii",NA,NA
"X1561","PFHxS",-0.00301271211877916,0.00233444792476675,-0.00776782693530779,0.00174240269774948,0.206108370338875,40,-0.00299268266991945,0.00231892778760087,0.94260671976156,"Clostridium baratii","Species","Clostridium baratii","d__Bacteria;p__Bacillota;c__Clostridia;o__Eubacteriales;f__Clostridiaceae;g__Clostridium_s__Clostridium_baratii",NA,NA
"X1561","PFNA",-0.00152925122770537,0.00148034346098014,-0.00454461218314894,0.0014861097277382,0.309330616403242,40,-0.00236776332040524,0.00229203866899613,0.928252197412074,"Clostridium baratii","Species","Clostridium baratii","d__Bacteria;p__Bacillota;c__Clostridia;o__Eubacteriales;f__Clostridiaceae;g__Clostridium_s__Clostridium_baratii",NA,NA
"X1561","PFBS",0.00152445924799173,0.00167699034805568,-0.00189145830862365,0.0049403768046071,0.370122611650212,40,0.00151376028978789,0.00166522089625451,0.926688160764812,"Clostridium baratii","Species","Clostridium baratii","d__Bacteria;p__Bacillota;c__Clostridia;o__Eubacteriales;f__Clostridiaceae;g__Clostridium_s__Clostridium_baratii",NA,NA
"X1561","PFOS",0.000301578347996916,0.00227691566303412,-0.00433634708628385,0.00493950378227768,0.895457423353842,40,0.000270668068518864,0.00204354314156564,0.996746307670573,"Clostridium baratii","Species","Clostridium baratii","d__Bacteria;p__Bacillota;c__Clostridia;o__Eubacteriales;f__Clostridiaceae;g__Clostridium_s__Clostridium_baratii",NA,NA
"X158836","PFNA",-0.000104413967809226,0.00169410591300495,-0.00355519478936192,0.00334636685374347,0.951237915737671,40,-0.000161665760757714,0.00262301037855865,0.977866435518223,"Enterobacter hormaechei","Species","Enterobacter hormaechei","d__Bacteria;p__Pseudomonadota;c__Gammaproteobacteria;o__Enterobacterales;f__Enterobacteriaceae;g__Enterobacter_s__Enterobacter_hormaechei",NA,NA
"X158836","PFBS",-0.00217962687099558,0.00187304097267153,-0.00599488648189715,0.00163563273990599,0.253155931453244,40,-0.00216432981610647,0.00185989559859407,0.926688160764812,"Enterobacter hormaechei","Species","Enterobacter hormaechei","d__Bacteria;p__Pseudomonadota;c__Gammaproteobacteria;o__Enterobacterales;f__Enterobacteriaceae;g__Enterobacter_s__Enterobacter_hormaechei",NA,NA
"X158836","PFHxS",0.000922282207186706,0.00269083086409931,-0.00455876090150874,0.00640332531588216,0.734027919171768,40,0.000916150587710714,0.00267294138211176,0.990081091199858,"Enterobacter hormaechei","Species","Enterobacter hormaechei","d__Bacteria;p__Pseudomonadota;c__Gammaproteobacteria;o__Enterobacterales;f__Enterobacteriaceae;g__Enterobacter_s__Enterobacter_hormaechei",NA,NA
"X158836","PFOA",-7.428099585398e-05,0.00215640959972768,-0.00446674361169675,0.00431818161998879,0.972734994730233,40,-6.38056208785374e-05,0.00185230491052566,0.986832603349512,"Enterobacter hormaechei","Species","Enterobacter hormaechei","d__Bacteria;p__Pseudomonadota;c__Gammaproteobacteria;o__Enterobacterales;f__Enterobacteriaceae;g__Enterobacter_s__Enterobacter_hormaechei",NA,NA
"X158836","PFOS",0.00201246779031141,0.00253936775751725,-0.00316005506628299,0.0071849906469058,0.433901274383165,40,0.00180619985943283,0.00227909520279388,0.935455214005822,"Enterobacter hormaechei","Species","Enterobacter hormaechei","d__Bacteria;p__Pseudomonadota;c__Gammaproteobacteria;o__Enterobacterales;f__Enterobacteriaceae;g__Enterobacter_s__Enterobacter_hormaechei",NA,NA
"X166486","PFNA",-0.000928913468741288,0.00124478947000097,-0.0034644666457743,0.00160663970829172,0.460969020885649,40,-0.00143825108606666,0.00192732678274026,0.928252197412074,"Roseburia intestinalis","Species","Roseburia intestinalis","d__Bacteria;p__Bacillota;c__Clostridia;o__Lachnospirales;f__Lachnospiraceae;g__Roseburia_s__Roseburia_intestinalis",NA,NA
"X166486","PFOA",0.00132256744703746,0.00158094735473579,-0.00189771693407892,0.00454285182815384,0.409040296704414,40,0.00113605419719808,0.00135799643482827,0.853420319972269,"Roseburia intestinalis","Species","Roseburia intestinalis","d__Bacteria;p__Bacillota;c__Clostridia;o__Lachnospirales;f__Lachnospiraceae;g__Roseburia_s__Roseburia_intestinalis",NA,NA
"X166486","PFHxS",-0.00259994065924123,0.00194424173948455,-0.00656023148614418,0.00136035016766172,0.190568960258286,40,-0.00258265544365493,0.00193131581461799,0.94260671976156,"Roseburia intestinalis","Species","Roseburia intestinalis","d__Bacteria;p__Bacillota;c__Clostridia;o__Lachnospirales;f__Lachnospiraceae;g__Roseburia_s__Roseburia_intestinalis",NA,NA
"X166486","PFOS",-0.00100250022679746,0.0018920187083637,-0.00485641622031379,0.00285141576671887,0.59986817039529,40,-0.000899748943779502,0.00169809620881535,0.988018163004007,"Roseburia intestinalis","Species","Roseburia intestinalis","d__Bacteria;p__Bacillota;c__Clostridia;o__Lachnospirales;f__Lachnospiraceae;g__Roseburia_s__Roseburia_intestinalis",NA,NA
"X166486","PFBS",0.00150164649473078,0.00139209042264495,-0.00133394890426619,0.00433724189372775,0.288786140955775,40,0.00149110764096658,0.00138232045518438,0.926688160764812,"Roseburia intestinalis","Species","Roseburia intestinalis","d__Bacteria;p__Bacillota;c__Clostridia;o__Lachnospirales;f__Lachnospiraceae;g__Roseburia_s__Roseburia_intestinalis",NA,NA
"X1680","PFNA",0.00136359817276858,0.000795998300330012,-0.000257797306511194,0.00298499365204835,0.0963747351896649,40,0.00211128013419851,0.00123245647574489,0.899497528436873,"Bifidobacterium adolescentis","Species","Bifidobacterium adolescentis","d__Bacteria;p__Actinomycetota;c__Actinomycetes;o__Bifidobacteriales;f__Bifidobacteriaceae;g__Bifidobacterium_s__Bifidobacterium_adolescentis",NA,NA
"X1680","PFBS",8.22118672152522e-05,0.000938628906828322,-0.00182971265023886,0.00199413638466937,0.930750605209078,40,8.16348879799238e-05,0.000932041422475231,0.985464675583793,"Bifidobacterium adolescentis","Species","Bifidobacterium adolescentis","d__Bacteria;p__Actinomycetota;c__Actinomycetes;o__Bifidobacteriales;f__Bifidobacteriaceae;g__Bifidobacterium_s__Bifidobacterium_adolescentis",NA,NA
"X1680","PFHxS",-0.000188309915657331,0.00132294981665644,-0.00288307050892927,0.00250645067761461,0.887703160915339,40,-0.000187057972664861,0.00131415443407358,0.990081091199858,"Bifidobacterium adolescentis","Species","Bifidobacterium adolescentis","d__Bacteria;p__Actinomycetota;c__Actinomycetes;o__Bifidobacteriales;f__Bifidobacteriaceae;g__Bifidobacterium_s__Bifidobacterium_adolescentis",NA,NA
"X1680","PFOA",0.00170847238097522,0.00101461842354792,-0.000358237716838471,0.00377518247878891,0.101941257288591,40,0.00146753742015315,0.000871533259954395,0.853420319972269,"Bifidobacterium adolescentis","Species","Bifidobacterium adolescentis","d__Bacteria;p__Actinomycetota;c__Actinomycetes;o__Bifidobacteriales;f__Bifidobacteriaceae;g__Bifidobacterium_s__Bifidobacterium_adolescentis",NA,NA
"X1680","PFOS",-0.000788469851866114,0.0012510251886402,-0.00333672477211581,0.00175978506838358,0.533000415464527,40,-0.000707655616881814,0.00112280133413674,0.944557698291566,"Bifidobacterium adolescentis","Species","Bifidobacterium adolescentis","d__Bacteria;p__Actinomycetota;c__Actinomycetes;o__Bifidobacteriales;f__Bifidobacteriaceae;g__Bifidobacterium_s__Bifidobacterium_adolescentis",NA,NA
"X1686399","PFHxS",0.00280730800205435,0.00203045624976659,-0.00132859603553217,0.00694321203964086,0.176361333055161,40,0.00278864414376198,0.00201695714397315,0.94260671976156,"Enterobacter sp. BIDMC100","Species","Enterobacter sp. BIDMC100","d__Bacteria;p__Pseudomonadota;c__Gammaproteobacteria;o__Enterobacterales;f__Enterobacteriaceae;g__Enterobacter_s__Enterobacter_sp._BIDMC100",NA,NA
"X1686399","PFNA",-0.00100881994854991,0.00130148010315472,-0.00365984816651564,0.00164220826941583,0.443951732917334,40,-0.00156197152423001,0.00201510176657558,0.928252197412074,"Enterobacter sp. BIDMC100","Species","Enterobacter sp. BIDMC100","d__Bacteria;p__Pseudomonadota;c__Gammaproteobacteria;o__Enterobacterales;f__Enterobacteriaceae;g__Enterobacter_s__Enterobacter_sp._BIDMC100",NA,NA
"X1686399","PFOS",0.00210574644595172,0.00195302652737388,-0.00187243840831823,0.00608393130022166,0.289006835798327,40,0.00188991791719093,0.00175285103006068,0.802486296923273,"Enterobacter sp. BIDMC100","Species","Enterobacter sp. BIDMC100","d__Bacteria;p__Pseudomonadota;c__Gammaproteobacteria;o__Enterobacterales;f__Enterobacteriaceae;g__Enterobacter_s__Enterobacter_sp._BIDMC100",NA,NA
"X1686399","PFBS",0.00263085112934798,0.00140788928725467,-0.000236925503761328,0.00549862776245729,0.0708497218771158,40,0.00261238729286925,0.00139800844022001,0.926688160764812,"Enterobacter sp. BIDMC100","Species","Enterobacter sp. BIDMC100","d__Bacteria;p__Pseudomonadota;c__Gammaproteobacteria;o__Enterobacterales;f__Enterobacteriaceae;g__Enterobacter_s__Enterobacter_sp._BIDMC100",NA,NA
"X1686399","PFOA",0.00133715909237847,0.00165525949671925,-0.00203449416856796,0.0047088123533249,0.425156275254265,40,0.00114858807588292,0.00142182880949634,0.853420319972269,"Enterobacter sp. BIDMC100","Species","Enterobacter sp. BIDMC100","d__Bacteria;p__Pseudomonadota;c__Gammaproteobacteria;o__Enterobacterales;f__Enterobacteriaceae;g__Enterobacter_s__Enterobacter_sp._BIDMC100",NA,NA
"X1691","PFBS",0.000207607517958863,0.0017326473395689,-0.00332167962046646,0.00373689465638419,0.905374080110265,40,0.000206150487106532,0.0017204872759316,0.985464675583793,"Bifidobacterium indicum","Species","Bifidobacterium indicum","d__Bacteria;p__Actinomycetota;c__Actinomycetes;o__Bifidobacteriales;f__Bifidobacteriaceae;g__Bifidobacterium_s__Bifidobacterium_indicum",NA,NA
"X1691","PFHxS",-0.0012320480358457,0.00243337916697186,-0.00618867919833184,0.00372458312664044,0.616108689238458,40,-0.00122385699662464,0.00241720130408302,0.990081091199858,"Bifidobacterium indicum","Species","Bifidobacterium indicum","d__Bacteria;p__Actinomycetota;c__Actinomycetes;o__Bifidobacteriales;f__Bifidobacteriaceae;g__Bifidobacterium_s__Bifidobacterium_indicum",NA,NA
"X1691","PFOA",-0.00279203439444565,0.00189098589781084,-0.00664384662170938,0.00105977783281808,0.149584606528548,40,-0.00239829159536356,0.00162431222004025,0.853420319972269,"Bifidobacterium indicum","Species","Bifidobacterium indicum","d__Bacteria;p__Actinomycetota;c__Actinomycetes;o__Bifidobacteriales;f__Bifidobacteriaceae;g__Bifidobacterium_s__Bifidobacterium_indicum",NA,NA
"X1691","PFOS",-0.0017027699401368,0.00230426436190066,-0.00639640285103907,0.00299086297076546,0.465314597834574,40,-0.00152824449729237,0.00206808873493425,0.935455214005822,"Bifidobacterium indicum","Species","Bifidobacterium indicum","d__Bacteria;p__Actinomycetota;c__Actinomycetes;o__Bifidobacteriales;f__Bifidobacteriaceae;g__Bifidobacterium_s__Bifidobacterium_indicum",NA,NA
"X1691","PFNA",0.000550841593387358,0.00153232709857056,-0.0025704065667785,0.00367208975355321,0.72159718039037,40,0.000852876555890165,0.00237252573882345,0.928252197412074,"Bifidobacterium indicum","Species","Bifidobacterium indicum","d__Bacteria;p__Actinomycetota;c__Actinomycetes;o__Bifidobacteriales;f__Bifidobacteriaceae;g__Bifidobacterium_s__Bifidobacterium_indicum",NA,NA
"X1702238","PFHxS",-0.00139382364139061,0.00283828989917959,-0.00717523097543552,0.00438758369265429,0.626722002216933,40,-0.00138455706753822,0.00281942006358186,0.990081091199858,"Clostridium sp. MF28","Species","Clostridium sp. MF28","d__Bacteria;p__Bacillota;c__Clostridia;o__Eubacteriales;f__Clostridiaceae;g__Clostridium_s__Clostridium_sp._MF28",NA,NA
"X1702238","PFNA",-0.00212075342929781,0.00175079855201902,-0.00568701337758701,0.00144550651899139,0.234647721151114,40,-0.00328359532465415,0.00271078846809852,0.928252197412074,"Clostridium sp. MF28","Species","Clostridium sp. MF28","d__Bacteria;p__Bacillota;c__Clostridia;o__Eubacteriales;f__Clostridiaceae;g__Clostridium_s__Clostridium_sp._MF28",NA,NA
"X1702238","PFOA",-0.00207114280293752,0.002249397360967,-0.00665301529018236,0.00251072968430733,0.364068298475959,40,-0.0017790627461339,0.00193217920100559,0.853420319972269,"Clostridium sp. MF28","Species","Clostridium sp. MF28","d__Bacteria;p__Bacillota;c__Clostridia;o__Eubacteriales;f__Clostridiaceae;g__Clostridium_s__Clostridium_sp._MF28",NA,NA
"X1702238","PFOS",0.0004173259814474,0.00270888301546262,-0.00510048815628116,0.00593514011917596,0.878531257796445,40,0.000374552145707298,0.00243123599061005,0.996746307670573,"Clostridium sp. MF28","Species","Clostridium sp. MF28","d__Bacteria;p__Bacillota;c__Clostridia;o__Eubacteriales;f__Clostridiaceae;g__Clostridium_s__Clostridium_sp._MF28",NA,NA
"X1702238","PFBS",-0.00371843552848974,0.00191104421560304,-0.00761110521207814,0.000174234155098653,0.060511525945897,40,-0.00369233880838693,0.00189763212720819,0.926688160764812,"Clostridium sp. MF28","Species","Clostridium sp. MF28","d__Bacteria;p__Bacillota;c__Clostridia;o__Eubacteriales;f__Clostridiaceae;g__Clostridium_s__Clostridium_sp._MF28",NA,NA
"X1814128","PFBS",-0.00221746249986711,0.0023707239809958,-0.00704646922489793,0.0026115442251637,0.356612078492467,40,-0.00220189990700941,0.00235408576858118,0.926688160764812,"Streptococcus halotolerans","Species","Streptococcus halotolerans","d__Bacteria;p__Bacillota;c__Bacilli;o__Lactobacillales;f__Streptococcaceae;g__Streptococcus_s__Streptococcus_halotolerans",NA,NA
"X1814128","PFHxS",0.00454547631071803,0.00329076792794838,-0.00215759860730913,0.0112485512287452,0.176762355349021,40,0.00451525656793509,0.00326888987743331,0.94260671976156,"Streptococcus halotolerans","Species","Streptococcus halotolerans","d__Bacteria;p__Bacillota;c__Bacilli;o__Lactobacillales;f__Streptococcaceae;g__Streptococcus_s__Streptococcus_halotolerans",NA,NA
"X1814128","PFNA",-0.00559443973428782,0.00188525862448516,-0.00943458588754737,-0.00175429358102827,0.00564352144556372,40,-0.00866195753914175,0.00291897507725501,0.523097410667236,"Streptococcus halotolerans","Species","Streptococcus halotolerans","d__Bacteria;p__Bacillota;c__Bacilli;o__Lactobacillales;f__Streptococcaceae;g__Streptococcus_s__Streptococcus_halotolerans",NA,NA
"X1814128","PFOA",-0.00165001083223979,0.00269401127852317,-0.00713753223312122,0.00383751056864163,0.544552613314052,40,-0.00141732033068498,0.00231409205414878,0.901423242998267,"Streptococcus halotolerans","Species","Streptococcus halotolerans","d__Bacteria;p__Bacillota;c__Bacilli;o__Lactobacillales;f__Streptococcaceae;g__Streptococcus_s__Streptococcus_halotolerans",NA,NA
"X1814128","PFOS",0.0036480240808121,0.00315689095145768,-0.00278235235987953,0.0100784005215037,0.256410663727282,40,0.00327411977160182,0.00283332534325199,0.788101882427716,"Streptococcus halotolerans","Species","Streptococcus halotolerans","d__Bacteria;p__Bacillota;c__Bacilli;o__Lactobacillales;f__Streptococcaceae;g__Streptococcus_s__Streptococcus_halotolerans",NA,NA
"X1827481","PFHxS",-0.00330640814856633,0.00214492541707279,-0.00767547824983696,0.0010626619527043,0.133026528604997,40,-0.00328442611699145,0.00213066528458905,0.94260671976156,"Enterobacter sp. ODB01","Species","Enterobacter sp. ODB01","d__Bacteria;p__Pseudomonadota;c__Gammaproteobacteria;o__Enterobacterales;f__Enterobacteriaceae;g__Enterobacter_s__Enterobacter_sp._ODB01",NA,NA
"X1827481","PFOS",1.94237317309692e-05,0.00211460826144806,-0.00428789234436878,0.00432673980783072,0.992728162990039,40,1.74328959156702e-05,0.0018978714407111,0.996746307670573,"Enterobacter sp. ODB01","Species","Enterobacter sp. ODB01","d__Bacteria;p__Pseudomonadota;c__Gammaproteobacteria;o__Enterobacterales;f__Enterobacteriaceae;g__Enterobacter_s__Enterobacter_sp._ODB01",NA,NA
"X1827481","PFBS",1.05133688207968e-05,0.00157699817930169,-0.0032017268051747,0.00322275354281629,0.994722173879218,40,1.04395839073966e-05,0.00156593049242839,0.999441599565301,"Enterobacter sp. ODB01","Species","Enterobacter sp. ODB01","d__Bacteria;p__Pseudomonadota;c__Gammaproteobacteria;o__Enterobacterales;f__Enterobacteriaceae;g__Enterobacter_s__Enterobacter_sp._ODB01",NA,NA
"X1827481","PFNA",-0.000650161983549391,0.00139243882547457,-0.00348646705588696,0.00218614308878817,0.643718480459877,40,-0.00100665585162228,0.00215593456270354,0.928252197412074,"Enterobacter sp. ODB01","Species","Enterobacter sp. ODB01","d__Bacteria;p__Pseudomonadota;c__Gammaproteobacteria;o__Enterobacterales;f__Enterobacteriaceae;g__Enterobacter_s__Enterobacter_sp._ODB01",NA,NA
"X1827481","PFOA",-0.000140126665403135,0.00177820316646942,-0.00376220798663103,0.00348195465582476,0.937680524096989,40,-0.000120365495708511,0.00152743451781124,0.979666219205809,"Enterobacter sp. ODB01","Species","Enterobacter sp. ODB01","d__Bacteria;p__Pseudomonadota;c__Gammaproteobacteria;o__Enterobacterales;f__Enterobacteriaceae;g__Enterobacter_s__Enterobacter_sp._ODB01",NA,NA
"X182773","PFBS",0.000777293529541374,0.001650561625556,-0.00258479048098934,0.00413937754007209,0.640887642944114,40,0.000771838328954259,0.00163897765578577,0.985464675583793,"Clostridium isatidis","Species","Clostridium isatidis","d__Bacteria;p__Bacillota;c__Clostridia;o__Eubacteriales;f__Clostridiaceae;g__Clostridium_s__Clostridium_isatidis",NA,NA
"X182773","PFHxS",0.00178474461496688,0.00231347513377215,-0.00292765002427942,0.00649713925421318,0.446096254195185,40,0.00177287907667987,0.00229809443025545,0.979182918001196,"Clostridium isatidis","Species","Clostridium isatidis","d__Bacteria;p__Bacillota;c__Clostridia;o__Eubacteriales;f__Clostridiaceae;g__Clostridium_s__Clostridium_isatidis",NA,NA
"X182773","PFOS",-0.000726736812090365,0.00221718864544837,-0.00524300229274528,0.00378952866856455,0.745217471238235,40,-0.000652249906389391,0.00198993784597428,0.996746307670573,"Clostridium isatidis","Species","Clostridium isatidis","d__Bacteria;p__Bacillota;c__Clostridia;o__Eubacteriales;f__Clostridiaceae;g__Clostridium_s__Clostridium_isatidis",NA,NA
"X182773","PFOA",-0.00275322918993536,0.00180324228635783,-0.00642631352935485,0.000919855149484123,0.136630089087324,40,-0.00236495884129057,0.0015489425303569,0.853420319972269,"Clostridium isatidis","Species","Clostridium isatidis","d__Bacteria;p__Bacillota;c__Clostridia;o__Eubacteriales;f__Clostridiaceae;g__Clostridium_s__Clostridium_isatidis",NA,NA
"X182773","PFNA",0.000137851548660269,0.00146720438601602,-0.00285074598688666,0.0031264490842072,0.925730543668907,40,0.000213437684185223,0.0022716952360791,0.977866435518223,"Clostridium isatidis","Species","Clostridium isatidis","d__Bacteria;p__Bacillota;c__Clostridia;o__Eubacteriales;f__Clostridiaceae;g__Clostridium_s__Clostridium_isatidis",NA,NA
"X1839799","PFOA",-2.98643386371145e-06,0.00183163865056251,-0.00373391227436474,0.00372793940663732,0.998709195142027,40,-2.56527614763512e-06,0.0015733343364702,0.999881571213121,"Streptococcus sp. FDAARGOS_192","Species","Streptococcus sp. FDAARGOS_192","d__Bacteria;p__Bacillota;c__Bacilli;o__Lactobacillales;f__Streptococcaceae;g__Streptococcus_s__Streptococcus_sp._FDAARGOS_192",NA,NA
"X1839799","PFOS",0.00423956293421451,0.00204493468922825,7.41672805272629e-05,0.00840495858790176,0.0462861944321567,40,0.00380502883708264,0.00183533906282388,0.484965768260317,"Streptococcus sp. FDAARGOS_192","Species","Streptococcus sp. FDAARGOS_192","d__Bacteria;p__Bacillota;c__Bacilli;o__Lactobacillales;f__Streptococcaceae;g__Streptococcus_s__Streptococcus_sp._FDAARGOS_192",NA,NA
"X1839799","PFNA",-0.00064796750944179,0.00143445390430841,-0.00356985449678411,0.00227391947790053,0.654519625363877,40,-0.00100325811343157,0.00222098715887897,0.928252197412074,"Streptococcus sp. FDAARGOS_192","Species","Streptococcus sp. FDAARGOS_192","d__Bacteria;p__Bacillota;c__Bacilli;o__Lactobacillales;f__Streptococcaceae;g__Streptococcus_s__Streptococcus_sp._FDAARGOS_192",NA,NA
"X1839799","PFBS",0.00145291907761222,0.00160379500813599,-0.00181390445053485,0.00471974260575929,0.371746248428199,40,0.00144272220255281,0.00159253925578828,0.926688160764812,"Streptococcus sp. FDAARGOS_192","Species","Streptococcus sp. FDAARGOS_192","d__Bacteria;p__Bacillota;c__Bacilli;o__Lactobacillales;f__Streptococcaceae;g__Streptococcus_s__Streptococcus_sp._FDAARGOS_192",NA,NA
"X1839799","PFHxS",0.00524198808579539,0.00209382966592802,0.000976996623740675,0.0095069795478501,0.0175905971006919,40,0.00520713771571417,0.0020799092339182,0.893768600480929,"Streptococcus sp. FDAARGOS_192","Species","Streptococcus sp. FDAARGOS_192","d__Bacteria;p__Bacillota;c__Bacilli;o__Lactobacillales;f__Streptococcaceae;g__Streptococcus_s__Streptococcus_sp._FDAARGOS_192",NA,NA
"X1912897","PFHxS",-0.00168494564893354,0.0014739092241858,-0.00468720049291102,0.00131730919504393,0.261443993841005,40,-0.00167374360526786,0.0014641102164261,0.956199317375253,"Blautia argi","Species","Blautia argi","d__Bacteria;p__Bacillota;c__Clostridia;o__Lachnospirales;f__Lachnospiraceae;g__Blautia_s__Blautia_argi",NA,NA
"X1912897","PFOS",-0.000922559665539684,0.00142097056924679,-0.00381698199811394,0.00197186266703457,0.520812390106397,40,-0.000828001892123864,0.00127532815918241,0.943163379170299,"Blautia argi","Species","Blautia argi","d__Bacteria;p__Bacillota;c__Clostridia;o__Lachnospirales;f__Lachnospiraceae;g__Blautia_s__Blautia_argi",NA,NA
"X1912897","PFOA",-0.000396934313390265,0.00120082470021819,-0.00284293418491518,0.00204906555813465,0.743137935635183,40,-0.000340957199384461,0.00103148005331433,0.951403734462574,"Blautia argi","Species","Blautia argi","d__Bacteria;p__Bacillota;c__Clostridia;o__Lachnospirales;f__Lachnospiraceae;g__Blautia_s__Blautia_argi",NA,NA
"X1912897","PFNA",-0.00150625493255378,0.00090674508062207,-0.00335323422129129,0.000340724356183735,0.106448121561128,40,-0.00233215780106434,0.00140392742798469,0.928252197412074,"Blautia argi","Species","Blautia argi","d__Bacteria;p__Bacillota;c__Clostridia;o__Lachnospirales;f__Lachnospiraceae;g__Blautia_s__Blautia_argi",NA,NA
"X1912897","PFBS",-0.000226131900302248,0.00106591502679584,-0.00239732975967786,0.00194506595907336,0.83333699346005,40,-0.000224544861650296,0.00105843422313673,0.985464675583793,"Blautia argi","Species","Blautia argi","d__Bacteria;p__Bacillota;c__Clostridia;o__Lachnospirales;f__Lachnospiraceae;g__Blautia_s__Blautia_argi",NA,NA
"X1940319","PFOA",-0.000762117114870711,0.00209573974284657,-0.00503099927628938,0.00350676504654796,0.718510498873258,40,-0.00065464060002744,0.00180019093652184,0.951403734462574,"Streptococcus sp. DAT741","Species","Streptococcus sp. DAT741","d__Bacteria;p__Bacillota;c__Bacilli;o__Lactobacillales;f__Streptococcaceae;g__Streptococcus_s__Streptococcus_sp._DAT741",NA,NA
"X1940319","PFBS",0.000429988338751596,0.00186071037065504,-0.00336015465775765,0.00422013133526084,0.818717439525555,40,0.000426970595069368,0.00184765153519498,0.985464675583793,"Streptococcus sp. DAT741","Species","Streptococcus sp. DAT741","d__Bacteria;p__Bacillota;c__Bacilli;o__Lactobacillales;f__Streptococcaceae;g__Streptococcus_s__Streptococcus_sp._DAT741",NA,NA
"X1940319","PFHxS",0.00105963707871271,0.002618589038022,-0.00427425424565342,0.00639352840307883,0.688420048236589,40,0.00105259228125409,0.00260117984220315,0.990081091199858,"Streptococcus sp. DAT741","Species","Streptococcus sp. DAT741","d__Bacteria;p__Bacillota;c__Bacilli;o__Lactobacillales;f__Streptococcaceae;g__Streptococcus_s__Streptococcus_sp._DAT741",NA,NA
"X1940319","PFNA",-0.00210253096319155,0.00160749919516095,-0.00537689967340017,0.00117183774701707,0.200208199116095,40,-0.0032553811986348,0.00248891585824926,0.928252197412074,"Streptococcus sp. DAT741","Species","Streptococcus sp. DAT741","d__Bacteria;p__Bacillota;c__Bacilli;o__Lactobacillales;f__Streptococcaceae;g__Streptococcus_s__Streptococcus_sp._DAT741",NA,NA
"X1940319","PFOS",0.00299607683611004,0.00244030861516195,-0.00197466915044627,0.00796682282266636,0.228497620219716,40,0.00268899387422968,0.00219018912943506,0.788101882427716,"Streptococcus sp. DAT741","Species","Streptococcus sp. DAT741","d__Bacteria;p__Bacillota;c__Bacilli;o__Lactobacillales;f__Streptococcaceae;g__Streptococcus_s__Streptococcus_sp._DAT741",NA,NA
"X197614","PFNA",-0.000511423018883981,0.00119956897997891,-0.00295486507198344,0.00193201903421548,0.672715242360566,40,-0.000791844167515493,0.00185731119886156,0.928252197412074,"Streptococcus pasteurianus","Species","Streptococcus pasteurianus","d__Bacteria;p__Bacillota;c__Bacilli;o__Lactobacillales;f__Streptococcaceae;g__Streptococcus_s__Streptococcus_pasteurianus",NA,NA
"X197614","PFBS",0.00105143723178715,0.00134501896372381,-0.00168827674300803,0.00379115120658233,0.440121159542545,40,0.00104405803617292,0.00133557935312404,0.926688160764812,"Streptococcus pasteurianus","Species","Streptococcus pasteurianus","d__Bacteria;p__Bacillota;c__Bacilli;o__Lactobacillales;f__Streptococcaceae;g__Streptococcus_s__Streptococcus_pasteurianus",NA,NA
"X197614","PFHxS",0.00129500370718066,0.00190038900386989,-0.00257596202034685,0.00516596943470817,0.500494550770515,40,0.00128639411904098,0.00188775462565324,0.990081091199858,"Streptococcus pasteurianus","Species","Streptococcus pasteurianus","d__Bacteria;p__Bacillota;c__Bacilli;o__Lactobacillales;f__Streptococcaceae;g__Streptococcus_s__Streptococcus_pasteurianus",NA,NA
"X197614","PFOS",-0.00220022748283673,0.00177865604125098,-0.0058232312798076,0.00142277631413413,0.225082271338274,40,-0.00197471511810135,0.0015963526507869,0.788101882427716,"Streptococcus pasteurianus","Species","Streptococcus pasteurianus","d__Bacteria;p__Bacillota;c__Bacilli;o__Lactobacillales;f__Streptococcaceae;g__Streptococcus_s__Streptococcus_pasteurianus",NA,NA
"X197614","PFOA",8.01020412378086e-05,0.00153112119660182,-0.00303868977699897,0.00319889385947459,0.958602182354592,40,6.88057613667916e-05,0.00131519694191383,0.986796364188551,"Streptococcus pasteurianus","Species","Streptococcus pasteurianus","d__Bacteria;p__Bacillota;c__Bacilli;o__Lactobacillales;f__Streptococcaceae;g__Streptococcus_s__Streptococcus_pasteurianus",NA,NA
"X1977566","PFOS",-0.00108931568901379,0.00157609096608946,-0.00429970793016766,0.00212107655214008,0.494454898831649,40,-0.000977666253267206,0.00141454948750441,0.935455214005822,"Enterobacter sp. Crenshaw","Species","Enterobacter sp. Crenshaw","d__Bacteria;p__Pseudomonadota;c__Gammaproteobacteria;o__Enterobacterales;f__Enterobacteriaceae;g__Enterobacter_s__Enterobacter_sp._Crenshaw",NA,NA
"X1977566","PFBS",0.000509439830711567,0.00118070171874268,-0.00189557086887605,0.00291445053029919,0.669018235009822,40,0.000505864480656566,0.00117241531924944,0.985464675583793,"Enterobacter sp. Crenshaw","Species","Enterobacter sp. Crenshaw","d__Bacteria;p__Pseudomonadota;c__Gammaproteobacteria;o__Enterobacterales;f__Enterobacteriaceae;g__Enterobacter_s__Enterobacter_sp._Crenshaw",NA,NA
"X1977566","PFHxS",0.000485987705743749,0.00166708891410903,-0.00290976128991762,0.00388173670140512,0.772536030713483,40,0.000482756708053009,0.00165600558758022,0.990081091199858,"Enterobacter sp. Crenshaw","Species","Enterobacter sp. Crenshaw","d__Bacteria;p__Pseudomonadota;c__Gammaproteobacteria;o__Enterobacterales;f__Enterobacteriaceae;g__Enterobacter_s__Enterobacter_sp._Crenshaw",NA,NA
"X1977566","PFNA",-0.00130804057375838,0.001023305012812,-0.003392444674885,0.000776363527368249,0.210355207072674,40,-0.00202525944464607,0.00158439897318812,0.928252197412074,"Enterobacter sp. Crenshaw","Species","Enterobacter sp. Crenshaw","d__Bacteria;p__Pseudomonadota;c__Gammaproteobacteria;o__Enterobacterales;f__Enterobacteriaceae;g__Enterobacter_s__Enterobacter_sp._Crenshaw",NA,NA
"X1977566","PFOA",0.00074612550905264,0.0013288099903607,-0.00196057186743596,0.00345282288554124,0.578368985416217,40,0.000640904188360685,0.00114141639446026,0.901423242998267,"Enterobacter sp. Crenshaw","Species","Enterobacter sp. Crenshaw","d__Bacteria;p__Pseudomonadota;c__Gammaproteobacteria;o__Enterobacterales;f__Enterobacteriaceae;g__Enterobacter_s__Enterobacter_sp._Crenshaw",NA,NA
"X2020965","PFBS",0.00159794013393136,0.00262247457422895,-0.00374386576869193,0.00693974603655465,0.546611046441519,40,0.0015867254722553,0.00260406952608007,0.981096750023239,"Bifidobacterium imperatoris","Species","Bifidobacterium imperatoris","d__Bacteria;p__Actinomycetota;c__Actinomycetes;o__Bifidobacteriales;f__Bifidobacteriaceae;g__Bifidobacterium_s__Bifidobacterium_imperatoris",NA,NA
"X2020965","PFHxS",0.00069538040172585,0.00371632422850258,-0.00687452433441969,0.00826528513787139,0.85275172384743,40,0.000690757296150116,0.00369161694710755,0.990081091199858,"Bifidobacterium imperatoris","Species","Bifidobacterium imperatoris","d__Bacteria;p__Actinomycetota;c__Actinomycetes;o__Bifidobacteriales;f__Bifidobacteriaceae;g__Bifidobacterium_s__Bifidobacterium_imperatoris",NA,NA
"X2020965","PFNA",0.00144156802082859,0.00232293736874487,-0.00329010056033732,0.0061732366019945,0.5392712370851,40,0.00223200205548223,0.00359663984417114,0.928252197412074,"Bifidobacterium imperatoris","Species","Bifidobacterium imperatoris","d__Bacteria;p__Actinomycetota;c__Actinomycetes;o__Bifidobacteriales;f__Bifidobacteriaceae;g__Bifidobacterium_s__Bifidobacterium_imperatoris",NA,NA
"X2020965","PFOA",-0.00777519580530474,0.00263784747536009,-0.0131483152828278,-0.00240207632778173,0.00593602113145285,40,-0.00667870954214041,0.00226584867385316,0.4155214792017,"Bifidobacterium imperatoris","Species","Bifidobacterium imperatoris","d__Bacteria;p__Actinomycetota;c__Actinomycetes;o__Bifidobacteriales;f__Bifidobacteriaceae;g__Bifidobacterium_s__Bifidobacterium_imperatoris",NA,NA
"X2020965","PFOS",-0.00245052686858711,0.00351020899145251,-0.0096005886057902,0.00469953486861597,0.490148047328489,40,-0.0021993600627484,0.00315043004288795,0.935455214005822,"Bifidobacterium imperatoris","Species","Bifidobacterium imperatoris","d__Bacteria;p__Actinomycetota;c__Actinomycetes;o__Bifidobacteriales;f__Bifidobacteriaceae;g__Bifidobacterium_s__Bifidobacterium_imperatoris",NA,NA
"X2021971","PFBS",-0.00380348685190984,0.00268504197320042,-0.00927273837571167,0.001665764671892,0.166277428086249,40,-0.00377679322470331,0.00266619781460144,0.926688160764812,"Streptococcus respiraculi","Species","Streptococcus respiraculi","d__Bacteria;p__Bacillota;c__Bacilli;o__Lactobacillales;f__Streptococcaceae;g__Streptococcus_s__Streptococcus_respiraculi",NA,NA
"X2021971","PFHxS",0.00611528201318031,0.00374931050025338,-0.00152181355977086,0.0137523775861315,0.112686157055168,40,0.00607462571297088,0.00372438391584596,0.94260671976156,"Streptococcus respiraculi","Species","Streptococcus respiraculi","d__Bacteria;p__Bacillota;c__Bacilli;o__Lactobacillales;f__Streptococcaceae;g__Streptococcus_s__Streptococcus_respiraculi",NA,NA
"X2021971","PFOA",0.000834185912628265,0.00311791698961806,-0.0055168031656655,0.00718517499092203,0.790765810723292,40,0.000716545994994545,0.00267821704708151,0.96177884537198,"Streptococcus respiraculi","Species","Streptococcus respiraculi","d__Bacteria;p__Bacillota;c__Bacilli;o__Lactobacillales;f__Streptococcaceae;g__Streptococcus_s__Streptococcus_respiraculi",NA,NA
"X2021971","PFNA",-0.000607164168537335,0.00244996792610859,-0.00559758552763571,0.00438325719056104,0.805852910823118,40,-0.000940081669827517,0.00379332322022292,0.948033778947657,"Streptococcus respiraculi","Species","Streptococcus respiraculi","d__Bacteria;p__Bacillota;c__Bacilli;o__Lactobacillales;f__Streptococcaceae;g__Streptococcus_s__Streptococcus_respiraculi",NA,NA
"X2021971","PFOS",-0.00101726898453019,0.0037072030213057,-0.00856859442960379,0.00653405646054342,0.785538402377864,40,-0.000913003977360295,0.00332723316527476,0.996746307670573,"Streptococcus respiraculi","Species","Streptococcus respiraculi","d__Bacteria;p__Bacillota;c__Bacilli;o__Lactobacillales;f__Streptococcaceae;g__Streptococcus_s__Streptococcus_respiraculi",NA,NA
"X2027919","PFHxS",0.00125210109672564,0.00187109020833783,-0.0025591849372594,0.00506338713071068,0.508178578761156,40,0.00124377673850776,0.00185865061764273,0.990081091199858,"Enterobacter cloacae complex sp.","Species","Enterobacter cloacae complex sp.","d__Bacteria;p__Pseudomonadota;c__Gammaproteobacteria;o__Enterobacterales;f__Enterobacteriaceae;g__Enterobacter_s__Enterobacter_cloacae_complex_sp.",NA,NA
"X2027919","PFOS",-0.00186851471747513,0.0017614567018309,-0.00545648460649574,0.00171945517154549,0.296731752037591,40,-0.00167700125999508,0.0015809161580428,0.802486296923273,"Enterobacter cloacae complex sp.","Species","Enterobacter cloacae complex sp.","d__Bacteria;p__Pseudomonadota;c__Gammaproteobacteria;o__Enterobacterales;f__Enterobacteriaceae;g__Enterobacter_s__Enterobacter_cloacae_complex_sp.",NA,NA
"X2027919","PFNA",-0.00277276671286111,0.0010779093611376,-0.00496839623179007,-0.000577137193932154,0.0149456403047782,40,-0.00429311757271188,0.00166894372996689,0.523097410667236,"Enterobacter cloacae complex sp.","Species","Enterobacter cloacae complex sp.","d__Bacteria;p__Pseudomonadota;c__Gammaproteobacteria;o__Enterobacterales;f__Enterobacteriaceae;g__Enterobacter_s__Enterobacter_cloacae_complex_sp.",NA,NA
"X2027919","PFBS",-0.000457292860636038,0.00133407949395726,-0.00317472386470397,0.00226013814343189,0.734007167258248,40,-0.000454083488388597,0.00132471665873208,0.985464675583793,"Enterobacter cloacae complex sp.","Species","Enterobacter cloacae complex sp.","d__Bacteria;p__Pseudomonadota;c__Gammaproteobacteria;o__Enterobacterales;f__Enterobacteriaceae;g__Enterobacter_s__Enterobacter_cloacae_complex_sp.",NA,NA
"X2027919","PFOA",0.00115609367131823,0.00149327524402655,-0.00188560846420296,0.00419779580683942,0.444495252535921,40,0.000993057156062012,0.00128268816259493,0.853420319972269,"Enterobacter cloacae complex sp.","Species","Enterobacter cloacae complex sp.","d__Bacteria;p__Pseudomonadota;c__Gammaproteobacteria;o__Enterobacterales;f__Enterobacteriaceae;g__Enterobacter_s__Enterobacter_cloacae_complex_sp.",NA,NA
"X2044467","PFNA",-0.000932303987996954,0.00142401237806677,-0.00383292228238107,0.00196831430638716,0.517338127113913,40,-0.00144350067945279,0.00220482038235717,0.928252197412074,"Escherichia sp. E4742","Species","Escherichia sp. E4742","d__Bacteria;p__Pseudomonadota;c__Gammaproteobacteria;o__Enterobacterales;f__Enterobacteriaceae;g__Escherichia_s__Escherichia_sp._E4742",NA,NA
"X2044467","PFOA",0.00285357459571978,0.00175351900132663,-0.000718226726473292,0.00642537591791286,0.113472743072132,40,0.00245115317464294,0.00150623140300782,0.853420319972269,"Escherichia sp. E4742","Species","Escherichia sp. E4742","d__Bacteria;p__Pseudomonadota;c__Gammaproteobacteria;o__Enterobacterales;f__Enterobacteriaceae;g__Escherichia_s__Escherichia_sp._E4742",NA,NA
"X2044467","PFBS",-0.0014117061092206,0.00159865952799447,-0.00466806900663271,0.00184465678819152,0.383792030677201,40,-0.00140179847497025,0.00158743981746779,0.926688160764812,"Escherichia sp. E4742","Species","Escherichia sp. E4742","d__Bacteria;p__Pseudomonadota;c__Gammaproteobacteria;o__Enterobacterales;f__Enterobacteriaceae;g__Escherichia_s__Escherichia_sp._E4742",NA,NA
"X2044467","PFHxS",-0.00284652303438848,0.00222476939340617,-0.00737822999332701,0.00168518392455005,0.209931596435662,40,-0.00282759846234263,0.00220997843329016,0.94260671976156,"Escherichia sp. E4742","Species","Escherichia sp. E4742","d__Bacteria;p__Pseudomonadota;c__Gammaproteobacteria;o__Enterobacterales;f__Enterobacteriaceae;g__Escherichia_s__Escherichia_sp._E4742",NA,NA
"X2044467","PFOS",0.000443972730972847,0.00216819694385422,-0.0039724999191521,0.00486044538109779,0.839051950955654,40,0.000398467736048128,0.00194596754992347,0.996746307670573,"Escherichia sp. E4742","Species","Escherichia sp. E4742","d__Bacteria;p__Pseudomonadota;c__Gammaproteobacteria;o__Enterobacterales;f__Enterobacteriaceae;g__Escherichia_s__Escherichia_sp._E4742",NA,NA
"X2058152","PFBS",0.00107995236509035,0.00109831896649729,-0.00115725015952262,0.00331715488970331,0.332847231661555,40,0.00107237304459919,0.0010906107455445,0.926688160764812,"Klebsiella grimontii","Species","Klebsiella grimontii","d__Bacteria;p__Pseudomonadota;c__Gammaproteobacteria;o__Enterobacterales;f__Enterobacteriaceae;g__Klebsiella_s__Klebsiella_grimontii",NA,NA
"X2058152","PFHxS",-0.000395469904268409,0.0015699897610785,-0.00359343439750015,0.00280249458896334,0.80273433512312,40,-0.00039284069712521,0.00155955197997297,0.990081091199858,"Klebsiella grimontii","Species","Klebsiella grimontii","d__Bacteria;p__Pseudomonadota;c__Gammaproteobacteria;o__Enterobacterales;f__Enterobacteriaceae;g__Klebsiella_s__Klebsiella_grimontii",NA,NA
"X2058152","PFNA",0.00131166375243437,0.00096006482545607,-0.000643924302420298,0.00326725180728904,0.18139342900867,40,0.00203086926820997,0.00148648321331549,0.928252197412074,"Klebsiella grimontii","Species","Klebsiella grimontii","d__Bacteria;p__Pseudomonadota;c__Gammaproteobacteria;o__Enterobacterales;f__Enterobacteriaceae;g__Klebsiella_s__Klebsiella_grimontii",NA,NA
"X2058152","PFOA",0.000923761135087741,0.00124649022240319,-0.00161525636122231,0.00346277863139779,0.464043063195914,40,0.000793488995268737,0.00107070565822523,0.854816169045105,"Klebsiella grimontii","Species","Klebsiella grimontii","d__Bacteria;p__Pseudomonadota;c__Gammaproteobacteria;o__Enterobacterales;f__Enterobacteriaceae;g__Klebsiella_s__Klebsiella_grimontii",NA,NA
"X2058152","PFOS",-0.00276699401586124,0.00141253379208909,-0.00564423119573164,0.000110243164009163,0.0588887004316099,40,-0.00248339090273177,0.00126775610968692,0.484965768260317,"Klebsiella grimontii","Species","Klebsiella grimontii","d__Bacteria;p__Pseudomonadota;c__Gammaproteobacteria;o__Enterobacterales;f__Enterobacteriaceae;g__Klebsiella_s__Klebsiella_grimontii",NA,NA
"X211595","PFBS",-0.00199568153141211,0.00193385674637504,-0.0059348188195787,0.00194345575675447,0.30982317833734,40,-0.00198167544150129,0.00192028455510201,0.926688160764812,"Enterobacter sp. RFL1396","Species","Enterobacter sp. RFL1396","d__Bacteria;p__Pseudomonadota;c__Gammaproteobacteria;o__Enterobacterales;f__Enterobacteriaceae;g__Enterobacter_s__Enterobacter_sp._RFL1396",NA,NA
"X211595","PFHxS",-0.0011844453710256,0.00276328042127633,-0.00681306339845384,0.00444417265640263,0.67105881502424,40,-0.0011765708091522,0.00274490927205899,0.990081091199858,"Enterobacter sp. RFL1396","Species","Enterobacter sp. RFL1396","d__Bacteria;p__Pseudomonadota;c__Gammaproteobacteria;o__Enterobacterales;f__Enterobacteriaceae;g__Enterobacter_s__Enterobacter_sp._RFL1396",NA,NA
"X211595","PFNA",0.00154195263485268,0.00172015266602452,-0.00196188368641444,0.00504578895611981,0.376731079309754,40,0.00238742910547448,0.00266333896898125,0.928252197412074,"Enterobacter sp. RFL1396","Species","Enterobacter sp. RFL1396","d__Bacteria;p__Pseudomonadota;c__Gammaproteobacteria;o__Enterobacterales;f__Enterobacteriaceae;g__Enterobacter_s__Enterobacter_sp._RFL1396",NA,NA
"X211595","PFOA",-0.000341018860347415,0.00221597417598114,-0.00485481054764992,0.00417277282695509,0.878661983010441,40,-0.000292927145975954,0.00190346947457768,0.974025146096212,"Enterobacter sp. RFL1396","Species","Enterobacter sp. RFL1396","d__Bacteria;p__Pseudomonadota;c__Gammaproteobacteria;o__Enterobacterales;f__Enterobacteriaceae;g__Enterobacter_s__Enterobacter_sp._RFL1396",NA,NA
"X211595","PFOS",0.00433326538471369,0.00252215984174422,-0.000804206094471168,0.00947073686389855,0.095445927144378,40,0.00388912725283614,0.00226365101273031,0.607383172736951,"Enterobacter sp. RFL1396","Species","Enterobacter sp. RFL1396","d__Bacteria;p__Pseudomonadota;c__Gammaproteobacteria;o__Enterobacterales;f__Enterobacteriaceae;g__Enterobacter_s__Enterobacter_sp._RFL1396",NA,NA
"X2212991","PFBS",0.00259711618872194,0.00152501495473992,-0.00050923762186311,0.00570346999930698,0.0982617571374726,40,0.0025788891107661,0.0015143120964756,0.926688160764812,"Clostridium sp. AWRP","Species","Clostridium sp. AWRP","d__Bacteria;p__Bacillota;c__Clostridia;o__Eubacteriales;f__Clostridiaceae;g__Clostridium_s__Clostridium_sp._AWRP",NA,NA
"X2212991","PFNA",-0.000417126388287889,0.00140908941791791,-0.00328734760756167,0.00245309483098589,0.76912324928429,40,-0.000645843236394289,0.00218171493242705,0.928252197412074,"Clostridium sp. AWRP","Species","Clostridium sp. AWRP","d__Bacteria;p__Bacillota;c__Clostridia;o__Eubacteriales;f__Clostridiaceae;g__Clostridium_s__Clostridium_sp._AWRP",NA,NA
"X2212991","PFOA",-0.0027672595503419,0.00172809077596609,-0.00628726527243308,0.000752746171749273,0.11912911829793,40,-0.00237701058947457,0.00148438915805249,0.853420319972269,"Clostridium sp. AWRP","Species","Clostridium sp. AWRP","d__Bacteria;p__Bacillota;c__Clostridia;o__Eubacteriales;f__Clostridiaceae;g__Clostridium_s__Clostridium_sp._AWRP",NA,NA
"X2212991","PFOS",3.8666684685378e-05,0.00213555187153126,-0.00431131012912528,0.00438864349849604,0.985666573316856,40,3.47035419794999e-05,0.00191666843501352,0.996746307670573,"Clostridium sp. AWRP","Species","Clostridium sp. AWRP","d__Bacteria;p__Bacillota;c__Clostridia;o__Eubacteriales;f__Clostridiaceae;g__Clostridium_s__Clostridium_sp._AWRP",NA,NA
"X2212991","PFHxS",0.00319550499343991,0.00217293865571303,-0.00123062620767533,0.00762163619455516,0.151167088177153,40,0.00317426028059527,0.00215849228249052,0.94260671976156,"Clostridium sp. AWRP","Species","Clostridium sp. AWRP","d__Bacteria;p__Bacillota;c__Clostridia;o__Eubacteriales;f__Clostridiaceae;g__Clostridium_s__Clostridium_sp._AWRP",NA,NA
"X223919","PFBS",0.00191117982310246,0.0018352471401658,-0.00182709627019105,0.00564945591639598,0.305506009689427,40,0.0018977667829872,0.00182236701072173,0.926688160764812,"Clostridium diolis","Species","Clostridium diolis","d__Bacteria;p__Bacillota;c__Clostridia;o__Eubacteriales;f__Clostridiaceae;g__Clostridium_s__Clostridium_diolis",NA,NA
"X223919","PFHxS",0.00302610152276413,0.00257570600261547,-0.00222043991691365,0.00827264296244191,0.248718135979566,40,0.00300598305697489,0.0025585819065774,0.956199317375253,"Clostridium diolis","Species","Clostridium diolis","d__Bacteria;p__Bacillota;c__Clostridia;o__Eubacteriales;f__Clostridiaceae;g__Clostridium_s__Clostridium_diolis",NA,NA
"X223919","PFNA",0.00247493545688498,0.00159435637717825,-0.000772662209147658,0.00572253312291762,0.13042331813983,40,0.00383198083416,0.0024685666299587,0.928252197412074,"Clostridium diolis","Species","Clostridium diolis","d__Bacteria;p__Bacillota;c__Clostridia;o__Eubacteriales;f__Clostridiaceae;g__Clostridium_s__Clostridium_diolis",NA,NA
"X223919","PFOA",-0.000621798953225215,0.0021015046392242,-0.00490242382429707,0.00365882591784664,0.769231278012677,40,-0.000534110613569995,0.00180514284634005,0.96177884537198,"Clostridium diolis","Species","Clostridium diolis","d__Bacteria;p__Bacillota;c__Clostridia;o__Eubacteriales;f__Clostridiaceae;g__Clostridium_s__Clostridium_diolis",NA,NA
"X223919","PFOS",-0.00010384235980971,0.00250218211848336,-0.0052006205483581,0.00499293582873868,0.967154583243356,40,-9.31990348339677e-05,0.00224572090665891,0.996746307670573,"Clostridium diolis","Species","Clostridium diolis","d__Bacteria;p__Bacillota;c__Clostridia;o__Eubacteriales;f__Clostridiaceae;g__Clostridium_s__Clostridium_diolis",NA,NA
"X2382163","PFOA",-0.00169053910101989,0.00173984889845517,-0.00523449533486556,0.00185341713282578,0.338508208585736,40,-0.00145213315626596,0.00149448910753697,0.853420319972269,"Streptococcus koreensis","Species","Streptococcus koreensis","d__Bacteria;p__Bacillota;c__Bacilli;o__Lactobacillales;f__Streptococcaceae;g__Streptococcus_s__Streptococcus_koreensis",NA,NA
"X2382163","PFOS",0.000787686044537542,0.0020944733707029,-0.00347861660123646,0.00505398869031154,0.709340555703033,40,0.000706952145902798,0.00187980027604019,0.996746307670573,"Streptococcus koreensis","Species","Streptococcus koreensis","d__Bacteria;p__Bacillota;c__Bacilli;o__Lactobacillales;f__Streptococcaceae;g__Streptococcus_s__Streptococcus_koreensis",NA,NA
"X2382163","PFNA",-0.00056905928464252,0.00138327052226871,-0.00338668913447712,0.00224857056519208,0.683531249778958,40,-0.000881083288933736,0.002141739137094,0.928252197412074,"Streptococcus koreensis","Species","Streptococcus koreensis","d__Bacteria;p__Bacillota;c__Bacilli;o__Lactobacillales;f__Streptococcaceae;g__Streptococcus_s__Streptococcus_koreensis",NA,NA
"X2382163","PFHxS",0.00176974639916553,0.00218453908533642,-0.00268001410384806,0.00621950690217912,0.423853049516707,40,0.00175798057369028,0.00217001558884333,0.979182918001196,"Streptococcus koreensis","Species","Streptococcus koreensis","d__Bacteria;p__Bacillota;c__Bacilli;o__Lactobacillales;f__Streptococcaceae;g__Streptococcus_s__Streptococcus_koreensis",NA,NA
"X2382163","PFBS",0.00072660835451547,0.00156015076494926,-0.00245131475943446,0.0039045314684654,0.644563527820296,40,0.000721508872567519,0.00154920131658069,0.985464675583793,"Streptococcus koreensis","Species","Streptococcus koreensis","d__Bacteria;p__Bacillota;c__Bacilli;o__Lactobacillales;f__Streptococcaceae;g__Streptococcus_s__Streptococcus_koreensis",NA,NA
"X238834","PFBS",-0.000644877103389144,0.000711830499986416,-0.00209482838370335,0.000805074176925063,0.371737770921104,40,-0.000640351227617219,0.000706834731960734,0.926688160764812,"Clostridium estertheticum","Species","Clostridium estertheticum","d__Bacteria;p__Bacillota;c__Clostridia;o__Eubacteriales;f__Clostridiaceae;g__Clostridium_s__Clostridium_estertheticum",NA,NA
"X238834","PFHxS",0.000696312483013337,0.00100879138473924,-0.00135852832515731,0.00275115329118399,0.495016757521472,40,0.000691683180670788,0.00100208462529655,0.990081091199858,"Clostridium estertheticum","Species","Clostridium estertheticum","d__Bacteria;p__Bacillota;c__Clostridia;o__Eubacteriales;f__Clostridiaceae;g__Clostridium_s__Clostridium_estertheticum",NA,NA
"X238834","PFOA",0.000823698132773896,0.000799810697427378,-0.000805462945272009,0.0024528592108198,0.310794416279386,40,0.000707537239827061,0.000687018497099424,0.853420319972269,"Clostridium estertheticum","Species","Clostridium estertheticum","d__Bacteria;p__Bacillota;c__Clostridia;o__Eubacteriales;f__Clostridiaceae;g__Clostridium_s__Clostridium_estertheticum",NA,NA
"X238834","PFOS",-0.000492075596750412,0.000962740337735267,-0.00245311349177742,0.00146896229827659,0.612775895431627,40,-0.00044164029752913,0.000864064245430074,0.996746307670573,"Clostridium estertheticum","Species","Clostridium estertheticum","d__Bacteria;p__Bacillota;c__Clostridia;o__Eubacteriales;f__Clostridiaceae;g__Clostridium_s__Clostridium_estertheticum",NA,NA
"X238834","PFNA",-0.000343854236813069,0.000635797764685883,-0.00163893190339914,0.000951223429773006,0.592374468955486,40,-0.000532394831366963,0.000984415509463244,0.928252197412074,"Clostridium estertheticum","Species","Clostridium estertheticum","d__Bacteria;p__Bacillota;c__Clostridia;o__Eubacteriales;f__Clostridiaceae;g__Clostridium_s__Clostridium_estertheticum",NA,NA
"X2420308","PFOS",-8.19933206828247e-05,0.00248474833193114,-0.00514326004810022,0.00497927340673458,0.973880643019648,40,-7.35894134578088e-05,0.00223007399644668,0.996746307670573,"Streptococcus sp. FDAARGOS_520","Species","Streptococcus sp. FDAARGOS_520","d__Bacteria;p__Bacillota;c__Bacilli;o__Lactobacillales;f__Streptococcaceae;g__Streptococcus_s__Streptococcus_sp._FDAARGOS_520",NA,NA
"X2420308","PFHxS",0.00194534876016297,0.00258958113736809,-0.00332945540413742,0.00722015292446335,0.458008796007623,40,0.00193241547547801,0.002572364795111,0.979182918001196,"Streptococcus sp. FDAARGOS_520","Species","Streptococcus sp. FDAARGOS_520","d__Bacteria;p__Bacillota;c__Bacilli;o__Lactobacillales;f__Streptococcaceae;g__Streptococcus_s__Streptococcus_sp._FDAARGOS_520",NA,NA
"X2420308","PFBS",0.000232890285084347,0.00185260820770928,-0.00354074914556654,0.00400652971573524,0.900748441021607,40,0.000231255814743812,0.00183960623484022,0.985464675583793,"Streptococcus sp. FDAARGOS_520","Species","Streptococcus sp. FDAARGOS_520","d__Bacteria;p__Bacillota;c__Bacilli;o__Lactobacillales;f__Streptococcaceae;g__Streptococcus_s__Streptococcus_sp._FDAARGOS_520",NA,NA
"X2420308","PFOA",-0.000724588370682857,0.00208576514764216,-0.00497315294654215,0.00352397620517644,0.730567738799091,40,-0.000622404295220691,0.00179162299484696,0.951403734462574,"Streptococcus sp. FDAARGOS_520","Species","Streptococcus sp. FDAARGOS_520","d__Bacteria;p__Bacillota;c__Bacilli;o__Lactobacillales;f__Streptococcaceae;g__Streptococcus_s__Streptococcus_sp._FDAARGOS_520",NA,NA
"X2420308","PFNA",0.00119866499346343,0.00162802889120645,-0.00211752133915138,0.00451485132607823,0.466931259959881,40,0.00185591154256264,0.00252070230405682,0.928252197412074,"Streptococcus sp. FDAARGOS_520","Species","Streptococcus sp. FDAARGOS_520","d__Bacteria;p__Bacillota;c__Bacilli;o__Lactobacillales;f__Streptococcaceae;g__Streptococcus_s__Streptococcus_sp._FDAARGOS_520",NA,NA
"X246787","PFOS",0.00083433755620321,0.00208278014968748,-0.00340814677779204,0.00507682189019846,0.691385265659206,40,0.000748822109843846,0.00186930555197254,0.996746307670573,"Bacteroides cellulosilyticus","Species","Bacteroides cellulosilyticus","d__Bacteria;p__Bacteroidota;c__Bacteroidia;o__Bacteroidales;f__Bacteroidaceae;g__Bacteroides_s__Bacteroides_cellulosilyticus",NA,NA
"X246787","PFBS",-0.000151258118083058,0.0015569210798677,-0.00332260257880149,0.00302008634263538,0.923211573603971,40,-0.000150196558526452,0.00154599429807139,0.985464675583793,"Bacteroides cellulosilyticus","Species","Bacteroides cellulosilyticus","d__Bacteria;p__Bacteroidota;c__Bacteroidia;o__Bacteroidales;f__Bacteroidaceae;g__Bacteroides_s__Bacteroides_cellulosilyticus",NA,NA
"X246787","PFOA",0.00184812688815864,0.001725332729584,-0.00166626087729405,0.00536251465361133,0.292105232426224,40,0.00158749734310358,0.00148202006135693,0.853420319972269,"Bacteroides cellulosilyticus","Species","Bacteroides cellulosilyticus","d__Bacteria;p__Bacteroidota;c__Bacteroidia;o__Bacteroidales;f__Bacteroidaceae;g__Bacteroides_s__Bacteroides_cellulosilyticus",NA,NA
"X246787","PFHxS",0.00117380025684607,0.00218532728038498,-0.00327756574694309,0.00562516626063523,0.594894752012028,40,0.00116599646700852,0.00217079854372563,0.990081091199858,"Bacteroides cellulosilyticus","Species","Bacteroides cellulosilyticus","d__Bacteria;p__Bacteroidota;c__Bacteroidia;o__Bacteroidales;f__Bacteroidaceae;g__Bacteroides_s__Bacteroides_cellulosilyticus",NA,NA
"X246787","PFNA",0.00042983586375627,0.00137749473905731,-0.00237602910067044,0.00323570082818297,0.757033018020487,40,0.000665521513769796,0.0021327964026454,0.928252197412074,"Bacteroides cellulosilyticus","Species","Bacteroides cellulosilyticus","d__Bacteria;p__Bacteroidota;c__Bacteroidia;o__Bacteroidales;f__Bacteroidaceae;g__Bacteroides_s__Bacteroides_cellulosilyticus",NA,NA
"X2478464","PFNA",0.00223930366727474,0.00217371015095737,-0.00218839901822802,0.0066670063527775,0.310651381127224,40,0.00346714849108075,0.00336558903559108,0.928252197412074,"Enterobacter oligotrophicus","Species","Enterobacter oligotrophicus","d__Bacteria;p__Pseudomonadota;c__Gammaproteobacteria;o__Enterobacterales;f__Enterobacteriaceae;g__Enterobacter_s__Enterobacter_oligotrophicus",NA,NA
"X2478464","PFBS",-0.0016863250071265,0.00247595155359873,-0.00672967328344359,0.00335702326919059,0.500719156038135,40,-0.00167449004283139,0.00245857483315075,0.942535783087909,"Enterobacter oligotrophicus","Species","Enterobacter oligotrophicus","d__Bacteria;p__Pseudomonadota;c__Gammaproteobacteria;o__Enterobacterales;f__Enterobacteriaceae;g__Enterobacter_s__Enterobacter_oligotrophicus",NA,NA
"X2478464","PFOA",-0.00217479535244179,0.00278588277249166,-0.00784945286270113,0.00349986215781755,0.44074612416169,40,-0.00186809783782497,0.00239300749740995,0.853420319972269,"Enterobacter oligotrophicus","Species","Enterobacter oligotrophicus","d__Bacteria;p__Pseudomonadota;c__Gammaproteobacteria;o__Enterobacterales;f__Enterobacteriaceae;g__Enterobacter_s__Enterobacter_oligotrophicus",NA,NA
"X2478464","PFHxS",0.0001953935844014,0.0035154521320094,-0.00696534808062645,0.00735613524942925,0.956020908226245,40,0.000194094546972006,0.00349208031089914,0.990081091199858,"Enterobacter oligotrophicus","Species","Enterobacter oligotrophicus","d__Bacteria;p__Pseudomonadota;c__Gammaproteobacteria;o__Enterobacterales;f__Enterobacteriaceae;g__Enterobacter_s__Enterobacter_oligotrophicus",NA,NA
"X2478464","PFOS",0.00053387246100232,0.00334266833487872,-0.0062749201264404,0.00734266504844504,0.874109885892529,40,0.000479153191250945,0.00300006146963191,0.996746307670573,"Enterobacter oligotrophicus","Species","Enterobacter oligotrophicus","d__Bacteria;p__Pseudomonadota;c__Gammaproteobacteria;o__Enterobacterales;f__Enterobacteriaceae;g__Enterobacter_s__Enterobacter_oligotrophicus",NA,NA
"X2479767","PFBS",0.00222921980504697,0.0018260654754452,-0.00149035384922869,0.00594879345932263,0.231089481919851,40,0.00221357469708309,0.00181324978475029,0.926688160764812,"Blautia sp. SC05B48","Species","Blautia sp. SC05B48","d__Bacteria;p__Bacillota;c__Clostridia;o__Lachnospirales;f__Lachnospiraceae;g__Blautia_s__Blautia_sp._SC05B48",NA,NA
"X2479767","PFOA",-0.00160866137467544,0.00208737055919022,-0.00586049606684696,0.00264317331749608,0.446559095358981,40,-0.00138180212333527,0.001793002005446,0.853420319972269,"Blautia sp. SC05B48","Species","Blautia sp. SC05B48","d__Bacteria;p__Bacillota;c__Clostridia;o__Lachnospirales;f__Lachnospiraceae;g__Blautia_s__Blautia_sp._SC05B48",NA,NA
"X2479767","PFHxS",-0.000647458898706647,0.00263102605133359,-0.00600668359018021,0.00471176579276692,0.807187263156921,40,-0.000643154390214259,0.00261353417037515,0.990081091199858,"Blautia sp. SC05B48","Species","Blautia sp. SC05B48","d__Bacteria;p__Bacillota;c__Clostridia;o__Lachnospirales;f__Lachnospiraceae;g__Blautia_s__Blautia_sp._SC05B48",NA,NA
"X2479767","PFNA",0.00030627864892334,0.00165419766847137,-0.00306321173865995,0.00367576903650663,0.854278063973474,40,0.000474215967661578,0.00256121982650517,0.974026364643683,"Blautia sp. SC05B48","Species","Blautia sp. SC05B48","d__Bacteria;p__Bacillota;c__Clostridia;o__Lachnospirales;f__Lachnospiraceae;g__Blautia_s__Blautia_sp._SC05B48",NA,NA
"X2479767","PFOS",-0.000555864927972401,0.00250302655303844,-0.0056543631734224,0.0045426333174776,0.825665106409694,40,-0.000498891539830325,0.0022464787908755,0.996746307670573,"Blautia sp. SC05B48","Species","Blautia sp. SC05B48","d__Bacteria;p__Bacillota;c__Clostridia;o__Lachnospirales;f__Lachnospiraceae;g__Blautia_s__Blautia_sp._SC05B48",NA,NA
"X248315","PFNA",-0.00123040046664345,0.00133297616755798,-0.00394558406837996,0.00148478313509306,0.362890339807322,40,-0.00190504806636593,0.00206386761006819,0.928252197412074,"Veillonella rodentium","Species","Veillonella rodentium","d__Bacteria;p__Bacillota;c__Negativicutes;o__Veillonellales;f__Veillonellaceae;g__Veillonella_s__Veillonella_rodentium",NA,NA
"X248315","PFOA",-0.00228128987494816,0.0016711296553948,-0.00568526959126681,0.00112268984137048,0.181737198438045,40,-0.00195957411719581,0.00143546090093632,0.853420319972269,"Veillonella rodentium","Species","Veillonella rodentium","d__Bacteria;p__Bacillota;c__Negativicutes;o__Veillonellales;f__Veillonellaceae;g__Veillonella_s__Veillonella_rodentium",NA,NA
"X248315","PFBS",0.00100481394967769,0.00151405262699591,-0.00207921033000364,0.00408883822935901,0.511662282247722,40,0.00099776196553026,0.001503426704528,0.942535783087909,"Veillonella rodentium","Species","Veillonella rodentium","d__Bacteria;p__Bacillota;c__Negativicutes;o__Veillonellales;f__Veillonellaceae;g__Veillonella_s__Veillonella_rodentium",NA,NA
"X248315","PFOS",-0.000601485747401332,0.00204136203657695,-0.00475960414577855,0.00355663265097588,0.770164951851929,40,-0.00053983645235834,0.00183213258928545,0.996746307670573,"Veillonella rodentium","Species","Veillonella rodentium","d__Bacteria;p__Bacillota;c__Negativicutes;o__Veillonellales;f__Veillonellaceae;g__Veillonella_s__Veillonella_rodentium",NA,NA
"X248315","PFHxS",0.00135104037199685,0.00213572604639132,-0.00299929122439385,0.00570137196838756,0.531495577398394,40,0.0013420582346497,0.0021215270741902,0.990081091199858,"Veillonella rodentium","Species","Veillonella rodentium","d__Bacteria;p__Bacillota;c__Negativicutes;o__Veillonellales;f__Veillonellaceae;g__Veillonella_s__Veillonella_rodentium",NA,NA
"X2500132","PFOS",0.000713261649684551,0.00241929085197835,-0.00421467255423814,0.00564119585360724,0.770033691778617,40,0.000640155881053736,0.00217132558235591,0.996746307670573,"Enterobacter sp. N18-03635","Species","Enterobacter sp. N18-03635","d__Bacteria;p__Pseudomonadota;c__Gammaproteobacteria;o__Enterobacterales;f__Enterobacteriaceae;g__Enterobacter_s__Enterobacter_sp._N18-03635",NA,NA
"X2500132","PFOA",-0.00273560655431743,0.00197914629109744,-0.00676699562623919,0.00129578251760433,0.176478124204578,40,-0.0023498214135516,0.00170003991547402,0.853420319972269,"Enterobacter sp. N18-03635","Species","Enterobacter sp. N18-03635","d__Bacteria;p__Pseudomonadota;c__Gammaproteobacteria;o__Enterobacterales;f__Enterobacteriaceae;g__Enterobacter_s__Enterobacter_sp._N18-03635",NA,NA
"X2500132","PFNA",0.000376599524129273,0.00159926779563546,-0.00288100237392252,0.00363420142218107,0.815334842153808,40,0.000583094866010568,0.00247617105509398,0.948033778947657,"Enterobacter sp. N18-03635","Species","Enterobacter sp. N18-03635","d__Bacteria;p__Pseudomonadota;c__Gammaproteobacteria;o__Enterobacterales;f__Enterobacteriaceae;g__Enterobacter_s__Enterobacter_sp._N18-03635",NA,NA
"X2500132","PFBS",0.00275634702244225,0.00173971989763462,-0.0007873464453307,0.0063000404902152,0.122945494515546,40,0.00273700243082576,0.00172751019737815,0.926688160764812,"Enterobacter sp. N18-03635","Species","Enterobacter sp. N18-03635","d__Bacteria;p__Pseudomonadota;c__Gammaproteobacteria;o__Enterobacterales;f__Enterobacteriaceae;g__Enterobacter_s__Enterobacter_sp._N18-03635",NA,NA
"X2500132","PFHxS",0.000704603687605278,0.00254385858617457,-0.00447706668762098,0.00588627406283154,0.783575131775018,40,0.000699919262751246,0.00252694622168395,0.990081091199858,"Enterobacter sp. N18-03635","Species","Enterobacter sp. N18-03635","d__Bacteria;p__Pseudomonadota;c__Gammaproteobacteria;o__Enterobacterales;f__Enterobacteriaceae;g__Enterobacter_s__Enterobacter_sp._N18-03635",NA,NA
"X2507159","PFOS",0.000213108080280225,0.00197840630619817,-0.00381677369172656,0.00424298985228701,0.914892701437407,40,0.000191265562857322,0.00177562950789052,0.996746307670573,"Clostridium sp. JN-9","Species","Clostridium sp. JN-9","d__Bacteria;p__Bacillota;c__Clostridia;o__Eubacteriales;f__Clostridiaceae;g__Clostridium_s__Clostridium_sp._JN-9",NA,NA
"X2507159","PFBS",-0.00119068662646511,0.00146060175446095,-0.00416583504164295,0.00178446178871272,0.420982481651715,40,-0.00118233015090356,0.0014503509608474,0.926688160764812,"Clostridium sp. JN-9","Species","Clostridium sp. JN-9","d__Bacteria;p__Bacillota;c__Clostridia;o__Eubacteriales;f__Clostridiaceae;g__Clostridium_s__Clostridium_sp._JN-9",NA,NA
"X2507159","PFNA",0.0018949231777739,0.0012637759928344,-0.000679304280694879,0.00446915063624268,0.143568321230437,40,0.00293393885454064,0.00195672390960376,0.928252197412074,"Clostridium sp. JN-9","Species","Clostridium sp. JN-9","d__Bacteria;p__Bacillota;c__Clostridia;o__Eubacteriales;f__Clostridiaceae;g__Clostridium_s__Clostridium_sp._JN-9",NA,NA
"X2507159","PFOA",-0.000971482100184196,0.00165524478861676,-0.00434310540170625,0.00240014120133785,0.561381448027711,40,-0.000834480177089829,0.00142181617558372,0.901423242998267,"Clostridium sp. JN-9","Species","Clostridium sp. JN-9","d__Bacteria;p__Bacillota;c__Clostridia;o__Eubacteriales;f__Clostridiaceae;g__Clostridium_s__Clostridium_sp._JN-9",NA,NA
"X2507159","PFHxS",-0.0025293884686164,0.00203169827047622,-0.00666782241959964,0.00160904548236684,0.222185869658082,40,-0.00251257230597587,0.00201819090734212,0.94260671976156,"Clostridium sp. JN-9","Species","Clostridium sp. JN-9","d__Bacteria;p__Bacillota;c__Clostridia;o__Eubacteriales;f__Clostridiaceae;g__Clostridium_s__Clostridium_sp._JN-9",NA,NA
"X254785","PFBS",0.000772290579732867,0.00115500457412965,-0.00158037674916075,0.00312495790862648,0.508515676308341,40,0.00076687049084255,0.00114689852230823,0.942535783087909,"Streptococcus halichoeri","Species","Streptococcus halichoeri","d__Bacteria;p__Bacillota;c__Bacilli;o__Lactobacillales;f__Streptococcaceae;g__Streptococcus_s__Streptococcus_halichoeri",NA,NA
"X254785","PFHxS",0.00137572744127468,0.00162143865230512,-0.00192703501398064,0.00467848989652999,0.40248368744138,40,0.00136658117659902,0.00161065882294039,0.979182918001196,"Streptococcus halichoeri","Species","Streptococcus halichoeri","d__Bacteria;p__Bacillota;c__Bacilli;o__Lactobacillales;f__Streptococcaceae;g__Streptococcus_s__Streptococcus_halichoeri",NA,NA
"X254785","PFNA",0.000779633205362916,0.00102116471097474,-0.00130041124358634,0.00285967765431217,0.450772984923418,40,0.00120711814617809,0.00158108511076118,0.928252197412074,"Streptococcus halichoeri","Species","Streptococcus halichoeri","d__Bacteria;p__Bacillota;c__Bacilli;o__Lactobacillales;f__Streptococcaceae;g__Streptococcus_s__Streptococcus_halichoeri",NA,NA
"X254785","PFOA",0.00129300923175562,0.00129149026945171,-0.00133767036084484,0.00392368882435608,0.32425264312709,40,0.0011106643884531,0.00110935963571281,0.853420319972269,"Streptococcus halichoeri","Species","Streptococcus halichoeri","d__Bacteria;p__Bacillota;c__Bacilli;o__Lactobacillales;f__Streptococcaceae;g__Streptococcus_s__Streptococcus_halichoeri",NA,NA
"X254785","PFOS",0.00024065119537337,0.0015589563253132,-0.00293483892465512,0.00341614131540186,0.878289972876914,40,0.000215985645757075,0.00139917106211519,0.996746307670573,"Streptococcus halichoeri","Species","Streptococcus halichoeri","d__Bacteria;p__Bacillota;c__Bacilli;o__Lactobacillales;f__Streptococcaceae;g__Streptococcus_s__Streptococcus_halichoeri",NA,NA
"X2565914","PFBS",0.00169762233474684,0.00180891627487183,-0.00198701954106723,0.00538226421056092,0.355030445569725,40,0.00168570808355955,0.00179622094067737,0.926688160764812,"Enterobacter sp. 18A13","Species","Enterobacter sp. 18A13","d__Bacteria;p__Pseudomonadota;c__Gammaproteobacteria;o__Enterobacterales;f__Enterobacteriaceae;g__Enterobacter_s__Enterobacter_sp._18A13",NA,NA
"X2565914","PFHxS",0.0025384757066409,0.00254568288020223,-0.00264691063391858,0.00772386204720037,0.326163595522075,40,0.0025215991292106,0.0025287583872365,0.979182918001196,"Enterobacter sp. 18A13","Species","Enterobacter sp. 18A13","d__Bacteria;p__Pseudomonadota;c__Gammaproteobacteria;o__Enterobacterales;f__Enterobacteriaceae;g__Enterobacter_s__Enterobacter_sp._18A13",NA,NA
"X2565914","PFNA",-0.00140411075715791,0.00160547653480303,-0.00467435944304097,0.00186613792872515,0.388321763713966,40,-0.00217400639499467,0.00248578414194367,0.928252197412074,"Enterobacter sp. 18A13","Species","Enterobacter sp. 18A13","d__Bacteria;p__Pseudomonadota;c__Gammaproteobacteria;o__Enterobacterales;f__Enterobacteriaceae;g__Enterobacter_s__Enterobacter_sp._18A13",NA,NA
"X2565914","PFOA",-0.00473294705669004,0.00189095939071154,-0.00858470529075937,-0.000881188822620705,0.0176157133271368,40,-0.00406548972675322,0.00162428945106807,0.616549966449788,"Enterobacter sp. 18A13","Species","Enterobacter sp. 18A13","d__Bacteria;p__Pseudomonadota;c__Gammaproteobacteria;o__Enterobacterales;f__Enterobacteriaceae;g__Enterobacter_s__Enterobacter_sp._18A13",NA,NA
"X2565914","PFOS",-0.0013610662133595,0.0024469428523438,-0.00634532569883996,0.00362319327212097,0.581921761601979,40,-0.00122156370158267,0.00219614339032957,0.988018163004007,"Enterobacter sp. 18A13","Species","Enterobacter sp. 18A13","d__Bacteria;p__Pseudomonadota;c__Gammaproteobacteria;o__Enterobacterales;f__Enterobacteriaceae;g__Enterobacter_s__Enterobacter_sp._18A13",NA,NA
"X2587529","PFHxS",-0.00670633715572793,0.00275028212096695,-0.0123084785118477,-0.00110419579960818,0.020482748899234,40,-0.00666175133677121,0.00273199738850005,0.893768600480929,"Klebsiella pasteurii","Species","Klebsiella pasteurii","d__Bacteria;p__Pseudomonadota;c__Gammaproteobacteria;o__Enterobacterales;f__Enterobacteriaceae;g__Klebsiella_s__Klebsiella_pasteurii",NA,NA
"X2587529","PFOS",-0.00624704016338904,0.00262595133136081,-0.0115959279885413,-0.000898152338236758,0.023495773843357,40,-0.00560674964305319,0.00235680439131273,0.425557343681792,"Klebsiella pasteurii","Species","Klebsiella pasteurii","d__Bacteria;p__Pseudomonadota;c__Gammaproteobacteria;o__Enterobacterales;f__Enterobacteriaceae;g__Klebsiella_s__Klebsiella_pasteurii",NA,NA
"X2587529","PFBS",-0.000976954903623839,0.00211743444806437,-0.00529002773347719,0.00333611792622951,0.647642613644984,40,-0.000970098439802536,0.00210257387196891,0.985464675583793,"Klebsiella pasteurii","Species","Klebsiella pasteurii","d__Bacteria;p__Pseudomonadota;c__Gammaproteobacteria;o__Enterobacterales;f__Enterobacteriaceae;g__Klebsiella_s__Klebsiella_pasteurii",NA,NA
"X2587529","PFNA",0.00331058892932711,0.00178891759274793,-0.000333316964043517,0.00695449482269775,0.0734764797636874,40,0.00512583602601534,0.00276980876823742,0.899497528436873,"Klebsiella pasteurii","Species","Klebsiella pasteurii","d__Bacteria;p__Pseudomonadota;c__Gammaproteobacteria;o__Enterobacterales;f__Enterobacteriaceae;g__Klebsiella_s__Klebsiella_pasteurii",NA,NA
"X2587529","PFOA",-0.00373043769741102,0.00230320319413136,-0.008421909080301,0.000961033685478953,0.115117278774249,40,-0.00320435786698272,0.00197839714076892,0.853420319972269,"Klebsiella pasteurii","Species","Klebsiella pasteurii","d__Bacteria;p__Pseudomonadota;c__Gammaproteobacteria;o__Enterobacterales;f__Enterobacteriaceae;g__Klebsiella_s__Klebsiella_pasteurii",NA,NA
"X2596949","PFHxS",-0.000481833389978694,0.0026576580244278,-0.00589530563544999,0.0049316388554926,0.857275597032843,40,-0.000478630011473552,0.0026399890858143,0.990081091199858,"Enterobacter sp. E76","Species","Enterobacter sp. E76","d__Bacteria;p__Pseudomonadota;c__Gammaproteobacteria;o__Enterobacterales;f__Enterobacteriaceae;g__Enterobacter_s__Enterobacter_sp._E76",NA,NA
"X2596949","PFOA",-0.00141582403255853,0.00211228095674113,-0.00571839954410033,0.00288675147898328,0.507486806147856,40,-0.00121615940138626,0.00181439944854424,0.899343707097467,"Enterobacter sp. E76","Species","Enterobacter sp. E76","d__Bacteria;p__Pseudomonadota;c__Gammaproteobacteria;o__Enterobacterales;f__Enterobacteriaceae;g__Enterobacter_s__Enterobacter_sp._E76",NA,NA
"X2596949","PFOS",-0.0019474467602598,0.00250567846392321,-0.00705134677141488,0.00315645325089528,0.442740944717006,40,-0.00174784316130092,0.00224885889409523,0.935455214005822,"Enterobacter sp. E76","Species","Enterobacter sp. E76","d__Bacteria;p__Pseudomonadota;c__Gammaproteobacteria;o__Enterobacterales;f__Enterobacteriaceae;g__Enterobacter_s__Enterobacter_sp._E76",NA,NA
"X2596949","PFNA",-0.00306581099062821,0.00158079068210197,-0.00628577624003275,0.000154154258776329,0.0613098132296052,40,-0.00474684255888875,0.00244756265452581,0.885903291727617,"Enterobacter sp. E76","Species","Enterobacter sp. E76","d__Bacteria;p__Pseudomonadota;c__Gammaproteobacteria;o__Enterobacterales;f__Enterobacteriaceae;g__Enterobacter_s__Enterobacter_sp._E76",NA,NA
"X2596949","PFBS",-0.00017699477111671,0.00188593809577248,-0.00401852496209733,0.00366453541986391,0.925813703280634,40,-0.000175752586610322,0.00187270220711998,0.985464675583793,"Enterobacter sp. E76","Species","Enterobacter sp. E76","d__Bacteria;p__Pseudomonadota;c__Gammaproteobacteria;o__Enterobacterales;f__Enterobacteriaceae;g__Enterobacter_s__Enterobacter_sp._E76",NA,NA
"X2598457","PFBS",9.94226431226246e-05,0.00115416812266093,-0.00225154088988417,0.00245038617612942,0.931890084708787,40,9.87248752389075e-05,0.00114606794122228,0.985464675583793,"Streptococcus sp. KS 6","Species","Streptococcus sp. KS 6","d__Bacteria;p__Bacillota;c__Bacilli;o__Lactobacillales;f__Streptococcaceae;g__Streptococcus_s__Streptococcus_sp._KS_6",NA,NA
"X2598457","PFHxS",-0.0016574438735279,0.00160065450136975,-0.00491787039872744,0.00160298265167165,0.308207451014741,40,-0.00164642467023405,0.00159001285151632,0.974123024880717,"Streptococcus sp. KS 6","Species","Streptococcus sp. KS 6","d__Bacteria;p__Bacillota;c__Bacilli;o__Lactobacillales;f__Streptococcaceae;g__Streptococcus_s__Streptococcus_sp._KS_6",NA,NA
"X2598457","PFNA",0.0001059429936843,0.00102250545705058,-0.00197683246565194,0.00218871845302054,0.918124561750812,40,0.000164033175161157,0.00158316100864037,0.977866435518223,"Streptococcus sp. KS 6","Species","Streptococcus sp. KS 6","d__Bacteria;p__Bacillota;c__Bacilli;o__Lactobacillales;f__Streptococcaceae;g__Streptococcus_s__Streptococcus_sp._KS_6",NA,NA
"X2598457","PFOA",-0.00068951649362487,0.00129598218275786,-0.00332934581421455,0.00195031282696482,0.598371985356546,40,-0.000592278381245876,0.0011132180831412,0.901423242998267,"Streptococcus sp. KS 6","Species","Streptococcus sp. KS 6","d__Bacteria;p__Bacillota;c__Bacilli;o__Lactobacillales;f__Streptococcaceae;g__Streptococcus_s__Streptococcus_sp._KS_6",NA,NA
"X2598457","PFOS",-0.00055896298459033,0.00154465551305082,-0.00370532330328301,0.00258739733410236,0.719828620150969,40,-0.000501672061066371,0.00138633601192336,0.996746307670573,"Streptococcus sp. KS 6","Species","Streptococcus sp. KS 6","d__Bacteria;p__Bacillota;c__Bacilli;o__Lactobacillales;f__Streptococcaceae;g__Streptococcus_s__Streptococcus_sp._KS_6",NA,NA
"X2682455","PFHxS",-0.00116850677930413,0.00154349709107826,-0.00431250746965512,0.00197549391104686,0.454557469124233,40,-0.0011607381821546,0.00153323544149743,0.979182918001196,"Veillonella sp. S12025-13","Species","Veillonella sp. S12025-13","d__Bacteria;p__Bacillota;c__Negativicutes;o__Veillonellales;f__Veillonellaceae;g__Veillonella_s__Veillonella_sp._S12025-13",NA,NA
"X2682455","PFOA",-0.000346778605381678,0.00124420296749609,-0.00288113711590648,0.00218757990514312,0.782256476266914,40,-0.000297874630911881,0.00106874096028632,0.96177884537198,"Veillonella sp. S12025-13","Species","Veillonella sp. S12025-13","d__Bacteria;p__Bacillota;c__Negativicutes;o__Veillonellales;f__Veillonellaceae;g__Veillonella_s__Veillonella_sp._S12025-13",NA,NA
"X2682455","PFOS",-0.00382890343940236,0.00131754470620018,-0.00651265418296086,-0.00114515269584386,0.0065915942099514,40,-0.00343645989631481,0.00118250293226656,0.425557343681792,"Veillonella sp. S12025-13","Species","Veillonella sp. S12025-13","d__Bacteria;p__Bacillota;c__Negativicutes;o__Veillonellales;f__Veillonellaceae;g__Veillonella_s__Veillonella_sp._S12025-13",NA,NA
"X2682455","PFBS",7.79154903335868e-07,0.00110465257864259,-0.00224932451547293,0.0022508828252796,0.999441599565301,40,7.73686639257252e-07,0.00109689990714006,0.999441599565301,"Veillonella sp. S12025-13","Species","Veillonella sp. S12025-13","d__Bacteria;p__Bacillota;c__Negativicutes;o__Veillonellales;f__Veillonellaceae;g__Veillonella_s__Veillonella_sp._S12025-13",NA,NA
"X2682455","PFNA",0.00234853568538475,0.000886267044432879,0.000543268791369583,0.00415380257939992,0.0124070236208112,40,0.00363627411361355,0.00137222096793139,0.523097410667236,"Veillonella sp. S12025-13","Species","Veillonella sp. S12025-13","d__Bacteria;p__Bacillota;c__Negativicutes;o__Veillonellales;f__Veillonellaceae;g__Veillonella_s__Veillonella_sp._S12025-13",NA,NA
"X2686210","PFOA",8.79245749228071e-05,0.00137272607611373,-0.0027082269409504,0.00288407609079602,0.949328011448121,40,7.55251330294409e-05,0.00117913927479881,0.984488308168422,"Streptococcus ruminicola","Species","Streptococcus ruminicola","d__Bacteria;p__Bacillota;c__Bacilli;o__Lactobacillales;f__Streptococcaceae;g__Streptococcus_s__Streptococcus_ruminicola",NA,NA
"X2686210","PFBS",0.000415142293558265,0.00121514782593702,-0.00206003283032591,0.00289031741744244,0.734855759947463,40,0.00041222874237395,0.00120661967681246,0.985464675583793,"Streptococcus ruminicola","Species","Streptococcus ruminicola","d__Bacteria;p__Bacillota;c__Bacilli;o__Lactobacillales;f__Streptococcaceae;g__Streptococcus_s__Streptococcus_ruminicola",NA,NA
"X2686210","PFOS",0.000335062919929963,0.00163129540192157,-0.00298777707727722,0.00365790291713715,0.838563135620275,40,0.000300720638507713,0.00146409574345944,0.996746307670573,"Streptococcus ruminicola","Species","Streptococcus ruminicola","d__Bacteria;p__Bacillota;c__Bacilli;o__Lactobacillales;f__Streptococcaceae;g__Streptococcus_s__Streptococcus_ruminicola",NA,NA
"X2686210","PFHxS",-0.000614646721905963,0.00171270408718841,-0.00410331078458042,0.0028740173407685,0.722045675216937,40,-0.000610560358988489,0.00170131749677629,0.990081091199858,"Streptococcus ruminicola","Species","Streptococcus ruminicola","d__Bacteria;p__Bacillota;c__Bacilli;o__Lactobacillales;f__Streptococcaceae;g__Streptococcus_s__Streptococcus_ruminicola",NA,NA
"X2686210","PFNA",0.00146216175750359,0.00104711602354779,-0.000670743785332261,0.00359506730033943,0.172214581721686,40,0.0022638876563866,0.00162126592926477,0.928252197412074,"Streptococcus ruminicola","Species","Streptococcus ruminicola","d__Bacteria;p__Bacillota;c__Bacilli;o__Lactobacillales;f__Streptococcaceae;g__Streptococcus_s__Streptococcus_ruminicola",NA,NA
"X2697371","PFBS",0.00102666826252259,0.000844086854431194,-0.000692680396044661,0.00274601692108984,0.232764218079175,40,0.00101946290046099,0.000838162885005402,0.926688160764812,"Klebsiella sp. MPUS7","Species","Klebsiella sp. MPUS7","d__Bacteria;p__Pseudomonadota;c__Gammaproteobacteria;o__Enterobacterales;f__Enterobacteriaceae;g__Klebsiella_s__Klebsiella_sp._MPUS7",NA,NA
"X2697371","PFHxS",0.00103720138642677,0.00120323702011601,-0.00141371221993311,0.00348811499278665,0.395096447646832,40,0.00103030574844093,0.0011952375255044,0.979182918001196,"Klebsiella sp. MPUS7","Species","Klebsiella sp. MPUS7","d__Bacteria;p__Pseudomonadota;c__Gammaproteobacteria;o__Enterobacterales;f__Enterobacteriaceae;g__Klebsiella_s__Klebsiella_sp._MPUS7",NA,NA
"X2697371","PFNA",-0.000277332460227342,0.000763354371391592,-0.0018322344321909,0.00127756951173622,0.718764217187068,40,-0.000429398136151477,0.00118191337584477,0.928252197412074,"Klebsiella sp. MPUS7","Species","Klebsiella sp. MPUS7","d__Bacteria;p__Pseudomonadota;c__Gammaproteobacteria;o__Enterobacterales;f__Enterobacteriaceae;g__Klebsiella_s__Klebsiella_sp._MPUS7",NA,NA
"X2697371","PFOA",-0.00031560434930176,0.00097202808292894,-0.00229556076219932,0.0016643520635958,0.747531505649166,40,-0.000271096681293169,0.000834949163371137,0.951403734462574,"Klebsiella sp. MPUS7","Species","Klebsiella sp. MPUS7","d__Bacteria;p__Pseudomonadota;c__Gammaproteobacteria;o__Enterobacterales;f__Enterobacteriaceae;g__Klebsiella_s__Klebsiella_sp._MPUS7",NA,NA
"X2697371","PFOS",-0.00139326538046565,0.00113120802287759,-0.00369746072065459,0.000910929959723293,0.227050270940012,40,-0.00125046261434091,0.00101526483144092,0.788101882427716,"Klebsiella sp. MPUS7","Species","Klebsiella sp. MPUS7","d__Bacteria;p__Pseudomonadota;c__Gammaproteobacteria;o__Enterobacterales;f__Enterobacteriaceae;g__Klebsiella_s__Klebsiella_sp._MPUS7",NA,NA
"X2715212","PFBS",0.00150934094523982,0.00148488304565795,-0.00151526684159945,0.00453394873207909,0.317029139023829,40,0.00149874809029159,0.00147446184111345,0.926688160764812,"Bacteroides faecium","Species","Bacteroides faecium","d__Bacteria;p__Bacteroidota;c__Bacteroidia;o__Bacteroidales;f__Bacteroidaceae;g__Bacteroides_s__Bacteroides_faecium",NA,NA
"X2715212","PFHxS",0.00478580019948671,0.0019512943901995,0.00081114359318271,0.00876045680579072,0.0198168910161251,40,0.00475398270861167,0.00193832157711354,0.893768600480929,"Bacteroides faecium","Species","Bacteroides faecium","d__Bacteria;p__Bacteroidota;c__Bacteroidia;o__Bacteroidales;f__Bacteroidaceae;g__Bacteroides_s__Bacteroides_faecium",NA,NA
"X2715212","PFOA",0.000781411888580756,0.00169569774612196,-0.00267261139092521,0.00423543516808672,0.648044229651588,40,0.000671214354890669,0.00145656431055846,0.920371133879899,"Bacteroides faecium","Species","Bacteroides faecium","d__Bacteria;p__Bacteroidota;c__Bacteroidia;o__Bacteroidales;f__Bacteroidaceae;g__Bacteroides_s__Bacteroides_faecium",NA,NA
"X2715212","PFOS",0.00228287767824806,0.0019823192005937,-0.00175497439882243,0.00632072975531854,0.258009311980829,40,0.00204889407989777,0.00177914135008805,0.788101882427716,"Bacteroides faecium","Species","Bacteroides faecium","d__Bacteria;p__Bacteroidota;c__Bacteroidia;o__Bacteroidales;f__Bacteroidaceae;g__Bacteroides_s__Bacteroides_faecium",NA,NA
"X2715212","PFNA",0.00071330029325361,0.00133067053951433,-0.00199718689784316,0.00342378748435038,0.595633755326033,40,0.00110441387275158,0.00206029777051968,0.928252197412074,"Bacteroides faecium","Species","Bacteroides faecium","d__Bacteria;p__Bacteroidota;c__Bacteroidia;o__Bacteroidales;f__Bacteroidaceae;g__Bacteroides_s__Bacteroides_faecium",NA,NA
"X2725997","PFBS",-0.00158752385002106,0.000929283215659287,-0.00348041181751529,0.000305364117473161,0.0972594383393982,40,-0.00157638229189719,0.000922761321225595,0.926688160764812,"Escherichia sp. SCLE84","Species","Escherichia sp. SCLE84","d__Bacteria;p__Pseudomonadota;c__Gammaproteobacteria;o__Enterobacterales;f__Enterobacteriaceae;g__Escherichia_s__Escherichia_sp._SCLE84",NA,NA
"X2725997","PFOS",0.000184027405955791,0.00130125849599029,-0.00246654941298757,0.00283460422489916,0.888422653318085,40,0.00016516551289385,0.00116788597753396,0.996746307670573,"Escherichia sp. SCLE84","Species","Escherichia sp. SCLE84","d__Bacteria;p__Pseudomonadota;c__Gammaproteobacteria;o__Enterobacterales;f__Enterobacteriaceae;g__Escherichia_s__Escherichia_sp._SCLE84",NA,NA
"X2725997","PFNA",-3.88711811813941e-05,0.000860013831051601,-0.00179066202948726,0.00171291966712447,0.964230116666218,40,-6.01848508307121e-05,0.00133157271173856,0.977866435518223,"Escherichia sp. SCLE84","Species","Escherichia sp. SCLE84","d__Bacteria;p__Pseudomonadota;c__Gammaproteobacteria;o__Enterobacterales;f__Enterobacteriaceae;g__Escherichia_s__Escherichia_sp._SCLE84",NA,NA
"X2725997","PFHxS",-0.000463714032189596,0.00136601199864653,-0.00324618941979928,0.00231876135542009,0.736476963046466,40,-0.000460631116820625,0.00135693032526058,0.990081091199858,"Escherichia sp. SCLE84","Species","Escherichia sp. SCLE84","d__Bacteria;p__Pseudomonadota;c__Gammaproteobacteria;o__Enterobacterales;f__Enterobacteriaceae;g__Escherichia_s__Escherichia_sp._SCLE84",NA,NA
"X2725997","PFOA",0.000578504150567366,0.00108990551815218,-0.00164156074057797,0.0027985690417127,0.599233429749036,40,0.000496921400735151,0.000936203095894786,0.901423242998267,"Escherichia sp. SCLE84","Species","Escherichia sp. SCLE84","d__Bacteria;p__Pseudomonadota;c__Gammaproteobacteria;o__Enterobacterales;f__Enterobacteriaceae;g__Escherichia_s__Escherichia_sp._SCLE84",NA,NA
"X2742639","PFOS",0.00316899954032724,0.00155974818342216,-8.10354188669152e-06,0.00634610262254117,0.0505528824278005,40,0.00284419286203635,0.00139988175870969,0.484965768260317,"Enterobacter sp. RHBSTW-00175","Species","Enterobacter sp. RHBSTW-00175","d__Bacteria;p__Pseudomonadota;c__Gammaproteobacteria;o__Enterobacterales;f__Enterobacteriaceae;g__Enterobacter_s__Enterobacter_sp._RHBSTW-00175",NA,NA
"X2742639","PFHxS",-0.000243184810963923,0.00174182618863295,-0.0037911686531024,0.00330479903117456,0.889839337300149,40,-0.000241568042569658,0.00173024598541663,0.990081091199858,"Enterobacter sp. RHBSTW-00175","Species","Enterobacter sp. RHBSTW-00175","d__Bacteria;p__Pseudomonadota;c__Gammaproteobacteria;o__Enterobacterales;f__Enterobacteriaceae;g__Enterobacter_s__Enterobacter_sp._RHBSTW-00175",NA,NA
"X2742639","PFNA",0.000332173497741748,0.00109344241136534,-0.00189509580912173,0.00255944280460523,0.763256805057436,40,0.000514309362460851,0.00169299379179907,0.928252197412074,"Enterobacter sp. RHBSTW-00175","Species","Enterobacter sp. RHBSTW-00175","d__Bacteria;p__Pseudomonadota;c__Gammaproteobacteria;o__Enterobacterales;f__Enterobacteriaceae;g__Enterobacter_s__Enterobacter_sp._RHBSTW-00175",NA,NA
"X2742639","PFOA",0.000146748299526431,0.00139353856507893,-0.00269179686908038,0.00298529346813324,0.916790152091224,40,0.000126053323013599,0.0011970167112169,0.978925689572907,"Enterobacter sp. RHBSTW-00175","Species","Enterobacter sp. RHBSTW-00175","d__Bacteria;p__Pseudomonadota;c__Gammaproteobacteria;o__Enterobacterales;f__Enterobacteriaceae;g__Enterobacter_s__Enterobacter_sp._RHBSTW-00175",NA,NA
"X2742639","PFBS",-0.000430827391413247,0.00123360496853969,-0.00294359848448979,0.0020819437016633,0.729195007812099,40,-0.000427803759092559,0.00122494728351738,0.985464675583793,"Enterobacter sp. RHBSTW-00175","Species","Enterobacter sp. RHBSTW-00175","d__Bacteria;p__Pseudomonadota;c__Gammaproteobacteria;o__Enterobacterales;f__Enterobacteriaceae;g__Enterobacter_s__Enterobacter_sp._RHBSTW-00175",NA,NA
"X2742643","PFBS",0.000347114652647467,0.00238932825056968,-0.00451978772940912,0.00521401703470405,0.885403327010886,40,0.00034467853297716,0.00237255946969097,0.985464675583793,"Enterobacter sp. RHBSTW-00318","Species","Enterobacter sp. RHBSTW-00318","d__Bacteria;p__Pseudomonadota;c__Gammaproteobacteria;o__Enterobacterales;f__Enterobacteriaceae;g__Enterobacter_s__Enterobacter_sp._RHBSTW-00318",NA,NA
"X2742643","PFHxS",-0.000590542315608469,0.0033677921380009,-0.00745051041534529,0.00626942578412835,0.861909500996527,40,-0.000586616206294458,0.00334540200653838,0.990081091199858,"Enterobacter sp. RHBSTW-00318","Species","Enterobacter sp. RHBSTW-00318","d__Bacteria;p__Pseudomonadota;c__Gammaproteobacteria;o__Enterobacterales;f__Enterobacteriaceae;g__Enterobacter_s__Enterobacter_sp._RHBSTW-00318",NA,NA
"X2742643","PFNA",0.00163204993709741,0.00209782529847872,-0.00264108036212803,0.00590518023632284,0.442299769001036,40,0.00252692815158127,0.00324809534520318,0.928252197412074,"Enterobacter sp. RHBSTW-00318","Species","Enterobacter sp. RHBSTW-00318","d__Bacteria;p__Pseudomonadota;c__Gammaproteobacteria;o__Enterobacterales;f__Enterobacteriaceae;g__Enterobacter_s__Enterobacter_sp._RHBSTW-00318",NA,NA
"X2742643","PFOA",0.00219844685581628,0.00266715878701283,-0.00323437780975276,0.00763127152138531,0.415890505231061,40,0.00188841392056149,0.00229102639821275,0.853420319972269,"Enterobacter sp. RHBSTW-00318","Species","Enterobacter sp. RHBSTW-00318","d__Bacteria;p__Pseudomonadota;c__Gammaproteobacteria;o__Enterobacterales;f__Enterobacteriaceae;g__Enterobacter_s__Enterobacter_sp._RHBSTW-00318",NA,NA
"X2742643","PFOS",0.00184525977513052,0.00318828234109397,-0.00464905883380882,0.00833957838406986,0.5668008783956,40,0.00165612983348273,0.00286149927171009,0.988018163004007,"Enterobacter sp. RHBSTW-00318","Species","Enterobacter sp. RHBSTW-00318","d__Bacteria;p__Pseudomonadota;c__Gammaproteobacteria;o__Enterobacterales;f__Enterobacteriaceae;g__Enterobacter_s__Enterobacter_sp._RHBSTW-00318",NA,NA
"X2742672","PFBS",0.000528450782541001,0.00162060559967103,-0.00277261480002708,0.00382951636510908,0.746485070164251,40,0.000524742009844951,0.00160923186724845,0.985464675583793,"Enterobacter sp. RHBSTW-00974","Species","Enterobacter sp. RHBSTW-00974","d__Bacteria;p__Pseudomonadota;c__Gammaproteobacteria;o__Enterobacterales;f__Enterobacteriaceae;g__Enterobacter_s__Enterobacter_sp._RHBSTW-00974",NA,NA
"X2742672","PFOA",0.00167875484732741,0.00180636901260883,-0.00200069842504862,0.00535820811970343,0.359664047914611,40,0.001442010760695,0.00155162831435143,0.853420319972269,"Enterobacter sp. RHBSTW-00974","Species","Enterobacter sp. RHBSTW-00974","d__Bacteria;p__Pseudomonadota;c__Gammaproteobacteria;o__Enterobacterales;f__Enterobacteriaceae;g__Enterobacter_s__Enterobacter_sp._RHBSTW-00974",NA,NA
"X2742672","PFOS",0.00165511724287752,0.00215693644620558,-0.00273841852412297,0.00604865300987801,0.448500722292578,40,0.00148547596429737,0.0019358611972315,0.935455214005822,"Enterobacter sp. RHBSTW-00974","Species","Enterobacter sp. RHBSTW-00974","d__Bacteria;p__Pseudomonadota;c__Gammaproteobacteria;o__Enterobacterales;f__Enterobacteriaceae;g__Enterobacter_s__Enterobacter_sp._RHBSTW-00974",NA,NA
"X2742672","PFHxS",-0.00163869085377709,0.00226999395820613,-0.00626251723670013,0.00298513552914595,0.475603131600581,40,-0.00162779632640157,0.00225490233109237,0.979182918001196,"Enterobacter sp. RHBSTW-00974","Species","Enterobacter sp. RHBSTW-00974","d__Bacteria;p__Pseudomonadota;c__Gammaproteobacteria;o__Enterobacterales;f__Enterobacteriaceae;g__Enterobacter_s__Enterobacter_sp._RHBSTW-00974",NA,NA
"X2742672","PFNA",8.65909322013663e-05,0.00143811005427583,-0.00284274338891828,0.00301592525332101,0.952361570238538,40,0.000134070079154838,0.00222664803240316,0.977866435518223,"Enterobacter sp. RHBSTW-00974","Species","Enterobacter sp. RHBSTW-00974","d__Bacteria;p__Pseudomonadota;c__Gammaproteobacteria;o__Enterobacterales;f__Enterobacteriaceae;g__Enterobacter_s__Enterobacter_sp._RHBSTW-00974",NA,NA
"X2742673","PFBS",-0.000373495724927706,0.00124713897548681,-0.00291383468802546,0.00216684323817004,0.766508896101181,40,-0.000370874457645174,0.00123838630611195,0.985464675583793,"Enterobacter sp. RHBSTW-00975","Species","Enterobacter sp. RHBSTW-00975","d__Bacteria;p__Pseudomonadota;c__Gammaproteobacteria;o__Enterobacterales;f__Enterobacteriaceae;g__Enterobacter_s__Enterobacter_sp._RHBSTW-00975",NA,NA
"X2742673","PFNA",0.00123538092424932,0.0010847094453693,-0.00097409991298953,0.00344486176148816,0.26319729178231,40,0.00191275938588255,0.00167947240552248,0.928252197412074,"Enterobacter sp. RHBSTW-00975","Species","Enterobacter sp. RHBSTW-00975","d__Bacteria;p__Pseudomonadota;c__Gammaproteobacteria;o__Enterobacterales;f__Enterobacteriaceae;g__Enterobacter_s__Enterobacter_sp._RHBSTW-00975",NA,NA
"X2742673","PFOA",-0.000246635478285832,0.00140768808361166,-0.00311400227298587,0.0026207313164142,0.862021659038929,40,-0.00021185405017506,0.00120917081341671,0.974025146096212,"Enterobacter sp. RHBSTW-00975","Species","Enterobacter sp. RHBSTW-00975","d__Bacteria;p__Pseudomonadota;c__Gammaproteobacteria;o__Enterobacterales;f__Enterobacteriaceae;g__Enterobacter_s__Enterobacter_sp._RHBSTW-00975",NA,NA
"X2742673","PFHxS",5.77454082932329e-05,0.00176055727490584,-0.00352839240803372,0.00364388322462019,0.974038206608838,40,5.73614988267151e-05,0.00174885254159179,0.990081091199858,"Enterobacter sp. RHBSTW-00975","Species","Enterobacter sp. RHBSTW-00975","d__Bacteria;p__Pseudomonadota;c__Gammaproteobacteria;o__Enterobacterales;f__Enterobacteriaceae;g__Enterobacter_s__Enterobacter_sp._RHBSTW-00975",NA,NA
"X2742673","PFOS",-0.000459537363943255,0.00167266913459893,-0.00386665289678436,0.00294757816889786,0.785287397000538,40,-0.000412437071616438,0.00150122887448684,0.996746307670573,"Enterobacter sp. RHBSTW-00975","Species","Enterobacter sp. RHBSTW-00975","d__Bacteria;p__Pseudomonadota;c__Gammaproteobacteria;o__Enterobacterales;f__Enterobacteriaceae;g__Enterobacter_s__Enterobacter_sp._RHBSTW-00975",NA,NA
"X2755405","PFHxS",-0.00348638733780999,0.0029846654776656,-0.00956595196834131,0.00259317729272133,0.251395952598597,40,-0.00346320874850751,0.00296482249161472,0.956199317375253,"Bacteroides sp. CACC 737","Species","Bacteroides sp. CACC 737","d__Bacteria;p__Bacteroidota;c__Bacteroidia;o__Bacteroidales;f__Bacteroidaceae;g__Bacteroides_s__Bacteroides_sp._CACC_737",NA,NA
"X2755405","PFNA",0.00167538937377667,0.00189230765479746,-0.00217911518436507,0.00552989393191841,0.382562870024596,40,0.00259403127148535,0.00292988919987627,0.928252197412074,"Bacteroides sp. CACC 737","Species","Bacteroides sp. CACC 737","d__Bacteria;p__Bacteroidota;c__Bacteroidia;o__Bacteroidales;f__Bacteroidaceae;g__Bacteroides_s__Bacteroides_sp._CACC_737",NA,NA
"X2755405","PFOA",-0.001293095418178,0.00242718209408121,-0.00623710355626133,0.00365091271990532,0.59788314664043,40,-0.00111073842055416,0.0020848920873726,0.901423242998267,"Bacteroides sp. CACC 737","Species","Bacteroides sp. CACC 737","d__Bacteria;p__Bacteroidota;c__Bacteroidia;o__Bacteroidales;f__Bacteroidaceae;g__Bacteroides_s__Bacteroides_sp._CACC_737",NA,NA
"X2755405","PFOS",-0.00129170454597318,0.00288985022351026,-0.00717813682384685,0.0045947277319005,0.657900420466115,40,-0.0011593112598361,0.00259365496064833,0.996746307670573,"Bacteroides sp. CACC 737","Species","Bacteroides sp. CACC 737","d__Bacteria;p__Bacteroidota;c__Bacteroidia;o__Bacteroidales;f__Bacteroidaceae;g__Bacteroides_s__Bacteroides_sp._CACC_737",NA,NA
"X2755405","PFBS",-0.00116697240167154,0.00215199631262655,-0.00555044544586376,0.00321650064252068,0.591386236481646,40,-0.00115878235725614,0.00213689317449155,0.985464675583793,"Bacteroides sp. CACC 737","Species","Bacteroides sp. CACC 737","d__Bacteria;p__Bacteroidota;c__Bacteroidia;o__Bacteroidales;f__Bacteroidaceae;g__Bacteroides_s__Bacteroides_sp._CACC_737",NA,NA
"X2763062","PFHxS",0.00483420757546722,0.0028882594767884,-0.00104898445736771,0.0107173996083021,0.103929910179833,40,0.00480206825727399,0.00286905742786933,0.94260671976156,"Roseburia rectibacter","Species","Roseburia rectibacter","d__Bacteria;p__Bacillota;c__Clostridia;o__Lachnospirales;f__Lachnospiraceae;g__Roseburia_s__Roseburia_rectibacter",NA,NA
"X2763062","PFBS",-4.4946282665122e-05,0.00213659327521444,-0.00439704436636204,0.00430715180103179,0.983347226400744,40,-4.46308407139609e-05,0.00212159823865952,0.997598635479016,"Roseburia rectibacter","Species","Roseburia rectibacter","d__Bacteria;p__Bacillota;c__Clostridia;o__Lachnospirales;f__Lachnospiraceae;g__Roseburia_s__Roseburia_rectibacter",NA,NA
"X2763062","PFNA",-0.0016578433511338,0.0018701468983907,-0.0054672079256343,0.00215152122336671,0.381974119376204,40,-0.0025668644933392,0.00289557735809269,0.928252197412074,"Roseburia rectibacter","Species","Roseburia rectibacter","d__Bacteria;p__Bacillota;c__Clostridia;o__Lachnospirales;f__Lachnospiraceae;g__Roseburia_s__Roseburia_rectibacter",NA,NA
"X2763062","PFOA",-0.00133026992547117,0.00239794099020462,-0.00621471588406869,0.00355417603312636,0.582919309589423,40,-0.00114267044423564,0.00205977466983438,0.901423242998267,"Roseburia rectibacter","Species","Roseburia rectibacter","d__Bacteria;p__Bacillota;c__Clostridia;o__Lachnospirales;f__Lachnospiraceae;g__Roseburia_s__Roseburia_rectibacter",NA,NA
"X2763062","PFOS",0.000943461426228179,0.00286013634993318,-0.00488244567179299,0.00676936852424935,0.743651032737579,40,0.000846761326386221,0.00256698661120369,0.996746307670573,"Roseburia rectibacter","Species","Roseburia rectibacter","d__Bacteria;p__Bacillota;c__Clostridia;o__Lachnospirales;f__Lachnospiraceae;g__Roseburia_s__Roseburia_rectibacter",NA,NA
"X2781599","PFOS",-0.002560533391143,0.00170376278817559,-0.00603098462372441,0.000909917841438404,0.142678177435755,40,-0.00229809146433093,0.00152913558334936,0.727635412276423,"Streptococcus oriscaviae","Species","Streptococcus oriscaviae","d__Bacteria;p__Bacillota;c__Bacilli;o__Lactobacillales;f__Streptococcaceae;g__Streptococcus_s__Streptococcus_oriscaviae",NA,NA
"X2781599","PFOA",-0.00126135802463758,0.00146569524490781,-0.00424688154034122,0.00172416549106607,0.395867948904185,40,-0.0010834767491585,0.00125899759480745,0.853420319972269,"Streptococcus oriscaviae","Species","Streptococcus oriscaviae","d__Bacteria;p__Bacillota;c__Bacilli;o__Lactobacillales;f__Streptococcaceae;g__Streptococcus_s__Streptococcus_oriscaviae",NA,NA
"X2781599","PFNA",6.8223245646562e-05,0.00116470466597319,-0.00230420252375779,0.00244064901505092,0.953654432412015,40,0.000105631106069674,0.00180333024243121,0.977866435518223,"Streptococcus oriscaviae","Species","Streptococcus oriscaviae","d__Bacteria;p__Bacillota;c__Bacilli;o__Lactobacillales;f__Streptococcaceae;g__Streptococcus_s__Streptococcus_oriscaviae",NA,NA
"X2781599","PFBS",-0.00019886698069052,0.00131420986897593,-0.00287582488311192,0.00247809092173087,0.880672787120552,40,-0.000197471292667155,0.00130498648273076,0.985464675583793,"Streptococcus oriscaviae","Species","Streptococcus oriscaviae","d__Bacteria;p__Bacillota;c__Bacilli;o__Lactobacillales;f__Streptococcaceae;g__Streptococcus_s__Streptococcus_oriscaviae",NA,NA
"X2781599","PFHxS",-0.0013385595527536,0.00183817134648714,-0.0050827920594062,0.002405672953899,0.471785595884362,40,-0.00132966039178152,0.0018259506106424,0.979182918001196,"Streptococcus oriscaviae","Species","Streptococcus oriscaviae","d__Bacteria;p__Bacillota;c__Bacilli;o__Lactobacillales;f__Streptococcaceae;g__Streptococcus_s__Streptococcus_oriscaviae",NA,NA
"X2785531","PFNA",-0.000990405222876262,0.00216530807816559,-0.00540099344615526,0.00342018300040274,0.650476175058055,40,-0.00153345971974985,0.00335257997637875,0.928252197412074,"Bacteroides sp. HF-162","Species","Bacteroides sp. HF-162","d__Bacteria;p__Bacteroidota;c__Bacteroidia;o__Bacteroidales;f__Bacteroidaceae;g__Bacteroides_s__Bacteroides_sp._HF-162",NA,NA
"X2785531","PFBS",-0.00117696860910863,0.00244312977528353,-0.00615346111078383,0.00379952389256658,0.633264655846163,40,-0.00116870840932128,0.00242598340460373,0.985464675583793,"Bacteroides sp. HF-162","Species","Bacteroides sp. HF-162","d__Bacteria;p__Bacteroidota;c__Bacteroidia;o__Bacteroidales;f__Bacteroidaceae;g__Bacteroides_s__Bacteroides_sp._HF-162",NA,NA
"X2785531","PFHxS",-0.004885166293727,0.00334699645583117,-0.0117027749750523,0.00193244238759829,0.154157078631284,40,-0.00485268818609718,0.00332474458054318,0.94260671976156,"Bacteroides sp. HF-162","Species","Bacteroides sp. HF-162","d__Bacteria;p__Bacteroidota;c__Bacteroidia;o__Bacteroidales;f__Bacteroidaceae;g__Bacteroides_s__Bacteroides_sp._HF-162",NA,NA
"X2785531","PFOA",0.00229040884738253,0.00273527545228761,-0.00328116492493001,0.00786198261969508,0.408601068435246,40,0.00196740709912154,0.00234953700472881,0.853420319972269,"Bacteroides sp. HF-162","Species","Bacteroides sp. HF-162","d__Bacteria;p__Bacteroidota;c__Bacteroidia;o__Bacteroidales;f__Bacteroidaceae;g__Bacteroides_s__Bacteroides_sp._HF-162",NA,NA
"X2785531","PFOS",-0.00371849981192291,0.00322148904160519,-0.0102804582563598,0.00284345863251403,0.256933323660527,40,-0.00333737209108668,0.00289130245071466,0.788101882427716,"Bacteroides sp. HF-162","Species","Bacteroides sp. HF-162","d__Bacteria;p__Bacteroidota;c__Bacteroidia;o__Bacteroidales;f__Bacteroidaceae;g__Bacteroides_s__Bacteroides_sp._HF-162",NA,NA
"X2798729","PFOS",-4.11836324132641e-05,0.00175562153388585,-0.00361726767328193,0.0035349004084554,0.981430493449295,40,-3.69625150940977e-05,0.00157567906576592,0.996746307670573,"Enterobacter cloacae complex sp. AR_0002","Species","Enterobacter cloacae complex sp. AR_0002","d__Bacteria;p__Pseudomonadota;c__Gammaproteobacteria;o__Enterobacterales;f__Enterobacteriaceae;g__Enterobacter_s__Enterobacter_cloacae_complex_sp._AR_0002",NA,NA
"X2798729","PFNA",-0.000194701862810233,0.00115948040931091,-0.00255648616962439,0.00216708244400393,0.867701716134086,40,-0.000301459904575903,0.00179524144506605,0.976057855154754,"Enterobacter cloacae complex sp. AR_0002","Species","Enterobacter cloacae complex sp. AR_0002","d__Bacteria;p__Pseudomonadota;c__Gammaproteobacteria;o__Enterobacterales;f__Enterobacteriaceae;g__Enterobacter_s__Enterobacter_cloacae_complex_sp._AR_0002",NA,NA
"X2798729","PFBS",-0.000220333883838588,0.00130870984678826,-0.00288608860767615,0.00244542083999897,0.867360005906825,40,-0.000218787536819352,0.00129952506079271,0.985464675583793,"Enterobacter cloacae complex sp. AR_0002","Species","Enterobacter cloacae complex sp. AR_0002","d__Bacteria;p__Pseudomonadota;c__Gammaproteobacteria;o__Enterobacterales;f__Enterobacteriaceae;g__Enterobacter_s__Enterobacter_cloacae_complex_sp._AR_0002",NA,NA
"X2798729","PFHxS",0.00011741724199144,0.0018456230453428,-0.00364199387852568,0.00387682836250856,0.949669118481395,40,0.000116636615582081,0.00183335276828228,0.990081091199858,"Enterobacter cloacae complex sp. AR_0002","Species","Enterobacter cloacae complex sp. AR_0002","d__Bacteria;p__Pseudomonadota;c__Gammaproteobacteria;o__Enterobacterales;f__Enterobacteriaceae;g__Enterobacter_s__Enterobacter_cloacae_complex_sp._AR_0002",NA,NA
"X2798729","PFOA",0.000695521984783002,0.00147135203020599,-0.00230152402551129,0.00369256799507729,0.63962883959794,40,0.000597436956297541,0.00126385663976204,0.920371133879899,"Enterobacter cloacae complex sp. AR_0002","Species","Enterobacter cloacae complex sp. AR_0002","d__Bacteria;p__Pseudomonadota;c__Gammaproteobacteria;o__Enterobacterales;f__Enterobacteriaceae;g__Enterobacter_s__Enterobacter_cloacae_complex_sp._AR_0002",NA,NA
"X28116","PFOA",-0.00100055617871488,0.00188653946529012,-0.00484331131931772,0.00284219896188796,0.599519734692123,40,-0.000859454123801159,0.00162049283953226,0.901423242998267,"Bacteroides ovatus","Species","Bacteroides ovatus","d__Bacteria;p__Bacteroidota;c__Bacteroidia;o__Bacteroidales;f__Bacteroidaceae;g__Bacteroides_s__Bacteroides_ovatus",NA,NA
"X28116","PFOS",0.00265021731306947,0.00220381562280644,-0.00183880821186325,0.0071392428380022,0.23797014162372,40,0.00237858323068705,0.00197793549158515,0.788101882427716,"Bacteroides ovatus","Species","Bacteroides ovatus","d__Bacteria;p__Bacteroidota;c__Bacteroidia;o__Bacteroidales;f__Bacteroidaceae;g__Bacteroides_s__Bacteroides_ovatus",NA,NA
"X28116","PFHxS",4.50785854437899e-05,0.00236868163360297,-0.00477976801408364,0.00486992518497122,0.984934476048398,40,4.47788889622754e-05,0.00235293390007428,0.990081091199858,"Bacteroides ovatus","Species","Bacteroides ovatus","d__Bacteria;p__Bacteroidota;c__Bacteroidia;o__Bacteroidales;f__Bacteroidaceae;g__Bacteroides_s__Bacteroides_ovatus",NA,NA
"X28116","PFNA",0.00159219032156626,0.00146180217857566,-0.00138540327751713,0.00456978392064965,0.284202015903601,40,0.00246521289256414,0.00226333091477286,0.928252197412074,"Bacteroides ovatus","Species","Bacteroides ovatus","d__Bacteria;p__Bacteroidota;c__Bacteroidia;o__Bacteroidales;f__Bacteroidaceae;g__Bacteroides_s__Bacteroides_ovatus",NA,NA
"X28116","PFBS",-0.00139823114691734,0.00166197173411029,-0.0047835567880148,0.00198709449418013,0.40641831740583,40,-0.00138841808263249,0.00165030768592886,0.926688160764812,"Bacteroides ovatus","Species","Bacteroides ovatus","d__Bacteria;p__Bacteroidota;c__Bacteroidia;o__Bacteroidales;f__Bacteroidaceae;g__Bacteroides_s__Bacteroides_ovatus",NA,NA
"X2831966","PFBS",-0.0052399758243634,0.00260794592286905,-0.0105521878325962,7.22361838693978e-05,0.0530099757018488,40,-0.00520320063184327,0.00258964283968503,0.926688160764812,"Ruminococcus sp. FMBCY1","Species","Ruminococcus sp. FMBCY1","d__Bacteria;p__Bacillota;c__Clostridia;o__Eubacteriales;f__Oscillospiraceae;g__Ruminococcus_s__Ruminococcus_sp._FMBCY1",NA,NA
"X2831966","PFOA",-0.00310234783481531,0.0030724107515129,-0.00936064373937724,0.00315594806974662,0.320192607392435,40,-0.00266484351085838,0.00263912826343281,0.853420319972269,"Ruminococcus sp. FMBCY1","Species","Ruminococcus sp. FMBCY1","d__Bacteria;p__Bacillota;c__Clostridia;o__Eubacteriales;f__Oscillospiraceae;g__Ruminococcus_s__Ruminococcus_sp._FMBCY1",NA,NA
"X2831966","PFOS",-0.00466269271506091,0.00361835753272397,-0.0120330458220264,0.00270766039190457,0.206768790409107,40,-0.0041847899216406,0.00324749389701907,0.788101882427716,"Ruminococcus sp. FMBCY1","Species","Ruminococcus sp. FMBCY1","d__Bacteria;p__Bacillota;c__Clostridia;o__Eubacteriales;f__Oscillospiraceae;g__Ruminococcus_s__Ruminococcus_sp._FMBCY1",NA,NA
"X2831966","PFNA",0.000214340441380932,0.00245168823502019,-0.00477958507230053,0.00520826595506239,0.930877986493877,40,0.000331866619419199,0.00379598680110934,0.977866435518223,"Ruminococcus sp. FMBCY1","Species","Ruminococcus sp. FMBCY1","d__Bacteria;p__Bacillota;c__Clostridia;o__Eubacteriales;f__Oscillospiraceae;g__Ruminococcus_s__Ruminococcus_sp._FMBCY1",NA,NA
"X2831966","PFHxS",-0.00677323541533344,0.00371323911909969,-0.014336855989268,0.000790385158601131,0.077491354102812,40,-0.00672820483590286,0.00368855234847323,0.94260671976156,"Ruminococcus sp. FMBCY1","Species","Ruminococcus sp. FMBCY1","d__Bacteria;p__Bacillota;c__Clostridia;o__Eubacteriales;f__Oscillospiraceae;g__Ruminococcus_s__Ruminococcus_sp._FMBCY1",NA,NA
"X2843318","PFNA",0.000662673459623752,0.00180622518122132,-0.00301648683780322,0.00434183375705072,0.716121246136977,40,0.00102602756347465,0.0027966063750724,0.928252197412074,"Clostridium sp. CF011","Species","Clostridium sp. CF011","d__Bacteria;p__Bacillota;c__Clostridia;o__Eubacteriales;f__Clostridiaceae;g__Clostridium_s__Clostridium_sp._CF011",NA,NA
"X2843318","PFOA",0.00245824165453674,0.00226250637449081,-0.00215033301945463,0.0070668163285281,0.285369218051253,40,0.00211157151615914,0.00194343953398008,0.853420319972269,"Clostridium sp. CF011","Species","Clostridium sp. CF011","d__Bacteria;p__Bacillota;c__Clostridia;o__Eubacteriales;f__Clostridiaceae;g__Clostridium_s__Clostridium_sp._CF011",NA,NA
"X2843318","PFBS",0.000754114180038248,0.00203862695480593,-0.00339843303908247,0.00490666139915897,0.71388447858302,40,0.000748821656736113,0.00202431946537226,0.985464675583793,"Clostridium sp. CF011","Species","Clostridium sp. CF011","d__Bacteria;p__Bacillota;c__Clostridia;o__Eubacteriales;f__Clostridiaceae;g__Clostridium_s__Clostridium_sp._CF011",NA,NA
"X2843318","PFHxS",0.00237787346721127,0.00284920318126681,-0.0034257634950037,0.00818151042942624,0.410144539911565,40,0.00236206462350879,0.00283026079076944,0.979182918001196,"Clostridium sp. CF011","Species","Clostridium sp. CF011","d__Bacteria;p__Bacillota;c__Clostridia;o__Eubacteriales;f__Clostridiaceae;g__Clostridium_s__Clostridium_sp._CF011",NA,NA
"X2843318","PFOS",0.00269194686745286,0.00269780079369877,-0.00280329352324528,0.00818718725815101,0.32584773817508,40,0.00241603571346682,0.00242128964141209,0.82943060626384,"Clostridium sp. CF011","Species","Clostridium sp. CF011","d__Bacteria;p__Bacillota;c__Clostridia;o__Eubacteriales;f__Clostridiaceae;g__Clostridium_s__Clostridium_sp._CF011",NA,NA
"X2849865","PFBS",-0.00186175917671034,0.0011706131119707,-0.00424622005677506,0.000522701703354374,0.121573859281353,40,-0.00184869298052079,0.00116239751632632,0.926688160764812,"Clostridium sp. CM027","Species","Clostridium sp. CM027","d__Bacteria;p__Bacillota;c__Clostridia;o__Eubacteriales;f__Clostridiaceae;g__Clostridium_s__Clostridium_sp._CM027",NA,NA
"X2849865","PFHxS",-0.00190151623760599,0.00168094469194326,-0.00532548852913749,0.00152245605392551,0.266369809840249,40,-0.00188887436518823,0.00166976924788626,0.956199317375253,"Clostridium sp. CM027","Species","Clostridium sp. CM027","d__Bacteria;p__Bacillota;c__Clostridia;o__Eubacteriales;f__Clostridiaceae;g__Clostridium_s__Clostridium_sp._CM027",NA,NA
"X2849865","PFNA",-0.00185314970858932,0.00102632351983098,-0.00394370230731038,0.000237402890131742,0.0803935015324151,40,-0.00286926034632081,0.00158907257427632,0.899497528436873,"Clostridium sp. CM027","Species","Clostridium sp. CM027","d__Bacteria;p__Bacillota;c__Clostridia;o__Eubacteriales;f__Clostridiaceae;g__Clostridium_s__Clostridium_sp._CM027",NA,NA
"X2849865","PFOA",0.00072268538388729,0.0013653124749793,-0.00205836512064008,0.00350373588841466,0.600237518062482,40,0.000620769674512946,0.00117277116653787,0.901423242998267,"Clostridium sp. CM027","Species","Clostridium sp. CM027","d__Bacteria;p__Bacillota;c__Clostridia;o__Eubacteriales;f__Clostridiaceae;g__Clostridium_s__Clostridium_sp._CM027",NA,NA
"X2849865","PFOS",-0.000260963652105309,0.0016298893598649,-0.00358093963536497,0.00305901233115436,0.873799854081873,40,-0.000234216176784996,0.00146283381371461,0.996746307670573,"Clostridium sp. CM027","Species","Clostridium sp. CM027","d__Bacteria;p__Bacillota;c__Clostridia;o__Eubacteriales;f__Clostridiaceae;g__Clostridium_s__Clostridium_sp._CM027",NA,NA
"X2850492","PFOS",0.00242621217061462,0.00181680274181078,-0.00127449391266948,0.00612691825389873,0.191157787697371,40,0.00217753750028479,0.00163058950442532,0.764631150789482,"Enterobacter cloacae complex sp. ECL78","Species","Enterobacter cloacae complex sp. ECL78","d__Bacteria;p__Pseudomonadota;c__Gammaproteobacteria;o__Enterobacterales;f__Enterobacteriaceae;g__Enterobacter_s__Enterobacter_cloacae_complex_sp._ECL78",NA,NA
"X2850492","PFBS",-0.00114130977773796,0.00137745020418424,-0.00394708402759675,0.00166446447212084,0.413487014322034,40,-0.0011332998387214,0.00136778298468863,0.926688160764812,"Enterobacter cloacae complex sp. ECL78","Species","Enterobacter cloacae complex sp. ECL78","d__Bacteria;p__Pseudomonadota;c__Gammaproteobacteria;o__Enterobacterales;f__Enterobacteriaceae;g__Enterobacter_s__Enterobacter_cloacae_complex_sp._ECL78",NA,NA
"X2850492","PFOA",0.00202692463344421,0.00152848228377866,-0.00108649189527259,0.005140341162161,0.19419374028735,40,0.00174108038299785,0.00131293017813138,0.853420319972269,"Enterobacter cloacae complex sp. ECL78","Species","Enterobacter cloacae complex sp. ECL78","d__Bacteria;p__Pseudomonadota;c__Gammaproteobacteria;o__Enterobacterales;f__Enterobacteriaceae;g__Enterobacter_s__Enterobacter_cloacae_complex_sp._ECL78",NA,NA
"X2850492","PFHxS",0.00186039236467945,0.00193479548917444,-0.00208065707999616,0.00580144180935506,0.343488287604829,40,0.00184802389658219,0.00192193236592318,0.979182918001196,"Enterobacter cloacae complex sp. ECL78","Species","Enterobacter cloacae complex sp. ECL78","d__Bacteria;p__Pseudomonadota;c__Gammaproteobacteria;o__Enterobacterales;f__Enterobacteriaceae;g__Enterobacter_s__Enterobacter_cloacae_complex_sp._ECL78",NA,NA
"X2850492","PFNA",-0.00268837878854621,0.00113816634096611,-0.00500674775886406,-0.000370009818228356,0.024424946794813,40,-0.0041624584447295,0.0017622405434999,0.683898510254763,"Enterobacter cloacae complex sp. ECL78","Species","Enterobacter cloacae complex sp. ECL78","d__Bacteria;p__Pseudomonadota;c__Gammaproteobacteria;o__Enterobacterales;f__Enterobacteriaceae;g__Enterobacter_s__Enterobacter_cloacae_complex_sp._ECL78",NA,NA
"X2850493","PFBS",0.00340071329133549,0.00187679314856174,-0.000422189251747395,0.00722361583441838,0.0793830137412026,40,0.00337684640908517,0.00186362144096762,0.926688160764812,"Enterobacter cloacae complex sp. ECL112","Species","Enterobacter cloacae complex sp. ECL112","d__Bacteria;p__Pseudomonadota;c__Gammaproteobacteria;o__Enterobacterales;f__Enterobacteriaceae;g__Enterobacter_s__Enterobacter_cloacae_complex_sp._ECL112",NA,NA
"X2850493","PFHxS",-0.00291901205371039,0.00272983988210826,-0.0084795139318839,0.00264148982446311,0.29293540145698,40,-0.00289960555207812,0.00271169105601464,0.974123024880717,"Enterobacter cloacae complex sp. ECL112","Species","Enterobacter cloacae complex sp. ECL112","d__Bacteria;p__Pseudomonadota;c__Gammaproteobacteria;o__Enterobacterales;f__Enterobacteriaceae;g__Enterobacter_s__Enterobacter_cloacae_complex_sp._ECL112",NA,NA
"X2850493","PFOA",0.00327386646404709,0.00214569782071996,-0.00109677697196708,0.00764450990006125,0.13688829254345,40,0.00281217396199937,0.00184310374537643,0.853420319972269,"Enterobacter cloacae complex sp. ECL112","Species","Enterobacter cloacae complex sp. ECL112","d__Bacteria;p__Pseudomonadota;c__Gammaproteobacteria;o__Enterobacterales;f__Enterobacteriaceae;g__Enterobacter_s__Enterobacter_cloacae_complex_sp._ECL112",NA,NA
"X2850493","PFOS",-9.10397407513459e-05,0.00264251105258141,-0.00547365861421626,0.00529157913271357,0.972730743486884,40,-8.17086205004244e-05,0.00237166682353892,0.996746307670573,"Enterobacter cloacae complex sp. ECL112","Species","Enterobacter cloacae complex sp. ECL112","d__Bacteria;p__Pseudomonadota;c__Gammaproteobacteria;o__Enterobacterales;f__Enterobacteriaceae;g__Enterobacter_s__Enterobacter_cloacae_complex_sp._ECL112",NA,NA
"X2850493","PFNA",-0.00225293858349564,0.00169997316939439,-0.00571567061522262,0.00120979344823134,0.194463695689765,40,-0.0034882596426821,0.00263209474234312,0.928252197412074,"Enterobacter cloacae complex sp. ECL112","Species","Enterobacter cloacae complex sp. ECL112","d__Bacteria;p__Pseudomonadota;c__Gammaproteobacteria;o__Enterobacterales;f__Enterobacteriaceae;g__Enterobacter_s__Enterobacter_cloacae_complex_sp._ECL112",NA,NA
"X2857061","PFOS",-7.35691210878358e-05,0.00167609159563433,-0.00348765597892865,0.00334051773675298,0.965262247454757,40,-6.60286523874671e-05,0.00150430055030239,0.996746307670573,"Escherichia sp. TC-EC600-tetX4","Species","Escherichia sp. TC-EC600-tetX4","d__Bacteria;p__Pseudomonadota;c__Gammaproteobacteria;o__Enterobacterales;f__Enterobacteriaceae;g__Escherichia_s__Escherichia_sp._TC-EC600-tetX4",NA,NA
"X2857061","PFHxS",0.000907520998866554,0.00175484739573892,-0.00266698617419817,0.00448202817193128,0.608607191664021,40,0.000901487516502738,0.00174318062348064,0.990081091199858,"Escherichia sp. TC-EC600-tetX4","Species","Escherichia sp. TC-EC600-tetX4","d__Bacteria;p__Pseudomonadota;c__Gammaproteobacteria;o__Enterobacterales;f__Enterobacteriaceae;g__Escherichia_s__Escherichia_sp._TC-EC600-tetX4",NA,NA
"X2857061","PFNA",0.000647298451844388,0.00110153980960507,-0.00159646471548887,0.00289106161917764,0.560904435698394,40,0.00100222220120887,0.00170553111869173,0.928252197412074,"Escherichia sp. TC-EC600-tetX4","Species","Escherichia sp. TC-EC600-tetX4","d__Bacteria;p__Pseudomonadota;c__Gammaproteobacteria;o__Enterobacterales;f__Enterobacteriaceae;g__Escherichia_s__Escherichia_sp._TC-EC600-tetX4",NA,NA
"X2857061","PFOA",0.00176975767567598,0.00137447028531032,-0.00102994667806773,0.0045694620294197,0.207122492571076,40,0.00152018004070705,0.00118063750929945,0.853420319972269,"Escherichia sp. TC-EC600-tetX4","Species","Escherichia sp. TC-EC600-tetX4","d__Bacteria;p__Pseudomonadota;c__Gammaproteobacteria;o__Enterobacterales;f__Enterobacteriaceae;g__Escherichia_s__Escherichia_sp._TC-EC600-tetX4",NA,NA
"X2857061","PFBS",-0.000901904718150544,0.00123979564255309,-0.00342728580154347,0.00162347636524238,0.472232000093486,40,-0.000895574971457708,0.00123109451014929,0.942015165837359,"Escherichia sp. TC-EC600-tetX4","Species","Escherichia sp. TC-EC600-tetX4","d__Bacteria;p__Pseudomonadota;c__Gammaproteobacteria;o__Enterobacterales;f__Enterobacteriaceae;g__Escherichia_s__Escherichia_sp._TC-EC600-tetX4",NA,NA
"X2860337","PFHxS",0.000253070283299448,0.0026820292407739,-0.00521004450536789,0.00571618507196679,0.925413332311098,40,0.000251387793205004,0.0026641982747206,0.990081091199858,"Escherichia sp. TM-G17TGC","Species","Escherichia sp. TM-G17TGC","d__Bacteria;p__Pseudomonadota;c__Gammaproteobacteria;o__Enterobacterales;f__Enterobacteriaceae;g__Escherichia_s__Escherichia_sp._TM-G17TGC",NA,NA
"X2860337","PFNA",0.00137809229043137,0.00166811292656712,-0.00201974255035001,0.00477592713121275,0.414842886283636,40,0.00213372160067692,0.00258276503576587,0.928252197412074,"Escherichia sp. TM-G17TGC","Species","Escherichia sp. TM-G17TGC","d__Bacteria;p__Pseudomonadota;c__Gammaproteobacteria;o__Enterobacterales;f__Enterobacteriaceae;g__Escherichia_s__Escherichia_sp._TM-G17TGC",NA,NA
"X2860337","PFOA",-0.00327741105183244,0.00206606280975875,-0.00748584327871291,0.00093102117504803,0.122503238686772,40,-0.00281521867918178,0.00177469915198571,0.853420319972269,"Escherichia sp. TM-G17TGC","Species","Escherichia sp. TM-G17TGC","d__Bacteria;p__Pseudomonadota;c__Gammaproteobacteria;o__Enterobacterales;f__Enterobacteriaceae;g__Escherichia_s__Escherichia_sp._TM-G17TGC",NA,NA
"X2860337","PFBS",-0.0035717314052446,0.00179496951040188,-0.00722796465147643,8.45018409872402e-05,0.0552090090336079,40,-0.00354666428385687,0.00178237205737435,0.926688160764812,"Escherichia sp. TM-G17TGC","Species","Escherichia sp. TM-G17TGC","d__Bacteria;p__Pseudomonadota;c__Gammaproteobacteria;o__Enterobacterales;f__Enterobacteriaceae;g__Escherichia_s__Escherichia_sp._TM-G17TGC",NA,NA
"X2860337","PFOS",0.00243823061354696,0.00251478576246741,-0.00268422035768165,0.00756068158477556,0.339538528144944,40,0.00218832411264176,0.0022570327398728,0.848846320362359,"Escherichia sp. TM-G17TGC","Species","Escherichia sp. TM-G17TGC","d__Bacteria;p__Pseudomonadota;c__Gammaproteobacteria;o__Enterobacterales;f__Enterobacteriaceae;g__Escherichia_s__Escherichia_sp._TM-G17TGC",NA,NA
"X2873296","PFNA",-0.000875909220236147,0.00172870145304964,-0.00439715885084088,0.00264534041036859,0.615848697034624,40,-0.00135618378857988,0.00267657518810949,0.928252197412074,"Klebsiella sp. CTHL.F3a","Species","Klebsiella sp. CTHL.F3a","d__Bacteria;p__Pseudomonadota;c__Gammaproteobacteria;o__Enterobacterales;f__Enterobacteriaceae;g__Klebsiella_s__Klebsiella_sp._CTHL.F3a",NA,NA
"X2873296","PFOS",-0.00359539140969633,0.00254879833510821,-0.00878712372423383,0.00159634090484116,0.168003810865304,40,-0.00322688168728139,0.00228755919312513,0.746798951915328,"Klebsiella sp. CTHL.F3a","Species","Klebsiella sp. CTHL.F3a","d__Bacteria;p__Pseudomonadota;c__Gammaproteobacteria;o__Enterobacterales;f__Enterobacteriaceae;g__Klebsiella_s__Klebsiella_sp._CTHL.F3a",NA,NA
"X2873296","PFOA",0.000864756548436183,0.00220386959864461,-0.00362437892168105,0.00535389201855341,0.697378151976292,40,0.000742805449057469,0.0018930719285627,0.951403734462574,"Klebsiella sp. CTHL.F3a","Species","Klebsiella sp. CTHL.F3a","d__Bacteria;p__Pseudomonadota;c__Gammaproteobacteria;o__Enterobacterales;f__Enterobacteriaceae;g__Klebsiella_s__Klebsiella_sp._CTHL.F3a",NA,NA
"X2873296","PFBS",0.00288107204911259,0.0018916442741612,-0.000972081246891742,0.00673422534511692,0.137568043544898,40,0.00286085211245222,0.00187836833841386,0.926688160764812,"Klebsiella sp. CTHL.F3a","Species","Klebsiella sp. CTHL.F3a","d__Bacteria;p__Pseudomonadota;c__Gammaproteobacteria;o__Enterobacterales;f__Enterobacteriaceae;g__Klebsiella_s__Klebsiella_sp._CTHL.F3a",NA,NA
"X2873296","PFHxS",-0.0055386058192082,0.00258227864911244,-0.0107985353016904,-0.000278676336725958,0.0396579525546674,40,-0.00550178344201577,0.00256511085607257,0.925352226275572,"Klebsiella sp. CTHL.F3a","Species","Klebsiella sp. CTHL.F3a","d__Bacteria;p__Pseudomonadota;c__Gammaproteobacteria;o__Enterobacterales;f__Enterobacteriaceae;g__Klebsiella_s__Klebsiella_sp._CTHL.F3a",NA,NA
"X2894203","PFBS",0.000533615875265512,0.0023731192424431,-0.00430026983767361,0.00536750158820463,0.823519137223993,40,0.000529870852921431,0.00235646421960725,0.985464675583793,"Enterobacter sp. AN-K1","Species","Enterobacter sp. AN-K1","d__Bacteria;p__Pseudomonadota;c__Gammaproteobacteria;o__Enterobacterales;f__Enterobacteriaceae;g__Enterobacter_s__Enterobacter_sp._AN-K1",NA,NA
"X2894203","PFHxS",0.00527017779011593,0.00321585920646513,-0.00128031305540603,0.0118206686356379,0.111049660881423,40,0.0052351400060971,0.00319447917247037,0.94260671976156,"Enterobacter sp. AN-K1","Species","Enterobacter sp. AN-K1","d__Bacteria;p__Pseudomonadota;c__Gammaproteobacteria;o__Enterobacterales;f__Enterobacteriaceae;g__Enterobacter_s__Enterobacter_sp._AN-K1",NA,NA
"X2894203","PFNA",0.00107950140466745,0.00209550174198942,-0.00318889596486953,0.00534789877420443,0.60998754699082,40,0.00167140871557958,0.00324449774676509,0.928252197412074,"Enterobacter sp. AN-K1","Species","Enterobacter sp. AN-K1","d__Bacteria;p__Pseudomonadota;c__Gammaproteobacteria;o__Enterobacterales;f__Enterobacteriaceae;g__Enterobacter_s__Enterobacter_sp._AN-K1",NA,NA
"X2894203","PFOS",0.000617462677868312,0.00318277655046273,-0.00586564100255216,0.00710056635828878,0.84740119188167,40,0.00055417582698215,0.00285655779721192,0.996746307670573,"Enterobacter sp. AN-K1","Species","Enterobacter sp. AN-K1","d__Bacteria;p__Pseudomonadota;c__Gammaproteobacteria;o__Enterobacterales;f__Enterobacteriaceae;g__Enterobacter_s__Enterobacter_sp._AN-K1",NA,NA
"X2894203","PFOA",-0.00226773484995897,0.00264809839473106,-0.00766173476694983,0.00312626506703189,0.39816430209388,40,-0.00194793067090761,0.00227465397146019,0.853420319972269,"Enterobacter sp. AN-K1","Species","Enterobacter sp. AN-K1","d__Bacteria;p__Pseudomonadota;c__Gammaproteobacteria;o__Enterobacterales;f__Enterobacteriaceae;g__Enterobacter_s__Enterobacter_sp._AN-K1",NA,NA
"X2897413","PFOA",-0.0002873868329788,0.00181200585217505,-0.00397832197181899,0.00340354830586139,0.874979564870404,40,-0.000246858501285782,0.00155647022639341,0.974025146096212,"Klebsiella sp. KPN54798","Species","Klebsiella sp. KPN54798","d__Bacteria;p__Pseudomonadota;c__Gammaproteobacteria;o__Enterobacterales;f__Enterobacteriaceae;g__Klebsiella_s__Klebsiella_sp._KPN54798",NA,NA
"X2897413","PFOS",0.00033090374789268,0.00215465239314214,-0.00405797955526464,0.00471978705105,0.878908165935486,40,0.000296987760900795,0.00193381124823754,0.996746307670573,"Klebsiella sp. KPN54798","Species","Klebsiella sp. KPN54798","d__Bacteria;p__Pseudomonadota;c__Gammaproteobacteria;o__Enterobacterales;f__Enterobacteriaceae;g__Klebsiella_s__Klebsiella_sp._KPN54798",NA,NA
"X2897413","PFHxS",-0.00165407371186953,0.00224712435474898,-0.00623131623695898,0.00292316881321993,0.467041076898095,40,-0.00164307691446045,0.00223218477188465,0.979182918001196,"Klebsiella sp. KPN54798","Species","Klebsiella sp. KPN54798","d__Bacteria;p__Pseudomonadota;c__Gammaproteobacteria;o__Enterobacterales;f__Enterobacteriaceae;g__Klebsiella_s__Klebsiella_sp._KPN54798",NA,NA
"X2897413","PFBS",-0.00033144936470493,0.00160638448089205,-0.00360354747625079,0.00294064874684093,0.837838377500915,40,-0.00032912318714109,0.00159511055510951,0.985464675583793,"Klebsiella sp. KPN54798","Species","Klebsiella sp. KPN54798","d__Bacteria;p__Pseudomonadota;c__Gammaproteobacteria;o__Enterobacterales;f__Enterobacteriaceae;g__Klebsiella_s__Klebsiella_sp._KPN54798",NA,NA
"X2897413","PFNA",0.000648117333490954,0.00141953887586456,-0.00224338873509544,0.00353962340207735,0.651064963037307,40,0.0010034900883234,0.00219789398973035,0.928252197412074,"Klebsiella sp. KPN54798","Species","Klebsiella sp. KPN54798","d__Bacteria;p__Pseudomonadota;c__Gammaproteobacteria;o__Enterobacterales;f__Enterobacteriaceae;g__Klebsiella_s__Klebsiella_sp._KPN54798",NA,NA
"X290053","PFOS",0.00336606372133977,0.00240221234180642,-0.00152708269575711,0.00825921013843665,0.17076812664664,40,0.00302105894543786,0.00215599753446348,0.746798951915328,"Bacteroides helcogenes","Species","Bacteroides helcogenes","d__Bacteria;p__Bacteroidota;c__Bacteroidia;o__Bacteroidales;f__Bacteroidaceae;g__Bacteroides_s__Bacteroides_helcogenes",NA,NA
"X290053","PFBS",8.37874737219049e-05,0.00184556511982908,-0.00367550565638488,0.00384308060382869,0.964071127791747,40,8.31994365667387e-05,0.00183261257675157,0.992426160962092,"Bacteroides helcogenes","Species","Bacteroides helcogenes","d__Bacteria;p__Bacteroidota;c__Bacteroidia;o__Bacteroidales;f__Bacteroidaceae;g__Bacteroides_s__Bacteroides_helcogenes",NA,NA
"X290053","PFHxS",0.000104568833124986,0.00260176002335548,-0.00519504291012933,0.0054041805763793,0.968190111241665,40,0.00010387362694105,0.00258446271206968,0.990081091199858,"Bacteroides helcogenes","Species","Bacteroides helcogenes","d__Bacteria;p__Bacteroidota;c__Bacteroidia;o__Bacteroidales;f__Bacteroidaceae;g__Bacteroides_s__Bacteroides_helcogenes",NA,NA
"X290053","PFNA",-0.000556035351635797,0.00163221107325691,-0.0038807405103176,0.002768669807046,0.735583105505167,40,-0.000860918132089622,0.00252717764118844,0.928252197412074,"Bacteroides helcogenes","Species","Bacteroides helcogenes","d__Bacteria;p__Bacteroidota;c__Bacteroidia;o__Bacteroidales;f__Bacteroidaceae;g__Bacteroides_s__Bacteroides_helcogenes",NA,NA
"X290053","PFOA",0.00154688170858776,0.00206326130855284,-0.00265584404707465,0.00574960746425017,0.458896218265943,40,0.00132873484943735,0.00177229272862292,0.854816169045105,"Bacteroides helcogenes","Species","Bacteroides helcogenes","d__Bacteria;p__Bacteroidota;c__Bacteroidia;o__Bacteroidales;f__Bacteroidaceae;g__Bacteroides_s__Bacteroides_helcogenes",NA,NA
"X2912628","PFOS",0.00435578358605001,0.00219488206923447,-0.000115044885736387,0.00882661205783642,0.0558285778825641,40,0.00390933745062621,0.00196991758278501,0.484965768260317,"Enterobacter cloacae complex sp. ECL414","Species","Enterobacter cloacae complex sp. ECL414","d__Bacteria;p__Pseudomonadota;c__Gammaproteobacteria;o__Enterobacterales;f__Enterobacteriaceae;g__Enterobacter_s__Enterobacter_cloacae_complex_sp._ECL414",NA,NA
"X2912628","PFNA",-0.000864609993060352,0.0015292436641208,-0.00397957740278311,0.00225035741666241,0.575755608400518,40,-0.00133868902044036,0.0023677516095903,0.928252197412074,"Enterobacter cloacae complex sp. ECL414","Species","Enterobacter cloacae complex sp. ECL414","d__Bacteria;p__Pseudomonadota;c__Gammaproteobacteria;o__Enterobacterales;f__Enterobacteriaceae;g__Enterobacter_s__Enterobacter_cloacae_complex_sp._ECL414",NA,NA
"X2912628","PFHxS",0.000524020158224741,0.00244365028611154,-0.00445353258931167,0.00550157290576115,0.83156342792053,40,0.000520536308939841,0.00242740413762241,0.990081091199858,"Enterobacter cloacae complex sp. ECL414","Species","Enterobacter cloacae complex sp. ECL414","d__Bacteria;p__Pseudomonadota;c__Gammaproteobacteria;o__Enterobacterales;f__Enterobacteriaceae;g__Enterobacter_s__Enterobacter_cloacae_complex_sp._ECL414",NA,NA
"X2912628","PFBS",0.000783118680111544,0.00172913380038522,-0.002739011613197,0.00430524897342009,0.653679178390318,40,0.000777622597459157,0.00171699839546473,0.985464675583793,"Enterobacter cloacae complex sp. ECL414","Species","Enterobacter cloacae complex sp. ECL414","d__Bacteria;p__Pseudomonadota;c__Gammaproteobacteria;o__Enterobacterales;f__Enterobacteriaceae;g__Enterobacter_s__Enterobacter_cloacae_complex_sp._ECL414",NA,NA
"X2912628","PFOA",0.00556317863551601,0.00169099734392642,0.00211872976196981,0.00900762750906221,0.00244392408325214,40,0.00477863904241524,0.00145252677609871,0.3421493716553,"Enterobacter cloacae complex sp. ECL414","Species","Enterobacter cloacae complex sp. ECL414","d__Bacteria;p__Pseudomonadota;c__Gammaproteobacteria;o__Enterobacterales;f__Enterobacteriaceae;g__Enterobacter_s__Enterobacter_cloacae_complex_sp._ECL414",NA,NA
"X2912629","PFOA",0.00146304791148245,0.00169901274564862,-0.00199772780109291,0.00492382362405781,0.39558054179749,40,0.00125672359792661,0.00145941181684965,0.853420319972269,"Enterobacter cloacae complex sp. ECL411","Species","Enterobacter cloacae complex sp. ECL411","d__Bacteria;p__Pseudomonadota;c__Gammaproteobacteria;o__Enterobacterales;f__Enterobacteriaceae;g__Enterobacter_s__Enterobacter_cloacae_complex_sp._ECL411",NA,NA
"X2912629","PFBS",-9.765024985924e-05,0.00152388149070248,-0.00320169526975281,0.00300639477003433,0.949305196635642,40,-9.69649209839586e-05,0.00151318658731421,0.985464675583793,"Enterobacter cloacae complex sp. ECL411","Species","Enterobacter cloacae complex sp. ECL411","d__Bacteria;p__Pseudomonadota;c__Gammaproteobacteria;o__Enterobacterales;f__Enterobacteriaceae;g__Enterobacter_s__Enterobacter_cloacae_complex_sp._ECL411",NA,NA
"X2912629","PFOS",0.00108678615114135,0.0020344651583625,-0.00305728376603507,0.00523085606831776,0.596903688858912,40,0.000975395980435195,0.00182594260675682,0.988018163004007,"Enterobacter cloacae complex sp. ECL411","Species","Enterobacter cloacae complex sp. ECL411","d__Bacteria;p__Pseudomonadota;c__Gammaproteobacteria;o__Enterobacterales;f__Enterobacteriaceae;g__Enterobacter_s__Enterobacter_cloacae_complex_sp._ECL411",NA,NA
"X2912629","PFHxS",0.00313443548889216,0.00207571062076229,-0.00109364868591281,0.00736251966369713,0.140841815220653,40,0.00311359678514165,0.00206191064981022,0.94260671976156,"Enterobacter cloacae complex sp. ECL411","Species","Enterobacter cloacae complex sp. ECL411","d__Bacteria;p__Pseudomonadota;c__Gammaproteobacteria;o__Enterobacterales;f__Enterobacteriaceae;g__Enterobacter_s__Enterobacter_cloacae_complex_sp._ECL411",NA,NA
"X2912629","PFNA",-9.98334467655698e-05,0.00135008465515548,-0.00284986589734559,0.00265019900381445,0.941513616300039,40,-0.000154573669204003,0.00209035694593862,0.977866435518223,"Enterobacter cloacae complex sp. ECL411","Species","Enterobacter cloacae complex sp. ECL411","d__Bacteria;p__Pseudomonadota;c__Gammaproteobacteria;o__Enterobacterales;f__Enterobacteriaceae;g__Enterobacter_s__Enterobacter_cloacae_complex_sp._ECL411",NA,NA
"X2912630","PFBS",-0.000367638081763994,0.00133189509812546,-0.0030806196171268,0.00234534345359881,0.784302715257178,40,-0.000365057924586218,0.00132254759342468,0.985464675583793,"Enterobacter cloacae complex sp. ECL405","Species","Enterobacter cloacae complex sp. ECL405","d__Bacteria;p__Pseudomonadota;c__Gammaproteobacteria;o__Enterobacterales;f__Enterobacteriaceae;g__Enterobacter_s__Enterobacter_cloacae_complex_sp._ECL405",NA,NA
"X2912630","PFHxS",-0.00277196801352292,0.00181485139182666,-0.00646869932695961,0.00092476329991378,0.136491545376846,40,-0.00275353910648546,0.00180278569430648,0.94260671976156,"Enterobacter cloacae complex sp. ECL405","Species","Enterobacter cloacae complex sp. ECL405","d__Bacteria;p__Pseudomonadota;c__Gammaproteobacteria;o__Enterobacterales;f__Enterobacteriaceae;g__Enterobacter_s__Enterobacter_cloacae_complex_sp._ECL405",NA,NA
"X2912630","PFNA",0.000764219698008897,0.00117367356005888,-0.00162647511081256,0.00315491450683035,0.519608317720924,40,0.0011832531744256,0.00181721691981682,0.928252197412074,"Enterobacter cloacae complex sp. ECL405","Species","Enterobacter cloacae complex sp. ECL405","d__Bacteria;p__Pseudomonadota;c__Gammaproteobacteria;o__Enterobacterales;f__Enterobacteriaceae;g__Enterobacter_s__Enterobacter_cloacae_complex_sp._ECL405",NA,NA
"X2912630","PFOA",-0.000148182376659243,0.00150353153338078,-0.00321077588994626,0.00291441113662777,0.92210542586207,40,-0.000127285161396953,0.00129149807289074,0.978925689572907,"Enterobacter cloacae complex sp. ECL405","Species","Enterobacter cloacae complex sp. ECL405","d__Bacteria;p__Pseudomonadota;c__Gammaproteobacteria;o__Enterobacterales;f__Enterobacteriaceae;g__Enterobacter_s__Enterobacter_cloacae_complex_sp._ECL405",NA,NA
"X2912630","PFOS",-0.000741102829813441,0.00178326783932542,-0.00437350055205545,0.00289129489242856,0.680485996327873,40,-0.000665143478806774,0.00160049176251525,0.996746307670573,"Enterobacter cloacae complex sp. ECL405","Species","Enterobacter cloacae complex sp. ECL405","d__Bacteria;p__Pseudomonadota;c__Gammaproteobacteria;o__Enterobacterales;f__Enterobacteriaceae;g__Enterobacter_s__Enterobacter_cloacae_complex_sp._ECL405",NA,NA
"X2912631","PFBS",-0.000296433546188676,0.00230639770356047,-0.00499441193185081,0.00440154483947346,0.898536609098292,40,-0.000294353116603519,0.00229021094575482,0.985464675583793,"Enterobacter cloacae complex sp. ECL404","Species","Enterobacter cloacae complex sp. ECL404","d__Bacteria;p__Pseudomonadota;c__Gammaproteobacteria;o__Enterobacterales;f__Enterobacteriaceae;g__Enterobacter_s__Enterobacter_cloacae_complex_sp._ECL404",NA,NA
"X2912631","PFHxS",4.07481564195535e-05,0.0032522209047786,-0.00658380904482197,0.00666530535766107,0.990081091199858,40,4.04772499794574e-05,0.00323059912688397,0.990081091199858,"Enterobacter cloacae complex sp. ECL404","Species","Enterobacter cloacae complex sp. ECL404","d__Bacteria;p__Pseudomonadota;c__Gammaproteobacteria;o__Enterobacterales;f__Enterobacteriaceae;g__Enterobacter_s__Enterobacter_cloacae_complex_sp._ECL404",NA,NA
"X2912631","PFOA",-0.00260718435905991,0.00256043623143461,-0.00782262229267239,0.00260825357455257,0.316192631195148,40,-0.00223950978123183,0.00219935424381947,0.853420319972269,"Enterobacter cloacae complex sp. ECL404","Species","Enterobacter cloacae complex sp. ECL404","d__Bacteria;p__Pseudomonadota;c__Gammaproteobacteria;o__Enterobacterales;f__Enterobacteriaceae;g__Enterobacter_s__Enterobacter_cloacae_complex_sp._ECL404",NA,NA
"X2912631","PFOS",-2.34745503852281e-05,0.0030934626518232,-0.0063246517726324,0.00627770267186195,0.993992472120793,40,-2.10685258219646e-05,0.00277639812859771,0.996746307670573,"Enterobacter cloacae complex sp. ECL404","Species","Enterobacter cloacae complex sp. ECL404","d__Bacteria;p__Pseudomonadota;c__Gammaproteobacteria;o__Enterobacterales;f__Enterobacteriaceae;g__Enterobacter_s__Enterobacter_cloacae_complex_sp._ECL404",NA,NA
"X2912631","PFNA",0.00106826831402339,0.00203518397779016,-0.00307726579041315,0.00521380241845994,0.603270552015067,40,0.00165401634765472,0.00315110681985104,0.928252197412074,"Enterobacter cloacae complex sp. ECL404","Species","Enterobacter cloacae complex sp. ECL404","d__Bacteria;p__Pseudomonadota;c__Gammaproteobacteria;o__Enterobacterales;f__Enterobacteriaceae;g__Enterobacter_s__Enterobacter_cloacae_complex_sp._ECL404",NA,NA
"X2923088","PFBS",-0.000516595095911225,0.00137599821046028,-0.00331941173133919,0.00228622153951674,0.709815672282802,40,-0.000512969528781934,0.00136634118134542,0.985464675583793,"Enterobacter sp. JH25","Species","Enterobacter sp. JH25","d__Bacteria;p__Pseudomonadota;c__Gammaproteobacteria;o__Enterobacterales;f__Enterobacteriaceae;g__Enterobacter_s__Enterobacter_sp._JH25",NA,NA
"X2923088","PFHxS",0.00181529080802789,0.00191738015042205,-0.00209028475245532,0.0057208663685111,0.350858162621096,40,0.0018032221891319,0.00190463280976905,0.979182918001196,"Enterobacter sp. JH25","Species","Enterobacter sp. JH25","d__Bacteria;p__Pseudomonadota;c__Gammaproteobacteria;o__Enterobacterales;f__Enterobacteriaceae;g__Enterobacter_s__Enterobacter_sp._JH25",NA,NA
"X2923088","PFNA",0.00040855526273733,0.0012196385936422,-0.00207576725562326,0.00289287778109792,0.739825740113509,40,0.000632572430181726,0.00188838529200319,0.928252197412074,"Enterobacter sp. JH25","Species","Enterobacter sp. JH25","d__Bacteria;p__Pseudomonadota;c__Gammaproteobacteria;o__Enterobacterales;f__Enterobacteriaceae;g__Enterobacter_s__Enterobacter_sp._JH25",NA,NA
"X2923088","PFOA",0.00259846092518021,0.00148573285382788,-0.000427877864255926,0.00562479971461635,0.0898886330594782,40,0.00223201655758172,0.00127620942756989,0.853420319972269,"Enterobacter sp. JH25","Species","Enterobacter sp. JH25","d__Bacteria;p__Pseudomonadota;c__Gammaproteobacteria;o__Enterobacterales;f__Enterobacteriaceae;g__Enterobacter_s__Enterobacter_sp._JH25",NA,NA
"X2923088","PFOS",0.00205873513942347,0.00181297870480295,-0.00163418163537276,0.0057516519142197,0.264577060529305,40,0.00184772503556974,0.00162715741217557,0.788101882427716,"Enterobacter sp. JH25","Species","Enterobacter sp. JH25","d__Bacteria;p__Pseudomonadota;c__Gammaproteobacteria;o__Enterobacterales;f__Enterobacteriaceae;g__Enterobacter_s__Enterobacter_sp._JH25",NA,NA
"X29341","PFBS",0.00228771222122724,0.00188183507070334,-0.00154546038118099,0.00612088482363547,0.23299898020986,40,0.00227165660185298,0.00186862797789683,0.926688160764812,"Clostridium argentinense","Species","Clostridium argentinense","d__Bacteria;p__Bacillota;c__Clostridia;o__Eubacteriales;f__Clostridiaceae;g__Clostridium_s__Clostridium_argentinense",NA,NA
"X29341","PFHxS",0.000193626278013245,0.00271322516108488,-0.00533303252091545,0.00572028507694194,0.94355231299433,40,0.000192338990187373,0.0026951867948334,0.990081091199858,"Clostridium argentinense","Species","Clostridium argentinense","d__Bacteria;p__Bacillota;c__Clostridia;o__Eubacteriales;f__Clostridiaceae;g__Clostridium_s__Clostridium_argentinense",NA,NA
"X29341","PFNA",-0.00228895179847126,0.00165661430563709,-0.00566336471487645,0.00108546111793393,0.176633483214294,40,-0.00354401946024791,0.00256496154319374,0.928252197412074,"Clostridium argentinense","Species","Clostridium argentinense","d__Bacteria;p__Bacillota;c__Clostridia;o__Eubacteriales;f__Clostridiaceae;g__Clostridium_s__Clostridium_argentinense",NA,NA
"X29341","PFOA",0.000931324112259478,0.00216433614711821,-0.00347728435226158,0.00533993257678053,0.669858252731061,40,0.000799985414017369,0.00185911362750449,0.928516389924243,"Clostridium argentinense","Species","Clostridium argentinense","d__Bacteria;p__Bacillota;c__Clostridia;o__Eubacteriales;f__Clostridiaceae;g__Clostridium_s__Clostridium_argentinense",NA,NA
"X29341","PFOS",-1.5958849187524e-05,0.00258097797291314,-0.00527323894095035,0.00524132124257531,0.995104893937744,40,-1.4323146585494e-05,0.00231644057823831,0.996746307670573,"Clostridium argentinense","Species","Clostridium argentinense","d__Bacteria;p__Bacillota;c__Clostridia;o__Eubacteriales;f__Clostridiaceae;g__Clostridium_s__Clostridium_argentinense",NA,NA
"X29466","PFBS",-0.00178003715442369,0.00141149351280745,-0.00465515535473881,0.00109508104589142,0.216389016448698,40,-0.00176754449964034,0.00140158737060101,0.926688160764812,"Veillonella parvula","Species","Veillonella parvula","d__Bacteria;p__Bacillota;c__Negativicutes;o__Veillonellales;f__Veillonellaceae;g__Veillonella_s__Veillonella_parvula",NA,NA
"X29466","PFHxS",-0.00157914201341737,0.00201946359147583,-0.00569265473879818,0.00253437071196343,0.439985342336519,40,-0.00156864338528666,0.00200603756829978,0.979182918001196,"Veillonella parvula","Species","Veillonella parvula","d__Bacteria;p__Bacillota;c__Negativicutes;o__Veillonellales;f__Veillonellaceae;g__Veillonella_s__Veillonella_parvula",NA,NA
"X29466","PFNA",0.000482871751708846,0.00127839304464884,-0.00212112966698385,0.00308687317040154,0.708134131682289,40,0.000747637799102232,0.0019793557169299,0.928252197412074,"Veillonella parvula","Species","Veillonella parvula","d__Bacteria;p__Bacillota;c__Negativicutes;o__Veillonellales;f__Veillonellaceae;g__Veillonella_s__Veillonella_parvula",NA,NA
"X29466","PFOA",0.00217257417715778,0.0015849412519492,-0.00105584550636293,0.0054009938606785,0.179988512047392,40,0.00186618990072146,0.00136142709819643,0.853420319972269,"Veillonella parvula","Species","Veillonella parvula","d__Bacteria;p__Bacillota;c__Negativicutes;o__Veillonellales;f__Veillonellaceae;g__Veillonella_s__Veillonella_parvula",NA,NA
"X29466","PFOS",0.0005158523523723,0.00193699991269962,-0.00342968735608486,0.00446139206082947,0.79170508612481,40,0.000462980054055309,0.00173846706361352,0.996746307670573,"Veillonella parvula","Species","Veillonella parvula","d__Bacteria;p__Bacillota;c__Negativicutes;o__Veillonellales;f__Veillonellaceae;g__Veillonella_s__Veillonella_parvula",NA,NA
"X2972764","PFBS",0.00287982663995965,0.00216545267369223,-0.00153105611476889,0.00729070939468819,0.192954610237038,40,0.00285961544382842,0.00215025509613892,0.926688160764812,"Bacteroides sp. BFG-637","Species","Bacteroides sp. BFG-637","d__Bacteria;p__Bacteroidota;c__Bacteroidia;o__Bacteroidales;f__Bacteroidaceae;g__Bacteroides_s__Bacteroides_sp._BFG-637",NA,NA
"X2972764","PFHxS",-0.00492249781238854,0.00301277067963792,-0.011059310865942,0.00121431524116489,0.112086396259526,40,-0.004889771513191,0.00299274084144738,0.94260671976156,"Bacteroides sp. BFG-637","Species","Bacteroides sp. BFG-637","d__Bacteria;p__Bacteroidota;c__Bacteroidia;o__Bacteroidales;f__Bacteroidaceae;g__Bacteroides_s__Bacteroides_sp._BFG-637",NA,NA
"X2972764","PFNA",0.0015097289678127,0.00195267716184542,-0.00246774425216328,0.00548720218778868,0.445102537231182,40,0.00233753670356959,0.00302336024104298,0.928252197412074,"Bacteroides sp. BFG-637","Species","Bacteroides sp. BFG-637","d__Bacteria;p__Bacteroidota;c__Bacteroidia;o__Bacteroidales;f__Bacteroidaceae;g__Bacteroides_s__Bacteroides_sp._BFG-637",NA,NA
"X2972764","PFOA",-0.00154205740532248,0.00249369246148971,-0.00662154272846597,0.003537427917821,0.540699750752777,40,-0.00132459088688531,0.00214202292196321,0.901423242998267,"Bacteroides sp. BFG-637","Species","Bacteroides sp. BFG-637","d__Bacteria;p__Bacteroidota;c__Bacteroidia;o__Bacteroidales;f__Bacteroidaceae;g__Bacteroides_s__Bacteroides_sp._BFG-637",NA,NA
"X2972764","PFOS",-0.00351050737972396,0.00291756690387459,-0.00945339668800175,0.00243238192855384,0.237713458674066,40,-0.00315069784784689,0.00261853081924294,0.788101882427716,"Bacteroides sp. BFG-637","Species","Bacteroides sp. BFG-637","d__Bacteria;p__Bacteroidota;c__Bacteroidia;o__Bacteroidales;f__Bacteroidaceae;g__Bacteroides_s__Bacteroides_sp._BFG-637",NA,NA
"X2976431","PFHxS",-0.00247818527915743,0.00324567754937239,-0.00908941410159392,0.00413304354327906,0.450737986570357,40,-0.0024617095312742,0.00322409927374325,0.979182918001196,"Enterobacter sp. CP102","Species","Enterobacter sp. CP102","d__Bacteria;p__Pseudomonadota;c__Gammaproteobacteria;o__Enterobacterales;f__Enterobacteriaceae;g__Enterobacter_s__Enterobacter_sp._CP102",NA,NA
"X2976431","PFNA",-0.000731513481634255,0.00205424022362264,-0.00491586388860815,0.00345283692533964,0.724103293518353,40,-0.00113261363392492,0.003180611899912,0.928252197412074,"Enterobacter sp. CP102","Species","Enterobacter sp. CP102","d__Bacteria;p__Pseudomonadota;c__Gammaproteobacteria;o__Enterobacterales;f__Enterobacteriaceae;g__Enterobacter_s__Enterobacter_sp._CP102",NA,NA
"X2976431","PFBS",0.00110414090213225,0.00231500955512131,-0.00361137925112309,0.00581966105538759,0.636639802908654,40,0.00109639182167725,0.00229876235762859,0.985464675583793,"Enterobacter sp. CP102","Species","Enterobacter sp. CP102","d__Bacteria;p__Pseudomonadota;c__Gammaproteobacteria;o__Enterobacterales;f__Enterobacteriaceae;g__Enterobacter_s__Enterobacter_sp._CP102",NA,NA
"X2976431","PFOS",0.000390074112689819,0.00311446572944551,-0.00595388497868153,0.00673403320406116,0.901112412390601,40,0.000350093457843475,0.00279524849531251,0.996746307670573,"Enterobacter sp. CP102","Species","Enterobacter sp. CP102","d__Bacteria;p__Pseudomonadota;c__Gammaproteobacteria;o__Enterobacterales;f__Enterobacteriaceae;g__Enterobacter_s__Enterobacter_sp._CP102",NA,NA
"X2976431","PFOA",-0.00275458028154384,0.00257423883718922,-0.00799813320304452,0.00248897263995685,0.292599161879527,40,-0.00236611939706869,0.00221121035613716,0.853420319972269,"Enterobacter sp. CP102","Species","Enterobacter sp. CP102","d__Bacteria;p__Pseudomonadota;c__Gammaproteobacteria;o__Enterobacterales;f__Enterobacteriaceae;g__Enterobacter_s__Enterobacter_sp._CP102",NA,NA
"X2985571","PFBS",0.0021054888685088,0.00176738782457843,-0.00149456232220042,0.00570554005921802,0.242297224464364,40,0.00209071212886653,0.00175498394530777,0.926688160764812,"Bifidobacterium sp. KRGSERBCFTRI","Species","Bifidobacterium sp. KRGSERBCFTRI","d__Bacteria;p__Actinomycetota;c__Actinomycetes;o__Bifidobacteriales;f__Bifidobacteriaceae;g__Bifidobacterium_s__Bifidobacterium_sp._KRGSERBCFTRI",NA,NA
"X2985571","PFOS",-0.00452637972269282,0.00228588776529614,-0.00918258073123202,0.000129821285846377,0.056341171022513,40,-0.00406244833245371,0.00205159564800698,0.484965768260317,"Bifidobacterium sp. KRGSERBCFTRI","Species","Bifidobacterium sp. KRGSERBCFTRI","d__Bacteria;p__Actinomycetota;c__Actinomycetes;o__Bifidobacteriales;f__Bifidobacteriaceae;g__Bifidobacterium_s__Bifidobacterium_sp._KRGSERBCFTRI",NA,NA
"X2985571","PFNA",-0.000895438367703607,0.00159235024150822,-0.00413894966909845,0.00234807293369123,0.577804417836245,40,-0.00138642106955406,0.00246546049908288,0.928252197412074,"Bifidobacterium sp. KRGSERBCFTRI","Species","Bifidobacterium sp. KRGSERBCFTRI","d__Bacteria;p__Actinomycetota;c__Actinomycetes;o__Bifidobacteriales;f__Bifidobacteriaceae;g__Bifidobacterium_s__Bifidobacterium_sp._KRGSERBCFTRI",NA,NA
"X2985571","PFOA",0.00247014391159963,0.00198943464617396,-0.00158220185382686,0.00652248967702611,0.22339686775996,40,0.00212179527383798,0.00170887736946787,0.853420319972269,"Bifidobacterium sp. KRGSERBCFTRI","Species","Bifidobacterium sp. KRGSERBCFTRI","d__Bacteria;p__Actinomycetota;c__Actinomycetes;o__Bifidobacteriales;f__Bifidobacteriaceae;g__Bifidobacterium_s__Bifidobacterium_sp._KRGSERBCFTRI",NA,NA
"X2985571","PFHxS",8.95035958528596e-05,0.0025461343566539,-0.00509680237214479,0.00527580956385051,0.972176316551898,40,8.89085480603008e-05,0.00252920686213205,0.990081091199858,"Bifidobacterium sp. KRGSERBCFTRI","Species","Bifidobacterium sp. KRGSERBCFTRI","d__Bacteria;p__Actinomycetota;c__Actinomycetes;o__Bifidobacteriales;f__Bifidobacteriaceae;g__Bifidobacterium_s__Bifidobacterium_sp._KRGSERBCFTRI",NA,NA
"X299767","PFOS",-0.00105205679213005,0.00193026796272407,-0.00498388396721551,0.00287977038295541,0.589510713989001,40,-0.000944226207847337,0.00173242510500028,0.988018163004007,"Enterobacter ludwigii","Species","Enterobacter ludwigii","d__Bacteria;p__Pseudomonadota;c__Gammaproteobacteria;o__Enterobacterales;f__Enterobacteriaceae;g__Enterobacter_s__Enterobacter_ludwigii",NA,NA
"X299767","PFBS",-0.000228947610884721,0.00144562271689272,-0.00317358472498687,0.00271568950321743,0.875158127988122,40,-0.000227340811015881,0.00143547704914402,0.985464675583793,"Enterobacter ludwigii","Species","Enterobacter ludwigii","d__Bacteria;p__Pseudomonadota;c__Gammaproteobacteria;o__Enterobacterales;f__Enterobacteriaceae;g__Enterobacter_s__Enterobacter_ludwigii",NA,NA
"X299767","PFHxS",-0.000307032026536803,0.00203800844484105,-0.00445831938208681,0.00384425532901321,0.881195132190908,40,-0.000304990781960038,0.00202445912970167,0.990081091199858,"Enterobacter ludwigii","Species","Enterobacter ludwigii","d__Bacteria;p__Pseudomonadota;c__Gammaproteobacteria;o__Enterobacterales;f__Enterobacteriaceae;g__Enterobacter_s__Enterobacter_ludwigii",NA,NA
"X299767","PFOA",0.00239859484197916,0.0015747763143339,-0.000809119541178757,0.00560630922513708,0.137547594346145,40,0.00206033631306435,0.00135269565688658,0.853420319972269,"Enterobacter ludwigii","Species","Enterobacter ludwigii","d__Bacteria;p__Pseudomonadota;c__Gammaproteobacteria;o__Enterobacterales;f__Enterobacteriaceae;g__Enterobacter_s__Enterobacter_ludwigii",NA,NA
"X299767","PFNA",0.00192065134811186,0.00123547602871304,-0.000595930969819412,0.00443723366604312,0.129880880955956,40,0.00297377417847153,0.00191290663759419,0.928252197412074,"Enterobacter ludwigii","Species","Enterobacter ludwigii","d__Bacteria;p__Pseudomonadota;c__Gammaproteobacteria;o__Enterobacterales;f__Enterobacteriaceae;g__Enterobacter_s__Enterobacter_ludwigii",NA,NA
"X33038","PFBS",0.000332853311733154,0.000989425938645558,-0.00168254137357829,0.0023482479970446,0.738757485122634,40,0.000330517280989837,0.000982481950620094,0.985464675583793,"Mediterraneibacter gnavus","Species","Mediterraneibacter gnavus","d__Bacteria;p__Bacillota;c__Clostridia;o__Lachnospirales;f__Lachnospiraceae;g__Mediterraneibacter_s__Mediterraneibacter_gnavus",NA,NA
"X33038","PFHxS",-0.000588132777128471,0.00139341082025392,-0.00342641773804177,0.00225015218378483,0.67578798811031,40,-0.000584222687177034,0.00138414699096506,0.990081091199858,"Mediterraneibacter gnavus","Species","Mediterraneibacter gnavus","d__Bacteria;p__Bacillota;c__Clostridia;o__Lachnospirales;f__Lachnospiraceae;g__Mediterraneibacter_s__Mediterraneibacter_gnavus",NA,NA
"X33038","PFNA",0.000245273183090017,0.000877079432341792,-0.00154127915751004,0.00203182552369007,0.781547538277309,40,0.00037976026167459,0.00135799564607631,0.935185088536951,"Mediterraneibacter gnavus","Species","Mediterraneibacter gnavus","d__Bacteria;p__Bacillota;c__Clostridia;o__Lachnospirales;f__Lachnospiraceae;g__Mediterraneibacter_s__Mediterraneibacter_gnavus",NA,NA
"X33038","PFOA",0.00120860019253136,0.0010971334923546,-0.00102618760027255,0.00344338798533527,0.278853497101008,40,0.00103815901754973,0.000942411755005737,0.853420319972269,"Mediterraneibacter gnavus","Species","Mediterraneibacter gnavus","d__Bacteria;p__Bacillota;c__Clostridia;o__Lachnospirales;f__Lachnospiraceae;g__Mediterraneibacter_s__Mediterraneibacter_gnavus",NA,NA
"X33038","PFOS",-0.0021377426886711,0.00127421540351527,-0.00473323453084182,0.000457749153499623,0.103149519468386,40,-0.00191863470430194,0.00114361466742298,0.626537372716177,"Mediterraneibacter gnavus","Species","Mediterraneibacter gnavus","d__Bacteria;p__Bacillota;c__Clostridia;o__Lachnospirales;f__Lachnospiraceae;g__Mediterraneibacter_s__Mediterraneibacter_gnavus",NA,NA
"X33043","PFBS",-0.000933512712062163,0.000850507384844727,-0.00266593956311144,0.000798914138987114,0.280572072168471,40,-0.000926961134181506,0.000844538354859506,0.926688160764812,"Coprococcus eutactus","Species","Coprococcus eutactus","d__Bacteria;p__Bacillota;c__Clostridia;o__Lachnospirales;f__Lachnospiraceae;g__Coprococcus_s__Coprococcus_eutactus",NA,NA
"X33043","PFOA",0.000675408368638093,0.000969677985762285,-0.00129976105298033,0.00265057779025652,0.49112687018823,40,0.000580159835124297,0.000832930485415632,0.892957945796781,"Coprococcus eutactus","Species","Coprococcus eutactus","d__Bacteria;p__Bacillota;c__Clostridia;o__Lachnospirales;f__Lachnospiraceae;g__Coprococcus_s__Coprococcus_eutactus",NA,NA
"X33043","PFHxS",-0.000591005788878608,0.00121686672848784,-0.00306968220268269,0.00188767062492548,0.630504306870821,40,-0.00058707659824989,0.00120877661932825,0.990081091199858,"Coprococcus eutactus","Species","Coprococcus eutactus","d__Bacteria;p__Bacillota;c__Clostridia;o__Lachnospirales;f__Lachnospiraceae;g__Coprococcus_s__Coprococcus_eutactus",NA,NA
"X33043","PFOS",0.000797478048295671,0.00115313592416996,-0.0015513829651878,0.00314633906177914,0.494192653361608,40,0.00071574051801819,0.00103494523200316,0.935455214005822,"Coprococcus eutactus","Species","Coprococcus eutactus","d__Bacteria;p__Bacillota;c__Clostridia;o__Lachnospirales;f__Lachnospiraceae;g__Coprococcus_s__Coprococcus_eutactus",NA,NA
"X33043","PFNA",-0.00073103348230669,0.000756620336669162,-0.00227221867440811,0.000810151709794734,0.341198477813781,40,-0.00113187044354453,0.00117148696576561,0.928252197412074,"Coprococcus eutactus","Species","Coprococcus eutactus","d__Bacteria;p__Bacillota;c__Clostridia;o__Lachnospirales;f__Lachnospiraceae;g__Coprococcus_s__Coprococcus_eutactus",NA,NA
"X332101","PFBS",0.00134463570857301,0.00154443020753341,-0.00180126567779878,0.00449053709494481,0.390437954555149,40,0.00133519878773412,0.00153359108916346,0.926688160764812,"Clostridium drakei","Species","Clostridium drakei","d__Bacteria;p__Bacillota;c__Clostridia;o__Eubacteriales;f__Clostridiaceae;g__Clostridium_s__Clostridium_drakei",NA,NA
"X332101","PFOS",0.00133651844267738,0.00208196018608388,-0.00290429568011326,0.00557733256546803,0.525476739823452,40,0.00119953195520199,0.0018685696305567,0.943163379170299,"Clostridium drakei","Species","Clostridium drakei","d__Bacteria;p__Bacillota;c__Clostridia;o__Eubacteriales;f__Clostridiaceae;g__Clostridium_s__Clostridium_drakei",NA,NA
"X332101","PFHxS",0.00212365821786654,0.00217063501292612,-0.00229778061644463,0.00654509705217771,0.335236243591168,40,0.00210953947634951,0.00215620395503862,0.979182918001196,"Clostridium drakei","Species","Clostridium drakei","d__Bacteria;p__Bacillota;c__Clostridia;o__Eubacteriales;f__Clostridiaceae;g__Clostridium_s__Clostridium_drakei",NA,NA
"X332101","PFNA",0.00109444510205468,0.0013708448136652,-0.00169787440760931,0.00388676461171866,0.430539781385676,40,0.0016945462732965,0.00212250022034283,0.928252197412074,"Clostridium drakei","Species","Clostridium drakei","d__Bacteria;p__Bacillota;c__Clostridia;o__Eubacteriales;f__Clostridiaceae;g__Clostridium_s__Clostridium_drakei",NA,NA
"X332101","PFOA",0.00350142726958568,0.00164986806650391,0.000140755992613822,0.00686209854655754,0.0416519286885155,40,0.00300764331883935,0.00141719769829006,0.833542930790014,"Clostridium drakei","Species","Clostridium drakei","d__Bacteria;p__Bacillota;c__Clostridia;o__Eubacteriales;f__Clostridiaceae;g__Clostridium_s__Clostridium_drakei",NA,NA
"X333367","PFOS",-0.000131782468697506,0.00208938244043806,-0.00438771522886582,0.00412415029147081,0.950101150436892,40,-0.000118275421640569,0.00187523114078595,0.996746307670573,"Enterocloster asparagiformis","Species","Enterocloster asparagiformis","d__Bacteria;p__Bacillota;c__Clostridia;o__Lachnospirales;f__Lachnospiraceae;g__Enterocloster_s__Enterocloster_asparagiformis",NA,NA
"X333367","PFNA",0.00148954481274402,0.00135524729490496,-0.00127100359088199,0.00425009321637004,0.279927472705907,40,0.00230628526419904,0.00209835034088501,0.928252197412074,"Enterocloster asparagiformis","Species","Enterocloster asparagiformis","d__Bacteria;p__Bacillota;c__Clostridia;o__Lachnospirales;f__Lachnospiraceae;g__Enterocloster_s__Enterocloster_asparagiformis",NA,NA
"X333367","PFOA",2.62873946664197e-07,0.00175726779790861,-0.00357917449700208,0.00357970024489541,0.999881571213121,40,2.25802510950072e-07,0.001509451530723,0.999881571213121,"Enterocloster asparagiformis","Species","Enterocloster asparagiformis","d__Bacteria;p__Bacillota;c__Clostridia;o__Lachnospirales;f__Lachnospiraceae;g__Enterocloster_s__Enterocloster_asparagiformis",NA,NA
"X333367","PFBS",0.000711794059585547,0.00155319302387988,-0.00245195659958501,0.0038755447187561,0.649849937169919,40,0.000706798547305846,0.00154229240632197,0.985464675583793,"Enterocloster asparagiformis","Species","Enterocloster asparagiformis","d__Bacteria;p__Bacillota;c__Clostridia;o__Lachnospirales;f__Lachnospiraceae;g__Enterocloster_s__Enterocloster_asparagiformis",NA,NA
"X333367","PFHxS",-0.00114686699490323,0.00218737520283026,-0.00560240448020599,0.00330867049039953,0.603674823006559,40,-0.00113924226578288,0.0021728328509444,0.990081091199858,"Enterocloster asparagiformis","Species","Enterocloster asparagiformis","d__Bacteria;p__Bacillota;c__Clostridia;o__Lachnospirales;f__Lachnospiraceae;g__Enterocloster_s__Enterocloster_asparagiformis",NA,NA
"X360422","PFBS",0.000866152190870343,0.00160669814661934,-0.00240658483685414,0.00413888921859483,0.59355709754811,40,0.000860073362524821,0.00159542201946835,0.985464675583793,"Clostridium tagluense","Species","Clostridium tagluense","d__Bacteria;p__Bacillota;c__Clostridia;o__Eubacteriales;f__Clostridiaceae;g__Clostridium_s__Clostridium_tagluense",NA,NA
"X360422","PFHxS",-0.0018865738906739,0.00225069205186175,-0.00647108357697172,0.00269793579562392,0.408125121635312,40,-0.00187403135963425,0.0022357287498354,0.979182918001196,"Clostridium tagluense","Species","Clostridium tagluense","d__Bacteria;p__Bacillota;c__Clostridia;o__Eubacteriales;f__Clostridiaceae;g__Clostridium_s__Clostridium_tagluense",NA,NA
"X360422","PFNA",0.00102877078554158,0.00141832370623868,-0.0018602600635159,0.00391780163459905,0.473513209435074,40,0.00159286171361448,0.00219601252381022,0.928252197412074,"Clostridium tagluense","Species","Clostridium tagluense","d__Bacteria;p__Bacillota;c__Clostridia;o__Eubacteriales;f__Clostridiaceae;g__Clostridium_s__Clostridium_tagluense",NA,NA
"X360422","PFOA",0.00147912391247174,0.0018011960372462,-0.00218979235390325,0.00514804017884672,0.417614288250875,40,0.00127053250305197,0.0015471848507036,0.853420319972269,"Clostridium tagluense","Species","Clostridium tagluense","d__Bacteria;p__Bacillota;c__Clostridia;o__Eubacteriales;f__Clostridiaceae;g__Clostridium_s__Clostridium_tagluense",NA,NA
"X360422","PFOS",-0.00173449657462198,0.00214236478361692,-0.00609835083622597,0.002629357686982,0.424139510554762,40,-0.00155671930967113,0.0019227830575236,0.935455214005822,"Clostridium tagluense","Species","Clostridium tagluense","d__Bacteria;p__Bacillota;c__Clostridia;o__Eubacteriales;f__Clostridiaceae;g__Clostridium_s__Clostridium_tagluense",NA,NA
"X36745","PFNA",-0.000953181224999004,0.00220439054088379,-0.00544337781973324,0.00353701536973523,0.668349916682063,40,-0.00147582522829689,0.00341309195767962,0.928252197412074,"Clostridium saccharoperbutylacetonicum","Species","Clostridium saccharoperbutylacetonicum","d__Bacteria;p__Bacillota;c__Clostridia;o__Eubacteriales;f__Clostridiaceae;g__Clostridium_s__Clostridium_saccharoperbutylacetonicum",NA,NA
"X36745","PFHxS",0.000443342985739241,0.00351691268392492,-0.00672037372618518,0.00760705969766366,0.900472928264501,40,0.000440395503434237,0.00349353115261045,0.990081091199858,"Clostridium saccharoperbutylacetonicum","Species","Clostridium saccharoperbutylacetonicum","d__Bacteria;p__Bacillota;c__Clostridia;o__Eubacteriales;f__Clostridiaceae;g__Clostridium_s__Clostridium_saccharoperbutylacetonicum",NA,NA
"X36745","PFOS",0.00366967209939096,0.00328257233540342,-0.00301670894291197,0.0103560531416939,0.271921520967356,40,0.00329354897603549,0.00294612501095797,0.793104436154789,"Clostridium saccharoperbutylacetonicum","Species","Clostridium saccharoperbutylacetonicum","d__Bacteria;p__Bacillota;c__Clostridia;o__Eubacteriales;f__Clostridiaceae;g__Clostridium_s__Clostridium_saccharoperbutylacetonicum",NA,NA
"X36745","PFOA",-0.00125582202718962,0.00280524554120546,-0.00696992020666381,0.00445827615228457,0.657407952771356,40,-0.00107872145811416,0.00240963965837533,0.920371133879899,"Clostridium saccharoperbutylacetonicum","Species","Clostridium saccharoperbutylacetonicum","d__Bacteria;p__Bacillota;c__Clostridia;o__Eubacteriales;f__Clostridiaceae;g__Clostridium_s__Clostridium_saccharoperbutylacetonicum",NA,NA
"X36745","PFBS",-0.000229050043323415,0.00249503921082674,-0.00531127860509678,0.00485317851844995,0.927427509258739,40,-0.000227442524563348,0.00247752852940397,0.985464675583793,"Clostridium saccharoperbutylacetonicum","Species","Clostridium saccharoperbutylacetonicum","d__Bacteria;p__Bacillota;c__Clostridia;o__Eubacteriales;f__Clostridiaceae;g__Clostridium_s__Clostridium_saccharoperbutylacetonicum",NA,NA
"X36839","PFHxS",-0.000828108997186514,0.00221070170912521,-0.00533116102094789,0.00367494302657486,0.710435703161014,40,-0.000822603470552881,0.00219600427535748,0.990081091199858,"Clostridium felsineum","Species","Clostridium felsineum","d__Bacteria;p__Bacillota;c__Clostridia;o__Eubacteriales;f__Clostridiaceae;g__Clostridium_s__Clostridium_felsineum",NA,NA
"X36839","PFOS",-0.00177366302224045,0.00208393222974683,-0.00601849406652293,0.00247116802204203,0.401030555082914,40,-0.00159187139137079,0.00187033954956061,0.935455214005822,"Clostridium felsineum","Species","Clostridium felsineum","d__Bacteria;p__Bacillota;c__Clostridia;o__Eubacteriales;f__Clostridiaceae;g__Clostridium_s__Clostridium_felsineum",NA,NA
"X36839","PFBS",-0.00220447693734517,0.0015225304206731,-0.00530576991764654,0.000896816042956189,0.157371592073779,40,-0.00218900547974796,0.001511844999363,0.926688160764812,"Clostridium felsineum","Species","Clostridium felsineum","d__Bacteria;p__Bacillota;c__Clostridia;o__Eubacteriales;f__Clostridiaceae;g__Clostridium_s__Clostridium_felsineum",NA,NA
"X36839","PFOA",0.00225267213407338,0.00172698318650975,-0.0012650775021233,0.00577042177027006,0.201402405413315,40,0.00193499215375194,0.00148343776487139,0.853420319972269,"Clostridium felsineum","Species","Clostridium felsineum","d__Bacteria;p__Bacillota;c__Clostridia;o__Eubacteriales;f__Clostridiaceae;g__Clostridium_s__Clostridium_felsineum",NA,NA
"X36839","PFNA",-0.0005893443960412,0.00138849836819421,-0.00341762301955593,0.00223893422747353,0.674079779187464,40,-0.000912491040550976,0.0021498334917709,0.928252197412074,"Clostridium felsineum","Species","Clostridium felsineum","d__Bacteria;p__Bacillota;c__Clostridia;o__Eubacteriales;f__Clostridiaceae;g__Clostridium_s__Clostridium_felsineum",NA,NA
"X371601","PFOS",0.00137577949382235,0.0020610079954112,-0.00282235641316859,0.00557391540081329,0.509221010978884,40,0.0012347689440376,0.00184976493513251,0.943163379170299,"Bacteroides xylanisolvens","Species","Bacteroides xylanisolvens","d__Bacteria;p__Bacteroidota;c__Bacteroidia;o__Bacteroidales;f__Bacteroidaceae;g__Bacteroides_s__Bacteroides_xylanisolvens",NA,NA
"X371601","PFHxS",-0.00246045665265989,0.00213802338232952,-0.00681546776922424,0.00189455446390445,0.258337816584135,40,-0.00244409877020946,0.00212380913672328,0.956199317375253,"Bacteroides xylanisolvens","Species","Bacteroides xylanisolvens","d__Bacteria;p__Bacteroidota;c__Bacteroidia;o__Bacteroidales;f__Bacteroidaceae;g__Bacteroides_s__Bacteroides_xylanisolvens",NA,NA
"X371601","PFBS",-0.00190674275627108,0.00151053795520909,-0.00498360788379851,0.00117012237125636,0.215965461801306,40,-0.00189336085637333,0.00149993669940682,0.926688160764812,"Bacteroides xylanisolvens","Species","Bacteroides xylanisolvens","d__Bacteria;p__Bacteroidota;c__Bacteroidia;o__Bacteroidales;f__Bacteroidaceae;g__Bacteroides_s__Bacteroides_xylanisolvens",NA,NA
"X371601","PFOA",0.0002911109290125,0.00174456314595506,-0.00326244791275501,0.00384466977078001,0.868524278316348,40,0.00025005741181343,0.00149853853478612,0.974025146096212,"Bacteroides xylanisolvens","Species","Bacteroides xylanisolvens","d__Bacteria;p__Bacteroidota;c__Bacteroidia;o__Bacteroidales;f__Bacteroidaceae;g__Bacteroides_s__Bacteroides_xylanisolvens",NA,NA
"X371601","PFNA",-0.00270487024306625,0.00128513415155788,-0.00532260284719381,-8.71376389386881e-05,0.0432569594828346,40,-0.00418799241874584,0.00198979307698494,0.865139189656693,"Bacteroides xylanisolvens","Species","Bacteroides xylanisolvens","d__Bacteria;p__Bacteroidota;c__Bacteroidia;o__Bacteroidales;f__Bacteroidaceae;g__Bacteroides_s__Bacteroides_xylanisolvens",NA,NA
"X376805","PFHxS",-0.000743468966391537,0.00243219295052372,-0.00569768388504192,0.00421074595225884,0.761829237694502,40,-0.000738526153054578,0.00241602297397144,0.990081091199858,"Phocaeicola salanitronis","Species","Phocaeicola salanitronis","d__Bacteria;p__Bacteroidota;c__Bacteroidia;o__Bacteroidales;f__Bacteroidaceae;g__Phocaeicola_s__Phocaeicola_salanitronis",NA,NA
"X376805","PFBS",-0.00217142421143985,0.00168463224378745,-0.0056029078002785,0.00126005937739881,0.206652328680217,40,-0.00215618472444693,0.00167280915964212,0.926688160764812,"Phocaeicola salanitronis","Species","Phocaeicola salanitronis","d__Bacteria;p__Bacteroidota;c__Bacteroidia;o__Bacteroidales;f__Bacteroidaceae;g__Phocaeicola_s__Phocaeicola_salanitronis",NA,NA
"X376805","PFOS",0.00654779168195089,0.00200697054710854,0.00245972645520315,0.0106358569086986,0.00262713959564082,40,0.0058766756280383,0.00180126605629417,0.367799543389715,"Phocaeicola salanitronis","Species","Phocaeicola salanitronis","d__Bacteria;p__Bacteroidota;c__Bacteroidia;o__Bacteroidales;f__Bacteroidaceae;g__Phocaeicola_s__Phocaeicola_salanitronis",NA,NA
"X376805","PFNA",-0.00194646687855009,0.00149161573583737,-0.00498478870650699,0.00109185494940682,0.201220182558609,40,-0.0030137447633964,0.00230949170644408,0.928252197412074,"Phocaeicola salanitronis","Species","Phocaeicola salanitronis","d__Bacteria;p__Bacteroidota;c__Bacteroidia;o__Bacteroidales;f__Bacteroidaceae;g__Phocaeicola_s__Phocaeicola_salanitronis",NA,NA
"X376805","PFOA",0.00164632736330486,0.00192658806513489,-0.00227800410568068,0.00557065883229041,0.399163837467237,40,0.00141415631787553,0.00165489364082786,0.853420319972269,"Phocaeicola salanitronis","Species","Phocaeicola salanitronis","d__Bacteria;p__Bacteroidota;c__Bacteroidia;o__Bacteroidales;f__Bacteroidaceae;g__Phocaeicola_s__Phocaeicola_salanitronis",NA,NA
"X39778","PFOS",-0.00103194649287936,0.00191007754397483,-0.00492264713079607,0.00285875414503736,0.59275544954071,40,-0.00092617711416513,0.00171430410366931,0.988018163004007,"Veillonella dispar","Species","Veillonella dispar","d__Bacteria;p__Bacillota;c__Negativicutes;o__Veillonellales;f__Veillonellaceae;g__Veillonella_s__Veillonella_dispar",NA,NA
"X39778","PFNA",0.00208065424152421,0.00121324878220812,-0.000390652656867871,0.0045519611399163,0.0960257729306566,40,0.00322150913222988,0.0018784918481636,0.899497528436873,"Veillonella dispar","Species","Veillonella dispar","d__Bacteria;p__Bacillota;c__Negativicutes;o__Veillonellales;f__Veillonellaceae;g__Veillonella_s__Veillonella_dispar",NA,NA
"X39778","PFBS",-0.000300855557899265,0.00142995882778666,-0.00321358637399303,0.0026118752581945,0.83469370399681,40,-0.000298744093756424,0.00141992309232712,0.985464675583793,"Veillonella dispar","Species","Veillonella dispar","d__Bacteria;p__Bacillota;c__Negativicutes;o__Veillonellales;f__Veillonellaceae;g__Veillonella_s__Veillonella_dispar",NA,NA
"X39778","PFOA",-0.00237563123603603,0.00155806920597795,-0.00554931435311091,0.000798051881038858,0.137150416210396,40,-0.00204061111797284,0.00133834464544037,0.853420319972269,"Veillonella dispar","Species","Veillonella dispar","d__Bacteria;p__Bacillota;c__Negativicutes;o__Veillonellales;f__Veillonellaceae;g__Veillonella_s__Veillonella_dispar",NA,NA
"X39778","PFHxS",0.000184104182995139,0.00201698197181283,-0.00392435364854831,0.00429256201453859,0.92784144426851,40,0.00018288020102382,0.00200357244721751,0.990081091199858,"Veillonella dispar","Species","Veillonella dispar","d__Bacteria;p__Bacillota;c__Negativicutes;o__Veillonellales;f__Veillonellaceae;g__Veillonella_s__Veillonella_dispar",NA,NA
"X400065","PFBS",0.00174451485680376,0.00146905008966874,-0.00124784225405555,0.00473687196766306,0.243765914555308,40,0.00173227150457017,0.0014587400039584,0.926688160764812,"Streptococcus merionis","Species","Streptococcus merionis","d__Bacteria;p__Bacillota;c__Bacilli;o__Lactobacillales;f__Streptococcaceae;g__Streptococcus_s__Streptococcus_merionis",NA,NA
"X400065","PFOS",-0.000116852101873111,0.00201269138597989,-0.00421657029607047,0.00398286609232425,0.95406375499423,40,-0.000104875343095546,0.0018064005376583,0.996746307670573,"Streptococcus merionis","Species","Streptococcus merionis","d__Bacteria;p__Bacillota;c__Bacilli;o__Lactobacillales;f__Streptococcaceae;g__Streptococcus_s__Streptococcus_merionis",NA,NA
"X400065","PFNA",-0.000598475747360016,0.00132568857251084,-0.00329881500375137,0.00210186350903134,0.65471353502202,40,-0.000926629252982473,0.0020525841139794,0.928252197412074,"Streptococcus merionis","Species","Streptococcus merionis","d__Bacteria;p__Bacillota;c__Bacilli;o__Lactobacillales;f__Streptococcaceae;g__Streptococcus_s__Streptococcus_merionis",NA,NA
"X400065","PFOA",-0.00114691386785521,0.00168056517550053,-0.00457011310969011,0.00227628537397969,0.499860697759973,40,-0.000985171921719536,0.00144356578983471,0.89718586777431,"Streptococcus merionis","Species","Streptococcus merionis","d__Bacteria;p__Bacillota;c__Bacilli;o__Lactobacillales;f__Streptococcaceae;g__Streptococcus_s__Streptococcus_merionis",NA,NA
"X400065","PFHxS",0.00168049926252846,0.00209514217607663,-0.00258716569521159,0.00594816422026851,0.428415753152119,40,0.00166932677982499,0.00208121301809039,0.979182918001196,"Streptococcus merionis","Species","Streptococcus merionis","d__Bacteria;p__Bacillota;c__Bacilli;o__Lactobacillales;f__Streptococcaceae;g__Streptococcus_s__Streptococcus_merionis",NA,NA
"X418240","PFNA",0.000815753202191896,0.00186014766260538,-0.00297324359552837,0.00460474999991216,0.663939896295849,40,0.00126304329573847,0.00288009538672289,0.928252197412074,"Blautia wexlerae","Species","Blautia wexlerae","d__Bacteria;p__Bacillota;c__Clostridia;o__Lachnospirales;f__Lachnospiraceae;g__Blautia_s__Blautia_wexlerae",NA,NA
"X418240","PFBS",-0.00316597936893358,0.00203012678392738,-0.00730121230656669,0.000969253568699531,0.128714896881381,40,-0.00314375989603717,0.00201587895038356,0.926688160764812,"Blautia wexlerae","Species","Blautia wexlerae","d__Bacteria;p__Bacillota;c__Clostridia;o__Lachnospirales;f__Lachnospiraceae;g__Blautia_s__Blautia_wexlerae",NA,NA
"X418240","PFOS",-0.00223804144647545,0.00279591161834967,-0.00793312704725939,0.0034570441543085,0.429342043154668,40,-0.00200865333869681,0.00250934459491069,0.935455214005822,"Blautia wexlerae","Species","Blautia wexlerae","d__Bacteria;p__Bacillota;c__Clostridia;o__Lachnospirales;f__Lachnospiraceae;g__Blautia_s__Blautia_wexlerae",NA,NA
"X418240","PFHxS",-0.000912586656814384,0.00296430005936622,-0.00695066828775819,0.00512549497412942,0.76018454389779,40,-0.000906519496378185,0.00294459246896161,0.990081091199858,"Blautia wexlerae","Species","Blautia wexlerae","d__Bacteria;p__Bacillota;c__Clostridia;o__Lachnospirales;f__Lachnospiraceae;g__Blautia_s__Blautia_wexlerae",NA,NA
"X418240","PFOA",-0.000647806881419948,0.00237200716153246,-0.00547942735967157,0.00418381359683168,0.786527413685543,40,-0.000556450809566982,0.00203749812357701,0.96177884537198,"Blautia wexlerae","Species","Blautia wexlerae","d__Bacteria;p__Bacillota;c__Clostridia;o__Lachnospirales;f__Lachnospiraceae;g__Blautia_s__Blautia_wexlerae",NA,NA
"X42895","PFOS",-0.00343509300642354,0.00166379224724936,-0.00682412691143618,-4.60591014109016e-05,0.0471426583692795,40,-0.00308301307241336,0.00149326182390339,0.484965768260317,"Enterobacter sp.","Species","Enterobacter sp.","d__Bacteria;p__Pseudomonadota;c__Gammaproteobacteria;o__Enterobacterales;f__Enterobacteriaceae;g__Enterobacter_s__Enterobacter_sp.",NA,NA
"X42895","PFHxS",-0.00403000462074598,0.00172037034091948,-0.00753428433126469,-0.000525724910227275,0.0255362457280266,40,-0.00400321189436749,0.00170893278286393,0.893768600480929,"Enterobacter sp.","Species","Enterobacter sp.","d__Bacteria;p__Pseudomonadota;c__Gammaproteobacteria;o__Enterobacterales;f__Enterobacteriaceae;g__Enterobacter_s__Enterobacter_sp.",NA,NA
"X42895","PFBS",0.000921233017429766,0.00131077625521269,-0.00174873084262873,0.00359119687748826,0.487252951041901,40,0.000914767620888362,0.00130157696675183,0.942535783087909,"Enterobacter sp.","Species","Enterobacter sp.","d__Bacteria;p__Pseudomonadota;c__Gammaproteobacteria;o__Enterobacterales;f__Enterobacteriaceae;g__Enterobacter_s__Enterobacter_sp.",NA,NA
"X42895","PFOA",0.00114906820428849,0.00147560624614639,-0.00185664336030509,0.00415477976888207,0.441871624492861,40,0.000987022445829052,0.00126751091076781,0.853420319972269,"Enterobacter sp.","Species","Enterobacter sp.","d__Bacteria;p__Pseudomonadota;c__Gammaproteobacteria;o__Enterobacterales;f__Enterobacteriaceae;g__Enterobacter_s__Enterobacter_sp.",NA,NA
"X42895","PFNA",-0.00164683623889337,0.00113344727798387,-0.00395559279247281,0.000661920314686067,0.155975743980567,40,-0.00254982201127066,0.00175493394532061,0.928252197412074,"Enterobacter sp.","Species","Enterobacter sp.","d__Bacteria;p__Pseudomonadota;c__Gammaproteobacteria;o__Enterobacterales;f__Enterobacteriaceae;g__Enterobacter_s__Enterobacter_sp.",NA,NA
"X438033","PFHxS",0.00282597895671335,0.00270565089180438,-0.00268525156056555,0.00833720947399225,0.304093015489017,40,0.00280719096809696,0.00268766288165505,0.974123024880717,"Ruminococcus gauvreauii","Species","Ruminococcus gauvreauii","d__Bacteria;p__Bacillota;c__Clostridia;o__Eubacteriales;f__Oscillospiraceae;g__Ruminococcus_s__Ruminococcus_gauvreauii",NA,NA
"X438033","PFOS",0.00191115069218179,0.0025951716974126,-0.00337504107028188,0.00719734245464547,0.466836528454893,40,0.00171526725952695,0.00232917951662986,0.935455214005822,"Ruminococcus gauvreauii","Species","Ruminococcus gauvreauii","d__Bacteria;p__Bacillota;c__Clostridia;o__Eubacteriales;f__Oscillospiraceae;g__Ruminococcus_s__Ruminococcus_gauvreauii",NA,NA
"X438033","PFNA",-0.00160712564126321,0.00170566218476017,-0.00508144581808021,0.00186719453555379,0.353134516118056,40,-0.00248833747897367,0.0026409031327948,0.928252197412074,"Ruminococcus gauvreauii","Species","Ruminococcus gauvreauii","d__Bacteria;p__Bacillota;c__Clostridia;o__Eubacteriales;f__Oscillospiraceae;g__Ruminococcus_s__Ruminococcus_gauvreauii",NA,NA
"X438033","PFBS",-0.00130651925878671,0.00193800090469542,-0.00525409792121665,0.00264105940364323,0.505051984386236,40,-0.00129734984677344,0.00192439962889506,0.942535783087909,"Ruminococcus gauvreauii","Species","Ruminococcus gauvreauii","d__Bacteria;p__Bacillota;c__Clostridia;o__Eubacteriales;f__Oscillospiraceae;g__Ruminococcus_s__Ruminococcus_gauvreauii",NA,NA
"X438033","PFOA",-0.00110363043731736,0.00219227705648651,-0.0055691526717773,0.00336189179714257,0.618118795198812,40,-0.00094799247726716,0.00188311420867144,0.901423242998267,"Ruminococcus gauvreauii","Species","Ruminococcus gauvreauii","d__Bacteria;p__Bacillota;c__Clostridia;o__Eubacteriales;f__Oscillospiraceae;g__Ruminococcus_s__Ruminococcus_gauvreauii",NA,NA
"X45634","PFNA",0.000217664689255924,0.00141194393761535,-0.00265837099636913,0.00309370037488098,0.878452069639278,40,0.000337013603801975,0.0021861346294098,0.976057855154754,"Streptococcus cristatus","Species","Streptococcus cristatus","d__Bacteria;p__Bacillota;c__Bacilli;o__Lactobacillales;f__Streptococcaceae;g__Streptococcus_s__Streptococcus_cristatus",NA,NA
"X45634","PFBS",0.000893817767886335,0.00158641244090426,-0.00233759862947148,0.00412523416524415,0.577075518344537,40,0.000887544777018877,0.00157527868287062,0.985464675583793,"Streptococcus cristatus","Species","Streptococcus cristatus","d__Bacteria;p__Bacillota;c__Bacilli;o__Lactobacillales;f__Streptococcaceae;g__Streptococcus_s__Streptococcus_cristatus",NA,NA
"X45634","PFHxS",-0.000595823026365679,0.0022450033962725,-0.00516874530041431,0.00397709924768295,0.792403958039542,40,-0.000591861809241203,0.00223007791420098,0.990081091199858,"Streptococcus cristatus","Species","Streptococcus cristatus","d__Bacteria;p__Bacillota;c__Bacilli;o__Lactobacillales;f__Streptococcaceae;g__Streptococcus_s__Streptococcus_cristatus",NA,NA
"X45634","PFOA",0.00181320550144848,0.00176903828652752,-0.00179020757023694,0.00541661857313391,0.313065013752562,40,0.00155750069678288,0.0015195621024209,0.853420319972269,"Streptococcus cristatus","Species","Streptococcus cristatus","d__Bacteria;p__Bacillota;c__Bacilli;o__Lactobacillales;f__Streptococcaceae;g__Streptococcus_s__Streptococcus_cristatus",NA,NA
"X45634","PFOS",0.00222279504744309,0.00210133536769407,-0.00205748502880496,0.00650307512369114,0.298066338857216,40,0.001994969619672,0.00188595895249731,0.802486296923273,"Streptococcus cristatus","Species","Streptococcus cristatus","d__Bacteria;p__Bacillota;c__Bacilli;o__Lactobacillales;f__Streptococcaceae;g__Streptococcus_s__Streptococcus_cristatus",NA,NA
"X548","PFHxS",-0.00267831756731129,0.00295706745234551,-0.00870166685985447,0.0033450317252319,0.371845994353727,40,-0.00266051127761964,0.00293740794656589,0.979182918001196,"Klebsiella aerogenes","Species","Klebsiella aerogenes","d__Bacteria;p__Pseudomonadota;c__Gammaproteobacteria;o__Enterobacterales;f__Enterobacteriaceae;g__Klebsiella_s__Klebsiella_aerogenes",NA,NA
"X548","PFBS",0.000389126007077699,0.00212322115315771,-0.00393573395532905,0.00471398596948445,0.85574127450763,40,0.000386395043366314,0.00210831996481498,0.985464675583793,"Klebsiella aerogenes","Species","Klebsiella aerogenes","d__Bacteria;p__Pseudomonadota;c__Gammaproteobacteria;o__Enterobacterales;f__Enterobacteriaceae;g__Klebsiella_s__Klebsiella_aerogenes",NA,NA
"X548","PFOA",0.000192303456870367,0.00239536295254544,-0.00468689121085847,0.00507149812459921,0.936513322403829,40,0.000165184127132907,0.00205756019637988,0.979666219205809,"Klebsiella aerogenes","Species","Klebsiella aerogenes","d__Bacteria;p__Pseudomonadota;c__Gammaproteobacteria;o__Enterobacterales;f__Enterobacteriaceae;g__Klebsiella_s__Klebsiella_aerogenes",NA,NA
"X548","PFOS",-0.00420735969887594,0.00274972472593757,-0.00980836567847488,0.00139364628072299,0.135818074790131,40,-0.00377612627306556,0.0024678916290625,0.727635412276423,"Klebsiella aerogenes","Species","Klebsiella aerogenes","d__Bacteria;p__Pseudomonadota;c__Gammaproteobacteria;o__Enterobacterales;f__Enterobacteriaceae;g__Klebsiella_s__Klebsiella_aerogenes",NA,NA
"X548","PFNA",0.00352569105904479,0.00177590467895927,-9.17083963341511e-05,0.00714309051442372,0.0557382882728016,40,0.00545888197926318,0.002749660672619,0.885903291727617,"Klebsiella aerogenes","Species","Klebsiella aerogenes","d__Bacteria;p__Pseudomonadota;c__Gammaproteobacteria;o__Enterobacterales;f__Enterobacteriaceae;g__Klebsiella_s__Klebsiella_aerogenes",NA,NA
"X550","PFOA",-0.000250158829788305,0.00176138612522474,-0.00383798495896656,0.00333766729938995,0.887951592447593,40,-0.000214880525892087,0.00151298907661028,0.974025146096212,"Enterobacter cloacae","Species","Enterobacter cloacae","d__Bacteria;p__Pseudomonadota;c__Gammaproteobacteria;o__Enterobacterales;f__Enterobacteriaceae;g__Enterobacter_s__Enterobacter_cloacae",NA,NA
"X550","PFHxS",0.00276272924819458,0.00214776491988318,-0.00161212473102938,0.00713758322741854,0.207558013749269,40,0.00274436176334762,0.00213348590950003,0.94260671976156,"Enterobacter cloacae","Species","Enterobacter cloacae","d__Bacteria;p__Pseudomonadota;c__Gammaproteobacteria;o__Enterobacterales;f__Enterobacteriaceae;g__Enterobacter_s__Enterobacter_cloacae",NA,NA
"X550","PFNA",-0.000181911896578215,0.00138388884397424,-0.0030008012265118,0.00263697743335537,0.896242490963746,40,-0.000281657002106545,0.00214269649415087,0.977866435518223,"Enterobacter cloacae","Species","Enterobacter cloacae","d__Bacteria;p__Pseudomonadota;c__Gammaproteobacteria;o__Enterobacterales;f__Enterobacteriaceae;g__Enterobacter_s__Enterobacter_cloacae",NA,NA
"X550","PFBS",-0.00160420185122697,0.00153647435219759,-0.00473389769058951,0.00152549398813557,0.304272024203644,40,-0.00159294324357353,0.00152569106960274,0.926688160764812,"Enterobacter cloacae","Species","Enterobacter cloacae","d__Bacteria;p__Pseudomonadota;c__Gammaproteobacteria;o__Enterobacterales;f__Enterobacteriaceae;g__Enterobacter_s__Enterobacter_cloacae",NA,NA
"X550","PFOS",-0.00282099409204912,0.00203485319060924,-0.00696585440504725,0.00132386622094901,0.175227992196181,40,-0.00253185623991106,0.0018262908676298,0.746798951915328,"Enterobacter cloacae","Species","Enterobacter cloacae","d__Bacteria;p__Pseudomonadota;c__Gammaproteobacteria;o__Enterobacterales;f__Enterobacteriaceae;g__Enterobacter_s__Enterobacter_cloacae",NA,NA
"X564","PFNA",0.00388082163213168,0.00141834349376761,0.000991750477196734,0.00676989278706662,0.0100569910227813,40,0.0060087361364322,0.00219604316114722,0.523097410667236,"Escherichia fergusonii","Species","Escherichia fergusonii","d__Bacteria;p__Pseudomonadota;c__Gammaproteobacteria;o__Enterobacterales;f__Enterobacteriaceae;g__Escherichia_s__Escherichia_fergusonii",NA,NA
"X564","PFHxS",-0.0030603527813045,0.00244788871685685,-0.00804653892974998,0.00192583336714099,0.220291757093086,40,-0.00304000660247655,0.00243161438995953,0.94260671976156,"Escherichia fergusonii","Species","Escherichia fergusonii","d__Bacteria;p__Pseudomonadota;c__Gammaproteobacteria;o__Enterobacterales;f__Enterobacteriaceae;g__Escherichia_s__Escherichia_fergusonii",NA,NA
"X564","PFOS",-0.00396487604712612,0.00227924268891546,-0.00860754147801568,0.00067778938376345,0.0915485994939671,40,-0.00355849598858904,0.00204563165887758,0.607383172736951,"Escherichia fergusonii","Species","Escherichia fergusonii","d__Bacteria;p__Pseudomonadota;c__Gammaproteobacteria;o__Enterobacterales;f__Enterobacteriaceae;g__Escherichia_s__Escherichia_fergusonii",NA,NA
"X564","PFOA",-0.000286908662807932,0.00200477356653508,-0.00437049878657067,0.0037966814609548,0.887098514987905,40,-0.000246447764403661,0.00172205313974391,0.974025146096212,"Escherichia fergusonii","Species","Escherichia fergusonii","d__Bacteria;p__Pseudomonadota;c__Gammaproteobacteria;o__Enterobacterales;f__Enterobacteriaceae;g__Escherichia_s__Escherichia_fergusonii",NA,NA
"X564","PFBS",-0.00132247432754625,0.00176289581829702,-0.00491337560088183,0.00226842694578932,0.458631908588847,40,-0.00131319293968711,0.00175052346481986,0.930557495687515,"Escherichia fergusonii","Species","Escherichia fergusonii","d__Bacteria;p__Pseudomonadota;c__Gammaproteobacteria;o__Enterobacterales;f__Enterobacteriaceae;g__Escherichia_s__Escherichia_fergusonii",NA,NA
"X571","PFHxS",0.00281436127855428,0.00153752081706028,-0.00031746613997983,0.00594618869708839,0.0765097251814875,40,0.0027956505278821,0.00152729889961119,0.94260671976156,"Klebsiella oxytoca","Species","Klebsiella oxytoca","d__Bacteria;p__Pseudomonadota;c__Gammaproteobacteria;o__Enterobacterales;f__Enterobacteriaceae;g__Klebsiella_s__Klebsiella_oxytoca",NA,NA
"X571","PFOA",-0.000652325234099401,0.00128755711570566,-0.00327499325468957,0.00197034278649077,0.615882231649263,40,-0.000560331967792532,0.00110598114954831,0.901423242998267,"Klebsiella oxytoca","Species","Klebsiella oxytoca","d__Bacteria;p__Pseudomonadota;c__Gammaproteobacteria;o__Enterobacterales;f__Enterobacteriaceae;g__Klebsiella_s__Klebsiella_oxytoca",NA,NA
"X571","PFNA",1.78416919888834e-05,0.00101560841838012,-0.00205088495930837,0.00208656834328614,0.986092969823025,40,2.76245675660723e-05,0.0015724822170282,0.986092969823025,"Klebsiella oxytoca","Species","Klebsiella oxytoca","d__Bacteria;p__Pseudomonadota;c__Gammaproteobacteria;o__Enterobacterales;f__Enterobacteriaceae;g__Klebsiella_s__Klebsiella_oxytoca",NA,NA
"X571","PFBS",-0.00107683635269239,0.00113041309923872,-0.00337941248641582,0.00122573978103103,0.347931184529786,40,-0.00106927890099599,0.00112247963527912,0.926688160764812,"Klebsiella oxytoca","Species","Klebsiella oxytoca","d__Bacteria;p__Pseudomonadota;c__Gammaproteobacteria;o__Enterobacterales;f__Enterobacteriaceae;g__Klebsiella_s__Klebsiella_oxytoca",NA,NA
"X571","PFOS",0.00172829515331951,0.00150645285932952,-0.00134024890619959,0.00479683921283861,0.259779185096092,40,0.00155115350318283,0.00135204894004396,0.788101882427716,"Klebsiella oxytoca","Species","Klebsiella oxytoca","d__Bacteria;p__Pseudomonadota;c__Gammaproteobacteria;o__Enterobacterales;f__Enterobacteriaceae;g__Klebsiella_s__Klebsiella_oxytoca",NA,NA
"X576","PFOA",-0.000433581631757563,0.00192902999204842,-0.00436288714309557,0.00349572387958044,0.823589923265882,40,-0.000372436380231141,0.00165699119836685,0.974025146096212,"Klebsiella sp.","Species","Klebsiella sp.","d__Bacteria;p__Pseudomonadota;c__Gammaproteobacteria;o__Enterobacterales;f__Enterobacteriaceae;g__Klebsiella_s__Klebsiella_sp.",NA,NA
"X576","PFOS",0.00331145077434398,0.0022196653204776,-0.00120985952825889,0.00783276107694686,0.145527082455285,40,0.00297204355365773,0.00199216067414137,0.727635412276423,"Klebsiella sp.","Species","Klebsiella sp.","d__Bacteria;p__Pseudomonadota;c__Gammaproteobacteria;o__Enterobacterales;f__Enterobacteriaceae;g__Klebsiella_s__Klebsiella_sp.",NA,NA
"X576","PFHxS",-0.000101934939862215,0.00241330516545064,-0.00501767669931313,0.0048138068195887,0.966570847934071,40,-0.000101257244621352,0.00239726076077853,0.990081091199858,"Klebsiella sp.","Species","Klebsiella sp.","d__Bacteria;p__Pseudomonadota;c__Gammaproteobacteria;o__Enterobacterales;f__Enterobacteriaceae;g__Klebsiella_s__Klebsiella_sp.",NA,NA
"X576","PFNA",-0.000804385351652186,0.00151005065931302,-0.00388025788992078,0.00227148718661641,0.597929800918173,40,-0.00124544227698358,0.00233803478349338,0.928252197412074,"Klebsiella sp.","Species","Klebsiella sp.","d__Bacteria;p__Pseudomonadota;c__Gammaproteobacteria;o__Enterobacterales;f__Enterobacteriaceae;g__Klebsiella_s__Klebsiella_sp.",NA,NA
"X576","PFBS",-0.00133019930171979,0.00169571724594966,-0.00478426230107499,0.0021238636976354,0.438547001780351,40,-0.00132086369845547,0.00168381636505445,0.926688160764812,"Klebsiella sp.","Species","Klebsiella sp.","d__Bacteria;p__Pseudomonadota;c__Gammaproteobacteria;o__Enterobacterales;f__Enterobacteriaceae;g__Klebsiella_s__Klebsiella_sp.",NA,NA
"X59310","PFBS",-0.00148489168834304,0.00115026644653224,-0.00382790776714793,0.000858124390461848,0.205983228927978,40,-0.00147447042314245,0.00114219364783268,0.926688160764812,"Streptococcus macedonicus","Species","Streptococcus macedonicus","d__Bacteria;p__Bacillota;c__Bacilli;o__Lactobacillales;f__Streptococcaceae;g__Streptococcus_s__Streptococcus_macedonicus",NA,NA
"X59310","PFHxS",0.00288775976265993,0.00158297024035437,-0.00033664510162293,0.00611216462694279,0.0774620665521928,40,0.00286856103599608,0.00157244616097819,0.94260671976156,"Streptococcus macedonicus","Species","Streptococcus macedonicus","d__Bacteria;p__Bacillota;c__Bacilli;o__Lactobacillales;f__Streptococcaceae;g__Streptococcus_s__Streptococcus_macedonicus",NA,NA
"X59310","PFNA",0.00174327702023752,0.00099884134546138,-0.00029129622115932,0.00377785026163435,0.0905300397828709,40,0.00269914276414691,0.00154652149878367,0.899497528436873,"Streptococcus macedonicus","Species","Streptococcus macedonicus","d__Bacteria;p__Bacillota;c__Bacilli;o__Lactobacillales;f__Streptococcaceae;g__Streptococcus_s__Streptococcus_macedonicus",NA,NA
"X59310","PFOA",-0.00105566992952851,0.00131734510331646,-0.00373901409531769,0.00162767423626068,0.428832848299379,40,-0.000906795533931431,0.00113156832729652,0.853420319972269,"Streptococcus macedonicus","Species","Streptococcus macedonicus","d__Bacteria;p__Bacillota;c__Bacilli;o__Lactobacillales;f__Streptococcaceae;g__Streptococcus_s__Streptococcus_macedonicus",NA,NA
"X59310","PFOS",-0.000265771694509223,0.00158135562511461,-0.00348688769517336,0.00295534430615491,0.867589294628146,40,-0.000238531418775901,0.00141927454518581,0.996746307670573,"Streptococcus macedonicus","Species","Streptococcus macedonicus","d__Bacteria;p__Bacillota;c__Bacilli;o__Lactobacillales;f__Streptococcaceae;g__Streptococcus_s__Streptococcus_macedonicus",NA,NA
"X61645","PFBS",-0.00320603554024277,0.00224837039783328,-0.00778581617203803,0.00137374509155249,0.16356953532663,40,-0.00318353494516929,0.00223259088720034,0.926688160764812,"Enterobacter asburiae","Species","Enterobacter asburiae","d__Bacteria;p__Pseudomonadota;c__Gammaproteobacteria;o__Enterobacterales;f__Enterobacteriaceae;g__Enterobacter_s__Enterobacter_asburiae",NA,NA
"X61645","PFOS",0.00417891322512148,0.00302012974266541,-0.00197288974928927,0.0103307161995322,0.176031181522899,40,0.00375059542127054,0.00271058147759328,0.746798951915328,"Enterobacter asburiae","Species","Enterobacter asburiae","d__Bacteria;p__Pseudomonadota;c__Gammaproteobacteria;o__Enterobacterales;f__Enterobacteriaceae;g__Enterobacter_s__Enterobacter_asburiae",NA,NA
"X61645","PFNA",-0.000845838138471206,0.00204885143383393,-0.00501921193984358,0.00332753566290117,0.68248046102197,40,-0.00130962426773858,0.00317226835336326,0.928252197412074,"Enterobacter asburiae","Species","Enterobacter asburiae","d__Bacteria;p__Pseudomonadota;c__Gammaproteobacteria;o__Enterobacterales;f__Enterobacteriaceae;g__Enterobacter_s__Enterobacter_asburiae",NA,NA
"X61645","PFHxS",0.00123637347763578,0.00326141988134338,-0.00540692142569624,0.00787966838096779,0.707124502758941,40,0.00122815368152999,0.00323973694578634,0.990081091199858,"Enterobacter asburiae","Species","Enterobacter asburiae","d__Bacteria;p__Pseudomonadota;c__Gammaproteobacteria;o__Enterobacterales;f__Enterobacteriaceae;g__Enterobacter_s__Enterobacter_asburiae",NA,NA
"X61645","PFOA",0.00206037778294079,0.00258929883294462,-0.00321385134606644,0.00733460691194801,0.43205350279175,40,0.0017698158482327,0.00222414653676525,0.853420319972269,"Enterobacter asburiae","Species","Enterobacter asburiae","d__Bacteria;p__Pseudomonadota;c__Gammaproteobacteria;o__Enterobacterales;f__Enterobacteriaceae;g__Enterobacter_s__Enterobacter_asburiae",NA,NA
"X623","PFOA",0.00109381341749546,0.00195812472505744,-0.00289475612562768,0.0050823829606186,0.580321185220361,40,0.000939559889123822,0.0016819828867872,0.901423242998267,"Shigella flexneri","Species","Shigella flexneri","d__Bacteria;p__Pseudomonadota;c__Gammaproteobacteria;o__Enterobacterales;f__Enterobacteriaceae;g__Shigella_s__Shigella_flexneri",NA,NA
"X623","PFOS",0.00174841920932301,0.00231916429665166,-0.00297556387548895,0.00647240229413497,0.456420877461059,40,0.00156921494361915,0.00208146150054192,0.935455214005822,"Shigella flexneri","Species","Shigella flexneri","d__Bacteria;p__Pseudomonadota;c__Gammaproteobacteria;o__Enterobacterales;f__Enterobacteriaceae;g__Shigella_s__Shigella_flexneri",NA,NA
"X623","PFNA",-0.000779216446187198,0.00153972633694692,-0.00391553636171807,0.00235710346934368,0.616273138207828,40,-0.0012064728715026,0.00238398209400505,0.928252197412074,"Shigella flexneri","Species","Shigella flexneri","d__Bacteria;p__Pseudomonadota;c__Gammaproteobacteria;o__Enterobacterales;f__Enterobacteriaceae;g__Shigella_s__Shigella_flexneri",NA,NA
"X623","PFHxS",0.000154872459189156,0.00245959410831818,-0.00485515679142215,0.00516490170980047,0.950184719581729,40,0.000153842818825654,0.00244324196033128,0.990081091199858,"Shigella flexneri","Species","Shigella flexneri","d__Bacteria;p__Pseudomonadota;c__Gammaproteobacteria;o__Enterobacterales;f__Enterobacteriaceae;g__Shigella_s__Shigella_flexneri",NA,NA
"X623","PFBS",-0.00267875748581846,0.00167935204672302,-0.00609948566519656,0.000741970693559633,0.120517177571015,40,-0.00265995743300187,0.00166756602005088,0.926688160764812,"Shigella flexneri","Species","Shigella flexneri","d__Bacteria;p__Pseudomonadota;c__Gammaproteobacteria;o__Enterobacterales;f__Enterobacteriaceae;g__Shigella_s__Shigella_flexneri",NA,NA
"X674529","PFNA",-8.68413229555565e-05,0.00161083063039817,-0.00336799594468045,0.00319431329876934,0.957341326843461,40,-0.000134457763030972,0.0024940739709361,0.977866435518223,"Bacteroides faecis","Species","Bacteroides faecis","d__Bacteria;p__Bacteroidota;c__Bacteroidia;o__Bacteroidales;f__Bacteroidaceae;g__Bacteroides_s__Bacteroides_faecis",NA,NA
"X674529","PFOS",0.00579531788443645,0.00221240245583629,0.00128880155299049,0.0103018342158824,0.0133518738904893,40,0.00520132664911768,0.00198564221697283,0.425557343681792,"Bacteroides faecis","Species","Bacteroides faecis","d__Bacteria;p__Bacteroidota;c__Bacteroidia;o__Bacteroidales;f__Bacteroidaceae;g__Bacteroides_s__Bacteroides_faecis",NA,NA
"X674529","PFBS",0.00200270313137395,0.00178343730667255,-0.00163003978455803,0.00563544604730594,0.269815337528345,40,0.00198864776247807,0.00177092078894444,0.926688160764812,"Bacteroides faecis","Species","Bacteroides faecis","d__Bacteria;p__Bacteroidota;c__Bacteroidia;o__Bacteroidales;f__Bacteroidaceae;g__Bacteroides_s__Bacteroides_faecis",NA,NA
"X674529","PFHxS",0.00395570157707754,0.00246598767233743,-0.00106735093726812,0.00897875409142321,0.118516818006479,40,0.00392940284048454,0.00244959301794484,0.94260671976156,"Bacteroides faecis","Species","Bacteroides faecis","d__Bacteria;p__Bacteroidota;c__Bacteroidia;o__Bacteroidales;f__Bacteroidaceae;g__Bacteroides_s__Bacteroides_faecis",NA,NA
"X674529","PFOA",0.00262238380378254,0.00199732676838417,-0.00144603768852458,0.00669080529608967,0.19853895501525,40,0.00225256574522891,0.00171565651602995,0.853420319972269,"Bacteroides faecis","Species","Bacteroides faecis","d__Bacteria;p__Bacteroidota;c__Bacteroidia;o__Bacteroidales;f__Bacteroidaceae;g__Bacteroides_s__Bacteroides_faecis",NA,NA
"X68892","PFOS",-0.00126866241496746,0.00149124399581164,-0.00430622703327086,0.00176890220333593,0.401234458877862,40,-0.00113863083255974,0.00133839890933024,0.935455214005822,"Streptococcus infantis","Species","Streptococcus infantis","d__Bacteria;p__Bacillota;c__Bacilli;o__Lactobacillales;f__Streptococcaceae;g__Streptococcus_s__Streptococcus_infantis",NA,NA
"X68892","PFBS",0.000864534469655937,0.00111418861357353,-0.00140499346823557,0.00313406240754745,0.443486476937446,40,0.000858466994799648,0.00110636901628123,0.926688160764812,"Streptococcus infantis","Species","Streptococcus infantis","d__Bacteria;p__Bacillota;c__Bacilli;o__Lactobacillales;f__Streptococcaceae;g__Streptococcus_s__Streptococcus_infantis",NA,NA
"X68892","PFHxS",0.00118578375740511,0.00157148964161439,-0.0020152358925014,0.00438680340731163,0.456030312685667,40,0.00117790029752205,0.00156104188883573,0.979182918001196,"Streptococcus infantis","Species","Streptococcus infantis","d__Bacteria;p__Bacillota;c__Bacilli;o__Lactobacillales;f__Streptococcaceae;g__Streptococcus_s__Streptococcus_infantis",NA,NA
"X68892","PFNA",0.000588500186413948,0.000990934845140159,-0.00142996804084851,0.00260696841367641,0.556765136979586,40,0.000911183937732337,0.0015342797420898,0.928252197412074,"Streptococcus infantis","Species","Streptococcus infantis","d__Bacteria;p__Bacillota;c__Bacilli;o__Lactobacillales;f__Streptococcaceae;g__Streptococcus_s__Streptococcus_infantis",NA,NA
"X68892","PFOA",-0.000123554332334171,0.00126804282737268,-0.00270647304834499,0.00245936438367665,0.922987078740169,40,-0.00010613025305035,0.00108921883680904,0.978925689572907,"Streptococcus infantis","Species","Streptococcus infantis","d__Bacteria;p__Bacillota;c__Bacilli;o__Lactobacillales;f__Streptococcaceae;g__Streptococcus_s__Streptococcus_infantis",NA,NA
"X704125","PFBS",0.00148398380597728,0.00110738487111714,-0.000771685362044496,0.00373965297399905,0.189657924923014,40,0.0014735689124757,0.00109961302384261,0.926688160764812,"Clostridium gelidum","Species","Clostridium gelidum","d__Bacteria;p__Bacillota;c__Clostridia;o__Eubacteriales;f__Clostridiaceae;g__Clostridium_s__Clostridium_gelidum",NA,NA
"X704125","PFOA",0.00219409959157268,0.00122334061130163,-0.000297763689996475,0.00468596287314183,0.0823438339075006,40,0.00188467972326113,0.00105082068909618,0.853420319972269,"Clostridium gelidum","Species","Clostridium gelidum","d__Bacteria;p__Bacillota;c__Clostridia;o__Eubacteriales;f__Clostridiaceae;g__Clostridium_s__Clostridium_gelidum",NA,NA
"X704125","PFOS",0.000296054786439879,0.00152510058932886,-0.00281047345609473,0.00340258302897449,0.847307848422532,40,0.000265710644526331,0.00136878537054273,0.996746307670573,"Clostridium gelidum","Species","Clostridium gelidum","d__Bacteria;p__Bacillota;c__Clostridia;o__Eubacteriales;f__Clostridiaceae;g__Clostridium_s__Clostridium_gelidum",NA,NA
"X704125","PFNA",-0.00123989555159606,0.000984151210173594,-0.00324454596660526,0.000764754863413149,0.216829975767395,40,-0.0019197494532065,0.00152377653518576,0.928252197412074,"Clostridium gelidum","Species","Clostridium gelidum","d__Bacteria;p__Bacillota;c__Clostridia;o__Eubacteriales;f__Clostridiaceae;g__Clostridium_s__Clostridium_gelidum",NA,NA
"X704125","PFHxS",-0.00208330123246052,0.00156147365551803,-0.00526391898631974,0.00109731652139869,0.191559440225455,40,-0.00206945079675682,0.0015510924921357,0.94260671976156,"Clostridium gelidum","Species","Clostridium gelidum","d__Bacteria;p__Bacillota;c__Clostridia;o__Eubacteriales;f__Clostridiaceae;g__Clostridium_s__Clostridium_gelidum",NA,NA
"X751585","PFBS",0.000530891751571992,0.00202838013912385,-0.00360078338702163,0.00466256689016561,0.795205554030343,40,0.000527165847669795,0.00201414456388065,0.985464675583793,"Coprococcus sp. ART55/1","Species","Coprococcus sp. ART55/1","d__Bacteria;p__Bacillota;c__Clostridia;o__Lachnospirales;f__Lachnospiraceae;g__Coprococcus_s__Coprococcus_sp._ART55/1",NA,NA
"X751585","PFHxS",-0.000696319392893321,0.00285987228117183,-0.00652168860044953,0.00512904981466289,0.809188347646171,40,-0.000691690044611737,0.00284085895917403,0.990081091199858,"Coprococcus sp. ART55/1","Species","Coprococcus sp. ART55/1","d__Bacteria;p__Bacillota;c__Clostridia;o__Lachnospirales;f__Lachnospiraceae;g__Coprococcus_s__Coprococcus_sp._ART55/1",NA,NA
"X751585","PFNA",0.00207389403539346,0.00176125447397778,-0.00151366392897016,0.00566145199975708,0.247675909856944,40,0.00321104220055457,0.00272697753373173,0.928252197412074,"Coprococcus sp. ART55/1","Species","Coprococcus sp. ART55/1","d__Bacteria;p__Bacillota;c__Clostridia;o__Lachnospirales;f__Lachnospiraceae;g__Coprococcus_s__Coprococcus_sp._ART55/1",NA,NA
"X751585","PFOA",-0.00209291104665272,0.00225975614714357,-0.00669588369085839,0.00251006159755296,0.361292043065039,40,-0.00179776115330676,0.00194107715365076,0.853420319972269,"Coprococcus sp. ART55/1","Species","Coprococcus sp. ART55/1","d__Bacteria;p__Bacillota;c__Clostridia;o__Lachnospirales;f__Lachnospiraceae;g__Coprococcus_s__Coprococcus_sp._ART55/1",NA,NA
"X751585","PFOS",-0.00572737632616766,0.00252753786062693,-0.0108758024713365,-0.000578950180998868,0.0303523426705714,40,-0.00514034876237309,0.00226847781144815,0.472147552653333,"Coprococcus sp. ART55/1","Species","Coprococcus sp. ART55/1","d__Bacteria;p__Bacillota;c__Clostridia;o__Lachnospirales;f__Lachnospiraceae;g__Coprococcus_s__Coprococcus_sp._ART55/1",NA,NA
"X820","PFHxS",0.00147450086121106,0.00247504186338882,-0.00356699443678525,0.00651599615920738,0.555534295273063,40,0.00146469792006407,0.00245858701391304,0.990081091199858,"Bacteroides uniformis","Species","Bacteroides uniformis","d__Bacteria;p__Bacteroidota;c__Bacteroidia;o__Bacteroidales;f__Bacteroidaceae;g__Bacteroides_s__Bacteroides_uniformis",NA,NA
"X820","PFOS",0.0031225800631447,0.00230197975508662,-0.00156639925596136,0.00781155938225077,0.184441600767858,40,0.00280253115019893,0.00206603828894638,0.759465414926472,"Bacteroides uniformis","Species","Bacteroides uniformis","d__Bacteria;p__Bacteroidota;c__Bacteroidia;o__Bacteroidales;f__Bacteroidaceae;g__Bacteroides_s__Bacteroides_uniformis",NA,NA
"X820","PFNA",0.0003598158445583,0.00156279669721276,-0.00282349685704369,0.00354312854616029,0.81937205180476,40,0.000557108435429627,0.00241970228950749,0.948033778947657,"Bacteroides uniformis","Species","Bacteroides uniformis","d__Bacteria;p__Bacteroidota;c__Bacteroidia;o__Bacteroidales;f__Bacteroidaceae;g__Bacteroides_s__Bacteroides_uniformis",NA,NA
"X820","PFBS",0.00241883793618076,0.00171283290740575,-0.00107008852468973,0.00590776439705124,0.167546859213794,40,0.00240186205045921,0.00170081190539429,0.926688160764812,"Bacteroides uniformis","Species","Bacteroides uniformis","d__Bacteria;p__Bacteroidota;c__Bacteroidia;o__Bacteroidales;f__Bacteroidaceae;g__Bacteroides_s__Bacteroides_uniformis",NA,NA
"X820","PFOA",-0.000660300794624333,0.00198740835459277,-0.00470851913916552,0.00338791754991686,0.741873006568106,40,-0.000567182785896102,0.0017071368328618,0.951403734462574,"Bacteroides uniformis","Species","Bacteroides uniformis","d__Bacteria;p__Bacteroidota;c__Bacteroidia;o__Bacteroidales;f__Bacteroidaceae;g__Bacteroides_s__Bacteroides_uniformis",NA,NA
"X823","PFBS",-0.000491173049463997,0.0014937107716795,-0.00353376232578349,0.0025514162268555,0.744428525099117,40,-0.000487725899312892,0.00148322761239802,0.985464675583793,"Parabacteroides distasonis","Species","Parabacteroides distasonis","d__Bacteria;p__Bacteroidota;c__Bacteroidia;o__Bacteroidales;f__Tannerellaceae;g__Parabacteroides_s__Parabacteroides_distasonis",NA,NA
"X823","PFOA",0.00144356292643332,0.00166788594913583,-0.00195380957645005,0.00484093542931669,0.393204591318756,40,0.00123998645601601,0.00143267463387808,0.853420319972269,"Parabacteroides distasonis","Species","Parabacteroides distasonis","d__Bacteria;p__Bacteroidota;c__Bacteroidia;o__Bacteroidales;f__Tannerellaceae;g__Parabacteroides_s__Parabacteroides_distasonis",NA,NA
"X823","PFOS",-0.00148799174796124,0.00198899175197503,-0.0055394353674263,0.00256345187150381,0.459854849124998,40,-0.00133548000069553,0.0017851299981673,0.935455214005822,"Parabacteroides distasonis","Species","Parabacteroides distasonis","d__Bacteria;p__Bacteroidota;c__Bacteroidia;o__Bacteroidales;f__Tannerellaceae;g__Parabacteroides_s__Parabacteroides_distasonis",NA,NA
"X823","PFHxS",-0.000538433796502465,0.00210712945509151,-0.00483051604256528,0.00375364844956035,0.799949506431948,40,-0.000534854120859326,0.00209312060193941,0.990081091199858,"Parabacteroides distasonis","Species","Parabacteroides distasonis","d__Bacteria;p__Bacteroidota;c__Bacteroidia;o__Bacteroidales;f__Tannerellaceae;g__Parabacteroides_s__Parabacteroides_distasonis",NA,NA
"X823","PFNA",-0.00266576215540932,0.0012390273970067,-0.00518957837383285,-0.000141945936985794,0.0390882823351319,40,-0.00412744076195612,0.00191840527603282,0.865139189656693,"Parabacteroides distasonis","Species","Parabacteroides distasonis","d__Bacteria;p__Bacteroidota;c__Bacteroidia;o__Bacteroidales;f__Tannerellaceae;g__Parabacteroides_s__Parabacteroides_distasonis",NA,NA
"X84022","PFNA",0.000233353953784862,0.00187109901567449,-0.00357795002015789,0.00404465792772761,0.901529422225812,40,0.000361305534652012,0.00289705153600437,0.977866435518223,"Clostridium aceticum","Species","Clostridium aceticum","d__Bacteria;p__Bacillota;c__Clostridia;o__Eubacteriales;f__Clostridiaceae;g__Clostridium_s__Clostridium_aceticum",NA,NA
"X84022","PFOA",-0.00321489798444752,0.00231339859545362,-0.00792713672024077,0.00149734075134572,0.174217739839816,40,-0.0027615214308929,0.00198715474968347,0.853420319972269,"Clostridium aceticum","Species","Clostridium aceticum","d__Bacteria;p__Bacillota;c__Clostridia;o__Eubacteriales;f__Clostridiaceae;g__Clostridium_s__Clostridium_aceticum",NA,NA
"X84022","PFHxS",0.00113497261661824,0.00297118813000818,-0.00491713955508828,0.00718708478832476,0.704991783964691,40,0.00112742696503075,0.00295143474556377,0.990081091199858,"Clostridium aceticum","Species","Clostridium aceticum","d__Bacteria;p__Bacillota;c__Clostridia;o__Eubacteriales;f__Clostridiaceae;g__Clostridium_s__Clostridium_aceticum",NA,NA
"X84022","PFOS",0.000410705418888214,0.00283164979714692,-0.00535717646992238,0.00617858730769881,0.885588186124079,40,0.000368610157854704,0.00254141978827813,0.996746307670573,"Clostridium aceticum","Species","Clostridium aceticum","d__Bacteria;p__Bacillota;c__Clostridia;o__Eubacteriales;f__Clostridiaceae;g__Clostridium_s__Clostridium_aceticum",NA,NA
"X84022","PFBS",-0.00424751803310078,0.00197448355582463,-0.00826940942407364,-0.000225626642127918,0.0391130959166989,40,-0.00421770810675079,0.00196062623752258,0.926688160764812,"Clostridium aceticum","Species","Clostridium aceticum","d__Bacteria;p__Bacillota;c__Clostridia;o__Eubacteriales;f__Clostridiaceae;g__Clostridium_s__Clostridium_aceticum",NA,NA
"X84023","PFNA",0.000886607854570653,0.00150276249994403,-0.0021744191888668,0.00394763489800811,0.559343874255681,40,0.00137274864953715,0.00232675041365635,0.928252197412074,"Clostridium autoethanogenum","Species","Clostridium autoethanogenum","d__Bacteria;p__Bacillota;c__Clostridia;o__Eubacteriales;f__Clostridiaceae;g__Clostridium_s__Clostridium_autoethanogenum",NA,NA
"X84023","PFHxS",-0.00306216999200056,0.0023423804604703,-0.00783344285500193,0.00170910287100081,0.200430125380608,40,-0.00304181173178971,0.00232680758533546,0.94260671976156,"Clostridium autoethanogenum","Species","Clostridium autoethanogenum","d__Bacteria;p__Bacillota;c__Clostridia;o__Eubacteriales;f__Clostridiaceae;g__Clostridium_s__Clostridium_autoethanogenum",NA,NA
"X84023","PFBS",0.00259645103462047,0.00164244923656582,-0.000749108580281029,0.00594201064952198,0.123749543356378,40,0.00257822862484841,0.001630922201155,0.926688160764812,"Clostridium autoethanogenum","Species","Clostridium autoethanogenum","d__Bacteria;p__Bacillota;c__Clostridia;o__Eubacteriales;f__Clostridiaceae;g__Clostridium_s__Clostridium_autoethanogenum",NA,NA
"X84023","PFOA",-0.000259465798615557,0.00192260049880263,-0.00417567486077966,0.00365674326354855,0.893492255188694,40,-0.000222874992278716,0.00165146841553707,0.974025146096212,"Clostridium autoethanogenum","Species","Clostridium autoethanogenum","d__Bacteria;p__Bacillota;c__Clostridia;o__Eubacteriales;f__Clostridiaceae;g__Clostridium_s__Clostridium_autoethanogenum",NA,NA
"X84023","PFOS",-0.00160765038448002,0.00226902631304643,-0.00622950573871263,0.00301420496975259,0.483752231052907,40,-0.00144287422260588,0.00203646241068022,0.935455214005822,"Clostridium autoethanogenum","Species","Clostridium autoethanogenum","d__Bacteria;p__Bacillota;c__Clostridia;o__Eubacteriales;f__Clostridiaceae;g__Clostridium_s__Clostridium_autoethanogenum",NA,NA
"X885040","PFOS",4.65275288704906e-05,0.00184560970506744,-0.00371285641839494,0.00380591147613592,0.980044143485624,40,4.17586887652165e-05,0.001656443897343,0.996746307670573,"Enterobacter soli","Species","Enterobacter soli","d__Bacteria;p__Pseudomonadota;c__Gammaproteobacteria;o__Enterobacterales;f__Enterobacteriaceae;g__Enterobacter_s__Enterobacter_soli",NA,NA
"X885040","PFHxS",-6.63455805335885e-05,0.0019403142743795,-0.00401863642280878,0.00388594526174161,0.972935479139485,40,-6.59044944423946e-05,0.00192741446052467,0.990081091199858,"Enterobacter soli","Species","Enterobacter soli","d__Bacteria;p__Pseudomonadota;c__Gammaproteobacteria;o__Enterobacterales;f__Enterobacteriaceae;g__Enterobacter_s__Enterobacter_soli",NA,NA
"X885040","PFOA",0.00188162814790338,0.00151610261044707,-0.00120657181142316,0.00496982810722992,0.223592007059825,40,0.00161627413390521,0.00130229633115458,0.853420319972269,"Enterobacter soli","Species","Enterobacter soli","d__Bacteria;p__Pseudomonadota;c__Gammaproteobacteria;o__Enterobacterales;f__Enterobacteriaceae;g__Enterobacter_s__Enterobacter_soli",NA,NA
"X885040","PFNA",-0.000837430211124465,0.00121043154925585,-0.00330299859377977,0.00162813817153084,0.494024703460716,40,-0.00129660614382828,0.00187412988282489,0.928252197412074,"Enterobacter soli","Species","Enterobacter soli","d__Bacteria;p__Pseudomonadota;c__Gammaproteobacteria;o__Enterobacterales;f__Enterobacteriaceae;g__Enterobacter_s__Enterobacter_soli",NA,NA
"X885040","PFBS",0.000705703190651748,0.00137073643740723,-0.00208639556379875,0.00349780194510225,0.610206338731508,40,0.000700750425301644,0.00136111633646218,0.985464675583793,"Enterobacter soli","Species","Enterobacter soli","d__Bacteria;p__Pseudomonadota;c__Gammaproteobacteria;o__Enterobacterales;f__Enterobacteriaceae;g__Enterobacter_s__Enterobacter_soli",NA,NA
"X102684","Mixture",-0.00231377693851727,NA,-0.00682307420044823,0.0021955203234137,0.323496918303092,40,-0.00426406871948184,NA,0.996152297501241,"Streptococcus infantarius","Species","Streptococcus infantarius","d__Bacteria;p__Bacillota;c__Bacilli;o__Lactobacillales;f__Streptococcaceae;g__Streptococcus_s__Streptococcus_infantarius",-0.0105796384655097,0.00205150102654602
"X113107","Mixture",0.00027819745693968,NA,-0.0105636796740506,0.01112007458793,0.96026010789093,40,-0.00194833001755634,NA,0.996152297501241,"Streptococcus australis","Species","Streptococcus australis","d__Bacteria;p__Bacillota;c__Bacilli;o__Lactobacillales;f__Streptococcaceae;g__Streptococcus_s__Streptococcus_australis",-0.0163788539778845,0.0124821939427719
"X1155388","Mixture",-0.00157655988949031,NA,-0.00564171550969717,0.00248859573071655,0.453770379898698,40,-0.00147484299943589,NA,0.996152297501241,"Clostridium sp. C1","Species","Clostridium sp. C1","d__Bacteria;p__Bacillota;c__Clostridia;o__Eubacteriales;f__Clostridiaceae;g__Clostridium_s__Clostridium_sp._C1",-0.00674629471222585,0.00379660871335406
"X1156431","Mixture",-0.00170480819395059,NA,-0.0108851706739355,0.0074755542860343,0.718716304654465,40,-0.00492166984460706,NA,0.996152297501241,"Streptococcus ilei","Species","Streptococcus ilei","d__Bacteria;p__Bacillota;c__Bacilli;o__Lactobacillales;f__Streptococcaceae;g__Streptococcus_s__Streptococcus_ilei",-0.0178013504996272,0.00795801081041309
"X1216932","Mixture",0.00115543265881012,NA,-0.00257663744986282,0.00488750276748305,0.549055032582822,40,-0.0011261682537523,NA,0.996152297501241,"Clostridium bornimense","Species","Clostridium bornimense","d__Bacteria;p__Bacillota;c__Clostridia;o__Eubacteriales;f__Clostridiaceae;g__Clostridium_s__Clostridium_bornimense",-0.00618793919947405,0.00393560269196944
"X1259973","Mixture",0.000651435300735092,NA,-0.00627217806725126,0.00757504866872144,0.855069244960793,40,0.000780285200504416,NA,0.996152297501241,"Klebsiella electrica","Species","Klebsiella electrica","d__Bacteria;p__Pseudomonadota;c__Gammaproteobacteria;o__Enterobacterales;f__Enterobacteriaceae;g__Klebsiella_s__Klebsiella_electrica",-0.00949853795926876,0.0110591083602776
"X1302","Mixture",0.00050054753635823,NA,-0.00740314343797369,0.00840423851069015,0.902134840669012,40,0.000177968521049674,NA,0.996152297501241,"Streptococcus gordonii","Species","Streptococcus gordonii","d__Bacteria;p__Bacillota;c__Bacilli;o__Lactobacillales;f__Streptococcaceae;g__Streptococcus_s__Streptococcus_gordonii",-0.0104295910789082,0.0107855281210076
"X1303","Mixture",0.00414139720994634,NA,-0.00359434497048512,0.0118771393903778,0.303349432699021,40,0.00775787494765532,NA,0.996152297501241,"Streptococcus oralis","Species","Streptococcus oralis","d__Bacteria;p__Bacillota;c__Bacilli;o__Lactobacillales;f__Streptococcaceae;g__Streptococcus_s__Streptococcus_oralis",-0.00229574940032507,0.0178114992956357
"X1304","Mixture",-0.00419688753628533,NA,-0.014141196218806,0.00574742114623538,0.415385300831385,40,-0.00618621680484439,NA,0.996152297501241,"Streptococcus salivarius","Species","Streptococcus salivarius","d__Bacteria;p__Bacillota;c__Bacilli;o__Lactobacillales;f__Streptococcaceae;g__Streptococcus_s__Streptococcus_salivarius",-0.0175845499038586,0.00521211629416985
"X1307","Mixture",0.000108277202915838,NA,-0.00797801317276947,0.00819456757860115,0.979255459347929,40,0.00146155200898416,NA,0.996152297501241,"Streptococcus suis","Species","Streptococcus suis","d__Bacteria;p__Bacillota;c__Bacilli;o__Lactobacillales;f__Streptococcaceae;g__Streptococcus_s__Streptococcus_suis",-0.00991705833693489,0.0128401623549032
"X1310","Mixture",-0.00063619840158879,NA,-0.00906989530048558,0.00779749849730799,0.883559403808999,40,-0.00425154088784217,NA,0.996152297501241,"Streptococcus sobrinus","Species","Streptococcus sobrinus","d__Bacteria;p__Bacillota;c__Bacilli;o__Lactobacillales;f__Streptococcaceae;g__Streptococcus_s__Streptococcus_sobrinus",-0.0149637259007254,0.00646064412504106
"X1314","Mixture",-0.00145013143066026,NA,-0.0100488785565319,0.00714861569521134,0.74354543221366,40,-0.00506852144466337,NA,0.996152297501241,"Streptococcus pyogenes","Species","Streptococcus pyogenes","d__Bacteria;p__Bacillota;c__Bacilli;o__Lactobacillales;f__Streptococcaceae;g__Streptococcus_s__Streptococcus_pyogenes",-0.0166684702748817,0.00653142738555491
"X1316411","Mixture",-0.0022812901114798,NA,-0.0143965708564577,0.00983399063349811,0.714962630089535,40,0.000486005450091857,NA,0.996152297501241,"Streptococcus sp. HSISS2","Species","Streptococcus sp. HSISS2","d__Bacteria;p__Bacillota;c__Bacilli;o__Lactobacillales;f__Streptococcaceae;g__Streptococcus_s__Streptococcus_sp._HSISS2",-0.0156333213498706,0.0166053322500543
"X1316412","Mixture",0.00262410668999763,NA,-0.00184336596109749,0.00709157934109274,0.25972485363307,40,0.0027703151675817,NA,0.996152297501241,"Streptococcus sp. HSISS3","Species","Streptococcus sp. HSISS3","d__Bacteria;p__Bacillota;c__Bacilli;o__Lactobacillales;f__Streptococcaceae;g__Streptococcus_s__Streptococcus_sp._HSISS3",-0.00338544597774656,0.00892607631290995
"X1322","Mixture",0.00359818505038944,NA,-0.0020808061891608,0.00927717628993967,0.224980716323003,40,0.00558337179856401,NA,0.996152297501241,"Blautia hansenii","Species","Blautia hansenii","d__Bacteria;p__Bacillota;c__Clostridia;o__Lachnospirales;f__Lachnospiraceae;g__Blautia_s__Blautia_hansenii",-0.00219907146887615,0.0133658150660042
"X1328","Mixture",-0.000400455868422513,NA,-0.00727641916938095,0.00647550743253593,0.909964890148139,40,-0.00431365763954826,NA,0.996152297501241,"Streptococcus anginosus","Species","Streptococcus anginosus","d__Bacteria;p__Bacillota;c__Bacilli;o__Lactobacillales;f__Streptococcaceae;g__Streptococcus_s__Streptococcus_anginosus",-0.0137376515409181,0.00511033626182153
"X1329812","Mixture",0.001135416178824,NA,-0.00475740873135686,0.00702824108900487,0.70864943412618,40,-0.00143827024142337,NA,0.996152297501241,"Enterobacter sp. MGH 3","Species","Enterobacter sp. MGH 3","d__Bacteria;p__Pseudomonadota;c__Gammaproteobacteria;o__Enterobacterales;f__Enterobacteriaceae;g__Enterobacter_s__Enterobacter_sp._MGH_3",-0.0101109581643738,0.00723441768152703
"X1334","Mixture",-0.00096998188207657,NA,-0.00761956074394421,0.00567959697979107,0.777135094776599,40,-0.00291649019333447,NA,0.996152297501241,"Streptococcus dysgalactiae","Species","Streptococcus dysgalactiae","d__Bacteria;p__Bacillota;c__Bacilli;o__Lactobacillales;f__Streptococcaceae;g__Streptococcus_s__Streptococcus_dysgalactiae",-0.0129909117825214,0.00715793139585243
"X1338","Mixture",0.00315623011952804,NA,-0.0020143285956876,0.00832678883474367,0.241938116752376,40,0.00390561251343687,NA,0.996152297501241,"Streptococcus intermedius","Species","Streptococcus intermedius","d__Bacteria;p__Bacillota;c__Bacilli;o__Lactobacillales;f__Streptococcaceae;g__Streptococcus_s__Streptococcus_intermedius",-0.00310973787857761,0.0109209629054513
"X1340","Mixture",-0.00550049383817981,NA,-0.0168596503502448,0.00585866267388514,0.350997308878685,40,-0.00512071112009951,NA,0.996152297501241,"Streptococcus porcinus","Species","Streptococcus porcinus","d__Bacteria;p__Bacillota;c__Bacilli;o__Lactobacillales;f__Streptococcaceae;g__Streptococcus_s__Streptococcus_porcinus",-0.020734097281394,0.010492675041195
"X1343","Mixture",0.00219057021276282,NA,-0.00396756632467211,0.00834870675019775,0.4916391958487,40,-0.000526981035016921,NA,0.996152297501241,"Streptococcus vestibularis","Species","Streptococcus vestibularis","d__Bacteria;p__Bacillota;c__Bacilli;o__Lactobacillales;f__Streptococcaceae;g__Streptococcus_s__Streptococcus_vestibularis",-0.00860040248036208,0.00754644041032824
"X1345","Mixture",-0.00188990394341232,NA,-0.0112486163669639,0.00746880848013924,0.69536561289766,40,0.000636228844941347,NA,0.996152297501241,"Streptococcus ferus","Species","Streptococcus ferus","d__Bacteria;p__Bacillota;c__Bacilli;o__Lactobacillales;f__Streptococcaceae;g__Streptococcus_s__Streptococcus_ferus",-0.0125212545713765,0.0137937122612592
"X1346","Mixture",0.00285314177180237,NA,-0.0112318594681271,0.0169381430117318,0.694472272059902,40,0.00209701754193252,NA,0.996152297501241,"Streptococcus iniae","Species","Streptococcus iniae","d__Bacteria;p__Bacillota;c__Bacilli;o__Lactobacillales;f__Streptococcaceae;g__Streptococcus_s__Streptococcus_iniae",-0.0162474311730192,0.0204414662568843
"X1349","Mixture",-0.000823861746450463,NA,-0.00547464486602164,0.00382692137312071,0.731134905543389,40,-0.000287253577989,NA,0.996152297501241,"Streptococcus uberis","Species","Streptococcus uberis","d__Bacteria;p__Bacillota;c__Bacilli;o__Lactobacillales;f__Streptococcaceae;g__Streptococcus_s__Streptococcus_uberis",-0.00753870436471069,0.00696419720873269
"X137838","Mixture",0.00399552193528732,NA,-0.00586371437243437,0.013854758243009,0.433953684003278,40,0.00391761174874608,NA,0.996152297501241,"Clostridium neonatale","Species","Clostridium neonatale","d__Bacteria;p__Bacillota;c__Clostridia;o__Eubacteriales;f__Clostridiaceae;g__Clostridium_s__Clostridium_neonatale",-0.00811630617386278,0.0159515296713549
"X1443109","Mixture",0.00467814775052976,NA,-0.00356099603560939,0.0129172915366689,0.275579450418553,40,0.0059109454658266,NA,0.996152297501241,"Clostridium sp. K25","Species","Clostridium sp. K25","d__Bacteria;p__Bacillota;c__Clostridia;o__Eubacteriales;f__Clostridiaceae;g__Clostridium_s__Clostridium_sp._K25",-0.00477090473969818,0.0165927956713514
"X1463165","Mixture",0.00286321445110951,NA,-0.0037301565379768,0.00945658544019582,0.40218443807633,40,0.0038601466965042,NA,0.996152297501241,"Klebsiella quasipneumoniae","Species","Klebsiella quasipneumoniae","d__Bacteria;p__Pseudomonadota;c__Gammaproteobacteria;o__Enterobacterales;f__Enterobacteriaceae;g__Klebsiella_s__Klebsiella_quasipneumoniae",-0.00427945996086253,0.0119997533538709
"X1494","Mixture",0.00019643986946069,NA,-0.00803161309698295,0.00842449283590433,0.963022626926374,40,0.0011500440531947,NA,0.996152297501241,"Clostridium cochlearium","Species","Clostridium cochlearium","d__Bacteria;p__Bacillota;c__Clostridia;o__Eubacteriales;f__Clostridiaceae;g__Clostridium_s__Clostridium_cochlearium",-0.0101425570862879,0.0124426451926773
"X1501","Mixture",0.000462726565619551,NA,-0.00465197515217881,0.00557742828341791,0.860582341717041,40,0.00218029256959133,NA,0.996152297501241,"Clostridium pasteurianum","Species","Clostridium pasteurianum","d__Bacteria;p__Bacillota;c__Clostridia;o__Eubacteriales;f__Clostridiaceae;g__Clostridium_s__Clostridium_pasteurianum",-0.00400486381264531,0.00836544895182796
"X1502","Mixture",0.00330319327116531,NA,-0.00114858575012333,0.00775497229245394,0.157395369851801,40,0.00231773098182156,NA,0.996152297501241,"Clostridium perfringens","Species","Clostridium perfringens","d__Bacteria;p__Bacillota;c__Clostridia;o__Eubacteriales;f__Clostridiaceae;g__Clostridium_s__Clostridium_perfringens",-0.00457859362650792,0.00921405559015104
"X151276","Mixture",-0.00198552499909491,NA,-0.0086259939825872,0.00465494398439738,0.562718399851323,40,4.23855808568678e-05,NA,0.996152297501241,"Bacteroides coprosuis","Species","Bacteroides coprosuis","d__Bacteria;p__Bacteroidota;c__Bacteroidia;o__Bacteroidales;f__Bacteroidaceae;g__Bacteroides_s__Bacteroides_coprosuis",-0.00847031062492492,0.00855508178663866
"X1519","Mixture",0.00436466662812941,NA,-0.00262300030176698,0.0113523335580258,0.231436613427046,40,0.00358180038618713,NA,0.996152297501241,"Clostridium tyrobutyricum","Species","Clostridium tyrobutyricum","d__Bacteria;p__Bacillota;c__Clostridia;o__Eubacteriales;f__Clostridiaceae;g__Clostridium_s__Clostridium_tyrobutyricum",-0.00708270538697822,0.0142463061593525
"X1520","Mixture",0.00957808946595887,NA,-0.00406517973528417,0.0232213586672019,0.180138364446984,40,0.0146249885701085,NA,0.996152297501241,"Clostridium beijerinckii","Species","Clostridium beijerinckii","d__Bacteria;p__Bacillota;c__Clostridia;o__Eubacteriales;f__Clostridiaceae;g__Clostridium_s__Clostridium_beijerinckii",-0.00492629366571829,0.0341762708059354
"X1548","Mixture",-0.00299286581323747,NA,-0.0109596874186217,0.00497395579214671,0.467902227682747,40,-0.000210024273071884,NA,0.996152297501241,"Clostridium scatologenes","Species","Clostridium scatologenes","d__Bacteria;p__Bacillota;c__Clostridia;o__Eubacteriales;f__Clostridiaceae;g__Clostridium_s__Clostridium_scatologenes",-0.0114255354943449,0.0110054869482011
"X1561","Mixture",-0.00165416272713109,NA,-0.0107933938721074,0.00748506841784519,0.725536361656906,40,-0.00515065854626064,NA,0.996152297501241,"Clostridium baratii","Species","Clostridium baratii","d__Bacteria;p__Bacillota;c__Clostridia;o__Eubacteriales;f__Clostridiaceae;g__Clostridium_s__Clostridium_baratii",-0.016956785626115,0.00665546853359374
"X158836","Mixture",-0.00193892490506481,NA,-0.0123685943180372,0.00849074450790752,0.71842246406364,40,0.000313635013241588,NA,0.996152297501241,"Enterobacter hormaechei","Species","Enterobacter hormaechei","d__Bacteria;p__Pseudomonadota;c__Gammaproteobacteria;o__Enterobacterales;f__Enterobacteriaceae;g__Enterobacter_s__Enterobacter_hormaechei",-0.0142613031200884,0.0148885731465715
"X166486","Mixture",-0.00214022455974278,NA,-0.00824462002577142,0.00396417090628586,0.497835522937278,40,-0.00252192056161714,NA,0.996152297501241,"Roseburia intestinalis","Species","Roseburia intestinalis","d__Bacteria;p__Bacillota;c__Clostridia;o__Lachnospirales;f__Lachnospiraceae;g__Roseburia_s__Roseburia_intestinalis",-0.0106620111034182,0.00561816998018391
"X1680","Mixture",0.00243466204899151,NA,-0.00143044705358625,0.00629977115156927,0.227618040388606,40,0.00418017802235066,NA,0.996152297501241,"Bifidobacterium adolescentis","Species","Bifidobacterium adolescentis","d__Bacteria;p__Actinomycetota;c__Actinomycetes;o__Bifidobacteriales;f__Bifidobacteriaceae;g__Bifidobacterium_s__Bifidobacterium_adolescentis",-0.00108547680505481,0.00944583284975613
"X1686399","Mixture",0.00481643063660456,NA,-0.00156674317644482,0.0111996044496539,0.1507420395631,40,0.00603823474363448,NA,0.996152297501241,"Enterobacter sp. BIDMC100","Species","Enterobacter sp. BIDMC100","d__Bacteria;p__Pseudomonadota;c__Gammaproteobacteria;o__Enterobacterales;f__Enterobacteriaceae;g__Enterobacter_s__Enterobacter_sp._BIDMC100",-0.00263773752998959,0.0147142070172586
"X1691","Mixture",-0.00173678472262871,NA,-0.0109896942088732,0.0075161247636158,0.715825053275565,40,-0.00438364892792675,NA,0.996152297501241,"Bifidobacterium indicum","Species","Bifidobacterium indicum","d__Bacteria;p__Actinomycetota;c__Actinomycetes;o__Bifidobacteriales;f__Bifidobacteriaceae;g__Bifidobacterium_s__Bifidobacterium_indicum",-0.0161583670073679,0.00739106915151443
"X1702238","Mixture",-0.0082314526661968,NA,-0.0177202583858272,0.00125735305343357,0.100576691753929,40,-0.0112448382938058,NA,0.996152297501241,"Clostridium sp. MF28","Species","Clostridium sp. MF28","d__Bacteria;p__Bacillota;c__Clostridia;o__Eubacteriales;f__Clostridiaceae;g__Clostridium_s__Clostridium_sp._MF28",-0.0240547855186132,0.00156510893100163
"X1814128","Mixture",-0.00202955340958421,NA,-0.0131166499011457,0.00905754308197727,0.722548508532102,40,-0.00869606717585111,NA,0.996152297501241,"Streptococcus halotolerans","Species","Streptococcus halotolerans","d__Bacteria;p__Bacillota;c__Bacilli;o__Lactobacillales;f__Streptococcaceae;g__Streptococcus_s__Streptococcus_halotolerans",-0.0234551625201957,0.00606302816849344
"X1827481","Mixture",-0.0031131642523023,NA,-0.0111528820525248,0.00492655354792021,0.454461499158021,40,-0.00473269316054114,NA,0.996152297501241,"Enterobacter sp. ODB01","Species","Enterobacter sp. ODB01","d__Bacteria;p__Pseudomonadota;c__Gammaproteobacteria;o__Enterobacterales;f__Enterobacteriaceae;g__Enterobacter_s__Enterobacter_sp._ODB01",-0.0148885590997,0.00542317277861768
"X182773","Mixture",-0.0033686248597276,NA,-0.010902620739066,0.00416537101961084,0.388572740245066,40,-0.00104858758393079,NA,0.996152297501241,"Clostridium isatidis","Species","Clostridium isatidis","d__Bacteria;p__Bacillota;c__Clostridia;o__Eubacteriales;f__Clostridiaceae;g__Clostridium_s__Clostridium_isatidis",-0.0114718698680114,0.00937469470014984
"X1839799","Mixture",0.00697518293107161,NA,-0.001489686194214,0.0154400520563572,0.117929021622776,40,0.00834619800866809,NA,0.996152297501241,"Streptococcus sp. FDAARGOS_192","Species","Streptococcus sp. FDAARGOS_192","d__Bacteria;p__Bacillota;c__Bacilli;o__Lactobacillales;f__Streptococcaceae;g__Streptococcus_s__Streptococcus_sp._FDAARGOS_192",-0.00302124602697777,0.0197136420443139
"X1912897","Mixture",-0.00449263282578966,NA,-0.00996291423154033,0.000977648579961011,0.119099230454482,40,-0.00631319025122374,NA,0.996152297501241,"Blautia argi","Species","Blautia argi","d__Bacteria;p__Bacillota;c__Clostridia;o__Lachnospirales;f__Lachnospiraceae;g__Blautia_s__Blautia_argi",-0.0133801921987556,0.000753811696308165
"X1940319","Mixture",-0.00104875553094905,NA,-0.0086197385456042,0.00652222748370609,0.788071521722794,40,-0.00162559952500309,NA,0.996152297501241,"Streptococcus sp. DAT741","Species","Streptococcus sp. DAT741","d__Bacteria;p__Bacillota;c__Bacilli;o__Lactobacillales;f__Streptococcaceae;g__Streptococcus_s__Streptococcus_sp._DAT741",-0.0139635474010381,0.010712348351032
"X197614","Mixture",-0.00233324508539109,NA,-0.0084303732799484,0.00376388310916622,0.459718292816936,40,-0.000658814544331598,NA,0.996152297501241,"Streptococcus pasteurianus","Species","Streptococcus pasteurianus","d__Bacteria;p__Bacillota;c__Bacilli;o__Lactobacillales;f__Streptococcaceae;g__Streptococcus_s__Streptococcus_pasteurianus",-0.00961755671704732,0.00829992762838412
"X1977566","Mixture",-0.00228038525576725,NA,-0.00811423032270295,0.00355345981116846,0.450246576022722,40,-0.00198050776085938,NA,0.996152297501241,"Enterobacter sp. Crenshaw","Species","Enterobacter sp. Crenshaw","d__Bacteria;p__Pseudomonadota;c__Gammaproteobacteria;o__Enterobacterales;f__Enterobacteriaceae;g__Enterobacter_s__Enterobacter_sp._Crenshaw",-0.0102700766441631,0.00630906112244433
"X2020965","Mixture",-0.00404023082252576,NA,-0.0166348444729912,0.00855438282793971,0.534804294565737,40,-0.00568433729018624,NA,0.996152297501241,"Bifidobacterium imperatoris","Species","Bifidobacterium imperatoris","d__Bacteria;p__Actinomycetota;c__Actinomycetes;o__Bifidobacteriales;f__Bifidobacteriaceae;g__Bifidobacterium_s__Bifidobacterium_imperatoris",-0.0212819345764109,0.00991325999603841
"X2021971","Mixture",0.00189668166805778,NA,-0.00970168367406865,0.0134950470101842,0.751046903825582,40,0.00135619698558958,NA,0.996152297501241,"Streptococcus respiraculi","Species","Streptococcus respiraculi","d__Bacteria;p__Bacillota;c__Bacilli;o__Lactobacillales;f__Streptococcaceae;g__Streptococcus_s__Streptococcus_respiraculi",-0.0154901393818145,0.0182025333529937
"X2027919","Mixture",-0.00200679159446313,NA,-0.00807492291510507,0.00406133972617881,0.522343363268934,40,-0.00545360460240355,NA,0.996152297501241,"Enterobacter cloacae complex sp.","Species","Enterobacter cloacae complex sp.","d__Bacteria;p__Pseudomonadota;c__Gammaproteobacteria;o__Enterobacterales;f__Enterobacteriaceae;g__Enterobacter_s__Enterobacter_cloacae_complex_sp.",-0.0125381205878559,0.00163091138304882
"X2044467","Mixture",-0.000736489134744102,NA,-0.00836197045407205,0.00688899218458384,0.851274712887029,40,-0.00237637194421215,NA,0.996152297501241,"Escherichia sp. E4742","Species","Escherichia sp. E4742","d__Bacteria;p__Pseudomonadota;c__Gammaproteobacteria;o__Enterobacterales;f__Enterobacteriaceae;g__Escherichia_s__Escherichia_sp._E4742",-0.0124775894449565,0.00772484555653215
"X2058152","Mixture",0.00190193792828201,NA,-0.00297598740640166,0.00677986326296569,0.451373086943526,40,0.00222595889181829,NA,0.996152297501241,"Klebsiella grimontii","Species","Klebsiella grimontii","d__Bacteria;p__Pseudomonadota;c__Gammaproteobacteria;o__Enterobacterales;f__Enterobacteriaceae;g__Klebsiella_s__Klebsiella_grimontii",-0.00484295906377818,0.00929487684741475
"X211595","Mixture",0.00269790870259916,NA,-0.0054544390847273,0.0108502564899256,0.522060776254878,40,0.00363393673355307,NA,0.996152297501241,"Enterobacter sp. RFL1396","Species","Enterobacter sp. RFL1396","d__Bacteria;p__Pseudomonadota;c__Gammaproteobacteria;o__Enterobacterales;f__Enterobacteriaceae;g__Enterobacter_s__Enterobacter_sp._RFL1396",-0.00826369734003932,0.0155315708071455
"X2212991","Mixture",0.00123641979382752,NA,-0.00734982898631785,0.00982266857397288,0.779915693167922,40,0.00129147404907343,NA,0.996152297501241,"Clostridium sp. AWRP","Species","Clostridium sp. AWRP","d__Bacteria;p__Bacillota;c__Clostridia;o__Eubacteriales;f__Clostridiaceae;g__Clostridium_s__Clostridium_sp._AWRP",-0.00991453883512585,0.0124974869332727
"X223919","Mixture",0.00333526635657853,NA,-0.00634912802786492,0.013019660741022,0.505413205212021,40,0.00918485346184016,NA,0.996152297501241,"Clostridium diolis","Species","Clostridium diolis","d__Bacteria;p__Bacillota;c__Clostridia;o__Eubacteriales;f__Clostridiaceae;g__Clostridium_s__Clostridium_diolis",-0.00420554899801124,0.0225752559216916
"X2382163","Mixture",0.000879716443297855,NA,-0.00784986808014517,0.00960930096674088,0.84490501140408,40,-0.000199519485933501,NA,0.996152297501241,"Streptococcus koreensis","Species","Streptococcus koreensis","d__Bacteria;p__Bacillota;c__Bacilli;o__Lactobacillales;f__Streptococcaceae;g__Streptococcus_s__Streptococcus_koreensis",-0.0117779888289032,0.0113789498570362
"X238834","Mixture",0.000306729761921517,NA,-0.00327802960625645,0.00389148913009948,0.868065808674365,40,-0.000103673158226291,NA,0.996152297501241,"Clostridium estertheticum","Species","Clostridium estertheticum","d__Bacteria;p__Bacillota;c__Clostridia;o__Eubacteriales;f__Clostridiaceae;g__Clostridium_s__Clostridium_estertheticum",-0.00470814961342279,0.00450080329697021
"X2420308","Mixture",7.33363161031797e-05,NA,-0.00976536493595311,0.00991203756815947,0.988451299431118,40,0.00379467631278992,NA,0.996152297501241,"Streptococcus sp. FDAARGOS_520","Species","Streptococcus sp. FDAARGOS_520","d__Bacteria;p__Bacillota;c__Bacilli;o__Lactobacillales;f__Streptococcaceae;g__Streptococcus_s__Streptococcus_sp._FDAARGOS_520",-0.00945793794209446,0.0170472905676743
"X246787","Mixture",-1.52778455890431e-05,NA,-0.00654143568377073,0.00651087999259264,0.996372805969448,40,0.00473008660293691,NA,0.996372805969448,"Bacteroides cellulosilyticus","Species","Bacteroides cellulosilyticus","d__Bacteria;p__Bacteroidota;c__Bacteroidia;o__Bacteroidales;f__Bacteroidaceae;g__Bacteroides_s__Bacteroides_cellulosilyticus",-0.00539650229508066,0.0148566755009545
"X2478464","Mixture",-0.00174552190115394,NA,-0.0128236979460165,0.00933265414370863,0.759828985669562,40,0.00155451879218716,NA,0.996152297501241,"Enterobacter oligotrophicus","Species","Enterobacter oligotrophicus","d__Bacteria;p__Pseudomonadota;c__Gammaproteobacteria;o__Enterobacterales;f__Enterobacteriaceae;g__Enterobacter_s__Enterobacter_oligotrophicus",-0.0130215158479529,0.0161305534323273
"X2479767","Mixture",0.000745562502349376,NA,-0.00771037688655025,0.009201501891249,0.864089273712597,40,-0.000302234943496421,NA,0.996152297501241,"Blautia sp. SC05B48","Species","Blautia sp. SC05B48","d__Bacteria;p__Bacillota;c__Clostridia;o__Lachnospirales;f__Lachnospiraceae;g__Blautia_s__Blautia_sp._SC05B48",-0.0112367144532818,0.0106322445662889
"X248315","Mixture",-0.00430932348216458,NA,-0.0110391336354188,0.00242048667108967,0.220222234886312,40,-0.00361299669795471,NA,0.996152297501241,"Veillonella rodentium","Species","Veillonella rodentium","d__Bacteria;p__Bacillota;c__Negativicutes;o__Veillonellales;f__Veillonellaceae;g__Veillonella_s__Veillonella_rodentium",-0.0134876532837278,0.00626165988781834
"X2500132","Mixture",0.000510964406273936,NA,-0.00716647730390347,0.00818840611645134,0.89718263960964,40,0.00135689606167776,NA,0.996152297501241,"Enterobacter sp. N18-03635","Species","Enterobacter sp. N18-03635","d__Bacteria;p__Pseudomonadota;c__Gammaproteobacteria;o__Enterobacterales;f__Enterobacteriaceae;g__Enterobacter_s__Enterobacter_sp._N18-03635",-0.00987242305069577,0.0125862151740513
"X2507159","Mixture",-0.000825405331427424,NA,-0.00688006567434495,0.0052292550114901,0.79135069175179,40,-0.000268665735389783,NA,0.996152297501241,"Clostridium sp. JN-9","Species","Clostridium sp. JN-9","d__Bacteria;p__Bacillota;c__Clostridia;o__Eubacteriales;f__Clostridiaceae;g__Clostridium_s__Clostridium_sp._JN-9",-0.00956285278956876,0.00902552131878919
"X254785","Mixture",0.00344213859252698,NA,-0.00276237605973789,0.00964665324479186,0.286494844588462,40,0.00537438125917443,NA,0.996152297501241,"Streptococcus halichoeri","Species","Streptococcus halichoeri","d__Bacteria;p__Bacillota;c__Bacilli;o__Lactobacillales;f__Streptococcaceae;g__Streptococcus_s__Streptococcus_halichoeri",-0.00213823341852054,0.0128869959368694
"X2565914","Mixture",-0.00351680389882334,NA,-0.0118772275869508,0.00484361978930411,0.416904308024727,40,-0.00567154134289909,NA,0.996152297501241,"Enterobacter sp. 18A13","Species","Enterobacter sp. 18A13","d__Bacteria;p__Pseudomonadota;c__Gammaproteobacteria;o__Enterobacterales;f__Enterobacteriaceae;g__Enterobacter_s__Enterobacter_sp._18A13",-0.0169048827825068,0.00556180009670865
"X2587529","Mixture",-0.0015542094576171,NA,-0.0101774445038138,0.00706902558857957,0.726641089443218,40,-0.00943243496136659,NA,0.996152297501241,"Klebsiella pasteurii","Species","Klebsiella pasteurii","d__Bacteria;p__Pseudomonadota;c__Gammaproteobacteria;o__Enterobacterales;f__Enterobacteriaceae;g__Klebsiella_s__Klebsiella_pasteurii",-0.0199151210347881,0.00105025111205491
"X2596949","Mixture",-0.0080138371680239,NA,-0.0160152883307127,-1.23860053351469e-05,0.0600246493644983,40,-0.0105222936752963,NA,0.996152297501241,"Enterobacter sp. E76","Species","Enterobacter sp. E76","d__Bacteria;p__Pseudomonadota;c__Gammaproteobacteria;o__Enterobacterales;f__Enterobacteriaceae;g__Enterobacter_s__Enterobacter_sp._E76",-0.0212698674911483,0.000225280140555726
"X2598457","Mixture",-0.000265023074551287,NA,-0.00536711095184688,0.0048370648027443,0.919661041432816,40,-0.0025196536591929,NA,0.996152297501241,"Streptococcus sp. KS 6","Species","Streptococcus sp. KS 6","d__Bacteria;p__Bacillota;c__Bacilli;o__Lactobacillales;f__Streptococcaceae;g__Streptococcus_s__Streptococcus_sp._KS_6",-0.00879600320735299,0.00375669588896719
"X2682455","Mixture",-0.000218874779877417,NA,-0.00518244679686456,0.00474469723710973,0.931764738315829,40,0.000485834422664301,NA,0.996152297501241,"Veillonella sp. S12025-13","Species","Veillonella sp. S12025-13","d__Bacteria;p__Bacillota;c__Negativicutes;o__Veillonellales;f__Veillonellaceae;g__Veillonella_s__Veillonella_sp._S12025-13",-0.00636899847850678,0.00734066732383538
"X2686210","Mixture",0.00338073738411515,NA,-0.00224315444417136,0.00900462921240166,0.248993363273675,40,0.00333898108706108,NA,0.996152297501241,"Streptococcus ruminicola","Species","Streptococcus ruminicola","d__Bacteria;p__Bacillota;c__Bacilli;o__Lactobacillales;f__Streptococcaceae;g__Streptococcus_s__Streptococcus_ruminicola",-0.00438218250429589,0.0110601446784181
"X2697371","Mixture",-7.93360840248258e-05,NA,-0.0042022583790167,0.00404358621096705,0.970192422865603,40,-0.000211148051429097,NA,0.996152297501241,"Klebsiella sp. MPUS7","Species","Klebsiella sp. MPUS7","d__Bacteria;p__Pseudomonadota;c__Gammaproteobacteria;o__Enterobacterales;f__Enterobacteriaceae;g__Klebsiella_s__Klebsiella_sp._MPUS7",-0.00601276610044105,0.00559046999758285
"X2715212","Mixture",0.00430604101419843,NA,-0.00252629199611261,0.0111383740245095,0.227376173039378,40,0.0102308360974947,NA,0.996152297501241,"Bacteroides faecium","Species","Bacteroides faecium","d__Bacteria;p__Bacteroidota;c__Bacteroidia;o__Bacteroidales;f__Bacteroidaceae;g__Bacteroides_s__Bacteroides_faecium",0.00167479785889012,0.0187868743360993
"X2725997","Mixture",-0.00129990600842553,NA,-0.00614934532362757,0.00354953330677652,0.60361149617558,40,-0.00110368320208323,NA,0.996152297501241,"Escherichia sp. SCLE84","Species","Escherichia sp. SCLE84","d__Bacteria;p__Pseudomonadota;c__Gammaproteobacteria;o__Enterobacterales;f__Enterobacteriaceae;g__Escherichia_s__Escherichia_sp._SCLE84",-0.00766658158708675,0.00545921518292029
"X2742639","Mixture",0.00272724859983042,NA,-0.00322114637510028,0.00867564357476112,0.376802735908564,40,0.00286970471404856,NA,0.996152297501241,"Enterobacter sp. RHBSTW-00175","Species","Enterobacter sp. RHBSTW-00175","d__Bacteria;p__Pseudomonadota;c__Gammaproteobacteria;o__Enterobacterales;f__Enterobacteriaceae;g__Enterobacter_s__Enterobacter_sp._RHBSTW-00175",-0.00606768099231026,0.0118070904204074
"X2742643","Mixture",0.00348630101295211,NA,-0.00767159932418382,0.014644201350088,0.545401026835383,40,0.00732083083157601,NA,0.996152297501241,"Enterobacter sp. RHBSTW-00318","Species","Enterobacter sp. RHBSTW-00318","d__Bacteria;p__Pseudomonadota;c__Gammaproteobacteria;o__Enterobacterales;f__Enterobacteriaceae;g__Enterobacter_s__Enterobacter_sp._RHBSTW-00318",-0.00728957968157323,0.0219312413447252
"X2742672","Mixture",0.00270912429997231,NA,-0.00570729099409512,0.0111255395940398,0.533420525213518,40,0.00234672704851084,NA,0.996152297501241,"Enterobacter sp. RHBSTW-00974","Species","Enterobacter sp. RHBSTW-00974","d__Bacteria;p__Pseudomonadota;c__Gammaproteobacteria;o__Enterobacterales;f__Enterobacteriaceae;g__Enterobacter_s__Enterobacter_sp._RHBSTW-00974",-0.00894238260576692,0.0136358367027886
"X2742673","Mixture",-0.00178840066075903,NA,-0.00767566989978095,0.00409886857826289,0.556543128223631,40,0.00177053935162953,NA,0.996152297501241,"Enterobacter sp. RHBSTW-00975","Species","Enterobacter sp. RHBSTW-00975","d__Bacteria;p__Pseudomonadota;c__Gammaproteobacteria;o__Enterobacterales;f__Enterobacteriaceae;g__Enterobacter_s__Enterobacter_sp._RHBSTW-00975",-0.00657326014201995,0.010114338845279
"X2755405","Mixture",0.00043726382303861,NA,-0.0101207960523904,0.0109953236984677,0.935903704933304,40,-0.00324301723738056,NA,0.996152297501241,"Bacteroides sp. CACC 737","Species","Bacteroides sp. CACC 737","d__Bacteria;p__Bacteroidota;c__Bacteroidia;o__Bacteroidales;f__Bacteroidaceae;g__Bacteroides_s__Bacteroides_sp._CACC_737",-0.0174096352798827,0.0109236008051215
"X2763062","Mixture",0.000616496000529433,NA,-0.00842874532125638,0.00966173732231524,0.894721341187123,40,0.000233536588908794,NA,0.996152297501241,"Roseburia rectibacter","Species","Roseburia rectibacter","d__Bacteria;p__Bacillota;c__Clostridia;o__Lachnospirales;f__Lachnospiraceae;g__Roseburia_s__Roseburia_rectibacter",-0.012561208869236,0.0130282820470536
"X2781599","Mixture",-0.00280539597919429,NA,-0.00900625345779942,0.00339546149941084,0.383055735138957,40,-0.00484342254099248,NA,0.996152297501241,"Streptococcus oriscaviae","Species","Streptococcus oriscaviae","d__Bacteria;p__Bacillota;c__Bacilli;o__Lactobacillales;f__Streptococcaceae;g__Streptococcus_s__Streptococcus_oriscaviae",-0.013550870340341,0.00386402525835609
"X2785531","Mixture",-0.00696314451063385,NA,-0.0202728078508715,0.00634651882960382,0.314281625421438,40,-0.00829852136275739,NA,0.996152297501241,"Bacteroides sp. HF-162","Species","Bacteroides sp. HF-162","d__Bacteria;p__Bacteroidota;c__Bacteroidia;o__Bacteroidales;f__Bacteroidaceae;g__Bacteroides_s__Bacteroides_sp._HF-162",-0.0256719137620651,0.00907487103655036
"X2798729","Mixture",0.000671886611783849,NA,-0.005540925356435,0.0068846985800027,0.83372945148995,40,0.000257492558302466,NA,0.996152297501241,"Enterobacter cloacae complex sp. AR_0002","Species","Enterobacter cloacae complex sp. AR_0002","d__Bacteria;p__Pseudomonadota;c__Gammaproteobacteria;o__Enterobacterales;f__Enterobacteriaceae;g__Enterobacter_s__Enterobacter_cloacae_complex_sp._AR_0002",-0.00809884333128625,0.00861382844789118
"X28116","Mixture",0.00187176546484005,NA,-0.0059477416840197,0.0096912726136998,0.642722389424435,40,0.00331855289930307,NA,0.996152297501241,"Bacteroides ovatus","Species","Bacteroides ovatus","d__Bacteria;p__Bacteroidota;c__Bacteroidia;o__Bacteroidales;f__Bacteroidaceae;g__Bacteroides_s__Bacteroides_ovatus",-0.00706200000941529,0.0136991058080214
"X2831966","Mixture",-0.0133949440053402,NA,-0.0256319128793023,-0.00115797513137816,0.041068637140407,40,-0.0179672893073028,NA,0.996152297501241,"Ruminococcus sp. FMBCY1","Species","Ruminococcus sp. FMBCY1","d__Bacteria;p__Bacillota;c__Clostridia;o__Eubacteriales;f__Oscillospiraceae;g__Ruminococcus_s__Ruminococcus_sp._FMBCY1",-0.0361280216104541,0.000193442995848427
"X2843318","Mixture",0.00613990737968839,NA,-0.00349875651492571,0.0157785712743025,0.222561181461618,40,0.0093995722416365,NA,0.996152297501241,"Clostridium sp. CF011","Species","Clostridium sp. CF011","d__Bacteria;p__Bacillota;c__Clostridia;o__Eubacteriales;f__Clostridiaceae;g__Clostridium_s__Clostridium_sp._CF011",-0.00390025455513842,0.0226993990384114
"X2849865","Mixture",-0.0053364053788218,NA,-0.0101772993392552,-0.000495511418388435,0.0397653806406351,40,-0.00688528043453617,NA,0.996152297501241,"Clostridium sp. CM027","Species","Clostridium sp. CM027","d__Bacteria;p__Bacillota;c__Clostridia;o__Eubacteriales;f__Clostridiaceae;g__Clostridium_s__Clostridium_sp._CM027",-0.0139881630899899,0.000217602220917501
"X2850492","Mixture",-0.000613808571529689,NA,-0.00695919822090177,0.00573158107784239,0.851046040169016,40,-0.000780695837699837,NA,0.996152297501241,"Enterobacter cloacae complex sp. ECL78","Species","Enterobacter cloacae complex sp. ECL78","d__Bacteria;p__Pseudomonadota;c__Gammaproteobacteria;o__Enterobacterales;f__Enterobacteriaceae;g__Enterobacter_s__Enterobacter_cloacae_complex_sp._ECL78",-0.00939594478655631,0.00783455311115663
"X2850493","Mixture",0.00335423353226895,NA,-0.0049502003857416,0.0116586674502795,0.435466820269728,40,-0.0010869581212529,NA,0.996152297501241,"Enterobacter cloacae complex sp. ECL112","Species","Enterobacter cloacae complex sp. ECL112","d__Bacteria;p__Pseudomonadota;c__Gammaproteobacteria;o__Enterobacterales;f__Enterobacteriaceae;g__Enterobacter_s__Enterobacter_cloacae_complex_sp._ECL112",-0.0127043356040198,0.010530419361514
"X2857061","Mixture",0.00076323898117644,NA,-0.00471839872000769,0.00624487668236057,0.787009051632441,40,0.00346363125777219,NA,0.996152297501241,"Escherichia sp. TC-EC600-tetX4","Species","Escherichia sp. TC-EC600-tetX4","d__Bacteria;p__Pseudomonadota;c__Gammaproteobacteria;o__Enterobacterales;f__Enterobacteriaceae;g__Escherichia_s__Escherichia_sp._TC-EC600-tetX4",-0.00348233111142432,0.0104095936269687
"X2860337","Mixture",-0.00422005472292594,NA,-0.0125598640141205,0.00411975456826862,0.330116200793384,40,-0.00162360967116197,NA,0.996152297501241,"Escherichia sp. TM-G17TGC","Species","Escherichia sp. TM-G17TGC","d__Bacteria;p__Pseudomonadota;c__Gammaproteobacteria;o__Enterobacterales;f__Enterobacteriaceae;g__Escherichia_s__Escherichia_sp._TM-G17TGC",-0.012203559638011,0.00895634029568701
"X2873296","Mixture",0.000974004420610589,NA,-0.00862778693345978,0.010575795774681,0.843894314818744,40,-0.00666618196307021,NA,0.996152297501241,"Klebsiella sp. CTHL.F3a","Species","Klebsiella sp. CTHL.F3a","d__Bacteria;p__Pseudomonadota;c__Gammaproteobacteria;o__Enterobacterales;f__Enterobacteriaceae;g__Klebsiella_s__Klebsiella_sp._CTHL.F3a",-0.0194952649787723,0.00616290105263184
"X2894203","Mixture",-0.00156303834723811,NA,-0.0114077748457903,0.00828169815131406,0.758052654001988,40,0.0057971901963757,NA,0.996152297501241,"Enterobacter sp. AN-K1","Species","Enterobacter sp. AN-K1","d__Bacteria;p__Pseudomonadota;c__Gammaproteobacteria;o__Enterobacterales;f__Enterobacteriaceae;g__Enterobacter_s__Enterobacter_sp._AN-K1",-0.00830702280148006,0.0199014031942315
"X2897413","Mixture",-0.00117514490592564,NA,-0.00829738668057714,0.00594709686872585,0.748893499741499,40,-0.000522026457531102,NA,0.996152297501241,"Klebsiella sp. KPN54798","Species","Klebsiella sp. KPN54798","d__Bacteria;p__Pseudomonadota;c__Gammaproteobacteria;o__Enterobacterales;f__Enterobacteriaceae;g__Klebsiella_s__Klebsiella_sp._KPN54798",-0.0105664467869705,0.00952239387190825
"X290053","Mixture",0.00223297121083694,NA,-0.00718041470392152,0.0116463571255954,0.645711126078525,40,0.00347575491070195,NA,0.996152297501241,"Bacteroides helcogenes","Species","Bacteroides helcogenes","d__Bacteria;p__Bacteroidota;c__Bacteroidia;o__Bacteroidales;f__Bacteroidaceae;g__Bacteroides_s__Bacteroides_helcogenes",-0.00877735227190182,0.0157288620933057
"X2912628","Mixture",0.0041445868205511,NA,-0.00330870964457796,0.0115978832856802,0.285395473893991,40,0.00921780432128273,NA,0.996152297501241,"Enterobacter cloacae complex sp. ECL414","Species","Enterobacter cloacae complex sp. ECL414","d__Bacteria;p__Pseudomonadota;c__Gammaproteobacteria;o__Enterobacterales;f__Enterobacteriaceae;g__Enterobacter_s__Enterobacter_cloacae_complex_sp._ECL414",-0.000272926392198993,0.0187085350347644
"X2912629","Mixture",0.00404090567797849,NA,-0.00263039186376307,0.01071220321972,0.245496969101903,40,0.00526963019478484,NA,0.996152297501241,"Enterobacter cloacae complex sp. ECL411","Species","Enterobacter cloacae complex sp. ECL411","d__Bacteria;p__Pseudomonadota;c__Gammaproteobacteria;o__Enterobacterales;f__Enterobacteriaceae;g__Enterobacter_s__Enterobacter_cloacae_complex_sp._ECL411",-0.00444319008412908,0.0149824504736988
"X2912630","Mixture",-0.00126061791417619,NA,-0.00780149352567169,0.00528025769731931,0.70857532799047,40,-0.00208982588839971,NA,0.996152297501241,"Enterobacter cloacae complex sp. ECL405","Species","Enterobacter cloacae complex sp. ECL405","d__Bacteria;p__Pseudomonadota;c__Gammaproteobacteria;o__Enterobacterales;f__Enterobacteriaceae;g__Enterobacter_s__Enterobacter_cloacae_complex_sp._ECL405",-0.0106850454020654,0.00650539362526595
"X2912631","Mixture",-0.00196175146512254,NA,-0.0135421597605387,0.00961865683029365,0.742435647768403,40,-0.000888415089451184,NA,0.996152297501241,"Enterobacter cloacae complex sp. ECL404","Species","Enterobacter cloacae complex sp. ECL404","d__Bacteria;p__Pseudomonadota;c__Gammaproteobacteria;o__Enterobacterales;f__Enterobacteriaceae;g__Enterobacter_s__Enterobacter_cloacae_complex_sp._ECL404",-0.0171962724675031,0.0154194422886007
"X2923088","Mixture",0.00627888486956338,NA,-0.00105043703721424,0.013608206776341,0.104677812369716,40,0.00683888619730084,NA,0.996152297501241,"Enterobacter sp. JH25","Species","Enterobacter sp. JH25","d__Bacteria;p__Pseudomonadota;c__Gammaproteobacteria;o__Enterobacterales;f__Enterobacteriaceae;g__Enterobacter_s__Enterobacter_sp._JH25",-0.00231964042413058,0.0159974128187323
"X29341","Mixture",-0.00265994030083245,NA,-0.0123574586035846,0.00703757800191971,0.595256830384993,40,-0.00176440094040354,NA,0.996152297501241,"Clostridium argentinense","Species","Clostridium argentinense","d__Bacteria;p__Bacillota;c__Clostridia;o__Eubacteriales;f__Clostridiaceae;g__Clostridium_s__Clostridium_argentinense",-0.0140679428212302,0.0105391409404231
"X29466","Mixture",0.00264203936257334,NA,-0.00436429789615194,0.00964837662129862,0.466230612575153,40,0.000890483453090702,NA,0.996152297501241,"Veillonella parvula","Species","Veillonella parvula","d__Bacteria;p__Bacillota;c__Negativicutes;o__Veillonellales;f__Veillonellaceae;g__Veillonella_s__Veillonella_parvula",-0.00866194940852146,0.0104429163147029
"X2972764","Mixture",0.00158756566479481,NA,-0.00882291870011033,0.0119980500297,0.767313763659835,40,-0.00354927256027331,NA,0.996152297501241,"Bacteroides sp. BFG-637","Species","Bacteroides sp. BFG-637","d__Bacteria;p__Bacteroidota;c__Bacteroidia;o__Bacteroidales;f__Bacteroidaceae;g__Bacteroides_s__Bacteroides_sp._BFG-637",-0.0191318847852624,0.0120333396647157
"X2976431","Mixture",-0.00582485779635189,NA,-0.0156606548064729,0.00401093921376909,0.255919811926071,40,-0.00584895715964712,NA,0.996152297501241,"Enterobacter sp. CP102","Species","Enterobacter sp. CP102","d__Bacteria;p__Pseudomonadota;c__Gammaproteobacteria;o__Enterobacterales;f__Enterobacteriaceae;g__Enterobacter_s__Enterobacter_sp._CP102",-0.0210313977290105,0.00933348340971627
"X2985571","Mixture",0.00299525373885328,NA,-0.0063118130203072,0.0123023204980138,0.533496294177562,40,-0.000899986522411781,NA,0.996152297501241,"Bifidobacterium sp. KRGSERBCFTRI","Species","Bifidobacterium sp. KRGSERBCFTRI","d__Bacteria;p__Actinomycetota;c__Actinomycetes;o__Bifidobacteriales;f__Bifidobacteriaceae;g__Bifidobacterium_s__Bifidobacterium_sp._KRGSERBCFTRI",-0.0127928693209026,0.010992896276079
"X299767","Mixture",0.00472287180018959,NA,-0.00109120711495317,0.0105369507153324,0.123001344253184,40,0.00558568593974258,NA,0.996152297501241,"Enterobacter ludwigii","Species","Enterobacter ludwigii","d__Bacteria;p__Pseudomonadota;c__Gammaproteobacteria;o__Enterobacterales;f__Enterobacteriaceae;g__Enterobacter_s__Enterobacter_ludwigii",-0.00256529702066867,0.0137366689001538
"X33038","Mixture",0.000316127048192453,NA,-0.00439131460052916,0.00502356869691407,0.896260072059946,40,-0.000100737229213495,NA,0.996152297501241,"Mediterraneibacter gnavus","Species","Mediterraneibacter gnavus","d__Bacteria;p__Bacillota;c__Clostridia;o__Lachnospirales;f__Lachnospiraceae;g__Mediterraneibacter_s__Mediterraneibacter_gnavus",-0.00671931295718849,0.0065178384987615
"X33043","Mixture",-0.0017012876716069,NA,-0.00581996488208029,0.0024173895388665,0.425250434027795,40,-0.00155559802387449,NA,0.996152297501241,"Coprococcus eutactus","Species","Coprococcus eutactus","d__Bacteria;p__Bacillota;c__Clostridia;o__Lachnospirales;f__Lachnospiraceae;g__Coprococcus_s__Coprococcus_eutactus",-0.00688784694450314,0.00377665089675416
"X332101","Mixture",0.00594014063178589,NA,-0.00129601292845878,0.0131762941920306,0.119263619544862,40,0.0107010026131995,NA,0.996152297501241,"Clostridium drakei","Species","Clostridium drakei","d__Bacteria;p__Bacillota;c__Clostridia;o__Eubacteriales;f__Clostridiaceae;g__Clostridium_s__Clostridium_drakei",0.00123026654891343,0.0201717386774856
"X333367","Mixture",0.00282927472212907,NA,-0.00556720846988265,0.0112257579141408,0.514574419612222,40,0.00266492621156326,NA,0.996152297501241,"Enterocloster asparagiformis","Species","Enterocloster asparagiformis","d__Bacteria;p__Bacillota;c__Clostridia;o__Lachnospirales;f__Lachnospiraceae;g__Enterocloster_s__Enterocloster_asparagiformis",-0.00691156166893188,0.0122414140920584
"X360422","Mixture",0.000246302393628101,NA,-0.00834274381589182,0.00883534860314802,0.955592690959471,40,0.00146655118401876,NA,0.996152297501241,"Clostridium tagluense","Species","Clostridium tagluense","d__Bacteria;p__Bacillota;c__Clostridia;o__Eubacteriales;f__Clostridiaceae;g__Clostridium_s__Clostridium_tagluense",-0.010005324939981,0.0129384273080186
"X36745","Mixture",-0.00233626927198397,NA,-0.0133841470496195,0.00871160850565157,0.681805156148866,40,-0.000297871670562674,NA,0.996152297501241,"Clostridium saccharoperbutylacetonicum","Species","Clostridium saccharoperbutylacetonicum","d__Bacteria;p__Bacillota;c__Clostridia;o__Eubacteriales;f__Clostridiaceae;g__Clostridium_s__Clostridium_saccharoperbutylacetonicum",-0.0170730451481174,0.0164773018069921
"X36839","Mixture",0.000450671293924899,NA,-0.00674201101638293,0.00764335360423272,0.903170838299013,40,-0.00287651871091845,NA,0.996152297501241,"Clostridium felsineum","Species","Clostridium felsineum","d__Bacteria;p__Bacillota;c__Clostridia;o__Eubacteriales;f__Clostridiaceae;g__Clostridium_s__Clostridium_felsineum",-0.0125724927170418,0.00681945529520491
"X371601","Mixture",-0.00200339357392381,NA,-0.00915119445833822,0.00514440731049059,0.587286749904393,40,-0.00848000946825429,NA,0.996152297501241,"Bacteroides xylanisolvens","Species","Bacteroides xylanisolvens","d__Bacteria;p__Bacteroidota;c__Bacteroidia;o__Bacteroidales;f__Bacteroidaceae;g__Bacteroides_s__Bacteroides_xylanisolvens",-0.0169985081899902,3.84892534815769e-05
"X376805","Mixture",-0.000613043959519577,NA,-0.00934060919615064,0.00811452127711148,0.891520974061058,40,0.000366373823905262,NA,0.996152297501241,"Phocaeicola salanitronis","Species","Phocaeicola salanitronis","d__Bacteria;p__Bacteroidota;c__Bacteroidia;o__Bacteroidales;f__Bacteroidaceae;g__Phocaeicola_s__Phocaeicola_salanitronis",-0.0108925275559113,0.0116252752037218
"X39778","Mixture",-0.0026625539854336,NA,-0.009560545074561,0.00423543710369381,0.455884807803566,40,0.000898563796213821,NA,0.996152297501241,"Veillonella dispar","Species","Veillonella dispar","d__Bacteria;p__Bacillota;c__Negativicutes;o__Veillonellales;f__Veillonellaceae;g__Veillonella_s__Veillonella_dispar",-0.00852280548105932,0.010319933073487
"X400065","Mixture",-0.000936934004833848,NA,-0.0085919477201723,0.0067180797105046,0.81222789507413,40,0.000422495558792341,NA,0.996152297501241,"Streptococcus merionis","Species","Streptococcus merionis","d__Bacteria;p__Bacillota;c__Bacilli;o__Lactobacillales;f__Streptococcaceae;g__Streptococcus_s__Streptococcus_merionis",-0.0104934278507323,0.011338418968317
"X418240","Mixture",-0.00153790492670861,NA,-0.0121069571151615,0.00903114726174432,0.777671271368656,40,-0.00442528262030778,NA,0.996152297501241,"Blautia wexlerae","Species","Blautia wexlerae","d__Bacteria;p__Bacillota;c__Clostridia;o__Lachnospirales;f__Lachnospiraceae;g__Blautia_s__Blautia_wexlerae",-0.0188529312330276,0.0100023659924121
"X42895","Mixture",-0.00392261716615101,NA,-0.00889471830719618,0.00104948397489415,0.133682530068002,40,-0.00815413797768562,NA,0.996152297501241,"Enterobacter sp.","Species","Enterobacter sp.","d__Bacteria;p__Pseudomonadota;c__Gammaproteobacteria;o__Enterobacterales;f__Enterobacteriaceae;g__Enterobacter_s__Enterobacter_sp.",-0.0146070500812736,-0.00170122587409766
"X438033","Mixture",-0.00117462027806608,NA,-0.0105950258503349,0.0082457852942027,0.808779688566442,40,-0.0016374247161792,NA,0.996152297501241,"Ruminococcus gauvreauii","Species","Ruminococcus gauvreauii","d__Bacteria;p__Bacillota;c__Clostridia;o__Eubacteriales;f__Oscillospiraceae;g__Ruminococcus_s__Ruminococcus_gauvreauii",-0.0142860269540058,0.0110111775216474
"X45634","Mixture",0.00112800011409081,NA,-0.00707958940974939,0.009335589637931,0.789696497396365,40,0.00457104325672597,NA,0.996152297501241,"Streptococcus cristatus","Species","Streptococcus cristatus","d__Bacteria;p__Bacillota;c__Bacilli;o__Lactobacillales;f__Streptococcaceae;g__Streptococcus_s__Streptococcus_cristatus",-0.00661055493597895,0.0157526414494309
"X548","Mixture",0.000128398174057078,NA,-0.0100893992742627,0.0103461956223768,0.980531887250403,40,0.00225265849172472,NA,0.996152297501241,"Klebsiella aerogenes","Species","Klebsiella aerogenes","d__Bacteria;p__Pseudomonadota;c__Gammaproteobacteria;o__Enterobacterales;f__Enterobacteriaceae;g__Klebsiella_s__Klebsiella_aerogenes",-0.0115738483241975,0.016079165307647
"X550","Mixture",-0.00135475350979847,NA,-0.00874905886815748,0.00603955184856054,0.722316086613392,40,-0.00173028233291762,NA,0.996152297501241,"Enterobacter cloacae","Species","Enterobacter cloacae","d__Bacteria;p__Pseudomonadota;c__Gammaproteobacteria;o__Enterobacterales;f__Enterobacteriaceae;g__Enterobacter_s__Enterobacter_cloacae",-0.0107441676344718,0.00728360296863654
"X564","Mixture",-0.000371464132678706,NA,-0.00741514171992122,0.0066722134545638,0.91843873380286,40,0.000817278248371254,NA,0.996152297501241,"Escherichia fergusonii","Species","Escherichia fergusonii","d__Bacteria;p__Pseudomonadota;c__Gammaproteobacteria;o__Enterobacterales;f__Enterobacteriaceae;g__Escherichia_s__Escherichia_fergusonii",-0.00875175187526844,0.0103863083720109
"X571","Mixture",-0.00135903927499945,NA,-0.00571413524549125,0.00299605669549235,0.545904535210257,40,0.00246792617057534,NA,0.996152297501241,"Klebsiella oxytoca","Species","Klebsiella oxytoca","d__Bacteria;p__Pseudomonadota;c__Gammaproteobacteria;o__Enterobacterales;f__Enterobacteriaceae;g__Klebsiella_s__Klebsiella_oxytoca",-0.00431378196160475,0.00924963430275542
"X576","Mixture",-0.000511325620425313,NA,-0.00967667617175837,0.00865402493090774,0.913737967198456,40,-0.000809301209565315,NA,0.996152297501241,"Klebsiella sp.","Species","Klebsiella sp.","d__Bacteria;p__Pseudomonadota;c__Gammaproteobacteria;o__Enterobacterales;f__Enterobacteriaceae;g__Klebsiella_s__Klebsiella_sp.",-0.0126813451884929,0.0110627427693622
"X59310","Mixture",-3.83939449114327e-05,NA,-0.00546444278760758,0.00538765489778472,0.989036923947661,40,0.00386215521572303,NA,0.996152297501241,"Streptococcus macedonicus","Species","Streptococcus macedonicus","d__Bacteria;p__Bacillota;c__Bacilli;o__Lactobacillales;f__Streptococcaceae;g__Streptococcus_s__Streptococcus_macedonicus",-0.00290024604507399,0.0106245564765201
"X61645","Mixture",0.000248051819246728,NA,-0.00991301843737451,0.010409122075868,0.96219067039229,40,0.0023107093599554,NA,0.996152297501241,"Enterobacter asburiae","Species","Enterobacter asburiae","d__Bacteria;p__Pseudomonadota;c__Gammaproteobacteria;o__Enterobacterales;f__Enterobacteriaceae;g__Enterobacter_s__Enterobacter_asburiae",-0.0132797632725891,0.0179011819924999
"X623","Mixture",-0.00354755159051259,NA,-0.0117894210850749,0.00469431790404969,0.406289672614757,40,-0.00121218999385683,NA,0.996152297501241,"Shigella flexneri","Species","Shigella flexneri","d__Bacteria;p__Pseudomonadota;c__Gammaproteobacteria;o__Enterobacterales;f__Enterobacteriaceae;g__Shigella_s__Shigella_flexneri",-0.0123421604866287,0.00991778049891509
"X674529","Mixture",0.00826579350047394,NA,0.00069305256376785,0.01583853443718,0.041603625148902,40,0.013088541890203,NA,0.996152297501241,"Bacteroides faecis","Species","Bacteroides faecis","d__Bacteria;p__Bacteroidota;c__Bacteroidia;o__Bacteroidales;f__Bacteroidaceae;g__Bacteroides_s__Bacteroides_faecis",0.00356332818275901,0.022613755597647
"X68892","Mixture",0.000526438814333667,NA,-0.00489231247443253,0.00594519010309986,0.850409906859558,40,0.00200257482085913,NA,0.996152297501241,"Streptococcus infantis","Species","Streptococcus infantis","d__Bacteria;p__Bacillota;c__Bacilli;o__Lactobacillales;f__Streptococcaceae;g__Streptococcus_s__Streptococcus_infantis",-0.00597854221410776,0.00998369185582602
"X704125","Mixture",0.000630189629336519,NA,-0.00358781337061519,0.00484819262928823,0.771892415464619,40,-0.000663276346345211,NA,0.996152297501241,"Clostridium gelidum","Species","Clostridium gelidum","d__Bacteria;p__Bacillota;c__Clostridia;o__Eubacteriales;f__Clostridiaceae;g__Clostridium_s__Clostridium_gelidum",-0.00715267808466043,0.00582612539197001
"X751585","Mixture",-0.00259455253088498,NA,-0.0109555372566253,0.00576643219485534,0.548131308662455,40,-0.00274461298593439,NA,0.996152297501241,"Coprococcus sp. ART55/1","Species","Coprococcus sp. ART55/1","d__Bacteria;p__Bacillota;c__Clostridia;o__Lachnospirales;f__Lachnospiraceae;g__Coprococcus_s__Coprococcus_sp._ART55/1",-0.0141083726389914,0.00861914666712262
"X820","Mixture",0.00382840920995448,NA,-0.00433479940535786,0.0119916178252668,0.366135360747262,40,0.00610601601325538,NA,0.996152297501241,"Bacteroides uniformis","Species","Bacteroides uniformis","d__Bacteria;p__Bacteroidota;c__Bacteroidia;o__Bacteroidales;f__Bacteroidaceae;g__Bacteroides_s__Bacteroides_uniformis",-0.00535066681342139,0.0175626988399321
"X823","Mixture",-0.000864777220095489,NA,-0.00744035225490361,0.00571079781471263,0.798545242742963,40,-0.00633074384898243,NA,0.996152297501241,"Parabacteroides distasonis","Species","Parabacteroides distasonis","d__Bacteria;p__Bacteroidota;c__Bacteroidia;o__Bacteroidales;f__Tannerellaceae;g__Parabacteroides_s__Parabacteroides_distasonis",-0.0149396037855597,0.00227811608759486
"X84022","Mixture",-0.00255471948168542,NA,-0.0122792152304199,0.00716977626704907,0.610811654368891,40,-0.00544888334347418,NA,0.996152297501241,"Clostridium aceticum","Species","Clostridium aceticum","d__Bacteria;p__Bacillota;c__Clostridia;o__Eubacteriales;f__Clostridiaceae;g__Clostridium_s__Clostridium_aceticum",-0.0182961073073708,0.00739834062042242
"X84023","Mixture",0.00233650309809144,NA,-0.00549814435772278,0.0101711505539057,0.563727205170204,40,-0.000349512914436566,NA,0.996152297501241,"Clostridium autoethanogenum","Species","Clostridium autoethanogenum","d__Bacteria;p__Bacillota;c__Clostridia;o__Eubacteriales;f__Clostridiaceae;g__Clostridium_s__Clostridium_autoethanogenum",-0.00952717571937662,0.00882814989050348
"X885040","Mixture",0.00132488514526209,NA,-0.00488206060875422,0.00753183089927841,0.67899417406702,40,0.000913782667525929,NA,0.996152297501241,"Enterobacter soli","Species","Enterobacter soli","d__Bacteria;p__Pseudomonadota;c__Gammaproteobacteria;o__Enterobacterales;f__Enterobacteriaceae;g__Enterobacter_s__Enterobacter_soli",-0.00771305589070204,0.00954062122575389
"X102115","PFOS",-0.000900847482988107,0.000877889928484408,-0.0026890507502058,0.000887355784229587,0.312515250369963,40,-0.000808515100205286,0.000787910580760487,0.750102299819118,"Stanieria","Genus","Stanieria","d__Bacteria;p__Cyanobacteriota;c__Cyanophyceae;o__Pleurocapsales;f__Dermocarpellaceae;g___g__Stanieria",NA,NA
"X102115","PFHxS",-0.00066349144116413,0.000930645451410418,-0.00255915419208149,0.00123217130975323,0.48105179575774,40,-0.000659080343334101,0.000924458230481026,0.850285394868994,"Stanieria","Genus","Stanieria","d__Bacteria;p__Cyanobacteriota;c__Cyanophyceae;o__Pleurocapsales;f__Dermocarpellaceae;g___g__Stanieria",NA,NA
"X102115","PFOA",0.0014025459850929,0.000708202648043565,-4.00156026337775e-05,0.00284510757281958,0.05630714907793,40,0.00120475387224843,0.000608329346513773,0.67568578893516,"Stanieria","Genus","Stanieria","d__Bacteria;p__Cyanobacteriota;c__Cyanophyceae;o__Pleurocapsales;f__Dermocarpellaceae;g___g__Stanieria",NA,NA
"X102115","PFBS",-0.000217080719391852,0.000664275047920307,-0.00157016471372928,0.00113600327494558,0.745952129451747,40,-0.000215557203727729,0.000659613033515583,0.991429416891813,"Stanieria","Genus","Stanieria","d__Bacteria;p__Cyanobacteriota;c__Cyanophyceae;o__Pleurocapsales;f__Dermocarpellaceae;g___g__Stanieria",NA,NA
"X102115","PFNA",-0.000651457503510867,0.000578150933940503,-0.00182911241840688,0.000526197411385142,0.268208282368399,40,-0.00100866172520934,0.000895160030112524,0.738782140687756,"Stanieria","Genus","Stanieria","d__Bacteria;p__Cyanobacteriota;c__Cyanophyceae;o__Pleurocapsales;f__Dermocarpellaceae;g___g__Stanieria",NA,NA
"X1190","PFOS",0.000759500672716471,0.000806345916232043,-0.000882972210419463,0.00240197355585241,0.353298579341101,40,0.000681655634392716,0.000723699473633408,0.750102299819118,"Fischerella","Genus","Fischerella","d__Bacteria;p__Cyanobacteriota;c__Cyanophyceae;o__Nostocales;f__Hapalosiphonaceae;g___g__Fischerella",NA,NA
"X1190","PFOA",0.000157642044471658,0.000686903378097764,-0.00124153435011106,0.00155681843905438,0.819943501208783,40,0.000135410792605,0.00059003377673139,0.91884674614832,"Fischerella","Genus","Fischerella","d__Bacteria;p__Cyanobacteriota;c__Cyanophyceae;o__Nostocales;f__Hapalosiphonaceae;g___g__Fischerella",NA,NA
"X1190","PFNA",0.000923994031686178,0.000514815879726484,-0.000124651599471441,0.0019726396628438,0.0821364718088549,40,0.00143063424561225,0.000797097386416727,0.735711049269467,"Fischerella","Genus","Fischerella","d__Bacteria;p__Cyanobacteriota;c__Cyanophyceae;o__Nostocales;f__Hapalosiphonaceae;g___g__Fischerella",NA,NA
"X1190","PFHxS",0.000548723912837597,0.000853908559360096,-0.00119063090398896,0.00228807872966416,0.525059739613504,40,0.00054507582529489,0.000848231509198563,0.850285394868994,"Fischerella","Genus","Fischerella","d__Bacteria;p__Cyanobacteriota;c__Cyanophyceae;o__Nostocales;f__Hapalosiphonaceae;g___g__Fischerella",NA,NA
"X1190","PFBS",-0.000481933401818731,0.00060363983451732,-0.0017115075081878,0.000747640704550337,0.430536157942533,40,-0.000478551097352485,0.000599403370100065,0.991429416891813,"Fischerella","Genus","Fischerella","d__Bacteria;p__Cyanobacteriota;c__Cyanophyceae;o__Nostocales;f__Hapalosiphonaceae;g___g__Fischerella",NA,NA
"X1278221","PFNA",-0.00111303900662949,0.00257554009012734,-0.0063592424936281,0.00413316448036911,0.668525200004128,40,-0.00172333550323972,0.00398774854330973,0.847725522053027,"Auraticoccus","Genus","Auraticoccus","d__Bacteria;p__Actinomycetota;c__Actinomycetes;o__Propionibacteriales;f__Propionibacteriaceae;g___g__Auraticoccus",NA,NA
"X1278221","PFOS",-0.00587121677663875,0.00376912600575778,-0.0135486752134694,0.00180624166019186,0.129137495139204,40,-0.00526944628267747,0.00338280935205969,0.573921107549356,"Auraticoccus","Genus","Auraticoccus","d__Bacteria;p__Actinomycetota;c__Actinomycetes;o__Propionibacteriales;f__Propionibacteriaceae;g___g__Auraticoccus",NA,NA
"X1278221","PFHxS",0.000566662562581333,0.00410883517141914,-0.00780276080086392,0.00893608592602658,0.891173200485623,40,0.000562895213305847,0.00408151835497793,0.990192444984026,"Auraticoccus","Genus","Auraticoccus","d__Bacteria;p__Actinomycetota;c__Actinomycetes;o__Propionibacteriales;f__Propionibacteriaceae;g___g__Auraticoccus",NA,NA
"X1278221","PFOA",0.00175458984116592,0.0032731330757305,-0.00491256405837166,0.0084217437407035,0.595625250311621,40,0.00150715122913592,0.00281154399875849,0.905359760695901,"Auraticoccus","Genus","Auraticoccus","d__Bacteria;p__Actinomycetota;c__Actinomycetes;o__Propionibacteriales;f__Propionibacteriaceae;g___g__Auraticoccus",NA,NA
"X1278221","PFBS",-3.1563383107081e-05,0.00291549375160361,-0.00597022981839805,0.00590710305218389,0.991429416891813,40,-3.13418650067584e-05,0.00289503223658899,0.991429416891813,"Auraticoccus","Genus","Auraticoccus","d__Bacteria;p__Actinomycetota;c__Actinomycetes;o__Propionibacteriales;f__Propionibacteriaceae;g___g__Auraticoccus",NA,NA
"X1298","PFOS",0.000148448417750879,0.000899927218854927,-0.00168464334102204,0.0019815401765238,0.870016246272119,40,0.000133233193875453,0.000807689158564881,0.929988191753339,"Deinococcus","Genus","Deinococcus","d__Bacteria;p__Deinococcota;c__Deinococci;o__Deinococcales;f__Deinococcaceae;g___g__Deinococcus",NA,NA
"X1298","PFOA",0.000806525159132369,0.000743610499294185,-0.00070815986142697,0.00232121017969171,0.286199882920214,40,0.000692786061104546,0.000638743854384155,0.852773771394754,"Deinococcus","Genus","Deinococcus","d__Bacteria;p__Deinococcota;c__Deinococci;o__Deinococcales;f__Deinococcaceae;g___g__Deinococcus",NA,NA
"X1298","PFNA",0.000531424118231964,0.000587391305641765,-0.000665052817888311,0.00172790105435224,0.372375588513961,40,0.00082281217888338,0.000909467040487784,0.738782140687756,"Deinococcus","Genus","Deinococcus","d__Bacteria;p__Deinococcota;c__Deinococci;o__Deinococcales;f__Deinococcaceae;g___g__Deinococcus",NA,NA
"X1298","PFHxS",0.00152202106220108,0.000907468847528157,-0.000326432491480336,0.00337047461588249,0.103243631249089,40,0.00151190219195167,0.000901435711882688,0.588312450540561,"Deinococcus","Genus","Deinococcus","d__Bacteria;p__Deinococcota;c__Deinococci;o__Deinococcales;f__Deinococcaceae;g___g__Deinococcus",NA,NA
"X1298","PFBS",-0.000206158037617117,0.000670428155388576,-0.00157177550172256,0.00115945942648832,0.760453735423374,40,-0.000204711179506114,0.00066572295725184,0.991429416891813,"Deinococcus","Genus","Deinococcus","d__Bacteria;p__Deinococcota;c__Deinococci;o__Deinococcales;f__Deinococcaceae;g___g__Deinococcus",NA,NA
"X1395974","PFOS",0.000175341193239227,0.00118696468026623,-0.00224242674150452,0.00259310912798298,0.883488782165672,40,0.000157369593742651,0.00106530670899178,0.929988191753339,"Tardiphaga","Genus","Tardiphaga","d__Bacteria;p__Pseudomonadota;c__Alphaproteobacteria;o__Hyphomicrobiales;f__Nitrobacteraceae;g___g__Tardiphaga",NA,NA
"X1395974","PFOA",0.000499947248674589,0.000994652050043083,-0.00152609267719911,0.00252598717454829,0.618662503142199,40,0.000429442877568657,0.000854382616731013,0.905359760695901,"Tardiphaga","Genus","Tardiphaga","d__Bacteria;p__Pseudomonadota;c__Alphaproteobacteria;o__Hyphomicrobiales;f__Nitrobacteraceae;g___g__Tardiphaga",NA,NA
"X1395974","PFNA",-0.000158173598440079,0.000784024891792368,-0.00175518004263465,0.00143883284575449,0.84139263585929,40,-0.000244902628069089,0.00121391786217896,0.945247286868821,"Tardiphaga","Genus","Tardiphaga","d__Bacteria;p__Pseudomonadota;c__Alphaproteobacteria;o__Hyphomicrobiales;f__Nitrobacteraceae;g___g__Tardiphaga",NA,NA
"X1395974","PFHxS",0.000353418815795114,0.00124674332367812,-0.00218611423094112,0.00289295186253135,0.778639779885382,40,0.000351069177390268,0.00123845458560483,0.953436465165774,"Tardiphaga","Genus","Tardiphaga","d__Bacteria;p__Pseudomonadota;c__Alphaproteobacteria;o__Hyphomicrobiales;f__Nitrobacteraceae;g___g__Tardiphaga",NA,NA
"X1395974","PFBS",0.000602620240557551,0.00087906511766844,-0.00118797680869397,0.00239321728980907,0.49794987083703,40,0.000598390931853493,0.000872895663834383,0.991429416891813,"Tardiphaga","Genus","Tardiphaga","d__Bacteria;p__Pseudomonadota;c__Alphaproteobacteria;o__Hyphomicrobiales;f__Nitrobacteraceae;g___g__Tardiphaga",NA,NA
"X141450","PFOA",-0.00156361964455403,0.00418884504321375,-0.0100960177836637,0.00696877849455562,0.711400226000626,40,-0.00134311234107267,0.00359811894918095,0.911482515788594,"Oleiphilus","Genus","Oleiphilus","d__Bacteria;p__Pseudomonadota;c__Gammaproteobacteria;o__Oceanospirillales;f__Oleiphilaceae;g___g__Oleiphilus",NA,NA
"X141450","PFBS",-0.00140896875043488,0.003714252845879,-0.00897465421824738,0.00615671671737763,0.70694030011352,40,-0.00139908032751293,0.00368818548067465,0.991429416891813,"Oleiphilus","Genus","Oleiphilus","d__Bacteria;p__Pseudomonadota;c__Gammaproteobacteria;o__Oceanospirillales;f__Oleiphilaceae;g___g__Oleiphilus",NA,NA
"X141450","PFOS",-0.00190458664183838,0.00498028962530254,-0.0120491046397055,0.00823993135602878,0.704674520070258,40,-0.00170937599166932,0.00446983472951102,0.899584493706712,"Oleiphilus","Genus","Oleiphilus","d__Bacteria;p__Pseudomonadota;c__Gammaproteobacteria;o__Oceanospirillales;f__Oleiphilaceae;g___g__Oleiphilus",NA,NA
"X141450","PFHxS",0.00513259225843721,0.00516880948421169,-0.00539592812594638,0.0156611126428208,0.328163031761927,40,0.00509846918590157,0.00513444562827462,0.850285394868994,"Oleiphilus","Genus","Oleiphilus","d__Bacteria;p__Pseudomonadota;c__Gammaproteobacteria;o__Oceanospirillales;f__Oleiphilaceae;g___g__Oleiphilus",NA,NA
"X141450","PFNA",0.00362565851507742,0.00323523093297894,-0.00296429124610091,0.0102156082762558,0.270764478144434,40,0.00561366313708736,0.00500915807512027,0.738782140687756,"Oleiphilus","Genus","Oleiphilus","d__Bacteria;p__Pseudomonadota;c__Gammaproteobacteria;o__Oceanospirillales;f__Oleiphilaceae;g___g__Oleiphilus",NA,NA
"X1434026","PFOS",0.0030204295997462,0.00266105923430708,-0.0023999706835363,0.0084408298830287,0.264785898181152,40,0.00271085060081591,0.00238831390896654,0.750102299819118,"Oceanirhabdus","Genus","Oceanirhabdus","d__Bacteria;p__Bacillota;c__Clostridia;o__Eubacteriales;f__Clostridiaceae;g___g__Oceanirhabdus",NA,NA
"X1434026","PFOA",0.00433421901422254,0.00215010423289035,-4.53999896665083e-05,0.00871383801811159,0.0522805594933248,40,0.00372299175646033,0.00184688874934879,0.67568578893516,"Oceanirhabdus","Genus","Oceanirhabdus","d__Bacteria;p__Bacillota;c__Clostridia;o__Eubacteriales;f__Clostridiaceae;g___g__Oceanirhabdus",NA,NA
"X1434026","PFNA",-0.00284912931159868,0.00172108784015339,-0.00635487052023085,0.000656611897033492,0.107614793756046,40,-0.00441135096501913,0.0026647869135442,0.735711049269467,"Oceanirhabdus","Genus","Oceanirhabdus","d__Bacteria;p__Bacillota;c__Clostridia;o__Eubacteriales;f__Clostridiaceae;g___g__Oceanirhabdus",NA,NA
"X1434026","PFHxS",-0.00197126114139871,0.00283203311235494,-0.00773992381773757,0.00379740153494016,0.491417118027755,40,-0.00195815558312958,0.0028132048738255,0.850285394868994,"Oceanirhabdus","Genus","Oceanirhabdus","d__Bacteria;p__Bacillota;c__Clostridia;o__Eubacteriales;f__Clostridiaceae;g___g__Oceanirhabdus",NA,NA
"X1434026","PFBS",-0.00117588677410726,0.00201337266269347,-0.00527699268355863,0.00292521913534411,0.563289325111773,40,-0.00116763416685312,0.0019992424129047,0.991429416891813,"Oceanirhabdus","Genus","Oceanirhabdus","d__Bacteria;p__Bacillota;c__Clostridia;o__Eubacteriales;f__Clostridiaceae;g___g__Oceanirhabdus",NA,NA
"X146918","PFOS",0.00515261524530607,0.00352039929542648,-0.00201820346184157,0.0123234339524537,0.153045628679828,40,0.00462449783126376,0.00315957589142971,0.573921107549356,"Salinibacter","Genus","Salinibacter","d__Bacteria;p__Rhodothermota;c__Rhodothermia;o__Rhodothermales;f__Salinibacteraceae;g___g__Salinibacter",NA,NA
"X146918","PFOA",-0.00381609701036902,0.00298279789628028,-0.00989185750210498,0.00225966348136694,0.209966537050572,40,-0.00327793719349119,0.0025621529374954,0.852773771394754,"Salinibacter","Genus","Salinibacter","d__Bacteria;p__Rhodothermota;c__Rhodothermia;o__Rhodothermales;f__Salinibacteraceae;g___g__Salinibacter",NA,NA
"X146918","PFNA",-0.000865275246302467,0.00239773495534946,-0.0057493015256336,0.00401875103302867,0.720566693745073,40,-0.00133971904232096,0.00371245010399543,0.847725522053027,"Salinibacter","Genus","Salinibacter","d__Bacteria;p__Rhodothermota;c__Rhodothermia;o__Rhodothermales;f__Salinibacteraceae;g___g__Salinibacter",NA,NA
"X146918","PFHxS",0.00681807825468308,0.00362798445052338,-0.000571884242142776,0.0142080407515089,0.0693367028691687,40,0.00677274954608447,0.00360386447949707,0.544066452857749,"Salinibacter","Genus","Salinibacter","d__Bacteria;p__Rhodothermota;c__Rhodothermia;o__Rhodothermales;f__Salinibacteraceae;g___g__Salinibacter",NA,NA
"X146918","PFBS",-0.00223326565889471,0.00268294931660764,-0.00769825458070631,0.00323172326291688,0.411357015951727,40,-0.00221759215632384,0.00266411984468885,0.991429416891813,"Salinibacter","Genus","Salinibacter","d__Bacteria;p__Rhodothermota;c__Rhodothermia;o__Rhodothermales;f__Salinibacteraceae;g___g__Salinibacter",NA,NA
"X1511648","PFOS",0.00681126974865792,0.00283416457219495,0.00103826543070069,0.0125842740666152,0.02221816623951,40,0.00611314850444456,0.00254367681140174,0.266617994874119,"Defluviitoga","Genus","Defluviitoga","d__Bacteria;p__Thermotogota;c__Thermotogae;o__Petrotogales;f__Petrotogaceae;g___g__Defluviitoga",NA,NA
"X1511648","PFOA",0.000749348489916765,0.00258630984251808,-0.00451879226482736,0.00601748924466089,0.773886917655731,40,0.000643672652794299,0.00222157906459054,0.911482515788594,"Defluviitoga","Genus","Defluviitoga","d__Bacteria;p__Thermotogota;c__Thermotogae;o__Petrotogales;f__Petrotogaceae;g___g__Defluviitoga",NA,NA
"X1511648","PFNA",5.58918155750436e-05,0.00203456404516448,-0.00408837952742554,0.00420016315857563,0.978254559416635,40,8.65381622272851e-05,0.00315014696858159,0.978254559416635,"Defluviitoga","Genus","Defluviitoga","d__Bacteria;p__Thermotogota;c__Thermotogae;o__Petrotogales;f__Petrotogaceae;g___g__Defluviitoga",NA,NA
"X1511648","PFHxS",-3.34312027376551e-05,0.00323736415904183,-0.00662772620321263,0.00656086379773732,0.991824766338375,40,-3.32089416854363e-05,0.00321584115342188,0.991824766338375,"Defluviitoga","Genus","Defluviitoga","d__Bacteria;p__Thermotogota;c__Thermotogae;o__Petrotogales;f__Petrotogaceae;g___g__Defluviitoga",NA,NA
"X1511648","PFBS",0.00074776571798749,0.00229264473445747,-0.00392219878633716,0.00541773022231214,0.746427900516709,40,0.00074251774945468,0.00227655449772433,0.991429416891813,"Defluviitoga","Genus","Defluviitoga","d__Bacteria;p__Thermotogota;c__Thermotogae;o__Petrotogales;f__Petrotogaceae;g___g__Defluviitoga",NA,NA
"X157","PFNA",-0.00911512843299825,0.00622819121118353,-0.0218015387805031,0.00357128191450664,0.153077626226254,40,-0.0141130942865552,0.00964320474958075,0.738782140687756,"Treponema","Genus","Treponema","d__Bacteria;p__Spirochaetota;c__Spirochaetia;o__Spirochaetales;f__Treponemataceae;g___g__Treponema",NA,NA
"X157","PFOA",0.00708128461626573,0.00809224051377144,-0.00940206990953402,0.0235646391420655,0.388056293265853,40,0.00608265622133903,0.00695104345793415,0.852773771394754,"Treponema","Genus","Treponema","d__Bacteria;p__Spirochaetota;c__Spirochaetia;o__Spirochaetales;f__Treponemataceae;g___g__Treponema",NA,NA
"X157","PFBS",0.00107136663300988,0.00725878690987106,-0.0137142984567782,0.0158570317227979,0.883587818289958,40,0.00106384756889409,0.0072078432996292,0.991429416891813,"Treponema","Genus","Treponema","d__Bacteria;p__Spirochaetota;c__Spirochaetia;o__Spirochaetales;f__Treponemataceae;g___g__Treponema",NA,NA
"X157","PFOS",-0.00469906578381869,0.00970117873691246,-0.0244597202239018,0.0150615886562645,0.631414506567977,40,-0.00421743493190795,0.0087068562067434,0.899185373578319,"Treponema","Genus","Treponema","d__Bacteria;p__Spirochaetota;c__Spirochaetia;o__Spirochaetales;f__Treponemataceae;g___g__Treponema",NA,NA
"X157","PFHxS",-0.0158557012903096,0.00984516378943009,-0.0359096436848258,0.00419824110420653,0.117109045867985,40,-0.0157502876478479,0.00977971007302398,0.588312450540561,"Treponema","Genus","Treponema","d__Bacteria;p__Spirochaetota;c__Spirochaetia;o__Spirochaetales;f__Treponemataceae;g___g__Treponema",NA,NA
"X1649479","PFNA",-0.00102758558529952,0.00096632199346988,-0.00299591907431715,0.000940747903718111,0.295560369821298,40,-0.00159102664975471,0.0014961712832966,0.738782140687756,"Permianibacter","Genus","Permianibacter","d__Bacteria;p__Pseudomonadota;c__Gammaproteobacteria;o__Pseudomonadales;f__Pseudomonadaceae;g___g__Permianibacter",NA,NA
"X1649479","PFOS",0.000394421794868514,0.00148650264171919,-0.00263348500119083,0.00342232859092786,0.792452969839783,40,0.000353995524240673,0.00133414352043084,0.929988191753339,"Permianibacter","Genus","Permianibacter","d__Bacteria;p__Pseudomonadota;c__Gammaproteobacteria;o__Pseudomonadales;f__Pseudomonadaceae;g___g__Permianibacter",NA,NA
"X1649479","PFHxS",0.0010375389863543,0.00155372319650966,-0.00212729159912364,0.00420236957183224,0.50906445265007,40,0.00103064110389895,0.00154339356059369,0.850285394868994,"Permianibacter","Genus","Permianibacter","d__Bacteria;p__Pseudomonadota;c__Gammaproteobacteria;o__Pseudomonadales;f__Pseudomonadaceae;g___g__Permianibacter",NA,NA
"X1649479","PFOA",-0.00177070232418939,0.00121173758021475,-0.00423893100485248,0.000697526356473701,0.153686223803205,40,-0.00152099147146692,0.00104085395946285,0.787879009141471,"Permianibacter","Genus","Permianibacter","d__Bacteria;p__Pseudomonadota;c__Gammaproteobacteria;o__Pseudomonadales;f__Pseudomonadaceae;g___g__Permianibacter",NA,NA
"X1649479","PFBS",-0.000983520593281774,0.00109609436869627,-0.00321619176045806,0.00124915057389451,0.376262759432063,40,-0.000976618050144594,0.00108840176041331,0.991429416891813,"Permianibacter","Genus","Permianibacter","d__Bacteria;p__Pseudomonadota;c__Gammaproteobacteria;o__Pseudomonadales;f__Pseudomonadaceae;g___g__Permianibacter",NA,NA
"X1649510","PFNA",-0.000586699952026104,0.000448701494412713,-0.00150067498725573,0.000327275083203526,0.20034259137569,40,-0.000908396606995278,0.0006947314614065,0.738782140687756,"Variibacter","Genus","Variibacter","d__Bacteria;p__Pseudomonadota;c__Alphaproteobacteria;o__Hyphomicrobiales;f__Nitrobacteraceae;g___g__Variibacter",NA,NA
"X1649510","PFOA",0.000378400973286911,0.000582353293084551,-0.000807813867070805,0.00156461581364463,0.52047249151085,40,0.000325037498003879,0.000500227723238443,0.892238556875744,"Variibacter","Genus","Variibacter","d__Bacteria;p__Pseudomonadota;c__Alphaproteobacteria;o__Hyphomicrobiales;f__Nitrobacteraceae;g___g__Variibacter",NA,NA
"X1649510","PFBS",-0.000893464592096476,0.000495228752134436,-0.00190221254995925,0.000115283365766294,0.0806292307480325,40,-0.000887194079886955,0.000491753138255347,0.691107692125993,"Variibacter","Genus","Variibacter","d__Bacteria;p__Pseudomonadota;c__Alphaproteobacteria;o__Hyphomicrobiales;f__Nitrobacteraceae;g___g__Variibacter",NA,NA
"X1649510","PFOS",-0.000507334133477926,0.000691217376690657,-0.00191529785563815,0.000900629588682294,0.468309951036879,40,-0.000455334910195761,0.000620371036310105,0.759421542221966,"Variibacter","Genus","Variibacter","d__Bacteria;p__Pseudomonadota;c__Alphaproteobacteria;o__Hyphomicrobiales;f__Nitrobacteraceae;g___g__Variibacter",NA,NA
"X1649510","PFHxS",-0.000544125559670296,0.00072644298407263,-0.00202384149605049,0.000935590376709899,0.459311700965569,40,-0.000540508043412191,0.000721613364771045,0.850285394868994,"Variibacter","Genus","Variibacter","d__Bacteria;p__Pseudomonadota;c__Alphaproteobacteria;o__Hyphomicrobiales;f__Nitrobacteraceae;g___g__Variibacter",NA,NA
"X1658781","PFOS",-0.000917194050544191,0.00114657634786768,-0.00325269364433859,0.0014183055432502,0.429643355781398,40,-0.000823186225956541,0.00102905797961972,0.750102299819118,"Aliiroseovarius","Genus","Aliiroseovarius","d__Bacteria;p__Pseudomonadota;c__Alphaproteobacteria;o__Rhodobacterales;f__Paracoccaceae;g___g__Aliiroseovarius",NA,NA
"X1658781","PFOA",-0.000214472602918977,0.00097311930317528,-0.00219665175872136,0.00176770655288341,0.826962071533488,40,-0.000184226899940627,0.00083588649578749,0.91884674614832,"Aliiroseovarius","Genus","Aliiroseovarius","d__Bacteria;p__Pseudomonadota;c__Alphaproteobacteria;o__Rhodobacterales;f__Paracoccaceae;g___g__Aliiroseovarius",NA,NA
"X1658781","PFNA",-0.000724602972086942,0.000754308796859666,-0.00226107971167567,0.000811873767501783,0.343946800386481,40,-0.00112191398514583,0.00116790797293865,0.738782140687756,"Aliiroseovarius","Genus","Aliiroseovarius","d__Bacteria;p__Pseudomonadota;c__Alphaproteobacteria;o__Rhodobacterales;f__Paracoccaceae;g___g__Aliiroseovarius",NA,NA
"X1658781","PFHxS",-0.000601958286097503,0.00121275438170137,-0.00307225812361237,0.00186834155141737,0.623035554744147,40,-0.000597956279854719,0.00120469161270454,0.889826541349546,"Aliiroseovarius","Genus","Aliiroseovarius","d__Bacteria;p__Pseudomonadota;c__Alphaproteobacteria;o__Rhodobacterales;f__Paracoccaceae;g___g__Aliiroseovarius",NA,NA
"X1658781","PFBS",-6.56664006932451e-05,0.000863503692915553,-0.00182456586499387,0.00169323306360738,0.939855596445272,40,-6.52055408327148e-05,0.00085744345225544,0.991429416891813,"Aliiroseovarius","Genus","Aliiroseovarius","d__Bacteria;p__Pseudomonadota;c__Alphaproteobacteria;o__Rhodobacterales;f__Paracoccaceae;g___g__Aliiroseovarius",NA,NA
"X1676142","PFNA",-0.00130510751207379,0.00053859690138911,-0.00240219349919756,-0.000208021524950019,0.0212202778009405,40,-0.00202071813989023,0.000833917909947722,0.420736515937793,"Wenzhouxiangella","Genus","Wenzhouxiangella","d__Bacteria;p__Pseudomonadota;c__Gammaproteobacteria;o__Chromatiales;f__Wenzhouxiangellaceae;g___g__Wenzhouxiangella",NA,NA
"X1676142","PFOA",-0.00105610940120549,0.000722048869339506,-0.0025268748187708,0.000414656016359817,0.153314519693371,40,-0.000907173029721384,0.000620222923551241,0.787879009141471,"Wenzhouxiangella","Genus","Wenzhouxiangella","d__Bacteria;p__Pseudomonadota;c__Gammaproteobacteria;o__Chromatiales;f__Wenzhouxiangellaceae;g___g__Wenzhouxiangella",NA,NA
"X1676142","PFBS",-0.000777337172895151,0.000646910139277673,-0.00209505000581226,0.000540375660021959,0.238330424196736,40,-0.000771881666010299,0.000642369995255529,0.991429416891813,"Wenzhouxiangella","Genus","Wenzhouxiangella","d__Bacteria;p__Pseudomonadota;c__Gammaproteobacteria;o__Chromatiales;f__Wenzhouxiangellaceae;g___g__Wenzhouxiangella",NA,NA
"X1676142","PFOS",0.000545396935863125,0.000881544612595679,-0.00125025067928063,0.00234104455100688,0.540504439505664,40,0.000489496464804855,0.000791190677942578,0.810756659258497,"Wenzhouxiangella","Genus","Wenzhouxiangella","d__Bacteria;p__Pseudomonadota;c__Gammaproteobacteria;o__Chromatiales;f__Wenzhouxiangellaceae;g___g__Wenzhouxiangella",NA,NA
"X1676142","PFHxS",0.000577744913624588,0.000926702858463092,-0.00130988703825867,0.00246537686550785,0.537413287635543,40,0.000573903885426352,0.000920541849120038,0.850285394868994,"Wenzhouxiangella","Genus","Wenzhouxiangella","d__Bacteria;p__Pseudomonadota;c__Gammaproteobacteria;o__Chromatiales;f__Wenzhouxiangellaceae;g___g__Wenzhouxiangella",NA,NA
"X1742989","PFHxS",0.0159109911797049,0.00852647487989362,-0.00145686980532536,0.0332788521647352,0.071220406891145,40,0.0158052099528314,0.00846978821823224,0.544066452857749,"Glutamicibacter","Genus","Glutamicibacter","d__Bacteria;p__Actinomycetota;c__Actinomycetes;o__Micrococcales;f__Micrococcaceae;g___g__Glutamicibacter",NA,NA
"X1742989","PFOA",-0.00649516947953751,0.00708981973332296,-0.0209366596934644,0.00794632073438942,0.366453501212088,40,-0.0055791971632676,0.00608998768528679,0.852773771394754,"Glutamicibacter","Genus","Glutamicibacter","d__Bacteria;p__Actinomycetota;c__Actinomycetes;o__Micrococcales;f__Micrococcaceae;g___g__Glutamicibacter",NA,NA
"X1742989","PFBS",0.0121314105323915,0.00599699127605274,-8.40609582396668e-05,0.0243468820230227,0.0515039634903196,40,0.0120462698804452,0.00595490319852899,0.691107692125993,"Glutamicibacter","Genus","Glutamicibacter","d__Bacteria;p__Actinomycetota;c__Actinomycetes;o__Micrococcales;f__Micrococcaceae;g___g__Glutamicibacter",NA,NA
"X1742989","PFNA",0.0123111774270377,0.00520607657691275,0.00170674645891749,0.0229156083951579,0.024272150107961,40,0.019061586359803,0.00806064885789306,0.420736515937793,"Glutamicibacter","Genus","Glutamicibacter","d__Bacteria;p__Actinomycetota;c__Actinomycetes;o__Micrococcales;f__Micrococcaceae;g___g__Glutamicibacter",NA,NA
"X1742989","PFOS",0.00876077805056233,0.00839852359793036,-0.00834645470189852,0.0258680108030232,0.304703473443414,40,0.00786284190963342,0.0075377167351721,0.750102299819118,"Glutamicibacter","Genus","Glutamicibacter","d__Bacteria;p__Actinomycetota;c__Actinomycetes;o__Micrococcales;f__Micrococcaceae;g___g__Glutamicibacter",NA,NA
"X1747770","PFOS",-0.00459511745450978,0.00178439602771402,-0.00822981322129821,-0.000960421687721342,0.0148458354044635,40,-0.00412414078892096,0.00160150431720988,0.222687531066952,"Egibacter","Genus","Egibacter","d__Bacteria;p__Actinomycetota;c__Nitriliruptoria;o__Egibacterales;f__Egibacteraceae;g___g__Egibacter",NA,NA
"X1747770","PFOA",-0.00140268440087087,0.0016300940112772,-0.00472307724541603,0.00191770844367429,0.395918904533352,40,-0.00120487276813225,0.00140021225192493,0.852773771394754,"Egibacter","Genus","Egibacter","d__Bacteria;p__Actinomycetota;c__Nitriliruptoria;o__Egibacterales;f__Egibacteraceae;g___g__Egibacter",NA,NA
"X1747770","PFNA",0.0027611683965352,0.00119993065158394,0.000316989642484056,0.00520534715058634,0.0280491010625195,40,0.00427515972021686,0.00185787118059963,0.420736515937793,"Egibacter","Genus","Egibacter","d__Bacteria;p__Actinomycetota;c__Nitriliruptoria;o__Egibacterales;f__Egibacteraceae;g___g__Egibacter",NA,NA
"X1747770","PFHxS",-0.00105931788155141,0.00205268850162374,-0.00524050753424595,0.00312187177114314,0.609357757437939,40,-0.00105227520621497,0.00203904158889288,0.889826541349546,"Egibacter","Genus","Egibacter","d__Bacteria;p__Actinomycetota;c__Nitriliruptoria;o__Egibacterales;f__Egibacteraceae;g___g__Egibacter",NA,NA
"X1747770","PFBS",-0.00153839598551511,0.00143662287187424,-0.00446470101521316,0.00138790904418295,0.292251071803704,40,-0.00152759921651544,0.00142654036682787,0.991429416891813,"Egibacter","Genus","Egibacter","d__Bacteria;p__Actinomycetota;c__Nitriliruptoria;o__Egibacterales;f__Egibacteraceae;g___g__Egibacter",NA,NA
"X1763827","PFNA",-0.0003670203524745,0.000987201631235004,-0.00237788427185528,0.00164384356690628,0.712508333886706,40,-0.000568263286428926,0.00152849954927929,0.847725522053027,"Hankyongella","Genus","Hankyongella","d__Bacteria;p__Pseudomonadota;c__Alphaproteobacteria;o__Sphingomonadales;f__Sphingomonadaceae;g___g__Hankyongella",NA,NA
"X1763827","PFOA",0.00319345373308912,0.001125628216698,0.000900624086157426,0.00548628338002081,0.00783670734352347,40,0.00274310132550164,0.000966888050154871,0.470202440611408,"Hankyongella","Genus","Hankyongella","d__Bacteria;p__Pseudomonadota;c__Alphaproteobacteria;o__Sphingomonadales;f__Sphingomonadaceae;g___g__Hankyongella",NA,NA
"X1763827","PFBS",4.15428764050434e-05,0.00111664041199276,-0.00223297921143803,0.00231606496424812,0.970553911982318,40,4.12513202359229e-05,0.00110880360749151,0.991429416891813,"Hankyongella","Genus","Hankyongella","d__Bacteria;p__Pseudomonadota;c__Alphaproteobacteria;o__Sphingomonadales;f__Sphingomonadaceae;g___g__Hankyongella",NA,NA
"X1763827","PFOS",-0.00028800900176891,0.00149647868127066,-0.00333623632542632,0.00276021832188849,0.848599826797311,40,-0.000258489512733965,0.00134309706558684,0.929988191753339,"Hankyongella","Genus","Hankyongella","d__Bacteria;p__Pseudomonadota;c__Alphaproteobacteria;o__Sphingomonadales;f__Sphingomonadaceae;g___g__Hankyongella",NA,NA
"X1763827","PFHxS",-0.0030189237241578,0.00148096913721703,-0.00603555914039052,-2.28830792508737e-06,0.0498365974433099,40,-0.00299885297861014,0.00147112319295578,0.544066452857749,"Hankyongella","Genus","Hankyongella","d__Bacteria;p__Pseudomonadota;c__Alphaproteobacteria;o__Sphingomonadales;f__Sphingomonadaceae;g___g__Hankyongella",NA,NA
"X1802983","PFOS",0.000595664686917125,0.00191104137825836,-0.00329699921718929,0.00448832859102354,0.757293079187258,40,0.000534612021597786,0.00171516914973654,0.927297647984398,"Fokinia","Genus","Fokinia","d__Bacteria;p__Pseudomonadota;c__Alphaproteobacteria;o__Rickettsiales;f__Candidatus Midichloriaceae;g___g__Fokinia",NA,NA
"X1802983","PFOA",0.000189879716234572,0.00160926265561064,-0.00308808104536389,0.00346784047783303,0.90681172880211,40,0.000163102191176914,0.001382318609456,0.92218141912079,"Fokinia","Genus","Fokinia","d__Bacteria;p__Pseudomonadota;c__Alphaproteobacteria;o__Rickettsiales;f__Candidatus Midichloriaceae;g___g__Fokinia",NA,NA
"X1802983","PFNA",-0.000932048245613511,0.00125380650471367,-0.00348596852131195,0.00162187203008492,0.462678045179584,40,-0.00144310470956634,0.00194128799700299,0.738782140687756,"Fokinia","Genus","Fokinia","d__Bacteria;p__Pseudomonadota;c__Alphaproteobacteria;o__Rickettsiales;f__Candidatus Midichloriaceae;g___g__Fokinia",NA,NA
"X1802983","PFHxS",0.000815690687668224,0.00200699456493622,-0.00327242346179356,0.00490380483713,0.687136500555038,40,0.000810267721825537,0.00199365143973367,0.897384459143666,"Fokinia","Genus","Fokinia","d__Bacteria;p__Pseudomonadota;c__Alphaproteobacteria;o__Rickettsiales;f__Candidatus Midichloriaceae;g___g__Fokinia",NA,NA
"X1802983","PFBS",-0.000110906811539023,0.00142721168121631,-0.00301804187318428,0.00279622825010623,0.938543619688638,40,-0.00011012844547726,0.00141719522577778,0.991429416891813,"Fokinia","Genus","Fokinia","d__Bacteria;p__Pseudomonadota;c__Alphaproteobacteria;o__Rickettsiales;f__Candidatus Midichloriaceae;g___g__Fokinia",NA,NA
"X1849828","PFOS",-0.00137680462019055,0.00358593496078565,-0.00868111510929412,0.00592750586891302,0.703558051932051,40,-0.00123568900005591,0.0032183944773119,0.899584493706712,"Paeniclostridium","Genus","Paeniclostridium","d__Bacteria;p__Bacillota;c__Clostridia;o__Peptostreptococcales;f__Peptostreptococcaceae;g___g__Paeniclostridium",NA,NA
"X1849828","PFOA",-0.00306997701488638,0.00297357106031112,-0.00912694305678211,0.00298698902700935,0.30961507961315,40,-0.0026370377411569,0.00255422730334109,0.852773771394754,"Paeniclostridium","Genus","Paeniclostridium","d__Bacteria;p__Bacillota;c__Clostridia;o__Peptostreptococcales;f__Peptostreptococcaceae;g___g__Paeniclostridium",NA,NA
"X1849828","PFNA",0.00202623880954827,0.0023475952497951,-0.00275565623170792,0.00680813385080446,0.394498671013257,40,0.00313725687755622,0.00363481802264954,0.738782140687756,"Paeniclostridium","Genus","Paeniclostridium","d__Bacteria;p__Bacillota;c__Clostridia;o__Peptostreptococcales;f__Peptostreptococcaceae;g___g__Paeniclostridium",NA,NA
"X1849828","PFHxS",0.00288489257252476,0.00374407382719995,-0.0047415362464751,0.0105113213915246,0.446641898249887,40,0.00286571290783428,0.00371918205782663,0.850285394868994,"Paeniclostridium","Genus","Paeniclostridium","d__Bacteria;p__Bacillota;c__Clostridia;o__Peptostreptococcales;f__Peptostreptococcaceae;g___g__Paeniclostridium",NA,NA
"X1849828","PFBS",0.000422258347913173,0.00267937171358053,-0.00503544323500284,0.00587995993082918,0.875765375853747,40,0.000419294854844075,0.00266056734999134,0.991429416891813,"Paeniclostridium","Genus","Paeniclostridium","d__Bacteria;p__Bacillota;c__Clostridia;o__Peptostreptococcales;f__Peptostreptococcaceae;g___g__Paeniclostridium",NA,NA
"X1854","PFOS",0.00613145009235855,0.00174709665920476,0.00257273065297661,0.00969016953174048,0.00135734151061342,40,0.00550300697892101,0.00156802794830466,0.0709006851670952,"Frankia","Genus","Frankia","d__Bacteria;p__Actinomycetota;c__Actinomycetes;o__Frankiales;f__Frankiaceae;g___g__Frankia",NA,NA
"X1854","PFHxS",0.00156566987065642,0.00214373676730553,-0.0028009790302696,0.00593231877158243,0.470492181707469,40,0.0015552608095284,0.00212948453733581,0.850285394868994,"Frankia","Genus","Frankia","d__Bacteria;p__Actinomycetota;c__Actinomycetes;o__Frankiales;f__Frankiaceae;g___g__Frankia",NA,NA
"X1854","PFOA",0.0029335961992509,0.00164949275518177,-0.000426310593574706,0.00629350299207652,0.0848275971557795,40,0.00251988984191967,0.00141687531472941,0.685937320462967,"Frankia","Genus","Frankia","d__Bacteria;p__Actinomycetota;c__Actinomycetes;o__Frankiales;f__Frankiaceae;g___g__Frankia",NA,NA
"X1854","PFBS",-0.00266675588376829,0.00145902835820092,-0.00563869939564159,0.000305187628105004,0.0769229161232608,40,-0.0026480400605819,0.00144878860699525,0.691107692125993,"Frankia","Genus","Frankia","d__Bacteria;p__Actinomycetota;c__Actinomycetes;o__Frankiales;f__Frankiaceae;g___g__Frankia",NA,NA
"X1854","PFNA",-0.000982249419976434,0.00134731254761388,-0.00372663527227331,0.00176213643232044,0.47127764765532,40,-0.00152083196401893,0.00208606484897097,0.738782140687756,"Frankia","Genus","Frankia","d__Bacteria;p__Actinomycetota;c__Actinomycetes;o__Frankiales;f__Frankiaceae;g___g__Frankia",NA,NA
"X186831","PFOS",-0.000444185005106696,0.000953314262685447,-0.00238602261356676,0.00149765260335337,0.644416184397795,40,-0.000398658253139913,0.000855604296151903,0.899185373578319,"Acetoanaerobium","Genus","Acetoanaerobium","d__Bacteria;p__Bacillota;c__Clostridia;o__Peptostreptococcales;f__Filifactoraceae;g___g__Acetoanaerobium",NA,NA
"X186831","PFOA",-0.000217870227684055,0.000803524294325614,-0.00185459565507615,0.00141885519970804,0.788022287519395,40,-0.00018714537935997,0.000690208389117705,0.911482515788594,"Acetoanaerobium","Genus","Acetoanaerobium","d__Bacteria;p__Bacillota;c__Clostridia;o__Peptostreptococcales;f__Filifactoraceae;g___g__Acetoanaerobium",NA,NA
"X186831","PFNA",-0.000788143276332489,0.00061646234594469,-0.00204383598377486,0.000467549431109887,0.210270681678857,40,-0.00122029442063892,0.000954478181671284,0.738782140687756,"Acetoanaerobium","Genus","Acetoanaerobium","d__Bacteria;p__Bacillota;c__Clostridia;o__Peptostreptococcales;f__Filifactoraceae;g___g__Acetoanaerobium",NA,NA
"X186831","PFHxS",0.000224729801489289,0.00100484945217489,-0.00182208155280337,0.00227154115578194,0.824455024576549,40,0.000223235727748183,0.000998168899928103,0.989346029491859,"Acetoanaerobium","Genus","Acetoanaerobium","d__Bacteria;p__Bacillota;c__Clostridia;o__Peptostreptococcales;f__Filifactoraceae;g___g__Acetoanaerobium",NA,NA
"X186831","PFBS",2.18369255290425e-05,0.000713343892525445,-0.00143119703450966,0.00147487088556774,0.975769058494165,40,2.16836696425087e-05,0.000708337503209923,0.991429416891813,"Acetoanaerobium","Genus","Acetoanaerobium","d__Bacteria;p__Bacillota;c__Clostridia;o__Peptostreptococcales;f__Filifactoraceae;g___g__Acetoanaerobium",NA,NA
"X190972","PFOS",-0.00141426813045906,0.00209639504329946,-0.00568448509522022,0.00285594883430209,0.504762919321963,40,-0.00126931268700714,0.00188152498676128,0.788710259634148,"Sedimentibacter","Genus","Sedimentibacter","d__Bacteria;p__Bacillota;c__Tissierellia;o__;f__;g___g__Sedimentibacter",NA,NA
"X190972","PFOA",0.000515997505099772,0.00177320455534385,-0.00309590197845546,0.004127896988655,0.772931318137212,40,0.000443229668721561,0.00152314082892446,0.911482515788594,"Sedimentibacter","Genus","Sedimentibacter","d__Bacteria;p__Bacillota;c__Tissierellia;o__;f__;g___g__Sedimentibacter",NA,NA
"X190972","PFNA",0.00112611509296696,0.00138067592359938,-0.00168622973232518,0.0039384599182591,0.420743881900404,40,0.0017435814098922,0.00213772187985783,0.738782140687756,"Sedimentibacter","Genus","Sedimentibacter","d__Bacteria;p__Bacillota;c__Tissierellia;o__;f__;g___g__Sedimentibacter",NA,NA
"X190972","PFHxS",-0.00491806346527033,0.00204225065319566,-0.00907799191646774,-0.000758135014072917,0.0219691381142177,40,-0.00488536664699406,0.00202867313453335,0.544066452857749,"Sedimentibacter","Genus","Sedimentibacter","d__Bacteria;p__Bacillota;c__Tissierellia;o__;f__;g___g__Sedimentibacter",NA,NA
"X190972","PFBS",0.00100314553619295,0.00156447457221374,-0.00218358488494469,0.0041898759573306,0.525957045683065,40,0.000996105261303194,0.00155349477850582,0.991429416891813,"Sedimentibacter","Genus","Sedimentibacter","d__Bacteria;p__Bacillota;c__Tissierellia;o__;f__;g___g__Sedimentibacter",NA,NA
"X2000","PFOA",-2.04113595924698e-05,0.00057102450359919,-0.00118355021090641,0.00114272749172147,0.971707618108509,40,-1.75328757618271e-05,0.00049049656066307,0.971707618108509,"Streptosporangium","Genus","Streptosporangium","d__Bacteria;p__Actinomycetota;c__Actinomycetes;o__Streptosporangiales;f__Streptosporangiaceae;g___g__Streptosporangium",NA,NA
"X2000","PFBS",-0.000711830850075627,0.000490489703769197,-0.00171092568230697,0.000287263982155719,0.156439553597852,40,-0.000706835079592949,0.00048704734947409,0.991429416891813,"Streptosporangium","Genus","Streptosporangium","d__Bacteria;p__Actinomycetota;c__Actinomycetes;o__Streptosporangiales;f__Streptosporangiaceae;g___g__Streptosporangium",NA,NA
"X2000","PFOS",0.00058749788152398,0.00067101137822865,-0.000779307568631076,0.00195430333167904,0.387804516242474,40,0.000527282273104852,0.000602236052109374,0.750102299819118,"Streptosporangium","Genus","Streptosporangium","d__Bacteria;p__Actinomycetota;c__Actinomycetes;o__Streptosporangiales;f__Streptosporangiaceae;g___g__Streptosporangium",NA,NA
"X2000","PFHxS",-0.000625620943336183,0.000705229613627599,-0.00206212665812972,0.000810884771457358,0.381635187039751,40,-0.000621461620375318,0.000700541027422347,0.850285394868994,"Streptosporangium","Genus","Streptosporangium","d__Bacteria;p__Actinomycetota;c__Actinomycetes;o__Streptosporangiales;f__Streptosporangiaceae;g___g__Streptosporangium",NA,NA
"X2000","PFNA",-0.000384601149427466,0.000443450574317024,-0.00128788041043035,0.000518678111575412,0.392239365563401,40,-0.000595483906177053,0.000686601380635138,0.738782140687756,"Streptosporangium","Genus","Streptosporangium","d__Bacteria;p__Actinomycetota;c__Actinomycetes;o__Streptosporangiales;f__Streptosporangiaceae;g___g__Streptosporangium",NA,NA
"X2019","PFOA",0.000135834705424937,0.00105506672553454,-0.00201326588739163,0.00228493529824151,0.898365102512168,40,0.000116678803465812,0.00090627739594864,0.92218141912079,"Thermomonospora","Genus","Thermomonospora","d__Bacteria;p__Actinomycetota;c__Actinomycetes;o__Streptosporangiales;f__Thermomonosporaceae;g___g__Thermomonospora",NA,NA
"X2019","PFBS",-0.000139143636451272,0.000935513995741023,-0.00204472328764975,0.00176643601474721,0.882696138494544,40,-0.000138167098736221,0.00092894837245347,0.991429416891813,"Thermomonospora","Genus","Thermomonospora","d__Bacteria;p__Actinomycetota;c__Actinomycetes;o__Streptosporangiales;f__Thermomonosporaceae;g___g__Thermomonospora",NA,NA
"X2019","PFOS",-0.000214652008170776,0.00125429795641238,-0.00276957333822102,0.00234026932187947,0.865196600271762,40,-0.00019265124582443,0.0011257386595034,0.929988191753339,"Thermomonospora","Genus","Thermomonospora","d__Bacteria;p__Actinomycetota;c__Actinomycetes;o__Streptosporangiales;f__Thermomonosporaceae;g___g__Thermomonospora",NA,NA
"X2019","PFHxS",-0.00232763792877571,0.0012534656277992,-0.00488086386092105,0.00022558800336963,0.0725421937143666,40,-0.00231216306658502,0.00124513219775359,0.544066452857749,"Thermomonospora","Genus","Thermomonospora","d__Bacteria;p__Actinomycetota;c__Actinomycetes;o__Streptosporangiales;f__Thermomonosporaceae;g___g__Thermomonospora",NA,NA
"X2019","PFNA",0.00133325217479451,0.000794919835079733,-0.000285946542657203,0.00295245089224622,0.103243608628281,40,0.00206429495634,0.00123078667132317,0.735711049269467,"Thermomonospora","Genus","Thermomonospora","d__Bacteria;p__Actinomycetota;c__Actinomycetes;o__Streptosporangiales;f__Thermomonosporaceae;g___g__Thermomonospora",NA,NA
"X2029","PFOS",-0.000153714705242506,0.00078791783055644,-0.00175865080620967,0.00145122139572465,0.846556095943421,40,-0.000137959713113625,0.00070716017500854,0.929988191753339,"Kibdelosporangium","Genus","Kibdelosporangium","d__Bacteria;p__Actinomycetota;c__Actinomycetes;o__Pseudonocardiales;f__Pseudonocardiaceae;g___g__Kibdelosporangium",NA,NA
"X2029","PFOA",-0.000177897744359039,0.000662282062804106,-0.00152692216086026,0.00117112667214218,0.789951513683448,40,-0.000152809960356928,0.000568884648463828,0.911482515788594,"Kibdelosporangium","Genus","Kibdelosporangium","d__Bacteria;p__Actinomycetota;c__Actinomycetes;o__Pseudonocardiales;f__Pseudonocardiaceae;g___g__Kibdelosporangium",NA,NA
"X2029","PFNA",0.000247325506627189,0.000519067588327745,-0.000809980571547016,0.00130463158480139,0.636969753345563,40,0.000382937905939235,0.000803680372581938,0.847725522053027,"Kibdelosporangium","Genus","Kibdelosporangium","d__Bacteria;p__Actinomycetota;c__Actinomycetes;o__Pseudonocardiales;f__Pseudonocardiaceae;g___g__Kibdelosporangium",NA,NA
"X2029","PFHxS",-0.000577114821815315,0.000822545311062131,-0.00225258479242453,0.0010983551487939,0.48798750383702,40,-0.00057327798266375,0.000817076773547373,0.850285394868994,"Kibdelosporangium","Genus","Kibdelosporangium","d__Bacteria;p__Actinomycetota;c__Actinomycetes;o__Pseudonocardiales;f__Pseudonocardiaceae;g___g__Kibdelosporangium",NA,NA
"X2029","PFBS",-0.000351593465359301,0.000584655093467425,-0.00154249691966688,0.00083930998894828,0.551830971261212,40,-0.000349125912490585,0.000580551867738755,0.991429416891813,"Kibdelosporangium","Genus","Kibdelosporangium","d__Bacteria;p__Actinomycetota;c__Actinomycetes;o__Pseudonocardiales;f__Pseudonocardiaceae;g___g__Kibdelosporangium",NA,NA
"X204286","PFHxS",0.00288288209618608,0.00194008971321453,-0.00106895132996453,0.0068347155223367,0.14707811263514,40,0.00286371579776872,0.00192719139231229,0.588312450540561,"Cobetia","Genus","Cobetia","d__Bacteria;p__Pseudomonadota;c__Gammaproteobacteria;o__Oceanospirillales;f__Halomonadaceae;g___g__Cobetia",NA,NA
"X204286","PFOA",0.000966236238233997,0.00159548819330284,-0.00228366686180148,0.00421613933826948,0.549048410228925,40,0.000829974105584898,0.00137048667169436,0.903291543966012,"Cobetia","Genus","Cobetia","d__Bacteria;p__Pseudomonadota;c__Gammaproteobacteria;o__Oceanospirillales;f__Halomonadaceae;g___g__Cobetia",NA,NA
"X204286","PFBS",0.000446324085661851,0.00142071674841259,-0.00244758123079196,0.00334022940211566,0.75544297370644,40,0.000443191694458771,0.00141074587570426,0.991429416891813,"Cobetia","Genus","Cobetia","d__Bacteria;p__Pseudomonadota;c__Gammaproteobacteria;o__Oceanospirillales;f__Halomonadaceae;g___g__Cobetia",NA,NA
"X204286","PFNA",-0.000494397347237997,0.0012576188489553,-0.00305608311403896,0.00206728841956296,0.696836433649518,40,-0.000765483056863247,0.00194719070853694,0.847725522053027,"Cobetia","Genus","Cobetia","d__Bacteria;p__Pseudomonadota;c__Gammaproteobacteria;o__Oceanospirillales;f__Halomonadaceae;g___g__Cobetia",NA,NA
"X204286","PFOS",0.00050757079987174,0.00190587506742328,-0.00337456967343202,0.0043897112731755,0.791702096803993,40,0.000455547319462283,0.00171053236004528,0.929988191753339,"Cobetia","Genus","Cobetia","d__Bacteria;p__Pseudomonadota;c__Gammaproteobacteria;o__Oceanospirillales;f__Halomonadaceae;g___g__Cobetia",NA,NA
"X2044","PFOS",0.00160155405593119,0.00108696576299913,-0.00061252274992128,0.00381563086178366,0.150408182782754,40,0.00143740273738711,0.000975557182971622,0.573921107549356,"Pimelobacter","Genus","Pimelobacter","d__Bacteria;p__Actinomycetota;c__Actinomycetes;o__Propionibacteriales;f__Nocardioidaceae;g___g__Pimelobacter",NA,NA
"X2044","PFOA",-0.000645151267063031,0.000937721701030431,-0.00255522786677804,0.00126492533265198,0.496410952201169,40,-0.000554169699561536,0.000805480791656875,0.892238556875744,"Pimelobacter","Genus","Pimelobacter","d__Bacteria;p__Actinomycetota;c__Actinomycetes;o__Propionibacteriales;f__Nocardioidaceae;g___g__Pimelobacter",NA,NA
"X2044","PFNA",0.000698159787304641,0.000731812107601251,-0.00079249269581616,0.00218881227042544,0.347227560624573,40,0.00108097159329555,0.00113307600112683,0.738782140687756,"Pimelobacter","Genus","Pimelobacter","d__Bacteria;p__Actinomycetota;c__Actinomycetes;o__Propionibacteriales;f__Nocardioidaceae;g___g__Pimelobacter",NA,NA
"X2044","PFHxS",-1.60874401364423e-05,0.00118087527612516,-0.00242145166454343,0.00238927678427054,0.989215084469909,40,-1.59804858219268e-05,0.00117302444935501,0.991824766338375,"Pimelobacter","Genus","Pimelobacter","d__Bacteria;p__Actinomycetota;c__Actinomycetes;o__Propionibacteriales;f__Nocardioidaceae;g___g__Pimelobacter",NA,NA
"X2044","PFBS",-0.000216909343111334,0.000836787077615882,-0.00192138884288366,0.00148757015666099,0.79712823525346,40,-0.000215387030200033,0.00083091433947564,0.991429416891813,"Pimelobacter","Genus","Pimelobacter","d__Bacteria;p__Actinomycetota;c__Actinomycetes;o__Propionibacteriales;f__Nocardioidaceae;g___g__Pimelobacter",NA,NA
"X2055880","PFNA",-0.00112781581629872,0.00162445731028765,-0.00443672707665114,0.0021810954440537,0.492521427125171,40,-0.00174621466612253,0.00251517237009816,0.738782140687756,"Pseudescherichia","Genus","Pseudescherichia","d__Bacteria;p__Pseudomonadota;c__Gammaproteobacteria;o__Enterobacterales;f__Enterobacteriaceae;g___g__Pseudescherichia",NA,NA
"X2055880","PFOA",0.00236119592515461,0.00204093894269134,-0.00179606065917958,0.0065184525094888,0.255870080533253,40,0.00202821152689608,0.00175311834361506,0.852773771394754,"Pseudescherichia","Genus","Pseudescherichia","d__Bacteria;p__Pseudomonadota;c__Gammaproteobacteria;o__Enterobacterales;f__Enterobacteriaceae;g___g__Pseudescherichia",NA,NA
"X2055880","PFBS",-0.00223902740691481,0.00180439100544547,-0.00591445161054618,0.00143639679671657,0.22367163763425,40,-0.00222331346725037,0.00179172743049188,0.991429416891813,"Pseudescherichia","Genus","Pseudescherichia","d__Bacteria;p__Pseudomonadota;c__Gammaproteobacteria;o__Enterobacterales;f__Enterobacteriaceae;g___g__Pseudescherichia",NA,NA
"X2055880","PFOS",-0.00196755170483761,0.00245250873109804,-0.00696314851433823,0.00302804510466301,0.428320191561437,40,-0.00176588744913756,0.00220113879421723,0.750102299819118,"Pseudescherichia","Genus","Pseudescherichia","d__Bacteria;p__Pseudomonadota;c__Gammaproteobacteria;o__Enterobacterales;f__Enterobacteriaceae;g___g__Pseudescherichia",NA,NA
"X2055880","PFHxS",-0.00341766446823851,0.00253312592464755,-0.00857747312733629,0.00174214419085928,0.186746105820211,40,-0.00339494276998545,0.00251628491423481,0.659103902894861,"Pseudescherichia","Genus","Pseudescherichia","d__Bacteria;p__Pseudomonadota;c__Gammaproteobacteria;o__Enterobacterales;f__Enterobacteriaceae;g___g__Pseudescherichia",NA,NA
"X2304691","PFOS",-0.00186631309749913,0.00102143128373271,-0.00394690053738755,0.000214274342389296,0.0770162787285959,40,-0.00167502529510743,0.000916739661613588,0.540844305660714,"Thermoclostridium","Genus","Thermoclostridium","d__Bacteria;p__Bacillota;c__Clostridia;o__Eubacteriales;f__Oscillospiraceae;g___g__Thermoclostridium",NA,NA
"X2304691","PFOA",-0.000532822620026603,0.000897788700796793,-0.00236155836006132,0.00129591312000811,0.557029785445708,40,-0.000457682045024775,0.000771179287696714,0.903291543966012,"Thermoclostridium","Genus","Thermoclostridium","d__Bacteria;p__Bacillota;c__Clostridia;o__Eubacteriales;f__Oscillospiraceae;g___g__Thermoclostridium",NA,NA
"X2304691","PFNA",-9.13547948348356e-05,0.000709031630978295,-0.00153560496554242,0.00135289537587275,0.898287139937751,40,-0.000141446041326797,0.0010978046369507,0.94556541046079,"Thermoclostridium","Genus","Thermoclostridium","d__Bacteria;p__Bacillota;c__Clostridia;o__Eubacteriales;f__Oscillospiraceae;g___g__Thermoclostridium",NA,NA
"X2304691","PFHxS",-0.000680236964566019,0.00112205523921355,-0.0029657886945242,0.00160531476539216,0.548630917016649,40,-0.000675714537278882,0.00111459546637581,0.850285394868994,"Thermoclostridium","Genus","Thermoclostridium","d__Bacteria;p__Bacillota;c__Clostridia;o__Eubacteriales;f__Oscillospiraceae;g___g__Thermoclostridium",NA,NA
"X2304691","PFBS",-0.00104477717000299,0.000778898372196643,-0.00263134123549713,0.000541786895491148,0.189248955635447,40,-0.00103744471602699,0.000773431908504584,0.991429416891813,"Thermoclostridium","Genus","Thermoclostridium","d__Bacteria;p__Bacillota;c__Clostridia;o__Eubacteriales;f__Oscillospiraceae;g___g__Thermoclostridium",NA,NA
"X246875","PFOS",-0.00372062956407136,0.00476127548030536,-0.0134190303473044,0.00597777121916165,0.440289918958355,40,-0.00333928355424135,0.00427326844417113,0.750102299819118,"Algoriphagus","Genus","Algoriphagus","d__Bacteria;p__Bacteroidota;c__Cytophagia;o__Cytophagales;f__Cyclobacteriaceae;g___g__Algoriphagus",NA,NA
"X246875","PFOA",0.002053182678919,0.00402590190861362,-0.00614731115623575,0.0102536765140737,0.61355600034838,40,0.00176363542383049,0.0034581546453704,0.905359760695901,"Algoriphagus","Genus","Algoriphagus","d__Bacteria;p__Bacteroidota;c__Cytophagia;o__Cytophagales;f__Cyclobacteriaceae;g___g__Algoriphagus",NA,NA
"X246875","PFNA",0.00136924288979328,0.0031665249041652,-0.00508075727039763,0.00781924304998418,0.668342294396273,40,0.00212001993684376,0.0049027794684083,0.847725522053027,"Algoriphagus","Genus","Algoriphagus","d__Bacteria;p__Bacteroidota;c__Cytophagia;o__Cytophagales;f__Cyclobacteriaceae;g___g__Algoriphagus",NA,NA
"X246875","PFHxS",0.00245341567843829,0.00503452239167204,-0.00780157084955499,0.0127084022064316,0.629354508220589,40,0.0024371046065783,0.00500105131816705,0.889826541349546,"Algoriphagus","Genus","Algoriphagus","d__Bacteria;p__Bacteroidota;c__Cytophagia;o__Cytophagales;f__Cyclobacteriaceae;g___g__Algoriphagus",NA,NA
"X246875","PFBS",0.00304275577224175,0.00354391594781211,-0.00417596478827674,0.0102614763327602,0.396954948622118,40,0.003021401107055,0.00351904404083689,0.991429416891813,"Algoriphagus","Genus","Algoriphagus","d__Bacteria;p__Bacteroidota;c__Cytophagia;o__Cytophagales;f__Cyclobacteriaceae;g___g__Algoriphagus",NA,NA
"X252306","PFBS",-0.000232950535175186,0.00116592937606356,-0.00260787095739869,0.00214196988704831,0.842902715813305,40,-0.00023131564198753,0.00115774665180933,0.991429416891813,"Robiginitalea","Genus","Robiginitalea","d__Bacteria;p__Bacteroidota;c__Flavobacteriia;o__Flavobacteriales;f__Flavobacteriaceae;g___g__Robiginitalea",NA,NA
"X252306","PFNA",-0.000805752287435005,0.00102376124723672,-0.00289108570767378,0.00127958113280377,0.437042670379768,40,-0.00124755872479102,0.00158510536800199,0.738782140687756,"Robiginitalea","Genus","Robiginitalea","d__Bacteria;p__Bacteroidota;c__Flavobacteriia;o__Flavobacteriales;f__Flavobacteriaceae;g___g__Robiginitalea",NA,NA
"X252306","PFOS",0.00177459909742182,0.00153260202429123,-0.00134720906811144,0.00489640726295507,0.255474506321063,40,0.00159271152350564,0.00137551794576198,0.750102299819118,"Robiginitalea","Genus","Robiginitalea","d__Bacteria;p__Bacteroidota;c__Flavobacteriia;o__Flavobacteriales;f__Flavobacteriaceae;g___g__Robiginitalea",NA,NA
"X252306","PFHxS",0.00152296282536305,0.00162248130367695,-0.00178192344123716,0.00482784909196325,0.354935366104076,40,0.0015128376939787,0.00161169454244104,0.850285394868994,"Robiginitalea","Genus","Robiginitalea","d__Bacteria;p__Bacteroidota;c__Flavobacteriia;o__Flavobacteriales;f__Flavobacteriaceae;g___g__Robiginitalea",NA,NA
"X252306","PFOA",-0.000432043737186623,0.00131341493792683,-0.00310738241804836,0.00224329494367511,0.744339073422912,40,-0.000371115365120661,0.0011281924080596,0.911482515788594,"Robiginitalea","Genus","Robiginitalea","d__Bacteria;p__Bacteroidota;c__Flavobacteriia;o__Flavobacteriales;f__Flavobacteriaceae;g___g__Robiginitalea",NA,NA
"X261963","PFOS",0.00117063258808445,0.00117514427854331,-0.00122305797625679,0.00356432315242569,0.326645548678392,40,0.00105064857496101,0.00105469783960606,0.750102299819118,"Kangiella","Genus","Kangiella","d__Bacteria;p__Pseudomonadota;c__Gammaproteobacteria;o__Kangiellales;f__Kangiellaceae;g___g__Kangiella",NA,NA
"X261963","PFHxS",0.000507065035660311,0.00125125846685779,-0.00204166505676908,0.0030557951280897,0.687994752010144,40,0.000503693909313059,0.00124293971070582,0.897384459143666,"Kangiella","Genus","Kangiella","d__Bacteria;p__Pseudomonadota;c__Gammaproteobacteria;o__Kangiellales;f__Kangiellaceae;g___g__Kangiella",NA,NA
"X261963","PFOA",0.000666103238170632,0.000996563744320181,-0.00136383068151859,0.00269603715785986,0.508671330234051,40,0.000572166947845304,0.000856024716959717,0.892238556875744,"Kangiella","Genus","Kangiella","d__Bacteria;p__Pseudomonadota;c__Gammaproteobacteria;o__Kangiellales;f__Kangiellaceae;g___g__Kangiella",NA,NA
"X261963","PFBS",0.000458563607018534,0.000886164215177454,-0.00134649383065757,0.00226362104469464,0.608386872954949,40,0.000455345316420241,0.00087994493846513,0.991429416891813,"Kangiella","Genus","Kangiella","d__Bacteria;p__Pseudomonadota;c__Gammaproteobacteria;o__Kangiellales;f__Kangiellaceae;g___g__Kangiella",NA,NA
"X261963","PFNA",-0.000847159547153731,0.000774038823046297,-0.00242382503494935,0.000729505940641884,0.281920461615611,40,-0.00131167022523272,0.00119845627753961,0.738782140687756,"Kangiella","Genus","Kangiella","d__Bacteria;p__Pseudomonadota;c__Gammaproteobacteria;o__Kangiellales;f__Kangiellaceae;g___g__Kangiella",NA,NA
"X2698753","PFOS",-0.000654000213554455,0.00084465621844746,-0.002374508628671,0.0010665082015621,0.444448756337709,40,-0.000586968447136394,0.000758083160572123,0.750102299819118,"Fluviispira","Genus","Fluviispira","d__Bacteria;p__Bdellovibrionota;c__Oligoflexia;o__Silvanigrellales;f__Silvanigrellaceae;g___g__Fluviispira",NA,NA
"X2698753","PFOA",-0.00140856993285199,0.000672346541690554,-0.00277809502198157,-3.90448437224183e-05,0.0441725177763642,40,-0.00120992830108437,0.000577529798098481,0.67568578893516,"Fluviispira","Genus","Fluviispira","d__Bacteria;p__Bdellovibrionota;c__Oligoflexia;o__Silvanigrellales;f__Silvanigrellaceae;g___g__Fluviispira",NA,NA
"X2698753","PFNA",-0.000401904074094374,0.000558789545385665,-0.00154012113106735,0.000736312982878598,0.477212773648713,40,-0.000622274291968349,0.000865182492856564,0.738782140687756,"Fluviispira","Genus","Fluviispira","d__Bacteria;p__Bdellovibrionota;c__Oligoflexia;o__Silvanigrellales;f__Silvanigrellaceae;g___g__Fluviispira",NA,NA
"X2698753","PFHxS",-0.000687760220231401,0.000888001106815205,-0.00249655928373277,0.00112103884326997,0.444318198296864,40,-0.000683187775996521,0.000882097398775711,0.850285394868994,"Fluviispira","Genus","Fluviispira","d__Bacteria;p__Bdellovibrionota;c__Oligoflexia;o__Silvanigrellales;f__Silvanigrellaceae;g___g__Fluviispira",NA,NA
"X2698753","PFBS",-8.14705510559503e-05,0.00063562367918222,-0.001376193617075,0.0012132525149631,0.89881327452079,40,-8.08987745248692e-05,0.000631162745781803,0.991429416891813,"Fluviispira","Genus","Fluviispira","d__Bacteria;p__Bdellovibrionota;c__Oligoflexia;o__Silvanigrellales;f__Silvanigrellaceae;g___g__Fluviispira",NA,NA
"X2733","PFOS",0.0079905724218205,0.0073324380892633,-0.00694511521105679,0.0229262600546978,0.283959066083807,40,0.007171578523921,0.00658089968440089,0.750102299819118,"Symbiobacterium","Genus","Symbiobacterium","d__Bacteria;p__Bacillota;c__Clostridia;o__Eubacteriales;f__Symbiobacteriaceae;g___g__Symbiobacterium",NA,NA
"X2733","PFOA",-0.00627501306901108,0.00618117382124347,-0.0188656521272246,0.00631562598920243,0.317633979996137,40,-0.00539008800684698,0.00530948230955185,0.852773771394754,"Symbiobacterium","Genus","Symbiobacterium","d__Bacteria;p__Bacillota;c__Clostridia;o__Eubacteriales;f__Symbiobacteriaceae;g___g__Symbiobacterium",NA,NA
"X2733","PFNA",-0.00233661286747358,0.00491647482206611,-0.0123511443648221,0.00767791862987495,0.637828461302072,40,-0.00361781383029679,0.00761225398318058,0.847725522053027,"Symbiobacterium","Genus","Symbiobacterium","d__Bacteria;p__Bacillota;c__Clostridia;o__Eubacteriales;f__Symbiobacteriaceae;g___g__Symbiobacterium",NA,NA
"X2733","PFHxS",-0.00073625332386252,0.00784941479949351,-0.0167249880556,0.015252481407875,0.925855078086977,40,-0.000731358482365328,0.00779722944420348,0.991824766338375,"Symbiobacterium","Genus","Symbiobacterium","d__Bacteria;p__Bacillota;c__Clostridia;o__Eubacteriales;f__Symbiobacteriaceae;g___g__Symbiobacterium",NA,NA
"X2733","PFBS",-0.0111900079775605,0.00520563138850892,-0.0217935321265768,-0.000586483828544159,0.0392503724663162,40,-0.0111114742759806,0.00516909723207042,0.691107692125993,"Symbiobacterium","Genus","Symbiobacterium","d__Bacteria;p__Bacillota;c__Clostridia;o__Eubacteriales;f__Symbiobacteriaceae;g___g__Symbiobacterium",NA,NA
"X2755140","PFOS",0.00285158793270936,0.00145164802923779,-0.00010532234101325,0.00580849820643196,0.0582209078710717,40,0.00255931436419313,0.00130286133223008,0.517752077482636,"Pseudoleptotrichia","Genus","Pseudoleptotrichia","d__Bacteria;p__Fusobacteriota;c__Fusobacteriia;o__Fusobacteriales;f__Leptotrichiaceae;g___g__Pseudoleptotrichia",NA,NA
"X2755140","PFOA",0.00113153998226757,0.00127676684227111,-0.00146914897057872,0.00373222893511387,0.382092650591509,40,0.000971966117139815,0.00109671255954053,0.852773771394754,"Pseudoleptotrichia","Genus","Pseudoleptotrichia","d__Bacteria;p__Fusobacteriota;c__Fusobacteriia;o__Fusobacteriales;f__Leptotrichiaceae;g___g__Pseudoleptotrichia",NA,NA
"X2755140","PFNA",0.00102650530354209,0.000998975508275249,-0.00100834121856377,0.00306135182564794,0.311862741333325,40,0.00158935403280687,0.00154672922514274,0.738782140687756,"Pseudoleptotrichia","Genus","Pseudoleptotrichia","d__Bacteria;p__Fusobacteriota;c__Fusobacteriia;o__Fusobacteriales;f__Leptotrichiaceae;g___g__Pseudoleptotrichia",NA,NA
"X2755140","PFHxS",5.47832569434598e-05,0.00161551938000344,-0.00323592203519154,0.00334548854907846,0.973159071496156,40,5.44190407820557e-05,0.00160477890380529,0.991824766338375,"Pseudoleptotrichia","Genus","Pseudoleptotrichia","d__Bacteria;p__Fusobacteriota;c__Fusobacteriia;o__Fusobacteriales;f__Leptotrichiaceae;g___g__Pseudoleptotrichia",NA,NA
"X2755140","PFBS",0.000539681102617839,0.00114202338065486,-0.00178654440044907,0.00286590660568475,0.639730275515629,40,0.000535893513301879,0.00113400843343109,0.991429416891813,"Pseudoleptotrichia","Genus","Pseudoleptotrichia","d__Bacteria;p__Fusobacteriota;c__Fusobacteriia;o__Fusobacteriales;f__Leptotrichiaceae;g___g__Pseudoleptotrichia",NA,NA
"X2767353","PFBS",0.00266136381709931,0.00355288114190401,-0.00457561824619556,0.00989834588039418,0.459285075725611,40,0.00264268583650923,0.00352794631541355,0.991429416891813,"Lancefieldella","Genus","Lancefieldella","d__Bacteria;p__Actinomycetota;c__Coriobacteriia;o__Coriobacteriales;f__Atopobiaceae;g___g__Lancefieldella",NA,NA
"X2767353","PFNA",-0.00130365464947333,0.00316684950359649,-0.00775431599706909,0.00514700669812243,0.683335462922321,40,-0.00201846865026248,0.00490328205072656,0.847725522053027,"Lancefieldella","Genus","Lancefieldella","d__Bacteria;p__Actinomycetota;c__Coriobacteriia;o__Coriobacteriales;f__Atopobiaceae;g___g__Lancefieldella",NA,NA
"X2767353","PFOS",-0.00763600162628264,0.0046121967867198,-0.0170307390477517,0.00175873579518645,0.10757663932342,40,-0.00685334946994923,0.00413946957459666,0.540844305660714,"Lancefieldella","Genus","Lancefieldella","d__Bacteria;p__Actinomycetota;c__Coriobacteriia;o__Coriobacteriales;f__Atopobiaceae;g___g__Lancefieldella",NA,NA
"X2767353","PFHxS",0.00085445508995523,0.00505005309892271,-0.00943216645348446,0.0111410766333949,0.866706534664467,40,0.000848774406288013,0.0050164787724369,0.990192444984026,"Lancefieldella","Genus","Lancefieldella","d__Bacteria;p__Actinomycetota;c__Coriobacteriia;o__Coriobacteriales;f__Atopobiaceae;g___g__Lancefieldella",NA,NA
"X2767353","PFOA",0.00156347787196534,0.00403208232119751,-0.00664960505165788,0.00977656079558856,0.700761498143138,40,0.00134299056176773,0.00346346347379505,0.911482515788594,"Lancefieldella","Genus","Lancefieldella","d__Bacteria;p__Actinomycetota;c__Coriobacteriia;o__Coriobacteriales;f__Atopobiaceae;g___g__Lancefieldella",NA,NA
"X2781120","PFOS",-0.00374531416584786,0.00363120699673074,-0.0111418407744943,0.00365121244279861,0.310074937431387,40,-0.00336143810721036,0.003259026354927,0.750102299819118,"Thiosulfativibrio","Genus","Thiosulfativibrio","d__Bacteria;p__Pseudomonadota;c__Gammaproteobacteria;o__Thiotrichales;f__Piscirickettsiaceae;g___g__Thiosulfativibrio",NA,NA
"X2781120","PFOA",-0.00268315317408704,0.00306771897484187,-0.00893189224230769,0.00356558589413361,0.388286685455986,40,-0.00230476519891284,0.00263509813809487,0.852773771394754,"Thiosulfativibrio","Genus","Thiosulfativibrio","d__Bacteria;p__Pseudomonadota;c__Gammaproteobacteria;o__Thiotrichales;f__Piscirickettsiaceae;g___g__Thiosulfativibrio",NA,NA
"X2781120","PFNA",-0.00106739945847618,0.00243146969445275,-0.00602014115271975,0.00388534223576738,0.663616241812315,40,-0.00165267108517715,0.00376468212213941,0.847725522053027,"Thiosulfativibrio","Genus","Thiosulfativibrio","d__Bacteria;p__Pseudomonadota;c__Gammaproteobacteria;o__Thiotrichales;f__Piscirickettsiaceae;g___g__Thiosulfativibrio",NA,NA
"X2781120","PFHxS",-0.0069928421271704,0.00367834396439093,-0.0144853835969535,0.000499699342612713,0.0663292829025031,40,-0.00694635153389495,0.00365388918762553,0.544066452857749,"Thiosulfativibrio","Genus","Thiosulfativibrio","d__Bacteria;p__Pseudomonadota;c__Gammaproteobacteria;o__Thiotrichales;f__Piscirickettsiaceae;g___g__Thiosulfativibrio",NA,NA
"X2781120","PFBS",0.00499886436019945,0.00260696736327026,-0.000311354387358008,0.0103090831077569,0.0641375902329992,40,0.00496378133588975,0.00258867114781213,0.691107692125993,"Thiosulfativibrio","Genus","Thiosulfativibrio","d__Bacteria;p__Pseudomonadota;c__Gammaproteobacteria;o__Thiotrichales;f__Piscirickettsiaceae;g___g__Thiosulfativibrio",NA,NA
"X2792240","PFOA",-0.00194086162339902,0.00160547518159937,-0.00521110755289644,0.00132938430609841,0.235557577840991,40,-0.00166715429022705,0.00137906525874265,0.852773771394754,"Thiospirochaeta","Genus","Thiospirochaeta","d__Bacteria;p__Spirochaetota;c__Spirochaetia;o__Spirochaetales;f__Spirochaetaceae;g___g__Thiospirochaeta",NA,NA
"X2792240","PFBS",0.000143013054829427,0.00145560462478303,-0.00282195654028586,0.00310798264994472,0.922346695517282,40,0.000142009360766605,0.00144538890201945,0.991429416891813,"Thiospirochaeta","Genus","Thiospirochaeta","d__Bacteria;p__Spirochaetota;c__Spirochaetia;o__Spirochaetales;f__Spirochaetaceae;g___g__Thiospirochaeta",NA,NA
"X2792240","PFOS",-5.23820228495109e-05,0.00195210439223788,-0.00402868854931377,0.00392392450361475,0.978759087477979,40,-4.7013126253789e-05,0.00175202340918594,0.978759087477979,"Thiospirochaeta","Genus","Thiospirochaeta","d__Bacteria;p__Spirochaetota;c__Spirochaetia;o__Spirochaetales;f__Spirochaetaceae;g___g__Thiospirochaeta",NA,NA
"X2792240","PFHxS",0.000323993204074386,0.0020515144286875,-0.00385480494030869,0.00450279134845747,0.875505291558066,40,0.000321839196304626,0.00203787532155934,0.990192444984026,"Thiospirochaeta","Genus","Thiospirochaeta","d__Bacteria;p__Spirochaetota;c__Spirochaetia;o__Spirochaetales;f__Spirochaetaceae;g___g__Thiospirochaeta",NA,NA
"X2792240","PFNA",0.00097768382112436,0.0012781846903294,-0.00162589319370783,0.00358126083595654,0.44993543992882,40,0.00151376297672516,0.00197903311871564,0.738782140687756,"Thiospirochaeta","Genus","Thiospirochaeta","d__Bacteria;p__Spirochaetota;c__Spirochaetia;o__Spirochaetales;f__Spirochaetaceae;g___g__Thiospirochaeta",NA,NA
"X2847307","PFOS",-0.00310017943134268,0.00114345497584389,-0.00542932099838448,-0.000771037864300887,0.0106896485665934,40,-0.00278242647165112,0.00102625653269086,0.213792971331868,"Thermophilibacter","Genus","Thermophilibacter","d__Bacteria;p__Actinomycetota;c__Coriobacteriia;o__Coriobacteriales;f__Atopobiaceae;g___g__Thermophilibacter",NA,NA
"X2847307","PFOA",-0.000135043909115494,0.00106611760107873,-0.00230665439880245,0.00203656658057146,0.899995070955156,40,-0.000115999528115066,0.000915769837013032,0.92218141912079,"Thermophilibacter","Genus","Thermophilibacter","d__Bacteria;p__Actinomycetota;c__Coriobacteriia;o__Coriobacteriales;f__Atopobiaceae;g___g__Thermophilibacter",NA,NA
"X2847307","PFNA",-0.000744015175653894,0.000827412948387792,-0.00242940019903562,0.000941369847727831,0.375259582733475,40,-0.00115197020007072,0.00128109626105098,0.738782140687756,"Thermophilibacter","Genus","Thermophilibacter","d__Bacteria;p__Actinomycetota;c__Coriobacteriia;o__Coriobacteriales;f__Atopobiaceae;g___g__Thermophilibacter",NA,NA
"X2847307","PFHxS",-0.00201008247374052,0.00128485153398931,-0.00462723940471921,0.000607074457238174,0.1275493180784,40,-0.00199671881915812,0.0012763094406602,0.588312450540561,"Thermophilibacter","Genus","Thermophilibacter","d__Bacteria;p__Actinomycetota;c__Coriobacteriia;o__Coriobacteriales;f__Atopobiaceae;g___g__Thermophilibacter",NA,NA
"X2847307","PFBS",-0.000786313519348416,0.000935359535992604,-0.00269157854633512,0.00111895150763829,0.406779759516285,40,-0.000780795014678839,0.000928794996734286,0.991429416891813,"Thermophilibacter","Genus","Thermophilibacter","d__Bacteria;p__Actinomycetota;c__Coriobacteriia;o__Coriobacteriales;f__Atopobiaceae;g___g__Thermophilibacter",NA,NA
"X2892397","PFHxS",-0.000733029238395383,0.00161283697115585,-0.00401827064250793,0.00255221216571717,0.652539463656334,40,-0.00072815583162293,0.00160211432844749,0.889826541349546,"Pusillibacter","Genus","Pusillibacter","d__Bacteria;p__Bacillota;c__Clostridia;o__Eubacteriales;f__Oscillospiraceae;g___g__Pusillibacter",NA,NA
"X2892397","PFOA",0.000840155761954338,0.00128578028210491,-0.00177889296702868,0.00345920449093736,0.518152849904462,40,0.000721673954554353,0.0011044548914551,0.892238556875744,"Pusillibacter","Genus","Pusillibacter","d__Bacteria;p__Bacillota;c__Clostridia;o__Eubacteriales;f__Oscillospiraceae;g___g__Pusillibacter",NA,NA
"X2892397","PFBS",-0.000273679294485422,0.00114674459350744,-0.00260952159343332,0.00206216300446248,0.812892913651588,40,-0.000271758558764337,0.00113869651187287,0.991429416891813,"Pusillibacter","Genus","Pusillibacter","d__Bacteria;p__Bacillota;c__Clostridia;o__Eubacteriales;f__Oscillospiraceae;g___g__Pusillibacter",NA,NA
"X2892397","PFNA",-0.000817164188318761,0.00100657240691454,-0.00286748508656987,0.00123315670993235,0.422888111237947,40,-0.00126522794737468,0.00155849162076555,0.738782140687756,"Pusillibacter","Genus","Pusillibacter","d__Bacteria;p__Bacillota;c__Clostridia;o__Eubacteriales;f__Oscillospiraceae;g___g__Pusillibacter",NA,NA
"X2892397","PFOS",0.00123868740111502,0.00152339002209203,-0.00186435652997864,0.00434173133220869,0.422162382403474,40,0.00111172810841806,0.00136725012793284,0.750102299819118,"Pusillibacter","Genus","Pusillibacter","d__Bacteria;p__Bacillota;c__Clostridia;o__Eubacteriales;f__Oscillospiraceae;g___g__Pusillibacter",NA,NA
"X2894574","PFOS",0.000505356237669066,0.0012404735236273,-0.00202140564428682,0.00303211811962495,0.686434300602915,40,0.000453559738861773,0.00111333116226376,0.899584493706712,"Saccharobesus","Genus","Saccharobesus","d__Bacteria;p__Pseudomonadota;c__Gammaproteobacteria;o__Alteromonadales;f__Alteromonadaceae;g___g__Saccharobesus",NA,NA
"X2894574","PFOA",-0.000767889127603415,0.00103708677502,-0.00288036575970316,0.00134458750449633,0.464438202826912,40,-0.000659598622626559,0.000890833043153469,0.892238556875744,"Saccharobesus","Genus","Saccharobesus","d__Bacteria;p__Pseudomonadota;c__Gammaproteobacteria;o__Alteromonadales;f__Alteromonadaceae;g___g__Saccharobesus",NA,NA
"X2894574","PFNA",0.000566605925334717,0.000815605877387591,-0.0010947288814381,0.00222794073210753,0.492253499889806,40,0.0008772847147848,0.0012628151904661,0.738782140687756,"Saccharobesus","Genus","Saccharobesus","d__Bacteria;p__Pseudomonadota;c__Gammaproteobacteria;o__Alteromonadales;f__Alteromonadaceae;g___g__Saccharobesus",NA,NA
"X2894574","PFHxS",0.000379889265776957,0.00130578916545777,-0.00227991622487291,0.00303969475642682,0.772984533440897,40,0.000377363643573029,0.00129710787223095,0.953436465165774,"Saccharobesus","Genus","Saccharobesus","d__Bacteria;p__Pseudomonadota;c__Gammaproteobacteria;o__Alteromonadales;f__Alteromonadaceae;g___g__Saccharobesus",NA,NA
"X2894574","PFBS",-0.00179230044611815,0.000871700774158309,-0.00356789681852119,-1.67040737151019e-05,0.0480064084801001,40,-0.00177972172511462,0.000865583004751708,0.691107692125993,"Saccharobesus","Genus","Saccharobesus","d__Bacteria;p__Pseudomonadota;c__Gammaproteobacteria;o__Alteromonadales;f__Alteromonadaceae;g___g__Saccharobesus",NA,NA
"X349742","PFBS",-0.00100948962224649,0.0013671038134045,-0.00379418896374159,0.0017752097192486,0.465643964615079,40,-0.00100240482329903,0.0013575092069372,0.991429416891813,"Sedimenticola","Genus","Sedimenticola","d__Bacteria;p__Pseudomonadota;c__Gammaproteobacteria;o__;f__;g___g__Sedimenticola",NA,NA
"X349742","PFNA",0.00029000827241084,0.00122041222688549,-0.00219589008529862,0.0027759066301203,0.813681923081716,40,0.000449024292142515,0.00188958312031532,0.93886375740198,"Sedimenticola","Genus","Sedimenticola","d__Bacteria;p__Pseudomonadota;c__Gammaproteobacteria;o__;f__;g___g__Sedimenticola",NA,NA
"X349742","PFOS",-0.00211395519523976,0.00181054891805873,-0.0058019226563992,0.00157401226591967,0.251603870146704,40,-0.00189728531053833,0.00162497666647768,0.750102299819118,"Sedimenticola","Genus","Sedimenticola","d__Bacteria;p__Pseudomonadota;c__Gammaproteobacteria;o__;f__;g___g__Sedimenticola",NA,NA
"X349742","PFHxS",-0.00462886683481955,0.00176294530816771,-0.00821986891572289,-0.0010378647539162,0.0131550204016814,40,-0.00459809268584975,0.00175122469846448,0.544066452857749,"Sedimenticola","Genus","Sedimenticola","d__Bacteria;p__Pseudomonadota;c__Gammaproteobacteria;o__;f__;g___g__Sedimenticola",NA,NA
"X349742","PFOA",-0.00131699817269425,0.00153722642077846,-0.00444822592562572,0.00181422958023721,0.397961093317552,40,-0.00113127032208674,0.00132044118527264,0.852773771394754,"Sedimenticola","Genus","Sedimenticola","d__Bacteria;p__Pseudomonadota;c__Gammaproteobacteria;o__;f__;g___g__Sedimenticola",NA,NA
"X41707","PFOS",-0.000652761017889878,0.000850894016840235,-0.00238597541254245,0.0010804533767627,0.448617374955418,40,-0.000585856262858989,0.000763681615680047,0.750102299819118,"Lawsonia","Genus","Lawsonia","d__Bacteria;p__Thermodesulfobacteriota;c__Desulfovibrionia;o__Desulfovibrionales;f__Desulfovibrionaceae;g___g__Lawsonia",NA,NA
"X41707","PFOA",-0.000327872510571608,0.000719817555899066,-0.00179409289139037,0.00113834787024715,0.651829753809,40,-0.000281634742042912,0.000618306278010816,0.909529889035814,"Lawsonia","Genus","Lawsonia","d__Bacteria;p__Thermodesulfobacteriota;c__Desulfovibrionia;o__Desulfovibrionales;f__Desulfovibrionaceae;g___g__Lawsonia",NA,NA
"X41707","PFNA",0.000534900150692739,0.000559417038413375,-0.000604595067751165,0.00167439536913664,0.346152550233574,40,0.000828194173687145,0.000866154050013364,0.738782140687756,"Lawsonia","Genus","Lawsonia","d__Bacteria;p__Thermodesulfobacteriota;c__Desulfovibrionia;o__Desulfovibrionales;f__Desulfovibrionaceae;g___g__Lawsonia",NA,NA
"X41707","PFHxS",-0.00134385346566657,0.000870933987582109,-0.00311788794492523,0.000430181013592097,0.13266271056551,40,-0.00133491910911198,0.000865143747069011,0.588312450540561,"Lawsonia","Genus","Lawsonia","d__Bacteria;p__Thermodesulfobacteriota;c__Desulfovibrionia;o__Desulfovibrionales;f__Desulfovibrionaceae;g___g__Lawsonia",NA,NA
"X41707","PFBS",-0.000590874017175149,0.000631797923684855,-0.00187780427425769,0.000696056239907394,0.356676095172062,40,-0.000586727145803008,0.000627363840197428,0.991429416891813,"Lawsonia","Genus","Lawsonia","d__Bacteria;p__Thermodesulfobacteriota;c__Desulfovibrionia;o__Desulfovibrionales;f__Desulfovibrionaceae;g___g__Lawsonia",NA,NA
"X42255","PFOA",-0.00250999220498772,0.0014949247287886,-0.00555505423102027,0.000535069821044832,0.102890598069445,40,-0.00215602401661864,0.00128410503104375,0.685937320462967,"Rubrobacter","Genus","Rubrobacter","d__Bacteria;p__Actinomycetota;c__Rubrobacteria;o__Rubrobacterales;f__Rubrobacteraceae;g___g__Rubrobacter",NA,NA
"X42255","PFBS",-0.00136586000788671,0.00136156168172796,-0.00413927039657601,0.00140755038080258,0.323310892013246,40,-0.00135627413069392,0.00135200597104304,0.991429416891813,"Rubrobacter","Genus","Rubrobacter","d__Bacteria;p__Actinomycetota;c__Rubrobacteria;o__Rubrobacterales;f__Rubrobacteraceae;g___g__Rubrobacter",NA,NA
"X42255","PFOS",-0.0052883447492741,0.00160129776061796,-0.00855008155068482,-0.00202660794786338,0.00236335617223651,40,-0.00474631573670711,0.0014371727110677,0.0709006851670952,"Rubrobacter","Genus","Rubrobacter","d__Bacteria;p__Actinomycetota;c__Rubrobacteria;o__Rubrobacterales;f__Rubrobacteraceae;g___g__Rubrobacter",NA,NA
"X42255","PFHxS",-0.00017339100481745,0.00194913560212665,-0.0041436503037144,0.0037968682940795,0.929669798301826,40,-0.000172238247392645,0.00193617714133642,0.991824766338375,"Rubrobacter","Genus","Rubrobacter","d__Bacteria;p__Actinomycetota;c__Rubrobacteria;o__Rubrobacterales;f__Rubrobacteraceae;g___g__Rubrobacter",NA,NA
"X42255","PFNA",0.00179448324696906,0.0011833418204323,-0.000615905163780274,0.00420487165771839,0.13922213228649,40,0.00277842615672147,0.001832186436839,0.738782140687756,"Rubrobacter","Genus","Rubrobacter","d__Bacteria;p__Actinomycetota;c__Rubrobacteria;o__Rubrobacterales;f__Rubrobacteraceae;g___g__Rubrobacter",NA,NA
"X44","PFBS",-0.00148671075986703,0.000661976185779381,-0.00283511212525759,-0.000138309394476467,0.0317475900531062,40,-0.00147627672806069,0.000657330305246385,0.691107692125993,"Melittangium","Genus","Melittangium","d__Bacteria;p__Myxococcota;c__Myxococcia;o__Myxococcales;f__Archangiaceae;g___g__Melittangium",NA,NA
"X44","PFNA",4.72275208894687e-05,0.000630967342499533,-0.00123801089768224,0.00133246593946118,0.940800512414896,40,7.31231008024407e-05,0.000976936492106447,0.967414251305328,"Melittangium","Genus","Melittangium","d__Bacteria;p__Myxococcota;c__Myxococcia;o__Myxococcales;f__Archangiaceae;g___g__Melittangium",NA,NA
"X44","PFOS",0.00175793919132836,0.000903073519724527,-8.15613725944039e-05,0.00359743975525112,0.0604044090396409,40,0.00157775917485736,0.000810512979256951,0.517752077482636,"Melittangium","Genus","Melittangium","d__Bacteria;p__Myxococcota;c__Myxococcia;o__Myxococcales;f__Archangiaceae;g___g__Melittangium",NA,NA
"X44","PFHxS",0.000617341314401197,0.000998113985742871,-0.00141575034373232,0.00265043297253471,0.540618618823257,40,0.00061323703699324,0.000991478212975543,0.850285394868994,"Melittangium","Genus","Melittangium","d__Bacteria;p__Myxococcota;c__Myxococcia;o__Myxococcales;f__Archangiaceae;g___g__Melittangium",NA,NA
"X44","PFOA",0.00169574921588046,0.000745151998134545,0.000177924264934282,0.00321357416682663,0.029698432836156,40,0.00145660852186526,0.000640067965476932,0.67568578893516,"Melittangium","Genus","Melittangium","d__Bacteria;p__Myxococcota;c__Myxococcia;o__Myxococcales;f__Archangiaceae;g___g__Melittangium",NA,NA
"X441","PFNA",-0.00102688836266824,0.000785338770990935,-0.00262657109121166,0.00057279436587517,0.200334859233749,40,-0.00158994712917458,0.00121595216165667,0.738782140687756,"Gluconobacter","Genus","Gluconobacter","d__Bacteria;p__Pseudomonadota;c__Alphaproteobacteria;o__Rhodospirillales;f__Acetobacteraceae;g___g__Gluconobacter",NA,NA
"X441","PFOA",0.000756259402974457,0.00101721805732243,-0.00131574597555531,0.00282826478150423,0.462628136981152,40,0.000649608963871098,0.000873766283961847,0.892238556875744,"Gluconobacter","Genus","Gluconobacter","d__Bacteria;p__Pseudomonadota;c__Alphaproteobacteria;o__Rhodospirillales;f__Acetobacteraceae;g___g__Gluconobacter",NA,NA
"X441","PFBS",0.00103483662995306,0.000891207675168435,-0.000780493999545085,0.0028501672594512,0.254164739065563,40,0.00102757394066422,0.000884953002450795,0.991429416891813,"Gluconobacter","Genus","Gluconobacter","d__Bacteria;p__Pseudomonadota;c__Alphaproteobacteria;o__Rhodospirillales;f__Acetobacteraceae;g___g__Gluconobacter",NA,NA
"X441","PFOS",6.76884865291147e-05,0.00121988495387609,-0.00241713585120638,0.00255251282426461,0.956095013184197,40,6.07507535984911e-05,0.00109485281842661,0.978759087477979,"Gluconobacter","Genus","Gluconobacter","d__Bacteria;p__Pseudomonadota;c__Alphaproteobacteria;o__Rhodospirillales;f__Acetobacteraceae;g___g__Gluconobacter",NA,NA
"X441","PFHxS",-0.000187681523062495,0.00128212462699364,-0.00279928392625719,0.0024239208801322,0.884537181097848,40,-0.000186433757819789,0.00127360066299188,0.990192444984026,"Gluconobacter","Genus","Gluconobacter","d__Bacteria;p__Pseudomonadota;c__Alphaproteobacteria;o__Rhodospirillales;f__Acetobacteraceae;g___g__Gluconobacter",NA,NA
"X44249","PFOS",-0.00180949314137827,0.00203295123710445,-0.00595047930186478,0.00233149301910824,0.380065053933284,40,-0.00162402910165155,0.00182458385489174,0.750102299819118,"Paenibacillus","Genus","Paenibacillus","d__Bacteria;p__Bacillota;c__Bacilli;o__Bacillales;f__Paenibacillaceae;g___g__Paenibacillus",NA,NA
"X44249","PFOA",-0.00123520843008816,0.0017169054082722,-0.00473243030376478,0.00226201344358846,0.477092271167092,40,-0.00106101486510907,0.00147478119140828,0.892238556875744,"Paenibacillus","Genus","Paenibacillus","d__Bacteria;p__Bacillota;c__Bacilli;o__Bacillales;f__Paenibacillaceae;g___g__Paenibacillus",NA,NA
"X44249","PFNA",0.000683048863455304,0.00135437353251493,-0.00207571974442419,0.0034418174713348,0.617485843045975,40,0.00105757511626176,0.00209699748106682,0.847725522053027,"Paenibacillus","Genus","Paenibacillus","d__Bacteria;p__Bacillota;c__Bacilli;o__Bacillales;f__Paenibacillaceae;g___g__Paenibacillus",NA,NA
"X44249","PFHxS",0.00151217074449655,0.00214700478234348,-0.00286113488522719,0.00588547637422028,0.486330173705067,40,0.00150211736222838,0.00213273082559154,0.850285394868994,"Paenibacillus","Genus","Paenibacillus","d__Bacteria;p__Bacillota;c__Bacilli;o__Bacillales;f__Paenibacillaceae;g___g__Paenibacillus",NA,NA
"X44249","PFBS",0.00149140040298828,0.00151193875724567,-0.00158831806491506,0.00457111887089162,0.3313292115215,40,0.00148093345833379,0.0015013276703361,0.991429416891813,"Paenibacillus","Genus","Paenibacillus","d__Bacteria;p__Bacillota;c__Bacilli;o__Bacillales;f__Paenibacillaceae;g___g__Paenibacillus",NA,NA
"X447237","PFOS",0.0058456526585633,0.00656550762238282,-0.00752784873420972,0.0192191540513363,0.37991904482259,40,0.00524650235945211,0.00589257577276207,0.750102299819118,"Frondihabitans","Genus","Frondihabitans","d__Bacteria;p__Actinomycetota;c__Actinomycetes;o__Micrococcales;f__Microbacteriaceae;g___g__Frondihabitans",NA,NA
"X447237","PFOA",0.00515394795481113,0.00551477373424902,-0.00607927854611867,0.0163871744557409,0.35700862243999,40,0.00442711955395482,0.00473706037557862,0.852773771394754,"Frondihabitans","Genus","Frondihabitans","d__Bacteria;p__Actinomycetota;c__Actinomycetes;o__Micrococcales;f__Microbacteriaceae;g___g__Frondihabitans",NA,NA
"X447237","PFNA",0.00342814413949101,0.00434937555673925,-0.00543124395526151,0.0122875322342435,0.436384476274876,40,0.00530784857549438,0.00673420542245815,0.738782140687756,"Frondihabitans","Genus","Frondihabitans","d__Bacteria;p__Actinomycetota;c__Actinomycetes;o__Micrococcales;f__Microbacteriaceae;g___g__Frondihabitans",NA,NA
"X447237","PFHxS",0.00484235158531033,0.00693480595853478,-0.00928338590205494,0.0189680890726756,0.490053325010859,40,0.00481015812320218,0.0068887012077912,0.850285394868994,"Frondihabitans","Genus","Frondihabitans","d__Bacteria;p__Actinomycetota;c__Actinomycetes;o__Micrococcales;f__Microbacteriaceae;g___g__Frondihabitans",NA,NA
"X447237","PFBS",0.00578176265610529,0.00485006730110095,-0.00409750114753278,0.0156610264597434,0.241988008469801,40,0.00574118509584339,0.00481602856414642,0.991429416891813,"Frondihabitans","Genus","Frondihabitans","d__Bacteria;p__Actinomycetota;c__Actinomycetes;o__Micrococcales;f__Microbacteriaceae;g___g__Frondihabitans",NA,NA
"X543311","PFBS",-0.000330688786006321,0.000730066245730757,-0.00181778506487004,0.00115640749285739,0.653635923513018,40,-0.00032836794633506,0.000724942495614513,0.991429416891813,"Parvimonas","Genus","Parvimonas","d__Bacteria;p__Bacillota;c__Tissierellia;o__Tissierellales;f__Peptoniphilaceae;g___g__Parvimonas",NA,NA
"X543311","PFNA",-3.99475948038866e-05,0.000648848651646832,-0.00136160904820245,0.00128171385859467,0.95129068045024,40,-6.18514786854085e-05,0.00100462239953144,0.967414251305328,"Parvimonas","Genus","Parvimonas","d__Bacteria;p__Bacillota;c__Tissierellia;o__Tissierellales;f__Peptoniphilaceae;g___g__Parvimonas",NA,NA
"X543311","PFOS",0.000318323948157663,0.000980471522477569,-0.00167883118828999,0.00231547908460531,0.747548232947668,40,0.000285697328019101,0.000879978071998284,0.927297647984398,"Parvimonas","Genus","Parvimonas","d__Bacteria;p__Bacillota;c__Tissierellia;o__Tissierellales;f__Peptoniphilaceae;g___g__Parvimonas",NA,NA
"X543311","PFHxS",0.000772838969149736,0.00102340901085277,-0.00131177696905379,0.00285745490735326,0.455674698066573,40,0.000767700894883402,0.00101660506887714,0.850285394868994,"Parvimonas","Genus","Parvimonas","d__Bacteria;p__Bacillota;c__Tissierellia;o__Tissierellales;f__Peptoniphilaceae;g___g__Parvimonas",NA,NA
"X543311","PFOA",-0.00145320446769677,0.000784960464721328,-0.00305211661158558,0.000145707676192041,0.0733731561789769,40,-0.00124826831222254,0.000674262497976002,0.685937320462967,"Parvimonas","Genus","Parvimonas","d__Bacteria;p__Bacillota;c__Tissierellia;o__Tissierellales;f__Peptoniphilaceae;g___g__Parvimonas",NA,NA
"X60919","PFOS",-0.000348534103771141,0.00152631153104839,-0.00345752895387125,0.00276046074632897,0.820826680838932,40,-0.000312811093061803,0.00136987219676382,0.929988191753339,"Sanguibacter","Genus","Sanguibacter","d__Bacteria;p__Actinomycetota;c__Actinomycetes;o__Micrococcales;f__Sanguibacteraceae;g___g__Sanguibacter",NA,NA
"X60919","PFOA",0.000190203016364198,0.0012842245078502,-0.00242567670416451,0.0028060827368929,0.883187436490317,40,0.000163379898351726,0.00110311851811859,0.92218141912079,"Sanguibacter","Genus","Sanguibacter","d__Bacteria;p__Actinomycetota;c__Actinomycetes;o__Micrococcales;f__Sanguibacteraceae;g___g__Sanguibacter",NA,NA
"X60919","PFNA",-0.000992906582480406,0.00099391240851143,-0.00301743990785608,0.00103162674289526,0.325295146397683,40,-0.00153733261349977,0.0015388899494952,0.738782140687756,"Sanguibacter","Genus","Sanguibacter","d__Bacteria;p__Actinomycetota;c__Actinomycetes;o__Micrococcales;f__Sanguibacteraceae;g___g__Sanguibacter",NA,NA
"X60919","PFHxS",-0.00218077987519394,0.00155899429061587,-0.00535634732801334,0.000994787577625464,0.171479746261321,40,-0.00216628137110116,0.00154862961082393,0.643049048479954,"Sanguibacter","Genus","Sanguibacter","d__Bacteria;p__Actinomycetota;c__Actinomycetes;o__Micrococcales;f__Sanguibacteraceae;g___g__Sanguibacter",NA,NA
"X60919","PFBS",0.00035126866700182,0.00113750046919299,-0.00196574396689889,0.00266828130090253,0.759469566912767,40,0.000348803393632577,0.00112951726466143,0.991429416891813,"Sanguibacter","Genus","Sanguibacter","d__Bacteria;p__Actinomycetota;c__Actinomycetes;o__Micrococcales;f__Sanguibacteraceae;g___g__Sanguibacter",NA,NA
"X74385","PFOS",-0.00222168548693136,0.00198606199875846,-0.0062671613943815,0.00182379042051877,0.271621737771368,40,-0.00199397378358958,0.00178250053007176,0.750102299819118,"Gracilibacillus","Genus","Gracilibacillus","d__Bacteria;p__Bacillota;c__Bacilli;o__Bacillales;f__Bacillaceae;g___g__Gracilibacillus",NA,NA
"X74385","PFOA",0.00210543484966157,0.00166143255560918,-0.00127879252076889,0.00548966222009203,0.214214300368075,40,0.00180851880427191,0.00142713132127157,0.852773771394754,"Gracilibacillus","Genus","Gracilibacillus","d__Bacteria;p__Bacillota;c__Bacilli;o__Bacillales;f__Bacillaceae;g___g__Gracilibacillus",NA,NA
"X74385","PFNA",-0.000174387991666346,0.00133729477414497,-0.00289836830715718,0.00254959232382449,0.89706348352258,40,-0.000270007623800489,0.00207055417541905,0.94556541046079,"Gracilibacillus","Genus","Gracilibacillus","d__Bacteria;p__Bacillota;c__Bacilli;o__Bacillales;f__Bacillaceae;g___g__Gracilibacillus",NA,NA
"X74385","PFHxS",-0.00248071523724977,0.00208275804672139,-0.00672315454897639,0.00176172407447686,0.242385310664182,40,-0.00246422266941686,0.00206891122228572,0.807951035547272,"Gracilibacillus","Genus","Gracilibacillus","d__Bacteria;p__Bacillota;c__Bacilli;o__Bacillales;f__Bacillaceae;g___g__Gracilibacillus",NA,NA
"X74385","PFBS",-0.00152542337129907,0.00148553772915137,-0.0045513647047755,0.00150051796217736,0.312191259532509,40,-0.0015147176466861,0.0014751119299079,0.991429416891813,"Gracilibacillus","Genus","Gracilibacillus","d__Bacteria;p__Bacillota;c__Bacilli;o__Bacillales;f__Bacillaceae;g___g__Gracilibacillus",NA,NA
"X748770","PFOS",-0.00278414469219956,0.00160726303486744,-0.00605803235963193,0.000489742975232816,0.0928633956552585,40,-0.00249878372011776,0.00144252657440045,0.540844305660714,"Dolichospermum","Genus","Dolichospermum","d__Bacteria;p__Cyanobacteriota;c__Cyanophyceae;o__Nostocales;f__Aphanizomenonaceae;g___g__Dolichospermum",NA,NA
"X748770","PFOA",0.000515110060682278,0.00141071711408611,-0.00235842666718953,0.00338864678855409,0.717408858101864,40,0.000442467374928884,0.00121177267904682,0.911482515788594,"Dolichospermum","Genus","Dolichospermum","d__Bacteria;p__Cyanobacteriota;c__Cyanophyceae;o__Nostocales;f__Aphanizomenonaceae;g___g__Dolichospermum",NA,NA
"X748770","PFNA",0.00201083445246047,0.00105220883044168,-0.000132444798549332,0.00415411370347028,0.0649899414149424,40,0.0031134060733024,0.00162915120092111,0.735711049269467,"Dolichospermum","Genus","Dolichospermum","d__Bacteria;p__Cyanobacteriota;c__Cyanophyceae;o__Nostocales;f__Aphanizomenonaceae;g___g__Dolichospermum",NA,NA
"X748770","PFHxS",-0.0031765776835681,0.00167560791645563,-0.00658967931916227,0.000236523952026078,0.0670515952325581,40,-0.00315545880537681,0.00166446795294489,0.544066452857749,"Dolichospermum","Genus","Dolichospermum","d__Bacteria;p__Cyanobacteriota;c__Cyanophyceae;o__Nostocales;f__Aphanizomenonaceae;g___g__Dolichospermum",NA,NA
"X748770","PFBS",-3.72444731026658e-05,0.00125355902039054,-0.00259066063973133,0.002516171693526,0.976482083256879,40,-3.69830839828357e-05,0.00124476129386366,0.991429416891813,"Dolichospermum","Genus","Dolichospermum","d__Bacteria;p__Cyanobacteriota;c__Cyanophyceae;o__Nostocales;f__Aphanizomenonaceae;g___g__Dolichospermum",NA,NA
"X76890","PFHxS",0.000558256755045117,0.000930319021464516,-0.00133674107983113,0.00245325458992136,0.552685506664846,40,0.000554545290197194,0.000924133970743113,0.850285394868994,"Asticcacaulis","Genus","Asticcacaulis","d__Bacteria;p__Pseudomonadota;c__Alphaproteobacteria;o__Caulobacterales;f__Caulobacteraceae;g___g__Asticcacaulis",NA,NA
"X76890","PFOA",-0.00101802631223058,0.000726414086814661,-0.00249768338682248,0.000461630762361324,0.170707118647319,40,-0.000874460555836498,0.000623972542253441,0.787879009141471,"Asticcacaulis","Genus","Asticcacaulis","d__Bacteria;p__Pseudomonadota;c__Alphaproteobacteria;o__Caulobacterales;f__Caulobacteraceae;g___g__Asticcacaulis",NA,NA
"X76890","PFBS",5.1249876488841e-05,0.000663569508115296,-0.00130039698029462,0.00140289673327231,0.938918591861797,40,5.08901946624961e-05,0.000658912445329249,0.991429416891813,"Asticcacaulis","Genus","Asticcacaulis","d__Bacteria;p__Pseudomonadota;c__Alphaproteobacteria;o__Caulobacterales;f__Caulobacteraceae;g___g__Asticcacaulis",NA,NA
"X76890","PFNA",9.96093408909108e-05,0.000587693772675714,-0.00109748370041611,0.00129670238219793,0.866476679629753,40,0.000154226682613251,0.000909935354873047,0.945247286868821,"Asticcacaulis","Genus","Asticcacaulis","d__Bacteria;p__Pseudomonadota;c__Alphaproteobacteria;o__Caulobacterales;f__Caulobacteraceae;g___g__Asticcacaulis",NA,NA
"X76890","PFOS",-0.000390659725230241,0.000887184854708057,-0.00219779613759789,0.0014164766871374,0.662653735977942,40,-0.000350619048013556,0.00079625282331434,0.899584493706712,"Asticcacaulis","Genus","Asticcacaulis","d__Bacteria;p__Pseudomonadota;c__Alphaproteobacteria;o__Caulobacterales;f__Caulobacteraceae;g___g__Asticcacaulis",NA,NA
"X773","PFHxS",0.00186284789250167,0.00120894953149136,-0.000599701718753551,0.0043253975037569,0.133177425109541,40,0.00185046309929037,0.00120091205832423,0.588312450540561,"Bartonella","Genus","Bartonella","d__Bacteria;p__Pseudomonadota;c__Alphaproteobacteria;o__Hyphomicrobiales;f__Bartonellaceae;g___g__Bartonella",NA,NA
"X773","PFOA",0.000462538769651178,0.000998981636602523,-0.00157232023544884,0.0024973977747512,0.646490506387696,40,0.000397309877697431,0.000858101629318236,0.909529889035814,"Bartonella","Genus","Bartonella","d__Bacteria;p__Pseudomonadota;c__Alphaproteobacteria;o__Hyphomicrobiales;f__Bartonellaceae;g___g__Bartonella",NA,NA
"X773","PFBS",0.000146649496796349,0.00088844503879837,-0.00166305382656375,0.00195635282015645,0.869932655671559,40,0.000145620281460547,0.000882209754812239,0.991429416891813,"Bartonella","Genus","Bartonella","d__Bacteria;p__Pseudomonadota;c__Alphaproteobacteria;o__Hyphomicrobiales;f__Bartonellaceae;g___g__Bartonella",NA,NA
"X773","PFNA",-0.00218145116702863,0.000686585656971398,-0.00357998038485513,-0.000782921949202126,0.00328642477174739,40,-0.00337757457046208,0.00106305118834694,0.197185486304843,"Bartonella","Genus","Bartonella","d__Bacteria;p__Pseudomonadota;c__Alphaproteobacteria;o__Hyphomicrobiales;f__Bartonellaceae;g___g__Bartonella",NA,NA
"X773","PFOS",0.00189071264685882,0.00114400474184723,-0.000439548756886257,0.0042209740506039,0.108168861132143,40,0.00169692401211343,0.00102674995041546,0.540844305660714,"Bartonella","Genus","Bartonella","d__Bacteria;p__Pseudomonadota;c__Alphaproteobacteria;o__Hyphomicrobiales;f__Bartonellaceae;g___g__Bartonella",NA,NA
"X80865","PFBS",-0.000435636712352918,0.000437647891837125,-0.00132709629593098,0.000455822871225142,0.327007362997017,40,-0.000432579327261344,0.000434576391887925,0.991429416891813,"Delftia","Genus","Delftia","d__Bacteria;p__Pseudomonadota;c__Betaproteobacteria;o__Burkholderiales;f__Comamonadaceae;g___g__Delftia",NA,NA
"X80865","PFNA",0.000594666421477912,0.000379405964542145,-0.000178158238405625,0.00136749108136145,0.126866911140541,40,0.000920731214821241,0.000587440121093653,0.738782140687756,"Delftia","Genus","Delftia","d__Bacteria;p__Pseudomonadota;c__Betaproteobacteria;o__Burkholderiales;f__Comamonadaceae;g___g__Delftia",NA,NA
"X80865","PFOS",-0.000960087328405222,0.000571179425730982,-0.00212354174577505,0.000203367088964608,0.102522244690805,40,-0.000861683156350254,0.000512636377800902,0.540844305660714,"Delftia","Genus","Delftia","d__Bacteria;p__Pseudomonadota;c__Betaproteobacteria;o__Burkholderiales;f__Comamonadaceae;g___g__Delftia",NA,NA
"X80865","PFHxS",-0.000177523347166868,0.000625656099053601,-0.00145194311686832,0.00109689642253459,0.7784378148275,40,-0.000176343116642578,0.000621496542366574,0.953436465165774,"Delftia","Genus","Delftia","d__Bacteria;p__Pseudomonadota;c__Betaproteobacteria;o__Burkholderiales;f__Comamonadaceae;g___g__Delftia",NA,NA
"X80865","PFOA",-0.000683013529423984,0.00048635290412029,-0.00167368197651526,0.000307654917667289,0.169844549753706,40,-0.000586692488601086,0.000417765656702786,0.787879009141471,"Delftia","Genus","Delftia","d__Bacteria;p__Pseudomonadota;c__Betaproteobacteria;o__Burkholderiales;f__Comamonadaceae;g___g__Delftia",NA,NA
"X81466","PFHxS",0.00220137460619421,0.0025717976942496,-0.00303720586985661,0.00743995508224504,0.398380193589606,40,0.00218673918191289,0.00255469958186329,0.850285394868994,"Aminobacterium","Genus","Aminobacterium","d__Bacteria;p__Synergistota;c__Synergistia;o__Synergistales;f__Aminobacteriaceae;g___g__Aminobacterium",NA,NA
"X81466","PFOA",0.000276636401194632,0.00208012672522467,-0.00396044308403797,0.00451371588642724,0.895033950289257,40,0.00023762413431459,0.00178677972317313,0.92218141912079,"Aminobacterium","Genus","Aminobacterium","d__Bacteria;p__Synergistota;c__Synergistia;o__Synergistales;f__Aminobacteriaceae;g___g__Aminobacterium",NA,NA
"X81466","PFBS",-0.000655788337791894,0.00184144534396106,-0.00440668975906554,0.00309511308348175,0.724082768310714,40,-0.000651185884806782,0.00182852171428998,0.991429416891813,"Aminobacterium","Genus","Aminobacterium","d__Bacteria;p__Synergistota;c__Synergistia;o__Synergistales;f__Aminobacteriaceae;g___g__Aminobacterium",NA,NA
"X81466","PFNA",-0.00257795297992811,0.00156988727304362,-0.00577570871186431,0.000619802752008095,0.11035665739042,40,-0.0039914844578952,0.00243068073769749,0.735711049269467,"Aminobacterium","Genus","Aminobacterium","d__Bacteria;p__Synergistota;c__Synergistia;o__Synergistales;f__Aminobacteriaceae;g___g__Aminobacterium",NA,NA
"X81466","PFOS",0.00138971762352226,0.00246186990857517,-0.00362494728051558,0.00640438252756009,0.576351950486165,40,0.00124727848482426,0.00220954049760087,0.843441878760242,"Aminobacterium","Genus","Aminobacterium","d__Bacteria;p__Synergistota;c__Synergistia;o__Synergistales;f__Aminobacteriaceae;g___g__Aminobacterium",NA,NA
"X816","PFOA",-0.000392095856452862,0.000737894400862553,-0.00189513756552231,0.00111094585261659,0.598831035993204,40,-0.00033680107916238,0.00063383386084893,0.905359760695901,"Bacteroides","Genus","Bacteroides","d__Bacteria;p__Bacteroidota;c__Bacteroidia;o__Bacteroidales;f__Bacteroidaceae;g___g__Bacteroides",NA,NA
"X816","PFBS",0.000240429047505685,0.000655842801169098,-0.00109547902226392,0.00157633711727529,0.716333662715876,40,0.000238741668631083,0.000651239965949173,0.991429416891813,"Bacteroides","Genus","Bacteroides","d__Bacteria;p__Bacteroidota;c__Bacteroidia;o__Bacteroidales;f__Bacteroidaceae;g___g__Bacteroides",NA,NA
"X816","PFOS",-0.000667820369177643,0.000873326515397135,-0.00244672826811789,0.0011110875297626,0.450061379891471,40,-0.000599372105601944,0.000783814894798979,0.750102299819118,"Bacteroides","Genus","Bacteroides","d__Bacteria;p__Bacteroidota;c__Bacteroidia;o__Bacteroidales;f__Bacteroidaceae;g___g__Bacteroides",NA,NA
"X816","PFHxS",-0.000426211724647268,0.000923429710383354,-0.00230717649206883,0.00145475304277429,0.647524229389642,40,-0.000423378136303723,0.000917290461948575,0.889826541349546,"Bacteroides","Genus","Bacteroides","d__Bacteria;p__Bacteroidota;c__Bacteroidia;o__Bacteroidales;f__Bacteroidaceae;g___g__Bacteroides",NA,NA
"X816","PFNA",0.000699170719141813,0.000569007074870041,-0.000459858764325673,0.0018582002026093,0.228123452016811,40,0.00108253683468959,0.000881002451735765,0.738782140687756,"Bacteroides","Genus","Bacteroides","d__Bacteria;p__Bacteroidota;c__Bacteroidia;o__Bacteroidales;f__Bacteroidaceae;g___g__Bacteroides",NA,NA
"X872","PFNA",-0.000687256693245044,0.000651879134805907,-0.00201509103883712,0.000640577652347032,0.299654791335717,40,-0.00106409016418466,0.00100931454346251,0.738782140687756,"Desulfovibrio","Genus","Desulfovibrio","d__Bacteria;p__Thermodesulfobacteriota;c__Desulfovibrionia;o__Desulfovibrionales;f__Desulfovibrionaceae;g___g__Desulfovibrio",NA,NA
"X872","PFOS",-0.00065995741959147,0.00099679766965418,-0.0026903678295934,0.00137045299041046,0.512661668762196,40,-0.000592315069208295,0.000894630870357313,0.788710259634148,"Desulfovibrio","Genus","Desulfovibrio","d__Bacteria;p__Thermodesulfobacteriota;c__Desulfovibrionia;o__Desulfovibrionales;f__Desulfovibrionaceae;g___g__Desulfovibrio",NA,NA
"X872","PFHxS",1.83308216251773e-05,0.00105510375148499,-0.00213084519058444,0.0021675068338348,0.986246541490042,40,1.8208952611537e-05,0.00104808909299827,0.991824766338375,"Desulfovibrio","Genus","Desulfovibrio","d__Bacteria;p__Thermodesulfobacteriota;c__Desulfovibrionia;o__Desulfovibrionales;f__Desulfovibrionaceae;g___g__Desulfovibrio",NA,NA
"X872","PFOA",0.000943517202466721,0.000827378803120783,-0.000741798269282112,0.00262883267421555,0.262596056574952,40,0.000810458990497556,0.000710698848715477,0.852773771394754,"Desulfovibrio","Genus","Desulfovibrio","d__Bacteria;p__Thermodesulfobacteriota;c__Desulfovibrionia;o__Desulfovibrionales;f__Desulfovibrionaceae;g___g__Desulfovibrio",NA,NA
"X872","PFBS",0.000521855500029889,0.000742742162108096,-0.00099106077556174,0.00203477177562152,0.48738104413215,40,0.000518193014338246,0.000737529449889589,0.991429416891813,"Desulfovibrio","Genus","Desulfovibrio","d__Bacteria;p__Thermodesulfobacteriota;c__Desulfovibrionia;o__Desulfovibrionales;f__Desulfovibrionaceae;g___g__Desulfovibrio",NA,NA
"X881616","PFOS",-4.84374161509619e-05,0.0012994169804858,-0.00269526319076073,0.00259838835845881,0.97049630504277,40,-4.34728221064444e-05,0.00116623320820201,0.978759087477979,"Herbiconiux","Genus","Herbiconiux","d__Bacteria;p__Actinomycetota;c__Actinomycetes;o__Micrococcales;f__Microbacteriaceae;g___g__Herbiconiux",NA,NA
"X881616","PFOA",-0.00178031471678802,0.00104652804832469,-0.00391202259328681,0.000351393159710774,0.098611746998348,40,-0.00152924828965887,0.000898942873913869,0.685937320462967,"Herbiconiux","Genus","Herbiconiux","d__Bacteria;p__Actinomycetota;c__Actinomycetes;o__Micrococcales;f__Microbacteriaceae;g___g__Herbiconiux",NA,NA
"X881616","PFNA",0.000160912885742289,0.000858103197939193,-0.0015869861302698,0.00190881190175437,0.852435677947979,40,0.000249143908952648,0.00132861444894933,0.945247286868821,"Herbiconiux","Genus","Herbiconiux","d__Bacteria;p__Actinomycetota;c__Actinomycetes;o__Micrococcales;f__Microbacteriaceae;g___g__Herbiconiux",NA,NA
"X881616","PFHxS",0.00197187460788436,0.00132091535175154,-0.000718741915986686,0.0046624911317554,0.145281915762485,40,0.00195876497109889,0.00131213349492526,0.588312450540561,"Herbiconiux","Genus","Herbiconiux","d__Bacteria;p__Actinomycetota;c__Actinomycetes;o__Micrococcales;f__Microbacteriaceae;g___g__Herbiconiux",NA,NA
"X881616","PFBS",0.000321456582129722,0.00096741095764839,-0.00164909505433295,0.00229200821859239,0.741840611882446,40,0.00031920053590147,0.000960621475138148,0.991429416891813,"Herbiconiux","Genus","Herbiconiux","d__Bacteria;p__Actinomycetota;c__Actinomycetes;o__Micrococcales;f__Microbacteriaceae;g___g__Herbiconiux",NA,NA
"X896","PFOS",0.00198183885718995,0.00129275789102024,-0.00065142279605034,0.00461510051043025,0.135096246043058,40,0.00177871023949214,0.00116025664225917,0.573921107549356,"Desulfococcus","Genus","Desulfococcus","d__Bacteria;p__Thermodesulfobacteriota;c__Desulfobacteria;o__Desulfobacterales;f__Desulfococcaceae;g___g__Desulfococcus",NA,NA
"X896","PFOA",-0.000472267930226437,0.00112332040116658,-0.00276039671075161,0.00181586085029874,0.676987561624926,40,-0.000405666996823186,0.000964905691125314,0.911482515788594,"Desulfococcus","Genus","Desulfococcus","d__Bacteria;p__Thermodesulfobacteriota;c__Desulfobacteria;o__Desulfobacterales;f__Desulfococcaceae;g___g__Desulfococcus",NA,NA
"X896","PFNA",-0.000355166485752478,0.000882736436294525,-0.00215324176632794,0.00144290879482298,0.690103673095745,40,-0.000549909761304417,0.00136675447276221,0.847725522053027,"Desulfococcus","Genus","Desulfococcus","d__Bacteria;p__Thermodesulfobacteriota;c__Desulfobacteria;o__Desulfobacterales;f__Desulfococcaceae;g___g__Desulfococcus",NA,NA
"X896","PFHxS",0.000950616011258922,0.00139806613628667,-0.00189715151810583,0.00379838354062367,0.501425498524013,40,0.000944296019825275,0.00138877135700634,0.850285394868994,"Desulfococcus","Genus","Desulfococcus","d__Bacteria;p__Thermodesulfobacteriota;c__Desulfobacteria;o__Desulfobacterales;f__Desulfococcaceae;g___g__Desulfococcus",NA,NA
"X896","PFBS",0.00101520297989925,0.00098261298393858,-0.000986314170802067,0.00301672013060057,0.309271392758393,40,0.00100807808347144,0.000975716810584285,0.991429416891813,"Desulfococcus","Genus","Desulfococcus","d__Bacteria;p__Thermodesulfobacteriota;c__Desulfobacteria;o__Desulfobacterales;f__Desulfococcaceae;g___g__Desulfococcus",NA,NA
"X102115","Mixture",-0.00134307551542349,NA,-0.00444444139443348,0.0017582903635865,0.403466128958464,40,-0.00138027065434645,NA,0.907262879589833,"Stanieria","Genus","Stanieria","d__Bacteria;p__Cyanobacteriota;c__Cyanophyceae;o__Pleurocapsales;f__Dermocarpellaceae;g___g__Stanieria",-0.00557918306804278,0.00281864175934988
"X1190","Mixture",0.00147345822763793,NA,-0.00154625177301085,0.0044931682282867,0.347376509983582,40,0.00292495794040633,NA,0.907262879589833,"Fischerella","Genus","Fischerella","d__Bacteria;p__Cyanobacteriota;c__Cyanophyceae;o__Nostocales;f__Hapalosiphonaceae;g___g__Fischerella",-0.00127421504563447,0.00712413092644712
"X1278221","Mixture",-4.36288772457575e-05,NA,-0.0138125945228142,0.0137253367683226,0.995090495633923,40,-0.00469745960820579,NA,0.99632611394658,"Auraticoccus","Genus","Auraticoccus","d__Bacteria;p__Actinomycetota;c__Actinomycetes;o__Propionibacteriales;f__Propionibacteriaceae;g___g__Auraticoccus",-0.0243484959082768,0.0149535766918652
"X1298","Mixture",0.00240379218779072,NA,-1.01576419110835e-05,0.00481774201749252,0.0614162071778936,40,0.00348729402382907,NA,0.614162071778936,"Deinococcus","Genus","Deinococcus","d__Bacteria;p__Deinococcota;c__Deinococci;o__Deinococcales;f__Deinococcaceae;g___g__Deinococcus",8.08446593045125e-05,0.00689374338835363
"X1395974","Mixture",0.00125657209752345,NA,-0.00348867939295678,0.00600182358800369,0.607981703810959,40,0.00123506852961237,NA,0.911972555716439,"Tardiphaga","Genus","Tardiphaga","d__Bacteria;p__Pseudomonadota;c__Alphaproteobacteria;o__Hyphomicrobiales;f__Nitrobacteraceae;g___g__Tardiphaga",-0.00496969702537257,0.00743983408459731
"X141450","Mixture",0.00856282580977368,NA,-0.00603161549275105,0.0231572671122984,0.260249862696228,40,0.00827839433268023,NA,0.907262879589833,"Oleiphilus","Genus","Oleiphilus","d__Bacteria;p__Pseudomonadota;c__Gammaproteobacteria;o__Oceanospirillales;f__Oleiphilaceae;g___g__Oleiphilus",-0.014710044161793,0.0312668328271534
"X1434026","Mixture",-2.23148567968325e-05,NA,-0.00943328998533584,0.00938866027174218,0.99632611394658,40,-0.0017194517718067,NA,0.99632611394658,"Oceanirhabdus","Genus","Oceanirhabdus","d__Bacteria;p__Bacillota;c__Clostridia;o__Eubacteriales;f__Clostridiaceae;g___g__Oceanirhabdus",-0.0140383465888895,0.0105994430452761
"X146918","Mixture",-0.00433678253684237,NA,-0.0171929781235643,0.00851941304987954,0.514115631767572,40,0.00255226422862413,NA,0.907262879589833,"Salinibacter","Genus","Salinibacter","d__Bacteria;p__Rhodothermota;c__Rhodothermia;o__Rhodothermales;f__Salinibacteraceae;g___g__Salinibacter",-0.0155608511936512,0.0206653796508995
"X1511648","Mixture",0.00223974620590674,NA,-0.00890870734165968,0.0133881997534732,0.696850296343832,40,0.00715784067781464,NA,0.931726248164443,"Defluviitoga","Genus","Defluviitoga","d__Bacteria;p__Thermotogota;c__Thermotogae;o__Petrotogales;f__Petrotogaceae;g___g__Defluviitoga",-0.00792172430129036,0.0222374056569196
"X157","Mixture",-0.0126015359147729,NA,-0.0456833519713892,0.0204802801418434,0.461763004486984,40,-0.0299428226546772,NA,0.907262879589833,"Treponema","Genus","Treponema","d__Bacteria;p__Spirochaetota;c__Spirochaetia;o__Spirochaetales;f__Treponemataceae;g___g__Treponema",-0.075822632888586,0.0159369875792316
"X1649479","Mixture",-0.00270046728368593,NA,-0.00807834376823192,0.00267740920086005,0.333762908459302,40,-0.00380940429770383,NA,0.907262879589833,"Permianibacter","Genus","Permianibacter","d__Bacteria;p__Pseudomonadota;c__Gammaproteobacteria;o__Pseudomonadales;f__Pseudomonadaceae;g___g__Permianibacter",-0.0102620000959032,0.00264319150049551
"X1649510","Mixture",-0.00208895735172687,NA,-0.00409439655587198,-8.35181475817657e-05,0.0510749501670564,40,-0.00256492772664305,NA,0.612899402004677,"Variibacter","Genus","Variibacter","d__Bacteria;p__Pseudomonadota;c__Alphaproteobacteria;o__Hyphomicrobiales;f__Nitrobacteraceae;g___g__Variibacter",-0.00552221023010347,0.000392354776817369
"X1658781","Mixture",-0.00243354265537635,NA,-0.00653629303558384,0.00166920772483115,0.25518473020989,40,-0.00321215084159785,NA,0.907262879589833,"Aliiroseovarius","Genus","Aliiroseovarius","d__Bacteria;p__Pseudomonadota;c__Alphaproteobacteria;o__Rhodobacterales;f__Paracoccaceae;g___g__Aliiroseovarius",-0.00915973716209279,0.00273543547889709
"X1676142","Mixture",-0.00239310615389027,NA,-0.00556623216422899,0.000780019856448443,0.150935685428883,40,-0.0037367039591452,NA,0.907262879589833,"Wenzhouxiangella","Genus","Wenzhouxiangella","d__Bacteria;p__Pseudomonadota;c__Gammaproteobacteria;o__Chromatiales;f__Wenzhouxiangellaceae;g___g__Wenzhouxiangella",-0.00780422666714563,0.000330818748855233
"X1742989","Mixture",0.0377988393285417,NA,0.0144843883174897,0.0611132903395937,0.00370117804448755,40,0.0524813643660531,NA,0.222070682669253,"Glutamicibacter","Genus","Glutamicibacter","d__Bacteria;p__Actinomycetota;c__Actinomycetes;o__Micrococcales;f__Micrococcaceae;g___g__Glutamicibacter",0.0164639282587597,0.0884988004733465
"X1747770","Mixture",-0.00266415120023347,NA,-0.00813804808990622,0.00280974568943928,0.348588813911749,40,-0.00168435833567358,NA,0.907262879589833,"Egibacter","Genus","Egibacter","d__Bacteria;p__Actinomycetota;c__Nitriliruptoria;o__Egibacterales;f__Egibacteraceae;g___g__Egibacter",-0.00891829854261696,0.0055495818712698
"X1763827","Mixture",0.000338122622594421,NA,-0.00474704713213297,0.00542329237732181,0.897277997111841,40,-0.000247862146752057,NA,0.978848724122009,"Hankyongella","Genus","Hankyongella","d__Bacteria;p__Pseudomonadota;c__Alphaproteobacteria;o__Sphingomonadales;f__Sphingomonadaceae;g___g__Hankyongella",-0.00662278223341239,0.00612705793990827
"X1802983","Mixture",-0.00126060197239532,NA,-0.00739078362852977,0.00486957968373913,0.690089496495787,40,-0.000645209178700083,NA,0.931726248164443,"Fokinia","Genus","Fokinia","d__Bacteria;p__Pseudomonadota;c__Alphaproteobacteria;o__Rickettsiales;f__Candidatus Midichloriaceae;g___g__Fokinia",-0.0096822350246021,0.00839181666720193
"X1849828","Mixture",-0.00203929987975378,NA,-0.0142680468305698,0.0101894470710623,0.74630246293594,40,0.00293029122490818,NA,0.931726248164443,"Paeniclostridium","Genus","Paeniclostridium","d__Bacteria;p__Bacillota;c__Clostridia;o__Peptostreptococcales;f__Peptostreptococcaceae;g___g__Paeniclostridium",-0.0134992973016887,0.0193598797515051
"X1854","Mixture",0.00289163806428839,NA,-0.00286350115594676,0.00864677728452354,0.333478533474356,40,0.00539213768015829,NA,0.907262879589833,"Frankia","Genus","Frankia","d__Bacteria;p__Actinomycetota;c__Actinomycetes;o__Frankiales;f__Frankiaceae;g___g__Frankia",-0.00207528189182675,0.0128595572521433
"X186831","Mixture",-0.000676239784852779,NA,-0.00421008415115743,0.00285760458145187,0.710545590484543,40,-0.00209803933960457,NA,0.931726248164443,"Acetoanaerobium","Genus","Acetoanaerobium","d__Bacteria;p__Bacillota;c__Clostridia;o__Peptostreptococcales;f__Filifactoraceae;g___g__Acetoanaerobium",-0.00640468494820514,0.002208606268996
"X190972","Mixture",-0.000784519267051832,NA,-0.00811159504040438,0.00654255650630072,0.835355713735674,40,-0.00195514861695597,NA,0.945685713663027,"Sedimentibacter","Genus","Sedimentibacter","d__Bacteria;p__Bacillota;c__Tissierellia;o__;f__;g___g__Sedimentibacter",-0.0116594141005276,0.00774911686661563
"X2000","Mixture",-0.00151516160452464,NA,-0.00396220466565532,0.000931881456606044,0.235421101837672,40,-0.00160625269253121,NA,0.907262879589833,"Streptosporangium","Genus","Streptosporangium","d__Bacteria;p__Actinomycetota;c__Actinomycetes;o__Streptosporangiales;f__Streptosporangiaceae;g___g__Streptosporangium",-0.00508015790265123,0.00186765251758882
"X2019","Mixture",0.000664409780171778,NA,-0.00330788704740557,0.00463670660774912,0.745572363670208,40,0.000533865593324482,NA,0.931726248164443,"Thermomonospora","Genus","Thermomonospora","d__Bacteria;p__Actinomycetota;c__Actinomycetes;o__Streptosporangiales;f__Thermomonosporaceae;g___g__Thermomonospora",-0.00501527864373577,0.00608300983038473
"X2029","Mixture",-0.00128538075493424,NA,-0.00450172554631902,0.00193096403645053,0.440279477054075,40,-0.000650187001125352,NA,0.907262879589833,"Kibdelosporangium","Genus","Kibdelosporangium","d__Bacteria;p__Actinomycetota;c__Actinomycetes;o__Pseudonocardiales;f__Pseudonocardiaceae;g___g__Kibdelosporangium",-0.00504357108161721,0.00374319707936651
"X204286","Mixture",0.00169035846853831,NA,-0.00452233372009767,0.0079030506571743,0.598209482756153,40,0.00359974502595512,NA,0.911972555716439,"Cobetia","Genus","Cobetia","d__Bacteria;p__Pseudomonadota;c__Gammaproteobacteria;o__Oceanospirillales;f__Halomonadaceae;g___g__Cobetia",-0.00484236157677028,0.0120418516286805
"X2044","Mixture",0.000835395762978133,NA,-0.00324634896950314,0.00491714049545941,0.69147513425411,40,0.00188884765549522,NA,0.931726248164443,"Pimelobacter","Genus","Pimelobacter","d__Bacteria;p__Actinomycetota;c__Actinomycetes;o__Propionibacteriales;f__Nocardioidaceae;g___g__Pimelobacter",-0.00329244160778941,0.00707013691877984
"X2055880","Mixture",-0.00313460026979182,NA,-0.0107139936686415,0.00444479312905784,0.424694454616256,40,-0.0066052928915356,NA,0.907262879589833,"Pseudescherichia","Genus","Pseudescherichia","d__Bacteria;p__Pseudomonadota;c__Gammaproteobacteria;o__Enterobacterales;f__Enterobacteriaceae;g___g__Pseudescherichia",-0.0169941144315812,0.00378352864850998
"X2304691","Mixture",-0.00278960292115463,NA,-0.00543918165132317,-0.000140024190986095,0.0487952704465893,40,-0.00389739227827551,NA,0.612899402004677,"Thermoclostridium","Genus","Thermoclostridium","d__Bacteria;p__Bacillota;c__Clostridia;o__Eubacteriales;f__Oscillospiraceae;g___g__Thermoclostridium",-0.00781664290020879,2.1858343657778e-05
"X246875","Mixture",0.000918342844799627,NA,-0.0160684731369041,0.0179051588265034,0.916397612886517,40,0.00731611288409485,NA,0.981854585235554,"Algoriphagus","Genus","Algoriphagus","d__Bacteria;p__Bacteroidota;c__Cytophagia;o__Cytophagales;f__Cyclobacteriaceae;g___g__Algoriphagus",-0.015937756784144,0.0305699825523337
"X252306","Mixture",0.00180499263835709,NA,-0.00381605373384742,0.00742603901056161,0.534396180762811,40,0.000454298619561025,NA,0.910211254423481,"Robiginitalea","Genus","Robiginitalea","d__Bacteria;p__Bacteroidota;c__Flavobacteriia;o__Flavobacteriales;f__Flavobacteriaceae;g___g__Robiginitalea",-0.00712095323394582,0.00802955047306787
"X261963","Mixture",0.00188067582192005,NA,-0.00244155520816528,0.00620290685200539,0.401264920838501,40,0.000754530598358096,NA,0.907262879589833,"Kangiella","Genus","Kangiella","d__Bacteria;p__Pseudomonadota;c__Gammaproteobacteria;o__Kangiellales;f__Kangiellaceae;g___g__Kangiella",-0.00497120721596418,0.00648026841268037
"X2698753","Mixture",-0.00342948710627836,NA,-0.00605045000178243,-0.0008085242107743,0.0162078661686764,40,-0.00375501447610376,NA,0.324157323373528,"Fluviispira","Genus","Fluviispira","d__Bacteria;p__Bdellovibrionota;c__Oligoflexia;o__Silvanigrellales;f__Silvanigrellaceae;g___g__Fluviispira",-0.00756989634892449,5.98673967169669e-05
"X2733","Mixture",-0.0114223040381976,NA,-0.0425330886669756,0.0196884805905805,0.477954707829115,40,-0.0162335075258516,NA,0.907262879589833,"Symbiobacterium","Genus","Symbiobacterium","d__Bacteria;p__Bacillota;c__Clostridia;o__Eubacteriales;f__Symbiobacteriaceae;g___g__Symbiobacterium",-0.0545692613321207,0.0221022462804174
"X2755140","Mixture",0.00312928007591126,NA,-0.00246795908704865,0.00872651923887116,0.282858476511972,40,0.00638700467695093,NA,0.907262879589833,"Pseudoleptotrichia","Genus","Pseudoleptotrichia","d__Bacteria;p__Fusobacteriota;c__Fusobacteriia;o__Fusobacteriales;f__Leptotrichiaceae;g___g__Pseudoleptotrichia",-0.00107071500832508,0.0138447243622269
"X2767353","Mixture",0.00250791685276381,NA,-0.0146296591724109,0.0196454928779385,0.776438540137036,40,-0.00414622043649453,NA,0.931726248164443,"Lancefieldella","Genus","Lancefieldella","d__Bacteria;p__Actinomycetota;c__Coriobacteriia;o__Coriobacteriales;f__Atopobiaceae;g___g__Lancefieldella",-0.0281015319538641,0.019809091080875
"X2781120","Mixture",-0.00559027708126218,NA,-0.0194527146816672,0.00827216051914284,0.436187232823546,40,-0.0108155393685507,NA,0.907262879589833,"Thiosulfativibrio","Genus","Thiosulfativibrio","d__Bacteria;p__Pseudomonadota;c__Gammaproteobacteria;o__Thiotrichales;f__Piscirickettsiaceae;g___g__Thiosulfativibrio",-0.0277399686512315,0.00610888991413015
"X2792240","Mixture",-0.00132554255649578,NA,-0.00924458656971735,0.0065935014567258,0.745387955566809,40,0.000308136898981708,NA,0.931726248164443,"Thiospirochaeta","Genus","Thiospirochaeta","d__Bacteria;p__Spirochaetota;c__Spirochaetia;o__Spirochaetales;f__Spirochaetaceae;g___g__Thiospirochaeta",-0.0103503253178488,0.0109665991158122
"X2847307","Mixture",-0.00522021791157189,NA,-0.00884409872792456,-0.00159633709521923,0.00881829849186122,40,-0.00692701866142058,NA,0.264548954755837,"Thermophilibacter","Genus","Thermophilibacter","d__Bacteria;p__Actinomycetota;c__Coriobacteriia;o__Coriobacteriales;f__Atopobiaceae;g___g__Thermophilibacter",-0.0125838163455736,-0.0012702209772676
"X2892397","Mixture",-0.00233922401611206,NA,-0.00778097646376552,0.00310252843154139,0.406897600876233,40,-0.000755930432072866,NA,0.907262879589833,"Pusillibacter","Genus","Pusillibacter","d__Bacteria;p__Bacillota;c__Clostridia;o__Eubacteriales;f__Oscillospiraceae;g___g__Pusillibacter",-0.00823272092972157,0.00672086006557584
"X2894574","Mixture",-0.000404257708424739,NA,-0.00515801399559079,0.00434949857874131,0.868868033485074,40,-0.000427494429592138,NA,0.965408926094526,"Saccharobesus","Genus","Saccharobesus","d__Bacteria;p__Pseudomonadota;c__Gammaproteobacteria;o__Alteromonadales;f__Alteromonadaceae;g___g__Saccharobesus",-0.00676980614536587,0.00591481728618159
"X349742","Mixture",-0.0034532586477314,NA,-0.0094492044864694,0.00254268719100661,0.268909639126863,40,-0.00792754524169291,NA,0.907262879589833,"Sedimenticola","Genus","Sedimenticola","d__Bacteria;p__Pseudomonadota;c__Gammaproteobacteria;o__;f__;g___g__Sedimenticola",-0.0162977194255516,0.000442628942165766
"X41707","Mixture",-0.00185988693550044,NA,-0.00514176629591167,0.00142199242491079,0.276474769475691,40,-0.00154654499521514,NA,0.907262879589833,"Lawsonia","Genus","Lawsonia","d__Bacteria;p__Thermodesulfobacteriota;c__Desulfovibrionia;o__Desulfovibrionales;f__Desulfovibrionaceae;g___g__Lawsonia",-0.00586586744028262,0.00277277744985234
"X42255","Mixture",-0.00297096930312504,NA,-0.00900614801347458,0.0030642094072245,0.343186955864057,40,-0.00462627400670899,NA,0.907262879589833,"Rubrobacter","Genus","Rubrobacter","d__Bacteria;p__Actinomycetota;c__Rubrobacteria;o__Rubrobacterales;f__Rubrobacteraceae;g___g__Rubrobacter",-0.0132679681557052,0.00401542014228724
"X44","Mixture",0.00235734383222129,NA,-0.000402561138328637,0.00511724880277122,0.105661740955319,40,0.00277378834426184,NA,0.905672065331309,"Melittangium","Genus","Melittangium","d__Bacteria;p__Myxococcota;c__Myxococcia;o__Myxococcales;f__Archangiaceae;g___g__Melittangium",-0.00105236054521345,0.00659993723373712
"X441","Mixture",0.000694196857937271,NA,-0.00390781230047802,0.00529620601635256,0.769756477184282,40,-0.000599687656420328,NA,0.931726248164443,"Gluconobacter","Genus","Gluconobacter","d__Bacteria;p__Pseudomonadota;c__Alphaproteobacteria;o__Rhodospirillales;f__Acetobacteraceae;g___g__Gluconobacter",-0.00655914920392314,0.00535977389108249
"X44249","Mixture",0.00163497376445178,NA,-0.00623286187663017,0.00950280940553373,0.687006276329576,40,0.00135652621620933,NA,0.931726248164443,"Paenibacillus","Genus","Paenibacillus","d__Bacteria;p__Bacillota;c__Bacilli;o__Bacillales;f__Paenibacillaceae;g___g__Paenibacillus",-0.00932129509509723,0.0120343475275159
"X447237","Mixture",0.0178916857889201,NA,-0.00490717342090188,0.040690544998742,0.135660872141545,40,0.0278523219017353,NA,0.907262879589833,"Frondihabitans","Genus","Frondihabitans","d__Bacteria;p__Actinomycetota;c__Actinomycetes;o__Micrococcales;f__Microbacteriaceae;g___g__Frondihabitans",-0.00458086334333951,0.06028550714681
"X543311","Mixture",-0.000147082514615323,NA,-0.00394398860709186,0.00364982357786121,0.94003932455433,40,-0.00103596219241598,NA,0.989515078478242,"Parvimonas","Genus","Parvimonas","d__Bacteria;p__Bacillota;c__Tissierellia;o__Tissierellales;f__Peptoniphilaceae;g___g__Parvimonas",-0.00561666203566,0.00354473765082804
"X60919","Mixture",5.48436043892843e-05,NA,-0.00523690080768114,0.00534658801645971,0.983943015685768,40,-0.00402453985713256,NA,0.99632611394658,"Sanguibacter","Genus","Sanguibacter","d__Bacteria;p__Actinomycetota;c__Actinomycetes;o__Micrococcales;f__Sanguibacteraceae;g___g__Sanguibacter",-0.0111476077194766,0.00309852800521144
"X74385","Mixture",-0.00378955278502737,NA,-0.0110571754496994,0.00347806987964469,0.315859138449788,40,-0.0034999156694467,NA,0.907262879589833,"Gracilibacillus","Genus","Gracilibacillus","d__Bacteria;p__Bacillota;c__Bacilli;o__Bacillales;f__Bacillaceae;g___g__Gracilibacillus",-0.0128870496150335,0.00588721827614008
"X748770","Mixture",-0.00136231320408852,NA,-0.00589340137390938,0.00316877496573234,0.560571527586205,40,-0.000375998081170047,NA,0.910211254423481,"Dolichospermum","Genus","Dolichospermum","d__Bacteria;p__Cyanobacteriota;c__Cyanophyceae;o__Nostocales;f__Aphanizomenonaceae;g___g__Dolichospermum",-0.00735092616636636,0.00659893000402626
"X76890","Mixture",-0.000894769686103643,NA,-0.0038763469469451,0.00208680757473781,0.561296940227813,40,-0.000684766298763566,NA,0.910211254423481,"Asticcacaulis","Genus","Asticcacaulis","d__Bacteria;p__Pseudomonadota;c__Alphaproteobacteria;o__Caulobacterales;f__Caulobacteraceae;g___g__Asticcacaulis",-0.00461940099479977,0.00324986839727264
"X773","Mixture",-0.000953582612037424,NA,-0.00450441843245742,0.00259725320838257,0.602941469552313,40,-0.000774173610768939,NA,0.911972555716439,"Bartonella","Genus","Bartonella","d__Bacteria;p__Pseudomonadota;c__Alphaproteobacteria;o__Hyphomicrobiales;f__Bartonellaceae;g___g__Bartonella",-0.00537117544972875,0.00382282822819087
"X80865","Mixture",-0.000889417587866896,NA,-0.00252968348493824,0.00075084830920445,0.297299557116236,40,-0.000816830973284784,NA,0.907262879589833,"Delftia","Genus","Delftia","d__Bacteria;p__Pseudomonadota;c__Betaproteobacteria;o__Burkholderiales;f__Comamonadaceae;g___g__Delftia",-0.00342971041994208,0.00179604847337251
"X81466","Mixture",-0.00394759385632613,NA,-0.012560781476289,0.0046655937636367,0.376972044180146,40,-0.00263650697585439,NA,0.907262879589833,"Aminobacterium","Genus","Aminobacterium","d__Bacteria;p__Synergistota;c__Synergistia;o__Synergistales;f__Aminobacteriaceae;g___g__Aminobacterium",-0.0141670731626809,0.00889405921097209
"X816","Mixture",0.000351288567808243,NA,-0.00285030913847233,0.00355288627408882,0.831342202852744,40,0.000333661655540847,NA,0.945685713663027,"Bacteroides","Genus","Bacteroides","d__Bacteria;p__Bacteroidota;c__Bacteroidia;o__Bacteroidales;f__Bacteroidaceae;g___g__Bacteroides",-0.00382467846821902,0.00449200177930071
"X872","Mixture",0.000414106399211652,NA,-0.00270363326283157,0.00353184606125487,0.796586203410671,40,-0.000487077869898616,NA,0.937160239306672,"Desulfovibrio","Genus","Desulfovibrio","d__Bacteria;p__Thermodesulfobacteriota;c__Desulfovibrionia;o__Desulfovibrionales;f__Desulfovibrionaceae;g___g__Desulfovibrio",-0.00509396469737272,0.00411980895757549
"X881616","Mixture",-0.00136320261824241,NA,-0.00537468182502181,0.00264827658853698,0.511033026858852,40,0.000450485234603281,NA,0.907262879589833,"Herbiconiux","Genus","Herbiconiux","d__Bacteria;p__Actinomycetota;c__Actinomycetes;o__Micrococcales;f__Microbacteriaceae;g___g__Herbiconiux",-0.00496310664887929,0.00586407711808585
"X896","Mixture",0.00168110336501925,NA,-0.00309338144151068,0.00645558817154918,0.496016991641739,40,0.00210054444497623,NA,0.907262879589833,"Desulfococcus","Genus","Desulfococcus","d__Bacteria;p__Thermodesulfobacteriota;c__Desulfobacteria;o__Desulfobacterales;f__Desulfococcaceae;g___g__Desulfococcus",-0.00412645474158623,0.0083275436315387
"X1096778","PFOS",-2.95772605314101e-05,0.00107744954991544,-0.00222427017465026,0.00216511565358744,0.978270364370977,40,-2.6545738556131e-05,0.000967016334359372,0.978270364370977,"Thioalkalispiraceae","Family","Thioalkalispiraceae","d__Bacteria;p__Pseudomonadota;c__Gammaproteobacteria;o__Chromatiales;f__;g___f__Thioalkalispiraceae",NA,NA
"X1096778","PFOA",0.00182674420283975,0.000846645005295761,0.000102184761478857,0.00355130364420064,0.0385690056797927,40,0.00156913012148603,0.000727248061304959,0.744203679763297,"Thioalkalispiraceae","Family","Thioalkalispiraceae","d__Bacteria;p__Pseudomonadota;c__Gammaproteobacteria;o__Chromatiales;f__;g___f__Thioalkalispiraceae",NA,NA
"X1096778","PFNA",0.00137783706353271,0.000668941529556153,1.52477571545775e-05,0.00274042636991084,0.0476366137588643,40,0.00213332642892352,0.00103573251306488,0.464666390714548,"Thioalkalispiraceae","Family","Thioalkalispiraceae","d__Bacteria;p__Pseudomonadota;c__Gammaproteobacteria;o__Chromatiales;f__;g___f__Thioalkalispiraceae",NA,NA
"X1096778","PFHxS",-0.000398440553893313,0.00113056802221847,-0.00270133225539985,0.00190445114761322,0.726830131141193,40,-0.00039579159694582,0.00112305165374692,0.939357662578988,"Thioalkalispiraceae","Family","Thioalkalispiraceae","d__Bacteria;p__Pseudomonadota;c__Gammaproteobacteria;o__Chromatiales;f__;g___f__Thioalkalispiraceae",NA,NA
"X1096778","PFBS",-0.000572724053321517,0.00079712791217047,-0.00219642047662428,0.00105097236998125,0.477672260225249,40,-0.000568704562005568,0.000791533509941181,0.769941943073373,"Thioalkalispiraceae","Family","Thioalkalispiraceae","d__Bacteria;p__Pseudomonadota;c__Gammaproteobacteria;o__Chromatiales;f__;g___f__Thioalkalispiraceae",NA,NA
"X1106","PFNA",-0.000448866947217051,0.0005041341079583,-0.00147575452129283,0.000578020626858725,0.379911621602098,40,-0.000694987634541608,0.000780558634031616,0.831712421197423,"Chloroflexaceae","Family","Chloroflexaceae","d__Bacteria;p__Chloroflexota;c__Chloroflexia;o__Chloroflexales;f__;g___f__Chloroflexaceae",NA,NA
"X1106","PFHxS",-0.00123030089748747,0.000782370139230512,-0.00282393672101362,0.000363334926038684,0.125664047572046,40,-0.00122212147378659,0.00077716869877578,0.837760317146973,"Chloroflexaceae","Family","Chloroflexaceae","d__Bacteria;p__Chloroflexota;c__Chloroflexia;o__Chloroflexales;f__;g___f__Chloroflexaceae",NA,NA
"X1106","PFOA",0.000524521021989485,0.000642928787956558,-0.000785082063669618,0.00183412410764859,0.420628469887911,40,0.000450551168399432,0.000552260642505316,0.744203679763297,"Chloroflexaceae","Family","Chloroflexaceae","d__Bacteria;p__Chloroflexota;c__Chloroflexia;o__Chloroflexales;f__;g___f__Chloroflexaceae",NA,NA
"X1106","PFOS",-0.000528069308812147,0.000766734236479233,-0.00208985584066912,0.00103371722304483,0.495959540521183,40,-0.000473944833273432,0.000688147793876908,0.880496296475679,"Chloroflexaceae","Family","Chloroflexaceae","d__Bacteria;p__Chloroflexota;c__Chloroflexia;o__Chloroflexales;f__;g___f__Chloroflexaceae",NA,NA
"X1106","PFBS",0.000543931313478501,0.000567942514618686,-0.000612929731716877,0.00170079235867388,0.345383058417999,40,0.000540113895337392,0.00056395658109236,0.767517907595553,"Chloroflexaceae","Family","Chloroflexaceae","d__Bacteria;p__Chloroflexota;c__Chloroflexia;o__Chloroflexales;f__;g___f__Chloroflexaceae",NA,NA
"X1185","PFOS",-0.000221784546453015,0.000661486889445017,-0.00156918924782527,0.00112562015491925,0.739600642544195,40,-0.000199052734436968,0.000593687776015223,0.896485627326297,"Rivulariaceae","Family","Rivulariaceae","d__Bacteria;p__Cyanobacteriota;c__Cyanophyceae;o__Nostocales;f__;g___f__Rivulariaceae",NA,NA
"X1185","PFOA",-0.000468300961789737,0.000551099777676474,-0.0015908544745124,0.00065425255093292,0.401773231289932,40,-0.000402259464638147,0.000473381691728992,0.744203679763297,"Rivulariaceae","Family","Rivulariaceae","d__Bacteria;p__Cyanobacteriota;c__Cyanophyceae;o__Nostocales;f__;g___f__Rivulariaceae",NA,NA
"X1185","PFNA",-2.10201427093179e-05,0.000437811464220207,-0.000912812912328547,0.000870772626909911,0.962005198187343,40,-3.25458119602016e-05,0.00067787025928302,0.981593271330158,"Rivulariaceae","Family","Rivulariaceae","d__Bacteria;p__Cyanobacteriota;c__Cyanophyceae;o__Nostocales;f__;g___f__Rivulariaceae",NA,NA
"X1185","PFHxS",0.000783317547805533,0.000682755748817574,-0.000607410402400053,0.00217404549801112,0.2597682973491,40,0.000778109808683403,0.000678216575867935,0.904635811392535,"Rivulariaceae","Family","Rivulariaceae","d__Bacteria;p__Cyanobacteriota;c__Cyanophyceae;o__Nostocales;f__;g___f__Rivulariaceae",NA,NA
"X1185","PFBS",-0.000653671916584945,0.000480478443417931,-0.00163237447879674,0.000325030645626846,0.183190911930227,40,-0.000649084317064802,0.00047710635013912,0.581077586254293,"Rivulariaceae","Family","Rivulariaceae","d__Bacteria;p__Cyanobacteriota;c__Cyanophyceae;o__Nostocales;f__;g___f__Rivulariaceae",NA,NA
"X119060","PFOS",-0.000705120344339309,0.000595882717721723,-0.00191889372085831,0.000508653032179692,0.245398799430663,40,-0.000632849018980728,0.000534807705330223,0.790677029081912,"Burkholderiaceae","Family","Burkholderiaceae","d__Bacteria;p__Pseudomonadota;c__Betaproteobacteria;o__Burkholderiales;f__;g___f__Burkholderiaceae",NA,NA
"X119060","PFBS",-0.000382728069852634,0.000448936488449359,-0.00129718177227102,0.000531725632565755,0.400260542250467,40,-0.000380042008137188,0.000445785762883932,0.769941943073373,"Burkholderiaceae","Family","Burkholderiaceae","d__Bacteria;p__Pseudomonadota;c__Betaproteobacteria;o__Burkholderiales;f__;g___f__Burkholderiaceae",NA,NA
"X119060","PFHxS",4.81900273757311e-05,0.000639967627892987,-0.00125538137261456,0.00135176142736602,0.94044423696353,40,4.7869645058797e-05,0.000635712923703081,0.97646909933213,"Burkholderiaceae","Family","Burkholderiaceae","d__Bacteria;p__Pseudomonadota;c__Betaproteobacteria;o__Burkholderiales;f__;g___f__Burkholderiaceae",NA,NA
"X119060","PFNA",0.000598794046083533,0.000388057717427872,-0.000191653657732317,0.00138924174989938,0.132650254102136,40,0.000927122079817476,0.000600835763855877,0.589556684898383,"Burkholderiaceae","Family","Burkholderiaceae","d__Bacteria;p__Pseudomonadota;c__Betaproteobacteria;o__Burkholderiales;f__;g___f__Burkholderiaceae",NA,NA
"X119060","PFOA",-0.000328503940939217,0.00050867670084085,-0.00136464447392322,0.00070763659204479,0.523012620322981,40,-0.000282177125813938,0.000436941270784773,0.744203679763297,"Burkholderiaceae","Family","Burkholderiaceae","d__Bacteria;p__Pseudomonadota;c__Betaproteobacteria;o__Burkholderiales;f__;g___f__Burkholderiaceae",NA,NA
"X1706371","PFOS",-0.00162401910604054,0.000987854052095508,-0.00363621196322605,0.000388173751144977,0.109969541787082,40,-0.00145756523168639,0.000886603929079016,0.790677029081912,"Cellvibrionaceae","Family","Cellvibrionaceae","d__Bacteria;p__Pseudomonadota;c__Gammaproteobacteria;o__Cellvibrionales;f__;g___f__Cellvibrionaceae",NA,NA
"X1706371","PFBS",0.000133734992927338,0.000766821146517963,-0.0014282285688854,0.00169569855474008,0.862648416862892,40,0.00013279641414827,0.000761439443197771,0.877407123033904,"Cellvibrionaceae","Family","Cellvibrionaceae","d__Bacteria;p__Pseudomonadota;c__Gammaproteobacteria;o__Cellvibrionales;f__;g___f__Cellvibrionaceae",NA,NA
"X1706371","PFHxS",-0.000355625926618345,0.00107969296915296,-0.00255488853618545,0.00184363668294876,0.744017096503787,40,-0.000353261614653061,0.00107251483388572,0.939357662578988,"Cellvibrionaceae","Family","Cellvibrionaceae","d__Bacteria;p__Pseudomonadota;c__Gammaproteobacteria;o__Cellvibrionales;f__;g___f__Cellvibrionaceae",NA,NA
"X1706371","PFNA",0.00140556474853515,0.00063266009651617,0.000116878302864676,0.00269425119420562,0.0335010990480158,40,0.00217625763232497,0.000979557409322957,0.464666390714548,"Cellvibrionaceae","Family","Cellvibrionaceae","d__Bacteria;p__Pseudomonadota;c__Gammaproteobacteria;o__Cellvibrionales;f__;g___f__Cellvibrionaceae",NA,NA
"X1706371","PFOA",0.00139971294907081,0.000829013297892529,-0.000288931879578304,0.00308835777771992,0.10105667017526,40,0.00120232036122341,0.000712102841116696,0.744203679763297,"Cellvibrionaceae","Family","Cellvibrionaceae","d__Bacteria;p__Pseudomonadota;c__Gammaproteobacteria;o__Cellvibrionales;f__;g___f__Cellvibrionaceae",NA,NA
"X1706373","PFOA",0.000153190451163881,0.00117109824880567,-0.00223225862029613,0.00253863952262389,0.896745137359479,40,0.000131586979102825,0.00100594573370694,0.943942249852083,"Microbulbiferaceae","Family","Microbulbiferaceae","d__Bacteria;p__Pseudomonadota;c__Gammaproteobacteria;o__Cellvibrionales;f__;g___f__Microbulbiferaceae",NA,NA
"X1706373","PFOS",0.000950691497812818,0.0013827127568267,-0.00186580222099513,0.00376718521662076,0.496686460242362,40,0.000853250351623163,0.00124099158209629,0.880496296475679,"Microbulbiferaceae","Family","Microbulbiferaceae","d__Bacteria;p__Pseudomonadota;c__Gammaproteobacteria;o__Cellvibrionales;f__;g___f__Microbulbiferaceae",NA,NA
"X1706373","PFNA",-0.00036949899871698,0.000917993961972916,-0.00223939150895466,0.0015003935115207,0.689987231942929,40,-0.000572101012729796,0.00142134424490501,0.951706526817833,"Microbulbiferaceae","Family","Microbulbiferaceae","d__Bacteria;p__Pseudomonadota;c__Gammaproteobacteria;o__Cellvibrionales;f__;g___f__Microbulbiferaceae",NA,NA
"X1706373","PFHxS",0.000531461474446552,0.00146135786149134,-0.0024452270803527,0.0035081500292458,0.718491397826624,40,0.000527928152972861,0.00145164229910155,0.939357662578988,"Microbulbiferaceae","Family","Microbulbiferaceae","d__Bacteria;p__Pseudomonadota;c__Gammaproteobacteria;o__Cellvibrionales;f__;g___f__Microbulbiferaceae",NA,NA
"X1706373","PFBS",-0.000244264900825158,0.00103786733500975,-0.00235833148159459,0.00186980167994428,0.815434667220915,40,-0.000242550601169043,0.00103058337563004,0.858352281285173,"Microbulbiferaceae","Family","Microbulbiferaceae","d__Bacteria;p__Pseudomonadota;c__Gammaproteobacteria;o__Cellvibrionales;f__;g___f__Microbulbiferaceae",NA,NA
"X1769717","PFOS",0.00228431551224557,0.00220803138596119,-0.00221329724122521,0.00678192826571634,0.308635250328029,40,0.00205018454306776,0.00198171916000169,0.823027334208077,"Mesoaciditogaceae","Family","Mesoaciditogaceae","d__Bacteria;p__Thermotogota;c__Thermotogae;o__Mesoaciditogales;f__;g___f__Mesoaciditogaceae",NA,NA
"X1769717","PFOA",-0.000110405800270298,0.00188763952630711,-0.00395540169183847,0.00373459009129788,0.95372299660679,40,-9.48359745834066e-05,0.00162143776596177,0.960233907544749,"Mesoaciditogaceae","Family","Mesoaciditogaceae","d__Bacteria;p__Thermotogota;c__Thermotogae;o__Mesoaciditogales;f__;g___f__Mesoaciditogaceae",NA,NA
"X1769717","PFNA",0.00101943390290273,0.00147210655437271,-0.00197914902282521,0.00401801682863067,0.493618457695146,40,0.00157840527386236,0.00227928533914075,0.85846688294808,"Mesoaciditogaceae","Family","Mesoaciditogaceae","d__Bacteria;p__Thermotogota;c__Thermotogae;o__Mesoaciditogales;f__;g___f__Mesoaciditogaceae",NA,NA
"X1769717","PFHxS",7.01513316528702e-05,0.00235982118896179,-0.00473664713274705,0.00487694979605279,0.97646909933213,40,6.96849437424478e-05,0.00234413236242979,0.97646909933213,"Mesoaciditogaceae","Family","Mesoaciditogaceae","d__Bacteria;p__Thermotogota;c__Thermotogae;o__Mesoaciditogales;f__;g___f__Mesoaciditogaceae",NA,NA
"X1769717","PFBS",-0.00128514439626885,0.00165849224668652,-0.00466338255341469,0.00209309376087699,0.444094813648413,40,-0.00127612499729201,0.00164685261823987,0.769941943073373,"Mesoaciditogaceae","Family","Mesoaciditogaceae","d__Bacteria;p__Thermotogota;c__Thermotogae;o__Mesoaciditogales;f__;g___f__Mesoaciditogaceae",NA,NA
"X1775411","PFOS",0.00109045734425943,0.00220472465748506,-0.00340041982372053,0.00558133451223939,0.624261082861476,40,0.000978690894533077,0.00197875135473418,0.880496296475679,"Rhodanobacteraceae","Family","Rhodanobacteraceae","d__Bacteria;p__Pseudomonadota;c__Gammaproteobacteria;o__Xanthomonadales;f__;g___f__Rhodanobacteraceae",NA,NA
"X1775411","PFOA",0.00200912116161032,0.00182703336720672,-0.00171242402366722,0.00573066634688787,0.279683297686294,40,0.00172578762122084,0.00156937850684703,0.744203679763297,"Rhodanobacteraceae","Family","Rhodanobacteraceae","d__Bacteria;p__Pseudomonadota;c__Gammaproteobacteria;o__Xanthomonadales;f__;g___f__Rhodanobacteraceae",NA,NA
"X1775411","PFNA",-0.0016177225579648,0.00143403513819253,-0.00453875654664258,0.00130331143071298,0.267668575769315,40,-0.00250474484894719,0.002220338776827,0.82359561775174,"Rhodanobacteraceae","Family","Rhodanobacteraceae","d__Bacteria;p__Pseudomonadota;c__Gammaproteobacteria;o__Xanthomonadales;f__;g___f__Rhodanobacteraceae",NA,NA
"X1775411","PFHxS",-0.00281897384672458,0.00227272715341449,-0.00744836756610172,0.00181041987265257,0.22386437557245,40,-0.00280023243026202,0.00225761735516738,0.904635811392535,"Rhodanobacteraceae","Family","Rhodanobacteraceae","d__Bacteria;p__Pseudomonadota;c__Gammaproteobacteria;o__Xanthomonadales;f__;g___f__Rhodanobacteraceae",NA,NA
"X1775411","PFBS",-0.000878231853512343,0.00164315740809883,-0.00422523396662232,0.00246877025959763,0.596705005881864,40,-0.000872068247691862,0.00163162540259934,0.769941943073373,"Rhodanobacteraceae","Family","Rhodanobacteraceae","d__Bacteria;p__Pseudomonadota;c__Gammaproteobacteria;o__Xanthomonadales;f__;g___f__Rhodanobacteraceae",NA,NA
"X1783343","PFOS",-0.00238935755919858,0.00207016155999843,-0.00660613866710876,0.0018274235487116,0.256970034451622,40,-0.00214446030308463,0.00185798030491401,0.790677029081912,"Endomicrobiaceae","Family","Endomicrobiaceae","d__Bacteria;p__Elusimicrobiota;c__Endomicrobiia;o__Endomicrobiales;f__;g___f__Endomicrobiaceae",NA,NA
"X1783343","PFOA",0.00225693006192521,0.00173149154558746,-0.00127000280120116,0.00578386292505157,0.201718207433899,40,0.00193864961320195,0.0014873103388291,0.744203679763297,"Endomicrobiaceae","Family","Endomicrobiaceae","d__Bacteria;p__Elusimicrobiota;c__Endomicrobiia;o__Endomicrobiales;f__;g___f__Endomicrobiaceae",NA,NA
"X1783343","PFNA",0.00108915519325335,0.00138264438485693,-0.00172719925640962,0.00390550964291633,0.436649021128647,40,0.00168635582570938,0.00214076967885831,0.831712421197423,"Endomicrobiaceae","Family","Endomicrobiaceae","d__Bacteria;p__Elusimicrobiota;c__Endomicrobiia;o__Endomicrobiales;f__;g___f__Endomicrobiaceae",NA,NA
"X1783343","PFHxS",-0.00141184781500817,0.00220718034780138,-0.00590772706047468,0.00308403143045833,0.526946152707771,40,-0.00140246141083363,0.00219250632514092,0.939357662578988,"Endomicrobiaceae","Family","Endomicrobiaceae","d__Bacteria;p__Elusimicrobiota;c__Endomicrobiia;o__Endomicrobiales;f__;g___f__Endomicrobiaceae",NA,NA
"X1783343","PFBS",0.00170992190523548,0.00154639191797113,-0.00143997535453712,0.00485981916500809,0.277079228708556,40,0.00169792133321623,0.00153553903192716,0.651951126373072,"Endomicrobiaceae","Family","Endomicrobiaceae","d__Bacteria;p__Elusimicrobiota;c__Endomicrobiia;o__Endomicrobiales;f__;g___f__Endomicrobiaceae",NA,NA
"X186827","PFBS",-0.000220389349967299,0.000354668288081194,-0.000942825011827796,0.000502046311893198,0.538741153140976,40,-0.00021884261367574,0.000352179155495061,0.769941943073373,"Aerococcaceae","Family","Aerococcaceae","d__Bacteria;p__Bacillota;c__Bacilli;o__Lactobacillales;f__;g___f__Aerococcaceae",NA,NA
"X186827","PFHxS",-0.000125809383693589,0.000502500859098877,-0.00114937013870944,0.00089775137132226,0.80390442758239,40,-0.00012497296371139,0.000499160076819501,0.939357662578988,"Aerococcaceae","Family","Aerococcaceae","d__Bacteria;p__Bacillota;c__Bacilli;o__Lactobacillales;f__;g___f__Aerococcaceae",NA,NA
"X186827","PFNA",-4.58150732513721e-05,0.000316011856091016,-0.000689510159851878,0.000597880013349133,0.885636792625604,40,-7.09361862857878e-05,0.000489286042809471,0.981593271330158,"Aerococcaceae","Family","Aerococcaceae","d__Bacteria;p__Bacillota;c__Bacilli;o__Lactobacillales;f__;g___f__Aerococcaceae",NA,NA
"X186827","PFOA",0.000520217463271106,0.000391713650338717,-0.000277677132192297,0.00131811205873451,0.193555074312895,40,0.000446854513112887,0.000336472773138258,0.744203679763297,"Aerococcaceae","Family","Aerococcaceae","d__Bacteria;p__Bacillota;c__Bacilli;o__Lactobacillales;f__;g___f__Aerococcaceae",NA,NA
"X186827","PFOS",-0.000563379239169213,0.000467957856147279,-0.00151657819968971,0.000389819721351285,0.237454520478489,40,-0.000505635671534077,0.000419994505284934,0.790677029081912,"Aerococcaceae","Family","Aerococcaceae","d__Bacteria;p__Bacillota;c__Bacilli;o__Lactobacillales;f__;g___f__Aerococcaceae",NA,NA
"X188709","PFHxS",-0.00156592226151646,0.00177644747789836,-0.00518442736215324,0.00205258283912032,0.384625533939875,40,-0.00155551152241536,0.00176463710156379,0.904635811392535,"Thermotogaceae","Family","Thermotogaceae","d__Bacteria;p__Thermotogota;c__Thermotogae;o__Thermotogales;f__;g___f__Thermotogaceae",NA,NA
"X188709","PFNA",-0.00112236195765518,0.00111236049466547,-0.00338816613918705,0.0011434422238767,0.320547862657075,40,-0.00173777037245978,0.001722284952675,0.831712421197423,"Thermotogaceae","Family","Thermotogaceae","d__Bacteria;p__Thermotogota;c__Thermotogae;o__Thermotogales;f__;g___f__Thermotogaceae",NA,NA
"X188709","PFOA",-0.000886594456886884,0.00142963481555686,-0.00379866528166609,0.00202547636789232,0.53954766782839,40,-0.000761563696592609,0.00122802253776315,0.744203679763297,"Thermotogaceae","Family","Thermotogaceae","d__Bacteria;p__Thermotogota;c__Thermotogae;o__Thermotogales;f__;g___f__Thermotogaceae",NA,NA
"X188709","PFOS",-0.0017679927284326,0.00168131664525479,-0.00519272266406656,0.00165673720720137,0.300881332241816,40,-0.00158678227445274,0.00150899005834591,0.823027334208077,"Thermotogaceae","Family","Thermotogaceae","d__Bacteria;p__Thermotogota;c__Thermotogae;o__Thermotogales;f__;g___f__Thermotogaceae",NA,NA
"X188709","PFBS",-0.000398890789455599,0.00127339303588844,-0.00299270752358666,0.00219492594467546,0.756123169496559,40,-0.000396091294559357,0.00126445611029599,0.825910700590451,"Thermotogaceae","Family","Thermotogaceae","d__Bacteria;p__Thermotogota;c__Thermotogae;o__Thermotogales;f__;g___f__Thermotogaceae",NA,NA
"X1890438","PFOS",-0.00290802715314572,0.00173120050166576,-0.00643436717920356,0.000618312872912125,0.102740146172164,40,-0.00260996884547697,0.00155376106778578,0.790677029081912,"Leptolyngbyaceae","Family","Leptolyngbyaceae","d__Bacteria;p__Cyanobacteriota;c__Cyanophyceae;o__Leptolyngbyales;f__;g___f__Leptolyngbyaceae",NA,NA
"X1890438","PFOA",0.000329514937493552,0.00151764559824209,-0.00276182798512121,0.00342085786010832,0.829491333504227,40,0.000283045547973789,0.00130362172122424,0.943942249852083,"Leptolyngbyaceae","Family","Leptolyngbyaceae","d__Bacteria;p__Cyanobacteriota;c__Cyanophyceae;o__Leptolyngbyales;f__;g___f__Leptolyngbyaceae",NA,NA
"X1890438","PFNA",0.000609535401427309,0.00118833531296605,-0.00181102442076433,0.00303009522361895,0.611521784017677,40,0.000943753086373928,0.00183991793853598,0.905958198544706,"Leptolyngbyaceae","Family","Leptolyngbyaceae","d__Bacteria;p__Cyanobacteriota;c__Cyanophyceae;o__Leptolyngbyales;f__;g___f__Leptolyngbyaceae",NA,NA
"X1890438","PFHxS",-0.00150361608134723,0.00187989883195662,-0.00533284469449137,0.0023256125317969,0.429702010411454,40,-0.00149361957314512,0.00186740067878713,0.904635811392535,"Leptolyngbyaceae","Family","Leptolyngbyaceae","d__Bacteria;p__Cyanobacteriota;c__Cyanophyceae;o__Leptolyngbyales;f__;g___f__Leptolyngbyaceae",NA,NA
"X1890438","PFBS",0.00174241594401623,0.00131108819114344,-0.000928183308740637,0.0044130151967731,0.19325177554588,40,0.00173018732237004,0.00130188671345418,0.581077586254293,"Leptolyngbyaceae","Family","Leptolyngbyaceae","d__Bacteria;p__Cyanobacteriota;c__Cyanophyceae;o__Leptolyngbyales;f__;g___f__Leptolyngbyaceae",NA,NA
"X1892251","PFOS",0.00187821432916282,0.00195260235958955,-0.00209910652360401,0.00585553518192965,0.343310964737344,40,0.00168570670976735,0.00175247033736283,0.858277411843361,"Coleofasciculaceae","Family","Coleofasciculaceae","d__Bacteria;p__Cyanobacteriota;c__Cyanophyceae;o__Coleofasciculales;f__;g___f__Coleofasciculaceae",NA,NA
"X1892251","PFOA",0.00679399542546182,0.00115416755440187,0.00444303304996086,0.00914495780096279,1.50803588355188e-06,40,0.00583588159237512,0.000991402667126848,6.0321435342075e-05,"Coleofasciculaceae","Family","Coleofasciculaceae","d__Bacteria;p__Cyanobacteriota;c__Cyanophyceae;o__Coleofasciculales;f__;g___f__Coleofasciculaceae",NA,NA
"X1892251","PFNA",-0.00216069681881206,0.00125166700979012,-0.00471025908596257,0.000388865448338442,0.0939460794712405,40,-0.0033454402922246,0.00193797538393302,0.536220144718342,"Coleofasciculaceae","Family","Coleofasciculaceae","d__Bacteria;p__Cyanobacteriota;c__Cyanophyceae;o__Coleofasciculales;f__;g___f__Coleofasciculaceae",NA,NA
"X1892251","PFHxS",-0.00267923016723939,0.00202770098638327,-0.00680952191697041,0.00145106158249163,0.195766792113783,40,-0.00266141781029908,0.00201422019843928,0.904635811392535,"Coleofasciculaceae","Family","Coleofasciculaceae","d__Bacteria;p__Cyanobacteriota;c__Cyanophyceae;o__Coleofasciculales;f__;g___f__Coleofasciculaceae",NA,NA
"X1892251","PFBS",0.00065449735991677,0.00147254296551007,-0.00234497450620832,0.00365396922604186,0.659696293242082,40,0.00064990396727115,0.00146220836610238,0.770237564049086,"Coleofasciculaceae","Family","Coleofasciculaceae","d__Bacteria;p__Cyanobacteriota;c__Cyanophyceae;o__Coleofasciculales;f__;g___f__Coleofasciculaceae",NA,NA
"X2066474","PFOS",0.00122115794469972,0.00152686673216313,-0.00188896781306332,0.00433128370246276,0.42973543224632,40,0.00109599533402749,0.00137037049252796,0.880496296475679,"Endozoicomonadaceae","Family","Endozoicomonadaceae","d__Bacteria;p__Pseudomonadota;c__Gammaproteobacteria;o__Oceanospirillales;f__;g___f__Endozoicomonadaceae",NA,NA
"X2066474","PFOA",-0.000575516353376746,0.00129285961551737,-0.00320898521263708,0.00205795250588359,0.659208219391698,40,-0.000494354953521904,0.00111053587163847,0.824010274239623,"Endozoicomonadaceae","Family","Endozoicomonadaceae","d__Bacteria;p__Pseudomonadota;c__Gammaproteobacteria;o__Oceanospirillales;f__;g___f__Endozoicomonadaceae",NA,NA
"X2066474","PFNA",0.00199253212095622,0.00095604839223734,4.51252728465577e-05,0.00393993896906587,0.0452156303633748,40,0.00308506829045249,0.00148026450766277,0.464666390714548,"Endozoicomonadaceae","Family","Endozoicomonadaceae","d__Bacteria;p__Pseudomonadota;c__Gammaproteobacteria;o__Oceanospirillales;f__;g___f__Endozoicomonadaceae",NA,NA
"X2066474","PFHxS",0.000367567516846113,0.00161989031235425,-0.00293204107313625,0.00366717610682848,0.821937954756615,40,0.000365123813468261,0.00160912077683594,0.939357662578988,"Endozoicomonadaceae","Family","Endozoicomonadaceae","d__Bacteria;p__Pseudomonadota;c__Gammaproteobacteria;o__Oceanospirillales;f__;g___f__Endozoicomonadaceae",NA,NA
"X2066474","PFBS",-0.00138575887377908,0.00112361121520951,-0.00367448002312505,0.000902962275566891,0.226443791683147,40,-0.00137603334238774,0.00111572548822486,0.581077586254293,"Endozoicomonadaceae","Family","Endozoicomonadaceae","d__Bacteria;p__Pseudomonadota;c__Gammaproteobacteria;o__Oceanospirillales;f__;g___f__Endozoicomonadaceae",NA,NA
"X213121","PFOS",0.00305614375702438,0.00169052361732724,-0.000387340167016266,0.00649962768106503,0.0800444766299911,40,0.00274290423475041,0.00151725336161125,0.790677029081912,"Desulfobulbaceae","Family","Desulfobulbaceae","d__Bacteria;p__Thermodesulfobacteriota;c__Desulfobulbia;o__Desulfobulbales;f__;g___f__Desulfobulbaceae",NA,NA
"X213121","PFBS",0.0020325318735844,0.00127384142573088,-0.000562198200767579,0.00462726194793638,0.120409949580556,40,0.00201826716064301,0.00126490135324933,0.581077586254293,"Desulfobulbaceae","Family","Desulfobulbaceae","d__Bacteria;p__Thermodesulfobacteriota;c__Desulfobulbia;o__Desulfobulbales;f__;g___f__Desulfobulbaceae",NA,NA
"X213121","PFHxS",-0.00047634614133363,0.00186393530462625,-0.0042730581133793,0.00332036583071204,0.799926659450497,40,-0.000473179243767186,0.00185154328196033,0.939357662578988,"Desulfobulbaceae","Family","Desulfobulbaceae","d__Bacteria;p__Thermodesulfobacteriota;c__Desulfobulbia;o__Desulfobulbales;f__;g___f__Desulfobulbaceae",NA,NA
"X213121","PFNA",0.000107535981696298,0.00117246720265969,-0.00228070155751461,0.0024957735209072,0.927494110878736,40,0.00016649962313015,0.00181534909800353,0.981593271330158,"Desulfobulbaceae","Family","Desulfobulbaceae","d__Bacteria;p__Thermodesulfobacteriota;c__Desulfobulbia;o__Desulfobulbales;f__;g___f__Desulfobulbaceae",NA,NA
"X213121","PFOA",0.00105207935298414,0.00148092366801749,-0.00196446344551993,0.0040686221514882,0.48258886332487,40,0.000903711313491307,0.00127207845055451,0.744203679763297,"Desulfobulbaceae","Family","Desulfobulbaceae","d__Bacteria;p__Thermodesulfobacteriota;c__Desulfobulbia;o__Desulfobulbales;f__;g___f__Desulfobulbaceae",NA,NA
"X2162846","PFOS",0.000626609762968036,0.00110651006546074,-0.00162727748424316,0.00288049701017923,0.575144509103021,40,0.000562385381391359,0.000993098291718217,0.880496296475679,"Candidatus Nanopelagicaceae","Family","Candidatus Nanopelagicaceae","d__Bacteria;p__Actinomycetota;c__Actinomycetes;o__Candidatus Nanopelagicales;f__;g___f__Candidatus_Nanopelagicaceae",NA,NA
"X2162846","PFOA",-4.69948485403039e-05,0.000935182914889453,-0.00195190011011284,0.00185791041303223,0.960233907544749,40,-4.03674648506513e-05,0.00080330003432937,0.960233907544749,"Candidatus Nanopelagicaceae","Family","Candidatus Nanopelagicaceae","d__Bacteria;p__Actinomycetota;c__Actinomycetes;o__Candidatus Nanopelagicales;f__;g___f__Candidatus_Nanopelagicaceae",NA,NA
"X2162846","PFNA",0.000298369237906966,0.00073285630728654,-0.00119441021037003,0.00179114868618396,0.686621709674934,40,0.000461969704293405,0.00113469275164448,0.951706526817833,"Candidatus Nanopelagicaceae","Family","Candidatus Nanopelagicaceae","d__Bacteria;p__Actinomycetota;c__Actinomycetes;o__Candidatus Nanopelagicales;f__;g___f__Candidatus_Nanopelagicaceae",NA,NA
"X2162846","PFBS",0.000684265883740596,0.000820450081446805,-0.000986936243802957,0.00235546801128415,0.410456538887874,40,0.000679463569674085,0.000814691999594962,0.769941943073373,"Candidatus Nanopelagicaceae","Family","Candidatus Nanopelagicaceae","d__Bacteria;p__Actinomycetota;c__Actinomycetes;o__Candidatus Nanopelagicales;f__;g___f__Candidatus_Nanopelagicaceae",NA,NA
"X2162846","PFHxS",0.000829263486257524,0.00115988596135728,-0.0015333469030424,0.00319187387555745,0.479822261217097,40,0.000823750284220833,0.00115217467809152,0.939357662578988,"Candidatus Nanopelagicaceae","Family","Candidatus Nanopelagicaceae","d__Bacteria;p__Actinomycetota;c__Actinomycetes;o__Candidatus Nanopelagicales;f__;g___f__Candidatus_Nanopelagicaceae",NA,NA
"X2211325","PFHxS",0.00100757480068604,0.00105696778203357,-0.0011453981175012,0.00316054771887329,0.347599457575114,40,0.00100087612947319,0.00104994073089097,0.904635811392535,"Vicinamibacteraceae","Family","Vicinamibacteraceae","d__Bacteria;p__Acidobacteriota;c__Vicinamibacteria;o__Vicinamibacterales;f__;g___f__Vicinamibacteraceae",NA,NA
"X2211325","PFNA",0.000798799854924318,0.000658671320714201,-0.00054286972061934,0.00214046943046797,0.234104921659431,40,0.00123679416603955,0.00101983098992184,0.780349738864771,"Vicinamibacteraceae","Family","Vicinamibacteraceae","d__Bacteria;p__Acidobacteriota;c__Vicinamibacteria;o__Vicinamibacterales;f__;g___f__Vicinamibacteraceae",NA,NA
"X2211325","PFOA",-0.000645475057862184,0.000849805211579077,-0.00237647162877377,0.0010855215130494,0.453079281416023,40,-0.000554447828209882,0.000729962603856429,0.744203679763297,"Vicinamibacteraceae","Family","Vicinamibacteraceae","d__Bacteria;p__Acidobacteriota;c__Vicinamibacteria;o__Vicinamibacterales;f__;g___f__Vicinamibacteraceae",NA,NA
"X2211325","PFOS",-0.000492437087498332,0.0010158219492489,-0.00256159868694206,0.0015767245119454,0.631143494547037,40,-0.000441964737274811,0.000911705255992318,0.880496296475679,"Vicinamibacteraceae","Family","Vicinamibacteraceae","d__Bacteria;p__Acidobacteriota;c__Vicinamibacteria;o__Vicinamibacterales;f__;g___f__Vicinamibacteraceae",NA,NA
"X2211325","PFBS",-0.00105519422765239,0.000737103108549715,-0.00255662412702539,0.000446235671720617,0.161970046713154,40,-0.00104778866469394,0.000731929972330638,0.581077586254293,"Vicinamibacteraceae","Family","Vicinamibacteraceae","d__Bacteria;p__Acidobacteriota;c__Vicinamibacteria;o__Vicinamibacterales;f__;g___f__Vicinamibacteraceae",NA,NA
"X2448023","PFOS",-0.000401309666640422,0.000562959133368069,-0.00154801989640324,0.0007454005631224,0.481100207747353,40,-0.000360177423442293,0.000505258624486355,0.880496296475679,"Ilumatobacteraceae","Family","Ilumatobacteraceae","d__Bacteria;p__Actinomycetota;c__Acidimicrobiia;o__Acidimicrobiales;f__;g___f__Ilumatobacteraceae",NA,NA
"X2448023","PFBS",-0.000870491620429118,0.000394182682669056,-0.00167341547017227,-6.75677706859659e-05,0.0345037957214232,40,-0.000864382337103879,0.000391416230202643,0.581077586254293,"Ilumatobacteraceae","Family","Ilumatobacteraceae","d__Bacteria;p__Actinomycetota;c__Acidimicrobiia;o__Acidimicrobiales;f__;g___f__Ilumatobacteraceae",NA,NA
"X2448023","PFHxS",-0.000517849427360371,0.000589466291144441,-0.00171855297063824,0.000682854115917501,0.386218432608031,40,-0.00051440660301692,0.000585547335576333,0.904635811392535,"Ilumatobacteraceae","Family","Ilumatobacteraceae","d__Bacteria;p__Actinomycetota;c__Acidimicrobiia;o__Acidimicrobiales;f__;g___f__Ilumatobacteraceae",NA,NA
"X2448023","PFOA",0.000314977757265007,0.000473930099979453,-0.00065038626585252,0.00128034178038253,0.511062559480967,40,0.000270558453534063,0.000407094761379617,0.744203679763297,"Ilumatobacteraceae","Family","Ilumatobacteraceae","d__Bacteria;p__Actinomycetota;c__Acidimicrobiia;o__Acidimicrobiales;f__;g___f__Ilumatobacteraceae",NA,NA
"X2448023","PFNA",0.000120344375445808,0.000374298252328042,-0.000642076215120023,0.000882764966011638,0.749907143885242,40,0.000186331057209757,0.00057953177129956,0.981593271330158,"Ilumatobacteraceae","Family","Ilumatobacteraceae","d__Bacteria;p__Actinomycetota;c__Acidimicrobiia;o__Acidimicrobiales;f__;g___f__Ilumatobacteraceae",NA,NA
"X255474","PFNA",0.00533048855516135,0.00266671557520796,-0.000101433317504136,0.0107624104278268,0.0541734200158383,40,0.00825327784741371,0.00412891695657168,0.464666390714548,"Parvularculaceae","Family","Parvularculaceae","d__Bacteria;p__Pseudomonadota;c__Alphaproteobacteria;o__Parvularculales;f__;g___f__Parvularculaceae",NA,NA
"X255474","PFHxS",0.0045453859901716,0.004427992839967,-0.00447414027015976,0.013564912250503,0.312347878098596,40,0.0045151668478678,0.00439855416390285,0.904635811392535,"Parvularculaceae","Family","Parvularculaceae","d__Bacteria;p__Pseudomonadota;c__Alphaproteobacteria;o__Parvularculales;f__;g___f__Parvularculaceae",NA,NA
"X255474","PFOA",-0.00228463132467408,0.00357724743676775,-0.00957124590643349,0.00500198325708532,0.527591566878661,40,-0.0019624443435834,0.0030727710515326,0.744203679763297,"Parvularculaceae","Family","Parvularculaceae","d__Bacteria;p__Pseudomonadota;c__Alphaproteobacteria;o__Parvularculales;f__;g___f__Parvularculaceae",NA,NA
"X255474","PFOS",-0.00490420273873043,0.00419190595301442,-0.0134428357470744,0.00363443026961352,0.250672443164982,40,-0.00440154637006853,0.00376225645922944,0.790677029081912,"Parvularculaceae","Family","Parvularculaceae","d__Bacteria;p__Pseudomonadota;c__Alphaproteobacteria;o__Parvularculales;f__;g___f__Parvularculaceae",NA,NA
"X255474","PFBS",0.00463831626520741,0.00308522872190577,-0.00164608899064324,0.0109227215210581,0.142543347119005,40,0.00460576363913818,0.00306357597311078,0.581077586254293,"Parvularculaceae","Family","Parvularculaceae","d__Bacteria;p__Pseudomonadota;c__Alphaproteobacteria;o__Parvularculales;f__;g___f__Parvularculaceae",NA,NA
"X267890","PFOA",-0.00099468421050361,0.000713444552126563,-0.00244792320744016,0.000458554786432944,0.17286309155974,40,-0.000854410241806957,0.000612832018304266,0.744203679763297,"Shewanellaceae","Family","Shewanellaceae","d__Bacteria;p__Pseudomonadota;c__Gammaproteobacteria;o__Alteromonadales;f__;g___f__Shewanellaceae",NA,NA
"X267890","PFOS",0.000245869986884731,0.000872638504752256,-0.00153163648023231,0.00202337645400177,0.779945764808796,40,0.000220669537116534,0.000783197401820432,0.912301415607802,"Shewanellaceae","Family","Shewanellaceae","d__Bacteria;p__Pseudomonadota;c__Gammaproteobacteria;o__Alteromonadales;f__;g___f__Shewanellaceae",NA,NA
"X267890","PFNA",-0.000427945777465477,0.000572309582944669,-0.00159370224974722,0.000737810694816263,0.46006976654455,40,-0.000662595063942155,0.000886115776049506,0.836490484626454,"Shewanellaceae","Family","Shewanellaceae","d__Bacteria;p__Pseudomonadota;c__Gammaproteobacteria;o__Alteromonadales;f__;g___f__Shewanellaceae",NA,NA
"X267890","PFHxS",-0.000947102921758544,0.000903174322901609,-0.00278680881503383,0.000892602971516744,0.30220062019567,40,-0.000940806286438496,0.000897169738593936,0.904635811392535,"Shewanellaceae","Family","Shewanellaceae","d__Bacteria;p__Pseudomonadota;c__Gammaproteobacteria;o__Alteromonadales;f__;g___f__Shewanellaceae",NA,NA
"X267890","PFBS",-0.000568291594024959,0.000643797483613268,-0.00187966415483253,0.000743080966782616,0.383972019966246,40,-0.000564303210589931,0.000639279184827657,0.769941943073373,"Shewanellaceae","Family","Shewanellaceae","d__Bacteria;p__Pseudomonadota;c__Gammaproteobacteria;o__Alteromonadales;f__;g___f__Shewanellaceae",NA,NA
"X2807496","PFOS",-0.00104499812986767,0.00068783196389069,-0.00244606599181426,0.00035606973207892,0.138515750422972,40,-0.000937891023330362,0.000617332611470283,0.790677029081912,"Natranaerofabaceae","Family","Natranaerofabaceae","d__Bacteria;p__Bacillota;c__Clostridia;o__Natranaerobiales;f__;g___f__Natranaerofabaceae",NA,NA
"X2807496","PFOA",0.000647400246106857,0.000587926431915444,-0.000550166706563236,0.00184496719877695,0.27904182330387,40,0.000556101519437998,0.000505014917853421,0.744203679763297,"Natranaerofabaceae","Family","Natranaerofabaceae","d__Bacteria;p__Bacillota;c__Clostridia;o__Natranaerobiales;f__;g___f__Natranaerofabaceae",NA,NA
"X2807496","PFNA",-0.000375219417331631,0.00046587378699459,-0.00132417326790494,0.000573734433241677,0.426527552572638,40,-0.00058095802531723,0.000721319587520771,0.831712421197423,"Natranaerofabaceae","Family","Natranaerofabaceae","d__Bacteria;p__Bacillota;c__Clostridia;o__Natranaerobiales;f__;g___f__Natranaerofabaceae",NA,NA
"X2807496","PFHxS",-0.000842680987519094,0.000733790658087713,-0.00233736364609749,0.0006520016710593,0.259318268756707,40,-0.000837078581753421,0.000728912189159904,0.904635811392535,"Natranaerofabaceae","Family","Natranaerofabaceae","d__Bacteria;p__Bacillota;c__Clostridia;o__Natranaerobiales;f__;g___f__Natranaerofabaceae",NA,NA
"X2807496","PFBS",-0.000354883453330988,0.00052741966975388,-0.00142920216464938,0.000719435257987404,0.505862162291049,40,-0.000352392810672338,0.000523718133612449,0.769941943073373,"Natranaerofabaceae","Family","Natranaerofabaceae","d__Bacteria;p__Bacillota;c__Clostridia;o__Natranaerobiales;f__;g___f__Natranaerofabaceae",NA,NA
"X28256","PFBS",-0.00020278215429446,0.00130409960492739,-0.0028591461227642,0.00245358181417528,0.877407123033904,40,-0.000201358988804048,0.00129494717452615,0.877407123033904,"Halomonadaceae","Family","Halomonadaceae","d__Bacteria;p__Pseudomonadota;c__Gammaproteobacteria;o__Oceanospirillales;f__;g___f__Halomonadaceae",NA,NA
"X28256","PFHxS",0.00332278967158985,0.00174279265026326,-0.000227162788468582,0.00687274213164828,0.0655872949235287,40,0.00330069873054579,0.0017312060217089,0.657698263333819,"Halomonadaceae","Family","Halomonadaceae","d__Bacteria;p__Pseudomonadota;c__Gammaproteobacteria;o__Oceanospirillales;f__;g___f__Halomonadaceae",NA,NA
"X28256","PFNA",0.0015979871510196,0.00112077798332839,-0.000684962893837964,0.00388093719587716,0.163613542272322,40,0.00247418821323453,0.00173531788051896,0.654454169089288,"Halomonadaceae","Family","Halomonadaceae","d__Bacteria;p__Pseudomonadota;c__Gammaproteobacteria;o__Oceanospirillales;f__;g___f__Halomonadaceae",NA,NA
"X28256","PFOA",-0.0013027897172765,0.00145304542219843,-0.00426254638731453,0.00165696695276154,0.37663221621433,40,-0.00111906559449481,0.00124813169589621,0.744203679763297,"Halomonadaceae","Family","Halomonadaceae","d__Bacteria;p__Pseudomonadota;c__Gammaproteobacteria;o__Oceanospirillales;f__;g___f__Halomonadaceae",NA,NA
"X28256","PFOS",0.000784056184695168,0.00174383869271945,-0.00276802699412095,0.00433613936351128,0.656018854067395,40,0.000703694328625611,0.00156510390716664,0.880496296475679,"Halomonadaceae","Family","Halomonadaceae","d__Bacteria;p__Pseudomonadota;c__Gammaproteobacteria;o__Oceanospirillales;f__;g___f__Halomonadaceae",NA,NA
"X2881384","PFOS",0.000190836082183753,0.00155734093404803,-0.00298136359351398,0.00336303575788149,0.903237977735044,40,0.000171276333700561,0.00139772124041363,0.950776818668467,"Thermostichaceae","Family","Thermostichaceae","d__Bacteria;p__Cyanobacteriota;c__Cyanophyceae;o__Thermostichales;f__;g___f__Thermostichaceae",NA,NA
"X2881384","PFOA",-0.000259048703897465,0.00130922135784185,-0.00292584534165565,0.00240774793386072,0.844402509206725,40,-0.000222516717767893,0.00112459022182139,0.943942249852083,"Thermostichaceae","Family","Thermostichaceae","d__Bacteria;p__Cyanobacteriota;c__Cyanophyceae;o__Thermostichales;f__;g___f__Thermostichaceae",NA,NA
"X2881384","PFNA",-0.000235364936594188,0.00102837248429657,-0.00233009113935478,0.0018593612661664,0.82042538924771,40,-0.000364419170428543,0.0015922450176385,0.981593271330158,"Thermostichaceae","Family","Thermostichaceae","d__Bacteria;p__Cyanobacteriota;c__Cyanophyceae;o__Thermostichales;f__;g___f__Thermostichaceae",NA,NA
"X2881384","PFHxS",-0.00131532225647923,0.00162106035012509,-0.00461731413541013,0.00198666962245167,0.423132630814475,40,-0.00130657758429301,0.00161028303583112,0.904635811392535,"Thermostichaceae","Family","Thermostichaceae","d__Bacteria;p__Cyanobacteriota;c__Cyanophyceae;o__Thermostichales;f__;g___f__Thermostichaceae",NA,NA
"X2881384","PFBS",-0.0020740981178161,0.00110230074022236,-0.00431941125009578,0.000171215014463589,0.0690128285633636,40,-0.00205954168470553,0.00109456457438964,0.581077586254293,"Thermostichaceae","Family","Thermostichaceae","d__Bacteria;p__Cyanobacteriota;c__Cyanophyceae;o__Thermostichales;f__;g___f__Thermostichaceae",NA,NA
"X2897348","PFBS",-0.000495118524609126,0.000834990817960585,-0.00219593916319607,0.00120570211397781,0.557373802608556,40,-0.000491643684328733,0.000829130686327864,0.769941943073373,"Candidatus Uabimicrobiaceae","Family","Candidatus Uabimicrobiaceae","d__Bacteria;p__Planctomycetota;c__Candidatus Uabimicrobiia;o__Candidatus Uabimicrobiales;f__;g___f__Candidatus_Uabimicrobiaceae",NA,NA
"X2897348","PFHxS",0.000488435343538156,0.00118040405403163,-0.00191596903287436,0.00289283971995067,0.681790678676168,40,0.000485188073188729,0.00117255636009279,0.939357662578988,"Candidatus Uabimicrobiaceae","Family","Candidatus Uabimicrobiaceae","d__Bacteria;p__Planctomycetota;c__Candidatus Uabimicrobiia;o__Candidatus Uabimicrobiales;f__;g___f__Candidatus_Uabimicrobiaceae",NA,NA
"X2897348","PFNA",0.000440068806966698,0.000739750722158467,-0.00106675410484657,0.00194689171877997,0.55610191375235,40,0.000681365337959363,0.00114536748078882,0.876683039211017,"Candidatus Uabimicrobiaceae","Family","Candidatus Uabimicrobiaceae","d__Bacteria;p__Planctomycetota;c__Candidatus Uabimicrobiia;o__Candidatus Uabimicrobiales;f__;g___f__Candidatus_Uabimicrobiaceae",NA,NA
"X2897348","PFOA",-0.0010650092267817,0.000927867014497557,-0.00295501248690856,0.000824994033345146,0.259558448473005,40,-0.000914817769672332,0.000797015848698525,0.744203679763297,"Candidatus Uabimicrobiaceae","Family","Candidatus Uabimicrobiaceae","d__Bacteria;p__Planctomycetota;c__Candidatus Uabimicrobiia;o__Candidatus Uabimicrobiales;f__;g___f__Candidatus_Uabimicrobiaceae",NA,NA
"X2897348","PFOS",9.8908349089302e-05,0.00112564447333954,-0.00219395441153759,0.0023917711097162,0.930529019446516,40,8.87707356519663e-05,0.00101027151803638,0.954388737893863,"Candidatus Uabimicrobiaceae","Family","Candidatus Uabimicrobiaceae","d__Bacteria;p__Planctomycetota;c__Candidatus Uabimicrobiia;o__Candidatus Uabimicrobiales;f__;g___f__Candidatus_Uabimicrobiaceae",NA,NA
"X2931039","PFOS",-0.000292017412528549,0.000627219949530484,-0.00156962264141055,0.000985587816353456,0.64467358062355,40,-0.000262087081343741,0.000562933026868532,0.880496296475679,"Desulfococcaceae","Family","Desulfococcaceae","d__Bacteria;p__Thermodesulfobacteriota;c__Desulfobacteria;o__Desulfobacterales;f__;g___f__Desulfococcaceae",NA,NA
"X2931039","PFOA",-0.000161561031070369,0.000528500739857171,-0.00123808181012877,0.000914959747988036,0.761815325518998,40,-0.000138777109524565,0.000453969652044539,0.923412515780604,"Desulfococcaceae","Family","Desulfococcaceae","d__Bacteria;p__Thermodesulfobacteriota;c__Desulfobacteria;o__Desulfobacterales;f__;g___f__Desulfococcaceae",NA,NA
"X2931039","PFNA",0.000251631722909843,0.0004134343262319,-0.000590506441522877,0.00109376988734256,0.547061149312806,40,0.000389605287190319,0.000640126759628109,0.876683039211017,"Desulfococcaceae","Family","Desulfococcaceae","d__Bacteria;p__Thermodesulfobacteriota;c__Desulfobacteria;o__Desulfobacterales;f__;g___f__Desulfococcaceae",NA,NA
"X2931039","PFHxS",-0.00111856485221267,0.000631401336281643,-0.00240468728719001,0.000167557582764677,0.0859917482900839,40,-0.00111112828455524,0.000627203583467435,0.687933986320671,"Desulfococcaceae","Family","Desulfococcaceae","d__Bacteria;p__Thermodesulfobacteriota;c__Desulfobacteria;o__Desulfobacterales;f__;g___f__Desulfococcaceae",NA,NA
"X2931039","PFBS",-0.000271893945441455,0.000466871561281954,-0.00122288019572994,0.000679092304847032,0.564395872247311,40,-0.000269985739655051,0.000463594963808261,0.769941943073373,"Desulfococcaceae","Family","Desulfococcaceae","d__Bacteria;p__Thermodesulfobacteriota;c__Desulfobacteria;o__Desulfobacterales;f__;g___f__Desulfococcaceae",NA,NA
"X2934961","PFHxS",0.00248399199322738,0.00414578287980379,-0.005960691389391,0.0109286753758458,0.553284048086387,40,0.00246747764049977,0.00411822042348515,0.939357662578988,"Sirenicapillariaceae","Family","Sirenicapillariaceae","d__Bacteria;p__Cyanobacteriota;c__Cyanophyceae;o__Oscillatoriales;f__;g___f__Sirenicapillariaceae",NA,NA
"X2934961","PFNA",-0.00258670421739692,0.00257986123832145,-0.00784170959523416,0.00266830116044032,0.323550552347079,40,-0.0040050341341756,0.0039944390438702,0.831712421197423,"Sirenicapillariaceae","Family","Sirenicapillariaceae","d__Bacteria;p__Cyanobacteriota;c__Cyanophyceae;o__Oscillatoriales;f__;g___f__Sirenicapillariaceae",NA,NA
"X2934961","PFOA",-0.00492241485422858,0.00321940077004546,-0.0114801196286953,0.00163528992023814,0.136094200441188,40,-0.0042282380895,0.00276538921736313,0.744203679763297,"Sirenicapillariaceae","Family","Sirenicapillariaceae","d__Bacteria;p__Cyanobacteriota;c__Cyanophyceae;o__Oscillatoriales;f__;g___f__Sirenicapillariaceae",NA,NA
"X2934961","PFOS",-0.00153247197366251,0.00395619247466429,-0.00959097233845213,0.0065260283911271,0.70105395859439,40,-0.00137540122467534,0.0035507024390796,0.880496296475679,"Sirenicapillariaceae","Family","Sirenicapillariaceae","d__Bacteria;p__Cyanobacteriota;c__Cyanophyceae;o__Oscillatoriales;f__;g___f__Sirenicapillariaceae",NA,NA
"X2934961","PFBS",-0.00161851510196795,0.00294341888390418,-0.0076140631703625,0.00437703296642659,0.586222289072639,40,-0.00160715604107404,0.00292276138475701,0.769941943073373,"Sirenicapillariaceae","Family","Sirenicapillariaceae","d__Bacteria;p__Cyanobacteriota;c__Cyanophyceae;o__Oscillatoriales;f__;g___f__Sirenicapillariaceae",NA,NA
"X2937911","PFOS",-0.000463580360686177,0.00108605968547681,-0.00267581154702167,0.00174865082564932,0.672349617963374,40,-0.000416065681318372,0.000974743973885081,0.880496296475679,"Thermincolaceae","Family","Thermincolaceae","d__Bacteria;p__Bacillota;c__Clostridia;o__Eubacteriales;f__;g___f__Thermincolaceae",NA,NA
"X2937911","PFOA",0.000779842570892718,0.000905532838713513,-0.00106466746188092,0.00262435260366635,0.395536630048111,40,0.000669866348064834,0.000777831319246165,0.744203679763297,"Thermincolaceae","Family","Thermincolaceae","d__Bacteria;p__Bacillota;c__Clostridia;o__Eubacteriales;f__;g___f__Thermincolaceae",NA,NA
"X2937911","PFNA",0.000634018775585835,0.000710843944359219,-0.000813922956676155,0.00208196050784783,0.379091749908481,40,0.000981661073133764,0.00110061066977951,0.831712421197423,"Thermincolaceae","Family","Thermincolaceae","d__Bacteria;p__Bacillota;c__Clostridia;o__Eubacteriales;f__;g___f__Thermincolaceae",NA,NA
"X2937911","PFHxS",0.000188732330787165,0.00114455839420505,-0.00214265682590625,0.00252012148748058,0.870063631217613,40,0.000187477579447297,0.00113694901338144,0.9425019810671,"Thermincolaceae","Family","Thermincolaceae","d__Bacteria;p__Bacillota;c__Clostridia;o__Eubacteriales;f__;g___f__Thermincolaceae",NA,NA
"X2937911","PFBS",-0.000343925290783596,0.000809967327683313,-0.00199377474765501,0.00130592416608782,0.67395786854295,40,-0.000341511554689184,0.000804282815882309,0.770237564049086,"Thermincolaceae","Family","Thermincolaceae","d__Bacteria;p__Bacillota;c__Clostridia;o__Eubacteriales;f__;g___f__Thermincolaceae",NA,NA
"X403","PFOS",0.000227658112585012,0.000883312069490555,-0.00157158969444105,0.00202690591961107,0.798263738656827,40,0.000204324289277775,0.000792776979303746,0.912301415607802,"Methylococcaceae","Family","Methylococcaceae","d__Bacteria;p__Pseudomonadota;c__Gammaproteobacteria;o__Methylococcales;f__;g___f__Methylococcaceae",NA,NA
"X403","PFBS",-0.000306737764175266,0.000657191877730133,-0.00164539381297493,0.0010319182846244,0.643848115896994,40,-0.000304585017538861,0.000652579574422584,0.770237564049086,"Methylococcaceae","Family","Methylococcaceae","d__Bacteria;p__Pseudomonadota;c__Gammaproteobacteria;o__Methylococcales;f__;g___f__Methylococcaceae",NA,NA
"X403","PFHxS",-0.000496681213825347,0.000925453206638823,-0.00238176770824004,0.00138840528058934,0.595193941778806,40,-0.000493379122361022,0.00091930050537046,0.939357662578988,"Methylococcaceae","Family","Methylococcaceae","d__Bacteria;p__Pseudomonadota;c__Gammaproteobacteria;o__Methylococcales;f__;g___f__Methylococcaceae",NA,NA
"X403","PFOA",0.000337097674359191,0.000741239460217367,-0.00117275769764593,0.00184695304636431,0.652340935962575,40,0.000289558939832748,0.000636707187822482,0.824010274239623,"Methylococcaceae","Family","Methylococcaceae","d__Bacteria;p__Pseudomonadota;c__Gammaproteobacteria;o__Methylococcales;f__;g___f__Methylococcaceae",NA,NA
"X403","PFNA",2.26889978007339e-05,0.000584217097072952,-0.00116732228704663,0.0012127002826481,0.969261960336486,40,3.5129726101278e-05,0.0009045523642826,0.981593271330158,"Methylococcaceae","Family","Methylococcaceae","d__Bacteria;p__Pseudomonadota;c__Gammaproteobacteria;o__Methylococcales;f__;g___f__Methylococcaceae",NA,NA
"X433","PFOS",0.000876129567027935,0.00129398961538805,-0.00175964102664709,0.00351190016070296,0.503223320276855,40,0.000786330647590605,0.00116136212101053,0.880496296475679,"Acetobacteraceae","Family","Acetobacteraceae","d__Bacteria;p__Pseudomonadota;c__Alphaproteobacteria;o__Rhodospirillales;f__;g___f__Acetobacteraceae",NA,NA
"X433","PFOA",-0.00125641767636096,0.0010732643933485,-0.003442585705521,0.000929750352799078,0.250383506863152,40,-0.00107923310668276,0.000921908762761407,0.744203679763297,"Acetobacteraceae","Family","Acetobacteraceae","d__Bacteria;p__Pseudomonadota;c__Alphaproteobacteria;o__Rhodospirillales;f__;g___f__Acetobacteraceae",NA,NA
"X433","PFNA",-0.00159869941242066,0.000813372913401149,-0.00325548582039475,5.80869955534276e-05,0.0580832988393185,40,-0.00247529101857444,0.00125935785780087,0.464666390714548,"Acetobacteraceae","Family","Acetobacteraceae","d__Bacteria;p__Pseudomonadota;c__Alphaproteobacteria;o__Rhodospirillales;f__;g___f__Acetobacteraceae",NA,NA
"X433","PFHxS",0.00279795797208156,0.00127771607689772,0.000195335491573557,0.00540058045258956,0.0359426564535689,40,0.00277935627570171,0.00126922142231061,0.657698263333819,"Acetobacteraceae","Family","Acetobacteraceae","d__Bacteria;p__Pseudomonadota;c__Alphaproteobacteria;o__Rhodospirillales;f__;g___f__Acetobacteraceae",NA,NA
"X433","PFBS",0.00116595742732188,0.000949790594659989,-0.00076870270424585,0.00310061755888961,0.228553506294324,40,0.00115777450619834,0.000943124775361734,0.581077586254293,"Acetobacteraceae","Family","Acetobacteraceae","d__Bacteria;p__Pseudomonadota;c__Alphaproteobacteria;o__Rhodospirillales;f__;g___f__Acetobacteraceae",NA,NA
"X453228","PFNA",0.000660280106617032,0.00114990378977859,-0.00168199726455411,0.00300255747778817,0.569843975487161,40,0.00102232189800947,0.00178041381697506,0.876683039211017,"Desulfarculaceae","Family","Desulfarculaceae","d__Bacteria;p__Thermodesulfobacteriota;c__Desulfarculia;o__Desulfarculales;f__;g___f__Desulfarculaceae",NA,NA
"X453228","PFHxS",-0.00106207067214229,0.00182948240946196,-0.00478860439324908,0.00266446304896449,0.565622971941327,40,-0.0010550096953963,0.00181731944037784,0.939357662578988,"Desulfarculaceae","Family","Desulfarculaceae","d__Bacteria;p__Thermodesulfobacteriota;c__Desulfarculia;o__Desulfarculales;f__;g___f__Desulfarculaceae",NA,NA
"X453228","PFOA",-0.00120779842205161,0.0014555857507687,-0.00417272957205778,0.00175713272795455,0.41281751393417,40,-0.00103747031564591,0.00125031377813404,0.744203679763297,"Desulfarculaceae","Family","Desulfarculaceae","d__Bacteria;p__Thermodesulfobacteriota;c__Desulfarculia;o__Desulfarculales;f__;g___f__Desulfarculaceae",NA,NA
"X453228","PFOS",-0.00447070834090045,0.00156060660495751,-0.00764955997056247,-0.00129185671123843,0.00731309359516109,40,-0.00401248299017499,0.00140065219631069,0.292523743806443,"Desulfarculaceae","Family","Desulfarculaceae","d__Bacteria;p__Thermodesulfobacteriota;c__Desulfarculia;o__Desulfarculales;f__;g___f__Desulfarculaceae",NA,NA
"X453228","PFBS",0.000394519477635772,0.00130270746738076,-0.00225900879944656,0.0030480477547181,0.763967398046167,40,0.000391750661475297,0.00129356480727771,0.825910700590451,"Desulfarculaceae","Family","Desulfarculaceae","d__Bacteria;p__Thermodesulfobacteriota;c__Desulfarculia;o__Desulfarculales;f__;g___f__Desulfarculaceae",NA,NA
"X45404","PFOS",0.000786891527085781,0.00183936079786195,-0.0029597638127326,0.00453354686690416,0.671657042504059,40,0.000706239062534906,0.00165083547202036,0.880496296475679,"Beijerinckiaceae","Family","Beijerinckiaceae","d__Bacteria;p__Pseudomonadota;c__Alphaproteobacteria;o__Hyphomicrobiales;f__;g___f__Beijerinckiaceae",NA,NA
"X45404","PFBS",-0.00163696079260508,0.00134486428868684,-0.00437635970466006,0.0011024381194499,0.232431034501717,40,-0.00162547227618559,0.00133542576362725,0.581077586254293,"Beijerinckiaceae","Family","Beijerinckiaceae","d__Bacteria;p__Pseudomonadota;c__Alphaproteobacteria;o__Hyphomicrobiales;f__;g___f__Beijerinckiaceae",NA,NA
"X45404","PFHxS",0.00350151716023931,0.00183784482574022,-0.000242050245416559,0.00724508456589518,0.0657698263333819,40,0.0034782379831632,0.00182562626070714,0.657698263333819,"Beijerinckiaceae","Family","Beijerinckiaceae","d__Bacteria;p__Pseudomonadota;c__Alphaproteobacteria;o__Hyphomicrobiales;f__;g___f__Beijerinckiaceae",NA,NA
"X45404","PFOA",-0.00180007770902588,0.00151832184465418,-0.00489279810050582,0.00129264268245406,0.244521306497736,40,-0.00154622423317791,0.00130420260091889,0.744203679763297,"Beijerinckiaceae","Family","Beijerinckiaceae","d__Bacteria;p__Pseudomonadota;c__Alphaproteobacteria;o__Hyphomicrobiales;f__;g___f__Beijerinckiaceae",NA,NA
"X45404","PFNA",0.000997775763296991,0.00120594937605315,-0.00145866273131057,0.00345421425790456,0.414150606259091,40,0.00154487164144302,0.00186719006475394,0.831712421197423,"Beijerinckiaceae","Family","Beijerinckiaceae","d__Bacteria;p__Pseudomonadota;c__Alphaproteobacteria;o__Hyphomicrobiales;f__;g___f__Beijerinckiaceae",NA,NA
"X49546","PFOS",0.000494586130288823,0.00283441402140307,-0.00527892629907792,0.00626809855965556,0.862577145119109,40,0.000443893513876745,0.00254390069330773,0.932515832561199,"Flavobacteriaceae","Family","Flavobacteriaceae","d__Bacteria;p__Bacteroidota;c__Flavobacteriia;o__Flavobacteriales;f__;g___f__Flavobacteriaceae",NA,NA
"X49546","PFOA",0.00373762433474198,0.00229150563391011,-0.000930019897696205,0.00840526856718016,0.112678484590011,40,0.00321053101869748,0.00196834921284199,0.744203679763297,"Flavobacteriaceae","Family","Flavobacteriaceae","d__Bacteria;p__Bacteroidota;c__Flavobacteriia;o__Flavobacteriales;f__;g___f__Flavobacteriaceae",NA,NA
"X49546","PFNA",0.000396157487677428,0.00187234671797988,-0.00341768797269387,0.00421000294804872,0.833773868750456,40,0.000613376763368028,0.00289898337277516,0.981593271330158,"Flavobacteriaceae","Family","Flavobacteriaceae","d__Bacteria;p__Bacteroidota;c__Flavobacteriia;o__Flavobacteriales;f__;g___f__Flavobacteriaceae",NA,NA
"X49546","PFHxS",0.00250712047488014,0.00294817254348968,-0.00349811048122756,0.00851235143098785,0.401422154472153,40,0.00249045235680019,0.00292857217383559,0.904635811392535,"Flavobacteriaceae","Family","Flavobacteriaceae","d__Bacteria;p__Bacteroidota;c__Flavobacteriia;o__Flavobacteriales;f__;g___f__Flavobacteriaceae",NA,NA
"X49546","PFBS",0.00119934789881857,0.00210415275309986,-0.00308667100370391,0.00548536680134105,0.572664290175108,40,0.00119093063672499,0.00208938539058127,0.769941943073373,"Flavobacteriaceae","Family","Flavobacteriaceae","d__Bacteria;p__Bacteroidota;c__Flavobacteriia;o__Flavobacteriales;f__;g___f__Flavobacteriaceae",NA,NA
"X543372","PFOS",0.0011292451355797,0.000802764415239955,-0.000505932468765813,0.00276442273992522,0.169155785622517,40,0.00101350313032024,0.000720485058665073,0.790677029081912,"Thermoanaerobacterales Family IV. Incertae Sedis","Family","Thermoanaerobacterales Family IV. Incertae Sedis","d__Bacteria;p__Bacillota;c__Clostridia;o__Thermoanaerobacterales;f__;g___f__Thermoanaerobacterales_Family_IV._Incertae_Sedis",NA,NA
"X543372","PFOA",-0.000544745835593055,0.000688983749699646,-0.00194815980845843,0.000858668137272322,0.434968398290759,40,-0.000467923805563118,0.000591820766797828,0.744203679763297,"Thermoanaerobacterales Family IV. Incertae Sedis","Family","Thermoanaerobacterales Family IV. Incertae Sedis","d__Bacteria;p__Bacillota;c__Clostridia;o__Thermoanaerobacterales;f__;g___f__Thermoanaerobacterales_Family_IV._Incertae_Sedis",NA,NA
"X543372","PFNA",1.27087473980422e-05,0.000546554491634918,-0.00110058632063101,0.00112600381542709,0.981593271330158,40,1.96771500929456e-05,0.00084623876996175,0.981593271330158,"Thermoanaerobacterales Family IV. Incertae Sedis","Family","Thermoanaerobacterales Family IV. Incertae Sedis","d__Bacteria;p__Bacillota;c__Clostridia;o__Thermoanaerobacterales;f__;g___f__Thermoanaerobacterales_Family_IV._Incertae_Sedis",NA,NA
"X543372","PFHxS",-4.06217369802098e-05,0.00086963722696119,-0.00181201480129164,0.00173077132733122,0.963033765535785,40,-4.0351671015936e-05,0.000863855607716742,0.97646909933213,"Thermoanaerobacterales Family IV. Incertae Sedis","Family","Thermoanaerobacterales Family IV. Incertae Sedis","d__Bacteria;p__Bacillota;c__Clostridia;o__Thermoanaerobacterales;f__;g___f__Thermoanaerobacterales_Family_IV._Incertae_Sedis",NA,NA
"X543372","PFBS",-0.000910045259833101,0.000595559173477168,-0.00212315959829228,0.00030306907862608,0.136325121971866,40,-0.000903658381199656,0.000591379420746264,0.581077586254293,"Thermoanaerobacterales Family IV. Incertae Sedis","Family","Thermoanaerobacterales Family IV. Incertae Sedis","d__Bacteria;p__Bacillota;c__Clostridia;o__Thermoanaerobacterales;f__;g___f__Thermoanaerobacterales_Family_IV._Incertae_Sedis",NA,NA
"X689704","PFOA",0.000446205718375646,0.00270770826320566,-0.0050692155273104,0.00596162696406169,0.870145143305612,40,0.000383280172447856,0.00232585744046034,0.943942249852083,"Rhabdochlamydiaceae","Family","Rhabdochlamydiaceae","d__Bacteria;p__Chlamydiota;c__Chlamydiia;o__Parachlamydiales;f__;g___f__Rhabdochlamydiaceae",NA,NA
"X689704","PFOS",0.00500668962117652,0.0030970324972499,-0.00130175913825132,0.0113151383806044,0.115780102257942,40,0.00449352885722137,0.0027796020826381,0.790677029081912,"Rhabdochlamydiaceae","Family","Rhabdochlamydiaceae","d__Bacteria;p__Chlamydiota;c__Chlamydiia;o__Parachlamydiales;f__;g___f__Rhabdochlamydiaceae",NA,NA
"X689704","PFNA",-0.00280093148489358,0.00206980334568238,-0.00701698293411931,0.00141511996433214,0.185463568762757,40,-0.00433672552471995,0.00320470852242663,0.674412977319115,"Rhabdochlamydiaceae","Family","Rhabdochlamydiaceae","d__Bacteria;p__Chlamydiota;c__Chlamydiia;o__Parachlamydiales;f__;g___f__Rhabdochlamydiaceae",NA,NA
"X689704","PFHxS",0.000550569228733591,0.00338492798958327,-0.00634430345845994,0.00744544191592712,0.871814332487067,40,0.000546908872955849,0.00336242393364027,0.9425019810671,"Rhabdochlamydiaceae","Family","Rhabdochlamydiaceae","d__Bacteria;p__Chlamydiota;c__Chlamydiia;o__Parachlamydiales;f__;g___f__Rhabdochlamydiaceae",NA,NA
"X689704","PFBS",0.00105861625574811,0.00239481571682654,-0.00381946372929818,0.0059366962407944,0.661429845118668,40,0.00105118667631588,0.00237800842381823,0.770237564049086,"Rhabdochlamydiaceae","Family","Rhabdochlamydiaceae","d__Bacteria;p__Chlamydiota;c__Chlamydiia;o__Parachlamydiales;f__;g___f__Rhabdochlamydiaceae",NA,NA
"X75682","PFBS",0.00420935503659245,0.00279145645119124,-0.0014766556856558,0.0098953657588407,0.141379645342191,40,0.00417981294574223,0.00277186545462084,0.581077586254293,"Oxalobacteraceae","Family","Oxalobacteraceae","d__Bacteria;p__Pseudomonadota;c__Betaproteobacteria;o__Burkholderiales;f__;g___f__Oxalobacteraceae",NA,NA
"X75682","PFHxS",0.00114657664682921,0.00406755918352048,-0.007138770280581,0.00943192357423941,0.779848090857266,40,0.00113895384803332,0.0040405167827075,0.939357662578988,"Oxalobacteraceae","Family","Oxalobacteraceae","d__Bacteria;p__Pseudomonadota;c__Betaproteobacteria;o__Burkholderiales;f__;g___f__Oxalobacteraceae",NA,NA
"X75682","PFNA",-0.0023397322885203,0.00252586846274474,-0.00748475798147937,0.00280529340443876,0.361219758151308,40,-0.00362264367813443,0.00391084119463437,0.831712421197423,"Oxalobacteraceae","Family","Oxalobacteraceae","d__Bacteria;p__Pseudomonadota;c__Betaproteobacteria;o__Burkholderiales;f__;g___f__Oxalobacteraceae",NA,NA
"X75682","PFOA",-0.000429386032751839,0.00325695436664766,-0.00706358498030444,0.00620481291480076,0.895938926850406,40,-0.000368832459787696,0.00279764686980678,0.943942249852083,"Oxalobacteraceae","Family","Oxalobacteraceae","d__Bacteria;p__Pseudomonadota;c__Betaproteobacteria;o__Burkholderiales;f__;g___f__Oxalobacteraceae",NA,NA
"X75682","PFOS",0.00176824310405326,0.00386116230255578,-0.0060966871345338,0.00963317334264031,0.65007860943093,40,0.0015870069878186,0.00346541238657263,0.880496296475679,"Oxalobacteraceae","Family","Oxalobacteraceae","d__Bacteria;p__Pseudomonadota;c__Betaproteobacteria;o__Burkholderiales;f__;g___f__Oxalobacteraceae",NA,NA
"X75787","PFOS",0.00469302740155992,0.00363735273307109,-0.00271601766235832,0.0121020724654782,0.20621610710155,40,0.00421201545377295,0.0032645421838846,0.790677029081912,"Rhodocyclaceae","Family","Rhodocyclaceae","d__Bacteria;p__Pseudomonadota;c__Betaproteobacteria;o__Rhodocyclales;f__;g___f__Rhodocyclaceae",NA,NA
"X75787","PFOA",-0.00296581544947655,0.0030934365804534,-0.00926693956608128,0.00333530866712817,0.344875713291641,40,-0.0025475654168262,0.00265718895385048,0.744203679763297,"Rhodocyclaceae","Family","Rhodocyclaceae","d__Bacteria;p__Pseudomonadota;c__Betaproteobacteria;o__Rhodocyclales;f__;g___f__Rhodocyclaceae",NA,NA
"X75787","PFNA",-0.00418099358866076,0.00235159058747108,-0.00897102686644752,0.000609039689126008,0.0849180687528758,40,-0.00647349701784099,0.00364100406574724,0.536220144718342,"Rhodocyclaceae","Family","Rhodocyclaceae","d__Bacteria;p__Pseudomonadota;c__Betaproteobacteria;o__Rhodocyclales;f__;g___f__Rhodocyclaceae",NA,NA
"X75787","PFHxS",-0.00122878913516633,0.00391621541332189,-0.00920585889073408,0.00674828062040142,0.755732400978276,40,-0.00122061976213239,0.00389017919304854,0.939357662578988,"Rhodocyclaceae","Family","Rhodocyclaceae","d__Bacteria;p__Pseudomonadota;c__Betaproteobacteria;o__Rhodocyclales;f__;g___f__Rhodocyclaceae",NA,NA
"X75787","PFBS",0.00150755835415248,0.00276947396901709,-0.00413367551718322,0.00714879222548818,0.589975195134395,40,0.00149697800978304,0.0027500372498787,0.769941943073373,"Rhodocyclaceae","Family","Rhodocyclaceae","d__Bacteria;p__Pseudomonadota;c__Betaproteobacteria;o__Rhodocyclales;f__;g___f__Rhodocyclaceae",NA,NA
"X84642","PFOS",-0.00279451103143127,0.00181267278226526,-0.00648680466240998,0.000897782599547436,0.132990206846249,40,-0.00250808756117961,0.00162688284517518,0.790677029081912,"Aeromonadaceae","Family","Aeromonadaceae","d__Bacteria;p__Pseudomonadota;c__Gammaproteobacteria;o__Aeromonadales;f__;g___f__Aeromonadaceae",NA,NA
"X84642","PFOA",-0.00101190052145829,0.00156988670799056,-0.00420965510241907,0.00218585405950249,0.523800588699998,40,-0.000869198646257816,0.00134849560053298,0.744203679763297,"Aeromonadaceae","Family","Aeromonadaceae","d__Bacteria;p__Pseudomonadota;c__Gammaproteobacteria;o__Aeromonadales;f__;g___f__Aeromonadaceae",NA,NA
"X84642","PFNA",-0.000344203256799085,0.00123986429662055,-0.00286972418395118,0.00218131767035301,0.783094677020263,40,-0.00053293522440769,0.00191970106064467,0.981593271330158,"Aeromonadaceae","Family","Aeromonadaceae","d__Bacteria;p__Pseudomonadota;c__Gammaproteobacteria;o__Aeromonadales;f__;g___f__Aeromonadaceae",NA,NA
"X84642","PFBS",-0.00205173557621752,0.00135336835302209,-0.00480845670047189,0.000704985548036858,0.139331067104322,40,-0.0020373360878716,0.00134387014474761,0.581077586254293,"Aeromonadaceae","Family","Aeromonadaceae","d__Bacteria;p__Pseudomonadota;c__Gammaproteobacteria;o__Aeromonadales;f__;g___f__Aeromonadaceae",NA,NA
"X84642","PFHxS",-0.00413901252585583,0.00183468797308288,-0.00787614963307358,-0.000401875418638072,0.0310396368288136,40,-0.00411149508095973,0.00182249039578988,0.657698263333819,"Aeromonadaceae","Family","Aeromonadaceae","d__Bacteria;p__Pseudomonadota;c__Gammaproteobacteria;o__Aeromonadales;f__;g___f__Aeromonadaceae",NA,NA
"X85017","PFOS",-0.000171327070210594,0.000798841006957546,-0.00179851295340566,0.00145585881298447,0.831541782155862,40,-0.000153766898343019,0.000716963780201735,0.923935313506513,"Promicromonosporaceae","Family","Promicromonosporaceae","d__Bacteria;p__Actinomycetota;c__Actinomycetes;o__Micrococcales;f__;g___f__Promicromonosporaceae",NA,NA
"X85017","PFOA",-0.000534506070736678,0.000665630353285223,-0.00189035073176248,0.00082133859028912,0.427894828115782,40,-0.000459128089420652,0.000571760750898552,0.744203679763297,"Promicromonosporaceae","Family","Promicromonosporaceae","d__Bacteria;p__Actinomycetota;c__Actinomycetes;o__Micrococcales;f__;g___f__Promicromonosporaceae",NA,NA
"X85017","PFNA",9.04731651990665e-05,0.000527950388107109,-0.000984926584029005,0.00116587291442714,0.86501443461236,40,0.000140081000530402,0.000817433748821918,0.981593271330158,"Promicromonosporaceae","Family","Promicromonosporaceae","d__Bacteria;p__Actinomycetota;c__Actinomycetes;o__Micrococcales;f__;g___f__Promicromonosporaceae",NA,NA
"X85017","PFBS",-0.00115766399012886,0.000559949095875611,-0.00229824297415823,-1.70850060994955e-05,0.0468589676103899,40,-0.00114953927399703,0.000556019261751843,0.581077586254293,"Promicromonosporaceae","Family","Promicromonosporaceae","d__Bacteria;p__Actinomycetota;c__Actinomycetes;o__Micrococcales;f__;g___f__Promicromonosporaceae",NA,NA
"X85017","PFHxS",0.000385779937121238,0.000837671209208348,-0.00132050047977179,0.00209206035401426,0.648244167993008,40,0.000383215151898811,0.00083210211000982,0.939357662578988,"Promicromonosporaceae","Family","Promicromonosporaceae","d__Bacteria;p__Actinomycetota;c__Actinomycetes;o__Micrococcales;f__;g___f__Promicromonosporaceae",NA,NA
"X85025","PFOS",-0.000383157870026925,0.00070723217381673,-0.00182374266644199,0.00105742692638814,0.591728959766265,40,-0.000343886095625971,0.000634744396448943,0.880496296475679,"Nocardiaceae","Family","Nocardiaceae","d__Bacteria;p__Actinomycetota;c__Actinomycetes;o__Mycobacteriales;f__;g___f__Nocardiaceae",NA,NA
"X85025","PFOA",0.000951407087627562,0.000573340366641794,-0.000216449022336748,0.00211926319759187,0.106803766618519,40,0.000817236215487074,0.000492485832314644,0.744203679763297,"Nocardiaceae","Family","Nocardiaceae","d__Bacteria;p__Actinomycetota;c__Actinomycetes;o__Mycobacteriales;f__;g___f__Nocardiaceae",NA,NA
"X85025","PFNA",5.78515587391829e-05,0.000469311979530912,-0.000898105660852596,0.00101380877833096,0.902665182127967,40,8.95724628689308e-05,0.000726642994184443,0.981593271330158,"Nocardiaceae","Family","Nocardiaceae","d__Bacteria;p__Actinomycetota;c__Actinomycetes;o__Mycobacteriales;f__;g___f__Nocardiaceae",NA,NA
"X85025","PFHxS",-0.000217644647115946,0.000745939489523362,-0.00173707366552969,0.0013017843712978,0.772343747360784,40,-0.00021619767768869,0.000740980251378863,0.939357662578988,"Nocardiaceae","Family","Nocardiaceae","d__Bacteria;p__Actinomycetota;c__Actinomycetes;o__Mycobacteriales;f__;g___f__Nocardiaceae",NA,NA
"X85025","PFBS",-0.000707994277781281,0.000514846961081819,-0.00175670321958794,0.000340714664025382,0.178635410157494,40,-0.000703025433126025,0.00051123366271045,0.581077586254293,"Nocardiaceae","Family","Nocardiaceae","d__Bacteria;p__Actinomycetota;c__Actinomycetes;o__Mycobacteriales;f__;g___f__Nocardiaceae",NA,NA
"X85034","PFOS",0.000278317577916458,0.000727052109619844,-0.00120263910660121,0.00175927426243413,0.704397037180543,40,0.000249791411584583,0.000652532887491582,0.880496296475679,"Glycomycetaceae","Family","Glycomycetaceae","d__Bacteria;p__Actinomycetota;c__Actinomycetes;o__Glycomycetales;f__;g___f__Glycomycetaceae",NA,NA
"X85034","PFOA",-0.000278004211641531,0.000610871375085178,-0.00152230848411785,0.00096630006083479,0.652113988794448,40,-0.000238799051180004,0.000524724082063411,0.824010274239623,"Glycomycetaceae","Family","Glycomycetaceae","d__Bacteria;p__Actinomycetota;c__Actinomycetes;o__Glycomycetales;f__;g___f__Glycomycetaceae",NA,NA
"X85034","PFNA",0.000765744111370489,0.000462059002265022,-0.00017543927698904,0.00170692749973002,0.107244028943668,40,0.00118561344720311,0.00071541309734161,0.536220144718342,"Glycomycetaceae","Family","Glycomycetaceae","d__Bacteria;p__Actinomycetota;c__Actinomycetes;o__Glycomycetales;f__;g___f__Glycomycetaceae",NA,NA
"X85034","PFHxS",-0.00106392948297547,0.000742669235213484,-0.00257669721134383,0.000448838245392889,0.16167662961239,40,-0.00105685614827589,0.000737731738738576,0.904635811392535,"Glycomycetaceae","Family","Glycomycetaceae","d__Bacteria;p__Actinomycetota;c__Actinomycetes;o__Glycomycetales;f__;g___f__Glycomycetaceae",NA,NA
"X85034","PFBS",-0.00102683409372409,0.00051223723733808,-0.00207022720221991,1.6559014771735e-05,0.0535281078520823,40,-0.00101962756782613,0.000508642254526995,0.581077586254293,"Glycomycetaceae","Family","Glycomycetaceae","d__Bacteria;p__Actinomycetota;c__Actinomycetes;o__Glycomycetales;f__;g___f__Glycomycetaceae",NA,NA
"X1096778","Mixture",0.00224856065702483,NA,-0.0016225299762891,0.00611965129033876,0.26492792018173,40,0.00419245839852573,NA,0.883093067272433,"Thioalkalispiraceae","Family","Thioalkalispiraceae","d__Bacteria;p__Pseudomonadota;c__Gammaproteobacteria;o__Chromatiales;f__;g___f__Thioalkalispiraceae",-0.00038380513509734,0.0087687219321488
"X1106","Mixture",2.01538094760556e-05,NA,-0.00252345084881047,0.00256375846776258,0.987723989252686,40,-0.00151884046756486,NA,0.996659569884322,"Chloroflexaceae","Family","Chloroflexaceae","d__Bacteria;p__Chloroflexota;c__Chloroflexia;o__Chloroflexales;f__;g___f__Chloroflexaceae",-0.00477513260728217,0.00173745167215245
"X1185","Mixture",-0.000554755269734,NA,-0.00276029745355951,0.00165078691409151,0.626008522045499,40,-0.000580278229081021,NA,0.913931117263173,"Rivulariaceae","Family","Rivulariaceae","d__Bacteria;p__Cyanobacteriota;c__Cyanophyceae;o__Nostocales;f__;g___f__Rivulariaceae",-0.0033774850138051,0.00221692855564306
"X119060","Mixture",0.000305908286585104,NA,-0.00187730712770594,0.00248912370087615,0.785693504471508,40,6.8910928807571e-05,NA,0.913931117263173,"Burkholderiaceae","Family","Burkholderiaceae","d__Bacteria;p__Pseudomonadota;c__Betaproteobacteria;o__Burkholderiales;f__;g___f__Burkholderiaceae",-0.00293803592560838,0.00307585778322352
"X1706371","Mixture",0.00217246875672229,NA,-0.00137209556534016,0.00571703307878473,0.240080494444073,40,0.00312092808283771,NA,0.883093067272433,"Cellvibrionaceae","Family","Cellvibrionaceae","d__Bacteria;p__Pseudomonadota;c__Gammaproteobacteria;o__Cellvibrionales;f__;g___f__Cellvibrionaceae",-0.000705885939947955,0.00694774210562338
"X1706373","Mixture",-0.00016173659401043,NA,-0.00497541520751964,0.00465194201949878,0.947979608751631,40,0.000441642226295518,NA,0.996659569884322,"Microbulbiferaceae","Family","Microbulbiferaceae","d__Bacteria;p__Pseudomonadota;c__Gammaproteobacteria;o__Cellvibrionales;f__;g___f__Microbulbiferaceae",-0.00547920697330213,0.00636249142589317
"X1769717","Mixture",0.000432839619195197,NA,-0.00798970076336135,0.00885538000175175,0.920513969032662,40,0.00291024929392511,NA,0.995150236792067,"Mesoaciditogaceae","Family","Mesoaciditogaceae","d__Bacteria;p__Thermotogota;c__Thermotogae;o__Mesoaciditogales;f__;g___f__Mesoaciditogaceae",-0.00856404456094855,0.0143845431487988
"X1775411","Mixture",-0.00161000276655017,NA,-0.00859599368236107,0.00537598814926073,0.655095318819925,40,-0.00381998868731037,NA,0.913931117263173,"Rhodanobacteraceae","Family","Rhodanobacteraceae","d__Bacteria;p__Pseudomonadota;c__Gammaproteobacteria;o__Xanthomonadales;f__;g___f__Rhodanobacteraceae",-0.0145553111571932,0.00691533378257243
"X1783343","Mixture",0.00374979836278791,NA,-0.00400856583146405,0.0115081625570399,0.351889668908131,40,0.00314639041155281,NA,0.884359989312973,"Endomicrobiaceae","Family","Endomicrobiaceae","d__Bacteria;p__Elusimicrobiota;c__Endomicrobiia;o__Endomicrobiales;f__;g___f__Endomicrobiaceae",-0.00763011714162921,0.0139228979647348
"X186827","Mixture",0.000175848758243001,NA,-0.00134598605888063,0.00169768357536663,0.822538005536856,40,-0.000277807219380043,NA,0.913931117263173,"Aerococcaceae","Family","Aerococcaceae","d__Bacteria;p__Bacillota;c__Bacilli;o__Lactobacillales;f__;g___f__Aerococcaceae",-0.00243966823233338,0.0018840537935733
"X188709","Mixture",-0.00541290957837778,NA,-0.0111553464700975,0.000329527313341982,0.0756607819062711,40,-0.00676122677183801,NA,0.883093067272433,"Thermotogaceae","Family","Thermotogaceae","d__Bacteria;p__Thermotogota;c__Thermotogae;o__Thermotogales;f__;g___f__Thermotogaceae",-0.0146476394901663,0.00112518594649029
"X1890438","Mixture",-0.00120076406951405,NA,-0.00731230579378329,0.0049107776547552,0.703192434682402,40,-0.000589356660477159,NA,0.913931117263173,"Leptolyngbyaceae","Family","Leptolyngbyaceae","d__Bacteria;p__Cyanobacteriota;c__Cyanophyceae;o__Leptolyngbyales;f__;g___f__Leptolyngbyaceae",-0.00916472452234968,0.00798601120139537
"X1892251","Mixture",0.00418254577402087,NA,-0.00174676425259945,0.0101118558006412,0.178129013878437,40,0.00258304293873327,NA,0.883093067272433,"Coleofasciculaceae","Family","Coleofasciculaceae","d__Bacteria;p__Cyanobacteriota;c__Cyanophyceae;o__Coleofasciculales;f__;g___f__Coleofasciculaceae",-0.00446782238725636,0.00963390826472291
"X2066474","Mixture",0.00142380722731653,NA,-0.00476440824032975,0.0076120226949628,0.655622451164989,40,0.00383385887990508,NA,0.913931117263173,"Endozoicomonadaceae","Family","Endozoicomonadaceae","d__Bacteria;p__Pseudomonadota;c__Gammaproteobacteria;o__Oceanospirillales;f__;g___f__Endozoicomonadaceae",-0.00351968055880576,0.0111873983186159
"X213121","Mixture",0.00403425115996034,NA,-0.00211020699093392,0.0101787093108546,0.209071052261548,40,0.00524814221077387,NA,0.883093067272433,"Desulfobulbaceae","Family","Desulfobulbaceae","d__Bacteria;p__Thermodesulfobacteriota;c__Desulfobulbia;o__Desulfobulbales;f__;g___f__Desulfobulbaceae",-0.002648681865835,0.0131449662873827
"X2162846","Mixture",0.00182768562822082,NA,-0.00251059798032284,0.00616596923676447,0.416200911444598,40,0.00250317633461406,NA,0.884359989312973,"Candidatus Nanopelagicaceae","Family","Candidatus Nanopelagicaceae","d__Bacteria;p__Actinomycetota;c__Actinomycetes;o__Candidatus Nanopelagicales;f__;g___f__Candidatus_Nanopelagicaceae",-0.00372550112960133,0.00873185379882945
"X2211325","Mixture",-7.3874260473646e-06,NA,-0.00343393874694048,0.00341916389484575,0.996659569884322,40,0.000651829183557968,NA,0.996659569884322,"Vicinamibacteraceae","Family","Vicinamibacteraceae","d__Bacteria;p__Acidobacteriota;c__Vicinamibacteria;o__Vicinamibacterales;f__;g___f__Vicinamibacteraceae",-0.00403647362551604,0.00534013199263197
"X2448023","Mixture",-0.000952636356826553,NA,-0.00304033227305335,0.00113505955940024,0.379037650734192,40,-0.000961471031152648,NA,0.884359989312973,"Ilumatobacteraceae","Family","Ilumatobacteraceae","d__Bacteria;p__Actinomycetota;c__Acidimicrobiia;o__Acidimicrobiales;f__;g___f__Ilumatobacteraceae",-0.0037504514660416,0.0018275094037363
"X255474","Mixture",0.00893333161122269,NA,-0.00420925274500114,0.0220759159674465,0.193919279989618,40,0.0134414375861873,NA,0.883093067272433,"Parvularculaceae","Family","Parvularculaceae","d__Bacteria;p__Pseudomonadota;c__Alphaproteobacteria;o__Parvularculales;f__;g___f__Parvularculaceae",-0.00633803480991935,0.033220909982294
"X267890","Mixture",-0.00192697067996765,NA,-0.00496606290961751,0.0011121215496822,0.224649513987035,40,-0.00327805770162999,NA,0.883093067272433,"Shewanellaceae","Family","Shewanellaceae","d__Bacteria;p__Pseudomonadota;c__Gammaproteobacteria;o__Alteromonadales;f__;g___f__Shewanellaceae",-0.00769237861880176,0.00113626321554179
"X2807496","Mixture",-0.00167741424515277,NA,-0.0040004934356953,0.000645664945389758,0.168434831521096,40,-0.00205099349226503,NA,0.883093067272433,"Natranaerofabaceae","Family","Natranaerofabaceae","d__Bacteria;p__Bacillota;c__Clostridia;o__Natranaerobiales;f__;g___f__Natranaerofabaceae",-0.00552960272980951,0.00142761574527944
"X28256","Mixture",0.00105987334944605,NA,-0.00531421632472001,0.0074339630236121,0.747012741534801,40,0.00565555231153838,NA,0.913931117263173,"Halomonadaceae","Family","Halomonadaceae","d__Bacteria;p__Pseudomonadota;c__Gammaproteobacteria;o__Oceanospirillales;f__;g___f__Halomonadaceae",-0.00324586640607841,0.0145569710291552
"X2881384","Mixture",-0.00340112625867311,NA,-0.00848291584930403,0.00168066333195781,0.200646159627378,40,-0.0037284733972352,NA,0.883093067272433,"Thermostichaceae","Family","Thermostichaceae","d__Bacteria;p__Cyanobacteriota;c__Cyanophyceae;o__Thermostichales;f__;g___f__Thermostichaceae",-0.0110018858242921,0.00354493902982172
"X2897348","Mixture",-0.000748145586490258,NA,-0.00479090054903099,0.00329460937605047,0.719647202313733,40,-0.000139285350713874,NA,0.913931117263173,"Candidatus Uabimicrobiaceae","Family","Candidatus Uabimicrobiaceae","d__Bacteria;p__Planctomycetota;c__Candidatus Uabimicrobiia;o__Candidatus Uabimicrobiales;f__;g___f__Candidatus_Uabimicrobiaceae",-0.00553094852021098,0.00525237781878323
"X2931039","Mixture",-0.000999999922096451,NA,-0.00324019682905126,0.00124019698485835,0.389341154083896,40,-0.00118573394416376,NA,0.884359989312973,"Desulfococcaceae","Family","Desulfococcaceae","d__Bacteria;p__Thermodesulfobacteriota;c__Desulfobacteria;o__Desulfobacterales;f__;g___f__Desulfococcaceae",-0.00408906342005391,0.00171759553172638
"X2934961","Mixture",-0.00801689277506936,NA,-0.0232062308586413,0.00717244530850256,0.310096437576175,40,-0.0115568713847731,NA,0.884359989312973,"Sirenicapillariaceae","Family","Sirenicapillariaceae","d__Bacteria;p__Cyanobacteriota;c__Cyanophyceae;o__Oscillatoriales;f__;g___f__Sirenicapillariaceae",-0.0331751768277073,0.0100614340581612
"X2937911","Mixture",0.00266198201054669,NA,-0.000977562859591522,0.00630152688068491,0.163186695239513,40,0.00177992524669236,NA,0.883093067272433,"Thermincolaceae","Family","Thermincolaceae","d__Bacteria;p__Bacillota;c__Clostridia;o__Eubacteriales;f__;g___f__Thermincolaceae",-0.003252367759194,0.00681221825257871
"X403","Mixture",0.00114476309774777,NA,-0.00212602513723375,0.00441555133272929,0.498574557298418,40,-0.000123949991594261,NA,0.913931117263173,"Methylococcaceae","Family","Methylococcaceae","d__Bacteria;p__Pseudomonadota;c__Gammaproteobacteria;o__Methylococcales;f__;g___f__Methylococcaceae",-0.00500882236554355,0.00476092238235503
"X433","Mixture",0.000982867443035808,NA,-0.00304686357362191,0.00501259845969353,0.636467457159904,40,-0.00050797525356893,NA,0.913931117263173,"Acetobacteraceae","Family","Acetobacteraceae","d__Bacteria;p__Pseudomonadota;c__Alphaproteobacteria;o__Rhodospirillales;f__;g___f__Acetobacteraceae",-0.00694607558293135,0.00593012507579349
"X453228","Mixture",-0.00290443443980854,NA,-0.00985681616821359,0.00404794728859651,0.420070994923662,40,-0.0042643412282292,NA,0.884359989312973,"Desulfarculaceae","Family","Desulfarculaceae","d__Bacteria;p__Thermodesulfobacteriota;c__Desulfarculia;o__Desulfarculales;f__;g___f__Desulfarculaceae",-0.0124750374601128,0.00394635500365438
"X45404","Mixture",-0.000746743063050755,NA,-0.00675743826075524,0.00526395213465373,0.809460579351496,40,0.00269839251601936,NA,0.913931117263173,"Beijerinckiaceae","Family","Beijerinckiaceae","d__Bacteria;p__Pseudomonadota;c__Alphaproteobacteria;o__Hyphomicrobiales;f__;g___f__Beijerinckiaceae",-0.00550250408105705,0.0108992891130958
"X49546","Mixture",0.0047778959071202,NA,-0.00439142702312613,0.0139472188373665,0.31618300713363,40,0.00900085840568517,NA,0.884359989312973,"Flavobacteriaceae","Family","Flavobacteriaceae","d__Bacteria;p__Bacteroidota;c__Flavobacteriia;o__Flavobacteriales;f__;g___f__Flavobacteriaceae",-0.0033395087946746,0.0213412256060449
"X543372","Mixture",-0.000435195251375982,NA,-0.00351878016747877,0.0026483896647268,0.784182018757957,40,-0.00050711079512825,NA,0.913931117263173,"Thermoanaerobacterales Family IV. Incertae Sedis","Family","Thermoanaerobacterales Family IV. Incertae Sedis","d__Bacteria;p__Bacillota;c__Clostridia;o__Thermoanaerobacterales;f__;g___f__Thermoanaerobacterales_Family_IV._Incertae_Sedis",-0.00440430077757212,0.00339007918731562
"X689704","Mixture",0.00252152100879365,NA,-0.00725720702503489,0.0123002490426222,0.617384558587092,40,-6.84849142198956e-05,NA,0.913931117263173,"Rhabdochlamydiaceae","Family","Rhabdochlamydiaceae","d__Bacteria;p__Chlamydiota;c__Chlamydiia;o__Parachlamydiales;f__;g___f__Rhabdochlamydiaceae",-0.0149698306509733,0.0148328608225335
"X75682","Mixture",0.00227387237489507,NA,-0.0129019096022532,0.0174496543520433,0.771253900903345,40,0.00061634732005495,NA,0.913931117263173,"Oxalobacteraceae","Family","Oxalobacteraceae","d__Bacteria;p__Pseudomonadota;c__Betaproteobacteria;o__Burkholderiales;f__;g___f__Oxalobacteraceae",-0.0205503426045616,0.0217830372446715
"X75787","Mixture",-0.00465614385807822,NA,-0.0178707915663804,0.00855850385022393,0.495719060823607,40,-0.00856046380543568,NA,0.913931117263173,"Rhodocyclaceae","Family","Rhodocyclaceae","d__Bacteria;p__Pseudomonadota;c__Betaproteobacteria;o__Rhodocyclales;f__;g___f__Rhodocyclaceae",-0.0255988445732178,0.00847791696234641
"X84642","Mixture",-0.00799975068284744,NA,-0.0130831868945426,-0.00291631447115229,0.00466737873633827,40,-0.00995763380066112,NA,0.186695149453531,"Aeromonadaceae","Family","Aeromonadaceae","d__Bacteria;p__Pseudomonadota;c__Gammaproteobacteria;o__Aeromonadales;f__;g___f__Aeromonadaceae",-0.017042811305309,-0.00287245629601326
"X85017","Mixture",-0.000920300806586649,NA,-0.00397621873056,0.0021356171173867,0.559931081503397,40,-0.00119313538918288,NA,0.913931117263173,"Promicromonosporaceae","Family","Promicromonosporaceae","d__Bacteria;p__Actinomycetota;c__Actinomycetes;o__Micrococcales;f__;g___f__Promicromonosporaceae",-0.00530676995475667,0.00292049917639092
"X85025","Mixture",0.000576631476133773,NA,-0.00161849062298422,0.00277175357525176,0.610841461522118,40,7.52785751539016e-05,NA,0.913931117263173,"Nocardiaceae","Family","Nocardiaceae","d__Bacteria;p__Actinomycetota;c__Actinomycetes;o__Mycobacteriales;f__;g___f__Nocardiaceae",-0.003096885091119,0.00324744224142681
"X85034","Mixture",-0.00117329668826334,NA,-0.00316569004246633,0.000819096665939645,0.258532711256031,40,-0.000336941335273915,NA,0.883093067272433,"Glycomycetaceae","Family","Glycomycetaceae","d__Bacteria;p__Actinomycetota;c__Actinomycetes;o__Glycomycetales;f__;g___f__Glycomycetaceae",-0.00312434425023409,0.00245046157968626
"X1161","PFOA",-0.001584442683016,0.000794655073494493,-0.00320310209876668,3.42167327346669e-05,0.0547465689622795,40,-0.0013609988392593,0.000682589937919891,0.372869650614343,"Nostocales","Order","Nostocales","d__Bacteria;p__Cyanobacteriota;c__Cyanophyceae;o__;f__;g___o__Nostocales",NA,NA
"X1161","PFBS",-0.000916711046034728,0.000729377236907453,-0.00240240385985232,0.000568981767782861,0.217908330885206,40,-0.000910277385587954,0.000724258322392168,0.705326865424196,"Nostocales","Order","Nostocales","d__Bacteria;p__Cyanobacteriota;c__Cyanophyceae;o__;f__;g___o__Nostocales",NA,NA
"X1161","PFNA",-0.000807820133809185,0.000646377095605272,-0.00212444719229646,0.000508806924678093,0.220448555477095,40,-0.00125076040330422,0.00100079565109827,0.688901735865923,"Nostocales","Order","Nostocales","d__Bacteria;p__Cyanobacteriota;c__Cyanophyceae;o__;f__;g___o__Nostocales",NA,NA
"X1161","PFOS",-7.62994047716721e-06,0.00100187583231255,-0.00204838422932145,0.00203312434836711,0.99397092609302,40,-6.84790955844704e-06,0.000899188546621196,0.99397092609302,"Nostocales","Order","Nostocales","d__Bacteria;p__Cyanobacteriota;c__Cyanophyceae;o__;f__;g___o__Nostocales",NA,NA
"X1161","PFHxS",0.00016863028071945,0.00105287333913133,-0.00197600253019734,0.00231326309163624,0.873760232226498,40,0.000167509174071783,0.00104587350912088,0.967212835584732,"Nostocales","Order","Nostocales","d__Bacteria;p__Cyanobacteriota;c__Cyanophyceae;o__;f__;g___o__Nostocales",NA,NA
"X1643687","PFNA",-0.000142226153407328,0.000519765527597954,-0.00120095388735273,0.000916501580538076,0.786123458472285,40,-0.000220210952353134,0.000804761002745206,0.893322111900324,"Brevinematales","Order","Brevinematales","d__Bacteria;p__Spirochaetota;c__Spirochaetia;o__;f__;g___o__Brevinematales",NA,NA
"X1643687","PFOA",0.000146390638431907,0.000661844890414358,-0.0012017432870518,0.00149452456391561,0.826353170872827,40,0.000125746100581564,0.000568509127707298,0.910491442534421,"Brevinematales","Order","Brevinematales","d__Bacteria;p__Spirochaetota;c__Spirochaetia;o__;f__;g___o__Brevinematales",NA,NA
"X1643687","PFBS",0.000166431085025874,0.00058661125470207,-0.00102845693932574,0.00136131910937749,0.778455550114685,40,0.000165263038569495,0.000582494300244791,0.940912460651749,"Brevinematales","Order","Brevinematales","d__Bacteria;p__Spirochaetota;c__Spirochaetia;o__;f__;g___o__Brevinematales",NA,NA
"X1643687","PFOS",-0.00162542863913245,0.000733293881592827,-0.00311909939710416,-0.000131757881160737,0.0338787567059741,40,-0.00145883029465273,0.000658134908907521,0.45036462370032,"Brevinematales","Order","Brevinematales","d__Bacteria;p__Spirochaetota;c__Spirochaetia;o__;f__;g___o__Brevinematales",NA,NA
"X1643687","PFHxS",-0.000423143495681597,0.000824615086308313,-0.00210282946050323,0.00125654246914003,0.611377617640636,40,-0.000420330305880207,0.000819132788282822,0.967212835584732,"Brevinematales","Order","Brevinematales","d__Bacteria;p__Spirochaetota;c__Spirochaetia;o__;f__;g___o__Brevinematales",NA,NA
"X1643822","PFNA",0.000354902097982251,0.00050213113118317,-0.000667905545914086,0.00137770974187859,0.484811212317189,40,0.000549500405631937,0.000777457394121616,0.757517519245608,"Eggerthellales","Order","Eggerthellales","d__Bacteria;p__Actinomycetota;c__Coriobacteriia;o__;f__;g___o__Eggerthellales",NA,NA
"X1643822","PFHxS",-0.000670359526411443,0.0007964186210371,-0.00229261117095443,0.00095189211813154,0.406192715410037,40,-0.000665902767410747,0.000791123781898124,0.967212835584732,"Eggerthellales","Order","Eggerthellales","d__Bacteria;p__Actinomycetota;c__Coriobacteriia;o__;f__;g___o__Eggerthellales",NA,NA
"X1643822","PFBS",0.00036662805356389,0.000567476252235153,-0.00078928324623567,0.00152253935336345,0.522842163337465,40,0.000364054984964908,0.00056349359103097,0.871403605562441,"Eggerthellales","Order","Eggerthellales","d__Bacteria;p__Actinomycetota;c__Coriobacteriia;o__;f__;g___o__Eggerthellales",NA,NA
"X1643822","PFOA",0.00122947370018142,0.000606323479228042,-5.56681158092186e-06,0.00246451421194375,0.0509806738462714,40,0.00105608886757682,0.000520817546946058,0.372869650614343,"Eggerthellales","Order","Eggerthellales","d__Bacteria;p__Actinomycetota;c__Coriobacteriia;o__;f__;g___o__Eggerthellales",NA,NA
"X1643822","PFOS",0.000735348174591411,0.000754767772012148,-0.000802063466789225,0.00227275981597205,0.337229890124,40,0.000659978647099575,0.000677407832451232,0.766431568463638,"Eggerthellales","Order","Eggerthellales","d__Bacteria;p__Actinomycetota;c__Coriobacteriia;o__;f__;g___o__Eggerthellales",NA,NA
"X1643946","PFHxS",0.00101355328792651,0.00127097283020938,-0.00157533364855882,0.00360244022441185,0.431060349472348,40,0.00100681486986773,0.00126252300682729,0.967212835584732,"Kosmotogales","Order","Kosmotogales","d__Bacteria;p__Thermotogota;c__Thermotogae;o__;f__;g___o__Kosmotogales",NA,NA
"X1643946","PFOA",0.000995271025573667,0.00101156780857704,-0.00106522517288778,0.00305576722403511,0.332550816582415,40,0.000854914302091225,0.000868912853751696,0.653295337615155,"Kosmotogales","Order","Kosmotogales","d__Bacteria;p__Thermotogota;c__Thermotogae;o__;f__;g___o__Kosmotogales",NA,NA
"X1643946","PFNA",-0.00126364460037686,0.00077511910690812,-0.00284251055439102,0.000315221353637308,0.112852268377178,40,-0.00195652047263022,0.0012001288977457,0.453792122623854,"Kosmotogales","Order","Kosmotogales","d__Bacteria;p__Thermotogota;c__Thermotogae;o__;f__;g___o__Kosmotogales",NA,NA
"X1643946","PFOS",0.00196403853104691,0.00117047283627498,-0.000420136616775909,0.00434821367886973,0.103091628085503,40,0.00176273435817259,0.0010505051969168,0.45036462370032,"Kosmotogales","Order","Kosmotogales","d__Bacteria;p__Thermotogota;c__Thermotogae;o__;f__;g___o__Kosmotogales",NA,NA
"X1643946","PFBS",-4.42164036560318e-05,0.000910455118525886,-0.00189875279230533,0.00181031998499326,0.961567685470719,40,-4.3906084140923e-05,0.000904065363422618,0.961567685470719,"Kosmotogales","Order","Kosmotogales","d__Bacteria;p__Thermotogota;c__Thermotogae;o__;f__;g___o__Kosmotogales",NA,NA
"X1663425","PFBS",-0.000580008759942219,0.000738444874514715,-0.00208417174714845,0.000924154227264014,0.437969148082871,40,-0.000575938143106343,0.00073326232151523,0.842248361697828,"Fimbriimonadales","Order","Fimbriimonadales","d__Bacteria;p__Armatimonadota;c__Fimbriimonadia;o__;f__;g___o__Fimbriimonadales",NA,NA
"X1663425","PFHxS",0.000160257013879417,0.00105061019186485,-0.0019797659169091,0.00230027994466794,0.879721089706176,40,0.000159191575318627,0.00104362540796257,0.967212835584732,"Fimbriimonadales","Order","Fimbriimonadales","d__Bacteria;p__Armatimonadota;c__Fimbriimonadia;o__;f__;g___o__Fimbriimonadales",NA,NA
"X1663425","PFOS",-0.000621569320922943,0.000993629055505336,-0.00264552547511253,0.00140238683326664,0.536043335623701,40,-0.00055786155956566,0.000891787023386052,0.776096168655223,"Fimbriimonadales","Order","Fimbriimonadales","d__Bacteria;p__Armatimonadota;c__Fimbriimonadia;o__;f__;g___o__Fimbriimonadales",NA,NA
"X1663425","PFOA",-0.000132361220629918,0.000840404491442396,-0.00184420915124256,0.00157948670998273,0.875842747792629,40,-0.000113695162072608,0.00072188760730946,0.910491442534421,"Fimbriimonadales","Order","Fimbriimonadales","d__Bacteria;p__Armatimonadota;c__Fimbriimonadia;o__;f__;g___o__Fimbriimonadales",NA,NA
"X1663425","PFNA",0.00113832449252635,0.000629117475813884,-0.000143145870912405,0.0024197948559651,0.079791833148561,40,0.00176248541200588,0.000974072314915305,0.398959165742805,"Fimbriimonadales","Order","Fimbriimonadales","d__Bacteria;p__Armatimonadota;c__Fimbriimonadia;o__;f__;g___o__Fimbriimonadales",NA,NA
"X1769716","PFBS",-0.00223270186066271,0.00124835621200857,-0.00477552025341852,0.000310116532093101,0.0831651346402076,40,-0.00221703231493997,0.00123959499982571,0.705326865424196,"Mesoaciditogales","Order","Mesoaciditogales","d__Bacteria;p__Thermotogota;c__Thermotogae;o__;f__;g___o__Mesoaciditogales",NA,NA
"X1769716","PFNA",-3.61618216122101e-05,0.00115995140825694,-0.00239890552188427,0.00232658187865985,0.975323381375492,40,-5.59899075189265e-05,0.00179597070001655,0.975323381375492,"Mesoaciditogales","Order","Mesoaciditogales","d__Bacteria;p__Thermotogota;c__Thermotogae;o__;f__;g___o__Mesoaciditogales",NA,NA
"X1769716","PFHxS",-0.00140294033495355,0.00182896630412021,-0.00512842278388099,0.0023225421139739,0.448664213421043,40,-0.00139361315048178,0.00181680676626521,0.967212835584732,"Mesoaciditogales","Order","Mesoaciditogales","d__Bacteria;p__Thermotogota;c__Thermotogae;o__;f__;g___o__Mesoaciditogales",NA,NA
"X1769716","PFOA",-0.00202014129756553,0.00143261317221243,-0.00493827883632519,0.000897996241194124,0.168153892008691,40,-0.00173525365770438,0.00123058087577979,0.520725283561429,"Mesoaciditogales","Order","Mesoaciditogales","d__Bacteria;p__Thermotogota;c__Thermotogae;o__;f__;g___o__Mesoaciditogales",NA,NA
"X1769716","PFOS",0.000183278643353786,0.00175530415033514,-0.00339215890837776,0.00375871619508533,0.917492378965916,40,0.000164493494731373,0.00157539421244929,0.99397092609302,"Mesoaciditogales","Order","Mesoaciditogales","d__Bacteria;p__Thermotogota;c__Thermotogae;o__;f__;g___o__Mesoaciditogales",NA,NA
"X1779134","PFOA",-0.000192758044947783,0.00102312504084293,-0.00227679555516973,0.00189127946527416,0.851751838900186,40,-0.000165574607553775,0.000878840243279593,0.910491442534421,"Bradymonadales","Order","Bradymonadales","d__Bacteria;p__;c__Deltaproteobacteria;o__;f__;g___o__Bradymonadales",NA,NA
"X1779134","PFBS",-0.000635318733933585,0.000900799091341052,-0.00247018643884473,0.00119954897097757,0.485736398941877,40,-0.000630859940699574,0.000894477104157065,0.867386426681923,"Bradymonadales","Order","Bradymonadales","d__Bacteria;p__;c__Deltaproteobacteria;o__;f__;g___o__Bradymonadales",NA,NA
"X1779134","PFNA",0.000266922130121642,0.000802874628356365,-0.00136847997099557,0.00190232423123886,0.741711522241683,40,0.000413279661089291,0.00124310320074658,0.893322111900324,"Bradymonadales","Order","Bradymonadales","d__Bacteria;p__;c__Deltaproteobacteria;o__;f__;g___o__Bradymonadales",NA,NA
"X1779134","PFOS",0.00178610185349872,0.00117557737799771,-0.000608470905562226,0.00418067461255966,0.138496582145506,40,0.00160303530434288,0.00105508654852226,0.45036462370032,"Bradymonadales","Order","Bradymonadales","d__Bacteria;p__;c__Deltaproteobacteria;o__;f__;g___o__Bradymonadales",NA,NA
"X1779134","PFHxS",0.000171019191173184,0.0012793549023649,-0.00243494146757302,0.00277697984991938,0.894495856677966,40,0.00016988220230449,0.00127084935235545,0.967212835584732,"Bradymonadales","Order","Bradymonadales","d__Bacteria;p__;c__Deltaproteobacteria;o__;f__;g___o__Bradymonadales",NA,NA
"X1955042","PFHxS",0.000155922775091958,0.000605514102744618,-0.00107746909072388,0.0013893146409078,0.798437861412927,40,0.00015488615190108,0.00060148845632485,0.967212835584732,"Gloeomargaritales","Order","Gloeomargaritales","d__Bacteria;p__Cyanobacteriota;c__Cyanophyceae;o__;f__;g___o__Gloeomargaritales",NA,NA
"X1955042","PFNA",0.000331840400700899,0.000376397426558309,-0.000434856067848295,0.00109853686925009,0.384555460310706,40,0.000513793623162317,0.000582781955216708,0.739529731366742,"Gloeomargaritales","Order","Gloeomargaritales","d__Bacteria;p__Cyanobacteriota;c__Cyanophyceae;o__;f__;g___o__Gloeomargaritales",NA,NA
"X1955042","PFOA",-5.68216445320255e-05,0.000484772226439238,-0.0010442703565495,0.00093062706748545,0.907423805556456,40,-4.88084504929423e-05,0.000416407891911282,0.910491442534421,"Gloeomargaritales","Order","Gloeomargaritales","d__Bacteria;p__Cyanobacteriota;c__Cyanophyceae;o__;f__;g___o__Gloeomargaritales",NA,NA
"X1955042","PFBS",0.000497499029308302,0.000420880401132239,-0.000359806293366818,0.00135480435198342,0.245897867073984,40,0.000494007482172469,0.000417926578767711,0.705326865424196,"Gloeomargaritales","Order","Gloeomargaritales","d__Bacteria;p__Cyanobacteriota;c__Cyanophyceae;o__;f__;g___o__Gloeomargaritales",NA,NA
"X1955042","PFOS",1.32062490077055e-05,0.000576546530708834,-0.00116118060344936,0.00118759310146477,0.981867668781153,40,1.18526742222601e-05,0.000517453381234809,0.99397092609302,"Gloeomargaritales","Order","Gloeomargaritales","d__Bacteria;p__Cyanobacteriota;c__Cyanophyceae;o__;f__;g___o__Gloeomargaritales",NA,NA
"X1963360","PFBS",0.000484492900505821,0.000386444588980638,-0.000302668968188574,0.00127165476920022,0.219026510753642,40,0.000481092632968728,0.000383732443994768,0.705326865424196,"Parachlamydiales","Order","Parachlamydiales","d__Bacteria;p__Chlamydiota;c__Chlamydiia;o__;f__;g___o__Parachlamydiales",NA,NA
"X1963360","PFOA",0.000426405898699938,0.000439955867569018,-0.000469754877602311,0.00132256667500219,0.33971357555988,40,0.000366272595029601,0.000377911698230048,0.653295337615155,"Parachlamydiales","Order","Parachlamydiales","d__Bacteria;p__Chlamydiota;c__Chlamydiia;o__;f__;g___o__Parachlamydiales",NA,NA
"X1963360","PFNA",0.000604680985186219,0.000333997886176755,-7.56504458124047e-05,0.00128501241618484,0.0796277967327545,40,0.000936236918651194,0.000517134091282591,0.398959165742805,"Parachlamydiales","Order","Parachlamydiales","d__Bacteria;p__Chlamydiota;c__Chlamydiia;o__;f__;g___o__Parachlamydiales",NA,NA
"X1963360","PFOS",-0.000302318795251196,0.000528063074139542,-0.00137794807841607,0.00077331048791368,0.570980678156016,40,-0.000271332623615366,0.000473939237623734,0.776096168655223,"Parachlamydiales","Order","Parachlamydiales","d__Bacteria;p__Chlamydiota;c__Chlamydiia;o__;f__;g___o__Parachlamydiales",NA,NA
"X1963360","PFHxS",4.51507704811708e-05,0.000557943255471263,-0.00109134245034692,0.00118164399130926,0.936006737339569,40,4.48505940910365e-05,0.000554233874866186,0.967212835584732,"Parachlamydiales","Order","Parachlamydiales","d__Bacteria;p__Chlamydiota;c__Chlamydiia;o__;f__;g___o__Parachlamydiales",NA,NA
"X2024973","PFOA",0.00259199581853269,0.00122272744176114,0.000101381522445745,0.00508261011461963,0.0418686948001926,40,0.00222646318368104,0.00105029399094432,0.372869650614343,"Silvanigrellales","Order","Silvanigrellales","d__Bacteria;p__Bdellovibrionota;c__Oligoflexia;o__;f__;g___o__Silvanigrellales",NA,NA
"X2024973","PFBS",-0.00152185828395909,0.00112621538908026,-0.00381588396189456,0.000772167393976382,0.186075146453392,40,-0.00151117757983814,0.00111831138548543,0.705326865424196,"Silvanigrellales","Order","Silvanigrellales","d__Bacteria;p__Bdellovibrionota;c__Oligoflexia;o__;f__;g___o__Silvanigrellales",NA,NA
"X2024973","PFNA",0.00244154806927861,0.000930653795481077,0.000545868322045502,0.00433722781651171,0.0132238121598784,40,0.00378028662570928,0.00144094566086597,0.112046395461827,"Silvanigrellales","Order","Silvanigrellales","d__Bacteria;p__Bdellovibrionota;c__Oligoflexia;o__;f__;g___o__Silvanigrellales",NA,NA
"X2024973","PFHxS",-0.000220556872211665,0.00163185975669482,-0.00354454642247403,0.0031034326780507,0.893334533101755,40,-0.000219090541404588,0.00162101064458112,0.967212835584732,"Silvanigrellales","Order","Silvanigrellales","d__Bacteria;p__Bdellovibrionota;c__Oligoflexia;o__;f__;g___o__Silvanigrellales",NA,NA
"X2024973","PFOS",-0.000772466320148913,0.00154662395068291,-0.00392283621508893,0.0023779035747911,0.620876934924178,40,-0.000693292367503515,0.00138810269449662,0.776096168655223,"Silvanigrellales","Order","Silvanigrellales","d__Bacteria;p__Bdellovibrionota;c__Oligoflexia;o__;f__;g___o__Silvanigrellales",NA,NA
"X2039638","PFBS",0.000826127471066758,0.000743161898934538,-0.000687643780462129,0.00233989872259565,0.274575983283168,40,0.00082032954416538,0.000737946240919501,0.705326865424196,"Candidatus Nanopelagicales","Order","Candidatus Nanopelagicales","d__Bacteria;p__Actinomycetota;c__Actinomycetes;o__;f__;g___o__Candidatus_Nanopelagicales",NA,NA
"X2039638","PFOS",-0.00100780138593899,0.000999822084488198,-0.00304437232736078,0.00102876955548281,0.321025251431659,40,-0.00090450676049704,0.000897345297725726,0.766431568463638,"Candidatus Nanopelagicales","Order","Candidatus Nanopelagicales","d__Bacteria;p__Actinomycetota;c__Actinomycetes;o__;f__;g___o__Candidatus_Nanopelagicales",NA,NA
"X2039638","PFHxS",-0.00205731245573549,0.00100384230493022,-0.00410207231822369,-1.25525932472901e-05,0.0486910140454827,40,-0.00204363480151697,0.000997168448512113,0.405758450379022,"Candidatus Nanopelagicales","Order","Candidatus Nanopelagicales","d__Bacteria;p__Actinomycetota;c__Actinomycetes;o__;f__;g___o__Candidatus_Nanopelagicales",NA,NA
"X2039638","PFNA",0.000497332198599017,0.000665227414575436,-0.000857691703133445,0.00185235610033148,0.460153020763037,40,0.000770027132602779,0.00102998189141437,0.757517519245608,"Candidatus Nanopelagicales","Order","Candidatus Nanopelagicales","d__Bacteria;p__Actinomycetota;c__Actinomycetes;o__;f__;g___o__Candidatus_Nanopelagicales",NA,NA
"X2039638","PFOA",9.67587711624695e-05,0.00085391774158812,-0.00164261474925052,0.00183613229157546,0.910491442534421,40,8.31134989304925e-05,0.000733495169993862,0.910491442534421,"Candidatus Nanopelagicales","Order","Candidatus Nanopelagicales","d__Bacteria;p__Actinomycetota;c__Actinomycetes;o__;f__;g___o__Candidatus_Nanopelagicales",NA,NA
"X204441","PFBS",0.000116265200796225,0.000433713206716535,-0.00076717969146369,0.00099971009305614,0.790366466947469,40,0.000115449228492919,0.000430669321170086,0.940912460651749,"Rhodospirillales","Order","Rhodospirillales","d__Bacteria;p__Pseudomonadota;c__Alphaproteobacteria;o__;f__;g___o__Rhodospirillales",NA,NA
"X204441","PFHxS",-0.000999192898135416,0.000586063670317236,-0.0021929655295952,0.000194579733324369,0.0979006612496126,40,-0.000992549952422337,0.000582167336432567,0.611879132810079,"Rhodospirillales","Order","Rhodospirillales","d__Bacteria;p__Pseudomonadota;c__Alphaproteobacteria;o__;f__;g___o__Rhodospirillales",NA,NA
"X204441","PFNA",-0.000378755896658821,0.000378816520699983,-0.00115037989872616,0.000392868105408519,0.324888972991328,40,-0.000586433610938865,0.000586527476079136,0.739529731366742,"Rhodospirillales","Order","Rhodospirillales","d__Bacteria;p__Pseudomonadota;c__Alphaproteobacteria;o__;f__;g___o__Rhodospirillales",NA,NA
"X204441","PFOA",0.000387638457851321,0.000484826742592587,-0.000599921299936668,0.00137519821563931,0.42987258929727,40,0.000332972279049986,0.000416454719999306,0.71645431549545,"Rhodospirillales","Order","Rhodospirillales","d__Bacteria;p__Pseudomonadota;c__Alphaproteobacteria;o__;f__;g___o__Rhodospirillales",NA,NA
"X204441","PFOS",-0.000419614692781199,0.000577477507326225,-0.00159589788255221,0.000756668496989813,0.472732581968786,40,-0.000376606275522092,0.000518288937383117,0.776096168655223,"Rhodospirillales","Order","Rhodospirillales","d__Bacteria;p__Pseudomonadota;c__Alphaproteobacteria;o__;f__;g___o__Rhodospirillales",NA,NA
"X2497644","PFBS",0.000791104829573704,0.00098223261787087,-0.00120963754080158,0.00279184719994898,0.426524754355836,40,0.000785552698536017,0.000975339114001291,0.842248361697828,"Candidatus Babeliales","Order","Candidatus Babeliales","d__Bacteria;p__;c__Candidatus Babeliae;o__;f__;g___o__Candidatus_Babeliales",NA,NA
"X2497644","PFHxS",0.00010756957728117,0.00139851445549464,-0.00274111114842681,0.00295625030298916,0.939168464283909,40,0.000106854421215118,0.00138921669564853,0.967212835584732,"Candidatus Babeliales","Order","Candidatus Babeliales","d__Bacteria;p__;c__Candidatus Babeliae;o__;f__;g___o__Candidatus_Babeliales",NA,NA
"X2497644","PFNA",0.00132704184958128,0.000847122875067179,-0.000398490980650841,0.0030525746798134,0.127061794334679,40,0.00205467941379129,0.0013116134452741,0.453792122623854,"Candidatus Babeliales","Order","Candidatus Babeliales","d__Bacteria;p__;c__Candidatus Babeliae;o__;f__;g___o__Candidatus_Babeliales",NA,NA
"X2497644","PFOA",0.00115101451996265,0.00110017296060006,-0.00108996446705683,0.00339199350698213,0.303301705040641,40,0.000988694285020055,0.000945022586434594,0.653295337615155,"Candidatus Babeliales","Order","Candidatus Babeliales","d__Bacteria;p__;c__Candidatus Babeliae;o__;f__;g___o__Candidatus_Babeliales",NA,NA
"X2497644","PFOS",-7.62491629796932e-05,0.00133029811554075,-0.00278597775126679,0.0026334794253074,0.954648816237023,40,-6.84340033260766e-05,0.00119394918063342,0.99397092609302,"Candidatus Babeliales","Order","Candidatus Babeliales","d__Bacteria;p__;c__Candidatus Babeliae;o__;f__;g___o__Candidatus_Babeliales",NA,NA
"X2800059","PFBS",0.000629472558901683,0.000512735789675,-0.000414936067472671,0.00167388118527604,0.228523826260174,40,0.000625054795286798,0.000509137307924457,0.705326865424196,"Maricaulales","Order","Maricaulales","d__Bacteria;p__Pseudomonadota;c__Alphaproteobacteria;o__;f__;g___o__Maricaulales",NA,NA
"X2800059","PFNA",0.000418261951211786,0.000458925270422128,-0.00051653823426749,0.00135306213669106,0.368902504446806,40,0.000647601446026887,0.000710561091876998,0.739529731366742,"Maricaulales","Order","Maricaulales","d__Bacteria;p__Pseudomonadota;c__Alphaproteobacteria;o__;f__;g___o__Maricaulales",NA,NA
"X2800059","PFHxS",-0.000420974527718811,0.000735890212597119,-0.00191993383888383,0.0010779847834462,0.571277479549809,40,-0.000418175757892241,0.000730997785176757,0.967212835584732,"Maricaulales","Order","Maricaulales","d__Bacteria;p__Pseudomonadota;c__Alphaproteobacteria;o__;f__;g___o__Maricaulales",NA,NA
"X2800059","PFOA",-0.000833572726628966,0.000573026754445002,-0.00200079002945272,0.000333644576194782,0.155496520799007,40,-0.000716019282704955,0.000492216446845301,0.520725283561429,"Maricaulales","Order","Maricaulales","d__Bacteria;p__Pseudomonadota;c__Alphaproteobacteria;o__;f__;g___o__Maricaulales",NA,NA
"X2800059","PFOS",-0.00115519566339226,0.000673246726454124,-0.00252655436888202,0.000216163042097512,0.0958564096150911,40,-0.00103679385820811,0.000604242288268816,0.45036462370032,"Maricaulales","Order","Maricaulales","d__Bacteria;p__Pseudomonadota;c__Alphaproteobacteria;o__;f__;g___o__Maricaulales",NA,NA
"X2805415","PFOS",0.00034462663489625,0.000405320152165955,-0.000480983497826905,0.00117023676761941,0.40149898549742,40,0.000309304120296055,0.000363776854164785,0.776096168655223,"Jatrophihabitantales","Order","Jatrophihabitantales","d__Bacteria;p__Actinomycetota;c__Actinomycetes;o__;f__;g___o__Jatrophihabitantales",NA,NA
"X2805415","PFBS",8.78675235435631e-05,0.000305273346623227,-0.000533953935062942,0.000709688982150068,0.775331109890937,40,8.72508517872627e-05,0.000303130877560462,0.940912460651749,"Jatrophihabitantales","Order","Jatrophihabitantales","d__Bacteria;p__Actinomycetota;c__Actinomycetes;o__;f__;g___o__Jatrophihabitantales",NA,NA
"X2805415","PFNA",0.000152375020286313,0.000269469992186703,-0.000396517391860715,0.000701267432433342,0.575703291386413,40,0.000235924599858779,0.000417224555318446,0.84662248733296,"Jatrophihabitantales","Order","Jatrophihabitantales","d__Bacteria;p__Actinomycetota;c__Actinomycetes;o__;f__;g___o__Jatrophihabitantales",NA,NA
"X2805415","PFHxS",0.000443051321377605,0.000423731097709132,-0.000420060680207076,0.00130616332296229,0.303582156836997,40,0.000440105778148153,0.00042091400134638,0.967212835584732,"Jatrophihabitantales","Order","Jatrophihabitantales","d__Bacteria;p__Actinomycetota;c__Actinomycetes;o__;f__;g___o__Jatrophihabitantales",NA,NA
"X2805415","PFOA",0.000532283222957037,0.000331609357586187,-0.000143182934513652,0.00120774938042772,0.118285642105039,40,0.000457218715682888,0.00028484460536195,0.520725283561429,"Jatrophihabitantales","Order","Jatrophihabitantales","d__Bacteria;p__Actinomycetota;c__Actinomycetes;o__;f__;g___o__Jatrophihabitantales",NA,NA
"X3031460","PFHxS",-0.000633863040022227,0.0012879626002696,-0.00325735700564094,0.00198963092559649,0.625977090799777,40,-0.000629648921034539,0.00127939982360252,0.967212835584732,"Candidatus Desulfofervidales","Order","Candidatus Desulfofervidales","d__Bacteria;p__Thermodesulfobacteriota;c__Candidatus Desulfofervidia;o__;f__;g___o__Candidatus_Desulfofervidales",NA,NA
"X3031460","PFOA",-0.00118908387018526,0.00101259643851671,-0.00325167531926889,0.00087350757889836,0.248943397084371,40,-0.00102139495764124,0.000869796422573033,0.622358492710927,"Candidatus Desulfofervidales","Order","Candidatus Desulfofervidales","d__Bacteria;p__Thermodesulfobacteriota;c__Candidatus Desulfofervidia;o__;f__;g___o__Candidatus_Desulfofervidales",NA,NA
"X3031460","PFNA",-2.87931634788052e-05,0.000812486814250593,-0.00168377464654751,0.0016261883195899,0.971950377927649,40,-4.45809002003177e-05,0.00125798589678562,0.975323381375492,"Candidatus Desulfofervidales","Order","Candidatus Desulfofervidales","d__Bacteria;p__Thermodesulfobacteriota;c__Candidatus Desulfofervidia;o__;f__;g___o__Candidatus_Desulfofervidales",NA,NA
"X3031460","PFBS",-0.000985012923217549,0.000900394291089925,-0.00281905607699974,0.000849030230564641,0.282130746169678,40,-0.000978099906612068,0.000894075144874612,0.705326865424196,"Candidatus Desulfofervidales","Order","Candidatus Desulfofervidales","d__Bacteria;p__Thermodesulfobacteriota;c__Candidatus Desulfofervidia;o__;f__;g___o__Candidatus_Desulfofervidales",NA,NA
"X3031460","PFOS",-0.000613634820992109,0.00122492210554408,-0.0031087195009162,0.00188144985893199,0.619829138885984,40,-0.000550740306381516,0.00109937368712248,0.776096168655223,"Candidatus Desulfofervidales","Order","Candidatus Desulfofervidales","d__Bacteria;p__Thermodesulfobacteriota;c__Candidatus Desulfofervidia;o__;f__;g___o__Candidatus_Desulfofervidales",NA,NA
"X3031655","PFBS",-0.000154312287670168,0.000389794683998887,-0.000948298076610994,0.000639673501270659,0.694820109768703,40,-0.000153229293343952,0.000387059027379875,0.940912460651749,"Desulfobaccales","Order","Desulfobaccales","d__Bacteria;p__Thermodesulfobacteriota;c__Desulfobaccia;o__;f__;g___o__Desulfobaccales",NA,NA
"X3031655","PFHxS",3.59593810751781e-05,0.000550811152326892,-0.00108600622104915,0.0011579249831995,0.948353708958293,40,3.57203119056473e-05,0.000547149188165723,0.967212835584732,"Desulfobaccales","Order","Desulfobaccales","d__Bacteria;p__Thermodesulfobacteriota;c__Desulfobaccia;o__;f__;g___o__Desulfobaccales",NA,NA
"X3031655","PFOA",-0.000813321436467946,0.000416528967885379,-0.0016617631796707,3.51203067348045e-05,0.0596591440982949,40,-0.00069862390280381,0.000357788544758706,0.372869650614343,"Desulfobaccales","Order","Desulfobaccales","d__Bacteria;p__Thermodesulfobacteriota;c__Desulfobaccia;o__;f__;g___o__Desulfobaccales",NA,NA
"X3031655","PFNA",0.000172953226570799,0.000344838334474901,-0.000529459475024373,0.000875365928165972,0.619418261949614,40,0.000267786154819404,0.000533918524992422,0.860303141596686,"Desulfobaccales","Order","Desulfobaccales","d__Bacteria;p__Thermodesulfobacteriota;c__Desulfobaccia;o__;f__;g___o__Desulfobaccales",NA,NA
"X3031655","PFOS",0.000381905209570519,0.000519589532275859,-0.000676464033635017,0.00144027445277606,0.467684262934039,40,0.000342761826630874,0.000466334191621625,0.776096168655223,"Desulfobaccales","Order","Desulfobaccales","d__Bacteria;p__Thermodesulfobacteriota;c__Desulfobaccia;o__;f__;g___o__Desulfobaccales",NA,NA
"X3031714","PFOA",-0.000147893291959054,0.000798137418473295,-0.00177364601231048,0.00147785942839237,0.854164782892847,40,-0.000127036844467839,0.000685581190001681,0.910491442534421,"Haliangiales","Order","Haliangiales","d__Bacteria;p__Myxococcota;c__;o__;f__;g___o__Haliangiales",NA,NA
"X3031714","PFBS",0.000569788184914948,0.000700938856739209,-0.00085797754410395,0.00199755391393385,0.422286457464868,40,0.000565789298107395,0.000696019528432087,0.842248361697828,"Haliangiales","Order","Haliangiales","d__Bacteria;p__Myxococcota;c__;o__;f__;g___o__Haliangiales",NA,NA
"X3031714","PFNA",-0.00148993634200115,0.00056942600115479,-0.0026498191503865,-0.000330053533615813,0.0134455674554192,40,-0.00230689147500149,0.000881651081779678,0.112046395461827,"Haliangiales","Order","Haliangiales","d__Bacteria;p__Myxococcota;c__;o__;f__;g___o__Haliangiales",NA,NA
"X3031714","PFHxS",0.00107663855463412,0.000979971449410266,-0.000919497966308577,0.00307277507557681,0.280121547813637,40,0.00106948072606629,0.000973456293877288,0.967212835584732,"Haliangiales","Order","Haliangiales","d__Bacteria;p__Myxococcota;c__;o__;f__;g___o__Haliangiales",NA,NA
"X3031714","PFOS",0.000532578847053189,0.000944870437885613,-0.00139205925312576,0.00245721694723214,0.576919481187444,40,0.000477992166292271,0.000848025921362522,0.776096168655223,"Haliangiales","Order","Haliangiales","d__Bacteria;p__Myxococcota;c__;o__;f__;g___o__Haliangiales",NA,NA
"X485256","PFHxS",-0.00223541491550492,0.00188908849404576,-0.00608336225777355,0.00161253242676372,0.245395196367598,40,-0.00222055318064109,0.0018765292451394,0.967212835584732,"Natranaerobiales","Order","Natranaerobiales","d__Bacteria;p__Bacillota;c__Clostridia;o__;f__;g___o__Natranaerobiales",NA,NA
"X485256","PFOA",-0.00126257588890328,0.00152764699695756,-0.00437429099404282,0.00184913921623625,0.414649781565666,40,-0.00108452286579608,0.00131221268648201,0.71645431549545,"Natranaerobiales","Order","Natranaerobiales","d__Bacteria;p__Bacillota;c__Clostridia;o__;f__;g___o__Natranaerobiales",NA,NA
"X485256","PFBS",-0.000105668821451103,0.00136891673320951,-0.00289406095974603,0.00268272331684383,0.938951787165734,40,-0.000104927216645567,0.00135930940331044,0.961567685470719,"Natranaerobiales","Order","Natranaerobiales","d__Bacteria;p__Bacillota;c__Clostridia;o__;f__;g___o__Natranaerobiales",NA,NA
"X485256","PFNA",0.000394343178307448,0.00121092725983515,-0.00207223493375554,0.00286092129037043,0.746806177865268,40,0.000610567640118506,0.00187489739917925,0.893322111900324,"Natranaerobiales","Order","Natranaerobiales","d__Bacteria;p__Bacillota;c__Clostridia;o__;f__;g___o__Natranaerobiales",NA,NA
"X485256","PFOS",-0.00265717117217655,0.00177464955988368,-0.0062720140336604,0.000957671689307314,0.144116679584102,40,-0.00238482435385045,0.00159275681381635,0.45036462370032,"Natranaerobiales","Order","Natranaerobiales","d__Bacteria;p__Bacillota;c__Clostridia;o__;f__;g___o__Natranaerobiales",NA,NA
"X622452","PFBS",0.00109269532035439,0.000923368027814404,-0.000788143803785768,0.00297353444449454,0.245375608252983,40,0.00108502656726873,0.000916887647345486,0.705326865424196,"Kineosporiales","Order","Kineosporiales","d__Bacteria;p__Actinomycetota;c__Actinomycetes;o__;f__;g___o__Kineosporiales",NA,NA
"X622452","PFHxS",-0.000469380428811029,0.00132728273926436,-0.00317296689661766,0.0022342060389956,0.725927989500269,40,-0.000466259841471795,0.00131845855006196,0.967212835584732,"Kineosporiales","Order","Kineosporiales","d__Bacteria;p__Actinomycetota;c__Actinomycetes;o__;f__;g___o__Kineosporiales",NA,NA
"X622452","PFOA",0.000783901308977815,0.00105475450926929,-0.0013645633201177,0.00293236593807333,0.462778030125086,40,0.000673352708210194,0.000906009209551518,0.723090672070447,"Kineosporiales","Order","Kineosporiales","d__Bacteria;p__Actinomycetota;c__Actinomycetes;o__;f__;g___o__Kineosporiales",NA,NA
"X622452","PFNA",-0.00222404921801488,0.000737537775070832,-0.00372636450411803,-0.000721733931911723,0.00499288539100353,40,-0.00344352979143473,0.0011419411405975,0.112046395461827,"Kineosporiales","Order","Kineosporiales","d__Bacteria;p__Actinomycetota;c__Actinomycetes;o__;f__;g___o__Kineosporiales",NA,NA
"X622452","PFOS",-0.000433633185432436,0.00126262880800975,-0.00300552390488079,0.00213825753401591,0.733516146279223,40,-0.000389187942457594,0.00113321564028121,0.873233507475266,"Kineosporiales","Order","Kineosporiales","d__Bacteria;p__Actinomycetota;c__Actinomycetes;o__;f__;g___o__Kineosporiales",NA,NA
"X641854","PFBS",0.000185292128851293,0.000429569605716385,-0.00068971252436942,0.00106029678207201,0.66911062261087,40,0.000183991711838052,0.00042655480078588,0.940912460651749,"Elusimicrobiales","Order","Elusimicrobiales","d__Bacteria;p__Elusimicrobiota;c__Elusimicrobia;o__;f__;g___o__Elusimicrobiales",NA,NA
"X641854","PFOS",0.000895267302459427,0.000555583950009031,-0.000236420170405239,0.00202695477532409,0.116913962041381,40,0.000803506860403867,0.000498639360709554,0.45036462370032,"Elusimicrobiales","Order","Elusimicrobiales","d__Bacteria;p__Elusimicrobiota;c__Elusimicrobia;o__;f__;g___o__Elusimicrobiales",NA,NA
"X641854","PFNA",-6.83672036174161e-05,0.000381499237716206,-0.000845455721426168,0.000708721314191336,0.858905323588649,40,-0.000105853998421757,0.000590681168314238,0.93359274303114,"Elusimicrobiales","Order","Elusimicrobiales","d__Bacteria;p__Elusimicrobiota;c__Elusimicrobia;o__;f__;g___o__Elusimicrobiales",NA,NA
"X641854","PFHxS",-2.51593778662372e-05,0.000607317281085699,-0.00126222419776923,0.00121190544203675,0.967212835584732,40,-2.49921104830801e-05,0.00060327964657449,0.967212835584732,"Elusimicrobiales","Order","Elusimicrobiales","d__Bacteria;p__Elusimicrobiota;c__Elusimicrobia;o__;f__;g___o__Elusimicrobiales",NA,NA
"X641854","PFOA",-0.000213892456814703,0.000484356533957829,-0.00120049443095617,0.000772709517326764,0.661747583511506,40,-0.000183728568140442,0.000416050821888648,0.902442720949825,"Elusimicrobiales","Order","Elusimicrobiales","d__Bacteria;p__Elusimicrobiota;c__Elusimicrobia;o__;f__;g___o__Elusimicrobiales",NA,NA
"X742030","PFOA",0.00104708639739992,0.000777380629167021,-0.000536386126710376,0.00263055892151022,0.187461102082114,40,0.000899422482580963,0.000667751598274946,0.520725283561429,"Salinisphaerales","Order","Salinisphaerales","d__Bacteria;p__Pseudomonadota;c__Gammaproteobacteria;o__;f__;g___o__Salinisphaerales",NA,NA
"X742030","PFBS",0.00110783196754605,0.000681026299269284,-0.00027937320920879,0.00249503714430089,0.11360758787722,40,0.00110005698245985,0.000676246721250917,0.705326865424196,"Salinisphaerales","Order","Salinisphaerales","d__Bacteria;p__Pseudomonadota;c__Gammaproteobacteria;o__;f__;g___o__Salinisphaerales",NA,NA
"X742030","PFNA",-0.000488455620210097,0.000621854446037076,-0.00175513167612193,0.000778220435701733,0.437948361175073,40,-0.000756283389037816,0.00096282685361439,0.757517519245608,"Salinisphaerales","Order","Salinisphaerales","d__Bacteria;p__Pseudomonadota;c__Gammaproteobacteria;o__;f__;g___o__Salinisphaerales",NA,NA
"X742030","PFOS",0.000645780988427078,0.000943318687452301,-0.00127569629955353,0.00256725827640769,0.498535060571858,40,0.000579591651671053,0.000846633217624348,0.776096168655223,"Salinisphaerales","Order","Salinisphaerales","d__Bacteria;p__Pseudomonadota;c__Gammaproteobacteria;o__;f__;g___o__Salinisphaerales",NA,NA
"X742030","PFHxS",0.00222571031059488,0.000918221428277345,0.000355354466657201,0.00409606615453257,0.0211822632470451,40,0.00221091309496824,0.000912116806124791,0.264778290588064,"Salinisphaerales","Order","Salinisphaerales","d__Bacteria;p__Pseudomonadota;c__Gammaproteobacteria;o__;f__;g___o__Salinisphaerales",NA,NA
"X84996","PFBS",-0.000111356007035545,0.000715315326806908,-0.0015684056472966,0.0013456936332255,0.877267871590008,40,-0.000110574488430447,0.000710295101573499,0.961567685470719,"Rubrobacterales","Order","Rubrobacterales","d__Bacteria;p__Actinomycetota;c__Rubrobacteria;o__;f__;g___o__Rubrobacterales",NA,NA
"X84996","PFOA",0.00032853611280718,0.000804870943966987,-0.00131093235014138,0.00196800457575574,0.685856467921867,40,0.0002822047606886,0.000691365129351002,0.902442720949825,"Rubrobacterales","Order","Rubrobacterales","d__Bacteria;p__Actinomycetota;c__Rubrobacteria;o__;f__;g___o__Rubrobacterales",NA,NA
"X84996","PFNA",-0.00060175181012304,0.000624999890011832,-0.00187483492574704,0.000671331305500957,0.342866014033266,40,-0.000931701631611373,0.000967696993153851,0.739529731366742,"Rubrobacterales","Order","Rubrobacterales","d__Bacteria;p__Actinomycetota;c__Rubrobacteria;o__;f__;g___o__Rubrobacterales",NA,NA
"X84996","PFOS",0.00147474548909332,0.000923440864147927,-0.000406241997803199,0.00335573297598985,0.120092690068774,40,0.00132359141742457,0.000828792772261177,0.45036462370032,"Rubrobacterales","Order","Rubrobacterales","d__Bacteria;p__Actinomycetota;c__Rubrobacteria;o__;f__;g___o__Rubrobacterales",NA,NA
"X84996","PFHxS",0.000396406092250314,0.00100634383349049,-0.00165344921717193,0.00244626140167256,0.69626222724958,40,0.000393770661037715,0.000999653346131103,0.967212835584732,"Rubrobacterales","Order","Rubrobacterales","d__Bacteria;p__Actinomycetota;c__Rubrobacteria;o__;f__;g___o__Rubrobacterales",NA,NA
"X85001","PFOA",-0.000659312805560075,0.00105926421904905,-0.00281696341287531,0.00149833780175516,0.538072646316979,40,-0.000566334126626776,0.000909882943730383,0.791283303407322,"Sphaerobacterales","Order","Sphaerobacterales","d__Bacteria;p__Thermomicrobiota;c__Thermomicrobia;o__;f__;g___o__Sphaerobacterales",NA,NA
"X85001","PFBS",0.000393533534350516,0.000942421932046934,-0.00152611712264397,0.00231318419134501,0.679045165524438,40,0.000390771637736112,0.000935807827488459,0.940912460651749,"Sphaerobacterales","Order","Sphaerobacterales","d__Bacteria;p__Thermomicrobiota;c__Thermomicrobia;o__;f__;g___o__Sphaerobacterales",NA,NA
"X85001","PFOS",0.00149559650657954,0.00123925066910233,-0.00102867450222023,0.00401986751537931,0.23633382923509,40,0.00134230530941029,0.00111223364424049,0.656482858986362,"Sphaerobacterales","Order","Sphaerobacterales","d__Bacteria;p__Thermomicrobiota;c__Thermomicrobia;o__;f__;g___o__Sphaerobacterales",NA,NA
"X85001","PFHxS",0.00320024673681244,0.00120608149268707,0.000743539129428004,0.00565695434419687,0.0123023032750595,40,0.00317897049938043,0.00119806308713553,0.264778290588064,"Sphaerobacterales","Order","Sphaerobacterales","d__Bacteria;p__Thermomicrobiota;c__Thermomicrobia;o__;f__;g___o__Sphaerobacterales",NA,NA
"X85001","PFNA",-0.000234487936910881,0.000836202606489052,-0.00193777690795668,0.00146880103413492,0.780960270384406,40,-0.000363061298259131,0.00129470542459063,0.893322111900324,"Sphaerobacterales","Order","Sphaerobacterales","d__Bacteria;p__Thermomicrobiota;c__Thermomicrobia;o__;f__;g___o__Sphaerobacterales",NA,NA
"X85009","PFBS",-2.78646607400942e-05,0.000373956747168537,-0.000789589628059565,0.000733860306579377,0.94106601430542,40,-2.76691010089862e-05,0.000371332244340225,0.961567685470719,"Propionibacteriales","Order","Propionibacteriales","d__Bacteria;p__Actinomycetota;c__Actinomycetes;o__;f__;g___o__Propionibacteriales",NA,NA
"X85009","PFNA",-0.000336075700133007,0.000325973529495456,-0.00100006205144768,0.000327910651181662,0.310274943302141,40,-0.000520351202757218,0.000504709855764181,0.739529731366742,"Propionibacteriales","Order","Propionibacteriales","d__Bacteria;p__Actinomycetota;c__Actinomycetes;o__;f__;g___o__Propionibacteriales",NA,NA
"X85009","PFOS",-0.000759761329948266,0.000483165250639782,-0.0017439367393777,0.000224414079481163,0.125678805622298,40,-0.000681889575555748,0.000433643217541068,0.45036462370032,"Propionibacteriales","Order","Propionibacteriales","d__Bacteria;p__Actinomycetota;c__Actinomycetes;o__;f__;g___o__Propionibacteriales",NA,NA
"X85009","PFHxS",0.000358182579755297,0.000523406426611768,-0.000707961422791516,0.00142432658230211,0.498693508581552,40,0.000355801270363361,0.000519926657605856,0.967212835584732,"Propionibacteriales","Order","Propionibacteriales","d__Bacteria;p__Actinomycetota;c__Actinomycetes;o__;f__;g___o__Propionibacteriales",NA,NA
"X85009","PFOA",-0.000610578505329672,0.000407700349806552,-0.00144103694199098,0.000219879931331641,0.144033195308554,40,-0.000524472513861184,0.000350204970366052,0.520725283561429,"Propionibacteriales","Order","Propionibacteriales","d__Bacteria;p__Actinomycetota;c__Actinomycetes;o__;f__;g___o__Propionibacteriales",NA,NA
"X1161","Mixture",-0.00308622250334091,NA,-0.00618257246466303,1.01274579812206e-05,0.0611877406051866,40,-0.00422112698260243,NA,0.382423378782416,"Nostocales","Order","Nostocales","d__Bacteria;p__Cyanobacteriota;c__Cyanophyceae;o__;f__;g___o__Nostocales",-0.00855362414809244,0.00011137018288758
"X1643687","Mixture",-0.00105513502594784,NA,-0.00343711958692681,0.00132684953503114,0.392939371969387,40,-0.00173093024676147,NA,0.643208986015347,"Brevinematales","Order","Brevinematales","d__Bacteria;p__Spirochaetota;c__Spirochaetia;o__;f__;g___o__Brevinematales",-0.00526605843612775,0.00180419794260481
"X1643822","Mixture",0.00256468339914764,NA,0.000192647883782993,0.00493671891451229,0.0434208434313055,40,0.00245751352558086,NA,0.382423378782416,"Eggerthellales","Order","Eggerthellales","d__Bacteria;p__Actinomycetota;c__Coriobacteriia;o__;f__;g___o__Eggerthellales",-0.000819659638093924,0.00573468668925563
"X1643946","Mixture",0.00130516703147284,NA,-0.00264602740473226,0.00525636146767794,0.522827580792804,40,0.000916975468382763,NA,0.687931027358953,"Kosmotogales","Order","Kosmotogales","d__Bacteria;p__Thermotogota;c__Thermotogae;o__;f__;g___o__Kosmotogales",-0.00463984502191019,0.00647379595867572
"X1663425","Mixture",0.000284794003127173,NA,-0.00362837793686519,0.00419796594311953,0.887631414242326,40,0.00147540513432683,NA,0.887631414242326,"Fimbriimonadales","Order","Fimbriimonadales","d__Bacteria;p__Armatimonadota;c__Fimbriimonadia;o__;f__;g___o__Fimbriimonadales",-0.00362741420774106,0.00657822447639473
"X1769716","Mixture",-0.00488098891653992,NA,-0.0118020817164811,0.00204010388340122,0.178228892022084,40,-0.0055370405564463,NA,0.549416935285666,"Mesoaciditogales","Order","Mesoaciditogales","d__Bacteria;p__Thermotogota;c__Thermotogae;o__;f__;g___o__Mesoaciditogales",-0.0151788650504068,0.00410478393751416
"X1779134","Mixture",0.00114916964624693,NA,-0.00286808595277303,0.00516642524526689,0.579649849019308,40,0.00142991344093239,NA,0.690059344070604,"Bradymonadales","Order","Bradymonadales","d__Bacteria;p__;c__Deltaproteobacteria;o__;f__;g___o__Bradymonadales",-0.00410669836873328,0.00696652525059806
"X1955042","Mixture",0.000591933112782905,NA,-0.00136451109145953,0.00254837731702534,0.558117307208839,40,0.00125445118816312,NA,0.690059344070604,"Gloeomargaritales","Order","Gloeomargaritales","d__Bacteria;p__Cyanobacteriota;c__Cyanophyceae;o__;f__;g___o__Gloeomargaritales",-0.00168605856473299,0.00419496094105923
"X1963360","Mixture",0.0016636320494568,NA,1.42959339888542e-06,0.00332583450551471,0.0601894956236695,40,0.00202793373016781,NA,0.382423378782416,"Parachlamydiales","Order","Parachlamydiales","d__Bacteria;p__Chlamydiota;c__Chlamydiia;o__;f__;g___o__Parachlamydiales",-0.000120916139926504,0.00417678360026213
"X2024973","Mixture",0.00326829225487468,NA,-0.00127255762109565,0.00780914213084501,0.169754144235627,40,0.00612772703544386,NA,0.549416935285666,"Silvanigrellales","Order","Silvanigrellales","d__Bacteria;p__Bdellovibrionota;c__Oligoflexia;o__;f__;g___o__Silvanigrellales",0.000338959070243537,0.0119164950006442
"X2039638","Mixture",0.000295113184870264,NA,-0.00278698337915195,0.00337720974889247,0.852540085719925,40,-0.000881705075007459,NA,0.887631414242326,"Candidatus Nanopelagicales","Order","Candidatus Nanopelagicales","d__Bacteria;p__Actinomycetota;c__Actinomycetes;o__;f__;g___o__Candidatus_Nanopelagicales",-0.00524352582521729,0.00348011567520237
"X204441","Mixture",-0.00121355561015927,NA,-0.00344775995258565,0.00102064873226712,0.296487274581801,40,-0.00158489307553721,NA,0.617681822045419,"Rhodospirillales","Order","Rhodospirillales","d__Bacteria;p__Pseudomonadota;c__Alphaproteobacteria;o__;f__;g___o__Rhodospirillales",-0.00461775446974166,0.00144796831866724
"X2497644","Mixture",0.00189003926471616,NA,-0.00223982679735443,0.00601990532678676,0.377658046353074,40,0.00494661543784248,NA,0.643208986015347,"Candidatus Babeliales","Order","Candidatus Babeliales","d__Bacteria;p__;c__Candidatus Babeliae;o__;f__;g___o__Candidatus_Babeliales",-0.00121706486439235,0.0111102957400773
"X2800059","Mixture",-0.000932016216608762,NA,-0.00333215422610892,0.00146812179289139,0.453200386958718,40,-0.000838158192747631,NA,0.666471157292233,"Maricaulales","Order","Maricaulales","d__Bacteria;p__Pseudomonadota;c__Alphaproteobacteria;o__;f__;g___o__Maricaulales",-0.004148764417448,0.00247244803195274
"X2805415","Mixture",0.000913296001407691,NA,-0.00066269784666726,0.00248928984948264,0.266018490944466,40,0.00172543701095487,NA,0.604587479419241,"Jatrophihabitantales","Order","Jatrophihabitantales","d__Bacteria;p__Actinomycetota;c__Actinomycetes;o__;f__;g___o__Jatrophihabitantales",-0.000262603453347748,0.00371347747525748
"X3031460","Mixture",-0.00257035477682626,NA,-0.00700000824311613,0.00185929868946361,0.265409498415197,40,-0.00339267100683245,NA,0.604587479419241,"Candidatus Desulfofervidales","Order","Candidatus Desulfofervidales","d__Bacteria;p__Thermodesulfobacteriota;c__Candidatus Desulfofervidia;o__;f__;g___o__Candidatus_Desulfofervidales",-0.00925824504438364,0.00247290303071873
"X3031655","Mixture",0.000153607956129936,NA,-0.00175009184486246,0.00205730775712233,0.875517172051075,40,-0.000341239266893308,NA,0.887631414242326,"Desulfobaccales","Order","Desulfobaccales","d__Bacteria;p__Thermodesulfobacteriota;c__Desulfobaccia;o__;f__;g___o__Desulfobaccales",-0.00292846085151636,0.00224598231772974
"X3031714","Mixture",-0.000554312383266925,NA,-0.00398086787847481,0.00287224311194096,0.753634920511385,40,-0.00145686813978332,NA,0.856403318762938,"Haliangiales","Order","Haliangiales","d__Bacteria;p__Myxococcota;c__;o__;f__;g___o__Haliangiales",-0.00578856972863581,0.00287483344906916
"X485256","Mixture",-0.0046110165570801,NA,-0.010742522700783,0.00152048958662278,0.152064484447033,40,-0.00499196644915012,NA,0.549416935285666,"Natranaerobiales","Order","Natranaerobiales","d__Bacteria;p__Bacillota;c__Clostridia;o__;f__;g___o__Natranaerobiales",-0.0129537165032917,0.00296978360499147
"X622452","Mixture",-0.00135450856354533,NA,-0.0052000661747988,0.00249104904770814,0.495865008105109,40,-0.00381200794072844,NA,0.687931027358953,"Kineosporiales","Order","Kineosporiales","d__Bacteria;p__Actinomycetota;c__Actinomycetes;o__;f__;g___o__Kineosporiales",-0.00899051975308437,0.00136650387162749
"X641854","Mixture",0.000912378533532558,NA,-0.0010946937865621,0.00291945085362722,0.380819622558495,40,0.000474019736438939,NA,0.643208986015347,"Elusimicrobiales","Order","Elusimicrobiales","d__Bacteria;p__Elusimicrobiota;c__Elusimicrobia;o__;f__;g___o__Elusimicrobiales",-0.00222352969366005,0.00317156916653792
"X742030","Mixture",0.00313113657592947,NA,-0.000338959713000292,0.00660123286485924,0.0882733666817122,40,0.0037636712429874,NA,0.441366833408561,"Salinisphaerales","Order","Salinisphaerales","d__Bacteria;p__Pseudomonadota;c__Gammaproteobacteria;o__;f__;g___o__Salinisphaerales",-0.000929518572801948,0.00845686105877675
"X84996","Mixture",0.00134959551304415,NA,-0.00182243290675306,0.00452162393284136,0.411653751049822,40,0.000548828492755896,NA,0.643208986015347,"Rubrobacterales","Order","Rubrobacterales","d__Bacteria;p__Actinomycetota;c__Rubrobacteria;o__;f__;g___o__Rubrobacterales",-0.00347341508445142,0.00457107206996321
"X85001","Mixture",0.00296572853942186,NA,-0.00143655782059628,0.00736801489944,0.19779009670284,40,0.00337276108602635,NA,0.549416935285666,"Sphaerobacterales","Order","Sphaerobacterales","d__Bacteria;p__Thermomicrobiota;c__Thermomicrobia;o__;f__;g___o__Sphaerobacterales",-0.00237345884987178,0.00911898102192448
"X85009","Mixture",-0.00218045651284502,NA,-0.00377271016152221,-0.000588202864167832,0.0122747090584396,40,-0.00173264559751459,NA,0.306867726460991,"Propionibacteriales","Order","Propionibacteriales","d__Bacteria;p__Actinomycetota;c__Actinomycetes;o__;f__;g___o__Propionibacteriales",-0.00404656218030091,0.000581270985271721
"X1313211","PFBS",0.00117792255124213,0.000403109030797451,0.000356816325360919,0.00199902877712334,0.0063308585583846,40,0.00116965565649916,0.000400279931444501,0.094962878375769,"Lentisphaeria","Class","Lentisphaeria","d__Bacteria;p__Lentisphaerota;c__;o__;f__;g___c__Lentisphaeria",NA,NA
"X1313211","PFHxS",0.000553637510300868,0.000632080339801252,-0.000733868009585894,0.00184114303018763,0.387613567960464,40,0.000549956755631258,0.000627878072760084,0.627403893531203,"Lentisphaeria","Class","Lentisphaeria","d__Bacteria;p__Lentisphaerota;c__;o__;f__;g___c__Lentisphaeria",NA,NA
"X1313211","PFNA",-0.000134993337754325,0.000401267974188858,-0.000952349454042298,0.000682362778533648,0.738752714785077,40,-0.000209012272047264,0.000621289408649567,0.852406978598166,"Lentisphaeria","Class","Lentisphaeria","d__Bacteria;p__Lentisphaerota;c__;o__;f__;g___c__Lentisphaeria",NA,NA
"X1313211","PFOA",0.00115604082579282,0.000469066780528047,0.000200583060225758,0.00211149859135988,0.0192733987454153,40,0.000993011763003924,0.000402917284845274,0.289100981181229,"Lentisphaeria","Class","Lentisphaeria","d__Bacteria;p__Lentisphaerota;c__;o__;f__;g___c__Lentisphaeria",NA,NA
"X1313211","PFOS",0.000444835666114308,0.000603285198919251,-0.000784016071180275,0.00167368740340889,0.466278771969544,40,0.000399242224633094,0.000541451469052952,0.676447059888634,"Lentisphaeria","Class","Lentisphaeria","d__Bacteria;p__Lentisphaerota;c__;o__;f__;g___c__Lentisphaeria",NA,NA
"X1497346","PFOA",-0.0006288526849194,0.000543234560248144,-0.00173538527400873,0.00047767990416993,0.25559175045022,40,-0.000540169602482082,0.000466625655739036,0.87062330290271,"Thermoleophilia","Class","Thermoleophilia","d__Bacteria;p__Actinomycetota;c__;o__;f__;g___c__Thermoleophilia",NA,NA
"X1497346","PFOS",-0.00100079810748555,0.000635150040079111,-0.00229455640222271,0.000292960187251608,0.124933884214806,40,-0.000898221283224282,0.000570050322610196,0.38085033757427,"Thermoleophilia","Class","Thermoleophilia","d__Bacteria;p__Actinomycetota;c__;o__;f__;g___c__Thermoleophilia",NA,NA
"X1497346","PFNA",0.000182052407922861,0.000434444452176413,-0.000702881982596532,0.00106698679844225,0.677981793390169,40,0.000281874557993979,0.000672657062476487,0.852406978598166,"Thermoleophilia","Class","Thermoleophilia","d__Bacteria;p__Actinomycetota;c__;o__;f__;g___c__Thermoleophilia",NA,NA
"X1497346","PFBS",0.000502745600486982,0.000483605284617392,-0.000482326128823696,0.00148781732979766,0.306327301474405,40,0.000499217231871121,0.000480211246545142,0.574363690264509,"Thermoleophilia","Class","Thermoleophilia","d__Bacteria;p__Actinomycetota;c__;o__;f__;g___c__Thermoleophilia",NA,NA
"X1497346","PFHxS",0.00130631698694052,0.00065357065971903,-2.49628821483885e-05,0.00263759685602943,0.0541913525034013,40,0.00129763218459203,0.000649225518335142,0.430220038056917,"Thermoleophilia","Class","Thermoleophilia","d__Bacteria;p__Actinomycetota;c__;o__;f__;g___c__Thermoleophilia",NA,NA
"X1676648","PFBS",-0.000254140621960795,0.00051359620023048,-0.00130030184728467,0.00079202060336308,0.62410364632964,40,-0.000252357012529557,0.00050999167994753,0.668682478210329,"Limnochordia","Class","Limnochordia","d__Bacteria;p__Bacillota;c__;o__;f__;g___c__Limnochordia",NA,NA
"X1676648","PFHxS",0.0010795951673578,0.000701290305445826,-0.00034888643925012,0.00250807677396573,0.133527827172695,40,0.00107241768230738,0.000696627908988767,0.514897464246265,"Limnochordia","Class","Limnochordia","d__Bacteria;p__Bacillota;c__;o__;f__;g___c__Limnochordia",NA,NA
"X1676648","PFNA",-0.000253018214811045,0.000454573214681894,-0.00117895355284044,0.000672917123218352,0.581668644209416,40,-0.000391752014038223,0.000703822736684996,0.852406978598166,"Limnochordia","Class","Limnochordia","d__Bacteria;p__Bacillota;c__;o__;f__;g___c__Limnochordia",NA,NA
"X1676648","PFOA",0.000101187330613505,0.000581116735741845,-0.00108250872486175,0.00128488338608876,0.862863646349469,40,8.69175268938e-05,0.000499165549689257,0.924324445627188,"Limnochordia","Class","Limnochordia","d__Bacteria;p__Bacillota;c__;o__;f__;g___c__Limnochordia",NA,NA
"X1676648","PFOS",0.00164956124649334,0.000626804290695057,0.000372802686952717,0.00292631980603396,0.0129645802899836,40,0.00148048942988602,0.000562559970994677,0.194468704349754,"Limnochordia","Class","Limnochordia","d__Bacteria;p__Bacillota;c__;o__;f__;g___c__Limnochordia",NA,NA
"X1853228","PFHxS",-0.00184905688195976,0.000937883919251341,-0.00375946390937786,6.13501454583365e-05,0.0573626717409223,40,-0.00183676377568351,0.000931648574732398,0.430220038056917,"Chitinophagia","Class","Chitinophagia","d__Bacteria;p__Bacteroidota;c__;o__;f__;g___c__Chitinophagia",NA,NA
"X1853228","PFNA",0.000887111059376787,0.000604183225354293,-0.00034356989790664,0.00211779201666021,0.151789726015636,40,0.0013735277693188,0.000935466229407298,0.37947431503909,"Chitinophagia","Class","Chitinophagia","d__Bacteria;p__Bacteroidota;c__;o__;f__;g___c__Chitinophagia",NA,NA
"X1853228","PFOA",0.000342804105024441,0.00079219525470337,-0.00127084482381172,0.0019564530338606,0.668115835734673,40,0.000294460628985009,0.000680477011680657,0.87062330290271,"Chitinophagia","Class","Chitinophagia","d__Bacteria;p__Bacteroidota;c__;o__;f__;g___c__Chitinophagia",NA,NA
"X1853228","PFOS",-0.000904264786634718,0.000931104479173557,-0.00280086254650839,0.000992332973238953,0.338745529897912,40,-0.000811582147238716,0.000835670904894495,0.635147868558585,"Chitinophagia","Class","Chitinophagia","d__Bacteria;p__Bacteroidota;c__;o__;f__;g___c__Chitinophagia",NA,NA
"X1853228","PFBS",-0.000503753657128004,0.000698891877042185,-0.00192734982494865,0.00091984251069264,0.476272339088398,40,-0.000500218213770142,0.000693986914845703,0.649462280575088,"Chitinophagia","Class","Chitinophagia","d__Bacteria;p__Bacteroidota;c__;o__;f__;g___c__Chitinophagia",NA,NA
"X186801","PFNA",3.68421159325604e-05,0.00047452827643225,-0.000929740352746941,0.00100342458461206,0.938598296527608,40,5.70432177335093e-05,0.000734719467328665,0.938598296527608,"Clostridia","Class","Clostridia","d__Bacteria;p__Bacillota;c__;o__;f__;g___c__Clostridia",NA,NA
"X186801","PFOA",-0.000237172609367953,0.000602597496548939,-0.00146462354277407,0.000990278324038164,0.696498642322168,40,-0.000203725669293032,0.000517617015834572,0.87062330290271,"Clostridia","Class","Clostridia","d__Bacteria;p__Bacillota;c__;o__;f__;g___c__Clostridia",NA,NA
"X186801","PFHxS",2.88036668980879e-05,0.000755107728118196,-0.00150930044241027,0.00156690777620645,0.969808968357399,40,2.86121711459677e-05,0.0007500875366669,0.969808968357399,"Clostridia","Class","Clostridia","d__Bacteria;p__Bacillota;c__;o__;f__;g___c__Clostridia",NA,NA
"X186801","PFOS",0.000823914417168862,0.000703339789112685,-0.000608741851056964,0.00225657068539469,0.250074162050614,40,0.000739467290676391,0.000631250961801616,0.625185405126535,"Clostridia","Class","Clostridia","d__Bacteria;p__Bacillota;c__;o__;f__;g___c__Clostridia",NA,NA
"X186801","PFBS",0.000390992358518465,0.000531175424987569,-0.000690976575865305,0.00147296129290223,0.467038490425092,40,0.000388248296381467,0.000527447530208922,0.649462280575088,"Clostridia","Class","Clostridia","d__Bacteria;p__Bacillota;c__;o__;f__;g___c__Clostridia",NA,NA
"X200643","PFNA",0.000477322500721785,0.000422758453222302,-0.00038380828887634,0.00133845329031991,0.267263020358251,40,0.000739045807999108,0.000654563449612527,0.572706472196252,"Bacteroidia","Class","Bacteroidia","d__Bacteria;p__Bacteroidota;c__;o__;f__;g___c__Bacteroidia",NA,NA
"X200643","PFHxS",0.000479972474421108,0.000680679496203631,-0.000906526287605692,0.00186647123644791,0.485826162292918,40,0.000476781467862413,0.000676154126828284,0.627403893531203,"Bacteroidia","Class","Bacteroidia","d__Bacteria;p__Bacteroidota;c__;o__;f__;g___c__Bacteroidia",NA,NA
"X200643","PFOS",0.00040765036555862,0.00064846975234332,-0.000913239295214803,0.00172854002633204,0.534050249223312,40,0.000365868232283999,0.000582004830669964,0.676447059888634,"Bacteroidia","Class","Bacteroidia","d__Bacteria;p__Bacteroidota;c__;o__;f__;g___c__Bacteroidia",NA,NA
"X200643","PFOA",0.00030770277460513,0.000546013672043721,-0.000804490679965815,0.00141989622917608,0.576992590568723,40,0.000264309415268522,0.000469012847127211,0.87062330290271,"Bacteroidia","Class","Bacteroidia","d__Bacteria;p__Bacteroidota;c__;o__;f__;g___c__Bacteroidia",NA,NA
"X200643","PFBS",-0.000989596727236646,0.000454047083231185,-0.00191446037057105,-6.47330839022424e-05,0.0367660192629187,40,-0.000982651540582881,0.000450860490495128,0.113880463193235,"Bacteroidia","Class","Bacteroidia","d__Bacteria;p__Bacteroidota;c__;o__;f__;g___c__Bacteroidia",NA,NA
"X2008785","PFOS",-0.000292653361161189,0.000632290646554594,-0.00158058726188619,0.00099528053956381,0.646606817339025,40,-0.000262657848407149,0.000567484002688502,0.746084789237336,"Hydrogenophilia","Class","Hydrogenophilia","d__Bacteria;p__Pseudomonadota;c__;o__;f__;g___c__Hydrogenophilia",NA,NA
"X2008785","PFBS",-0.00048469467479359,0.000465291492896472,-0.00143246243110274,0.000463073081515564,0.305356892096656,40,-0.000481292991164414,0.000462025984656971,0.574363690264509,"Hydrogenophilia","Class","Hydrogenophilia","d__Bacteria;p__Pseudomonadota;c__;o__;f__;g___c__Hydrogenophilia",NA,NA
"X2008785","PFOA",-0.000427286588514991,0.00052815581118855,-0.00150310477086717,0.000648531593837185,0.424480434621481,40,-0.000367029086778329,0.000453673366465608,0.87062330290271,"Hydrogenophilia","Class","Hydrogenophilia","d__Bacteria;p__Pseudomonadota;c__;o__;f__;g___c__Hydrogenophilia",NA,NA
"X2008785","PFHxS",0.000469828429599168,0.000661771089715806,-0.000878155168780884,0.00181781202797922,0.482873232803828,40,0.000466704863811107,0.000657371429318229,0.627403893531203,"Hydrogenophilia","Class","Hydrogenophilia","d__Bacteria;p__Pseudomonadota;c__;o__;f__;g___c__Hydrogenophilia",NA,NA
"X2008785","PFNA",0.000185370059216524,0.00041788277307915,-0.000665829294925969,0.00103656941335902,0.66032150356976,40,0.000287011328787891,0.000647014358661457,0.852406978598166,"Hydrogenophilia","Class","Hydrogenophilia","d__Bacteria;p__Pseudomonadota;c__;o__;f__;g___c__Hydrogenophilia",NA,NA
"X2138243","PFBS",0.000452036968887238,0.000271051920890645,-0.000100077726583826,0.0010041516643583,0.105131104289315,40,0.000448864483533441,0.000269149624600009,0.262827760723288,"Coprothermobacteria","Class","Coprothermobacteria","d__Bacteria;p__Coprothermobacterota;c__;o__;f__;g___c__Coprothermobacteria",NA,NA
"X2138243","PFHxS",0.000112651120685116,0.000397870496999369,-0.00069778456103194,0.000923086802402172,0.778896876283301,40,0.000111902180935219,0.000395225329967723,0.834532367446393,"Coprothermobacteria","Class","Coprothermobacteria","d__Bacteria;p__Coprothermobacterota;c__;o__;f__;g___c__Coprothermobacteria",NA,NA
"X2138243","PFNA",-0.00038570706661334,0.000240898970270394,-0.000876402211562311,0.00010498807833563,0.119178781223729,40,-0.000597196214855103,0.000372987600333988,0.357536343671186,"Coprothermobacteria","Class","Coprothermobacteria","d__Bacteria;p__Coprothermobacterota;c__;o__;f__;g___c__Coprothermobacteria",NA,NA
"X2138243","PFOA",-7.51264888100248e-05,0.000318393914834994,-0.000723673670292221,0.000573420692672171,0.814971660747069,40,-6.45318793567479e-05,0.000273492852195067,0.924324445627188,"Coprothermobacteria","Class","Coprothermobacteria","d__Bacteria;p__Coprothermobacterota;c__;o__;f__;g___c__Coprothermobacteria",NA,NA
"X2138243","PFOS",-0.000117851245839298,0.000378348320201146,-0.000888521554699132,0.000652819063020535,0.757449442255115,40,-0.000105772079778721,0.000339569500716438,0.757449442255115,"Coprothermobacteria","Class","Coprothermobacteria","d__Bacteria;p__Coprothermobacterota;c__;o__;f__;g___c__Coprothermobacteria",NA,NA
"X2907184","PFOA",-0.00057017616444636,0.000604829476101737,-0.00180217349142549,0.000661821162532774,0.352894702822188,40,-0.000489767857369049,0.00051953423354978,0.87062330290271,"Tichowtungiia","Class","Tichowtungiia","d__Bacteria;p__Kiritimatiellota;c__;o__;f__;g___c__Tichowtungiia",NA,NA
"X2907184","PFOS",-0.00114528643388237,0.000700428163289072,-0.0025720119143844,0.000281439046619656,0.11182369432507,40,-0.00102790027539699,0.000628637763131481,0.38085033757427,"Tichowtungiia","Class","Tichowtungiia","d__Bacteria;p__Kiritimatiellota;c__;o__;f__;g___c__Tichowtungiia",NA,NA
"X2907184","PFNA",0.000184896953249943,0.000480624983555659,-0.000794104101454541,0.00116389800795443,0.703003851350423,40,0.000286278811504896,0.000744159093232201,0.852406978598166,"Tichowtungiia","Class","Tichowtungiia","d__Bacteria;p__Kiritimatiellota;c__;o__;f__;g___c__Tichowtungiia",NA,NA
"X2907184","PFBS",0.00112073689301397,0.000506358394046477,8.93185964397931e-05,0.00215215518958815,0.0341259309883215,40,0.00111287133859417,0.000502804670126863,0.113880463193235,"Tichowtungiia","Class","Tichowtungiia","d__Bacteria;p__Kiritimatiellota;c__;o__;f__;g___c__Tichowtungiia",NA,NA
"X2907184","PFHxS",-0.00112803204545502,0.000740128551613716,-0.00263562457068383,0.000379560479773788,0.137305990465671,40,-0.00112053253694715,0.000735207946394999,0.514897464246265,"Tichowtungiia","Class","Tichowtungiia","d__Bacteria;p__Kiritimatiellota;c__;o__;f__;g___c__Tichowtungiia",NA,NA
"X3031419","PFOA",0.000222248583986979,0.000541563500704425,-0.000880880168198843,0.0013253773361728,0.684259701156413,40,0.000190906284004877,0.000465190255062373,0.87062330290271,"Bacteriovoracia","Class","Bacteriovoracia","d__Bacteria;p__Bdellovibrionota;c__;o__;f__;g___c__Bacteriovoracia",NA,NA
"X3031419","PFOS",-0.000506401634980553,0.000639412443183644,-0.00180884216072461,0.0007960388907635,0.434204532085472,40,-0.000454497988152593,0.000573875850613834,0.676447059888634,"Bacteriovoracia","Class","Bacteriovoracia","d__Bacteria;p__Bdellovibrionota;c__;o__;f__;g___c__Bacteriovoracia",NA,NA
"X3031419","PFNA",-7.82194991334127e-05,0.000426371326801742,-0.000946709471391205,0.00079027047312438,0.855599353231693,40,-0.000121108459900642,0.000660157317636093,0.916713592748243,"Bacteriovoracia","Class","Bacteriovoracia","d__Bacteria;p__Bdellovibrionota;c__;o__;f__;g___c__Bacteriovoracia",NA,NA
"X3031419","PFBS",-0.000155146198063416,0.000480719280579106,-0.00113433932951915,0.000824046933392317,0.74899332519593,40,-0.000154057351188204,0.000477345497057198,0.74899332519593,"Bacteriovoracia","Class","Bacteriovoracia","d__Bacteria;p__Bdellovibrionota;c__;o__;f__;g___c__Bacteriovoracia",NA,NA
"X3031419","PFHxS",-0.000579588006391622,0.000671007521890219,-0.00194638560144234,0.000787209588659098,0.394149287825029,40,-0.000575734724738404,0.000666546454813679,0.627403893531203,"Bacteriovoracia","Class","Bacteriovoracia","d__Bacteria;p__Bdellovibrionota;c__;o__;f__;g___c__Bacteriovoracia",NA,NA
"X3031449","PFBS",0.000680799756765429,0.0003144701796239,4.02449623656195e-05,0.00132135455116524,0.0379601543977449,40,0.000676021768667412,0.000312263165357968,0.113880463193235,"Desulfovibrionia","Class","Desulfovibrionia","d__Bacteria;p__Thermodesulfobacteriota;c__;o__;f__;g___c__Desulfovibrionia",NA,NA
"X3031449","PFHxS",-0.000589783547173367,0.000463081237657496,-0.00153304916088869,0.000353482066541958,0.211976393335641,40,-0.000585862482388328,0.000460002529303739,0.529940983339102,"Desulfovibrionia","Class","Desulfovibrionia","d__Bacteria;p__Thermodesulfobacteriota;c__;o__;f__;g___c__Desulfovibrionia",NA,NA
"X3031449","PFNA",-0.000206838775038399,0.000296068161007794,-0.000809909884132089,0.000396232334055291,0.48983684137793,40,-0.000320251673433887,0.000458406911352271,0.852406978598166,"Desulfovibrionia","Class","Desulfovibrionia","d__Bacteria;p__Thermodesulfobacteriota;c__;o__;f__;g___c__Desulfovibrionia",NA,NA
"X3031449","PFOA",0.000419200970188842,0.000372408207751972,-0.000339369725559366,0.00117777166593705,0.26868591064534,40,0.000360083731623143,0.00031988985396195,0.87062330290271,"Desulfovibrionia","Class","Desulfovibrionia","d__Bacteria;p__Thermodesulfobacteriota;c__;o__;f__;g___c__Desulfovibrionia",NA,NA
"X3031449","PFOS",-0.000681828079776177,0.000435115229242225,-0.00156812879846695,0.000204472638914598,0.126950112524757,40,-0.000611944095591474,0.000390518084154172,0.38085033757427,"Desulfovibrionia","Class","Desulfovibrionia","d__Bacteria;p__Thermodesulfobacteriota;c__;o__;f__;g___c__Desulfovibrionia",NA,NA
"X3031647","PFBS",-0.00139148648002952,0.00063527154297424,-0.0026854922680651,-9.74806919939444e-05,0.035897724759199,40,-0.00138172075115835,0.000630813080935767,0.113880463193235,"Desulfobaccia","Class","Desulfobaccia","d__Bacteria;p__Thermodesulfobacteriota;c__;o__;f__;g___c__Desulfobaccia",NA,NA
"X3031647","PFHxS",-0.00120123652538135,0.000936579532910781,-0.0031089866047696,0.000706513554006913,0.208852991881585,40,-0.00119325033068204,0.000930352860358647,0.529940983339102,"Desulfobaccia","Class","Desulfobaccia","d__Bacteria;p__Thermodesulfobacteriota;c__;o__;f__;g___c__Desulfobaccia",NA,NA
"X3031647","PFNA",0.00119402487471794,0.000565438941269158,4.22634415560151e-05,0.00234578630787987,0.0426143320983104,40,0.00184872717496571,0.000875477855312747,0.159803745368664,"Desulfobaccia","Class","Desulfobaccia","d__Bacteria;p__Thermodesulfobacteriota;c__;o__;f__;g___c__Desulfobaccia",NA,NA
"X3031647","PFOA",0.000370628630561472,0.000765423756827643,-0.00118848854159725,0.0019297458027202,0.631531891070215,40,0.000318361239189952,0.000657480927363652,0.87062330290271,"Desulfobaccia","Class","Desulfobaccia","d__Bacteria;p__Thermodesulfobacteriota;c__;o__;f__;g___c__Desulfobaccia",NA,NA
"X3031647","PFOS",-0.000331548058969591,0.000911587505140405,-0.00218839104367169,0.00152529492573251,0.718471010014507,40,-0.000297566033299563,0.000818154323548476,0.757449442255115,"Desulfobaccia","Class","Desulfobaccia","d__Bacteria;p__Thermodesulfobacteriota;c__;o__;f__;g___c__Desulfobaccia",NA,NA
"X388447","PFOS",0.000693420224675992,0.000670282480177773,-0.000671900508735248,0.00205874095808723,0.308648631205646,40,0.000622348103342242,0.000601581862480415,0.635147868558585,"Ktedonobacteria","Class","Ktedonobacteria","d__Bacteria;p__Chloroflexota;c__;o__;f__;g___c__Ktedonobacteria",NA,NA
"X388447","PFHxS",0.000738512683327728,0.00070437350773941,-0.000696249200836629,0.00217327456749208,0.302277957635558,40,0.000733602820904845,0.000699690613192846,0.627403893531203,"Ktedonobacteria","Class","Ktedonobacteria","d__Bacteria;p__Chloroflexota;c__;o__;f__;g___c__Ktedonobacteria",NA,NA
"X388447","PFBS",-0.000276113899821585,0.000505812721678405,-0.00130642069815463,0.000754192898511463,0.58893294234758,40,-0.00027417607755603,0.000502262827395999,0.668682478210329,"Ktedonobacteria","Class","Ktedonobacteria","d__Bacteria;p__Chloroflexota;c__;o__;f__;g___c__Ktedonobacteria",NA,NA
"X388447","PFOA",-0.000531410814617977,0.000565300265385004,-0.00168288977424754,0.000620068145011583,0.354234015487659,40,-0.000456469337526424,0.000485579575246897,0.87062330290271,"Ktedonobacteria","Class","Ktedonobacteria","d__Bacteria;p__Chloroflexota;c__;o__;f__;g___c__Ktedonobacteria",NA,NA
"X388447","PFNA",-0.00137485838867211,0.000378979090319297,-0.00214681353421767,-0.00060290324312656,0.000983744228459907,40,-0.00212871450058202,0.000586779185134294,0.00491872114229953,"Ktedonobacteria","Class","Ktedonobacteria","d__Bacteria;p__Chloroflexota;c__;o__;f__;g___c__Ktedonobacteria",NA,NA
"X641853","PFBS",-0.000462968075424097,0.000592506147094035,-0.00166986360264501,0.000743927451796817,0.440326352354488,40,-0.000459718873390524,0.000588347821109507,0.649462280575088,"Elusimicrobia","Class","Elusimicrobia","d__Bacteria;p__Elusimicrobiota;c__;o__;f__;g___c__Elusimicrobia",NA,NA
"X641853","PFHxS",0.00025262925352419,0.000842018710815638,-0.00146250673435347,0.00196776524140185,0.766096157010048,40,0.000250949695533107,0.000836420708071841,0.834532367446393,"Elusimicrobia","Class","Elusimicrobia","d__Bacteria;p__Elusimicrobiota;c__;o__;f__;g___c__Elusimicrobia",NA,NA
"X641853","PFNA",-0.00168058600252676,0.000438817658567175,-0.00257442832296133,-0.000786743682092189,0.000563549375223715,40,-0.00260207729212689,0.000679428165547724,0.00422662031417787,"Elusimicrobia","Class","Elusimicrobia","d__Bacteria;p__Elusimicrobiota;c__;o__;f__;g___c__Elusimicrobia",NA,NA
"X641853","PFOA",-6.45681505476307e-05,0.000674414217692568,-0.00143830495786918,0.00130916865677392,0.924324445627188,40,-5.54625161834002e-05,0.00057930588294451,0.924324445627188,"Elusimicrobia","Class","Elusimicrobia","d__Bacteria;p__Elusimicrobiota;c__;o__;f__;g___c__Elusimicrobia",NA,NA
"X641853","PFOS",0.00124339774283528,0.000771332657934664,-0.000327755467011546,0.0028145509526821,0.116779963696128,40,0.00111595566355905,0.000692274900023102,0.38085033757427,"Elusimicrobia","Class","Elusimicrobia","d__Bacteria;p__Elusimicrobiota;c__;o__;f__;g___c__Elusimicrobia",NA,NA
"X795747","PFOS",-0.000282147954117195,0.00045678684910094,-0.00121259231790498,0.000648296409670588,0.541157647910907,40,-0.000253229193291527,0.000409968470853994,0.676447059888634,"Ignavibacteria","Class","Ignavibacteria","d__Bacteria;p__Ignavibacteriota;c__;o__;f__;g___c__Ignavibacteria",NA,NA
"X795747","PFBS",0.000192666205544759,0.000340982858543317,-0.000501893148570462,0.00088722555965998,0.575992232261846,40,0.000191314035794645,0.000338589773023592,0.668682478210329,"Ignavibacteria","Class","Ignavibacteria","d__Bacteria;p__Ignavibacteriota;c__;o__;f__;g___c__Ignavibacteria",NA,NA
"X795747","PFHxS",0.000325749713306591,0.000479640085599887,-0.000651245169911875,0.00130274459652506,0.501923114824962,40,0.000323584027716166,0.00047645128886564,0.627403893531203,"Ignavibacteria","Class","Ignavibacteria","d__Bacteria;p__Ignavibacteriota;c__;o__;f__;g___c__Ignavibacteria",NA,NA
"X795747","PFNA",0.00096660131341145,0.000250953929630495,0.000455424886474755,0.00147777774034814,0.000530246505864428,40,0.00149660375868085,0.00038855584937619,0.00422662031417787,"Ignavibacteria","Class","Ignavibacteria","d__Bacteria;p__Ignavibacteriota;c__;o__;f__;g___c__Ignavibacteria",NA,NA
"X795747","PFOA",-0.00038521971954902,0.000380391019148366,-0.0011600508700051,0.000389611430907057,0.318802666892716,40,-0.000330894639980305,0.000326746900392836,0.87062330290271,"Ignavibacteria","Class","Ignavibacteria","d__Bacteria;p__Ignavibacteriota;c__;o__;f__;g___c__Ignavibacteria",NA,NA
"X1313211","Mixture",0.00232371480635203,NA,0.00050796771912932,0.00413946189357474,0.0184426523364734,40,0.00295063742506745,NA,0.2766397850471,"Lentisphaeria","Class","Lentisphaeria","d__Bacteria;p__Lentisphaerota;c__;o__;f__;g___c__Lentisphaeria",0.000655668248699292,0.0052456066014356
"X1497346","Mixture",-0.000153719440588065,NA,-0.00225372259733649,0.00194628371616035,0.88698549775148,40,0.000555498244356007,NA,0.985480847892244,"Thermoleophilia","Class","Thermoleophilia","d__Bacteria;p__Actinomycetota;c__;o__;f__;g___c__Thermoleophilia",-0.00230214959342092,0.00341314608213293
"X1676648","Mixture",0.00109003659799489,NA,-0.00141963560219116,0.00359970879818094,0.402101325875011,40,0.00172496456346907,NA,0.915908592956955,"Limnochordia","Class","Limnochordia","d__Bacteria;p__Bacillota;c__;o__;f__;g___c__Limnochordia",-0.00144110716519396,0.0048910362921321
"X1853228","Mixture",0.00118663391487669,NA,-0.0016440121062169,0.00401727993597028,0.418480814082479,40,-0.000624690204646615,NA,0.915908592956955,"Chitinophagia","Class","Chitinophagia","d__Bacteria;p__Bacteroidota;c__;o__;f__;g___c__Chitinophagia",-0.00457586854035451,0.00332648813106128
"X186801","Mixture",-0.000131760138471596,NA,-0.00267218105571907,0.00240866077877587,0.919782124699427,40,0.000850282702391541,NA,0.985480847892244,"Clostridia","Class","Clostridia","d__Bacteria;p__Bacillota;c__;o__;f__;g___c__Clostridia",-0.00270743481115991,0.00440800021594299
"X200643","Mixture",0.000372560046900534,NA,-0.00161056252237431,0.00235568261617538,0.7155882952048,40,0.00132495070984026,NA,0.915908592956955,"Bacteroidia","Class","Bacteroidia","d__Bacteria;p__Bacteroidota;c__;o__;f__;g___c__Bacteroidia",-0.00139328512428763,0.00404318654396815
"X2008785","Mixture",-0.000409818637753911,NA,-0.00235085432446048,0.00153121704895265,0.682278321865355,40,-0.000294239076249064,NA,0.915908592956955,"Hydrogenophilia","Class","Hydrogenophilia","d__Bacteria;p__Pseudomonadota;c__;o__;f__;g___c__Hydrogenophilia",-0.00324646024001414,0.00265798208751601
"X2138243","Mixture",0.000309953360432706,NA,-0.00102695429335929,0.0016468610142247,0.653169591183425,40,-0.00052183298235459,NA,0.915908592956955,"Coprothermobacteria","Class","Coprothermobacteria","d__Bacteria;p__Coprothermobacterota;c__;o__;f__;g___c__Coprothermobacteria",-0.00225782668120316,0.00121416071649398
"X2907184","Mixture",-0.000631920418428958,NA,-0.00331111674208489,0.00204727590522698,0.647583626124856,40,-0.0012892146714306,NA,0.915908592956955,"Tichowtungiia","Class","Tichowtungiia","d__Bacteria;p__Kiritimatiellota;c__;o__;f__;g___c__Tichowtungiia",-0.00483238202380059,0.00225395268093939
"X3031419","Mixture",-8.54193982003895e-06,NA,-0.00250863395032839,0.00249155007068831,0.994706231148482,40,-0.00102214093494537,NA,0.994706231148482,"Bacteriovoracia","Class","Bacteriovoracia","d__Bacteria;p__Bdellovibrionota;c__;o__;f__;g___c__Bacteriovoracia",-0.00427098863526992,0.00222670676537917
"X3031449","Mixture",-0.000232518844023689,NA,-0.00155326163930262,0.00108822395125524,0.732726874365564,40,-0.000501254677021236,NA,0.915908592956955,"Desulfovibrionia","Class","Desulfovibrionia","d__Bacteria;p__Thermodesulfobacteriota;c__;o__;f__;g___c__Desulfovibrionia",-0.00252501053917009,0.00152250118512762
"X3031647","Mixture",-0.00102962845979493,NA,-0.00376390433186623,0.00170464741227637,0.466850438178059,40,0.000392751309039764,NA,0.915908592956955,"Desulfobaccia","Class","Desulfobaccia","d__Bacteria;p__Thermodesulfobacteriota;c__;o__;f__;g___c__Desulfobaccia",-0.00342238515913453,0.00420788777721406
"X388447","Mixture",-0.00146140608541277,NA,-0.00349881703018484,0.000576004859359307,0.171171478626969,40,-0.00257610136501909,NA,0.641893044851133,"Ktedonobacteria","Class","Ktedonobacteria","d__Bacteria;p__Chloroflexota;c__;o__;f__;g___c__Ktedonobacteria",-0.00509599155289111,-5.6211177147083e-05
"X641853","Mixture",-0.0023402728379595,NA,-0.00495625893405799,0.000275713258138984,0.0908825163475648,40,-0.00289088198846801,NA,0.641893044851133,"Elusimicrobia","Class","Elusimicrobia","d__Bacteria;p__Elusimicrobiota;c__;o__;f__;g___c__Elusimicrobia",-0.00634025475915119,0.00055849078221517
"X795747","Mixture",0.00111668807569895,NA,-0.000437391671907399,0.00267076782330529,0.170442707776502,40,0.00192127094597232,NA,0.641893044851133,"Ignavibacteria","Class","Ignavibacteria","d__Bacteria;p__Ignavibacteriota;c__;o__;f__;g___c__Ignavibacteria",4.44960131150288e-05,0.0037980458788296
"X1134404","PFHxS",0.000171134293396596,0.00107762734938261,-0.00202392078638538,0.00236618937317857,0.874819311123003,40,0.000169996539292458,0.00107046294699921,0.992558395135284,"Ignavibacteriota","Phylum","Ignavibacteriota","d__Bacteria;p__;c__;o__;f__;g___p__Ignavibacteriota",NA,NA
"X1134404","PFOA",-0.00101371021597313,0.000843552172812905,-0.00273196976372396,0.00070454933177769,0.238291935847274,40,-0.000870753131100038,0.000724591391256675,0.533979319959462,"Ignavibacteriota","Phylum","Ignavibacteriota","d__Bacteria;p__;c__;o__;f__;g___p__Ignavibacteriota",NA,NA
"X1134404","PFNA",0.00112008330082092,0.000647943858574405,-0.000199735149399483,0.00243990175104132,0.0935064177548573,40,0.0017342422928518,0.00100322149442792,0.261460074865765,"Ignavibacteriota","Phylum","Ignavibacteriota","d__Bacteria;p__;c__;o__;f__;g___p__Ignavibacteriota",NA,NA
"X1134404","PFBS",0.000674890939130082,0.000755360460589092,-0.00086372796937522,0.00221350984763538,0.378276807001937,40,0.000670154420289441,0.000750059190642177,0.946623709248564,"Ignavibacteriota","Phylum","Ignavibacteriota","d__Bacteria;p__;c__;o__;f__;g___p__Ignavibacteriota",NA,NA
"X1134404","PFOS",0.000370818780078393,0.00102332743924035,-0.00171363100218792,0.0024552685623447,0.719461058950142,40,0.000332811700975849,0.000918441470620342,0.883456531465342,"Ignavibacteriota","Phylum","Ignavibacteriota","d__Bacteria;p__;c__;o__;f__;g___p__Ignavibacteriota",NA,NA
"X142182","PFBS",-0.000449711707560171,0.000554017290367573,-0.0015782079991633,0.000678784584042956,0.422944593795429,40,-0.000446555541352841,0.000550129086834645,0.946623709248564,"Gemmatimonadota","Phylum","Gemmatimonadota","d__Bacteria;p__;c__;o__;f__;g___p__Gemmatimonadota",NA,NA
"X142182","PFHxS",-0.000431784033012517,0.00078531190860832,-0.00203141204467309,0.00116784397864806,0.586256867802983,40,-0.000428913398226752,0.000780090910354174,0.992558395135284,"Gemmatimonadota","Phylum","Gemmatimonadota","d__Bacteria;p__;c__;o__;f__;g___p__Gemmatimonadota",NA,NA
"X142182","PFOA",2.25423058810569e-05,0.000631149864288406,-0.00126306789740832,0.00130815250917043,0.971730487311973,40,1.93633082895411e-05,0.000542142825299355,0.971730487311973,"Gemmatimonadota","Phylum","Gemmatimonadota","d__Bacteria;p__;c__;o__;f__;g___p__Gemmatimonadota",NA,NA
"X142182","PFNA",-0.000678322540140065,0.000481153454851735,-0.00165840005564859,0.000301754975368457,0.168249128453466,40,-0.00105025727679664,0.000744977333510885,0.261460074865765,"Gemmatimonadota","Phylum","Gemmatimonadota","d__Bacteria;p__;c__;o__;f__;g___p__Gemmatimonadota",NA,NA
"X142182","PFOS",0.000532584643465613,0.000744566752501087,-0.000984048201135657,0.00204921748806688,0.479613778819787,40,0.000477997368601275,0.000668252366661593,0.883456531465342,"Gemmatimonadota","Phylum","Gemmatimonadota","d__Bacteria;p__;c__;o__;f__;g___p__Gemmatimonadota",NA,NA
"X1936987","PFBS",-9.41918794672028e-05,0.000309762393074621,-0.000725157226470894,0.000536773467536488,0.763037185059724,40,-9.35308221231719e-05,0.000307588418991029,0.946623709248564,"Balneolota","Phylum","Balneolota","d__Bacteria;p__;c__;o__;f__;g___p__Balneolota",NA,NA
"X1936987","PFOS",-0.000357252214065437,0.000411140404693643,-0.0011947178132296,0.000480213385098725,0.391356207187205,40,-0.000320635640447797,0.000369000559780341,0.883456531465342,"Balneolota","Phylum","Balneolota","d__Bacteria;p__;c__;o__;f__;g___p__Balneolota",NA,NA
"X1936987","PFNA",-0.000307360082583642,0.000269412064798816,-0.000856134500502784,0.000241414335335499,0.262396767500803,40,-0.000475890368118432,0.000417134865448135,0.299882020000918,"Balneolota","Phylum","Balneolota","d__Bacteria;p__;c__;o__;f__;g___p__Balneolota",NA,NA
"X1936987","PFHxS",-2.8468142579915e-05,0.000437281705094336,-0.000919181828171655,0.000862245543011825,0.94849738879027,40,-2.82788774980039e-05,0.000434374520071619,0.992558395135284,"Balneolota","Phylum","Balneolota","d__Bacteria;p__;c__;o__;f__;g___p__Balneolota",NA,NA
"X1936987","PFOA",0.000470399945962267,0.000339794977722217,-0.0002217397741004,0.00116253966602493,0.175825698103007,40,0.000404062442463131,0.000291875859709724,0.533979319959462,"Balneolota","Phylum","Balneolota","d__Bacteria;p__;c__;o__;f__;g___p__Balneolota",NA,NA
"X200783","PFOA",-0.000429226299388476,0.000390948087418987,-0.00122556149421417,0.000367108895437214,0.280436061544659,40,-0.000368695252601561,0.000335815172673249,0.533979319959462,"Aquificota","Phylum","Aquificota","d__Bacteria;p__;c__;o__;f__;g___p__Aquificota",NA,NA
"X200783","PFNA",-9.33526879597871e-05,0.000312442862537502,-0.000729777972588545,0.000543072596668971,0.767037215722348,40,-0.000144539410142625,0.000483760114908498,0.767037215722348,"Aquificota","Phylum","Aquificota","d__Bacteria;p__;c__;o__;f__;g___p__Aquificota",NA,NA
"X200783","PFBS",8.73877079001314e-05,0.000352809753277869,-0.000631262242449492,0.000806037658249755,0.805956166507179,40,8.67744035854477e-05,0.000350333664258632,0.946623709248564,"Aquificota","Phylum","Aquificota","d__Bacteria;p__;c__;o__;f__;g___p__Aquificota",NA,NA
"X200783","PFOS",-0.000175849182934004,0.000472517286768668,-0.0011383353997144,0.000786637033846394,0.712231518071916,40,-0.000157825517022376,0.000424086616963488,0.883456531465342,"Aquificota","Phylum","Aquificota","d__Bacteria;p__;c__;o__;f__;g___p__Aquificota",NA,NA
"X200783","PFHxS",0.00113690306344436,0.000455471505933668,0.00020913796601209,0.00206466816087664,0.0179009212837813,40,0.00112934457764489,0.000452443389447434,0.14320737027025,"Aquificota","Phylum","Aquificota","d__Bacteria;p__;c__;o__;f__;g___p__Aquificota",NA,NA
"X200918","PFOA",0.000243339712924642,0.00041369643068349,-0.000599332340804989,0.00108601176665427,0.560521288663933,40,0.00020902306557768,0.000355355462208448,0.747361718218578,"Thermotogota","Phylum","Thermotogota","d__Bacteria;p__;c__;o__;f__;g___p__Thermotogota",NA,NA
"X200918","PFBS",-0.000386799345577508,0.000362435308203075,-0.00112505590970359,0.000351457218548573,0.293856741344028,40,-0.000384084710839284,0.000359891665124935,0.946623709248564,"Thermotogota","Phylum","Thermotogota","d__Bacteria;p__;c__;o__;f__;g___p__Thermotogota",NA,NA
"X200918","PFOS",0.000126285709866789,0.000494061581066484,-0.000880084798330148,0.00113265621806373,0.799890030865513,40,0.000113342053228327,0.000443422728338603,0.883456531465342,"Thermotogota","Phylum","Thermotogota","d__Bacteria;p__;c__;o__;f__;g___p__Thermotogota",NA,NA
"X200918","PFNA",-0.000420150018114337,0.000318218642193597,-0.00106834018090907,0.000228040144680401,0.196095056149324,40,-0.000650524769204492,0.000492702843852366,0.261460074865765,"Thermotogota","Phylum","Thermotogota","d__Bacteria;p__;c__;o__;f__;g___p__Thermotogota",NA,NA
"X200918","PFHxS",9.7132491084698e-05,0.000519664289285471,-0.000961389027166373,0.00115565400933577,0.852908150458915,40,9.64867240196439e-05,0.000516209399174471,0.992558395135284,"Thermotogota","Phylum","Thermotogota","d__Bacteria;p__;c__;o__;f__;g___p__Thermotogota",NA,NA
"X203691","PFBS",-1.97527599778987e-05,0.000292743568045321,-0.000616051894812894,0.000576546374857096,0.946623709248564,40,-1.9614131179725e-05,0.000290689035460678,0.946623709248564,"Spirochaetota","Phylum","Spirochaetota","d__Bacteria;p__;c__;o__;f__;g___p__Spirochaetota",NA,NA
"X203691","PFNA",-0.000399647537487166,0.000249573725796062,-0.000908012581212734,0.000108717506238401,0.11913326180647,40,-0.000618780461449922,0.000386418858439288,0.261460074865765,"Spirochaetota","Phylum","Spirochaetota","d__Bacteria;p__;c__;o__;f__;g___p__Spirochaetota",NA,NA
"X203691","PFHxS",-6.80225609348161e-05,0.000412542485559879,-0.000908344105365641,0.000772298983496009,0.870070759866218,40,-6.7570325755405e-05,0.000409799774576818,0.992558395135284,"Spirochaetota","Phylum","Spirochaetota","d__Bacteria;p__;c__;o__;f__;g___p__Spirochaetota",NA,NA
"X203691","PFOA",0.000319253152630801,0.000325289758050479,-0.000343340401828288,0.00098184670708989,0.333737074974664,40,0.000274230917165972,0.000279416218633368,0.533979319959462,"Spirochaetota","Phylum","Spirochaetota","d__Bacteria;p__;c__;o__;f__;g___p__Spirochaetota",NA,NA
"X203691","PFOS",0.000178111255506832,0.000391305441195462,-0.00061895184514157,0.000975174356155235,0.65205888546959,40,0.000159855738416596,0.000351198581306576,0.883456531465342,"Spirochaetota","Phylum","Spirochaetota","d__Bacteria;p__;c__;o__;f__;g___p__Spirochaetota",NA,NA
"X40117","PFHxS",-0.00087329311609215,0.000730921735145123,-0.00236213196986896,0.000615545737684663,0.240952255775046,40,-0.000867487191357666,0.000726062339710928,0.963809023100185,"Nitrospirota","Phylum","Nitrospirota","d__Bacteria;p__;c__;o__;f__;g___p__Nitrospirota",NA,NA
"X40117","PFBS",8.27635726835046e-05,0.000529721328436471,-0.000996243463950722,0.00116177060931773,0.876825504257959,40,8.21827214694707e-05,0.000526003638796626,0.946623709248564,"Nitrospirota","Phylum","Nitrospirota","d__Bacteria;p__;c__;o__;f__;g___p__Nitrospirota",NA,NA
"X40117","PFNA",0.00109098772143646,0.000428055192667848,0.00021906782665008,0.00196290761622283,0.0158101747808365,40,0.00168919315742895,0.000662764473191711,0.126481398246692,"Nitrospirota","Phylum","Nitrospirota","d__Bacteria;p__;c__;o__;f__;g___p__Nitrospirota",NA,NA
"X40117","PFOA",-0.000212334262528769,0.000596412394204499,-0.00142718655473678,0.00100251802967925,0.724162694203409,40,-0.000182390116054274,0.000512304159016388,0.827614507661039,"Nitrospirota","Phylum","Nitrospirota","d__Bacteria;p__;c__;o__;f__;g___p__Nitrospirota",NA,NA
"X40117","PFOS",-0.000620859426451146,0.000702051241454596,-0.00205089100898757,0.00080917215608528,0.383103607692908,40,-0.000557224425743522,0.00063009448386437,0.883456531465342,"Nitrospirota","Phylum","Nitrospirota","d__Bacteria;p__;c__;o__;f__;g___p__Nitrospirota",NA,NA
"X95818","PFBS",0.00010541347286875,0.000271181741109429,-0.000446965657734612,0.000657792603472111,0.700058553959162,40,0.000104673660150351,0.000269278533714678,0.946623709248564,"Candidatus Saccharibacteria","Phylum","Candidatus Saccharibacteria","d__Bacteria;p__;c__;o__;f__;g___p__Candidatus_Saccharibacteria",NA,NA
"X95818","PFHxS",-3.60199530648915e-06,0.000383193054268449,-0.000784140704528209,0.000776936713915231,0.992558395135284,40,-3.57804811939002e-06,0.000380645467449243,0.992558395135284,"Candidatus Saccharibacteria","Phylum","Candidatus Saccharibacteria","d__Bacteria;p__;c__;o__;f__;g___p__Candidatus_Saccharibacteria",NA,NA
"X95818","PFNA",-0.000312238155972069,0.000234414731851514,-0.000789725339478677,0.000165249027534539,0.192273016075501,40,-0.000483443164568163,0.000362947953733851,0.261460074865765,"Candidatus Saccharibacteria","Phylum","Candidatus Saccharibacteria","d__Bacteria;p__;c__;o__;f__;g___p__Candidatus_Saccharibacteria",NA,NA
"X95818","PFOS",-5.38395654664113e-05,0.000364363010206478,-0.00079602273007948,0.000688343599146658,0.883456531465342,40,-4.83212780077882e-05,0.000327017615380383,0.883456531465342,"Candidatus Saccharibacteria","Phylum","Candidatus Saccharibacteria","d__Bacteria;p__;c__;o__;f__;g___p__Candidatus_Saccharibacteria",NA,NA
"X95818","PFOA",0.000599735660491798,0.000287613631242782,1.38858649797382e-05,0.00118558545600386,0.0451110720302198,40,0.000515158766259709,0.000247053315637436,0.360888576241759,"Candidatus Saccharibacteria","Phylum","Candidatus Saccharibacteria","d__Bacteria;p__;c__;o__;f__;g___p__Candidatus_Saccharibacteria",NA,NA
"X1134404","Mixture",0.000622406646185202,NA,-0.00278988947117582,0.00403470276354622,0.723497243632841,40,0.00234243529447024,NA,0.95569042451438,"Ignavibacteriota","Phylum","Ignavibacteriota","d__Bacteria;p__;c__;o__;f__;g___p__Ignavibacteriota",-0.00252303463044921,0.0072079052193897
"X142182","Mixture",-0.00155449571626281,NA,-0.00399116773961596,0.000882176307090336,0.221890814341084,40,-0.00182842679272245,NA,0.95569042451438,"Gemmatimonadota","Phylum","Gemmatimonadota","d__Bacteria;p__;c__;o__;f__;g___p__Gemmatimonadota",-0.00506831864172892,0.00141146505628402
"X1936987","Mixture",-0.000328351573304268,NA,-0.00166762694536476,0.00101092379875622,0.634723791171032,40,-0.000534164834299951,NA,0.95569042451438,"Balneolota","Phylum","Balneolota","d__Bacteria;p__;c__;o__;f__;g___p__Balneolota",-0.00237223828186311,0.0013039086132632
"X200783","Mixture",0.000289317132299669,NA,-0.00118610994346457,0.0017647442080639,0.703744134338586,40,0.000330342054215428,NA,0.95569042451438,"Aquificota","Phylum","Aquificota","d__Bacteria;p__;c__;o__;f__;g___p__Aquificota",-0.00167093699675494,0.0023316211051858
"X200918","Mixture",-0.000201494827874257,NA,-0.00201641218898154,0.00161342253323303,0.829378335245827,40,-0.000780323138880091,NA,0.95569042451438,"Thermotogota","Phylum","Thermotogota","d__Bacteria;p__;c__;o__;f__;g___p__Thermotogota",-0.0031309432550383,0.00157029697727812
"X203691","Mixture",-5.170039874893e-05,NA,-0.00136102469939925,0.00125762390190139,0.938882565561816,40,-0.000444845740443482,NA,0.95569042451438,"Spirochaetota","Phylum","Spirochaetota","d__Bacteria;p__;c__;o__;f__;g___p__Spirochaetota",-0.00228749542992721,0.00139780394904024
"X40117","Mixture",0.00118698101483506,NA,-0.000975291962589967,0.00334925399226009,0.291482075849515,40,0.000866176182227061,NA,0.95569042451438,"Nitrospirota","Phylum","Nitrospirota","d__Bacteria;p__;c__;o__;f__;g___p__Nitrospirota",-0.0021628325969541,0.00389518496140822
"X95818","Mixture",3.73377228709647e-05,NA,-0.00126757674320897,0.0013422521889509,0.95569042451438,40,4.88069754341391e-05,NA,0.95569042451438,"Candidatus Saccharibacteria","Phylum","Candidatus Saccharibacteria","d__Bacteria;p__;c__;o__;f__;g___p__Candidatus_Saccharibacteria",-0.00158409502958615,0.00168170898045443
