"taxonomy_id","predictor","betas","SE","ci_lo","ci_hi","p_val","n","FDR","name","taxa_level","taxa_name","taxa_full"
"X102684","PFDA",0.00087019310566487,0.00192840219726407,-0.00306812958647833,0.00480851579780807,0.655053938060698,38,0.965599996814426,"Streptococcus infantarius","Species","Streptococcus infantarius","d__Bacteria;p__Bacillota;c__Bacilli;o__Lactobacillales;f__Streptococcaceae;g__Streptococcus_s__Streptococcus_infantarius"
"X102684","N.MeFOSAA",-9.11757376666109e-05,0.00197446594502958,-0.00412357315310532,0.0039412216777721,0.963474868739263,38,0.98457285856567,"Streptococcus infantarius","Species","Streptococcus infantarius","d__Bacteria;p__Bacillota;c__Bacilli;o__Lactobacillales;f__Streptococcaceae;g__Streptococcus_s__Streptococcus_infantarius"
"X102684","PFDoA",0.00198440057532844,0.00186473887229592,-0.00182390426175574,0.00579270541241262,0.295742208624262,38,0.800128133397142,"Streptococcus infantarius","Species","Streptococcus infantarius","d__Bacteria;p__Bacillota;c__Bacilli;o__Lactobacillales;f__Streptococcaceae;g__Streptococcus_s__Streptococcus_infantarius"
"X102684","PFBA",-0.00229126955853543,0.00199335389156168,-0.00636224130693274,0.00177970218986188,0.259450252753679,38,0.928654337204168,"Streptococcus infantarius","Species","Streptococcus infantarius","d__Bacteria;p__Bacillota;c__Bacilli;o__Lactobacillales;f__Streptococcaceae;g__Streptococcus_s__Streptococcus_infantarius"
"X102684","PFHpA",-0.000994360127157628,0.00178750500833587,-0.0046449323711825,0.00265621211686724,0.582142771703556,38,0.92911180378499,"Streptococcus infantarius","Species","Streptococcus infantarius","d__Bacteria;p__Bacillota;c__Bacilli;o__Lactobacillales;f__Streptococcaceae;g__Streptococcus_s__Streptococcus_infantarius"
"X113107","PFDoA",-0.000354089439390128,0.00428839210106469,-0.00911215450921434,0.00840397563043408,0.934742498619966,38,0.974975078225898,"Streptococcus australis","Species","Streptococcus australis","d__Bacteria;p__Bacillota;c__Bacilli;o__Lactobacillales;f__Streptococcaceae;g__Streptococcus_s__Streptococcus_australis"
"X113107","PFDA",-0.00184820867693027,0.00435558871812739,-0.0107435075469382,0.00704709019307771,0.674352462330262,38,0.965599996814426,"Streptococcus australis","Species","Streptococcus australis","d__Bacteria;p__Bacillota;c__Bacilli;o__Lactobacillales;f__Streptococcaceae;g__Streptococcus_s__Streptococcus_australis"
"X113107","N.MeFOSAA",-0.00204833085668389,0.0044423352043217,-0.0111207896861274,0.00702412797275966,0.648057278279717,38,0.910226285933885,"Streptococcus australis","Species","Streptococcus australis","d__Bacteria;p__Bacillota;c__Bacilli;o__Lactobacillales;f__Streptococcaceae;g__Streptococcus_s__Streptococcus_australis"
"X113107","PFBA",0.0119579528290184,0.00404727627590743,0.00369231196769122,0.0202235936903456,0.00604044319885387,38,0.318887976136193,"Streptococcus australis","Species","Streptococcus australis","d__Bacteria;p__Bacillota;c__Bacilli;o__Lactobacillales;f__Streptococcaceae;g__Streptococcus_s__Streptococcus_australis"
"X113107","PFHpA",0.000383340194299899,0.0040559327888842,-0.00789997962504737,0.00866666001364717,0.925329757786316,38,0.980631390935176,"Streptococcus australis","Species","Streptococcus australis","d__Bacteria;p__Bacillota;c__Bacilli;o__Lactobacillales;f__Streptococcaceae;g__Streptococcus_s__Streptococcus_australis"
"X1155388","N.MeFOSAA",-0.00172170986847557,0.00212706415316793,-0.00606575440127614,0.00262233466432501,0.424641437425571,38,0.867939519343514,"Clostridium sp. C1","Species","Clostridium sp. C1","d__Bacteria;p__Bacillota;c__Clostridia;o__Eubacteriales;f__Clostridiaceae;g__Clostridium_s__Clostridium_sp._C1"
"X1155388","PFBA",0.000912932577021028,0.00221166973102074,-0.00360389959707779,0.00542976475111985,0.682703274929612,38,0.938223440751293,"Clostridium sp. C1","Species","Clostridium sp. C1","d__Bacteria;p__Bacillota;c__Clostridia;o__Eubacteriales;f__Clostridiaceae;g__Clostridium_s__Clostridium_sp._C1"
"X1155388","PFDA",-0.000537242290666894,0.00210475840940274,-0.00483573241735851,0.00376124783602472,0.800270893087084,38,0.965599996814426,"Clostridium sp. C1","Species","Clostridium sp. C1","d__Bacteria;p__Bacillota;c__Clostridia;o__Eubacteriales;f__Clostridiaceae;g__Clostridium_s__Clostridium_sp._C1"
"X1155388","PFDoA",0.00189914699591132,0.00203930626326145,-0.00226567201551013,0.00606396600733277,0.359147619418972,38,0.828167373398758,"Clostridium sp. C1","Species","Clostridium sp. C1","d__Bacteria;p__Bacillota;c__Clostridia;o__Eubacteriales;f__Clostridiaceae;g__Clostridium_s__Clostridium_sp._C1"
"X1155388","PFHpA",0.0027229645302318,0.00189229682906385,-0.00114162116291147,0.00658755022337508,0.160510747409006,38,0.835133558027294,"Clostridium sp. C1","Species","Clostridium sp. C1","d__Bacteria;p__Bacillota;c__Clostridia;o__Eubacteriales;f__Clostridiaceae;g__Clostridium_s__Clostridium_sp._C1"
"X1156431","PFDA",0.00326758197657874,0.00288133070537909,-0.002616880360512,0.00915204431366948,0.265753304503924,38,0.965599996814426,"Streptococcus ilei","Species","Streptococcus ilei","d__Bacteria;p__Bacillota;c__Bacilli;o__Lactobacillales;f__Streptococcaceae;g__Streptococcus_s__Streptococcus_ilei"
"X1156431","PFBA",-0.0031821614470865,0.00304233390948023,-0.00939543619328924,0.00303111329911623,0.303934035563611,38,0.928654337204168,"Streptococcus ilei","Species","Streptococcus ilei","d__Bacteria;p__Bacillota;c__Bacilli;o__Lactobacillales;f__Streptococcaceae;g__Streptococcus_s__Streptococcus_ilei"
"X1156431","PFHpA",0.000596821260631818,0.00273005578845019,-0.00497869648028576,0.00617233900154939,0.828433186969482,38,0.974627278787626,"Streptococcus ilei","Species","Streptococcus ilei","d__Bacteria;p__Bacillota;c__Bacilli;o__Lactobacillales;f__Streptococcaceae;g__Streptococcus_s__Streptococcus_ilei"
"X1156431","PFDoA",-0.000422862687841523,0.00288768915964135,-0.00632031072093671,0.00547458534525367,0.884556531812302,38,0.967846132249303,"Streptococcus ilei","Species","Streptococcus ilei","d__Bacteria;p__Bacillota;c__Bacilli;o__Lactobacillales;f__Streptococcaceae;g__Streptococcus_s__Streptococcus_ilei"
"X1156431","N.MeFOSAA",0.00163938730612193,0.00298770778765211,-0.00446232601607668,0.00774110062832055,0.587264852779479,38,0.892570656861526,"Streptococcus ilei","Species","Streptococcus ilei","d__Bacteria;p__Bacillota;c__Bacilli;o__Lactobacillales;f__Streptococcaceae;g__Streptococcus_s__Streptococcus_ilei"
"X1216932","N.MeFOSAA",-0.00234869748318688,0.00153360974323419,-0.00548074642050928,0.000783351454135529,0.13612831237585,38,0.702933594819238,"Clostridium bornimense","Species","Clostridium bornimense","d__Bacteria;p__Bacillota;c__Clostridia;o__Eubacteriales;f__Clostridiaceae;g__Clostridium_s__Clostridium_bornimense"
"X1216932","PFBA",0.00138855306434259,0.00162294621606033,-0.00192594529077573,0.00470305141946092,0.399014532883742,38,0.928654337204168,"Clostridium bornimense","Species","Clostridium bornimense","d__Bacteria;p__Bacillota;c__Clostridia;o__Eubacteriales;f__Clostridiaceae;g__Clostridium_s__Clostridium_bornimense"
"X1216932","PFDoA",-7.54474306987263e-05,0.00153194171552516,-0.00320408980097463,0.00305319493957718,0.961046862822671,38,0.974975078225898,"Clostridium bornimense","Species","Clostridium bornimense","d__Bacteria;p__Bacillota;c__Clostridia;o__Eubacteriales;f__Clostridiaceae;g__Clostridium_s__Clostridium_bornimense"
"X1216932","PFHpA",-0.000123897478645146,0.0014488333697464,-0.00308280996344832,0.00283501500615803,0.932419875695138,38,0.980631390935176,"Clostridium bornimense","Species","Clostridium bornimense","d__Bacteria;p__Bacillota;c__Clostridia;o__Eubacteriales;f__Clostridiaceae;g__Clostridium_s__Clostridium_bornimense"
"X1216932","PFDA",-0.00226542675326854,0.00150468301526578,-0.00533839943081014,0.000807545924273052,0.142631460859114,38,0.965599996814426,"Clostridium bornimense","Species","Clostridium bornimense","d__Bacteria;p__Bacillota;c__Clostridia;o__Eubacteriales;f__Clostridiaceae;g__Clostridium_s__Clostridium_bornimense"
"X1259973","PFDA",0.000617652932715739,0.00201621771736817,-0.00350001297737183,0.0047353188428033,0.761460016131246,38,0.965599996814426,"Klebsiella electrica","Species","Klebsiella electrica","d__Bacteria;p__Pseudomonadota;c__Gammaproteobacteria;o__Enterobacterales;f__Enterobacteriaceae;g__Klebsiella_s__Klebsiella_electrica"
"X1259973","N.MeFOSAA",0.001172802781492,0.00204954241859717,-0.00301292124803004,0.00535852681101403,0.571432035950625,38,0.892570656861526,"Klebsiella electrica","Species","Klebsiella electrica","d__Bacteria;p__Pseudomonadota;c__Gammaproteobacteria;o__Enterobacterales;f__Enterobacteriaceae;g__Klebsiella_s__Klebsiella_electrica"
"X1259973","PFBA",-0.00131682100044115,0.00211201340582168,-0.00563012780648973,0.00299648580560743,0.537674028791849,38,0.928654337204168,"Klebsiella electrica","Species","Klebsiella electrica","d__Bacteria;p__Pseudomonadota;c__Gammaproteobacteria;o__Enterobacterales;f__Enterobacteriaceae;g__Klebsiella_s__Klebsiella_electrica"
"X1259973","PFDoA",-0.00340588599558567,0.00188245529410234,-0.00725037259294931,0.000438600601777978,0.0804389510432909,38,0.577823733822609,"Klebsiella electrica","Species","Klebsiella electrica","d__Bacteria;p__Pseudomonadota;c__Gammaproteobacteria;o__Enterobacterales;f__Enterobacteriaceae;g__Klebsiella_s__Klebsiella_electrica"
"X1259973","PFHpA",-0.000130170128726775,0.00187495089059921,-0.00395933068951502,0.00369899043206147,0.945111334084542,38,0.980631390935176,"Klebsiella electrica","Species","Klebsiella electrica","d__Bacteria;p__Pseudomonadota;c__Gammaproteobacteria;o__Enterobacterales;f__Enterobacteriaceae;g__Klebsiella_s__Klebsiella_electrica"
"X1302","PFDA",0.00702795232124091,0.00339779969115701,8.87195999620992e-05,0.0139671850425197,0.0473186285279712,38,0.946372570559425,"Streptococcus gordonii","Species","Streptococcus gordonii","d__Bacteria;p__Bacillota;c__Bacilli;o__Lactobacillales;f__Streptococcaceae;g__Streptococcus_s__Streptococcus_gordonii"
"X1302","PFDoA",-0.00279482901088845,0.00352899246237029,-0.010001993115282,0.00441233509350507,0.434600492196399,38,0.921879831931755,"Streptococcus gordonii","Species","Streptococcus gordonii","d__Bacteria;p__Bacillota;c__Bacilli;o__Lactobacillales;f__Streptococcaceae;g__Streptococcus_s__Streptococcus_gordonii"
"X1302","N.MeFOSAA",-0.00123988375345399,0.00369941623164778,-0.00879509962774198,0.006315332120834,0.739839335003552,38,0.943517822788891,"Streptococcus gordonii","Species","Streptococcus gordonii","d__Bacteria;p__Bacillota;c__Bacilli;o__Lactobacillales;f__Streptococcaceae;g__Streptococcus_s__Streptococcus_gordonii"
"X1302","PFHpA",0.0013550373782709,0.00336344014932171,-0.00551402379710655,0.00822409855364835,0.689898760625182,38,0.947971680924607,"Streptococcus gordonii","Species","Streptococcus gordonii","d__Bacteria;p__Bacillota;c__Bacilli;o__Lactobacillales;f__Streptococcaceae;g__Streptococcus_s__Streptococcus_gordonii"
"X1302","PFBA",-0.00244564080860797,0.00379700056942606,-0.0102001504881069,0.005308868870891,0.52440617096342,38,0.928654337204168,"Streptococcus gordonii","Species","Streptococcus gordonii","d__Bacteria;p__Bacillota;c__Bacilli;o__Lactobacillales;f__Streptococcaceae;g__Streptococcus_s__Streptococcus_gordonii"
"X1303","N.MeFOSAA",-0.00598369088887548,0.00342913559270123,-0.0129869200587714,0.00101953828102046,0.0912300406997552,38,0.605717536194877,"Streptococcus oralis","Species","Streptococcus oralis","d__Bacteria;p__Bacillota;c__Bacilli;o__Lactobacillales;f__Streptococcaceae;g__Streptococcus_s__Streptococcus_oralis"
"X1303","PFBA",0.00782653756229265,0.00342637707304307,0.000828942041114727,0.0148241330834706,0.0296061870789363,38,0.690811031841846,"Streptococcus oralis","Species","Streptococcus oralis","d__Bacteria;p__Bacillota;c__Bacilli;o__Lactobacillales;f__Streptococcaceae;g__Streptococcus_s__Streptococcus_oralis"
"X1303","PFDA",0.000868693475202343,0.00352320515258931,-0.00632665136582941,0.0080640383162341,0.806925503824051,38,0.965599996814426,"Streptococcus oralis","Species","Streptococcus oralis","d__Bacteria;p__Bacillota;c__Bacilli;o__Lactobacillales;f__Streptococcaceae;g__Streptococcus_s__Streptococcus_oralis"
"X1303","PFHpA",0.00408854761122475,0.00318860480327866,-0.00242345215254108,0.0106005473749906,0.209579686013224,38,0.835133558027294,"Streptococcus oralis","Species","Streptococcus oralis","d__Bacteria;p__Bacillota;c__Bacilli;o__Lactobacillales;f__Streptococcaceae;g__Streptococcus_s__Streptococcus_oralis"
"X1303","PFDoA",0.00449277081579979,0.00336381664740117,-0.0023770592712352,0.0113626009028348,0.1917198374436,38,0.626140783660581,"Streptococcus oralis","Species","Streptococcus oralis","d__Bacteria;p__Bacillota;c__Bacilli;o__Lactobacillales;f__Streptococcaceae;g__Streptococcus_s__Streptococcus_oralis"
"X1304","PFBA",0.00406454732346804,0.00485594498754395,-0.00585261537390702,0.0139817100208431,0.409197038911425,38,0.928654337204168,"Streptococcus salivarius","Species","Streptococcus salivarius","d__Bacteria;p__Bacillota;c__Bacilli;o__Lactobacillales;f__Streptococcaceae;g__Streptococcus_s__Streptococcus_salivarius"
"X1304","PFDoA",0.00446510395484191,0.00450838639799963,-0.0047422494081559,0.0136724573178397,0.329900231377649,38,0.804081879036873,"Streptococcus salivarius","Species","Streptococcus salivarius","d__Bacteria;p__Bacillota;c__Bacilli;o__Lactobacillales;f__Streptococcaceae;g__Streptococcus_s__Streptococcus_salivarius"
"X1304","PFDA",-0.00279280057825418,0.0046387604098104,-0.0122664131945906,0.00668081203808225,0.551659396604357,38,0.965599996814426,"Streptococcus salivarius","Species","Streptococcus salivarius","d__Bacteria;p__Bacillota;c__Bacilli;o__Lactobacillales;f__Streptococcaceae;g__Streptococcus_s__Streptococcus_salivarius"
"X1304","N.MeFOSAA",-0.000499723290641886,0.00476133467559715,-0.0102236659538459,0.00922421937256216,0.917110540814006,38,0.9696943970578,"Streptococcus salivarius","Species","Streptococcus salivarius","d__Bacteria;p__Bacillota;c__Bacilli;o__Lactobacillales;f__Streptococcaceae;g__Streptococcus_s__Streptococcus_salivarius"
"X1304","PFHpA",0.00172032909151918,0.00432190479324609,-0.0071061780264836,0.010546836209522,0.693412803359118,38,0.947971680924607,"Streptococcus salivarius","Species","Streptococcus salivarius","d__Bacteria;p__Bacillota;c__Bacilli;o__Lactobacillales;f__Streptococcaceae;g__Streptococcus_s__Streptococcus_salivarius"
"X1307","PFDA",-0.0021593749831931,0.00355927115456139,-0.00942837642666133,0.00510962646027514,0.548620685069769,38,0.965599996814426,"Streptococcus suis","Species","Streptococcus suis","d__Bacteria;p__Bacillota;c__Bacilli;o__Lactobacillales;f__Streptococcaceae;g__Streptococcus_s__Streptococcus_suis"
"X1307","PFBA",-0.000274179767557747,0.00376918556570642,-0.00797188363108816,0.00742352409597267,0.942493904125975,38,0.983618041804996,"Streptococcus suis","Species","Streptococcus suis","d__Bacteria;p__Bacillota;c__Bacilli;o__Lactobacillales;f__Streptococcaceae;g__Streptococcus_s__Streptococcus_suis"
"X1307","PFDoA",-0.00298024551016074,0.00347329669034968,-0.0100736636734241,0.00411317265310265,0.397671102172642,38,0.869905536002654,"Streptococcus suis","Species","Streptococcus suis","d__Bacteria;p__Bacillota;c__Bacilli;o__Lactobacillales;f__Streptococcaceae;g__Streptococcus_s__Streptococcus_suis"
"X1307","PFHpA",0.00305437245460712,0.00327810981701876,-0.00364042093342098,0.00974916584263523,0.358905037479174,38,0.877113244153051,"Streptococcus suis","Species","Streptococcus suis","d__Bacteria;p__Bacillota;c__Bacilli;o__Lactobacillales;f__Streptococcaceae;g__Streptococcus_s__Streptococcus_suis"
"X1307","N.MeFOSAA",-0.00682157648516313,0.00343554767343837,-0.0138379008709361,0.000194747900609852,0.0562856329645959,38,0.605717536194877,"Streptococcus suis","Species","Streptococcus suis","d__Bacteria;p__Bacillota;c__Bacilli;o__Lactobacillales;f__Streptococcaceae;g__Streptococcus_s__Streptococcus_suis"
"X1310","PFHpA",-0.00140825725323875,0.00407085224105468,-0.00972204665881689,0.00690553215233939,0.731804610318987,38,0.965138814480003,"Streptococcus sobrinus","Species","Streptococcus sobrinus","d__Bacteria;p__Bacillota;c__Bacilli;o__Lactobacillales;f__Streptococcaceae;g__Streptococcus_s__Streptococcus_sobrinus"
"X1310","PFDA",0.00322679974572348,0.00435310829607159,-0.00566343342663993,0.0121170329180869,0.464297173740673,38,0.965599996814426,"Streptococcus sobrinus","Species","Streptococcus sobrinus","d__Bacteria;p__Bacillota;c__Bacilli;o__Lactobacillales;f__Streptococcaceae;g__Streptococcus_s__Streptococcus_sobrinus"
"X1310","PFBA",0.00432695008084575,0.00455601310359186,-0.00497766999116743,0.0136315701528589,0.349841825454045,38,0.928654337204168,"Streptococcus sobrinus","Species","Streptococcus sobrinus","d__Bacteria;p__Bacillota;c__Bacilli;o__Lactobacillales;f__Streptococcaceae;g__Streptococcus_s__Streptococcus_sobrinus"
"X1310","PFDoA",0.00647226707145227,0.00414754133225636,-0.00199814235278583,0.0149426764956904,0.129128512761016,38,0.626140783660581,"Streptococcus sobrinus","Species","Streptococcus sobrinus","d__Bacteria;p__Bacillota;c__Bacilli;o__Lactobacillales;f__Streptococcaceae;g__Streptococcus_s__Streptococcus_sobrinus"
"X1310","N.MeFOSAA",-0.00291831243466002,0.00445091828153753,-0.0120083002462918,0.00617167537697172,0.517036645895479,38,0.882745492992282,"Streptococcus sobrinus","Species","Streptococcus sobrinus","d__Bacteria;p__Bacillota;c__Bacilli;o__Lactobacillales;f__Streptococcaceae;g__Streptococcus_s__Streptococcus_sobrinus"
"X1314","PFDA",-0.00200114045985119,0.00414545374303264,-0.0104672864581176,0.00646500553841523,0.632790502326901,38,0.965599996814426,"Streptococcus pyogenes","Species","Streptococcus pyogenes","d__Bacteria;p__Bacillota;c__Bacilli;o__Lactobacillales;f__Streptococcaceae;g__Streptococcus_s__Streptococcus_pyogenes"
"X1314","PFBA",0.00184202790133268,0.00436762527790877,-0.00707785290318544,0.0107619087058508,0.67621740675338,38,0.938223440751293,"Streptococcus pyogenes","Species","Streptococcus pyogenes","d__Bacteria;p__Bacillota;c__Bacilli;o__Lactobacillales;f__Streptococcaceae;g__Streptococcus_s__Streptococcus_pyogenes"
"X1314","PFDoA",0.00256903050961783,0.00405853044022877,-0.00571959442152153,0.0108576554407572,0.531532715422164,38,0.952089568530459,"Streptococcus pyogenes","Species","Streptococcus pyogenes","d__Bacteria;p__Bacillota;c__Bacilli;o__Lactobacillales;f__Streptococcaceae;g__Streptococcus_s__Streptococcus_pyogenes"
"X1314","PFHpA",-0.00382456502202466,0.00380060394797431,-0.0115864337822823,0.00393730373823302,0.322317194766613,38,0.877113244153051,"Streptococcus pyogenes","Species","Streptococcus pyogenes","d__Bacteria;p__Bacillota;c__Bacilli;o__Lactobacillales;f__Streptococcaceae;g__Streptococcus_s__Streptococcus_pyogenes"
"X1314","N.MeFOSAA",-0.00248037437781991,0.00422247822568428,-0.0111038253554666,0.00614307659982681,0.56131631674249,38,0.892570656861526,"Streptococcus pyogenes","Species","Streptococcus pyogenes","d__Bacteria;p__Bacillota;c__Bacilli;o__Lactobacillales;f__Streptococcaceae;g__Streptococcus_s__Streptococcus_pyogenes"
"X1316411","N.MeFOSAA",0.00935727678319511,0.00480323863324541,-0.000452245178523998,0.0191667987449142,0.0608103142374035,38,0.605717536194877,"Streptococcus sp. HSISS2","Species","Streptococcus sp. HSISS2","d__Bacteria;p__Bacillota;c__Bacilli;o__Lactobacillales;f__Streptococcaceae;g__Streptococcus_s__Streptococcus_sp._HSISS2"
"X1316411","PFBA",0.0116895988459932,0.00480615396940816,0.00187412297352801,0.0215050747184583,0.0211861978554481,38,0.690811031841846,"Streptococcus sp. HSISS2","Species","Streptococcus sp. HSISS2","d__Bacteria;p__Bacillota;c__Bacilli;o__Lactobacillales;f__Streptococcaceae;g__Streptococcus_s__Streptococcus_sp._HSISS2"
"X1316411","PFDA",0.000866280724060812,0.00499326398814198,-0.00933132478596243,0.0110638862340841,0.863431722925925,38,0.965599996814426,"Streptococcus sp. HSISS2","Species","Streptococcus sp. HSISS2","d__Bacteria;p__Bacillota;c__Bacilli;o__Lactobacillales;f__Streptococcaceae;g__Streptococcus_s__Streptococcus_sp._HSISS2"
"X1316411","PFDoA",0.00960410905867176,0.00458039912096389,0.0002496860950608,0.0189585320222827,0.0445470380996896,38,0.479737333381273,"Streptococcus sp. HSISS2","Species","Streptococcus sp. HSISS2","d__Bacteria;p__Bacillota;c__Bacilli;o__Lactobacillales;f__Streptococcaceae;g__Streptococcus_s__Streptococcus_sp._HSISS2"
"X1316411","PFHpA",0.00194190292991775,0.00462529324887728,-0.00750420607458038,0.0113880119344159,0.677590884816172,38,0.947971680924607,"Streptococcus sp. HSISS2","Species","Streptococcus sp. HSISS2","d__Bacteria;p__Bacillota;c__Bacilli;o__Lactobacillales;f__Streptococcaceae;g__Streptococcus_s__Streptococcus_sp._HSISS2"
"X1316412","PFDoA",-0.000853878256614591,0.00233534345893836,-0.00562328587880766,0.00391552936557848,0.717204621020688,38,0.96094690930243,"Streptococcus sp. HSISS3","Species","Streptococcus sp. HSISS3","d__Bacteria;p__Bacillota;c__Bacilli;o__Lactobacillales;f__Streptococcaceae;g__Streptococcus_s__Streptococcus_sp._HSISS3"
"X1316412","PFDA",-0.00370009749706861,0.00228635616827768,-0.00836945972483655,0.00096926473069934,0.116057060802912,38,0.965599996814426,"Streptococcus sp. HSISS3","Species","Streptococcus sp. HSISS3","d__Bacteria;p__Bacillota;c__Bacilli;o__Lactobacillales;f__Streptococcaceae;g__Streptococcus_s__Streptococcus_sp._HSISS3"
"X1316412","N.MeFOSAA",-0.00436898963502261,0.00229837815866582,-0.00906290404263017,0.000324924772584944,0.0669604954161331,38,0.605717536194877,"Streptococcus sp. HSISS3","Species","Streptococcus sp. HSISS3","d__Bacteria;p__Bacillota;c__Bacilli;o__Lactobacillales;f__Streptococcaceae;g__Streptococcus_s__Streptococcus_sp._HSISS3"
"X1316412","PFBA",0.00399260820921218,0.00240134662973492,-0.000911595870727262,0.00889681228915162,0.106796609774087,38,0.836206275726489,"Streptococcus sp. HSISS3","Species","Streptococcus sp. HSISS3","d__Bacteria;p__Bacillota;c__Bacilli;o__Lactobacillales;f__Streptococcaceae;g__Streptococcus_s__Streptococcus_sp._HSISS3"
"X1316412","PFHpA",0.00287119728773382,0.00215078591504502,-0.00152129354596328,0.00726368812143092,0.191934681814544,38,0.835133558027294,"Streptococcus sp. HSISS3","Species","Streptococcus sp. HSISS3","d__Bacteria;p__Bacillota;c__Bacilli;o__Lactobacillales;f__Streptococcaceae;g__Streptococcus_s__Streptococcus_sp._HSISS3"
"X1322","PFBA",0.00113461854290255,0.00371171663159439,-0.00644571809939788,0.00871495518520297,0.761955149934627,38,0.943029011086285,"Blautia hansenii","Species","Blautia hansenii","d__Bacteria;p__Bacillota;c__Clostridia;o__Lachnospirales;f__Lachnospiraceae;g__Blautia_s__Blautia_hansenii"
"X1322","PFDA",-0.00351137117970316,0.00347294040419708,-0.0106040617095705,0.00358131935016423,0.320070589173534,38,0.965599996814426,"Blautia hansenii","Species","Blautia hansenii","d__Bacteria;p__Bacillota;c__Clostridia;o__Lachnospirales;f__Lachnospiraceae;g__Blautia_s__Blautia_hansenii"
"X1322","N.MeFOSAA",-0.00355720914627375,0.00354489143740225,-0.0107968432894585,0.00368242499691095,0.323657540951859,38,0.867939519343514,"Blautia hansenii","Species","Blautia hansenii","d__Bacteria;p__Bacillota;c__Clostridia;o__Lachnospirales;f__Lachnospiraceae;g__Blautia_s__Blautia_hansenii"
"X1322","PFHpA",-0.00234069262775727,0.00325134558927589,-0.00898082617065193,0.0042994409151374,0.477149054582538,38,0.92911180378499,"Blautia hansenii","Species","Blautia hansenii","d__Bacteria;p__Bacillota;c__Clostridia;o__Lachnospirales;f__Lachnospiraceae;g__Blautia_s__Blautia_hansenii"
"X1322","PFDoA",0.00162768554737338,0.00345437750845967,-0.0054270944918203,0.00868246558656705,0.640910066704433,38,0.96094690930243,"Blautia hansenii","Species","Blautia hansenii","d__Bacteria;p__Bacillota;c__Clostridia;o__Lachnospirales;f__Lachnospiraceae;g__Blautia_s__Blautia_hansenii"
"X1328","PFBA",-5.18702497501827e-05,0.00358857088540053,-0.00738070972648822,0.00727696922698786,0.9885632456381,38,0.99778250071537,"Streptococcus anginosus","Species","Streptococcus anginosus","d__Bacteria;p__Bacillota;c__Bacilli;o__Lactobacillales;f__Streptococcaceae;g__Streptococcus_s__Streptococcus_anginosus"
"X1328","N.MeFOSAA",-0.000517400820479059,0.00347764036636254,-0.00761968995362261,0.0065848883126645,0.882723409609466,38,0.957994398025778,"Streptococcus anginosus","Species","Streptococcus anginosus","d__Bacteria;p__Bacillota;c__Bacilli;o__Lactobacillales;f__Streptococcaceae;g__Streptococcus_s__Streptococcus_anginosus"
"X1328","PFDA",-0.000728499789509371,0.00340655587585315,-0.0076856150256154,0.00622861544659665,0.832109067608426,38,0.965599996814426,"Streptococcus anginosus","Species","Streptococcus anginosus","d__Bacteria;p__Bacillota;c__Bacilli;o__Lactobacillales;f__Streptococcaceae;g__Streptococcus_s__Streptococcus_anginosus"
"X1328","PFDoA",0.00465023251910647,0.00323743347268853,-0.00196148869127297,0.0112619537294859,0.161237145867877,38,0.626140783660581,"Streptococcus anginosus","Species","Streptococcus anginosus","d__Bacteria;p__Bacillota;c__Bacilli;o__Lactobacillales;f__Streptococcaceae;g__Streptococcus_s__Streptococcus_anginosus"
"X1328","PFHpA",-0.00462891229290231,0.00305069952825455,-0.0108592719119078,0.00160144732610314,0.139652147250473,38,0.835133558027294,"Streptococcus anginosus","Species","Streptococcus anginosus","d__Bacteria;p__Bacillota;c__Bacilli;o__Lactobacillales;f__Streptococcaceae;g__Streptococcus_s__Streptococcus_anginosus"
"X1329812","N.MeFOSAA",0.00376506708826001,0.002414808188253,-0.00116662916185979,0.0086967633383798,0.129447252285203,38,0.702933594819238,"Enterobacter sp. MGH 3","Species","Enterobacter sp. MGH 3","d__Bacteria;p__Pseudomonadota;c__Gammaproteobacteria;o__Enterobacterales;f__Enterobacteriaceae;g__Enterobacter_s__Enterobacter_sp._MGH_3"
"X1329812","PFBA",-0.00411239386732287,0.00247866294508925,-0.00917449892853315,0.000949711193887413,0.107512235450549,38,0.836206275726489,"Enterobacter sp. MGH 3","Species","Enterobacter sp. MGH 3","d__Bacteria;p__Pseudomonadota;c__Gammaproteobacteria;o__Enterobacterales;f__Enterobacteriaceae;g__Enterobacter_s__Enterobacter_sp._MGH_3"
"X1329812","PFDA",0.00137453684312842,0.00244755529018585,-0.00362403791129254,0.00637311159754937,0.578563118953715,38,0.965599996814426,"Enterobacter sp. MGH 3","Species","Enterobacter sp. MGH 3","d__Bacteria;p__Pseudomonadota;c__Gammaproteobacteria;o__Enterobacterales;f__Enterobacteriaceae;g__Enterobacter_s__Enterobacter_sp._MGH_3"
"X1329812","PFDoA",0.000610027781222923,0.00241289749883085,-0.00431776632051747,0.00553782188296332,0.802131968630347,38,0.96094690930243,"Enterobacter sp. MGH 3","Species","Enterobacter sp. MGH 3","d__Bacteria;p__Pseudomonadota;c__Gammaproteobacteria;o__Enterobacterales;f__Enterobacteriaceae;g__Enterobacter_s__Enterobacter_sp._MGH_3"
"X1329812","PFHpA",-0.000165169570628311,0.00228441374731264,-0.00483056484556081,0.00450022570430419,0.942840813456504,38,0.980631390935176,"Enterobacter sp. MGH 3","Species","Enterobacter sp. MGH 3","d__Bacteria;p__Pseudomonadota;c__Gammaproteobacteria;o__Enterobacterales;f__Enterobacteriaceae;g__Enterobacter_s__Enterobacter_sp._MGH_3"
"X1334","N.MeFOSAA",-0.00494839725756067,0.00367154003361825,-0.0124466823404265,0.0025498878253052,0.187822295924367,38,0.702933594819238,"Streptococcus dysgalactiae","Species","Streptococcus dysgalactiae","d__Bacteria;p__Bacillota;c__Bacilli;o__Lactobacillales;f__Streptococcaceae;g__Streptococcus_s__Streptococcus_dysgalactiae"
"X1334","PFBA",0.00450364240206171,0.00381258755111984,-0.00328270014082733,0.0122899849449507,0.24678110054796,38,0.928654337204168,"Streptococcus dysgalactiae","Species","Streptococcus dysgalactiae","d__Bacteria;p__Bacillota;c__Bacilli;o__Lactobacillales;f__Streptococcaceae;g__Streptococcus_s__Streptococcus_dysgalactiae"
"X1334","PFDoA",-0.00718100713680966,0.00339309701498812,-0.0141106357120778,-0.000251378561541479,0.0427215862210489,38,0.479737333381273,"Streptococcus dysgalactiae","Species","Streptococcus dysgalactiae","d__Bacteria;p__Bacillota;c__Bacilli;o__Lactobacillales;f__Streptococcaceae;g__Streptococcus_s__Streptococcus_dysgalactiae"
"X1334","PFHpA",0.00735539411990215,0.00316761719213368,0.000886256776301274,0.013824531463503,0.0272041030160187,38,0.761714884448525,"Streptococcus dysgalactiae","Species","Streptococcus dysgalactiae","d__Bacteria;p__Bacillota;c__Bacilli;o__Lactobacillales;f__Streptococcaceae;g__Streptococcus_s__Streptococcus_dysgalactiae"
"X1334","PFDA",0.00176805203253286,0.00369114240478652,-0.00577026643304817,0.00930637049811389,0.635412692021181,38,0.965599996814426,"Streptococcus dysgalactiae","Species","Streptococcus dysgalactiae","d__Bacteria;p__Bacillota;c__Bacilli;o__Lactobacillales;f__Streptococcaceae;g__Streptococcus_s__Streptococcus_dysgalactiae"
"X1338","PFBA",-0.001445700450452,0.00277635506421351,-0.0071157739270077,0.0042243730261037,0.606384987014374,38,0.928654337204168,"Streptococcus intermedius","Species","Streptococcus intermedius","d__Bacteria;p__Bacillota;c__Bacilli;o__Lactobacillales;f__Streptococcaceae;g__Streptococcus_s__Streptococcus_intermedius"
"X1338","N.MeFOSAA",-0.000726061891757247,0.00270039922822905,-0.00624101285658656,0.00478888907307207,0.789868633110276,38,0.95328972961585,"Streptococcus intermedius","Species","Streptococcus intermedius","d__Bacteria;p__Bacillota;c__Bacilli;o__Lactobacillales;f__Streptococcaceae;g__Streptococcus_s__Streptococcus_intermedius"
"X1338","PFHpA",0.000918122403773444,0.00245443053929627,-0.00409449348253592,0.00593073829008281,0.710985080278969,38,0.957095300375536,"Streptococcus intermedius","Species","Streptococcus intermedius","d__Bacteria;p__Bacillota;c__Bacilli;o__Lactobacillales;f__Streptococcaceae;g__Streptococcus_s__Streptococcus_intermedius"
"X1338","PFDA",0.00372264496415464,0.00256076765957367,-0.00150714029397964,0.00895243022228893,0.156405545382805,38,0.965599996814426,"Streptococcus intermedius","Species","Streptococcus intermedius","d__Bacteria;p__Bacillota;c__Bacilli;o__Lactobacillales;f__Streptococcaceae;g__Streptococcus_s__Streptococcus_intermedius"
"X1338","PFDoA",0.0035340209543281,0.00251975799852937,-0.00161201140261317,0.00868005331126936,0.171022971052289,38,0.626140783660581,"Streptococcus intermedius","Species","Streptococcus intermedius","d__Bacteria;p__Bacillota;c__Bacilli;o__Lactobacillales;f__Streptococcaceae;g__Streptococcus_s__Streptococcus_intermedius"
"X1340","N.MeFOSAA",-0.00483496573497004,0.00473314422500826,-0.0145013358174057,0.00483140434746559,0.315179057996967,38,0.867939519343514,"Streptococcus porcinus","Species","Streptococcus porcinus","d__Bacteria;p__Bacillota;c__Bacilli;o__Lactobacillales;f__Streptococcaceae;g__Streptococcus_s__Streptococcus_porcinus"
"X1340","PFDoA",-0.00143041194572082,0.00462468377811693,-0.0108752762448722,0.00801445235343053,0.759231843331521,38,0.96094690930243,"Streptococcus porcinus","Species","Streptococcus porcinus","d__Bacteria;p__Bacillota;c__Bacilli;o__Lactobacillales;f__Streptococcaceae;g__Streptococcus_s__Streptococcus_porcinus"
"X1340","PFBA",-0.00792556885877906,0.00475105710066042,-0.0176285219137722,0.00177738419621413,0.105688250271789,38,0.836206275726489,"Streptococcus porcinus","Species","Streptococcus porcinus","d__Bacteria;p__Bacillota;c__Bacilli;o__Lactobacillales;f__Streptococcaceae;g__Streptococcus_s__Streptococcus_porcinus"
"X1340","PFHpA",0.00223085098003241,0.00436214467469004,-0.00667783693948819,0.011139538899553,0.612806707558487,38,0.932531946284654,"Streptococcus porcinus","Species","Streptococcus porcinus","d__Bacteria;p__Bacillota;c__Bacilli;o__Lactobacillales;f__Streptococcaceae;g__Streptococcus_s__Streptococcus_porcinus"
"X1340","PFDA",-0.00391898918465354,0.00466362611844873,-0.0134433843528484,0.00560540598354136,0.407370592617347,38,0.965599996814426,"Streptococcus porcinus","Species","Streptococcus porcinus","d__Bacteria;p__Bacillota;c__Bacilli;o__Lactobacillales;f__Streptococcaceae;g__Streptococcus_s__Streptococcus_porcinus"
"X1343","PFHpA",0.000428304106136049,0.00289134180805279,-0.00547660363020239,0.00633321184247449,0.883228735461891,38,0.980631390935176,"Streptococcus vestibularis","Species","Streptococcus vestibularis","d__Bacteria;p__Bacillota;c__Bacilli;o__Lactobacillales;f__Streptococcaceae;g__Streptococcus_s__Streptococcus_vestibularis"
"X1343","N.MeFOSAA",0.00156491597320279,0.00316581929565547,-0.00490054957594136,0.00803038152234693,0.624683245957168,38,0.910226285933885,"Streptococcus vestibularis","Species","Streptococcus vestibularis","d__Bacteria;p__Bacillota;c__Bacilli;o__Lactobacillales;f__Streptococcaceae;g__Streptococcus_s__Streptococcus_vestibularis"
"X1343","PFBA",0.00863798360097102,0.00287470177053048,0.00276705935493622,0.0145089078470058,0.0053248845053744,38,0.318887976136193,"Streptococcus vestibularis","Species","Streptococcus vestibularis","d__Bacteria;p__Bacillota;c__Bacilli;o__Lactobacillales;f__Streptococcaceae;g__Streptococcus_s__Streptococcus_vestibularis"
"X1343","PFDoA",0.00480205818845081,0.00292969277784786,-0.00118117267717255,0.0107852890540742,0.111639132375265,38,0.625179141301482,"Streptococcus vestibularis","Species","Streptococcus vestibularis","d__Bacteria;p__Bacillota;c__Bacilli;o__Lactobacillales;f__Streptococcaceae;g__Streptococcus_s__Streptococcus_vestibularis"
"X1343","PFDA",0.00199704839232826,0.00309352286349042,-0.00432076814471636,0.00831486492937289,0.523472949515833,38,0.965599996814426,"Streptococcus vestibularis","Species","Streptococcus vestibularis","d__Bacteria;p__Bacillota;c__Bacilli;o__Lactobacillales;f__Streptococcaceae;g__Streptococcus_s__Streptococcus_vestibularis"
"X1345","PFDA",-0.000925390781521266,0.00419567291918334,-0.00949409802001841,0.00764331645697588,0.826930477791119,38,0.965599996814426,"Streptococcus ferus","Species","Streptococcus ferus","d__Bacteria;p__Bacillota;c__Bacilli;o__Lactobacillales;f__Streptococcaceae;g__Streptococcus_s__Streptococcus_ferus"
"X1345","PFBA",0.0013177861525312,0.00441352788799182,-0.00769584028823187,0.0103314125932943,0.76731981618839,38,0.943029011086285,"Streptococcus ferus","Species","Streptococcus ferus","d__Bacteria;p__Bacillota;c__Bacilli;o__Lactobacillales;f__Streptococcaceae;g__Streptococcus_s__Streptococcus_ferus"
"X1345","PFHpA",-0.00361586544530366,0.00384279062349043,-0.0114638908909908,0.0042321600003835,0.354247155987074,38,0.877113244153051,"Streptococcus ferus","Species","Streptococcus ferus","d__Bacteria;p__Bacillota;c__Bacilli;o__Lactobacillales;f__Streptococcaceae;g__Streptococcus_s__Streptococcus_ferus"
"X1345","N.MeFOSAA",0.00188001913410605,0.0042712419425896,-0.00684302063944328,0.0106030589076554,0.662978124207526,38,0.910226285933885,"Streptococcus ferus","Species","Streptococcus ferus","d__Bacteria;p__Bacillota;c__Bacilli;o__Lactobacillales;f__Streptococcaceae;g__Streptococcus_s__Streptococcus_ferus"
"X1345","PFDoA",0.00670110813032043,0.00393667667132369,-0.00133865820488758,0.0147408744655284,0.0990554972267329,38,0.577823733822609,"Streptococcus ferus","Species","Streptococcus ferus","d__Bacteria;p__Bacillota;c__Bacilli;o__Lactobacillales;f__Streptococcaceae;g__Streptococcus_s__Streptococcus_ferus"
"X1346","PFDA",-0.00168797702447965,0.00564780273138223,-0.0132223289814045,0.00984637493244518,0.767097379220351,38,0.965599996814426,"Streptococcus iniae","Species","Streptococcus iniae","d__Bacteria;p__Bacillota;c__Bacilli;o__Lactobacillales;f__Streptococcaceae;g__Streptococcus_s__Streptococcus_iniae"
"X1346","N.MeFOSAA",0.000174251438890445,0.00577187688077292,-0.011613493735874,0.0119619966136549,0.976115686688876,38,0.988271679038985,"Streptococcus iniae","Species","Streptococcus iniae","d__Bacteria;p__Bacillota;c__Bacilli;o__Lactobacillales;f__Streptococcaceae;g__Streptococcus_s__Streptococcus_iniae"
"X1346","PFBA",-0.0105902477630764,0.00563121074031237,-0.0220907143536441,0.000910218827491238,0.0697611299439609,38,0.755952002354368,"Streptococcus iniae","Species","Streptococcus iniae","d__Bacteria;p__Bacillota;c__Bacilli;o__Lactobacillales;f__Streptococcaceae;g__Streptococcus_s__Streptococcus_iniae"
"X1346","PFDoA",0.000290882958118498,0.00555268226689221,-0.0110492070941478,0.0116309730103848,0.958568386235572,38,0.974975078225898,"Streptococcus iniae","Species","Streptococcus iniae","d__Bacteria;p__Bacillota;c__Bacilli;o__Lactobacillales;f__Streptococcaceae;g__Streptococcus_s__Streptococcus_iniae"
"X1346","PFHpA",0.00688354631251537,0.0050995367539483,-0.00353109713996907,0.0172981897649998,0.187165948329075,38,0.835133558027294,"Streptococcus iniae","Species","Streptococcus iniae","d__Bacteria;p__Bacillota;c__Bacilli;o__Lactobacillales;f__Streptococcaceae;g__Streptococcus_s__Streptococcus_iniae"
"X1349","PFBA",-0.000194919230147957,0.00255719720316999,-0.00541741264351259,0.00502757418321667,0.939747133760367,38,0.983618041804996,"Streptococcus uberis","Species","Streptococcus uberis","d__Bacteria;p__Bacillota;c__Bacilli;o__Lactobacillales;f__Streptococcaceae;g__Streptococcus_s__Streptococcus_uberis"
"X1349","PFDoA",0.000675359257058586,0.00238202337243438,-0.00418938146672994,0.00554009998084711,0.778723160016038,38,0.96094690930243,"Streptococcus uberis","Species","Streptococcus uberis","d__Bacteria;p__Bacillota;c__Bacilli;o__Lactobacillales;f__Streptococcaceae;g__Streptococcus_s__Streptococcus_uberis"
"X1349","N.MeFOSAA",0.00440153880124153,0.00234544554265691,-0.000388500028281186,0.00919157763076426,0.0703259416429636,38,0.605717536194877,"Streptococcus uberis","Species","Streptococcus uberis","d__Bacteria;p__Bacillota;c__Bacilli;o__Lactobacillales;f__Streptococcaceae;g__Streptococcus_s__Streptococcus_uberis"
"X1349","PFHpA",-0.00581712044718408,0.0019903674876732,-0.00988199314517655,-0.00175224774919161,0.00654133611954262,38,0.412666862524853,"Streptococcus uberis","Species","Streptococcus uberis","d__Bacteria;p__Bacillota;c__Bacilli;o__Lactobacillales;f__Streptococcaceae;g__Streptococcus_s__Streptococcus_uberis"
"X1349","PFDA",0.00187023708309533,0.00240545636021969,-0.00304236018621597,0.00678283435240663,0.442953549122437,38,0.965599996814426,"Streptococcus uberis","Species","Streptococcus uberis","d__Bacteria;p__Bacillota;c__Bacilli;o__Lactobacillales;f__Streptococcaceae;g__Streptococcus_s__Streptococcus_uberis"
"X137838","N.MeFOSAA",0.00424694746948517,0.00324506470386046,-0.00238035879412438,0.0108742537330947,0.200559759817078,38,0.719958112163869,"Clostridium neonatale","Species","Clostridium neonatale","d__Bacteria;p__Bacillota;c__Clostridia;o__Eubacteriales;f__Clostridiaceae;g__Clostridium_s__Clostridium_neonatale"
"X137838","PFBA",0.0088325752695155,0.00304039704014051,0.00262325613821673,0.0150418944008143,0.006833313774347,38,0.318887976136193,"Clostridium neonatale","Species","Clostridium neonatale","d__Bacteria;p__Bacillota;c__Clostridia;o__Eubacteriales;f__Clostridiaceae;g__Clostridium_s__Clostridium_neonatale"
"X137838","PFDA",0.00435124287176315,0.00317151816912271,-0.00212586132969509,0.0108283470732214,0.180244474721283,38,0.965599996814426,"Clostridium neonatale","Species","Clostridium neonatale","d__Bacteria;p__Bacillota;c__Clostridia;o__Eubacteriales;f__Clostridiaceae;g__Clostridium_s__Clostridium_neonatale"
"X137838","PFDoA",0.00491412988272915,0.00308186831436471,-0.00137988488964542,0.0112081446551037,0.121300071901785,38,0.626140783660581,"Clostridium neonatale","Species","Clostridium neonatale","d__Bacteria;p__Bacillota;c__Clostridia;o__Eubacteriales;f__Clostridiaceae;g__Clostridium_s__Clostridium_neonatale"
"X137838","PFHpA",-0.00469641068889991,0.00291232114489959,-0.010644163947032,0.00125134256923222,0.117303155014084,38,0.835133558027294,"Clostridium neonatale","Species","Clostridium neonatale","d__Bacteria;p__Bacillota;c__Clostridia;o__Eubacteriales;f__Clostridiaceae;g__Clostridium_s__Clostridium_neonatale"
"X1443109","PFDoA",-0.00260472277692221,0.00415897553343136,-0.0110984839552798,0.0058890384014354,0.535861767931606,38,0.952089568530459,"Clostridium sp. K25","Species","Clostridium sp. K25","d__Bacteria;p__Bacillota;c__Clostridia;o__Eubacteriales;f__Clostridiaceae;g__Clostridium_s__Clostridium_sp._K25"
"X1443109","PFBA",-0.000524760947702921,0.00448732266606787,-0.00968909643114957,0.00863957453574372,0.907684622926718,38,0.983618041804996,"Clostridium sp. K25","Species","Clostridium sp. K25","d__Bacteria;p__Bacillota;c__Clostridia;o__Eubacteriales;f__Clostridiaceae;g__Clostridium_s__Clostridium_sp._K25"
"X1443109","PFDA",-0.000604871379539828,0.00426249422656328,-0.00931004593359307,0.00810030317451341,0.888103354021128,38,0.965599996814426,"Clostridium sp. K25","Species","Clostridium sp. K25","d__Bacteria;p__Bacillota;c__Clostridia;o__Eubacteriales;f__Clostridiaceae;g__Clostridium_s__Clostridium_sp._K25"
"X1443109","PFHpA",-0.000452458609942878,0.0039584403390336,-0.00853667228426292,0.00763175506437717,0.909759774727288,38,0.980631390935176,"Clostridium sp. K25","Species","Clostridium sp. K25","d__Bacteria;p__Bacillota;c__Clostridia;o__Eubacteriales;f__Clostridiaceae;g__Clostridium_s__Clostridium_sp._K25"
"X1443109","N.MeFOSAA",0.00237491942776569,0.00432953193129664,-0.00646716438419814,0.0112170032397295,0.587380891105928,38,0.892570656861526,"Clostridium sp. K25","Species","Clostridium sp. K25","d__Bacteria;p__Bacillota;c__Clostridia;o__Eubacteriales;f__Clostridiaceae;g__Clostridium_s__Clostridium_sp._K25"
"X1463165","PFHpA",-0.00375911563229833,0.00343303258651757,-0.0107703035253278,0.0032520722607311,0.282237158514624,38,0.877113244153051,"Klebsiella quasipneumoniae","Species","Klebsiella quasipneumoniae","d__Bacteria;p__Pseudomonadota;c__Gammaproteobacteria;o__Enterobacterales;f__Enterobacteriaceae;g__Klebsiella_s__Klebsiella_quasipneumoniae"
"X1463165","PFDA",0.000140744572503514,0.00377023430016804,-0.00755910109253184,0.00784059023753887,0.970468826449,38,0.98453359204971,"Klebsiella quasipneumoniae","Species","Klebsiella quasipneumoniae","d__Bacteria;p__Pseudomonadota;c__Gammaproteobacteria;o__Enterobacterales;f__Enterobacteriaceae;g__Klebsiella_s__Klebsiella_quasipneumoniae"
"X1463165","PFDoA",-0.0048361401521161,0.00359463253109489,-0.0121773591608956,0.00250507885666339,0.188584879121883,38,0.626140783660581,"Klebsiella quasipneumoniae","Species","Klebsiella quasipneumoniae","d__Bacteria;p__Pseudomonadota;c__Gammaproteobacteria;o__Enterobacterales;f__Enterobacteriaceae;g__Klebsiella_s__Klebsiella_quasipneumoniae"
"X1463165","N.MeFOSAA",0.00170747030296792,0.00383483521558131,-0.00612430803226781,0.00953924863820365,0.659333607597334,38,0.910226285933885,"Klebsiella quasipneumoniae","Species","Klebsiella quasipneumoniae","d__Bacteria;p__Pseudomonadota;c__Gammaproteobacteria;o__Enterobacterales;f__Enterobacteriaceae;g__Klebsiella_s__Klebsiella_quasipneumoniae"
"X1463165","PFBA",-0.00857784300511602,0.00364670184789724,-0.0160254017454194,-0.00113028426481266,0.0254183336924914,38,0.690811031841846,"Klebsiella quasipneumoniae","Species","Klebsiella quasipneumoniae","d__Bacteria;p__Pseudomonadota;c__Gammaproteobacteria;o__Enterobacterales;f__Enterobacteriaceae;g__Klebsiella_s__Klebsiella_quasipneumoniae"
"X1494","PFBA",-0.0048940172717697,0.00386208605685836,-0.0127814492495566,0.00299341470601719,0.214834455726748,38,0.928654337204168,"Clostridium cochlearium","Species","Clostridium cochlearium","d__Bacteria;p__Bacillota;c__Clostridia;o__Eubacteriales;f__Clostridiaceae;g__Clostridium_s__Clostridium_cochlearium"
"X1494","PFDA",-0.00174523654364434,0.00375238771229514,-0.00940863461382791,0.00591816152653923,0.645218111591534,38,0.965599996814426,"Clostridium cochlearium","Species","Clostridium cochlearium","d__Bacteria;p__Bacillota;c__Clostridia;o__Eubacteriales;f__Clostridiaceae;g__Clostridium_s__Clostridium_cochlearium"
"X1494","PFHpA",6.93491286766418e-05,0.00349682696306699,-0.00707212426244657,0.00721082251979986,0.984308695146058,38,0.984308695146058,"Clostridium cochlearium","Species","Clostridium cochlearium","d__Bacteria;p__Bacillota;c__Clostridia;o__Eubacteriales;f__Clostridiaceae;g__Clostridium_s__Clostridium_cochlearium"
"X1494","N.MeFOSAA",-0.0051233879646719,0.00372738611262914,-0.0127357259564941,0.00248895002715033,0.179459893182833,38,0.702933594819238,"Clostridium cochlearium","Species","Clostridium cochlearium","d__Bacteria;p__Bacillota;c__Clostridia;o__Eubacteriales;f__Clostridiaceae;g__Clostridium_s__Clostridium_cochlearium"
"X1494","PFDoA",-0.00742221274998118,0.00343984101338361,-0.0144473053056699,-0.000397120194292498,0.039081161314834,38,0.479737333381273,"Clostridium cochlearium","Species","Clostridium cochlearium","d__Bacteria;p__Bacillota;c__Clostridia;o__Eubacteriales;f__Clostridiaceae;g__Clostridium_s__Clostridium_cochlearium"
"X1501","N.MeFOSAA",-0.00552029251232588,0.00248259356706363,-0.0105904249745306,-0.0004501600501212,0.0338521981977115,38,0.605717536194877,"Clostridium pasteurianum","Species","Clostridium pasteurianum","d__Bacteria;p__Bacillota;c__Clostridia;o__Eubacteriales;f__Clostridiaceae;g__Clostridium_s__Clostridium_pasteurianum"
"X1501","PFDA",-0.00530905920715699,0.00244017401571437,-0.0102925593880324,-0.000325559026281538,0.037587734469585,38,0.946372570559425,"Clostridium pasteurianum","Species","Clostridium pasteurianum","d__Bacteria;p__Bacillota;c__Clostridia;o__Eubacteriales;f__Clostridiaceae;g__Clostridium_s__Clostridium_pasteurianum"
"X1501","PFBA",0.00259849187352751,0.00272281223161496,-0.00296223255077983,0.00815921629783485,0.347538064146388,38,0.928654337204168,"Clostridium pasteurianum","Species","Clostridium pasteurianum","d__Bacteria;p__Bacillota;c__Clostridia;o__Eubacteriales;f__Clostridiaceae;g__Clostridium_s__Clostridium_pasteurianum"
"X1501","PFDoA",-0.000556648751094743,0.00257569816970017,-0.00581692617881891,0.00470362867662943,0.830360362269806,38,0.96094690930243,"Clostridium pasteurianum","Species","Clostridium pasteurianum","d__Bacteria;p__Bacillota;c__Clostridia;o__Eubacteriales;f__Clostridiaceae;g__Clostridium_s__Clostridium_pasteurianum"
"X1501","PFHpA",0.00466868544595599,0.00228420252724609,3.72153994760999e-06,0.00933364935196436,0.0498288551686551,38,0.835133558027294,"Clostridium pasteurianum","Species","Clostridium pasteurianum","d__Bacteria;p__Bacillota;c__Clostridia;o__Eubacteriales;f__Clostridiaceae;g__Clostridium_s__Clostridium_pasteurianum"
"X1502","PFBA",-0.00186894687054758,0.00358492364594482,-0.00919033769060371,0.00545244394950854,0.605960858466023,38,0.928654337204168,"Clostridium perfringens","Species","Clostridium perfringens","d__Bacteria;p__Bacillota;c__Clostridia;o__Eubacteriales;f__Clostridiaceae;g__Clostridium_s__Clostridium_perfringens"
"X1502","PFHpA",-0.00127910528669557,0.00316806426922948,-0.00774915568353505,0.0051909451101439,0.689260365733385,38,0.947971680924607,"Clostridium perfringens","Species","Clostridium perfringens","d__Bacteria;p__Bacillota;c__Clostridia;o__Eubacteriales;f__Clostridiaceae;g__Clostridium_s__Clostridium_perfringens"
"X1502","PFDA",0.00375060540875673,0.00335183506932637,-0.00309475503139307,0.0105959658489065,0.272032410668326,38,0.965599996814426,"Clostridium perfringens","Species","Clostridium perfringens","d__Bacteria;p__Bacillota;c__Clostridia;o__Eubacteriales;f__Clostridiaceae;g__Clostridium_s__Clostridium_perfringens"
"X1502","N.MeFOSAA",0.000725115605624186,0.00348857152842858,-0.00639949793872222,0.00784972914997059,0.836747138582798,38,0.956057834191568,"Clostridium perfringens","Species","Clostridium perfringens","d__Bacteria;p__Bacillota;c__Clostridia;o__Eubacteriales;f__Clostridiaceae;g__Clostridium_s__Clostridium_perfringens"
"X1502","PFDoA",-0.00307280231145414,0.00331141995207569,-0.0098356240708247,0.00369001944791641,0.360844355552316,38,0.828167373398758,"Clostridium perfringens","Species","Clostridium perfringens","d__Bacteria;p__Bacillota;c__Clostridia;o__Eubacteriales;f__Clostridiaceae;g__Clostridium_s__Clostridium_perfringens"
"X151276","PFBA",-0.000242515946197822,0.00246755461960407,-0.0052819347802341,0.00479690288783845,0.922362201028923,38,0.983618041804996,"Bacteroides coprosuis","Species","Bacteroides coprosuis","d__Bacteria;p__Bacteroidota;c__Bacteroidia;o__Bacteroidales;f__Bacteroidaceae;g__Bacteroides_s__Bacteroides_coprosuis"
"X151276","PFDA",-0.000370922656096998,0.00234357407556122,-0.0051571394399173,0.00441529412772331,0.875302898824376,38,0.965599996814426,"Bacteroides coprosuis","Species","Bacteroides coprosuis","d__Bacteria;p__Bacteroidota;c__Bacteroidia;o__Bacteroidales;f__Bacteroidaceae;g__Bacteroides_s__Bacteroides_coprosuis"
"X151276","PFDoA",-0.000628888282085254,0.00229888098284468,-0.00532382959366366,0.00406605302949315,0.786295277992073,38,0.96094690930243,"Bacteroides coprosuis","Species","Bacteroides coprosuis","d__Bacteria;p__Bacteroidota;c__Bacteroidia;o__Bacteroidales;f__Bacteroidaceae;g__Bacteroides_s__Bacteroides_coprosuis"
"X151276","PFHpA",0.00300462559287355,0.0021068069058443,-0.00129804812167749,0.00730729930742459,0.164148655195782,38,0.835133558027294,"Bacteroides coprosuis","Species","Bacteroides coprosuis","d__Bacteria;p__Bacteroidota;c__Bacteroidia;o__Bacteroidales;f__Bacteroidaceae;g__Bacteroides_s__Bacteroides_coprosuis"
"X151276","N.MeFOSAA",-0.00174032166590182,0.00237134367916125,-0.00658325154627688,0.00310260821447323,0.468708874559465,38,0.874362660793263,"Bacteroides coprosuis","Species","Bacteroides coprosuis","d__Bacteria;p__Bacteroidota;c__Bacteroidia;o__Bacteroidales;f__Bacteroidaceae;g__Bacteroides_s__Bacteroides_coprosuis"
"X1519","PFDoA",-0.00411017178551594,0.00388074310315444,-0.0120357065350692,0.00381536296403737,0.29799867638404,38,0.800128133397142,"Clostridium tyrobutyricum","Species","Clostridium tyrobutyricum","d__Bacteria;p__Bacillota;c__Clostridia;o__Eubacteriales;f__Clostridiaceae;g__Clostridium_s__Clostridium_tyrobutyricum"
"X1519","PFBA",-0.00341853379517042,0.00419183273512019,-0.0119793983315283,0.00514233074118742,0.421201194286529,38,0.928654337204168,"Clostridium tyrobutyricum","Species","Clostridium tyrobutyricum","d__Bacteria;p__Bacillota;c__Clostridia;o__Eubacteriales;f__Clostridiaceae;g__Clostridium_s__Clostridium_tyrobutyricum"
"X1519","PFHpA",0.00288258058626644,0.00370127396420754,-0.00467642928405951,0.0104415904565924,0.442193173785612,38,0.916647209445804,"Clostridium tyrobutyricum","Species","Clostridium tyrobutyricum","d__Bacteria;p__Bacillota;c__Clostridia;o__Eubacteriales;f__Clostridiaceae;g__Clostridium_s__Clostridium_tyrobutyricum"
"X1519","PFDA",-2.22645299568426e-05,0.00402613537460117,-0.00824472991084487,0.00820020085093119,0.995624330818033,38,0.995624330818033,"Clostridium tyrobutyricum","Species","Clostridium tyrobutyricum","d__Bacteria;p__Bacillota;c__Clostridia;o__Eubacteriales;f__Clostridiaceae;g__Clostridium_s__Clostridium_tyrobutyricum"
"X1519","N.MeFOSAA",-0.00412491407347169,0.00403892400756956,-0.0123734973272248,0.00412366918028144,0.315282516831985,38,0.867939519343514,"Clostridium tyrobutyricum","Species","Clostridium tyrobutyricum","d__Bacteria;p__Bacillota;c__Clostridia;o__Eubacteriales;f__Clostridiaceae;g__Clostridium_s__Clostridium_tyrobutyricum"
"X1520","PFDA",0.000479940605859366,0.00327383673346448,-0.00620612598132236,0.0071660071930411,0.884429399087365,38,0.965599996814426,"Clostridium beijerinckii","Species","Clostridium beijerinckii","d__Bacteria;p__Bacillota;c__Clostridia;o__Eubacteriales;f__Clostridiaceae;g__Clostridium_s__Clostridium_beijerinckii"
"X1520","N.MeFOSAA",0.002343544905875,0.00331453283606768,-0.00442563421073204,0.00911272402248204,0.484990918791061,38,0.881801670529202,"Clostridium beijerinckii","Species","Clostridium beijerinckii","d__Bacteria;p__Bacillota;c__Clostridia;o__Eubacteriales;f__Clostridiaceae;g__Clostridium_s__Clostridium_beijerinckii"
"X1520","PFBA",-0.00131746230854278,0.00343897924058517,-0.00834079488938162,0.00570587027229605,0.704349148513572,38,0.938223440751293,"Clostridium beijerinckii","Species","Clostridium beijerinckii","d__Bacteria;p__Bacillota;c__Clostridia;o__Eubacteriales;f__Clostridiaceae;g__Clostridium_s__Clostridium_beijerinckii"
"X1520","PFDoA",0.00668777235117227,0.00297434602089921,0.000613347397180623,0.0127621973051639,0.0320464351457978,38,0.479737333381273,"Clostridium beijerinckii","Species","Clostridium beijerinckii","d__Bacteria;p__Bacillota;c__Clostridia;o__Eubacteriales;f__Clostridiaceae;g__Clostridium_s__Clostridium_beijerinckii"
"X1520","PFHpA",-0.000481420696170336,0.0030397662008843,-0.00668945148183179,0.00572661008949112,0.875223198307837,38,0.980631390935176,"Clostridium beijerinckii","Species","Clostridium beijerinckii","d__Bacteria;p__Bacillota;c__Clostridia;o__Eubacteriales;f__Clostridiaceae;g__Clostridium_s__Clostridium_beijerinckii"
"X1548","PFDoA",0.00653870338048012,0.00374069179992279,-0.00110080845001409,0.0141782152109743,0.0906942960314256,38,0.577823733822609,"Clostridium scatologenes","Species","Clostridium scatologenes","d__Bacteria;p__Bacillota;c__Clostridia;o__Eubacteriales;f__Clostridiaceae;g__Clostridium_s__Clostridium_scatologenes"
"X1548","PFHpA",0.00474149878845971,0.00361155139812511,-0.00263427315644744,0.0121172707333669,0.199181419322612,38,0.835133558027294,"Clostridium scatologenes","Species","Clostridium scatologenes","d__Bacteria;p__Bacillota;c__Clostridia;o__Eubacteriales;f__Clostridiaceae;g__Clostridium_s__Clostridium_scatologenes"
"X1548","PFDA",0.00647884645473159,0.00382067240568256,-0.00132400756394409,0.0142817004734073,0.100291929300111,38,0.965599996814426,"Clostridium scatologenes","Species","Clostridium scatologenes","d__Bacteria;p__Bacillota;c__Clostridia;o__Eubacteriales;f__Clostridiaceae;g__Clostridium_s__Clostridium_scatologenes"
"X1548","N.MeFOSAA",0.00701910691617078,0.00387504004681185,-0.000894780638497315,0.0149329944708389,0.0801081615114808,38,0.605717536194877,"Clostridium scatologenes","Species","Clostridium scatologenes","d__Bacteria;p__Bacillota;c__Clostridia;o__Eubacteriales;f__Clostridiaceae;g__Clostridium_s__Clostridium_scatologenes"
"X1548","PFBA",0.00541438908946538,0.00409240014523096,-0.00294340700730299,0.0137721851862337,0.195819955595969,38,0.928654337204168,"Clostridium scatologenes","Species","Clostridium scatologenes","d__Bacteria;p__Bacillota;c__Clostridia;o__Eubacteriales;f__Clostridiaceae;g__Clostridium_s__Clostridium_scatologenes"
"X1561","PFDoA",0.00218828049070159,0.00448823118915205,-0.0069779104444158,0.011354471425819,0.629405876857,38,0.96094690930243,"Clostridium baratii","Species","Clostridium baratii","d__Bacteria;p__Bacillota;c__Clostridia;o__Eubacteriales;f__Clostridiaceae;g__Clostridium_s__Clostridium_baratii"
"X1561","PFBA",0.00448278400402676,0.00476151984656574,-0.00524153682874615,0.0142071048367997,0.353988645358346,38,0.928654337204168,"Clostridium baratii","Species","Clostridium baratii","d__Bacteria;p__Bacillota;c__Clostridia;o__Eubacteriales;f__Clostridiaceae;g__Clostridium_s__Clostridium_baratii"
"X1561","PFDA",-0.00336932755744079,0.00454836592412105,-0.0126583300054523,0.00591967489057076,0.464587352025153,38,0.965599996814426,"Clostridium baratii","Species","Clostridium baratii","d__Bacteria;p__Bacillota;c__Clostridia;o__Eubacteriales;f__Clostridiaceae;g__Clostridium_s__Clostridium_baratii"
"X1561","N.MeFOSAA",-0.000484237274326684,0.00468287600821378,-0.0100479459621756,0.0090794714135222,0.918328962468514,38,0.9696943970578,"Clostridium baratii","Species","Clostridium baratii","d__Bacteria;p__Bacillota;c__Clostridia;o__Eubacteriales;f__Clostridiaceae;g__Clostridium_s__Clostridium_baratii"
"X1561","PFHpA",0.00136320706861646,0.00425460085478033,-0.00732584706965712,0.01005226120689,0.750880402176596,38,0.965138814480003,"Clostridium baratii","Species","Clostridium baratii","d__Bacteria;p__Bacillota;c__Clostridia;o__Eubacteriales;f__Clostridiaceae;g__Clostridium_s__Clostridium_baratii"
"X158836","PFDA",-0.00330935339440324,0.00439268643381246,-0.0122804159073465,0.00566170911854006,0.457094948936196,38,0.965599996814426,"Enterobacter hormaechei","Species","Enterobacter hormaechei","d__Bacteria;p__Pseudomonadota;c__Gammaproteobacteria;o__Enterobacterales;f__Enterobacteriaceae;g__Enterobacter_s__Enterobacter_hormaechei"
"X158836","N.MeFOSAA",-0.00333345450975142,0.00448367556417925,-0.0124903416174656,0.00582343259796278,0.462983558547811,38,0.874362660793263,"Enterobacter hormaechei","Species","Enterobacter hormaechei","d__Bacteria;p__Pseudomonadota;c__Gammaproteobacteria;o__Enterobacterales;f__Enterobacteriaceae;g__Enterobacter_s__Enterobacter_hormaechei"
"X158836","PFBA",0.00412267269524461,0.00460632803565798,-0.00528470417666786,0.0135300495671571,0.377911052460079,38,0.928654337204168,"Enterobacter hormaechei","Species","Enterobacter hormaechei","d__Bacteria;p__Pseudomonadota;c__Gammaproteobacteria;o__Enterobacterales;f__Enterobacteriaceae;g__Enterobacter_s__Enterobacter_hormaechei"
"X158836","PFDoA",0.00714876275392954,0.00415281836982909,-0.00133242381879423,0.0156299493266533,0.0954723403288301,38,0.577823733822609,"Enterobacter hormaechei","Species","Enterobacter hormaechei","d__Bacteria;p__Pseudomonadota;c__Gammaproteobacteria;o__Enterobacterales;f__Enterobacteriaceae;g__Enterobacter_s__Enterobacter_hormaechei"
"X158836","PFHpA",0.00508404407329535,0.00401127407233373,-0.00310807047930713,0.0132761586258978,0.214748629207019,38,0.835133558027294,"Enterobacter hormaechei","Species","Enterobacter hormaechei","d__Bacteria;p__Pseudomonadota;c__Gammaproteobacteria;o__Enterobacterales;f__Enterobacteriaceae;g__Enterobacter_s__Enterobacter_hormaechei"
"X166486","PFDA",0.00034739171347216,0.00389554126147789,-0.00760836490722911,0.00830314833417344,0.92953412953337,38,0.982747543343962,"Roseburia intestinalis","Species","Roseburia intestinalis","d__Bacteria;p__Bacillota;c__Clostridia;o__Lachnospirales;f__Lachnospiraceae;g__Roseburia_s__Roseburia_intestinalis"
"X166486","PFDoA",-0.000204727578975996,0.0038247424479764,-0.00801589373292436,0.00760643857497237,0.957666759523559,38,0.974975078225898,"Roseburia intestinalis","Species","Roseburia intestinalis","d__Bacteria;p__Bacillota;c__Clostridia;o__Lachnospirales;f__Lachnospiraceae;g__Roseburia_s__Roseburia_intestinalis"
"X166486","PFBA",0.000980674156922076,0.00409720634220374,-0.00738693750354337,0.00934828581738752,0.812460461172572,38,0.943029011086285,"Roseburia intestinalis","Species","Roseburia intestinalis","d__Bacteria;p__Bacillota;c__Clostridia;o__Lachnospirales;f__Lachnospiraceae;g__Roseburia_s__Roseburia_intestinalis"
"X166486","PFHpA",-0.00501563869324781,0.00349990235958284,-0.0121633928819676,0.00213211549547193,0.162174909383658,38,0.835133558027294,"Roseburia intestinalis","Species","Roseburia intestinalis","d__Bacteria;p__Bacillota;c__Clostridia;o__Lachnospirales;f__Lachnospiraceae;g__Roseburia_s__Roseburia_intestinalis"
"X166486","N.MeFOSAA",0.00350800520632884,0.00392386756775349,-0.00450560144946784,0.0115216118621255,0.378429205335041,38,0.867939519343514,"Roseburia intestinalis","Species","Roseburia intestinalis","d__Bacteria;p__Bacillota;c__Clostridia;o__Lachnospirales;f__Lachnospiraceae;g__Roseburia_s__Roseburia_intestinalis"
"X1680","PFDA",0.000513346668340051,0.00209892568303942,-0.00377323144195461,0.00479992477863471,0.808449941783112,38,0.965599996814426,"Bifidobacterium adolescentis","Species","Bifidobacterium adolescentis","d__Bacteria;p__Actinomycetota;c__Actinomycetes;o__Bifidobacteriales;f__Bifidobacteriaceae;g__Bifidobacterium_s__Bifidobacterium_adolescentis"
"X1680","N.MeFOSAA",0.00011468826359235,0.00214391434615147,-0.00426376895422188,0.00449314548140658,0.957692324496714,38,0.98457285856567,"Bifidobacterium adolescentis","Species","Bifidobacterium adolescentis","d__Bacteria;p__Actinomycetota;c__Actinomycetes;o__Bifidobacteriales;f__Bifidobacteriaceae;g__Bifidobacterium_s__Bifidobacterium_adolescentis"
"X1680","PFBA",0.0026454196921113,0.00215821560979651,-0.0017622446025355,0.0070530839867581,0.229830691767992,38,0.928654337204168,"Bifidobacterium adolescentis","Species","Bifidobacterium adolescentis","d__Bacteria;p__Actinomycetota;c__Actinomycetes;o__Bifidobacteriales;f__Bifidobacteriaceae;g__Bifidobacterium_s__Bifidobacterium_adolescentis"
"X1680","PFDoA",0.00113155520422264,0.00205228566092465,-0.00305977127354576,0.00532288168199103,0.58546821639185,38,0.96094690930243,"Bifidobacterium adolescentis","Species","Bifidobacterium adolescentis","d__Bacteria;p__Actinomycetota;c__Actinomycetes;o__Bifidobacteriales;f__Bifidobacteriaceae;g__Bifidobacterium_s__Bifidobacterium_adolescentis"
"X1680","PFHpA",-0.00363283439295975,0.00183470979845708,-0.00737981167965465,0.000114142893735141,0.0569340003727226,38,0.835133558027294,"Bifidobacterium adolescentis","Species","Bifidobacterium adolescentis","d__Bacteria;p__Actinomycetota;c__Actinomycetes;o__Bifidobacteriales;f__Bifidobacteriaceae;g__Bifidobacterium_s__Bifidobacterium_adolescentis"
"X1686399","PFBA",-0.00168979464871013,0.00212465430121356,-0.00602891760724053,0.00264932830982028,0.432671284272927,38,0.928654337204168,"Enterobacter sp. BIDMC100","Species","Enterobacter sp. BIDMC100","d__Bacteria;p__Pseudomonadota;c__Gammaproteobacteria;o__Enterobacterales;f__Enterobacteriaceae;g__Enterobacter_s__Enterobacter_sp._BIDMC100"
"X1686399","PFDA",0.00131484111152435,0.00202541158390092,-0.00282160117894997,0.00545128340199868,0.521166398484107,38,0.965599996814426,"Enterobacter sp. BIDMC100","Species","Enterobacter sp. BIDMC100","d__Bacteria;p__Pseudomonadota;c__Gammaproteobacteria;o__Enterobacterales;f__Enterobacteriaceae;g__Enterobacter_s__Enterobacter_sp._BIDMC100"
"X1686399","PFHpA",-0.0037769001368184,0.00176387859978811,-0.00737922081742486,-0.000174579456211945,0.0404964715738864,38,0.835133558027294,"Enterobacter sp. BIDMC100","Species","Enterobacter sp. BIDMC100","d__Bacteria;p__Pseudomonadota;c__Gammaproteobacteria;o__Enterobacterales;f__Enterobacteriaceae;g__Enterobacter_s__Enterobacter_sp._BIDMC100"
"X1686399","N.MeFOSAA",0.00119873896616656,0.0020697913039074,-0.00302833880409536,0.00542581673642847,0.566805408095075,38,0.892570656861526,"Enterobacter sp. BIDMC100","Species","Enterobacter sp. BIDMC100","d__Bacteria;p__Pseudomonadota;c__Gammaproteobacteria;o__Enterobacterales;f__Enterobacteriaceae;g__Enterobacter_s__Enterobacter_sp._BIDMC100"
"X1686399","PFDoA",0.000564507458880518,0.0019996958534814,-0.00351941630366434,0.00464843122142538,0.779654531240125,38,0.96094690930243,"Enterobacter sp. BIDMC100","Species","Enterobacter sp. BIDMC100","d__Bacteria;p__Pseudomonadota;c__Gammaproteobacteria;o__Enterobacterales;f__Enterobacteriaceae;g__Enterobacter_s__Enterobacter_sp._BIDMC100"
"X1691","N.MeFOSAA",-0.00298151825944505,0.00313202902729888,-0.00937797487423351,0.0034149383553434,0.348732281560747,38,0.867939519343514,"Bifidobacterium indicum","Species","Bifidobacterium indicum","d__Bacteria;p__Actinomycetota;c__Actinomycetes;o__Bifidobacteriales;f__Bifidobacteriaceae;g__Bifidobacterium_s__Bifidobacterium_indicum"
"X1691","PFBA",-0.00208492817052479,0.00325701836416229,-0.00873664706532075,0.00456679072427117,0.526944678790442,38,0.928654337204168,"Bifidobacterium indicum","Species","Bifidobacterium indicum","d__Bacteria;p__Actinomycetota;c__Actinomycetes;o__Bifidobacteriales;f__Bifidobacteriaceae;g__Bifidobacterium_s__Bifidobacterium_indicum"
"X1691","PFDoA",0.000653832689516744,0.00305601797524467,-0.00558738864728692,0.0068950540263204,0.832034157159995,38,0.96094690930243,"Bifidobacterium indicum","Species","Bifidobacterium indicum","d__Bacteria;p__Actinomycetota;c__Actinomycetes;o__Bifidobacteriales;f__Bifidobacteriaceae;g__Bifidobacterium_s__Bifidobacterium_indicum"
"X1691","PFHpA",0.00332266049976896,0.00282834296890372,-0.00245358644259638,0.00909890744213429,0.249326293043443,38,0.877113244153051,"Bifidobacterium indicum","Species","Bifidobacterium indicum","d__Bacteria;p__Actinomycetota;c__Actinomycetes;o__Bifidobacteriales;f__Bifidobacteriaceae;g__Bifidobacterium_s__Bifidobacterium_indicum"
"X1691","PFDA",-0.00111110072222885,0.00310861299331504,-0.0074597354157763,0.0052375339713186,0.723274843389417,38,0.965599996814426,"Bifidobacterium indicum","Species","Bifidobacterium indicum","d__Bacteria;p__Actinomycetota;c__Actinomycetes;o__Bifidobacteriales;f__Bifidobacteriaceae;g__Bifidobacterium_s__Bifidobacterium_indicum"
"X1702238","PFBA",-0.00293980560220692,0.00441876196977646,-0.0119641214640328,0.00608451025961895,0.51094108012379,38,0.928654337204168,"Clostridium sp. MF28","Species","Clostridium sp. MF28","d__Bacteria;p__Bacillota;c__Clostridia;o__Eubacteriales;f__Clostridiaceae;g__Clostridium_s__Clostridium_sp._MF28"
"X1702238","PFDA",-0.000580214284202935,0.00422734764931496,-0.00921360995160866,0.00805318138320279,0.891748196038774,38,0.965599996814426,"Clostridium sp. MF28","Species","Clostridium sp. MF28","d__Bacteria;p__Bacillota;c__Clostridia;o__Eubacteriales;f__Clostridiaceae;g__Clostridium_s__Clostridium_sp._MF28"
"X1702238","PFDoA",0.00247190990491418,0.00412686573500204,-0.00595627431653384,0.0109000941263622,0.553682837905873,38,0.958697330208337,"Clostridium sp. MF28","Species","Clostridium sp. MF28","d__Bacteria;p__Bacillota;c__Clostridia;o__Eubacteriales;f__Clostridiaceae;g__Clostridium_s__Clostridium_sp._MF28"
"X1702238","PFHpA",0.00127486662148928,0.00391966591910274,-0.00673015912299692,0.00927989236597547,0.74725032103774,38,0.965138814480003,"Clostridium sp. MF28","Species","Clostridium sp. MF28","d__Bacteria;p__Bacillota;c__Clostridia;o__Eubacteriales;f__Clostridiaceae;g__Clostridium_s__Clostridium_sp._MF28"
"X1702238","N.MeFOSAA",0.00189215797744293,0.00430136849591272,-0.00689240842616151,0.0106767243810474,0.663164865466116,38,0.910226285933885,"Clostridium sp. MF28","Species","Clostridium sp. MF28","d__Bacteria;p__Bacillota;c__Clostridia;o__Eubacteriales;f__Clostridiaceae;g__Clostridium_s__Clostridium_sp._MF28"
"X1814128","N.MeFOSAA",0.00273548302639437,0.00642096237514294,-0.0103778715753066,0.0158488376280954,0.673131645856046,38,0.914575305029604,"Streptococcus halotolerans","Species","Streptococcus halotolerans","d__Bacteria;p__Bacillota;c__Bacilli;o__Lactobacillales;f__Streptococcaceae;g__Streptococcus_s__Streptococcus_halotolerans"
"X1814128","PFBA",-0.00178436193476336,0.0066353720835075,-0.0153355995782209,0.0117668757086942,0.789834650772473,38,0.943029011086285,"Streptococcus halotolerans","Species","Streptococcus halotolerans","d__Bacteria;p__Bacillota;c__Bacilli;o__Lactobacillales;f__Streptococcaceae;g__Streptococcus_s__Streptococcus_halotolerans"
"X1814128","PFDA",-0.0051158247153838,0.00624169418835611,-0.017863064836919,0.0076314154061514,0.418896413100228,38,0.965599996814426,"Streptococcus halotolerans","Species","Streptococcus halotolerans","d__Bacteria;p__Bacillota;c__Bacilli;o__Lactobacillales;f__Streptococcaceae;g__Streptococcus_s__Streptococcus_halotolerans"
"X1814128","PFDoA",-0.0030318283453907,0.00617118911177922,-0.0156350778910035,0.00957142120022211,0.626798231305035,38,0.96094690930243,"Streptococcus halotolerans","Species","Streptococcus halotolerans","d__Bacteria;p__Bacillota;c__Bacilli;o__Lactobacillales;f__Streptococcaceae;g__Streptococcus_s__Streptococcus_halotolerans"
"X1814128","PFHpA",0.00406629016625584,0.00581309372452324,-0.00780563103323555,0.0159382113657472,0.489624976620751,38,0.92911180378499,"Streptococcus halotolerans","Species","Streptococcus halotolerans","d__Bacteria;p__Bacillota;c__Bacilli;o__Lactobacillales;f__Streptococcaceae;g__Streptococcus_s__Streptococcus_halotolerans"
"X1827481","PFBA",0.00567485091145351,0.00298944652629563,-0.000430413388785477,0.0117801152116925,0.0673151193245719,38,0.755952002354368,"Enterobacter sp. ODB01","Species","Enterobacter sp. ODB01","d__Bacteria;p__Pseudomonadota;c__Gammaproteobacteria;o__Enterobacterales;f__Enterobacteriaceae;g__Enterobacter_s__Enterobacter_sp._ODB01"
"X1827481","PFHpA",0.00298911750708089,0.00273709307072474,-0.00260077228159323,0.00857900729575501,0.283491997034224,38,0.877113244153051,"Enterobacter sp. ODB01","Species","Enterobacter sp. ODB01","d__Bacteria;p__Pseudomonadota;c__Gammaproteobacteria;o__Enterobacterales;f__Enterobacteriaceae;g__Enterobacter_s__Enterobacter_sp._ODB01"
"X1827481","N.MeFOSAA",0.000231780839860205,0.00306692404506546,-0.00603171366294495,0.00649527534266536,0.940259462894692,38,0.975083887446347,"Enterobacter sp. ODB01","Species","Enterobacter sp. ODB01","d__Bacteria;p__Pseudomonadota;c__Gammaproteobacteria;o__Enterobacterales;f__Enterobacteriaceae;g__Enterobacter_s__Enterobacter_sp._ODB01"
"X1827481","PFDA",0.000974620849748943,0.00300042953427988,-0.0051530737451836,0.00710231544468148,0.747566292546379,38,0.965599996814426,"Enterobacter sp. ODB01","Species","Enterobacter sp. ODB01","d__Bacteria;p__Pseudomonadota;c__Gammaproteobacteria;o__Enterobacterales;f__Enterobacteriaceae;g__Enterobacter_s__Enterobacter_sp._ODB01"
"X1827481","PFDoA",0.0013249075390619,0.00294089320862004,-0.00468119765782618,0.00733101273594997,0.655580484045504,38,0.96094690930243,"Enterobacter sp. ODB01","Species","Enterobacter sp. ODB01","d__Bacteria;p__Pseudomonadota;c__Gammaproteobacteria;o__Enterobacterales;f__Enterobacteriaceae;g__Enterobacter_s__Enterobacter_sp._ODB01"
"X182773","N.MeFOSAA",-0.000431835156150407,0.00265022631654805,-0.00584431936540118,0.00498064905310036,0.87165618037307,38,0.956057834191568,"Clostridium isatidis","Species","Clostridium isatidis","d__Bacteria;p__Bacillota;c__Clostridia;o__Eubacteriales;f__Clostridiaceae;g__Clostridium_s__Clostridium_isatidis"
"X182773","PFBA",0.00485758636761534,0.00258718898354744,-0.000426158432729583,0.0101413311679603,0.0701955430757627,38,0.755952002354368,"Clostridium isatidis","Species","Clostridium isatidis","d__Bacteria;p__Bacillota;c__Clostridia;o__Eubacteriales;f__Clostridiaceae;g__Clostridium_s__Clostridium_isatidis"
"X182773","PFHpA",0.00153740915094524,0.00239621786141572,-0.00335632058672114,0.00643113888861162,0.526006247621005,38,0.92911180378499,"Clostridium isatidis","Species","Clostridium isatidis","d__Bacteria;p__Bacillota;c__Clostridia;o__Eubacteriales;f__Clostridiaceae;g__Clostridium_s__Clostridium_isatidis"
"X182773","PFDoA",-0.00158182195121363,0.00253438467538973,-0.00675772596743403,0.00359408206500677,0.537250542242187,38,0.952089568530459,"Clostridium isatidis","Species","Clostridium isatidis","d__Bacteria;p__Bacillota;c__Clostridia;o__Eubacteriales;f__Clostridiaceae;g__Clostridium_s__Clostridium_isatidis"
"X182773","PFDA",0.00072855524038868,0.00259481647417218,-0.00457076697396985,0.00602787745474721,0.780811591451423,38,0.965599996814426,"Clostridium isatidis","Species","Clostridium isatidis","d__Bacteria;p__Bacillota;c__Clostridia;o__Eubacteriales;f__Clostridiaceae;g__Clostridium_s__Clostridium_isatidis"
"X1839799","PFDoA",0.000537657161260895,0.00327134118100659,-0.00614331282787283,0.00721862715039462,0.870555046247298,38,0.96728338471922,"Streptococcus sp. FDAARGOS_192","Species","Streptococcus sp. FDAARGOS_192","d__Bacteria;p__Bacillota;c__Bacilli;o__Lactobacillales;f__Streptococcaceae;g__Streptococcus_s__Streptococcus_sp._FDAARGOS_192"
"X1839799","PFHpA",-0.00397032623942447,0.00300944517669433,-0.0101164332325359,0.00217578075368697,0.197053855232396,38,0.835133558027294,"Streptococcus sp. FDAARGOS_192","Species","Streptococcus sp. FDAARGOS_192","d__Bacteria;p__Bacillota;c__Bacilli;o__Lactobacillales;f__Streptococcaceae;g__Streptococcus_s__Streptococcus_sp._FDAARGOS_192"
"X1839799","PFDA",-0.000274095819829411,0.00333330278932654,-0.00708160829498309,0.00653341665532427,0.935010411877964,38,0.982747543343962,"Streptococcus sp. FDAARGOS_192","Species","Streptococcus sp. FDAARGOS_192","d__Bacteria;p__Bacillota;c__Bacilli;o__Lactobacillales;f__Streptococcaceae;g__Streptococcus_s__Streptococcus_sp._FDAARGOS_192"
"X1839799","N.MeFOSAA",0.00427187096421522,0.00331129352962652,-0.00249069260606952,0.0110344345345,0.206875043715518,38,0.722438539109473,"Streptococcus sp. FDAARGOS_192","Species","Streptococcus sp. FDAARGOS_192","d__Bacteria;p__Bacillota;c__Bacilli;o__Lactobacillales;f__Streptococcaceae;g__Streptococcus_s__Streptococcus_sp._FDAARGOS_192"
"X1839799","PFBA",-0.000454935653446376,0.00350815493179242,-0.00761954384308337,0.00670967253619062,0.897685620758188,38,0.983618041804996,"Streptococcus sp. FDAARGOS_192","Species","Streptococcus sp. FDAARGOS_192","d__Bacteria;p__Bacillota;c__Bacilli;o__Lactobacillales;f__Streptococcaceae;g__Streptococcus_s__Streptococcus_sp._FDAARGOS_192"
"X1912897","PFBA",-0.00633302048681862,0.00295583285255883,-0.0123696365070298,-0.0002964044666074,0.0403828728135081,38,0.743999975159678,"Blautia argi","Species","Blautia argi","d__Bacteria;p__Bacillota;c__Clostridia;o__Lachnospirales;f__Lachnospiraceae;g__Blautia_s__Blautia_argi"
"X1912897","PFHpA",-0.00025306304134891,0.00279943923922586,-0.00597028069270877,0.00546415461001095,0.928572002685552,38,0.980631390935176,"Blautia argi","Species","Blautia argi","d__Bacteria;p__Bacillota;c__Clostridia;o__Lachnospirales;f__Lachnospiraceae;g__Blautia_s__Blautia_argi"
"X1912897","PFDoA",-0.00301246629433007,0.00290864011598215,-0.00895270188849325,0.00292776929983312,0.308620851453183,38,0.800128133397142,"Blautia argi","Species","Blautia argi","d__Bacteria;p__Bacillota;c__Clostridia;o__Lachnospirales;f__Lachnospiraceae;g__Blautia_s__Blautia_argi"
"X1912897","PFDA",-0.000561707103113609,0.00301348967867914,-0.00671607407122807,0.00559265986500086,0.853387756329278,38,0.965599996814426,"Blautia argi","Species","Blautia argi","d__Bacteria;p__Bacillota;c__Clostridia;o__Lachnospirales;f__Lachnospiraceae;g__Blautia_s__Blautia_argi"
"X1912897","N.MeFOSAA",0.00346459863374257,0.00301122390777031,-0.00268514101285251,0.00961433828033765,0.259001380749085,38,0.805782073441598,"Blautia argi","Species","Blautia argi","d__Bacteria;p__Bacillota;c__Clostridia;o__Lachnospirales;f__Lachnospiraceae;g__Blautia_s__Blautia_argi"
"X1940319","PFDoA",0.00165320331506566,0.0037700641392627,-0.00604629483503958,0.00935270146517091,0.664159800822552,38,0.96094690930243,"Streptococcus sp. DAT741","Species","Streptococcus sp. DAT741","d__Bacteria;p__Bacillota;c__Bacilli;o__Lactobacillales;f__Streptococcaceae;g__Streptococcus_s__Streptococcus_sp._DAT741"
"X1940319","N.MeFOSAA",0.00215613978216989,0.00391154960257685,-0.00583231023262886,0.0101445897969686,0.585562606363836,38,0.892570656861526,"Streptococcus sp. DAT741","Species","Streptococcus sp. DAT741","d__Bacteria;p__Bacillota;c__Bacilli;o__Lactobacillales;f__Streptococcaceae;g__Streptococcus_s__Streptococcus_sp._DAT741"
"X1940319","PFBA",0.00327676924187729,0.00401085648977015,-0.00491449249335735,0.0114680309771119,0.420383549523473,38,0.928654337204168,"Streptococcus sp. DAT741","Species","Streptococcus sp. DAT741","d__Bacteria;p__Bacillota;c__Bacilli;o__Lactobacillales;f__Streptococcaceae;g__Streptococcus_s__Streptococcus_sp._DAT741"
"X1940319","PFDA",0.00199460097393109,0.00383521350901149,-0.0058379499395575,0.00982715188741968,0.606827794074669,38,0.965599996814426,"Streptococcus sp. DAT741","Species","Streptococcus sp. DAT741","d__Bacteria;p__Bacillota;c__Bacilli;o__Lactobacillales;f__Streptococcaceae;g__Streptococcus_s__Streptococcus_sp._DAT741"
"X1940319","PFHpA",0.00475510900041288,0.00347029130555559,-0.00233217134826496,0.0118423893490907,0.180781598901683,38,0.835133558027294,"Streptococcus sp. DAT741","Species","Streptococcus sp. DAT741","d__Bacteria;p__Bacillota;c__Bacilli;o__Lactobacillales;f__Streptococcaceae;g__Streptococcus_s__Streptococcus_sp._DAT741"
"X197614","PFDA",-0.00222364812159935,0.00259178654484217,-0.00751678239474267,0.00306948615154397,0.397717616995136,38,0.965599996814426,"Streptococcus pasteurianus","Species","Streptococcus pasteurianus","d__Bacteria;p__Bacillota;c__Bacilli;o__Lactobacillales;f__Streptococcaceae;g__Streptococcus_s__Streptococcus_pasteurianus"
"X197614","N.MeFOSAA",-0.000427614481752123,0.00267594220539649,-0.00589261754248736,0.00503738857898312,0.87411001983229,38,0.956057834191568,"Streptococcus pasteurianus","Species","Streptococcus pasteurianus","d__Bacteria;p__Bacillota;c__Bacilli;o__Lactobacillales;f__Streptococcaceae;g__Streptococcus_s__Streptococcus_pasteurianus"
"X197614","PFBA",0.00271340184834473,0.00271666634993156,-0.00283477101108092,0.00826157470777038,0.325880931902932,38,0.928654337204168,"Streptococcus pasteurianus","Species","Streptococcus pasteurianus","d__Bacteria;p__Bacillota;c__Bacilli;o__Lactobacillales;f__Streptococcaceae;g__Streptococcus_s__Streptococcus_pasteurianus"
"X197614","PFHpA",0.00142539649510721,0.00242202987894215,-0.00352104841499497,0.00637184140520939,0.560593050442192,38,0.92911180378499,"Streptococcus pasteurianus","Species","Streptococcus pasteurianus","d__Bacteria;p__Bacillota;c__Bacilli;o__Lactobacillales;f__Streptococcaceae;g__Streptococcus_s__Streptococcus_pasteurianus"
"X197614","PFDoA",-0.00175737803649984,0.00255543002799702,-0.00697626239668326,0.00346150632368359,0.496922574773942,38,0.951386751178267,"Streptococcus pasteurianus","Species","Streptococcus pasteurianus","d__Bacteria;p__Bacillota;c__Bacilli;o__Lactobacillales;f__Streptococcaceae;g__Streptococcus_s__Streptococcus_pasteurianus"
"X1977566","PFHpA",0.000678340830687576,0.00222135684525123,-0.00385827506998522,0.00521495673136037,0.762191448539463,38,0.965138814480003,"Enterobacter sp. Crenshaw","Species","Enterobacter sp. Crenshaw","d__Bacteria;p__Pseudomonadota;c__Gammaproteobacteria;o__Enterobacterales;f__Enterobacteriaceae;g__Enterobacter_s__Enterobacter_sp._Crenshaw"
"X1977566","N.MeFOSAA",-0.00210345849437204,0.00241466718278122,-0.00703486677290065,0.00282794978415656,0.390607993584506,38,0.867939519343514,"Enterobacter sp. Crenshaw","Species","Enterobacter sp. Crenshaw","d__Bacteria;p__Pseudomonadota;c__Gammaproteobacteria;o__Enterobacterales;f__Enterobacteriaceae;g__Enterobacter_s__Enterobacter_sp._Crenshaw"
"X1977566","PFBA",-0.00211401530470728,0.0024923781309358,-0.00720413051220502,0.00297609990279046,0.403048042105301,38,0.928654337204168,"Enterobacter sp. Crenshaw","Species","Enterobacter sp. Crenshaw","d__Bacteria;p__Pseudomonadota;c__Gammaproteobacteria;o__Enterobacterales;f__Enterobacteriaceae;g__Enterobacter_s__Enterobacter_sp._Crenshaw"
"X1977566","PFDA",-0.00465263303374622,0.00224034641911286,-0.00922803081807353,-7.72352494189162e-05,0.0464870045272054,38,0.946372570559425,"Enterobacter sp. Crenshaw","Species","Enterobacter sp. Crenshaw","d__Bacteria;p__Pseudomonadota;c__Gammaproteobacteria;o__Enterobacterales;f__Enterobacteriaceae;g__Enterobacter_s__Enterobacter_sp._Crenshaw"
"X1977566","PFDoA",0.000231620147160646,0.00235185479588234,-0.00457150812368982,0.00503474841801112,0.922203054255969,38,0.974975078225898,"Enterobacter sp. Crenshaw","Species","Enterobacter sp. Crenshaw","d__Bacteria;p__Pseudomonadota;c__Gammaproteobacteria;o__Enterobacterales;f__Enterobacteriaceae;g__Enterobacter_s__Enterobacter_sp._Crenshaw"
"X2020965","N.MeFOSAA",-0.00294511852875456,0.00597178566266358,-0.015141131902547,0.00925089484503791,0.625481794794953,38,0.910226285933885,"Bifidobacterium imperatoris","Species","Bifidobacterium imperatoris","d__Bacteria;p__Actinomycetota;c__Actinomycetes;o__Bifidobacteriales;f__Bifidobacteriaceae;g__Bifidobacterium_s__Bifidobacterium_imperatoris"
"X2020965","PFBA",0.00484841029442397,0.00612127178022128,-0.00765289445985599,0.0173497150487039,0.434544799193043,38,0.928654337204168,"Bifidobacterium imperatoris","Species","Bifidobacterium imperatoris","d__Bacteria;p__Actinomycetota;c__Actinomycetes;o__Bifidobacteriales;f__Bifidobacteriaceae;g__Bifidobacterium_s__Bifidobacterium_imperatoris"
"X2020965","PFDA",-0.00856665165318447,0.00566370110932621,-0.0201334724294842,0.00300016912311522,0.140857254521766,38,0.965599996814426,"Bifidobacterium imperatoris","Species","Bifidobacterium imperatoris","d__Bacteria;p__Actinomycetota;c__Actinomycetes;o__Bifidobacteriales;f__Bifidobacteriaceae;g__Bifidobacterium_s__Bifidobacterium_imperatoris"
"X2020965","PFDoA",-0.00748147799761542,0.00560436259062453,-0.0189271133515729,0.00396415735634211,0.191939329334403,38,0.626140783660581,"Bifidobacterium imperatoris","Species","Bifidobacterium imperatoris","d__Bacteria;p__Actinomycetota;c__Actinomycetes;o__Bifidobacteriales;f__Bifidobacteriaceae;g__Bifidobacterium_s__Bifidobacterium_imperatoris"
"X2020965","PFHpA",-0.00236738912209359,0.00543877486701392,-0.0134748492290195,0.00874007098483236,0.666474964395565,38,0.947971680924607,"Bifidobacterium imperatoris","Species","Bifidobacterium imperatoris","d__Bacteria;p__Actinomycetota;c__Actinomycetes;o__Bifidobacteriales;f__Bifidobacteriaceae;g__Bifidobacterium_s__Bifidobacterium_imperatoris"
"X2021971","N.MeFOSAA",0.00485627222940358,0.00389163367558346,-0.00309150403625488,0.012804048495062,0.221729462622928,38,0.722438539109473,"Streptococcus respiraculi","Species","Streptococcus respiraculi","d__Bacteria;p__Bacillota;c__Bacilli;o__Lactobacillales;f__Streptococcaceae;g__Streptococcus_s__Streptococcus_respiraculi"
"X2021971","PFBA",0.00107648348036954,0.00411247551050914,-0.00732231198195665,0.00947527894269574,0.795295025720639,38,0.943029011086285,"Streptococcus respiraculi","Species","Streptococcus respiraculi","d__Bacteria;p__Bacillota;c__Bacilli;o__Lactobacillales;f__Streptococcaceae;g__Streptococcus_s__Streptococcus_respiraculi"
"X2021971","PFDoA",0.00367468015347078,0.00378083282736762,-0.00404681059174164,0.0113961708986832,0.338860367532025,38,0.804081879036873,"Streptococcus respiraculi","Species","Streptococcus respiraculi","d__Bacteria;p__Bacillota;c__Bacilli;o__Lactobacillales;f__Streptococcaceae;g__Streptococcus_s__Streptococcus_respiraculi"
"X2021971","PFDA",-0.00133329168607513,0.00390372525134287,-0.0093057622438603,0.00663917887171004,0.735075385415532,38,0.965599996814426,"Streptococcus respiraculi","Species","Streptococcus respiraculi","d__Bacteria;p__Bacillota;c__Bacilli;o__Lactobacillales;f__Streptococcaceae;g__Streptococcus_s__Streptococcus_respiraculi"
"X2021971","PFHpA",0.000263486869890021,0.00363155812181943,-0.00715314425575886,0.00768011799553891,0.942641997802474,38,0.980631390935176,"Streptococcus respiraculi","Species","Streptococcus respiraculi","d__Bacteria;p__Bacillota;c__Bacilli;o__Lactobacillales;f__Streptococcaceae;g__Streptococcus_s__Streptococcus_respiraculi"
"X2027919","PFBA",-0.00163878527538616,0.00334837249414635,-0.00847707419361794,0.00519950364284562,0.628098782762201,38,0.928654337204168,"Enterobacter cloacae complex sp.","Species","Enterobacter cloacae complex sp.","d__Bacteria;p__Pseudomonadota;c__Gammaproteobacteria;o__Enterobacterales;f__Enterobacteriaceae;g__Enterobacter_s__Enterobacter_cloacae_complex_sp."
"X2027919","PFHpA",0.0015975693488526,0.00295108807398957,-0.00442935654077536,0.00762449523848056,0.592264709011736,38,0.92911180378499,"Enterobacter cloacae complex sp.","Species","Enterobacter cloacae complex sp.","d__Bacteria;p__Pseudomonadota;c__Gammaproteobacteria;o__Enterobacterales;f__Enterobacteriaceae;g__Enterobacter_s__Enterobacter_cloacae_complex_sp."
"X2027919","PFDA",-0.0024842761099297,0.00316125325481769,-0.00894041655963651,0.0039718643397771,0.438117601511356,38,0.965599996814426,"Enterobacter cloacae complex sp.","Species","Enterobacter cloacae complex sp.","d__Bacteria;p__Pseudomonadota;c__Gammaproteobacteria;o__Enterobacterales;f__Enterobacteriaceae;g__Enterobacter_s__Enterobacter_cloacae_complex_sp."
"X2027919","N.MeFOSAA",-0.00114032754656715,0.00325232926233116,-0.0077824700178486,0.0055018149247143,0.728324513959477,38,0.943517822788891,"Enterobacter cloacae complex sp.","Species","Enterobacter cloacae complex sp.","d__Bacteria;p__Pseudomonadota;c__Gammaproteobacteria;o__Enterobacterales;f__Enterobacteriaceae;g__Enterobacter_s__Enterobacter_cloacae_complex_sp."
"X2027919","PFDoA",-0.00277572019300649,0.00309409045468223,-0.00909469590590858,0.00354325551989559,0.376806674688813,38,0.850853781555384,"Enterobacter cloacae complex sp.","Species","Enterobacter cloacae complex sp.","d__Bacteria;p__Pseudomonadota;c__Gammaproteobacteria;o__Enterobacterales;f__Enterobacteriaceae;g__Enterobacter_s__Enterobacter_cloacae_complex_sp."
"X2044467","PFDA",0.00249059406012728,0.00300497958673031,-0.0036463929815995,0.00862758110185407,0.413750912665116,38,0.965599996814426,"Escherichia sp. E4742","Species","Escherichia sp. E4742","d__Bacteria;p__Pseudomonadota;c__Gammaproteobacteria;o__Enterobacterales;f__Enterobacteriaceae;g__Escherichia_s__Escherichia_sp._E4742"
"X2044467","PFDoA",-0.00102245270082695,0.00297785576210306,-0.00710404550260796,0.00505914010095406,0.733728305030431,38,0.96094690930243,"Escherichia sp. E4742","Species","Escherichia sp. E4742","d__Bacteria;p__Pseudomonadota;c__Gammaproteobacteria;o__Enterobacterales;f__Enterobacteriaceae;g__Escherichia_s__Escherichia_sp._E4742"
"X2044467","N.MeFOSAA",0.00585466643004261,0.00291136472896687,-9.11335661733506e-05,0.0118004664262586,0.0533901431515007,38,0.605717536194877,"Escherichia sp. E4742","Species","Escherichia sp. E4742","d__Bacteria;p__Pseudomonadota;c__Gammaproteobacteria;o__Enterobacterales;f__Enterobacteriaceae;g__Escherichia_s__Escherichia_sp._E4742"
"X2044467","PFBA",0.00159647550411461,0.00318584328962584,-0.00490988449638037,0.00810283550460959,0.619947098543648,38,0.928654337204168,"Escherichia sp. E4742","Species","Escherichia sp. E4742","d__Bacteria;p__Pseudomonadota;c__Gammaproteobacteria;o__Enterobacterales;f__Enterobacteriaceae;g__Escherichia_s__Escherichia_sp._E4742"
"X2044467","PFHpA",-0.00149983211801204,0.00280874751080372,-0.00723605979603115,0.00423639556000707,0.597286159576065,38,0.92911180378499,"Escherichia sp. E4742","Species","Escherichia sp. E4742","d__Bacteria;p__Pseudomonadota;c__Gammaproteobacteria;o__Enterobacterales;f__Enterobacteriaceae;g__Escherichia_s__Escherichia_sp._E4742"
"X2058152","N.MeFOSAA",0.000444440675629029,0.00219038698192219,-0.00402892632619145,0.00491780767744951,0.840579126033384,38,0.956057834191568,"Klebsiella grimontii","Species","Klebsiella grimontii","d__Bacteria;p__Pseudomonadota;c__Gammaproteobacteria;o__Enterobacterales;f__Enterobacteriaceae;g__Klebsiella_s__Klebsiella_grimontii"
"X2058152","PFBA",-0.0040209461838929,0.00213848081893583,-0.00838830665873406,0.000346414290948261,0.0698107392252993,38,0.755952002354368,"Klebsiella grimontii","Species","Klebsiella grimontii","d__Bacteria;p__Pseudomonadota;c__Gammaproteobacteria;o__Enterobacterales;f__Enterobacteriaceae;g__Klebsiella_s__Klebsiella_grimontii"
"X2058152","PFDA",-0.00193200108759182,0.00211876898155304,-0.00625910461988301,0.00239510244469938,0.369116829345796,38,0.965599996814426,"Klebsiella grimontii","Species","Klebsiella grimontii","d__Bacteria;p__Pseudomonadota;c__Gammaproteobacteria;o__Enterobacterales;f__Enterobacteriaceae;g__Klebsiella_s__Klebsiella_grimontii"
"X2058152","PFDoA",-0.00147011200242849,0.00209156249795648,-0.00574165248263763,0.00280142847778065,0.487551086636586,38,0.949909452438085,"Klebsiella grimontii","Species","Klebsiella grimontii","d__Bacteria;p__Pseudomonadota;c__Gammaproteobacteria;o__Enterobacterales;f__Enterobacteriaceae;g__Klebsiella_s__Klebsiella_grimontii"
"X2058152","PFHpA",-0.00200898533387648,0.00196046125692424,-0.00601278136053855,0.00199481069278559,0.31367300839535,38,0.877113244153051,"Klebsiella grimontii","Species","Klebsiella grimontii","d__Bacteria;p__Pseudomonadota;c__Gammaproteobacteria;o__Enterobacterales;f__Enterobacteriaceae;g__Klebsiella_s__Klebsiella_grimontii"
"X211595","N.MeFOSAA",0.00476466242261841,0.00588172688351309,-0.00724742638706689,0.0167767512323037,0.424274322507628,38,0.867939519343514,"Enterobacter sp. RFL1396","Species","Enterobacter sp. RFL1396","d__Bacteria;p__Pseudomonadota;c__Gammaproteobacteria;o__Enterobacterales;f__Enterobacteriaceae;g__Enterobacter_s__Enterobacter_sp._RFL1396"
"X211595","PFBA",-0.00447035001980599,0.00607857585082896,-0.0168844580534918,0.00794375801387985,0.467790371431666,38,0.928654337204168,"Enterobacter sp. RFL1396","Species","Enterobacter sp. RFL1396","d__Bacteria;p__Pseudomonadota;c__Gammaproteobacteria;o__Enterobacterales;f__Enterobacteriaceae;g__Enterobacter_s__Enterobacter_sp._RFL1396"
"X211595","PFDA",0.00304124813594492,0.00579994592280227,-0.00880382167023082,0.0148863179421207,0.603882733581321,38,0.965599996814426,"Enterobacter sp. RFL1396","Species","Enterobacter sp. RFL1396","d__Bacteria;p__Pseudomonadota;c__Gammaproteobacteria;o__Enterobacterales;f__Enterobacteriaceae;g__Enterobacter_s__Enterobacter_sp._RFL1396"
"X211595","PFDoA",-0.00230495699499355,0.00570458570110942,-0.0139552752469792,0.00934536125699211,0.689039531484246,38,0.96094690930243,"Enterobacter sp. RFL1396","Species","Enterobacter sp. RFL1396","d__Bacteria;p__Pseudomonadota;c__Gammaproteobacteria;o__Enterobacterales;f__Enterobacteriaceae;g__Enterobacter_s__Enterobacter_sp._RFL1396"
"X211595","PFHpA",-0.00357924907359688,0.00537060016124142,-0.0145474778567072,0.00738897970951346,0.51021520278622,38,0.92911180378499,"Enterobacter sp. RFL1396","Species","Enterobacter sp. RFL1396","d__Bacteria;p__Pseudomonadota;c__Gammaproteobacteria;o__Enterobacterales;f__Enterobacteriaceae;g__Enterobacter_s__Enterobacter_sp._RFL1396"
"X2212991","N.MeFOSAA",0.00135749240658092,0.00325269731303078,-0.00528540172450689,0.00800038653766874,0.679398798021991,38,0.914575305029604,"Clostridium sp. AWRP","Species","Clostridium sp. AWRP","d__Bacteria;p__Bacillota;c__Clostridia;o__Eubacteriales;f__Clostridiaceae;g__Clostridium_s__Clostridium_sp._AWRP"
"X2212991","PFDA",-0.00465485547538165,0.00308166343016785,-0.0109484518184042,0.00163874086764095,0.141377937383887,38,0.965599996814426,"Clostridium sp. AWRP","Species","Clostridium sp. AWRP","d__Bacteria;p__Bacillota;c__Clostridia;o__Eubacteriales;f__Clostridiaceae;g__Clostridium_s__Clostridium_sp._AWRP"
"X2212991","PFDoA",-0.00115639408695881,0.0031312286050653,-0.00755121602146622,0.0052384278475486,0.714490656822994,38,0.96094690930243,"Clostridium sp. AWRP","Species","Clostridium sp. AWRP","d__Bacteria;p__Bacillota;c__Clostridia;o__Eubacteriales;f__Clostridiaceae;g__Clostridium_s__Clostridium_sp._AWRP"
"X2212991","PFHpA",0.00144205899207478,0.00295662486786651,-0.00459617453918429,0.00748029252333385,0.62928085627031,38,0.935997001509408,"Clostridium sp. AWRP","Species","Clostridium sp. AWRP","d__Bacteria;p__Bacillota;c__Clostridia;o__Eubacteriales;f__Clostridiaceae;g__Clostridium_s__Clostridium_sp._AWRP"
"X2212991","PFBA",-0.00251614808464393,0.00333344749500943,-0.00932395608822804,0.00429165991894018,0.45624293566888,38,0.928654337204168,"Clostridium sp. AWRP","Species","Clostridium sp. AWRP","d__Bacteria;p__Bacillota;c__Clostridia;o__Eubacteriales;f__Clostridiaceae;g__Clostridium_s__Clostridium_sp._AWRP"
"X223919","N.MeFOSAA",0.00254665423436404,0.00387498672766639,-0.00536712442808188,0.01046043289681,0.516060973547195,38,0.882745492992282,"Clostridium diolis","Species","Clostridium diolis","d__Bacteria;p__Bacillota;c__Clostridia;o__Eubacteriales;f__Clostridiaceae;g__Clostridium_s__Clostridium_diolis"
"X223919","PFBA",-0.00036281946170876,0.00402525738162511,-0.00858349174172495,0.00785785281830743,0.928778478110726,38,0.983618041804996,"Clostridium diolis","Species","Clostridium diolis","d__Bacteria;p__Bacillota;c__Clostridia;o__Eubacteriales;f__Clostridiaceae;g__Clostridium_s__Clostridium_diolis"
"X223919","PFDA",-0.000179801152095534,0.00382436824548438,-0.00799020308260137,0.0076306007784103,0.962813176674863,38,0.984460976391795,"Clostridium diolis","Species","Clostridium diolis","d__Bacteria;p__Bacillota;c__Clostridia;o__Eubacteriales;f__Clostridiaceae;g__Clostridium_s__Clostridium_diolis"
"X223919","PFDoA",-0.00282466954386815,0.00371909741424849,-0.010420079755289,0.00477074066755271,0.453478222581296,38,0.933744492806886,"Clostridium diolis","Species","Clostridium diolis","d__Bacteria;p__Bacillota;c__Clostridia;o__Eubacteriales;f__Clostridiaceae;g__Clostridium_s__Clostridium_diolis"
"X223919","PFHpA",-0.00189430243073095,0.00353439847042427,-0.00911250707647167,0.00532390221500976,0.595936821042975,38,0.92911180378499,"Clostridium diolis","Species","Clostridium diolis","d__Bacteria;p__Bacillota;c__Clostridia;o__Eubacteriales;f__Clostridiaceae;g__Clostridium_s__Clostridium_diolis"
"X2382163","PFDoA",-0.00369713074794359,0.00337917036618799,-0.0105983173119587,0.00320405581607151,0.282620866605658,38,0.791338426495842,"Streptococcus koreensis","Species","Streptococcus koreensis","d__Bacteria;p__Bacillota;c__Bacilli;o__Lactobacillales;f__Streptococcaceae;g__Streptococcus_s__Streptococcus_koreensis"
"X2382163","PFHpA",0.00206149348313691,0.00323744578152363,-0.00455025286523744,0.00867323983151126,0.529107005239261,38,0.92911180378499,"Streptococcus koreensis","Species","Streptococcus koreensis","d__Bacteria;p__Bacillota;c__Bacilli;o__Lactobacillales;f__Streptococcaceae;g__Streptococcus_s__Streptococcus_koreensis"
"X2382163","PFDA",-0.00118902186850556,0.00350329251026018,-0.00834369966857635,0.00596565593156523,0.736672053063862,38,0.965599996814426,"Streptococcus koreensis","Species","Streptococcus koreensis","d__Bacteria;p__Bacillota;c__Bacilli;o__Lactobacillales;f__Streptococcaceae;g__Streptococcus_s__Streptococcus_koreensis"
"X2382163","PFBA",0.00439367747993866,0.00360662113204971,-0.00297202551836046,0.0117593804782378,0.232632668019375,38,0.928654337204168,"Streptococcus koreensis","Species","Streptococcus koreensis","d__Bacteria;p__Bacillota;c__Bacilli;o__Lactobacillales;f__Streptococcaceae;g__Streptococcus_s__Streptococcus_koreensis"
"X2382163","N.MeFOSAA",-0.00513887082446267,0.00345678578031943,-0.0121985692109428,0.00192082756201749,0.147554622294164,38,0.702933594819238,"Streptococcus koreensis","Species","Streptococcus koreensis","d__Bacteria;p__Bacillota;c__Bacilli;o__Lactobacillales;f__Streptococcaceae;g__Streptococcus_s__Streptococcus_koreensis"
"X238834","N.MeFOSAA",-0.00165918515098033,0.00182691862573288,-0.00539025074021829,0.00207188043825763,0.37101726608805,38,0.867939519343514,"Clostridium estertheticum","Species","Clostridium estertheticum","d__Bacteria;p__Bacillota;c__Clostridia;o__Eubacteriales;f__Clostridiaceae;g__Clostridium_s__Clostridium_estertheticum"
"X238834","PFBA",-0.00176607804398295,0.00188282572413762,-0.00561132116040465,0.00207916507243874,0.355738615399619,38,0.928654337204168,"Clostridium estertheticum","Species","Clostridium estertheticum","d__Bacteria;p__Bacillota;c__Clostridia;o__Eubacteriales;f__Clostridiaceae;g__Clostridium_s__Clostridium_estertheticum"
"X238834","PFDoA",0.000413301376415223,0.0017799913291998,-0.00322192588766455,0.00404852864049499,0.81796487271563,38,0.96094690930243,"Clostridium estertheticum","Species","Clostridium estertheticum","d__Bacteria;p__Bacillota;c__Clostridia;o__Eubacteriales;f__Clostridiaceae;g__Clostridium_s__Clostridium_estertheticum"
"X238834","PFHpA",0.000100970904565363,0.00168497457977489,-0.00334020626927665,0.00354214807840738,0.952613351194171,38,0.980631390935176,"Clostridium estertheticum","Species","Clostridium estertheticum","d__Bacteria;p__Bacillota;c__Clostridia;o__Eubacteriales;f__Clostridiaceae;g__Clostridium_s__Clostridium_estertheticum"
"X238834","PFDA",-0.00146974070490923,0.00179477376895597,-0.00513515773853998,0.00219567632872151,0.419301231558406,38,0.965599996814426,"Clostridium estertheticum","Species","Clostridium estertheticum","d__Bacteria;p__Bacillota;c__Clostridia;o__Eubacteriales;f__Clostridiaceae;g__Clostridium_s__Clostridium_estertheticum"
"X2420308","PFHpA",-0.00414285216021661,0.00365748968772039,-0.0116124426086538,0.00332673828822056,0.266310771360377,38,0.877113244153051,"Streptococcus sp. FDAARGOS_520","Species","Streptococcus sp. FDAARGOS_520","d__Bacteria;p__Bacillota;c__Bacilli;o__Lactobacillales;f__Streptococcaceae;g__Streptococcus_s__Streptococcus_sp._FDAARGOS_520"
"X2420308","PFBA",0.00154624389068356,0.00422451522997539,-0.00708136720472028,0.0101738549860874,0.716920999048661,38,0.938223440751293,"Streptococcus sp. FDAARGOS_520","Species","Streptococcus sp. FDAARGOS_520","d__Bacteria;p__Bacillota;c__Bacilli;o__Lactobacillales;f__Streptococcaceae;g__Streptococcus_s__Streptococcus_sp._FDAARGOS_520"
"X2420308","N.MeFOSAA",0.00276731652949424,0.00407334180293557,-0.00555155723974149,0.01108619029873,0.502110376612597,38,0.882745492992282,"Streptococcus sp. FDAARGOS_520","Species","Streptococcus sp. FDAARGOS_520","d__Bacteria;p__Bacillota;c__Bacilli;o__Lactobacillales;f__Streptococcaceae;g__Streptococcus_s__Streptococcus_sp._FDAARGOS_520"
"X2420308","PFDoA",0.00249321440161903,0.00392247683117823,-0.00551755199117602,0.0105039807944141,0.529841745710017,38,0.952089568530459,"Streptococcus sp. FDAARGOS_520","Species","Streptococcus sp. FDAARGOS_520","d__Bacteria;p__Bacillota;c__Bacilli;o__Lactobacillales;f__Streptococcaceae;g__Streptococcus_s__Streptococcus_sp._FDAARGOS_520"
"X2420308","PFDA",0.0098586962746191,0.00359702581237272,0.0025125895334057,0.0172048030158325,0.0102257123697922,38,0.715799865885452,"Streptococcus sp. FDAARGOS_520","Species","Streptococcus sp. FDAARGOS_520","d__Bacteria;p__Bacillota;c__Bacilli;o__Lactobacillales;f__Streptococcaceae;g__Streptococcus_s__Streptococcus_sp._FDAARGOS_520"
"X246787","PFHpA",-0.000747527579806463,0.00299425926708281,-0.00686262080799442,0.0053675656483815,0.804556820785517,38,0.974418201177184,"Bacteroides cellulosilyticus","Species","Bacteroides cellulosilyticus","d__Bacteria;p__Bacteroidota;c__Bacteroidia;o__Bacteroidales;f__Bacteroidaceae;g__Bacteroides_s__Bacteroides_cellulosilyticus"
"X246787","N.MeFOSAA",0.00166754554651549,0.00327994503962826,-0.00503099586609916,0.00836608695913015,0.614886734734738,38,0.910226285933885,"Bacteroides cellulosilyticus","Species","Bacteroides cellulosilyticus","d__Bacteria;p__Bacteroidota;c__Bacteroidia;o__Bacteroidales;f__Bacteroidaceae;g__Bacteroides_s__Bacteroides_cellulosilyticus"
"X246787","PFDoA",0.00490176309386925,0.00304005614153193,-0.00130685982959082,0.0111103860173293,0.117348591387266,38,0.626140783660581,"Bacteroides cellulosilyticus","Species","Bacteroides cellulosilyticus","d__Bacteria;p__Bacteroidota;c__Bacteroidia;o__Bacteroidales;f__Bacteroidaceae;g__Bacteroides_s__Bacteroides_cellulosilyticus"
"X246787","PFBA",0.000929644627936946,0.00339363548502677,-0.00600108364985971,0.0078603729057336,0.786009889327383,38,0.943029011086285,"Bacteroides cellulosilyticus","Species","Bacteroides cellulosilyticus","d__Bacteria;p__Bacteroidota;c__Bacteroidia;o__Bacteroidales;f__Bacteroidaceae;g__Bacteroides_s__Bacteroides_cellulosilyticus"
"X246787","PFDA",0.00971219662005133,0.00269733834586075,0.00420349681097478,0.0152208964291279,0.00112918336189535,38,0.158085670665349,"Bacteroides cellulosilyticus","Species","Bacteroides cellulosilyticus","d__Bacteria;p__Bacteroidota;c__Bacteroidia;o__Bacteroidales;f__Bacteroidaceae;g__Bacteroides_s__Bacteroides_cellulosilyticus"
"X2478464","PFDA",-0.00357998111828424,0.00494643939948763,-0.0136819580606211,0.00652199582405257,0.474825944158946,38,0.965599996814426,"Enterobacter oligotrophicus","Species","Enterobacter oligotrophicus","d__Bacteria;p__Pseudomonadota;c__Gammaproteobacteria;o__Enterobacterales;f__Enterobacteriaceae;g__Enterobacter_s__Enterobacter_oligotrophicus"
"X2478464","N.MeFOSAA",0.00143559023618919,0.00508479911383301,-0.00894895493981692,0.0118201354121953,0.779629376692025,38,0.949114023798986,"Enterobacter oligotrophicus","Species","Enterobacter oligotrophicus","d__Bacteria;p__Pseudomonadota;c__Gammaproteobacteria;o__Enterobacterales;f__Enterobacteriaceae;g__Enterobacter_s__Enterobacter_oligotrophicus"
"X2478464","PFDoA",0.0106959232721477,0.00449225109759188,0.00152152258874678,0.0198703239555486,0.0238157974632469,38,0.479737333381273,"Enterobacter oligotrophicus","Species","Enterobacter oligotrophicus","d__Bacteria;p__Pseudomonadota;c__Gammaproteobacteria;o__Enterobacterales;f__Enterobacteriaceae;g__Enterobacter_s__Enterobacter_oligotrophicus"
"X2478464","PFBA",0.00191700015163142,0.00524036745250662,-0.00878525795752033,0.0126192582607832,0.717070772574203,38,0.938223440751293,"Enterobacter oligotrophicus","Species","Enterobacter oligotrophicus","d__Bacteria;p__Pseudomonadota;c__Gammaproteobacteria;o__Enterobacterales;f__Enterobacteriaceae;g__Enterobacter_s__Enterobacter_oligotrophicus"
"X2478464","PFHpA",0.00301361277641689,0.00460019473769822,-0.00638123823000608,0.0124084637828399,0.517391976813396,38,0.92911180378499,"Enterobacter oligotrophicus","Species","Enterobacter oligotrophicus","d__Bacteria;p__Pseudomonadota;c__Gammaproteobacteria;o__Enterobacterales;f__Enterobacteriaceae;g__Enterobacter_s__Enterobacter_oligotrophicus"
"X2479767","N.MeFOSAA",0.000929131074847465,0.00478096790375984,-0.00883490798946152,0.0106931701391564,0.84722006763324,38,0.956057834191568,"Blautia sp. SC05B48","Species","Blautia sp. SC05B48","d__Bacteria;p__Bacillota;c__Clostridia;o__Lachnospirales;f__Lachnospiraceae;g__Blautia_s__Blautia_sp._SC05B48"
"X2479767","PFDoA",0.000987860999198623,0.00459890395301847,-0.00840435387322588,0.0103800758716231,0.831373996042196,38,0.96094690930243,"Blautia sp. SC05B48","Species","Blautia sp. SC05B48","d__Bacteria;p__Bacillota;c__Clostridia;o__Lachnospirales;f__Lachnospiraceae;g__Blautia_s__Blautia_sp._SC05B48"
"X2479767","PFBA",-0.0028735091304428,0.00490680713495835,-0.0128945461905506,0.00714752792966503,0.562512914220812,38,0.928654337204168,"Blautia sp. SC05B48","Species","Blautia sp. SC05B48","d__Bacteria;p__Bacillota;c__Clostridia;o__Lachnospirales;f__Lachnospiraceae;g__Blautia_s__Blautia_sp._SC05B48"
"X2479767","PFDA",0.000803553005891209,0.00468573504075155,-0.00876599460536123,0.0103731006171437,0.864990636322535,38,0.965599996814426,"Blautia sp. SC05B48","Species","Blautia sp. SC05B48","d__Bacteria;p__Bacillota;c__Clostridia;o__Lachnospirales;f__Lachnospiraceae;g__Blautia_s__Blautia_sp._SC05B48"
"X2479767","PFHpA",0.00238838596516146,0.0043312145165659,-0.00645713414435316,0.0112339060746761,0.585419340920329,38,0.92911180378499,"Blautia sp. SC05B48","Species","Blautia sp. SC05B48","d__Bacteria;p__Bacillota;c__Clostridia;o__Lachnospirales;f__Lachnospiraceae;g__Blautia_s__Blautia_sp._SC05B48"
"X248315","PFDA",-0.00381517275620098,0.00294283457872591,-0.00982524275978375,0.0021948972473818,0.204712448856118,38,0.965599996814426,"Veillonella rodentium","Species","Veillonella rodentium","d__Bacteria;p__Bacillota;c__Negativicutes;o__Veillonellales;f__Veillonellaceae;g__Veillonella_s__Veillonella_rodentium"
"X248315","PFDoA",-7.56966398565438e-05,0.00296890051699647,-0.00613900039121693,0.00598760711150385,0.979827768351504,38,0.979827768351504,"Veillonella rodentium","Species","Veillonella rodentium","d__Bacteria;p__Bacillota;c__Negativicutes;o__Veillonellales;f__Veillonellaceae;g__Veillonella_s__Veillonella_rodentium"
"X248315","N.MeFOSAA",-0.000245906223072139,0.00308571176524535,-0.00654777036931739,0.00605595792317312,0.937011538314617,38,0.975083887446347,"Veillonella rodentium","Species","Veillonella rodentium","d__Bacteria;p__Bacillota;c__Negativicutes;o__Veillonellales;f__Veillonellaceae;g__Veillonella_s__Veillonella_rodentium"
"X248315","PFHpA",-0.00293311953711167,0.00275656107581179,-0.00856276829635418,0.00269652922213085,0.295795897326825,38,0.877113244153051,"Veillonella rodentium","Species","Veillonella rodentium","d__Bacteria;p__Bacillota;c__Negativicutes;o__Veillonellales;f__Veillonellaceae;g__Veillonella_s__Veillonella_rodentium"
"X248315","PFBA",-0.00133979579274638,0.00317390223486362,-0.00782176890600128,0.00514217732050853,0.675940899397788,38,0.938223440751293,"Veillonella rodentium","Species","Veillonella rodentium","d__Bacteria;p__Bacillota;c__Negativicutes;o__Veillonellales;f__Veillonellaceae;g__Veillonella_s__Veillonella_rodentium"
"X2500132","PFHpA",-0.00020294071721499,0.00309292050918536,-0.00651952708265345,0.00611364564822347,0.94811997959269,38,0.980631390935176,"Enterobacter sp. N18-03635","Species","Enterobacter sp. N18-03635","d__Bacteria;p__Pseudomonadota;c__Gammaproteobacteria;o__Enterobacterales;f__Enterobacteriaceae;g__Enterobacter_s__Enterobacter_sp._N18-03635"
"X2500132","PFDoA",-0.00703230938419818,0.00300773228647112,-0.0131749181887861,-0.000889700579610275,0.0262420075576905,38,0.479737333381273,"Enterobacter sp. N18-03635","Species","Enterobacter sp. N18-03635","d__Bacteria;p__Pseudomonadota;c__Gammaproteobacteria;o__Enterobacterales;f__Enterobacteriaceae;g__Enterobacter_s__Enterobacter_sp._N18-03635"
"X2500132","PFDA",-0.00555102613166911,0.00317320916966099,-0.0120315838169503,0.000929531553612049,0.0904573025819116,38,0.965599996814426,"Enterobacter sp. N18-03635","Species","Enterobacter sp. N18-03635","d__Bacteria;p__Pseudomonadota;c__Gammaproteobacteria;o__Enterobacterales;f__Enterobacteriaceae;g__Enterobacter_s__Enterobacter_sp._N18-03635"
"X2500132","N.MeFOSAA",-0.00640045760591473,0.0031921313646992,-0.0129196595689352,0.000118744357105734,0.0540508411700648,38,0.605717536194877,"Enterobacter sp. N18-03635","Species","Enterobacter sp. N18-03635","d__Bacteria;p__Pseudomonadota;c__Gammaproteobacteria;o__Enterobacterales;f__Enterobacteriaceae;g__Enterobacter_s__Enterobacter_sp._N18-03635"
"X2500132","PFBA",0.00106879593509314,0.0035010151983714,-0.00608123097363279,0.00821882284381906,0.762259751176203,38,0.943029011086285,"Enterobacter sp. N18-03635","Species","Enterobacter sp. N18-03635","d__Bacteria;p__Pseudomonadota;c__Gammaproteobacteria;o__Enterobacterales;f__Enterobacteriaceae;g__Enterobacter_s__Enterobacter_sp._N18-03635"
"X2507159","PFHpA",0.00134254442198263,0.00216234108082906,-0.00307354520852321,0.00575863405248846,0.539370536226296,38,0.92911180378499,"Clostridium sp. JN-9","Species","Clostridium sp. JN-9","d__Bacteria;p__Bacillota;c__Clostridia;o__Eubacteriales;f__Clostridiaceae;g__Clostridium_s__Clostridium_sp._JN-9"
"X2507159","N.MeFOSAA",-0.00372256011629782,0.00229298282190311,-0.00840545577624242,0.00096033554364678,0.114954500824075,38,0.670567921473769,"Clostridium sp. JN-9","Species","Clostridium sp. JN-9","d__Bacteria;p__Bacillota;c__Clostridia;o__Eubacteriales;f__Clostridiaceae;g__Clostridium_s__Clostridium_sp._JN-9"
"X2507159","PFDA",-0.000762594935030501,0.00233948244513457,-0.0055404554947291,0.00401526562466809,0.746711996435984,38,0.965599996814426,"Clostridium sp. JN-9","Species","Clostridium sp. JN-9","d__Bacteria;p__Bacillota;c__Clostridia;o__Eubacteriales;f__Clostridiaceae;g__Clostridium_s__Clostridium_sp._JN-9"
"X2507159","PFDoA",-0.00116969967148058,0.00229090068804101,-0.00584834304678829,0.00350894370382714,0.613378445632873,38,0.96094690930243,"Clostridium sp. JN-9","Species","Clostridium sp. JN-9","d__Bacteria;p__Bacillota;c__Clostridia;o__Eubacteriales;f__Clostridiaceae;g__Clostridium_s__Clostridium_sp._JN-9"
"X2507159","PFBA",0.00215208057519547,0.00243548164769328,-0.00282183651171568,0.00712599766210662,0.38391922436465,38,0.928654337204168,"Clostridium sp. JN-9","Species","Clostridium sp. JN-9","d__Bacteria;p__Bacillota;c__Clostridia;o__Eubacteriales;f__Clostridiaceae;g__Clostridium_s__Clostridium_sp._JN-9"
"X254785","N.MeFOSAA",-0.00175445403199724,0.00218238553744965,-0.00621147990416083,0.00270257184016634,0.427770191676446,38,0.867939519343514,"Streptococcus halichoeri","Species","Streptococcus halichoeri","d__Bacteria;p__Bacillota;c__Bacilli;o__Lactobacillales;f__Streptococcaceae;g__Streptococcus_s__Streptococcus_halichoeri"
"X254785","PFBA",0.00216851382347088,0.0022405857464113,-0.00240737273240606,0.00674440037934782,0.340865843309175,38,0.928654337204168,"Streptococcus halichoeri","Species","Streptococcus halichoeri","d__Bacteria;p__Bacillota;c__Bacilli;o__Lactobacillales;f__Streptococcaceae;g__Streptococcus_s__Streptococcus_halichoeri"
"X254785","PFDA",0.00258294302814118,0.00210946056264828,-0.00172515017660911,0.00689103623289146,0.230308631928172,38,0.965599996814426,"Streptococcus halichoeri","Species","Streptococcus halichoeri","d__Bacteria;p__Bacillota;c__Bacilli;o__Lactobacillales;f__Streptococcaceae;g__Streptococcus_s__Streptococcus_halichoeri"
"X254785","PFDoA",-0.000109351199175691,0.00212197148145462,-0.0044429951088072,0.00422429271045582,0.959242547563768,38,0.974975078225898,"Streptococcus halichoeri","Species","Streptococcus halichoeri","d__Bacteria;p__Bacillota;c__Bacilli;o__Lactobacillales;f__Streptococcaceae;g__Streptococcus_s__Streptococcus_halichoeri"
"X254785","PFHpA",0.000539251807740347,0.00200468995963538,-0.00355487128024662,0.00463337489572731,0.789774827367324,38,0.974418201177184,"Streptococcus halichoeri","Species","Streptococcus halichoeri","d__Bacteria;p__Bacillota;c__Bacilli;o__Lactobacillales;f__Streptococcaceae;g__Streptococcus_s__Streptococcus_halichoeri"
"X2565914","N.MeFOSAA",-0.00728278117695468,0.00356439069259816,-0.0145622381119444,-3.32424196495488e-06,0.0499019690339551,38,0.605717536194877,"Enterobacter sp. 18A13","Species","Enterobacter sp. 18A13","d__Bacteria;p__Pseudomonadota;c__Gammaproteobacteria;o__Enterobacterales;f__Enterobacteriaceae;g__Enterobacter_s__Enterobacter_sp._18A13"
"X2565914","PFBA",-0.00151258492671549,0.00391450728806485,-0.00950707534112079,0.00648190548768982,0.701923903615018,38,0.938223440751293,"Enterobacter sp. 18A13","Species","Enterobacter sp. 18A13","d__Bacteria;p__Pseudomonadota;c__Gammaproteobacteria;o__Enterobacterales;f__Enterobacteriaceae;g__Enterobacter_s__Enterobacter_sp._18A13"
"X2565914","PFDA",-0.00313027505800206,0.00368395486785433,-0.0106539146148778,0.00439336449887371,0.402219420267175,38,0.965599996814426,"Enterobacter sp. 18A13","Species","Enterobacter sp. 18A13","d__Bacteria;p__Pseudomonadota;c__Gammaproteobacteria;o__Enterobacterales;f__Enterobacteriaceae;g__Enterobacter_s__Enterobacter_sp._18A13"
"X2565914","PFDoA",-0.00053421127151536,0.00365865715097236,-0.00800618599799577,0.00693776345496505,0.88488789234222,38,0.967846132249303,"Enterobacter sp. 18A13","Species","Enterobacter sp. 18A13","d__Bacteria;p__Pseudomonadota;c__Gammaproteobacteria;o__Enterobacterales;f__Enterobacteriaceae;g__Enterobacter_s__Enterobacter_sp._18A13"
"X2565914","PFHpA",0.0061306114247212,0.00327573652042279,-0.000559335045038331,0.0128205578944807,0.0710529641342082,38,0.835133558027294,"Enterobacter sp. 18A13","Species","Enterobacter sp. 18A13","d__Bacteria;p__Pseudomonadota;c__Gammaproteobacteria;o__Enterobacterales;f__Enterobacteriaceae;g__Enterobacter_s__Enterobacter_sp._18A13"
"X2587529","PFBA",0.002224396376084,0.00369604793351402,-0.0053239405157008,0.0097727332678688,0.551808171279495,38,0.928654337204168,"Klebsiella pasteurii","Species","Klebsiella pasteurii","d__Bacteria;p__Pseudomonadota;c__Gammaproteobacteria;o__Enterobacterales;f__Enterobacteriaceae;g__Klebsiella_s__Klebsiella_pasteurii"
"X2587529","PFHpA",0.00214770166695538,0.0032564937576777,-0.00450294583846671,0.00879834917237747,0.514597428164924,38,0.92911180378499,"Klebsiella pasteurii","Species","Klebsiella pasteurii","d__Bacteria;p__Pseudomonadota;c__Gammaproteobacteria;o__Enterobacterales;f__Enterobacteriaceae;g__Klebsiella_s__Klebsiella_pasteurii"
"X2587529","N.MeFOSAA",-0.00193984591544317,0.00358722795356403,-0.00926594275948084,0.0053862509285945,0.592662680341577,38,0.892570656861526,"Klebsiella pasteurii","Species","Klebsiella pasteurii","d__Bacteria;p__Pseudomonadota;c__Gammaproteobacteria;o__Enterobacterales;f__Enterobacteriaceae;g__Klebsiella_s__Klebsiella_pasteurii"
"X2587529","PFDA",0.00263019521566715,0.00349958249625161,-0.00451690572498145,0.00977729615631575,0.458163252500012,38,0.965599996814426,"Klebsiella pasteurii","Species","Klebsiella pasteurii","d__Bacteria;p__Pseudomonadota;c__Gammaproteobacteria;o__Enterobacterales;f__Enterobacteriaceae;g__Klebsiella_s__Klebsiella_pasteurii"
"X2587529","PFDoA",-0.00158392075640102,0.00345580440982775,-0.00864161491695659,0.00547377340415454,0.650013830909141,38,0.96094690930243,"Klebsiella pasteurii","Species","Klebsiella pasteurii","d__Bacteria;p__Pseudomonadota;c__Gammaproteobacteria;o__Enterobacterales;f__Enterobacteriaceae;g__Klebsiella_s__Klebsiella_pasteurii"
"X2596949","PFBA",0.00625025898355465,0.00360348875980767,-0.00110904685719167,0.013609564824301,0.0930946232986894,38,0.836206275726489,"Enterobacter sp. E76","Species","Enterobacter sp. E76","d__Bacteria;p__Pseudomonadota;c__Gammaproteobacteria;o__Enterobacterales;f__Enterobacteriaceae;g__Enterobacter_s__Enterobacter_sp._E76"
"X2596949","PFDoA",-0.000915559609289514,0.00352133606440193,-0.00810708726299777,0.00627596804441874,0.796637282460731,38,0.96094690930243,"Enterobacter sp. E76","Species","Enterobacter sp. E76","d__Bacteria;p__Pseudomonadota;c__Gammaproteobacteria;o__Enterobacterales;f__Enterobacteriaceae;g__Enterobacter_s__Enterobacter_sp._E76"
"X2596949","PFHpA",-0.00372796988444201,0.0032641168014646,-0.0103941857222233,0.00293824595333923,0.262443628503643,38,0.877113244153051,"Enterobacter sp. E76","Species","Enterobacter sp. E76","d__Bacteria;p__Pseudomonadota;c__Gammaproteobacteria;o__Enterobacterales;f__Enterobacteriaceae;g__Enterobacter_s__Enterobacter_sp._E76"
"X2596949","PFDA",-0.00606696972924909,0.00341575027705677,-0.0130428624376855,0.000908922979187279,0.0858485680496768,38,0.965599996814426,"Enterobacter sp. E76","Species","Enterobacter sp. E76","d__Bacteria;p__Pseudomonadota;c__Gammaproteobacteria;o__Enterobacterales;f__Enterobacteriaceae;g__Enterobacter_s__Enterobacter_sp._E76"
"X2596949","N.MeFOSAA",-0.00476446303008565,0.00355960769402047,-0.0120341517788216,0.00250522571865032,0.190796261450936,38,0.702933594819238,"Enterobacter sp. E76","Species","Enterobacter sp. E76","d__Bacteria;p__Pseudomonadota;c__Gammaproteobacteria;o__Enterobacterales;f__Enterobacteriaceae;g__Enterobacter_s__Enterobacter_sp._E76"
"X2598457","N.MeFOSAA",0.000594681769799542,0.00252927361057952,-0.00457078405953659,0.00576014759913568,0.815713453537132,38,0.956057834191568,"Streptococcus sp. KS 6","Species","Streptococcus sp. KS 6","d__Bacteria;p__Bacillota;c__Bacilli;o__Lactobacillales;f__Streptococcaceae;g__Streptococcus_s__Streptococcus_sp._KS_6"
"X2598457","PFBA",-0.00130358111745815,0.00260053422559752,-0.00661458053806462,0.00400741830314833,0.619836652694913,38,0.928654337204168,"Streptococcus sp. KS 6","Species","Streptococcus sp. KS 6","d__Bacteria;p__Bacillota;c__Bacilli;o__Lactobacillales;f__Streptococcaceae;g__Streptococcus_s__Streptococcus_sp._KS_6"
"X2598457","PFDA",-0.0014577171312052,0.00246651318137,-0.00649500906462108,0.00357957480221069,0.558945169308081,38,0.965599996814426,"Streptococcus sp. KS 6","Species","Streptococcus sp. KS 6","d__Bacteria;p__Bacillota;c__Bacilli;o__Lactobacillales;f__Streptococcaceae;g__Streptococcus_s__Streptococcus_sp._KS_6"
"X2598457","PFDoA",-0.000423894607562814,0.00243430641212463,-0.00539541154324244,0.00454762232811681,0.862930225828618,38,0.96728338471922,"Streptococcus sp. KS 6","Species","Streptococcus sp. KS 6","d__Bacteria;p__Bacillota;c__Bacilli;o__Lactobacillales;f__Streptococcaceae;g__Streptococcus_s__Streptococcus_sp._KS_6"
"X2598457","PFHpA",-0.00209663994766738,0.00227156802439599,-0.00673580075650593,0.00254252086117117,0.363375486863407,38,0.877113244153051,"Streptococcus sp. KS 6","Species","Streptococcus sp. KS 6","d__Bacteria;p__Bacillota;c__Bacilli;o__Lactobacillales;f__Streptococcaceae;g__Streptococcus_s__Streptococcus_sp._KS_6"
"X2682455","PFBA",-0.00102061732104558,0.00335618229545016,-0.0078748559813693,0.00583362133927814,0.763150563394967,38,0.943029011086285,"Veillonella sp. S12025-13","Species","Veillonella sp. S12025-13","d__Bacteria;p__Bacillota;c__Negativicutes;o__Veillonellales;f__Veillonellaceae;g__Veillonella_s__Veillonella_sp._S12025-13"
"X2682455","PFDoA",0.00102353479291054,0.00312940499205405,-0.00536756282697304,0.00741463241279412,0.745886129855514,38,0.96094690930243,"Veillonella sp. S12025-13","Species","Veillonella sp. S12025-13","d__Bacteria;p__Bacillota;c__Negativicutes;o__Veillonellales;f__Veillonellaceae;g__Veillonella_s__Veillonella_sp._S12025-13"
"X2682455","PFHpA",0.00237143077986631,0.00293336706299881,-0.00361930397711742,0.00836216553685003,0.425206146946604,38,0.916647209445804,"Veillonella sp. S12025-13","Species","Veillonella sp. S12025-13","d__Bacteria;p__Bacillota;c__Negativicutes;o__Veillonellales;f__Veillonellaceae;g__Veillonella_s__Veillonella_sp._S12025-13"
"X2682455","N.MeFOSAA",0.00447167281626119,0.00315470621118546,-0.00197109678656531,0.0109144424190877,0.166651258957946,38,0.702933594819238,"Veillonella sp. S12025-13","Species","Veillonella sp. S12025-13","d__Bacteria;p__Bacillota;c__Negativicutes;o__Veillonellales;f__Veillonellaceae;g__Veillonella_s__Veillonella_sp._S12025-13"
"X2682455","PFDA",0.00638311836810757,0.00297302932496601,0.000311382465953636,0.0124548542702615,0.0399963801280988,38,0.946372570559425,"Veillonella sp. S12025-13","Species","Veillonella sp. S12025-13","d__Bacteria;p__Bacillota;c__Negativicutes;o__Veillonellales;f__Veillonellaceae;g__Veillonella_s__Veillonella_sp._S12025-13"
"X2686210","PFDoA",0.00622524177051993,0.00286358764276632,0.000377015601493689,0.0120734679395462,0.037731546111946,38,0.479737333381273,"Streptococcus ruminicola","Species","Streptococcus ruminicola","d__Bacteria;p__Bacillota;c__Bacilli;o__Lactobacillales;f__Streptococcaceae;g__Streptococcus_s__Streptococcus_ruminicola"
"X2686210","N.MeFOSAA",0.00263428625288221,0.00316609650837735,-0.00383174544016838,0.0091003179459328,0.41196653514835,38,0.867939519343514,"Streptococcus ruminicola","Species","Streptococcus ruminicola","d__Bacteria;p__Bacillota;c__Bacilli;o__Lactobacillales;f__Streptococcaceae;g__Streptococcus_s__Streptococcus_ruminicola"
"X2686210","PFHpA",0.000897298171241929,0.00290938528336315,-0.0050444592577388,0.00683905560022265,0.759898011831123,38,0.965138814480003,"Streptococcus ruminicola","Species","Streptococcus ruminicola","d__Bacteria;p__Bacillota;c__Bacilli;o__Lactobacillales;f__Streptococcaceae;g__Streptococcus_s__Streptococcus_ruminicola"
"X2686210","PFBA",-0.00153827136172207,0.00329140232349847,-0.0082602116696089,0.00518366894616476,0.643619030129626,38,0.928654337204168,"Streptococcus ruminicola","Species","Streptococcus ruminicola","d__Bacteria;p__Bacillota;c__Bacilli;o__Lactobacillales;f__Streptococcaceae;g__Streptococcus_s__Streptococcus_ruminicola"
"X2686210","PFDA",0.000411070729729532,0.00313729443568601,-0.00599613928357914,0.0068182807430382,0.896628568470539,38,0.965599996814426,"Streptococcus ruminicola","Species","Streptococcus ruminicola","d__Bacteria;p__Bacillota;c__Bacilli;o__Lactobacillales;f__Streptococcaceae;g__Streptococcus_s__Streptococcus_ruminicola"
"X2697371","N.MeFOSAA",-3.57565210558885e-05,0.00241226264455023,-0.00496225407738521,0.00489074103527343,0.988271679038985,38,0.988271679038985,"Klebsiella sp. MPUS7","Species","Klebsiella sp. MPUS7","d__Bacteria;p__Pseudomonadota;c__Gammaproteobacteria;o__Enterobacterales;f__Enterobacteriaceae;g__Klebsiella_s__Klebsiella_sp._MPUS7"
"X2697371","PFBA",-0.00157232462593651,0.00247169521501936,-0.00662019968394211,0.0034755504320691,0.529514071385156,38,0.928654337204168,"Klebsiella sp. MPUS7","Species","Klebsiella sp. MPUS7","d__Bacteria;p__Pseudomonadota;c__Gammaproteobacteria;o__Enterobacterales;f__Enterobacteriaceae;g__Klebsiella_s__Klebsiella_sp._MPUS7"
"X2697371","PFDA",0.00295405967324832,0.0023015436975911,-0.00174631962731569,0.00765443897381233,0.209138759588171,38,0.965599996814426,"Klebsiella sp. MPUS7","Species","Klebsiella sp. MPUS7","d__Bacteria;p__Pseudomonadota;c__Gammaproteobacteria;o__Enterobacterales;f__Enterobacteriaceae;g__Klebsiella_s__Klebsiella_sp._MPUS7"
"X2697371","PFDoA",0.0023867236142178,0.0022794562646364,-0.00226854713039242,0.00704199435882802,0.303435796356228,38,0.800128133397142,"Klebsiella sp. MPUS7","Species","Klebsiella sp. MPUS7","d__Bacteria;p__Pseudomonadota;c__Gammaproteobacteria;o__Enterobacterales;f__Enterobacteriaceae;g__Klebsiella_s__Klebsiella_sp._MPUS7"
"X2697371","PFHpA",0.000859420078402401,0.00218939602513115,-0.00361192311965837,0.00533076327646317,0.697436308108818,38,0.947971680924607,"Klebsiella sp. MPUS7","Species","Klebsiella sp. MPUS7","d__Bacteria;p__Pseudomonadota;c__Gammaproteobacteria;o__Enterobacterales;f__Enterobacteriaceae;g__Klebsiella_s__Klebsiella_sp._MPUS7"
"X2715212","N.MeFOSAA",0.000885949695076039,0.00401149126446498,-0.00730660842303382,0.0090785078131859,0.826703172857573,38,0.956057834191568,"Bacteroides faecium","Species","Bacteroides faecium","d__Bacteria;p__Bacteroidota;c__Bacteroidia;o__Bacteroidales;f__Bacteroidaceae;g__Bacteroides_s__Bacteroides_faecium"
"X2715212","PFBA",-0.000656264587134578,0.00413956765277102,-0.0091103895853844,0.00779786041111525,0.875097976364702,38,0.980109733528467,"Bacteroides faecium","Species","Bacteroides faecium","d__Bacteria;p__Bacteroidota;c__Bacteroidia;o__Bacteroidales;f__Bacteroidaceae;g__Bacteroides_s__Bacteroides_faecium"
"X2715212","PFDoA",0.00205874342728601,0.00384407080407133,-0.00579189649594061,0.00990938335051263,0.596208812209092,38,0.96094690930243,"Bacteroides faecium","Species","Bacteroides faecium","d__Bacteria;p__Bacteroidota;c__Bacteroidia;o__Bacteroidales;f__Bacteroidaceae;g__Bacteroides_s__Bacteroides_faecium"
"X2715212","PFHpA",0.00658456933123243,0.0034496944200517,-0.000460646565495217,0.0136297852279601,0.0659036377900485,38,0.835133558027294,"Bacteroides faecium","Species","Bacteroides faecium","d__Bacteria;p__Bacteroidota;c__Bacteroidia;o__Bacteroidales;f__Bacteroidaceae;g__Bacteroides_s__Bacteroides_faecium"
"X2715212","PFDA",0.00255253112664715,0.00390653411618029,-0.00542567589842896,0.0105307381517233,0.518475120432138,38,0.965599996814426,"Bacteroides faecium","Species","Bacteroides faecium","d__Bacteria;p__Bacteroidota;c__Bacteroidia;o__Bacteroidales;f__Bacteroidaceae;g__Bacteroides_s__Bacteroides_faecium"
"X2725997","N.MeFOSAA",0.00393840565861624,0.0021180446825968,-0.000387218657866495,0.00826402997509898,0.0727954091770599,38,0.605717536194877,"Escherichia sp. SCLE84","Species","Escherichia sp. SCLE84","d__Bacteria;p__Pseudomonadota;c__Gammaproteobacteria;o__Enterobacterales;f__Enterobacteriaceae;g__Escherichia_s__Escherichia_sp._SCLE84"
"X2725997","PFHpA",0.0012168057206098,0.00202315728986904,-0.0029150326872548,0.00534864412847439,0.552065748207886,38,0.92911180378499,"Escherichia sp. SCLE84","Species","Escherichia sp. SCLE84","d__Bacteria;p__Pseudomonadota;c__Gammaproteobacteria;o__Enterobacterales;f__Enterobacteriaceae;g__Escherichia_s__Escherichia_sp._SCLE84"
"X2725997","PFDA",0.00298914387812588,0.00212288621804251,-0.00134636817284384,0.0073246559290956,0.16939329347301,38,0.965599996814426,"Escherichia sp. SCLE84","Species","Escherichia sp. SCLE84","d__Bacteria;p__Pseudomonadota;c__Gammaproteobacteria;o__Enterobacterales;f__Enterobacteriaceae;g__Escherichia_s__Escherichia_sp._SCLE84"
"X2725997","PFBA",0.00140180866989178,0.00229303913926799,-0.00328120200545593,0.0060848193452395,0.545584611554554,38,0.928654337204168,"Escherichia sp. SCLE84","Species","Escherichia sp. SCLE84","d__Bacteria;p__Pseudomonadota;c__Gammaproteobacteria;o__Enterobacterales;f__Enterobacteriaceae;g__Escherichia_s__Escherichia_sp._SCLE84"
"X2725997","PFDoA",0.00390134058668703,0.00203058993673365,-0.000245677311146584,0.00804835848452064,0.0642423843687916,38,0.577823733822609,"Escherichia sp. SCLE84","Species","Escherichia sp. SCLE84","d__Bacteria;p__Pseudomonadota;c__Gammaproteobacteria;o__Enterobacterales;f__Enterobacteriaceae;g__Escherichia_s__Escherichia_sp._SCLE84"
"X2742639","PFHpA",0.00460313028299777,0.00306500810708704,-0.00165645135244608,0.0108627119184416,0.143593783465227,38,0.835133558027294,"Enterobacter sp. RHBSTW-00175","Species","Enterobacter sp. RHBSTW-00175","d__Bacteria;p__Pseudomonadota;c__Gammaproteobacteria;o__Enterobacterales;f__Enterobacteriaceae;g__Enterobacter_s__Enterobacter_sp._RHBSTW-00175"
"X2742639","PFBA",-0.000236584727114925,0.0036025440850557,-0.00759396128463514,0.00712079183040528,0.948074994933077,38,0.983618041804996,"Enterobacter sp. RHBSTW-00175","Species","Enterobacter sp. RHBSTW-00175","d__Bacteria;p__Pseudomonadota;c__Gammaproteobacteria;o__Enterobacterales;f__Enterobacteriaceae;g__Enterobacter_s__Enterobacter_sp._RHBSTW-00175"
"X2742639","PFDA",-0.00485261440147824,0.00330600559523835,-0.0116043785690113,0.00189914976605481,0.1525607864902,38,0.965599996814426,"Enterobacter sp. RHBSTW-00175","Species","Enterobacter sp. RHBSTW-00175","d__Bacteria;p__Pseudomonadota;c__Gammaproteobacteria;o__Enterobacterales;f__Enterobacteriaceae;g__Enterobacter_s__Enterobacter_sp._RHBSTW-00175"
"X2742639","PFDoA",-0.00828025868969138,0.00300088722853663,-0.0144088880209979,-0.00215162935838486,0.00977729115983398,38,0.456273587458919,"Enterobacter sp. RHBSTW-00175","Species","Enterobacter sp. RHBSTW-00175","d__Bacteria;p__Pseudomonadota;c__Gammaproteobacteria;o__Enterobacterales;f__Enterobacteriaceae;g__Enterobacter_s__Enterobacter_sp._RHBSTW-00175"
"X2742639","N.MeFOSAA",-0.00736594731136131,0.00322342024391835,-0.0139490496905996,-0.00078284493212306,0.0295448211250823,38,0.605717536194877,"Enterobacter sp. RHBSTW-00175","Species","Enterobacter sp. RHBSTW-00175","d__Bacteria;p__Pseudomonadota;c__Gammaproteobacteria;o__Enterobacterales;f__Enterobacteriaceae;g__Enterobacter_s__Enterobacter_sp._RHBSTW-00175"
"X2742643","N.MeFOSAA",0.00158840668429028,0.0043801972940884,-0.00735714960259167,0.0105339629711722,0.719421015061214,38,0.941298524379159,"Enterobacter sp. RHBSTW-00318","Species","Enterobacter sp. RHBSTW-00318","d__Bacteria;p__Pseudomonadota;c__Gammaproteobacteria;o__Enterobacterales;f__Enterobacteriaceae;g__Enterobacter_s__Enterobacter_sp._RHBSTW-00318"
"X2742643","PFBA",-0.00774804510704634,0.00430152872021304,-0.0165329387323262,0.00103684851823348,0.081726633049438,38,0.81726633049438,"Enterobacter sp. RHBSTW-00318","Species","Enterobacter sp. RHBSTW-00318","d__Bacteria;p__Pseudomonadota;c__Gammaproteobacteria;o__Enterobacterales;f__Enterobacteriaceae;g__Enterobacter_s__Enterobacter_sp._RHBSTW-00318"
"X2742643","PFDA",0.00282127005565708,0.00427079755961472,-0.0059008621667826,0.0115434022780968,0.513912692647847,38,0.965599996814426,"Enterobacter sp. RHBSTW-00318","Species","Enterobacter sp. RHBSTW-00318","d__Bacteria;p__Pseudomonadota;c__Gammaproteobacteria;o__Enterobacterales;f__Enterobacteriaceae;g__Enterobacter_s__Enterobacter_sp._RHBSTW-00318"
"X2742643","PFDoA",-0.00539882451673301,0.00410656902492414,-0.0137855573262354,0.00298790829276939,0.198579726358056,38,0.626140783660581,"Enterobacter sp. RHBSTW-00318","Species","Enterobacter sp. RHBSTW-00318","d__Bacteria;p__Pseudomonadota;c__Gammaproteobacteria;o__Enterobacterales;f__Enterobacteriaceae;g__Enterobacter_s__Enterobacter_sp._RHBSTW-00318"
"X2742643","PFHpA",-0.000969700974489099,0.00399049749497194,-0.00911938409540938,0.00717998214643118,0.809657295594804,38,0.974418201177184,"Enterobacter sp. RHBSTW-00318","Species","Enterobacter sp. RHBSTW-00318","d__Bacteria;p__Pseudomonadota;c__Gammaproteobacteria;o__Enterobacterales;f__Enterobacteriaceae;g__Enterobacter_s__Enterobacter_sp._RHBSTW-00318"
"X2742672","N.MeFOSAA",-0.00356828429764469,0.0038211794080218,-0.0113721737532331,0.00423560515794369,0.357853744799766,38,0.867939519343514,"Enterobacter sp. RHBSTW-00974","Species","Enterobacter sp. RHBSTW-00974","d__Bacteria;p__Pseudomonadota;c__Gammaproteobacteria;o__Enterobacterales;f__Enterobacteriaceae;g__Enterobacter_s__Enterobacter_sp._RHBSTW-00974"
"X2742672","PFDoA",0.00270096908829996,0.00369647502653858,-0.00484824004380517,0.0102501782204051,0.470638346366023,38,0.941276692732046,"Enterobacter sp. RHBSTW-00974","Species","Enterobacter sp. RHBSTW-00974","d__Bacteria;p__Pseudomonadota;c__Gammaproteobacteria;o__Enterobacterales;f__Enterobacteriaceae;g__Enterobacter_s__Enterobacter_sp._RHBSTW-00974"
"X2742672","PFHpA",0.00113680821088015,0.00352108659576255,-0.00605420995989719,0.0083278263816575,0.749042927856079,38,0.965138814480003,"Enterobacter sp. RHBSTW-00974","Species","Enterobacter sp. RHBSTW-00974","d__Bacteria;p__Pseudomonadota;c__Gammaproteobacteria;o__Enterobacterales;f__Enterobacteriaceae;g__Enterobacter_s__Enterobacter_sp._RHBSTW-00974"
"X2742672","PFBA",-0.000394351121415463,0.00399785544013821,-0.0085590611710838,0.00777035892825287,0.922079737514771,38,0.983618041804996,"Enterobacter sp. RHBSTW-00974","Species","Enterobacter sp. RHBSTW-00974","d__Bacteria;p__Pseudomonadota;c__Gammaproteobacteria;o__Enterobacterales;f__Enterobacteriaceae;g__Enterobacter_s__Enterobacter_sp._RHBSTW-00974"
"X2742672","PFDA",-0.000175928288751259,0.00379843959496982,-0.00793337685048215,0.00758152027297963,0.963365384040542,38,0.984460976391795,"Enterobacter sp. RHBSTW-00974","Species","Enterobacter sp. RHBSTW-00974","d__Bacteria;p__Pseudomonadota;c__Gammaproteobacteria;o__Enterobacterales;f__Enterobacteriaceae;g__Enterobacter_s__Enterobacter_sp._RHBSTW-00974"
"X2742673","N.MeFOSAA",0.00070671913327586,0.00231763653669543,-0.00402652612933461,0.00543996439588633,0.762524280698369,38,0.943517822788891,"Enterobacter sp. RHBSTW-00975","Species","Enterobacter sp. RHBSTW-00975","d__Bacteria;p__Pseudomonadota;c__Gammaproteobacteria;o__Enterobacterales;f__Enterobacteriaceae;g__Enterobacter_s__Enterobacter_sp._RHBSTW-00975"
"X2742673","PFDA",-0.00126199388484948,0.00226297261692738,-0.0058836005297642,0.00335961276006525,0.581207030013629,38,0.965599996814426,"Enterobacter sp. RHBSTW-00975","Species","Enterobacter sp. RHBSTW-00975","d__Bacteria;p__Pseudomonadota;c__Gammaproteobacteria;o__Enterobacterales;f__Enterobacteriaceae;g__Enterobacter_s__Enterobacter_sp._RHBSTW-00975"
"X2742673","PFDoA",0.00162152657439134,0.00221343138704194,-0.00289890338127706,0.00614195653005974,0.469497090065159,38,0.941276692732046,"Enterobacter sp. RHBSTW-00975","Species","Enterobacter sp. RHBSTW-00975","d__Bacteria;p__Pseudomonadota;c__Gammaproteobacteria;o__Enterobacterales;f__Enterobacteriaceae;g__Enterobacter_s__Enterobacter_sp._RHBSTW-00975"
"X2742673","PFBA",0.00155769258688709,0.00237744405327399,-0.00329769591951156,0.00641308109328574,0.517334305523304,38,0.928654337204168,"Enterobacter sp. RHBSTW-00975","Species","Enterobacter sp. RHBSTW-00975","d__Bacteria;p__Pseudomonadota;c__Gammaproteobacteria;o__Enterobacterales;f__Enterobacteriaceae;g__Enterobacter_s__Enterobacter_sp._RHBSTW-00975"
"X2742673","PFHpA",-0.00246242592331741,0.00206376464841981,-0.0066771956210734,0.00175234377443858,0.24215321661523,38,0.877113244153051,"Enterobacter sp. RHBSTW-00975","Species","Enterobacter sp. RHBSTW-00975","d__Bacteria;p__Pseudomonadota;c__Gammaproteobacteria;o__Enterobacterales;f__Enterobacteriaceae;g__Enterobacter_s__Enterobacter_sp._RHBSTW-00975"
"X2755405","PFBA",-0.00191930946126094,0.00477423730880156,-0.0116696028168721,0.00783098389435022,0.690523754478945,38,0.938223440751293,"Bacteroides sp. CACC 737","Species","Bacteroides sp. CACC 737","d__Bacteria;p__Bacteroidota;c__Bacteroidia;o__Bacteroidales;f__Bacteroidaceae;g__Bacteroides_s__Bacteroides_sp._CACC_737"
"X2755405","PFDA",-0.00104255753335542,0.00454373696570746,-0.0103221063870975,0.0082369913203867,0.820076859189311,38,0.965599996814426,"Bacteroides sp. CACC 737","Species","Bacteroides sp. CACC 737","d__Bacteria;p__Bacteroidota;c__Bacteroidia;o__Bacteroidales;f__Bacteroidaceae;g__Bacteroides_s__Bacteroides_sp._CACC_737"
"X2755405","PFDoA",-0.00230682425999951,0.00444478257351938,-0.0113842812841459,0.00677063276414686,0.60757132844093,38,0.96094690930243,"Bacteroides sp. CACC 737","Species","Bacteroides sp. CACC 737","d__Bacteria;p__Bacteroidota;c__Bacteroidia;o__Bacteroidales;f__Bacteroidaceae;g__Bacteroides_s__Bacteroides_sp._CACC_737"
"X2755405","PFHpA",0.00357017047941149,0.00417221503502152,-0.00495062936837887,0.0120909703272018,0.39894596161677,38,0.915613682399143,"Bacteroides sp. CACC 737","Species","Bacteroides sp. CACC 737","d__Bacteria;p__Bacteroidota;c__Bacteroidia;o__Bacteroidales;f__Bacteroidaceae;g__Bacteroides_s__Bacteroides_sp._CACC_737"
"X2755405","N.MeFOSAA",0.00256112205378319,0.00461717888268191,-0.0068684152041338,0.0119906593117002,0.583216142216549,38,0.892570656861526,"Bacteroides sp. CACC 737","Species","Bacteroides sp. CACC 737","d__Bacteria;p__Bacteroidota;c__Bacteroidia;o__Bacteroidales;f__Bacteroidaceae;g__Bacteroides_s__Bacteroides_sp._CACC_737"
"X2763062","PFBA",1.08205828845713e-05,0.00386107457858131,-0.00787454568067696,0.0078961868464461,0.99778250071537,38,0.99778250071537,"Roseburia rectibacter","Species","Roseburia rectibacter","d__Bacteria;p__Bacillota;c__Clostridia;o__Lachnospirales;f__Lachnospiraceae;g__Roseburia_s__Roseburia_rectibacter"
"X2763062","N.MeFOSAA",-0.00312898316350781,0.00369923727817404,-0.0106838335660454,0.00442586723902979,0.404335295697877,38,0.867939519343514,"Roseburia rectibacter","Species","Roseburia rectibacter","d__Bacteria;p__Bacillota;c__Clostridia;o__Lachnospirales;f__Lachnospiraceae;g__Roseburia_s__Roseburia_rectibacter"
"X2763062","PFDA",0.00329888702306186,0.00361823205015218,-0.00409052863347029,0.010688302679594,0.369174177037864,38,0.965599996814426,"Roseburia rectibacter","Species","Roseburia rectibacter","d__Bacteria;p__Bacillota;c__Clostridia;o__Lachnospirales;f__Lachnospiraceae;g__Roseburia_s__Roseburia_rectibacter"
"X2763062","PFDoA",0.000888931289329932,0.00359739016768695,-0.00645791956470602,0.00823578214336588,0.806510614690061,38,0.96094690930243,"Roseburia rectibacter","Species","Roseburia rectibacter","d__Bacteria;p__Bacillota;c__Clostridia;o__Lachnospirales;f__Lachnospiraceae;g__Roseburia_s__Roseburia_rectibacter"
"X2763062","PFHpA",-0.00849262525618469,0.00303256750102481,-0.0146859543354019,-0.00229929617696745,0.00884286133981827,38,0.412666862524853,"Roseburia rectibacter","Species","Roseburia rectibacter","d__Bacteria;p__Bacillota;c__Clostridia;o__Lachnospirales;f__Lachnospiraceae;g__Roseburia_s__Roseburia_rectibacter"
"X2781599","PFHpA",-0.00954268318214018,0.00309759156315068,-0.0158688091124339,-0.00321655725184644,0.0043953373971085,38,0.412666862524853,"Streptococcus oriscaviae","Species","Streptococcus oriscaviae","d__Bacteria;p__Bacillota;c__Bacilli;o__Lactobacillales;f__Streptococcaceae;g__Streptococcus_s__Streptococcus_oriscaviae"
"X2781599","PFDoA",0.000225401284020013,0.00375727220494113,-0.00744797225095748,0.00789877481899751,0.952560922665614,38,0.974975078225898,"Streptococcus oriscaviae","Species","Streptococcus oriscaviae","d__Bacteria;p__Bacillota;c__Bacilli;o__Lactobacillales;f__Streptococcaceae;g__Streptococcus_s__Streptococcus_oriscaviae"
"X2781599","PFDA",0.00585388966045564,0.00367512450494472,-0.00165171588947068,0.013359495210382,0.121679136272407,38,0.965599996814426,"Streptococcus oriscaviae","Species","Streptococcus oriscaviae","d__Bacteria;p__Bacillota;c__Bacilli;o__Lactobacillales;f__Streptococcaceae;g__Streptococcus_s__Streptococcus_oriscaviae"
"X2781599","N.MeFOSAA",0.0028034739333126,0.00387202352403407,-0.00510425305997264,0.0107112009265978,0.4746540158592,38,0.874362660793263,"Streptococcus oriscaviae","Species","Streptococcus oriscaviae","d__Bacteria;p__Bacillota;c__Bacilli;o__Lactobacillales;f__Streptococcaceae;g__Streptococcus_s__Streptococcus_oriscaviae"
"X2781599","PFBA",0.000262448652272669,0.00402853527604069,-0.00796491798122314,0.00848981528576848,0.948488826026246,38,0.983618041804996,"Streptococcus oriscaviae","Species","Streptococcus oriscaviae","d__Bacteria;p__Bacillota;c__Bacilli;o__Lactobacillales;f__Streptococcaceae;g__Streptococcus_s__Streptococcus_oriscaviae"
"X2785531","PFDA",0.00658407889485908,0.0039403346065743,-0.0014631579407582,0.0146313157304763,0.105134351471253,38,0.965599996814426,"Bacteroides sp. HF-162","Species","Bacteroides sp. HF-162","d__Bacteria;p__Bacteroidota;c__Bacteroidia;o__Bacteroidales;f__Bacteroidaceae;g__Bacteroides_s__Bacteroides_sp._HF-162"
"X2785531","N.MeFOSAA",0.0092633184906653,0.00384872875219923,0.00140316576827417,0.0171234712130564,0.022452659442126,38,0.605717536194877,"Bacteroides sp. HF-162","Species","Bacteroides sp. HF-162","d__Bacteria;p__Bacteroidota;c__Bacteroidia;o__Bacteroidales;f__Bacteroidaceae;g__Bacteroides_s__Bacteroides_sp._HF-162"
"X2785531","PFBA",-0.00844030388583124,0.00405340654605476,-0.01671846442903,-0.000162143342632481,0.0459445570810611,38,0.743999975159678,"Bacteroides sp. HF-162","Species","Bacteroides sp. HF-162","d__Bacteria;p__Bacteroidota;c__Bacteroidia;o__Bacteroidales;f__Bacteroidaceae;g__Bacteroides_s__Bacteroides_sp._HF-162"
"X2785531","PFDoA",0.00515032777562774,0.00393357277255106,-0.00288309955260978,0.0131837551038653,0.200364006602175,38,0.626140783660581,"Bacteroides sp. HF-162","Species","Bacteroides sp. HF-162","d__Bacteria;p__Bacteroidota;c__Bacteroidia;o__Bacteroidales;f__Bacteroidaceae;g__Bacteroides_s__Bacteroides_sp._HF-162"
"X2785531","PFHpA",-0.00094169815985002,0.00382143806435682,-0.00874611586214707,0.00686271954244703,0.807031583990093,38,0.974418201177184,"Bacteroides sp. HF-162","Species","Bacteroides sp. HF-162","d__Bacteria;p__Bacteroidota;c__Bacteroidia;o__Bacteroidales;f__Bacteroidaceae;g__Bacteroides_s__Bacteroides_sp._HF-162"
"X2798729","PFHpA",-0.00388341465254999,0.00267552213762747,-0.00934755982045078,0.0015807305153508,0.157029600403562,38,0.835133558027294,"Enterobacter cloacae complex sp. AR_0002","Species","Enterobacter cloacae complex sp. AR_0002","d__Bacteria;p__Pseudomonadota;c__Gammaproteobacteria;o__Enterobacterales;f__Enterobacteriaceae;g__Enterobacter_s__Enterobacter_cloacae_complex_sp._AR_0002"
"X2798729","PFDA",-0.00151882247780648,0.00296790155952027,-0.00758008608582823,0.00454244113021526,0.612572874372988,38,0.965599996814426,"Enterobacter cloacae complex sp. AR_0002","Species","Enterobacter cloacae complex sp. AR_0002","d__Bacteria;p__Pseudomonadota;c__Gammaproteobacteria;o__Enterobacterales;f__Enterobacteriaceae;g__Enterobacter_s__Enterobacter_cloacae_complex_sp._AR_0002"
"X2798729","N.MeFOSAA",-0.0040343597538566,0.00295130727261269,-0.010061733306795,0.00199301379908182,0.181790364339057,38,0.702933594819238,"Enterobacter cloacae complex sp. AR_0002","Species","Enterobacter cloacae complex sp. AR_0002","d__Bacteria;p__Pseudomonadota;c__Gammaproteobacteria;o__Enterobacterales;f__Enterobacteriaceae;g__Enterobacter_s__Enterobacter_cloacae_complex_sp._AR_0002"
"X2798729","PFBA",-0.000221725868016481,0.00313745479096827,-0.00662926337050134,0.00618581163446838,0.944128916680508,38,0.983618041804996,"Enterobacter cloacae complex sp. AR_0002","Species","Enterobacter cloacae complex sp. AR_0002","d__Bacteria;p__Pseudomonadota;c__Gammaproteobacteria;o__Enterobacterales;f__Enterobacteriaceae;g__Enterobacter_s__Enterobacter_cloacae_complex_sp._AR_0002"
"X2798729","PFDoA",-0.00416202531230952,0.00282602752082574,-0.0099335434788412,0.00160949285422216,0.151234133391996,38,0.626140783660581,"Enterobacter cloacae complex sp. AR_0002","Species","Enterobacter cloacae complex sp. AR_0002","d__Bacteria;p__Pseudomonadota;c__Gammaproteobacteria;o__Enterobacterales;f__Enterobacteriaceae;g__Enterobacter_s__Enterobacter_cloacae_complex_sp._AR_0002"
"X28116","PFDoA",0.000924856561807114,0.00354237950046436,-0.00630964752175738,0.00815936064537161,0.795812176450627,38,0.96094690930243,"Bacteroides ovatus","Species","Bacteroides ovatus","d__Bacteria;p__Bacteroidota;c__Bacteroidia;o__Bacteroidales;f__Bacteroidaceae;g__Bacteroides_s__Bacteroides_ovatus"
"X28116","PFHpA",-0.00491361916896175,0.00323209140276666,-0.0115144304170801,0.00168719207915662,0.13891628859726,38,0.835133558027294,"Bacteroides ovatus","Species","Bacteroides ovatus","d__Bacteria;p__Bacteroidota;c__Bacteroidia;o__Bacteroidales;f__Bacteroidaceae;g__Bacteroides_s__Bacteroides_ovatus"
"X28116","PFBA",0.00209706242295385,0.00378315685990455,-0.00562917462989629,0.00982329947580398,0.583471954572084,38,0.928654337204168,"Bacteroides ovatus","Species","Bacteroides ovatus","d__Bacteria;p__Bacteroidota;c__Bacteroidia;o__Bacteroidales;f__Bacteroidaceae;g__Bacteroides_s__Bacteroides_ovatus"
"X28116","PFDA",-0.00241616118178531,0.0035853186163414,-0.00973835863900342,0.00490603627543281,0.505531916877425,38,0.965599996814426,"Bacteroides ovatus","Species","Bacteroides ovatus","d__Bacteria;p__Bacteroidota;c__Bacteroidia;o__Bacteroidales;f__Bacteroidaceae;g__Bacteroides_s__Bacteroides_ovatus"
"X28116","N.MeFOSAA",-0.00605874179352096,0.00351640213842075,-0.0132401930260964,0.0011227094390545,0.0951841842591949,38,0.605717536194877,"Bacteroides ovatus","Species","Bacteroides ovatus","d__Bacteria;p__Bacteroidota;c__Bacteroidia;o__Bacteroidales;f__Bacteroidaceae;g__Bacteroides_s__Bacteroides_ovatus"
"X2831966","N.MeFOSAA",-0.00146951530105837,0.00465321966410263,-0.0109726576541745,0.00803362705205773,0.754336321935422,38,0.943517822788891,"Ruminococcus sp. FMBCY1","Species","Ruminococcus sp. FMBCY1","d__Bacteria;p__Bacillota;c__Clostridia;o__Eubacteriales;f__Oscillospiraceae;g__Ruminococcus_s__Ruminococcus_sp._FMBCY1"
"X2831966","PFDoA",-0.00144284984955532,0.00447633479534303,-0.0105847451072672,0.0076990454081566,0.749439490163263,38,0.96094690930243,"Ruminococcus sp. FMBCY1","Species","Ruminococcus sp. FMBCY1","d__Bacteria;p__Bacillota;c__Clostridia;o__Eubacteriales;f__Oscillospiraceae;g__Ruminococcus_s__Ruminococcus_sp._FMBCY1"
"X2831966","PFHpA",0.000101858988974399,0.00424112112543118,-0.00855966586933101,0.0087633838472798,0.980998094487821,38,0.984308695146058,"Ruminococcus sp. FMBCY1","Species","Ruminococcus sp. FMBCY1","d__Bacteria;p__Bacillota;c__Clostridia;o__Eubacteriales;f__Oscillospiraceae;g__Ruminococcus_s__Ruminococcus_sp._FMBCY1"
"X2831966","PFDA",-0.00507740863343665,0.00447240954676314,-0.0142112874640897,0.00405647019721642,0.265249785653683,38,0.965599996814426,"Ruminococcus sp. FMBCY1","Species","Ruminococcus sp. FMBCY1","d__Bacteria;p__Bacillota;c__Clostridia;o__Eubacteriales;f__Oscillospiraceae;g__Ruminococcus_s__Ruminococcus_sp._FMBCY1"
"X2831966","PFBA",-0.00525388744161217,0.00471120749274874,-0.0148754567399729,0.0043676818567486,0.273623380404619,38,0.928654337204168,"Ruminococcus sp. FMBCY1","Species","Ruminococcus sp. FMBCY1","d__Bacteria;p__Bacillota;c__Clostridia;o__Eubacteriales;f__Oscillospiraceae;g__Ruminococcus_s__Ruminococcus_sp._FMBCY1"
"X2843318","PFDA",-0.00159647647754493,0.00336103009324874,-0.00846061566178641,0.00526766270669655,0.638229660321276,38,0.965599996814426,"Clostridium sp. CF011","Species","Clostridium sp. CF011","d__Bacteria;p__Bacillota;c__Clostridia;o__Eubacteriales;f__Clostridiaceae;g__Clostridium_s__Clostridium_sp._CF011"
"X2843318","PFDoA",-0.00445721219654961,0.00321052246173377,-0.0110139737904849,0.00209954939738571,0.175265263513619,38,0.626140783660581,"Clostridium sp. CF011","Species","Clostridium sp. CF011","d__Bacteria;p__Bacillota;c__Clostridia;o__Eubacteriales;f__Clostridiaceae;g__Clostridium_s__Clostridium_sp._CF011"
"X2843318","N.MeFOSAA",-0.00550282597806489,0.00329283243167845,-0.0122276869564972,0.00122203500036743,0.105092796764771,38,0.639695284655129,"Clostridium sp. CF011","Species","Clostridium sp. CF011","d__Bacteria;p__Bacillota;c__Clostridia;o__Eubacteriales;f__Clostridiaceae;g__Clostridium_s__Clostridium_sp._CF011"
"X2843318","PFBA",0.000977472140528449,0.00354672127949386,-0.00626589903875935,0.00822084331981624,0.784745722332687,38,0.943029011086285,"Clostridium sp. CF011","Species","Clostridium sp. CF011","d__Bacteria;p__Bacillota;c__Clostridia;o__Eubacteriales;f__Clostridiaceae;g__Clostridium_s__Clostridium_sp._CF011"
"X2843318","PFHpA",0.00553529298587663,0.00296513562158983,-0.000520321823293939,0.0115909077950472,0.0717314401890738,38,0.835133558027294,"Clostridium sp. CF011","Species","Clostridium sp. CF011","d__Bacteria;p__Bacillota;c__Clostridia;o__Eubacteriales;f__Clostridiaceae;g__Clostridium_s__Clostridium_sp._CF011"
"X2849865","N.MeFOSAA",-0.00341690117583687,0.00227344971090609,-0.00805990490120638,0.00122610254953265,0.143304420717524,38,0.702933594819238,"Clostridium sp. CM027","Species","Clostridium sp. CM027","d__Bacteria;p__Bacillota;c__Clostridia;o__Eubacteriales;f__Clostridiaceae;g__Clostridium_s__Clostridium_sp._CM027"
"X2849865","PFBA",0.00289822816216291,0.00237353192391305,-0.00194917071019641,0.00774562703452222,0.231572791081135,38,0.928654337204168,"Clostridium sp. CM027","Species","Clostridium sp. CM027","d__Bacteria;p__Bacillota;c__Clostridia;o__Eubacteriales;f__Clostridiaceae;g__Clostridium_s__Clostridium_sp._CM027"
"X2849865","PFDA",0.000210629833791127,0.00230988673203813,-0.00450678821622602,0.00492804788380827,0.927950776869567,38,0.982747543343962,"Clostridium sp. CM027","Species","Clostridium sp. CM027","d__Bacteria;p__Bacillota;c__Clostridia;o__Eubacteriales;f__Clostridiaceae;g__Clostridium_s__Clostridium_sp._CM027"
"X2849865","PFDoA",-0.00132399750172181,0.00225510956850365,-0.00592954565941818,0.00328155065597457,0.561522721979169,38,0.958697330208337,"Clostridium sp. CM027","Species","Clostridium sp. CM027","d__Bacteria;p__Bacillota;c__Clostridia;o__Eubacteriales;f__Clostridiaceae;g__Clostridium_s__Clostridium_sp._CM027"
"X2849865","PFHpA",0.001236032807913,0.00213325855857895,-0.00312066238844168,0.00559272800426768,0.566638023205875,38,0.92911180378499,"Clostridium sp. CM027","Species","Clostridium sp. CM027","d__Bacteria;p__Bacillota;c__Clostridia;o__Eubacteriales;f__Clostridiaceae;g__Clostridium_s__Clostridium_sp._CM027"
"X2850492","PFHpA",0.0014355237787353,0.00260317075757056,-0.00388086015849989,0.00675190771597048,0.585408241003725,38,0.92911180378499,"Enterobacter cloacae complex sp. ECL78","Species","Enterobacter cloacae complex sp. ECL78","d__Bacteria;p__Pseudomonadota;c__Gammaproteobacteria;o__Enterobacterales;f__Enterobacteriaceae;g__Enterobacter_s__Enterobacter_cloacae_complex_sp._ECL78"
"X2850492","N.MeFOSAA",-0.00138728420325482,0.0028641156536876,-0.00723658871444221,0.00446202030793257,0.63164273838391,38,0.910226285933885,"Enterobacter cloacae complex sp. ECL78","Species","Enterobacter cloacae complex sp. ECL78","d__Bacteria;p__Pseudomonadota;c__Gammaproteobacteria;o__Enterobacterales;f__Enterobacteriaceae;g__Enterobacter_s__Enterobacter_cloacae_complex_sp._ECL78"
"X2850492","PFDoA",0.00570232976391727,0.00256278978939228,0.000468414765751373,0.0109362447620832,0.0337446153737639,38,0.479737333381273,"Enterobacter cloacae complex sp. ECL78","Species","Enterobacter cloacae complex sp. ECL78","d__Bacteria;p__Pseudomonadota;c__Gammaproteobacteria;o__Enterobacterales;f__Enterobacteriaceae;g__Enterobacter_s__Enterobacter_cloacae_complex_sp._ECL78"
"X2850492","PFBA",-0.00154291920245809,0.00295251835317807,-0.00757276611187756,0.00448692770696137,0.605106499997062,38,0.928654337204168,"Enterobacter cloacae complex sp. ECL78","Species","Enterobacter cloacae complex sp. ECL78","d__Bacteria;p__Pseudomonadota;c__Gammaproteobacteria;o__Enterobacterales;f__Enterobacteriaceae;g__Enterobacter_s__Enterobacter_cloacae_complex_sp._ECL78"
"X2850492","PFDA",0.00155839129844465,0.00280322530561269,-0.00416655853201476,0.00728334112890405,0.582382978081884,38,0.965599996814426,"Enterobacter cloacae complex sp. ECL78","Species","Enterobacter cloacae complex sp. ECL78","d__Bacteria;p__Pseudomonadota;c__Gammaproteobacteria;o__Enterobacterales;f__Enterobacteriaceae;g__Enterobacter_s__Enterobacter_cloacae_complex_sp._ECL78"
"X2850493","N.MeFOSAA",0.0037570226365927,0.00437434047240191,-0.00517657242467747,0.0126906176978629,0.397218988664321,38,0.867939519343514,"Enterobacter cloacae complex sp. ECL112","Species","Enterobacter cloacae complex sp. ECL112","d__Bacteria;p__Pseudomonadota;c__Gammaproteobacteria;o__Enterobacterales;f__Enterobacteriaceae;g__Enterobacter_s__Enterobacter_cloacae_complex_sp._ECL112"
"X2850493","PFBA",0.00384220702299396,0.00451317300411018,-0.00537492189382258,0.0130593359398105,0.401329784846879,38,0.928654337204168,"Enterobacter cloacae complex sp. ECL112","Species","Enterobacter cloacae complex sp. ECL112","d__Bacteria;p__Pseudomonadota;c__Gammaproteobacteria;o__Enterobacterales;f__Enterobacteriaceae;g__Enterobacter_s__Enterobacter_cloacae_complex_sp._ECL112"
"X2850493","PFDoA",0.0143504390202041,0.00335874427878956,0.00749096809187278,0.0212099099485353,0.000179662055088487,38,0.0251526877123881,"Enterobacter cloacae complex sp. ECL112","Species","Enterobacter cloacae complex sp. ECL112","d__Bacteria;p__Pseudomonadota;c__Gammaproteobacteria;o__Enterobacterales;f__Enterobacteriaceae;g__Enterobacter_s__Enterobacter_cloacae_complex_sp._ECL112"
"X2850493","PFHpA",0.00498454973267808,0.0039248830295741,-0.00303113077282526,0.0130002302381814,0.213851784956234,38,0.835133558027294,"Enterobacter cloacae complex sp. ECL112","Species","Enterobacter cloacae complex sp. ECL112","d__Bacteria;p__Pseudomonadota;c__Gammaproteobacteria;o__Enterobacterales;f__Enterobacteriaceae;g__Enterobacter_s__Enterobacter_cloacae_complex_sp._ECL112"
"X2850493","PFDA",0.00544799649033486,0.00422344642596873,-0.00317743181608499,0.0140734247967547,0.206926566487086,38,0.965599996814426,"Enterobacter cloacae complex sp. ECL112","Species","Enterobacter cloacae complex sp. ECL112","d__Bacteria;p__Pseudomonadota;c__Gammaproteobacteria;o__Enterobacterales;f__Enterobacteriaceae;g__Enterobacter_s__Enterobacter_cloacae_complex_sp._ECL112"
"X2857061","PFHpA",0.0038110611996684,0.0036277747224119,-0.00359784319357929,0.0112199655929161,0.301866869970001,38,0.877113244153051,"Escherichia sp. TC-EC600-tetX4","Species","Escherichia sp. TC-EC600-tetX4","d__Bacteria;p__Pseudomonadota;c__Gammaproteobacteria;o__Enterobacterales;f__Enterobacteriaceae;g__Escherichia_s__Escherichia_sp._TC-EC600-tetX4"
"X2857061","PFBA",-0.00520068726184627,0.00407840738273235,-0.0135299063251762,0.00312853180148363,0.212034152296062,38,0.928654337204168,"Escherichia sp. TC-EC600-tetX4","Species","Escherichia sp. TC-EC600-tetX4","d__Bacteria;p__Pseudomonadota;c__Gammaproteobacteria;o__Enterobacterales;f__Enterobacteriaceae;g__Escherichia_s__Escherichia_sp._TC-EC600-tetX4"
"X2857061","PFDA",-0.00400331278221002,0.00391038039848453,-0.0119893749636952,0.0039827493992752,0.314130862724052,38,0.965599996814426,"Escherichia sp. TC-EC600-tetX4","Species","Escherichia sp. TC-EC600-tetX4","d__Bacteria;p__Pseudomonadota;c__Gammaproteobacteria;o__Enterobacterales;f__Enterobacteriaceae;g__Escherichia_s__Escherichia_sp._TC-EC600-tetX4"
"X2857061","PFDoA",-0.00249322420539939,0.00387885285566156,-0.0104148985545624,0.00542845014376362,0.525253608889122,38,0.952089568530459,"Escherichia sp. TC-EC600-tetX4","Species","Escherichia sp. TC-EC600-tetX4","d__Bacteria;p__Pseudomonadota;c__Gammaproteobacteria;o__Enterobacterales;f__Enterobacteriaceae;g__Escherichia_s__Escherichia_sp._TC-EC600-tetX4"
"X2857061","N.MeFOSAA",0.00297564427647827,0.00402300046658119,-0.00524041876810753,0.0111917073210641,0.465256565102024,38,0.874362660793263,"Escherichia sp. TC-EC600-tetX4","Species","Escherichia sp. TC-EC600-tetX4","d__Bacteria;p__Pseudomonadota;c__Gammaproteobacteria;o__Enterobacterales;f__Enterobacteriaceae;g__Escherichia_s__Escherichia_sp._TC-EC600-tetX4"
"X2860337","PFBA",-0.00183974137607723,0.00401450003485455,-0.010038444223081,0.00635896147092658,0.650058036042917,38,0.928654337204168,"Escherichia sp. TM-G17TGC","Species","Escherichia sp. TM-G17TGC","d__Bacteria;p__Pseudomonadota;c__Gammaproteobacteria;o__Enterobacterales;f__Enterobacteriaceae;g__Escherichia_s__Escherichia_sp._TM-G17TGC"
"X2860337","PFDA",0.00360928410414895,0.0037699398361232,-0.00408996018507826,0.0113085283933762,0.34602522394798,38,0.965599996814426,"Escherichia sp. TM-G17TGC","Species","Escherichia sp. TM-G17TGC","d__Bacteria;p__Pseudomonadota;c__Gammaproteobacteria;o__Enterobacterales;f__Enterobacteriaceae;g__Escherichia_s__Escherichia_sp._TM-G17TGC"
"X2860337","PFDoA",0.00156777241489938,0.00374630544705249,-0.00608320401250721,0.00921874884230597,0.678573404114165,38,0.96094690930243,"Escherichia sp. TM-G17TGC","Species","Escherichia sp. TM-G17TGC","d__Bacteria;p__Pseudomonadota;c__Gammaproteobacteria;o__Enterobacterales;f__Enterobacteriaceae;g__Escherichia_s__Escherichia_sp._TM-G17TGC"
"X2860337","N.MeFOSAA",0.00787867810179188,0.00363086920204739,0.000463453938018051,0.0152939022655657,0.0380619308838005,38,0.605717536194877,"Escherichia sp. TM-G17TGC","Species","Escherichia sp. TM-G17TGC","d__Bacteria;p__Pseudomonadota;c__Gammaproteobacteria;o__Enterobacterales;f__Enterobacteriaceae;g__Escherichia_s__Escherichia_sp._TM-G17TGC"
"X2860337","PFHpA",-0.00268344650241824,0.00351974914636684,-0.00987173323713303,0.00450484023229655,0.451776124655432,38,0.916647209445804,"Escherichia sp. TM-G17TGC","Species","Escherichia sp. TM-G17TGC","d__Bacteria;p__Pseudomonadota;c__Gammaproteobacteria;o__Enterobacterales;f__Enterobacteriaceae;g__Escherichia_s__Escherichia_sp._TM-G17TGC"
"X2873296","PFDA",0.00478218596896115,0.00395971138815237,-0.00330462353396478,0.0128689954718871,0.236593821816546,38,0.965599996814426,"Klebsiella sp. CTHL.F3a","Species","Klebsiella sp. CTHL.F3a","d__Bacteria;p__Pseudomonadota;c__Gammaproteobacteria;o__Enterobacterales;f__Enterobacteriaceae;g__Klebsiella_s__Klebsiella_sp._CTHL.F3a"
"X2873296","PFHpA",0.00358342252978895,0.00370786634003375,-0.00398905076810845,0.0111558958276863,0.341551954135394,38,0.877113244153051,"Klebsiella sp. CTHL.F3a","Species","Klebsiella sp. CTHL.F3a","d__Bacteria;p__Pseudomonadota;c__Gammaproteobacteria;o__Enterobacterales;f__Enterobacteriaceae;g__Klebsiella_s__Klebsiella_sp._CTHL.F3a"
"X2873296","PFDoA",0.00043844240761335,0.00397999117100146,-0.00768978393724503,0.00856666875247173,0.913014825230903,38,0.974975078225898,"Klebsiella sp. CTHL.F3a","Species","Klebsiella sp. CTHL.F3a","d__Bacteria;p__Pseudomonadota;c__Gammaproteobacteria;o__Enterobacterales;f__Enterobacteriaceae;g__Klebsiella_s__Klebsiella_sp._CTHL.F3a"
"X2873296","N.MeFOSAA",0.0027405012620972,0.00410745112546301,-0.00564803303703943,0.0111290355612338,0.509742733476607,38,0.882745492992282,"Klebsiella sp. CTHL.F3a","Species","Klebsiella sp. CTHL.F3a","d__Bacteria;p__Pseudomonadota;c__Gammaproteobacteria;o__Enterobacterales;f__Enterobacteriaceae;g__Klebsiella_s__Klebsiella_sp._CTHL.F3a"
"X2873296","PFBA",0.00260573430105595,0.00424164683944295,-0.00605686420849558,0.0112683328106075,0.543634203996932,38,0.928654337204168,"Klebsiella sp. CTHL.F3a","Species","Klebsiella sp. CTHL.F3a","d__Bacteria;p__Pseudomonadota;c__Gammaproteobacteria;o__Enterobacterales;f__Enterobacteriaceae;g__Klebsiella_s__Klebsiella_sp._CTHL.F3a"
"X2894203","N.MeFOSAA",-0.00593753585157488,0.00419088568481577,-0.0144964662531813,0.00262139455003151,0.166850495095039,38,0.702933594819238,"Enterobacter sp. AN-K1","Species","Enterobacter sp. AN-K1","d__Bacteria;p__Pseudomonadota;c__Gammaproteobacteria;o__Enterobacterales;f__Enterobacteriaceae;g__Enterobacter_s__Enterobacter_sp._AN-K1"
"X2894203","PFBA",0.00522150126430992,0.00436231804047517,-0.00368754071537851,0.0141305432439983,0.240697152072796,38,0.928654337204168,"Enterobacter sp. AN-K1","Species","Enterobacter sp. AN-K1","d__Bacteria;p__Pseudomonadota;c__Gammaproteobacteria;o__Enterobacterales;f__Enterobacteriaceae;g__Enterobacter_s__Enterobacter_sp._AN-K1"
"X2894203","PFDA",-0.00502094123694695,0.00414176866632583,-0.0134795613045557,0.0034376788306618,0.234870175921669,38,0.965599996814426,"Enterobacter sp. AN-K1","Species","Enterobacter sp. AN-K1","d__Bacteria;p__Pseudomonadota;c__Gammaproteobacteria;o__Enterobacterales;f__Enterobacteriaceae;g__Enterobacter_s__Enterobacter_sp._AN-K1"
"X2894203","PFHpA",0.00230749317527828,0.00391635107875023,-0.00569076276205896,0.0103057491126155,0.560141793631889,38,0.92911180378499,"Enterobacter sp. AN-K1","Species","Enterobacter sp. AN-K1","d__Bacteria;p__Pseudomonadota;c__Gammaproteobacteria;o__Enterobacterales;f__Enterobacteriaceae;g__Enterobacter_s__Enterobacter_sp._AN-K1"
"X2894203","PFDoA",0.000702394567259409,0.00416257796709922,-0.00779872376215372,0.00920351289667254,0.867133502943145,38,0.96728338471922,"Enterobacter sp. AN-K1","Species","Enterobacter sp. AN-K1","d__Bacteria;p__Pseudomonadota;c__Gammaproteobacteria;o__Enterobacterales;f__Enterobacteriaceae;g__Enterobacter_s__Enterobacter_sp._AN-K1"
"X2897413","PFDoA",0.00398264744658278,0.00308886380523596,-0.00232565402411645,0.010290948917282,0.207126852980832,38,0.630386074289489,"Klebsiella sp. KPN54798","Species","Klebsiella sp. KPN54798","d__Bacteria;p__Pseudomonadota;c__Gammaproteobacteria;o__Enterobacterales;f__Enterobacteriaceae;g__Klebsiella_s__Klebsiella_sp._KPN54798"
"X2897413","PFHpA",-0.00456540929995523,0.0028833234871542,-0.0104539414403767,0.00132312284046624,0.123820450764421,38,0.835133558027294,"Klebsiella sp. KPN54798","Species","Klebsiella sp. KPN54798","d__Bacteria;p__Pseudomonadota;c__Gammaproteobacteria;o__Enterobacterales;f__Enterobacteriaceae;g__Klebsiella_s__Klebsiella_sp._KPN54798"
"X2897413","PFBA",0.00435859559846965,0.00330806609384854,-0.00239737666862124,0.0111145678655605,0.197623095054492,38,0.928654337204168,"Klebsiella sp. KPN54798","Species","Klebsiella sp. KPN54798","d__Bacteria;p__Pseudomonadota;c__Gammaproteobacteria;o__Enterobacterales;f__Enterobacteriaceae;g__Klebsiella_s__Klebsiella_sp._KPN54798"
"X2897413","N.MeFOSAA",0.00618508776865619,0.00309913942101618,-0.000144199309122528,0.0125143748464349,0.0551108952367131,38,0.605717536194877,"Klebsiella sp. KPN54798","Species","Klebsiella sp. KPN54798","d__Bacteria;p__Pseudomonadota;c__Gammaproteobacteria;o__Enterobacterales;f__Enterobacteriaceae;g__Klebsiella_s__Klebsiella_sp._KPN54798"
"X2897413","PFDA",0.00452569186109442,0.00312491383061728,-0.00185623358349004,0.0109076173056789,0.157915671357158,38,0.965599996814426,"Klebsiella sp. KPN54798","Species","Klebsiella sp. KPN54798","d__Bacteria;p__Pseudomonadota;c__Gammaproteobacteria;o__Enterobacterales;f__Enterobacteriaceae;g__Klebsiella_s__Klebsiella_sp._KPN54798"
"X290053","PFHpA",-0.00444522038581057,0.00427138114612748,-0.0131685444509111,0.00427810367928999,0.306330377230321,38,0.877113244153051,"Bacteroides helcogenes","Species","Bacteroides helcogenes","d__Bacteria;p__Bacteroidota;c__Bacteroidia;o__Bacteroidales;f__Bacteroidaceae;g__Bacteroides_s__Bacteroides_helcogenes"
"X290053","N.MeFOSAA",-0.00086781690558696,0.00477551311731184,-0.0106207158097782,0.00888508199860426,0.857023013774909,38,0.956057834191568,"Bacteroides helcogenes","Species","Bacteroides helcogenes","d__Bacteria;p__Bacteroidota;c__Bacteroidia;o__Bacteroidales;f__Bacteroidaceae;g__Bacteroides_s__Bacteroides_helcogenes"
"X290053","PFBA",-0.00379581942983465,0.0048797891455839,-0.0137616783944184,0.0061700395347491,0.44274005531895,38,0.928654337204168,"Bacteroides helcogenes","Species","Bacteroides helcogenes","d__Bacteria;p__Bacteroidota;c__Bacteroidia;o__Bacteroidales;f__Bacteroidaceae;g__Bacteroides_s__Bacteroides_helcogenes"
"X290053","PFDA",-0.000828214887013943,0.00467987030613723,-0.0103857851123,0.00872935533827216,0.860718307180364,38,0.965599996814426,"Bacteroides helcogenes","Species","Bacteroides helcogenes","d__Bacteria;p__Bacteroidota;c__Bacteroidia;o__Bacteroidales;f__Bacteroidaceae;g__Bacteroides_s__Bacteroides_helcogenes"
"X290053","PFDoA",0.0024561060974389,0.00457490088209683,-0.0068870879643757,0.0117993001592535,0.595320126088768,38,0.96094690930243,"Bacteroides helcogenes","Species","Bacteroides helcogenes","d__Bacteria;p__Bacteroidota;c__Bacteroidia;o__Bacteroidales;f__Bacteroidaceae;g__Bacteroides_s__Bacteroides_helcogenes"
"X2912628","PFHpA",-0.00426573076511772,0.00372676399517235,-0.0118767982235934,0.00334533669335793,0.261416720933483,38,0.877113244153051,"Enterobacter cloacae complex sp. ECL414","Species","Enterobacter cloacae complex sp. ECL414","d__Bacteria;p__Pseudomonadota;c__Gammaproteobacteria;o__Enterobacterales;f__Enterobacteriaceae;g__Enterobacter_s__Enterobacter_cloacae_complex_sp._ECL414"
"X2912628","PFDA",0.00137680577025007,0.00409248463441263,-0.00698116287644688,0.00973477441694701,0.738893914945404,38,0.965599996814426,"Enterobacter cloacae complex sp. ECL414","Species","Enterobacter cloacae complex sp. ECL414","d__Bacteria;p__Pseudomonadota;c__Gammaproteobacteria;o__Enterobacterales;f__Enterobacteriaceae;g__Enterobacter_s__Enterobacter_cloacae_complex_sp._ECL414"
"X2912628","PFBA",0.00200342669485536,0.0043004732796446,-0.00677931143322225,0.010786164822933,0.64467906426549,38,0.928654337204168,"Enterobacter cloacae complex sp. ECL414","Species","Enterobacter cloacae complex sp. ECL414","d__Bacteria;p__Pseudomonadota;c__Gammaproteobacteria;o__Enterobacterales;f__Enterobacteriaceae;g__Enterobacter_s__Enterobacter_cloacae_complex_sp._ECL414"
"X2912628","N.MeFOSAA",-0.00133958897142501,0.00417695764078108,-0.0098700745123292,0.00719089656947918,0.75065414424127,38,0.943517822788891,"Enterobacter cloacae complex sp. ECL414","Species","Enterobacter cloacae complex sp. ECL414","d__Bacteria;p__Pseudomonadota;c__Gammaproteobacteria;o__Enterobacterales;f__Enterobacteriaceae;g__Enterobacter_s__Enterobacter_cloacae_complex_sp._ECL414"
"X2912628","PFDoA",-0.0017159817954386,0.0040131272012855,-0.00991188094225725,0.00647991735138005,0.672001823410612,38,0.96094690930243,"Enterobacter cloacae complex sp. ECL414","Species","Enterobacter cloacae complex sp. ECL414","d__Bacteria;p__Pseudomonadota;c__Gammaproteobacteria;o__Enterobacterales;f__Enterobacteriaceae;g__Enterobacter_s__Enterobacter_cloacae_complex_sp._ECL414"
"X2912629","PFDoA",0.000625364078983047,0.00282607494134623,-0.0051462509331715,0.00639697909113759,0.826370895965481,38,0.96094690930243,"Enterobacter cloacae complex sp. ECL411","Species","Enterobacter cloacae complex sp. ECL411","d__Bacteria;p__Pseudomonadota;c__Gammaproteobacteria;o__Enterobacterales;f__Enterobacteriaceae;g__Enterobacter_s__Enterobacter_cloacae_complex_sp._ECL411"
"X2912629","N.MeFOSAA",-0.00087273434532593,0.00293562106521718,-0.00686807238895668,0.00512260369830482,0.768293084270954,38,0.943517822788891,"Enterobacter cloacae complex sp. ECL411","Species","Enterobacter cloacae complex sp. ECL411","d__Bacteria;p__Pseudomonadota;c__Gammaproteobacteria;o__Enterobacterales;f__Enterobacteriaceae;g__Enterobacter_s__Enterobacter_cloacae_complex_sp._ECL411"
"X2912629","PFHpA",-0.0025667888532686,0.00263379100671814,-0.00794570768194296,0.00281212997540576,0.337571535978613,38,0.877113244153051,"Enterobacter cloacae complex sp. ECL411","Species","Enterobacter cloacae complex sp. ECL411","d__Bacteria;p__Pseudomonadota;c__Gammaproteobacteria;o__Enterobacterales;f__Enterobacteriaceae;g__Enterobacter_s__Enterobacter_cloacae_complex_sp._ECL411"
"X2912629","PFBA",0.000609931108464743,0.00303056781778368,-0.00557931407274781,0.0067991762896773,0.841853918979127,38,0.950480231105466,"Enterobacter cloacae complex sp. ECL411","Species","Enterobacter cloacae complex sp. ECL411","d__Bacteria;p__Pseudomonadota;c__Gammaproteobacteria;o__Enterobacterales;f__Enterobacteriaceae;g__Enterobacter_s__Enterobacter_cloacae_complex_sp._ECL411"
"X2912629","PFDA",-0.00258156568247445,0.00284216404808465,-0.00838603903416736,0.00322290766921845,0.370953810131161,38,0.965599996814426,"Enterobacter cloacae complex sp. ECL411","Species","Enterobacter cloacae complex sp. ECL411","d__Bacteria;p__Pseudomonadota;c__Gammaproteobacteria;o__Enterobacterales;f__Enterobacteriaceae;g__Enterobacter_s__Enterobacter_cloacae_complex_sp._ECL411"
"X2912630","N.MeFOSAA",-0.00122980801563801,0.00406031512592359,-0.00952207776121505,0.00706246172993903,0.764067948937201,38,0.943517822788891,"Enterobacter cloacae complex sp. ECL405","Species","Enterobacter cloacae complex sp. ECL405","d__Bacteria;p__Pseudomonadota;c__Gammaproteobacteria;o__Enterobacterales;f__Enterobacteriaceae;g__Enterobacter_s__Enterobacter_cloacae_complex_sp._ECL405"
"X2912630","PFBA",0.00393094997937613,0.00413284821758526,-0.00450945210147191,0.0123713520602242,0.349129901967446,38,0.928654337204168,"Enterobacter cloacae complex sp. ECL405","Species","Enterobacter cloacae complex sp. ECL405","d__Bacteria;p__Pseudomonadota;c__Gammaproteobacteria;o__Enterobacterales;f__Enterobacteriaceae;g__Enterobacter_s__Enterobacter_cloacae_complex_sp._ECL405"
"X2912630","PFDA",0.0030670729203218,0.00394542267877983,-0.0049905551450165,0.0111247009856601,0.443024893495683,38,0.965599996814426,"Enterobacter cloacae complex sp. ECL405","Species","Enterobacter cloacae complex sp. ECL405","d__Bacteria;p__Pseudomonadota;c__Gammaproteobacteria;o__Enterobacterales;f__Enterobacteriaceae;g__Enterobacter_s__Enterobacter_cloacae_complex_sp._ECL405"
"X2912630","PFDoA",0.00272138728252941,0.00388052780746116,-0.00520370777455955,0.0106464823396184,0.488524861253873,38,0.949909452438085,"Enterobacter cloacae complex sp. ECL405","Species","Enterobacter cloacae complex sp. ECL405","d__Bacteria;p__Pseudomonadota;c__Gammaproteobacteria;o__Enterobacterales;f__Enterobacteriaceae;g__Enterobacter_s__Enterobacter_cloacae_complex_sp._ECL405"
"X2912630","PFHpA",0.000492739645920273,0.00369917576727469,-0.00706198513460182,0.00804746442644236,0.894922696104881,38,0.980631390935176,"Enterobacter cloacae complex sp. ECL405","Species","Enterobacter cloacae complex sp. ECL405","d__Bacteria;p__Pseudomonadota;c__Gammaproteobacteria;o__Enterobacterales;f__Enterobacteriaceae;g__Enterobacter_s__Enterobacter_cloacae_complex_sp._ECL405"
"X2912631","N.MeFOSAA",0.00603317789868388,0.00445216375415969,-0.00305935350737917,0.0151257093047469,0.185498577630045,38,0.702933594819238,"Enterobacter cloacae complex sp. ECL404","Species","Enterobacter cloacae complex sp. ECL404","d__Bacteria;p__Pseudomonadota;c__Gammaproteobacteria;o__Enterobacterales;f__Enterobacteriaceae;g__Enterobacter_s__Enterobacter_cloacae_complex_sp._ECL404"
"X2912631","PFBA",-0.00278892989002345,0.00470348869940217,-0.0123947353093366,0.00681687552928973,0.557659013888239,38,0.928654337204168,"Enterobacter cloacae complex sp. ECL404","Species","Enterobacter cloacae complex sp. ECL404","d__Bacteria;p__Pseudomonadota;c__Gammaproteobacteria;o__Enterobacterales;f__Enterobacteriaceae;g__Enterobacter_s__Enterobacter_cloacae_complex_sp._ECL404"
"X2912631","PFDoA",0.00932839331522242,0.00407041723759982,0.00101549230521854,0.0176412943252263,0.0291122536230304,38,0.479737333381273,"Enterobacter cloacae complex sp. ECL404","Species","Enterobacter cloacae complex sp. ECL404","d__Bacteria;p__Pseudomonadota;c__Gammaproteobacteria;o__Enterobacterales;f__Enterobacteriaceae;g__Enterobacter_s__Enterobacter_cloacae_complex_sp._ECL404"
"X2912631","PFHpA",-0.00106459949260876,0.00416879986325555,-0.00957842462916793,0.00744922564395041,0.800177667501265,38,0.974418201177184,"Enterobacter cloacae complex sp. ECL404","Species","Enterobacter cloacae complex sp. ECL404","d__Bacteria;p__Pseudomonadota;c__Gammaproteobacteria;o__Enterobacterales;f__Enterobacteriaceae;g__Enterobacter_s__Enterobacter_cloacae_complex_sp._ECL404"
"X2912631","PFDA",0.00218973647981124,0.00447660135613716,-0.00695270316766844,0.0113321761272909,0.628291760866145,38,0.965599996814426,"Enterobacter cloacae complex sp. ECL404","Species","Enterobacter cloacae complex sp. ECL404","d__Bacteria;p__Pseudomonadota;c__Gammaproteobacteria;o__Enterobacterales;f__Enterobacteriaceae;g__Enterobacter_s__Enterobacter_cloacae_complex_sp._ECL404"
"X2923088","N.MeFOSAA",0.0069166727940211,0.00396756558726062,-0.00118617712340992,0.0150195227114521,0.0915225963985586,38,0.605717536194877,"Enterobacter sp. JH25","Species","Enterobacter sp. JH25","d__Bacteria;p__Pseudomonadota;c__Gammaproteobacteria;o__Enterobacterales;f__Enterobacteriaceae;g__Enterobacter_s__Enterobacter_sp._JH25"
"X2923088","PFBA",-0.0082928985634576,0.00401920373641595,-0.0165012076506029,-8.45894763122843e-05,0.0478285698316936,38,0.743999975159678,"Enterobacter sp. JH25","Species","Enterobacter sp. JH25","d__Bacteria;p__Pseudomonadota;c__Gammaproteobacteria;o__Enterobacterales;f__Enterobacteriaceae;g__Enterobacter_s__Enterobacter_sp._JH25"
"X2923088","PFDA",0.00102693102987286,0.00407586794841225,-0.00729710181669052,0.00935096387643623,0.802794773990633,38,0.965599996814426,"Enterobacter sp. JH25","Species","Enterobacter sp. JH25","d__Bacteria;p__Pseudomonadota;c__Gammaproteobacteria;o__Enterobacterales;f__Enterobacteriaceae;g__Enterobacter_s__Enterobacter_sp._JH25"
"X2923088","PFDoA",-0.00442244393760418,0.00392346404984212,-0.0124352264998848,0.00359033862467648,0.268602269496229,38,0.774834106557945,"Enterobacter sp. JH25","Species","Enterobacter sp. JH25","d__Bacteria;p__Pseudomonadota;c__Gammaproteobacteria;o__Enterobacterales;f__Enterobacteriaceae;g__Enterobacter_s__Enterobacter_sp._JH25"
"X2923088","PFHpA",-0.00223029017940001,0.0037667374392563,-0.00992299430171181,0.0054624139429118,0.558219212466244,38,0.92911180378499,"Enterobacter sp. JH25","Species","Enterobacter sp. JH25","d__Bacteria;p__Pseudomonadota;c__Gammaproteobacteria;o__Enterobacterales;f__Enterobacteriaceae;g__Enterobacter_s__Enterobacter_sp._JH25"
"X29341","N.MeFOSAA",0.00381609183713702,0.00309105533676345,-0.00249668533803791,0.010128869012312,0.226577540469618,38,0.722438539109473,"Clostridium argentinense","Species","Clostridium argentinense","d__Bacteria;p__Bacillota;c__Clostridia;o__Eubacteriales;f__Clostridiaceae;g__Clostridium_s__Clostridium_argentinense"
"X29341","PFBA",0.0020287667793957,0.00324742540912842,-0.00460336068756004,0.00866089424635145,0.536870680576568,38,0.928654337204168,"Clostridium argentinense","Species","Clostridium argentinense","d__Bacteria;p__Bacillota;c__Clostridia;o__Eubacteriales;f__Clostridiaceae;g__Clostridium_s__Clostridium_argentinense"
"X29341","PFDA",0.00112761423671774,0.00309822194523292,-0.00519979910553949,0.00745502757897497,0.71844400254115,38,0.965599996814426,"Clostridium argentinense","Species","Clostridium argentinense","d__Bacteria;p__Bacillota;c__Clostridia;o__Eubacteriales;f__Clostridiaceae;g__Clostridium_s__Clostridium_argentinense"
"X29341","PFDoA",0.000928258850953951,0.00304364902337431,-0.00528770171613156,0.00714421941803946,0.76248561647029,38,0.96094690930243,"Clostridium argentinense","Species","Clostridium argentinense","d__Bacteria;p__Bacillota;c__Clostridia;o__Eubacteriales;f__Clostridiaceae;g__Clostridium_s__Clostridium_argentinense"
"X29341","PFHpA",-0.00282303172931029,0.00283678149835629,-0.00861651244794828,0.00297044898932771,0.327621296028142,38,0.877113244153051,"Clostridium argentinense","Species","Clostridium argentinense","d__Bacteria;p__Bacillota;c__Clostridia;o__Eubacteriales;f__Clostridiaceae;g__Clostridium_s__Clostridium_argentinense"
"X29466","N.MeFOSAA",-0.00118942003557369,0.00255485837595617,-0.00640713692653948,0.0040282968553921,0.644898209667076,38,0.910226285933885,"Veillonella parvula","Species","Veillonella parvula","d__Bacteria;p__Bacillota;c__Negativicutes;o__Veillonellales;f__Veillonellaceae;g__Veillonella_s__Veillonella_parvula"
"X29466","PFBA",-0.00203622772653447,0.00261863607399023,-0.00738419605352154,0.0033117406004526,0.442899459525254,38,0.928654337204168,"Veillonella parvula","Species","Veillonella parvula","d__Bacteria;p__Bacillota;c__Negativicutes;o__Veillonellales;f__Veillonellaceae;g__Veillonella_s__Veillonella_parvula"
"X29466","PFDA",0.00173148800095087,0.00249268115738708,-0.00335924606912185,0.00682222207102358,0.492633009293678,38,0.965599996814426,"Veillonella parvula","Species","Veillonella parvula","d__Bacteria;p__Bacillota;c__Negativicutes;o__Veillonellales;f__Veillonellaceae;g__Veillonella_s__Veillonella_parvula"
"X29466","PFDoA",-0.00458389052418892,0.00232046609673785,-0.00932291451933747,0.000155133470959628,0.0574835181915322,38,0.574835181915322,"Veillonella parvula","Species","Veillonella parvula","d__Bacteria;p__Bacillota;c__Negativicutes;o__Veillonellales;f__Veillonellaceae;g__Veillonella_s__Veillonella_parvula"
"X29466","PFHpA",-0.000389322918701148,0.00233205591535838,-0.00515201648119194,0.00437337064378964,0.868534247322509,38,0.980631390935176,"Veillonella parvula","Species","Veillonella parvula","d__Bacteria;p__Bacillota;c__Negativicutes;o__Veillonellales;f__Veillonellaceae;g__Veillonella_s__Veillonella_parvula"
"X2972764","N.MeFOSAA",0.0062082251381475,0.0032201401722674,-0.000368178441103338,0.0127846287173983,0.0633762856897466,38,0.605717536194877,"Bacteroides sp. BFG-637","Species","Bacteroides sp. BFG-637","d__Bacteria;p__Bacteroidota;c__Bacteroidia;o__Bacteroidales;f__Bacteroidaceae;g__Bacteroides_s__Bacteroides_sp._BFG-637"
"X2972764","PFBA",-0.00184578393154804,0.00350524678024959,-0.00900445288339038,0.0053128850202943,0.602359060347885,38,0.928654337204168,"Bacteroides sp. BFG-637","Species","Bacteroides sp. BFG-637","d__Bacteria;p__Bacteroidota;c__Bacteroidia;o__Bacteroidales;f__Bacteroidaceae;g__Bacteroides_s__Bacteroides_sp._BFG-637"
"X2972764","PFDA",0.00376622026067658,0.00327390525267054,-0.00291998626139242,0.0104524267827456,0.259076814057863,38,0.965599996814426,"Bacteroides sp. BFG-637","Species","Bacteroides sp. BFG-637","d__Bacteria;p__Bacteroidota;c__Bacteroidia;o__Bacteroidales;f__Bacteroidaceae;g__Bacteroides_s__Bacteroides_sp._BFG-637"
"X2972764","PFDoA",-0.000767245384069118,0.00328126917858887,-0.00746849104921136,0.00593400028107313,0.816708539497703,38,0.96094690930243,"Bacteroides sp. BFG-637","Species","Bacteroides sp. BFG-637","d__Bacteria;p__Bacteroidota;c__Bacteroidia;o__Bacteroidales;f__Bacteroidaceae;g__Bacteroides_s__Bacteroides_sp._BFG-637"
"X2972764","PFHpA",0.00277169086367519,0.00306484334776218,-0.0034875542883376,0.00903093601568797,0.37301525497889,38,0.882504660568329,"Bacteroides sp. BFG-637","Species","Bacteroides sp. BFG-637","d__Bacteria;p__Bacteroidota;c__Bacteroidia;o__Bacteroidales;f__Bacteroidaceae;g__Bacteroides_s__Bacteroides_sp._BFG-637"
"X2976431","PFBA",-0.00401696180994908,0.00391440746612268,-0.0120112483607514,0.0039773247408532,0.313001392759265,38,0.928654337204168,"Enterobacter sp. CP102","Species","Enterobacter sp. CP102","d__Bacteria;p__Pseudomonadota;c__Gammaproteobacteria;o__Enterobacterales;f__Enterobacteriaceae;g__Enterobacter_s__Enterobacter_sp._CP102"
"X2976431","PFDA",-0.00300026389435476,0.00374352527835094,-0.0106455624597983,0.0046450346710888,0.429171359805041,38,0.965599996814426,"Enterobacter sp. CP102","Species","Enterobacter sp. CP102","d__Bacteria;p__Pseudomonadota;c__Gammaproteobacteria;o__Enterobacterales;f__Enterobacteriaceae;g__Enterobacter_s__Enterobacter_sp._CP102"
"X2976431","N.MeFOSAA",0.00209657877872467,0.00384179781911579,-0.00574941908993367,0.00994257664738301,0.589287847253527,38,0.892570656861526,"Enterobacter sp. CP102","Species","Enterobacter sp. CP102","d__Bacteria;p__Pseudomonadota;c__Gammaproteobacteria;o__Enterobacterales;f__Enterobacteriaceae;g__Enterobacter_s__Enterobacter_sp._CP102"
"X2976431","PFHpA",-0.00167771344804614,0.0034997182446181,-0.00882509162384461,0.00546966472775232,0.635140822452812,38,0.935997001509408,"Enterobacter sp. CP102","Species","Enterobacter sp. CP102","d__Bacteria;p__Pseudomonadota;c__Gammaproteobacteria;o__Enterobacterales;f__Enterobacteriaceae;g__Enterobacter_s__Enterobacter_sp._CP102"
"X2976431","PFDoA",-0.00537849992149243,0.00358215744298219,-0.0126942414014294,0.00193724155844456,0.143687328391954,38,0.626140783660581,"Enterobacter sp. CP102","Species","Enterobacter sp. CP102","d__Bacteria;p__Pseudomonadota;c__Gammaproteobacteria;o__Enterobacterales;f__Enterobacteriaceae;g__Enterobacter_s__Enterobacter_sp._CP102"
"X2985571","N.MeFOSAA",-0.0030202649694899,0.00335105298965084,-0.00986402818985972,0.00382349825087992,0.374614138992282,38,0.867939519343514,"Bifidobacterium sp. KRGSERBCFTRI","Species","Bifidobacterium sp. KRGSERBCFTRI","d__Bacteria;p__Actinomycetota;c__Actinomycetes;o__Bifidobacteriales;f__Bifidobacteriaceae;g__Bifidobacterium_s__Bifidobacterium_sp._KRGSERBCFTRI"
"X2985571","PFHpA",0.00157460682096049,0.00307684781826683,-0.00470915473051641,0.00785836837243739,0.612565876172934,38,0.932531946284654,"Bifidobacterium sp. KRGSERBCFTRI","Species","Bifidobacterium sp. KRGSERBCFTRI","d__Bacteria;p__Actinomycetota;c__Actinomycetes;o__Bifidobacteriales;f__Bifidobacteriaceae;g__Bifidobacterium_s__Bifidobacterium_sp._KRGSERBCFTRI"
"X2985571","PFDA",5.63292207892665e-05,0.00332799188776285,-0.00674033694638276,0.00685299538796129,0.986607807986707,38,0.993705705885892,"Bifidobacterium sp. KRGSERBCFTRI","Species","Bifidobacterium sp. KRGSERBCFTRI","d__Bacteria;p__Actinomycetota;c__Actinomycetes;o__Bifidobacteriales;f__Bifidobacteriaceae;g__Bifidobacterium_s__Bifidobacterium_sp._KRGSERBCFTRI"
"X2985571","PFDoA",-0.00426879370818108,0.00317292921075369,-0.010748779641097,0.00221119222473482,0.188584476888215,38,0.626140783660581,"Bifidobacterium sp. KRGSERBCFTRI","Species","Bifidobacterium sp. KRGSERBCFTRI","d__Bacteria;p__Actinomycetota;c__Actinomycetes;o__Bifidobacteriales;f__Bifidobacteriaceae;g__Bifidobacterium_s__Bifidobacterium_sp._KRGSERBCFTRI"
"X2985571","PFBA",0.00162931385889549,0.003490516292493,-0.00549927142353367,0.00875789914132465,0.644027388391481,38,0.928654337204168,"Bifidobacterium sp. KRGSERBCFTRI","Species","Bifidobacterium sp. KRGSERBCFTRI","d__Bacteria;p__Actinomycetota;c__Actinomycetes;o__Bifidobacteriales;f__Bifidobacteriaceae;g__Bifidobacterium_s__Bifidobacterium_sp._KRGSERBCFTRI"
"X299767","PFHpA",-0.00033522788444879,0.0026868143982187,-0.00582243492512442,0.00515197915622684,0.901539696114628,38,0.980631390935176,"Enterobacter ludwigii","Species","Enterobacter ludwigii","d__Bacteria;p__Pseudomonadota;c__Gammaproteobacteria;o__Enterobacterales;f__Enterobacteriaceae;g__Enterobacter_s__Enterobacter_ludwigii"
"X299767","N.MeFOSAA",-0.00236284920712888,0.00292184368414576,-0.0083300500848775,0.00360435167061974,0.425063775755611,38,0.867939519343514,"Enterobacter ludwigii","Species","Enterobacter ludwigii","d__Bacteria;p__Pseudomonadota;c__Gammaproteobacteria;o__Enterobacterales;f__Enterobacteriaceae;g__Enterobacter_s__Enterobacter_ludwigii"
"X299767","PFBA",0.000124733958842485,0.00304653236101714,-0.0060971151692932,0.00634658308697816,0.967612669248886,38,0.988801267845577,"Enterobacter ludwigii","Species","Enterobacter ludwigii","d__Bacteria;p__Pseudomonadota;c__Gammaproteobacteria;o__Enterobacterales;f__Enterobacteriaceae;g__Enterobacter_s__Enterobacter_ludwigii"
"X299767","PFDoA",-0.00213737589698633,0.00281451801597474,-0.00788538851877514,0.00361063672480249,0.453533039363345,38,0.933744492806886,"Enterobacter ludwigii","Species","Enterobacter ludwigii","d__Bacteria;p__Pseudomonadota;c__Gammaproteobacteria;o__Enterobacterales;f__Enterobacteriaceae;g__Enterobacter_s__Enterobacter_ludwigii"
"X299767","PFDA",0.000807123484896501,0.00289053043909336,-0.0050961272149642,0.0067103741847572,0.781984174566333,38,0.965599996814426,"Enterobacter ludwigii","Species","Enterobacter ludwigii","d__Bacteria;p__Pseudomonadota;c__Gammaproteobacteria;o__Enterobacterales;f__Enterobacteriaceae;g__Enterobacter_s__Enterobacter_ludwigii"
"X33038","N.MeFOSAA",0.00178451049006529,0.00231558597433561,-0.00294454696551779,0.00651356794564836,0.446940446269278,38,0.874362660793263,"Mediterraneibacter gnavus","Species","Mediterraneibacter gnavus","d__Bacteria;p__Bacillota;c__Clostridia;o__Lachnospirales;f__Lachnospiraceae;g__Mediterraneibacter_s__Mediterraneibacter_gnavus"
"X33038","PFBA",-0.00361480053202403,0.00232006121894547,-0.00835299765640903,0.00112339659236098,0.129706487651684,38,0.864709917677897,"Mediterraneibacter gnavus","Species","Mediterraneibacter gnavus","d__Bacteria;p__Bacillota;c__Clostridia;o__Lachnospirales;f__Lachnospiraceae;g__Mediterraneibacter_s__Mediterraneibacter_gnavus"
"X33038","PFDA",0.00235474205055595,0.00225080632476589,-0.00224201771098206,0.00695150181209395,0.30383572493034,38,0.965599996814426,"Mediterraneibacter gnavus","Species","Mediterraneibacter gnavus","d__Bacteria;p__Bacillota;c__Clostridia;o__Lachnospirales;f__Lachnospiraceae;g__Mediterraneibacter_s__Mediterraneibacter_gnavus"
"X33038","PFDoA",-0.00261626513627437,0.00219836435461992,-0.00710592410662909,0.00187339383408034,0.243341560542066,38,0.724847201614664,"Mediterraneibacter gnavus","Species","Mediterraneibacter gnavus","d__Bacteria;p__Bacillota;c__Clostridia;o__Lachnospirales;f__Lachnospiraceae;g__Mediterraneibacter_s__Mediterraneibacter_gnavus"
"X33038","PFHpA",0.00296916075202183,0.00205757562359884,-0.00123296927081092,0.00717129077485458,0.159370797802985,38,0.835133558027294,"Mediterraneibacter gnavus","Species","Mediterraneibacter gnavus","d__Bacteria;p__Bacillota;c__Clostridia;o__Lachnospirales;f__Lachnospiraceae;g__Mediterraneibacter_s__Mediterraneibacter_gnavus"
"X33043","N.MeFOSAA",0.00241234991692647,0.0024031930755122,-0.00249562510836597,0.0073203249422189,0.323498427260078,38,0.867939519343514,"Coprococcus eutactus","Species","Coprococcus eutactus","d__Bacteria;p__Bacillota;c__Clostridia;o__Lachnospirales;f__Lachnospiraceae;g__Coprococcus_s__Coprococcus_eutactus"
"X33043","PFDoA",0.00382663098794403,0.00224427618751611,-0.000756792454152866,0.00841005443004094,0.0985188999825162,38,0.577823733822609,"Coprococcus eutactus","Species","Coprococcus eutactus","d__Bacteria;p__Bacillota;c__Clostridia;o__Lachnospirales;f__Lachnospiraceae;g__Coprococcus_s__Coprococcus_eutactus"
"X33043","PFBA",-0.000563040520044511,0.00251813494796702,-0.0057057581655271,0.00457967712543808,0.824588675181716,38,0.943029011086285,"Coprococcus eutactus","Species","Coprococcus eutactus","d__Bacteria;p__Bacillota;c__Clostridia;o__Lachnospirales;f__Lachnospiraceae;g__Coprococcus_s__Coprococcus_eutactus"
"X33043","PFHpA",0.00402639142739537,0.00209811750042131,-0.000258536153798661,0.0083113190085894,0.0645356488716113,38,0.835133558027294,"Coprococcus eutactus","Species","Coprococcus eutactus","d__Bacteria;p__Bacillota;c__Clostridia;o__Lachnospirales;f__Lachnospiraceae;g__Coprococcus_s__Coprococcus_eutactus"
"X33043","PFDA",0.00328231578503847,0.00231800847681884,-0.00145168908064143,0.00801632065071837,0.167072934077398,38,0.965599996814426,"Coprococcus eutactus","Species","Coprococcus eutactus","d__Bacteria;p__Bacillota;c__Clostridia;o__Lachnospirales;f__Lachnospiraceae;g__Coprococcus_s__Coprococcus_eutactus"
"X332101","N.MeFOSAA",-0.00373739790052854,0.00374991468319266,-0.0113957453714925,0.00392094957043542,0.32690005585691,38,0.867939519343514,"Clostridium drakei","Species","Clostridium drakei","d__Bacteria;p__Bacillota;c__Clostridia;o__Eubacteriales;f__Clostridiaceae;g__Clostridium_s__Clostridium_drakei"
"X332101","PFHpA",-0.00166222436319787,0.00345490783210488,-0.0087180874677651,0.00539363874136935,0.633922033062943,38,0.935997001509408,"Clostridium drakei","Species","Clostridium drakei","d__Bacteria;p__Bacillota;c__Clostridia;o__Eubacteriales;f__Clostridiaceae;g__Clostridium_s__Clostridium_drakei"
"X332101","PFBA",-0.00321727224493525,0.00388750836021598,-0.0111566234926451,0.00472207900277464,0.414436432989129,38,0.928654337204168,"Clostridium drakei","Species","Clostridium drakei","d__Bacteria;p__Bacillota;c__Clostridia;o__Eubacteriales;f__Clostridiaceae;g__Clostridium_s__Clostridium_drakei"
"X332101","PFDA",-0.00203687498647433,0.00371649034164762,-0.00962696084533084,0.00555321087238219,0.587703203206458,38,0.965599996814426,"Clostridium drakei","Species","Clostridium drakei","d__Bacteria;p__Bacillota;c__Clostridia;o__Eubacteriales;f__Clostridiaceae;g__Clostridium_s__Clostridium_drakei"
"X332101","PFDoA",-0.00641515783551158,0.00347477054334248,-0.0135115860081468,0.000681270337123648,0.0747496607961113,38,0.577823733822609,"Clostridium drakei","Species","Clostridium drakei","d__Bacteria;p__Bacillota;c__Clostridia;o__Eubacteriales;f__Clostridiaceae;g__Clostridium_s__Clostridium_drakei"
"X333367","PFHpA",-0.000139794139380969,0.00305019423404243,-0.00636912180993468,0.00608953353117274,0.963748498623873,38,0.984071541626482,"Enterocloster asparagiformis","Species","Enterocloster asparagiformis","d__Bacteria;p__Bacillota;c__Clostridia;o__Lachnospirales;f__Lachnospiraceae;g__Enterocloster_s__Enterocloster_asparagiformis"
"X333367","PFDA",0.00158304456709503,0.00327224702150048,-0.00509977539512917,0.00826586452931923,0.632055374064503,38,0.965599996814426,"Enterocloster asparagiformis","Species","Enterocloster asparagiformis","d__Bacteria;p__Bacillota;c__Clostridia;o__Lachnospirales;f__Lachnospiraceae;g__Enterocloster_s__Enterocloster_asparagiformis"
"X333367","PFDoA",0.000120790801562976,0.00322493508424046,-0.00646540529434082,0.00670698689746677,0.97037014145997,38,0.977351221614358,"Enterocloster asparagiformis","Species","Enterocloster asparagiformis","d__Bacteria;p__Bacillota;c__Clostridia;o__Lachnospirales;f__Lachnospiraceae;g__Enterocloster_s__Enterocloster_asparagiformis"
"X333367","N.MeFOSAA",0.0033143382748307,0.00329714972806324,-0.00341933979909397,0.0100480163487554,0.322833691084546,38,0.867939519343514,"Enterocloster asparagiformis","Species","Enterocloster asparagiformis","d__Bacteria;p__Bacillota;c__Clostridia;o__Lachnospirales;f__Lachnospiraceae;g__Enterocloster_s__Enterocloster_asparagiformis"
"X333367","PFBA",-0.00539583719929929,0.00331458200588857,-0.0121651167340772,0.00137344233547864,0.114002854289685,38,0.840021031608202,"Enterocloster asparagiformis","Species","Enterocloster asparagiformis","d__Bacteria;p__Bacillota;c__Clostridia;o__Lachnospirales;f__Lachnospiraceae;g__Enterocloster_s__Enterocloster_asparagiformis"
"X360422","N.MeFOSAA",0.00378901056102906,0.00307233439585141,-0.00248553335216518,0.0100635544742233,0.227052112291549,38,0.722438539109473,"Clostridium tagluense","Species","Clostridium tagluense","d__Bacteria;p__Bacillota;c__Clostridia;o__Eubacteriales;f__Clostridiaceae;g__Clostridium_s__Clostridium_tagluense"
"X360422","PFBA",-0.00078997686230204,0.00324531787366379,-0.00741780016762771,0.00583784644302363,0.809336522161114,38,0.943029011086285,"Clostridium tagluense","Species","Clostridium tagluense","d__Bacteria;p__Bacillota;c__Clostridia;o__Eubacteriales;f__Clostridiaceae;g__Clostridium_s__Clostridium_tagluense"
"X360422","PFDA",-0.00208779561509356,0.00306246165856965,-0.00834217670886895,0.00416658547868183,0.500634481913238,38,0.965599996814426,"Clostridium tagluense","Species","Clostridium tagluense","d__Bacteria;p__Bacillota;c__Clostridia;o__Eubacteriales;f__Clostridiaceae;g__Clostridium_s__Clostridium_tagluense"
"X360422","PFDoA",0.00241696243771398,0.0029974406178057,-0.00370462797542918,0.00853855285085713,0.426391811931155,38,0.918382364159411,"Clostridium tagluense","Species","Clostridium tagluense","d__Bacteria;p__Bacillota;c__Clostridia;o__Eubacteriales;f__Clostridiaceae;g__Clostridium_s__Clostridium_tagluense"
"X360422","PFHpA",-0.00370506089739852,0.00278463218727559,-0.00939203851440133,0.00198191671960428,0.193366680553956,38,0.835133558027294,"Clostridium tagluense","Species","Clostridium tagluense","d__Bacteria;p__Bacillota;c__Clostridia;o__Eubacteriales;f__Clostridiaceae;g__Clostridium_s__Clostridium_tagluense"
"X36745","PFDA",0.00098902199412102,0.00316120741128032,-0.00546702483059213,0.00744506881883416,0.756550076653183,38,0.965599996814426,"Clostridium saccharoperbutylacetonicum","Species","Clostridium saccharoperbutylacetonicum","d__Bacteria;p__Bacillota;c__Clostridia;o__Eubacteriales;f__Clostridiaceae;g__Clostridium_s__Clostridium_saccharoperbutylacetonicum"
"X36745","PFBA",-0.00173908385100124,0.0033178556387577,-0.00851504903601984,0.00503688133401735,0.604019458114495,38,0.928654337204168,"Clostridium saccharoperbutylacetonicum","Species","Clostridium saccharoperbutylacetonicum","d__Bacteria;p__Bacillota;c__Clostridia;o__Eubacteriales;f__Clostridiaceae;g__Clostridium_s__Clostridium_saccharoperbutylacetonicum"
"X36745","PFHpA",-0.00238181093562211,0.00290781373780791,-0.00832035884040156,0.00355673696915734,0.4191850474976,38,0.916647209445804,"Clostridium saccharoperbutylacetonicum","Species","Clostridium saccharoperbutylacetonicum","d__Bacteria;p__Bacillota;c__Clostridia;o__Eubacteriales;f__Clostridiaceae;g__Clostridium_s__Clostridium_saccharoperbutylacetonicum"
"X36745","PFDoA",0.00183111547977992,0.0030905208600708,-0.00448057014836709,0.00814280110792693,0.557959641703867,38,0.958697330208337,"Clostridium saccharoperbutylacetonicum","Species","Clostridium saccharoperbutylacetonicum","d__Bacteria;p__Bacillota;c__Clostridia;o__Eubacteriales;f__Clostridiaceae;g__Clostridium_s__Clostridium_saccharoperbutylacetonicum"
"X36745","N.MeFOSAA",-0.00193231225227991,0.00321184584966948,-0.00849177656494532,0.00462715206038551,0.551946507340136,38,0.892570656861526,"Clostridium saccharoperbutylacetonicum","Species","Clostridium saccharoperbutylacetonicum","d__Bacteria;p__Bacillota;c__Clostridia;o__Eubacteriales;f__Clostridiaceae;g__Clostridium_s__Clostridium_saccharoperbutylacetonicum"
"X36839","PFBA",0.00083929493135125,0.00291374877724117,-0.0051113739409898,0.0067899638036923,0.775291899420159,38,0.943029011086285,"Clostridium felsineum","Species","Clostridium felsineum","d__Bacteria;p__Bacillota;c__Clostridia;o__Eubacteriales;f__Clostridiaceae;g__Clostridium_s__Clostridium_felsineum"
"X36839","PFHpA",-0.00204807303692825,0.00254654941902995,-0.00724882077402304,0.00315267470016654,0.427577745453176,38,0.916647209445804,"Clostridium felsineum","Species","Clostridium felsineum","d__Bacteria;p__Bacillota;c__Clostridia;o__Eubacteriales;f__Clostridiaceae;g__Clostridium_s__Clostridium_felsineum"
"X36839","N.MeFOSAA",-0.00227525374805083,0.00279794488799427,-0.00798941952705038,0.00343891203094872,0.422517696511145,38,0.867939519343514,"Clostridium felsineum","Species","Clostridium felsineum","d__Bacteria;p__Bacillota;c__Clostridia;o__Eubacteriales;f__Clostridiaceae;g__Clostridium_s__Clostridium_felsineum"
"X36839","PFDoA",0.000949569002090418,0.00271574837418492,-0.00459672910075231,0.00649586710493314,0.729042005859622,38,0.96094690930243,"Clostridium felsineum","Species","Clostridium felsineum","d__Bacteria;p__Bacillota;c__Clostridia;o__Eubacteriales;f__Clostridiaceae;g__Clostridium_s__Clostridium_felsineum"
"X36839","PFDA",-0.00247000097077998,0.00273495495908678,-0.00805552415294739,0.00311552221138744,0.373655424921957,38,0.965599996814426,"Clostridium felsineum","Species","Clostridium felsineum","d__Bacteria;p__Bacillota;c__Clostridia;o__Eubacteriales;f__Clostridiaceae;g__Clostridium_s__Clostridium_felsineum"
"X371601","PFHpA",-0.00355568535847262,0.00363178014227811,-0.010972769910389,0.00386139919344376,0.335386234671841,38,0.877113244153051,"Bacteroides xylanisolvens","Species","Bacteroides xylanisolvens","d__Bacteria;p__Bacteroidota;c__Bacteroidia;o__Bacteroidales;f__Bacteroidaceae;g__Bacteroides_s__Bacteroides_xylanisolvens"
"X371601","PFBA",-0.00330107321644645,0.00413866184017155,-0.0117533482985738,0.0051512018656809,0.431360273926567,38,0.928654337204168,"Bacteroides xylanisolvens","Species","Bacteroides xylanisolvens","d__Bacteria;p__Bacteroidota;c__Bacteroidia;o__Bacteroidales;f__Bacteroidaceae;g__Bacteroides_s__Bacteroides_xylanisolvens"
"X371601","N.MeFOSAA",-0.000404353638403772,0.00405383917072464,-0.00868339771904975,0.0078746904422422,0.92120967720491,38,0.9696943970578,"Bacteroides xylanisolvens","Species","Bacteroides xylanisolvens","d__Bacteria;p__Bacteroidota;c__Bacteroidia;o__Bacteroidales;f__Bacteroidaceae;g__Bacteroides_s__Bacteroides_xylanisolvens"
"X371601","PFDoA",-0.00561096986090944,0.0037637318245741,-0.0132975356991415,0.00207559597732264,0.146454709953671,38,0.626140783660581,"Bacteroides xylanisolvens","Species","Bacteroides xylanisolvens","d__Bacteria;p__Bacteroidota;c__Bacteroidia;o__Bacteroidales;f__Bacteroidaceae;g__Bacteroides_s__Bacteroides_xylanisolvens"
"X371601","PFDA",0.000233329026099776,0.00397296751414211,-0.00788055309781225,0.0083472111500118,0.953557300252073,38,0.984460976391795,"Bacteroides xylanisolvens","Species","Bacteroides xylanisolvens","d__Bacteria;p__Bacteroidota;c__Bacteroidia;o__Bacteroidales;f__Bacteroidaceae;g__Bacteroides_s__Bacteroides_xylanisolvens"
"X376805","PFBA",0.00132192967526942,0.00353261191099314,-0.00589262632935355,0.0085364856798924,0.710881968092566,38,0.938223440751293,"Phocaeicola salanitronis","Species","Phocaeicola salanitronis","d__Bacteria;p__Bacteroidota;c__Bacteroidia;o__Bacteroidales;f__Bacteroidaceae;g__Phocaeicola_s__Phocaeicola_salanitronis"
"X376805","N.MeFOSAA",-0.00260809131808824,0.00339945822617157,-0.00955071121974511,0.00433452858356862,0.448954120623153,38,0.874362660793263,"Phocaeicola salanitronis","Species","Phocaeicola salanitronis","d__Bacteria;p__Bacteroidota;c__Bacteroidia;o__Bacteroidales;f__Bacteroidaceae;g__Phocaeicola_s__Phocaeicola_salanitronis"
"X376805","PFHpA",-0.00275719346616861,0.00308265465582232,-0.00905281416204331,0.00353842722970609,0.378216283100712,38,0.882504660568329,"Phocaeicola salanitronis","Species","Phocaeicola salanitronis","d__Bacteria;p__Bacteroidota;c__Bacteroidia;o__Bacteroidales;f__Bacteroidaceae;g__Phocaeicola_s__Phocaeicola_salanitronis"
"X376805","PFDA",-0.00739071470708764,0.00308129957812423,-0.0136835679651034,-0.00109786144907192,0.022880880479455,38,0.946372570559425,"Phocaeicola salanitronis","Species","Phocaeicola salanitronis","d__Bacteria;p__Bacteroidota;c__Bacteroidia;o__Bacteroidales;f__Bacteroidaceae;g__Phocaeicola_s__Phocaeicola_salanitronis"
"X376805","PFDoA",-0.00421753850286865,0.00321136092867375,-0.010776012474741,0.00234093546900372,0.199032418791949,38,0.626140783660581,"Phocaeicola salanitronis","Species","Phocaeicola salanitronis","d__Bacteria;p__Bacteroidota;c__Bacteroidia;o__Bacteroidales;f__Bacteroidaceae;g__Phocaeicola_s__Phocaeicola_salanitronis"
"X39778","PFHpA",0.000293742980298845,0.00301699686433147,-0.00586778661647252,0.00645527257707021,0.923085936286896,38,0.980631390935176,"Veillonella dispar","Species","Veillonella dispar","d__Bacteria;p__Bacillota;c__Negativicutes;o__Veillonellales;f__Veillonellaceae;g__Veillonella_s__Veillonella_dispar"
"X39778","PFDA",-0.00215513949206674,0.00322572382021195,-0.00874294640172041,0.00443266741758693,0.509171126119194,38,0.965599996814426,"Veillonella dispar","Species","Veillonella dispar","d__Bacteria;p__Bacillota;c__Negativicutes;o__Veillonellales;f__Veillonellaceae;g__Veillonella_s__Veillonella_dispar"
"X39778","N.MeFOSAA",-0.00241730374457902,0.00328664057740834,-0.00912951926958206,0.00429491178042402,0.467750426750993,38,0.874362660793263,"Veillonella dispar","Species","Veillonella dispar","d__Bacteria;p__Bacillota;c__Negativicutes;o__Veillonellales;f__Veillonellaceae;g__Veillonella_s__Veillonella_dispar"
"X39778","PFDoA",0.000851385654990299,0.00318651370071139,-0.0056563435075991,0.0073591148175797,0.791155677627224,38,0.96094690930243,"Veillonella dispar","Species","Veillonella dispar","d__Bacteria;p__Bacillota;c__Negativicutes;o__Veillonellales;f__Veillonellaceae;g__Veillonella_s__Veillonella_dispar"
"X39778","PFBA",-0.00347923664402378,0.00336117164223723,-0.0103436649098657,0.00338519162181812,0.308882403964241,38,0.928654337204168,"Veillonella dispar","Species","Veillonella dispar","d__Bacteria;p__Bacillota;c__Negativicutes;o__Veillonellales;f__Veillonellaceae;g__Veillonella_s__Veillonella_dispar"
"X400065","N.MeFOSAA",0.00660640448562756,0.002938843284195,0.000604485792930235,0.0126083231783249,0.0320835591927386,38,0.605717536194877,"Streptococcus merionis","Species","Streptococcus merionis","d__Bacteria;p__Bacillota;c__Bacilli;o__Lactobacillales;f__Streptococcaceae;g__Streptococcus_s__Streptococcus_merionis"
"X400065","PFHpA",0.00449681573986115,0.0027715771283153,-0.00116349988981167,0.010157131369534,0.115165339233328,38,0.835133558027294,"Streptococcus merionis","Species","Streptococcus merionis","d__Bacteria;p__Bacillota;c__Bacilli;o__Lactobacillales;f__Streptococcaceae;g__Streptococcus_s__Streptococcus_merionis"
"X400065","PFDA",0.00168853435422522,0.00309771757722203,-0.00463784893113553,0.00801491763958597,0.589721573506792,38,0.965599996814426,"Streptococcus merionis","Species","Streptococcus merionis","d__Bacteria;p__Bacillota;c__Bacilli;o__Lactobacillales;f__Streptococcaceae;g__Streptococcus_s__Streptococcus_merionis"
"X400065","PFDoA",0.00429770112720711,0.00295374074889625,-0.00173464224731829,0.0103300445017325,0.156053100334251,38,0.626140783660581,"Streptococcus merionis","Species","Streptococcus merionis","d__Bacteria;p__Bacillota;c__Bacilli;o__Lactobacillales;f__Streptococcaceae;g__Streptococcus_s__Streptococcus_merionis"
"X400065","PFBA",0.00339475348307011,0.00321771714088706,-0.00317670160593191,0.00996620857207213,0.299839415624304,38,0.928654337204168,"Streptococcus merionis","Species","Streptococcus merionis","d__Bacteria;p__Bacillota;c__Bacilli;o__Lactobacillales;f__Streptococcaceae;g__Streptococcus_s__Streptococcus_merionis"
"X418240","PFDA",-0.00781417349696256,0.00390943557867998,-0.0157983060989848,0.000169959105059658,0.0547618245303885,38,0.958331929281799,"Blautia wexlerae","Species","Blautia wexlerae","d__Bacteria;p__Bacillota;c__Clostridia;o__Lachnospirales;f__Lachnospiraceae;g__Blautia_s__Blautia_wexlerae"
"X418240","N.MeFOSAA",-0.00944441210792228,0.00388097809036965,-0.0173704267653928,-0.00151839745045177,0.0211231494419998,38,0.605717536194877,"Blautia wexlerae","Species","Blautia wexlerae","d__Bacteria;p__Bacillota;c__Clostridia;o__Lachnospirales;f__Lachnospiraceae;g__Blautia_s__Blautia_wexlerae"
"X418240","PFHpA",-0.00241809335829813,0.00383900291333547,-0.0102583832678634,0.0054221965512671,0.533544517665248,38,0.92911180378499,"Blautia wexlerae","Species","Blautia wexlerae","d__Bacteria;p__Bacillota;c__Clostridia;o__Lachnospirales;f__Lachnospiraceae;g__Blautia_s__Blautia_wexlerae"
"X418240","PFBA",-0.000956416853332751,0.00437717242742229,-0.00989579553833852,0.00798296183167302,0.828518345454379,38,0.943029011086285,"Blautia wexlerae","Species","Blautia wexlerae","d__Bacteria;p__Bacillota;c__Clostridia;o__Lachnospirales;f__Lachnospiraceae;g__Blautia_s__Blautia_wexlerae"
"X418240","PFDoA",-0.00390982559429422,0.00402279397622416,-0.0121254669293114,0.00430581574072292,0.338863077594111,38,0.804081879036873,"Blautia wexlerae","Species","Blautia wexlerae","d__Bacteria;p__Bacillota;c__Clostridia;o__Lachnospirales;f__Lachnospiraceae;g__Blautia_s__Blautia_wexlerae"
"X42895","PFHpA",0.000946527513729582,0.00314082803537906,-0.00546789907290381,0.00736095410036297,0.765217202909145,38,0.965138814480003,"Enterobacter sp.","Species","Enterobacter sp.","d__Bacteria;p__Pseudomonadota;c__Gammaproteobacteria;o__Enterobacterales;f__Enterobacteriaceae;g__Enterobacter_s__Enterobacter_sp."
"X42895","PFBA",0.00221542696234423,0.00354287734264093,-0.00502009385058507,0.00945094777527353,0.536490134897497,38,0.928654337204168,"Enterobacter sp.","Species","Enterobacter sp.","d__Bacteria;p__Pseudomonadota;c__Gammaproteobacteria;o__Enterobacterales;f__Enterobacteriaceae;g__Enterobacter_s__Enterobacter_sp."
"X42895","N.MeFOSAA",-0.00299044953576885,0.00341353724454294,-0.00996182262885732,0.00398092355731961,0.387960566757735,38,0.867939519343514,"Enterobacter sp.","Species","Enterobacter sp.","d__Bacteria;p__Pseudomonadota;c__Gammaproteobacteria;o__Enterobacterales;f__Enterobacteriaceae;g__Enterobacter_s__Enterobacter_sp."
"X42895","PFDoA",0.000687989150113647,0.00332337228534436,-0.00609924253028003,0.00747522083050732,0.837396592392118,38,0.96094690930243,"Enterobacter sp.","Species","Enterobacter sp.","d__Bacteria;p__Pseudomonadota;c__Gammaproteobacteria;o__Enterobacterales;f__Enterobacteriaceae;g__Enterobacter_s__Enterobacter_sp."
"X42895","PFDA",-0.00120261485451441,0.00338047127671551,-0.00810645823226799,0.00570122852323917,0.724514560632946,38,0.965599996814426,"Enterobacter sp.","Species","Enterobacter sp.","d__Bacteria;p__Pseudomonadota;c__Gammaproteobacteria;o__Enterobacterales;f__Enterobacteriaceae;g__Enterobacter_s__Enterobacter_sp."
"X438033","PFBA",3.08282881606956e-05,0.00369929747190118,-0.00752414504636789,0.00758580162268928,0.993406036028391,38,0.99778250071537,"Ruminococcus gauvreauii","Species","Ruminococcus gauvreauii","d__Bacteria;p__Bacillota;c__Clostridia;o__Eubacteriales;f__Oscillospiraceae;g__Ruminococcus_s__Ruminococcus_gauvreauii"
"X438033","PFHpA",0.000519450119639427,0.00326188510865213,-0.00614220799337998,0.00718110823265884,0.874540434275856,38,0.980631390935176,"Ruminococcus gauvreauii","Species","Ruminococcus gauvreauii","d__Bacteria;p__Bacillota;c__Clostridia;o__Eubacteriales;f__Oscillospiraceae;g__Ruminococcus_s__Ruminococcus_gauvreauii"
"X438033","PFDA",0.00381205492099429,0.00344472782751603,-0.00322301784059611,0.0108471276825847,0.277247016194244,38,0.965599996814426,"Ruminococcus gauvreauii","Species","Ruminococcus gauvreauii","d__Bacteria;p__Bacillota;c__Clostridia;o__Eubacteriales;f__Oscillospiraceae;g__Ruminococcus_s__Ruminococcus_gauvreauii"
"X438033","N.MeFOSAA",0.00490907873649004,0.00347245527105198,-0.00218262101931747,0.0120007784922976,0.167737838901765,38,0.702933594819238,"Ruminococcus gauvreauii","Species","Ruminococcus gauvreauii","d__Bacteria;p__Bacillota;c__Clostridia;o__Eubacteriales;f__Oscillospiraceae;g__Ruminococcus_s__Ruminococcus_gauvreauii"
"X438033","PFDoA",-0.000576023642221978,0.00344856744695716,-0.00761893795283967,0.00646689066839571,0.868465099517868,38,0.96728338471922,"Ruminococcus gauvreauii","Species","Ruminococcus gauvreauii","d__Bacteria;p__Bacillota;c__Clostridia;o__Eubacteriales;f__Oscillospiraceae;g__Ruminococcus_s__Ruminococcus_gauvreauii"
"X45634","PFDA",0.00368686282849257,0.00347230402634691,-0.00340452804441962,0.0107782537014048,0.296803623184973,38,0.965599996814426,"Streptococcus cristatus","Species","Streptococcus cristatus","d__Bacteria;p__Bacillota;c__Bacilli;o__Lactobacillales;f__Streptococcaceae;g__Streptococcus_s__Streptococcus_cristatus"
"X45634","N.MeFOSAA",0.00236223740013765,0.00358347419504095,-0.00495619324626074,0.00968066804653604,0.514793936869438,38,0.882745492992282,"Streptococcus cristatus","Species","Streptococcus cristatus","d__Bacteria;p__Bacillota;c__Bacilli;o__Lactobacillales;f__Streptococcaceae;g__Streptococcus_s__Streptococcus_cristatus"
"X45634","PFBA",-0.00520676074371455,0.00359969904613944,-0.012558326956619,0.00214480546918987,0.158420968717553,38,0.928654337204168,"Streptococcus cristatus","Species","Streptococcus cristatus","d__Bacteria;p__Bacillota;c__Bacilli;o__Lactobacillales;f__Streptococcaceae;g__Streptococcus_s__Streptococcus_cristatus"
"X45634","PFDoA",0.00233693529792402,0.0034460583296764,-0.00470085471158153,0.00937472530742957,0.502875854194227,38,0.951386751178267,"Streptococcus cristatus","Species","Streptococcus cristatus","d__Bacteria;p__Bacillota;c__Bacilli;o__Lactobacillales;f__Streptococcaceae;g__Streptococcus_s__Streptococcus_cristatus"
"X45634","PFHpA",0.00273798257369172,0.00324599545585845,-0.00389122453908698,0.00936718968647042,0.405627016619424,38,0.915931973011603,"Streptococcus cristatus","Species","Streptococcus cristatus","d__Bacteria;p__Bacillota;c__Bacilli;o__Lactobacillales;f__Streptococcaceae;g__Streptococcus_s__Streptococcus_cristatus"
"X548","PFBA",-0.000999410538301954,0.00377742034730469,-0.00871393206947418,0.00671511099287028,0.793146264559897,38,0.943029011086285,"Klebsiella aerogenes","Species","Klebsiella aerogenes","d__Bacteria;p__Pseudomonadota;c__Gammaproteobacteria;o__Enterobacterales;f__Enterobacteriaceae;g__Klebsiella_s__Klebsiella_aerogenes"
"X548","N.MeFOSAA",0.00339984163167963,0.00361333094637153,-0.00397956463559583,0.0107792478989551,0.354263093277368,38,0.867939519343514,"Klebsiella aerogenes","Species","Klebsiella aerogenes","d__Bacteria;p__Pseudomonadota;c__Gammaproteobacteria;o__Enterobacterales;f__Enterobacteriaceae;g__Klebsiella_s__Klebsiella_aerogenes"
"X548","PFDoA",-0.0044829397206533,0.00343085959336037,-0.01148968976961,0.00252381032830345,0.201259537605187,38,0.626140783660581,"Klebsiella aerogenes","Species","Klebsiella aerogenes","d__Bacteria;p__Pseudomonadota;c__Gammaproteobacteria;o__Enterobacterales;f__Enterobacteriaceae;g__Klebsiella_s__Klebsiella_aerogenes"
"X548","PFHpA",-0.00524784987001192,0.0031955117529194,-0.0117739555067861,0.00127825576676227,0.110979722729333,38,0.835133558027294,"Klebsiella aerogenes","Species","Klebsiella aerogenes","d__Bacteria;p__Pseudomonadota;c__Gammaproteobacteria;o__Enterobacterales;f__Enterobacteriaceae;g__Klebsiella_s__Klebsiella_aerogenes"
"X548","PFDA",0.00100879579187894,0.00358800650096988,-0.00631889105808163,0.0083364826418395,0.780519557415713,38,0.965599996814426,"Klebsiella aerogenes","Species","Klebsiella aerogenes","d__Bacteria;p__Pseudomonadota;c__Gammaproteobacteria;o__Enterobacterales;f__Enterobacteriaceae;g__Klebsiella_s__Klebsiella_aerogenes"
"X550","PFDoA",-0.00264743581799172,0.00305749541276783,-0.00889167448475483,0.0035968028487714,0.393426096407775,38,0.869905536002654,"Enterobacter cloacae","Species","Enterobacter cloacae","d__Bacteria;p__Pseudomonadota;c__Gammaproteobacteria;o__Enterobacterales;f__Enterobacteriaceae;g__Enterobacter_s__Enterobacter_cloacae"
"X550","PFBA",-0.00302557001956583,0.0032726932206616,-0.0097093012420468,0.00365816120291515,0.362608580008903,38,0.928654337204168,"Enterobacter cloacae","Species","Enterobacter cloacae","d__Bacteria;p__Pseudomonadota;c__Gammaproteobacteria;o__Enterobacterales;f__Enterobacteriaceae;g__Enterobacter_s__Enterobacter_cloacae"
"X550","PFDA",-0.00053321608542066,0.0031515292361946,-0.00696949743972897,0.00590306526888765,0.866780672256117,38,0.965599996814426,"Enterobacter cloacae","Species","Enterobacter cloacae","d__Bacteria;p__Pseudomonadota;c__Gammaproteobacteria;o__Enterobacterales;f__Enterobacteriaceae;g__Enterobacter_s__Enterobacter_cloacae"
"X550","N.MeFOSAA",0.0017303178401679,0.0032020162579085,-0.00480907176798739,0.00826970744832319,0.592921936343728,38,0.892570656861526,"Enterobacter cloacae","Species","Enterobacter cloacae","d__Bacteria;p__Pseudomonadota;c__Gammaproteobacteria;o__Enterobacterales;f__Enterobacteriaceae;g__Enterobacter_s__Enterobacter_cloacae"
"X550","PFHpA",-0.00632648838563085,0.00269029987263205,-0.011820813714698,-0.000832163056563686,0.0254543574131833,38,0.761714884448525,"Enterobacter cloacae","Species","Enterobacter cloacae","d__Bacteria;p__Pseudomonadota;c__Gammaproteobacteria;o__Enterobacterales;f__Enterobacteriaceae;g__Enterobacter_s__Enterobacter_cloacae"
"X564","PFDA",-0.00502514640785556,0.00292405469001967,-0.0109968627620012,0.000946569946290063,0.0960009621118388,38,0.965599996814426,"Escherichia fergusonii","Species","Escherichia fergusonii","d__Bacteria;p__Pseudomonadota;c__Gammaproteobacteria;o__Enterobacterales;f__Enterobacteriaceae;g__Escherichia_s__Escherichia_fergusonii"
"X564","PFBA",0.000141884593825478,0.00322580354896388,-0.00644608514366223,0.00672985433131319,0.965208411485884,38,0.988801267845577,"Escherichia fergusonii","Species","Escherichia fergusonii","d__Bacteria;p__Pseudomonadota;c__Gammaproteobacteria;o__Enterobacterales;f__Enterobacteriaceae;g__Escherichia_s__Escherichia_fergusonii"
"X564","PFHpA",-0.00066069763129907,0.00284311069595604,-0.00646710429586554,0.0051457090332674,0.817816692164119,38,0.974418201177184,"Escherichia fergusonii","Species","Escherichia fergusonii","d__Bacteria;p__Pseudomonadota;c__Gammaproteobacteria;o__Enterobacterales;f__Enterobacteriaceae;g__Escherichia_s__Escherichia_fergusonii"
"X564","PFDoA",-0.000356929647855148,0.00300795158197758,-0.00649998631361568,0.00578612701790539,0.906334124956517,38,0.974975078225898,"Escherichia fergusonii","Species","Escherichia fergusonii","d__Bacteria;p__Pseudomonadota;c__Gammaproteobacteria;o__Enterobacterales;f__Enterobacteriaceae;g__Escherichia_s__Escherichia_fergusonii"
"X564","N.MeFOSAA",-0.000369735442387751,0.00312660133411548,-0.00675510722888649,0.00601563634411099,0.906654069676708,38,0.9696943970578,"Escherichia fergusonii","Species","Escherichia fergusonii","d__Bacteria;p__Pseudomonadota;c__Gammaproteobacteria;o__Enterobacterales;f__Enterobacteriaceae;g__Escherichia_s__Escherichia_fergusonii"
"X571","PFBA",-0.00054763717799065,0.00241716668244894,-0.00548415011584516,0.00438887575986386,0.822301325242369,38,0.943029011086285,"Klebsiella oxytoca","Species","Klebsiella oxytoca","d__Bacteria;p__Pseudomonadota;c__Gammaproteobacteria;o__Enterobacterales;f__Enterobacteriaceae;g__Klebsiella_s__Klebsiella_oxytoca"
"X571","PFDoA",0.000903603317266656,0.00225027002671583,-0.00369206117753533,0.00549926781206865,0.690859087981894,38,0.96094690930243,"Klebsiella oxytoca","Species","Klebsiella oxytoca","d__Bacteria;p__Pseudomonadota;c__Gammaproteobacteria;o__Enterobacterales;f__Enterobacteriaceae;g__Klebsiella_s__Klebsiella_oxytoca"
"X571","PFDA",-0.000838669140947295,0.00229316375382875,-0.00552193431318011,0.00384459603128552,0.717135965828007,38,0.965599996814426,"Klebsiella oxytoca","Species","Klebsiella oxytoca","d__Bacteria;p__Pseudomonadota;c__Gammaproteobacteria;o__Enterobacterales;f__Enterobacteriaceae;g__Klebsiella_s__Klebsiella_oxytoca"
"X571","N.MeFOSAA",0.000885006639279814,0.00233973390800461,-0.00389336747611206,0.00566338075467169,0.70790759318792,38,0.935950202256644,"Klebsiella oxytoca","Species","Klebsiella oxytoca","d__Bacteria;p__Pseudomonadota;c__Gammaproteobacteria;o__Enterobacterales;f__Enterobacteriaceae;g__Klebsiella_s__Klebsiella_oxytoca"
"X571","PFHpA",-0.0028321528476954,0.00207048727822653,-0.00706065198713955,0.00139634629174876,0.181513263830965,38,0.835133558027294,"Klebsiella oxytoca","Species","Klebsiella oxytoca","d__Bacteria;p__Pseudomonadota;c__Gammaproteobacteria;o__Enterobacterales;f__Enterobacteriaceae;g__Klebsiella_s__Klebsiella_oxytoca"
"X576","PFDoA",-0.000499020408141656,0.00408522218100463,-0.00884215714627829,0.00784411632999498,0.903592790786541,38,0.974975078225898,"Klebsiella sp.","Species","Klebsiella sp.","d__Bacteria;p__Pseudomonadota;c__Gammaproteobacteria;o__Enterobacterales;f__Enterobacteriaceae;g__Klebsiella_s__Klebsiella_sp."
"X576","PFHpA",-0.000879917076640717,0.00386153269147491,-0.0087662189315467,0.00700638477826527,0.821295340992198,38,0.974418201177184,"Klebsiella sp.","Species","Klebsiella sp.","d__Bacteria;p__Pseudomonadota;c__Gammaproteobacteria;o__Enterobacterales;f__Enterobacteriaceae;g__Klebsiella_s__Klebsiella_sp."
"X576","PFBA",-0.00541833467557746,0.00426815704446723,-0.014135074246661,0.00329840489550606,0.214030381883121,38,0.928654337204168,"Klebsiella sp.","Species","Klebsiella sp.","d__Bacteria;p__Pseudomonadota;c__Gammaproteobacteria;o__Enterobacterales;f__Enterobacteriaceae;g__Klebsiella_s__Klebsiella_sp."
"X576","PFDA",0.00275931317144656,0.00413162993726756,-0.0056786008490646,0.0111972271919577,0.509334371723224,38,0.965599996814426,"Klebsiella sp.","Species","Klebsiella sp.","d__Bacteria;p__Pseudomonadota;c__Gammaproteobacteria;o__Enterobacterales;f__Enterobacteriaceae;g__Klebsiella_s__Klebsiella_sp."
"X576","N.MeFOSAA",0.00526467692468958,0.00413722544114538,-0.00318466463927038,0.0137140184886495,0.212965144662584,38,0.722438539109473,"Klebsiella sp.","Species","Klebsiella sp.","d__Bacteria;p__Pseudomonadota;c__Gammaproteobacteria;o__Enterobacterales;f__Enterobacteriaceae;g__Klebsiella_s__Klebsiella_sp."
"X59310","N.MeFOSAA",-0.00316938643722848,0.0023154625386763,-0.00789819180356443,0.00155941892910748,0.181227157354043,38,0.702933594819238,"Streptococcus macedonicus","Species","Streptococcus macedonicus","d__Bacteria;p__Bacillota;c__Bacilli;o__Lactobacillales;f__Streptococcaceae;g__Streptococcus_s__Streptococcus_macedonicus"
"X59310","PFBA",0.00125677408149383,0.00245118632374016,-0.00374921623274299,0.00626276439573064,0.611901475492821,38,0.928654337204168,"Streptococcus macedonicus","Species","Streptococcus macedonicus","d__Bacteria;p__Bacillota;c__Bacilli;o__Lactobacillales;f__Streptococcaceae;g__Streptococcus_s__Streptococcus_macedonicus"
"X59310","PFDA",0.000379299630333438,0.00233777997170557,-0.00439508401477353,0.0051536832754404,0.872198619448391,38,0.965599996814426,"Streptococcus macedonicus","Species","Streptococcus macedonicus","d__Bacteria;p__Bacillota;c__Bacilli;o__Lactobacillales;f__Streptococcaceae;g__Streptococcus_s__Streptococcus_macedonicus"
"X59310","PFDoA",-0.00396115861148919,0.00217923616495172,-0.00841175260694562,0.000489435383967237,0.0791128882163113,38,0.577823733822609,"Streptococcus macedonicus","Species","Streptococcus macedonicus","d__Bacteria;p__Bacillota;c__Bacilli;o__Lactobacillales;f__Streptococcaceae;g__Streptococcus_s__Streptococcus_macedonicus"
"X59310","PFHpA",-0.000960396029087653,0.00216462684095966,-0.00538115380454994,0.00346036174637463,0.660459428833168,38,0.947971680924607,"Streptococcus macedonicus","Species","Streptococcus macedonicus","d__Bacteria;p__Bacillota;c__Bacilli;o__Lactobacillales;f__Streptococcaceae;g__Streptococcus_s__Streptococcus_macedonicus"
"X61645","N.MeFOSAA",0.00373250405552304,0.00393501032222674,-0.0043038591408217,0.0117688672518678,0.350434897491523,38,0.867939519343514,"Enterobacter asburiae","Species","Enterobacter asburiae","d__Bacteria;p__Pseudomonadota;c__Gammaproteobacteria;o__Enterobacterales;f__Enterobacteriaceae;g__Enterobacter_s__Enterobacter_asburiae"
"X61645","PFHpA",0.00414081150211288,0.00355439100853922,-0.00311822335355154,0.0113998463577773,0.253205288927307,38,0.877113244153051,"Enterobacter asburiae","Species","Enterobacter asburiae","d__Bacteria;p__Pseudomonadota;c__Gammaproteobacteria;o__Enterobacterales;f__Enterobacteriaceae;g__Enterobacter_s__Enterobacter_asburiae"
"X61645","PFDA",0.000754612695383224,0.0039110620887546,-0.00723284168336427,0.00874206707413072,0.848303778620471,38,0.965599996814426,"Enterobacter asburiae","Species","Enterobacter asburiae","d__Bacteria;p__Pseudomonadota;c__Gammaproteobacteria;o__Enterobacterales;f__Enterobacteriaceae;g__Enterobacter_s__Enterobacter_asburiae"
"X61645","PFBA",0.00417473752242679,0.00404833782322137,-0.00409307130774073,0.0124425463525943,0.310678880944324,38,0.928654337204168,"Enterobacter asburiae","Species","Enterobacter asburiae","d__Bacteria;p__Pseudomonadota;c__Gammaproteobacteria;o__Enterobacterales;f__Enterobacteriaceae;g__Enterobacter_s__Enterobacter_asburiae"
"X61645","PFDoA",-0.00374862387203049,0.00378058782070242,-0.011469614246879,0.00397236650281799,0.329349982190087,38,0.804081879036873,"Enterobacter asburiae","Species","Enterobacter asburiae","d__Bacteria;p__Pseudomonadota;c__Gammaproteobacteria;o__Enterobacterales;f__Enterobacteriaceae;g__Enterobacter_s__Enterobacter_asburiae"
"X623","PFDoA",-0.00173890724346324,0.00377204827016724,-0.00944245752946453,0.00596464304253805,0.648124745599182,38,0.96094690930243,"Shigella flexneri","Species","Shigella flexneri","d__Bacteria;p__Pseudomonadota;c__Gammaproteobacteria;o__Enterobacterales;f__Enterobacteriaceae;g__Shigella_s__Shigella_flexneri"
"X623","PFHpA",0.000135714004820843,0.00358023267768574,-0.00717609657996637,0.00744752458960806,0.970013376746104,38,0.984071541626482,"Shigella flexneri","Species","Shigella flexneri","d__Bacteria;p__Pseudomonadota;c__Gammaproteobacteria;o__Enterobacterales;f__Enterobacteriaceae;g__Shigella_s__Shigella_flexneri"
"X623","PFDA",-0.00101953022091609,0.00385128675864807,-0.00888490708942071,0.00684584664758853,0.793032027578727,38,0.965599996814426,"Shigella flexneri","Species","Shigella flexneri","d__Bacteria;p__Pseudomonadota;c__Gammaproteobacteria;o__Enterobacterales;f__Enterobacteriaceae;g__Shigella_s__Shigella_flexneri"
"X623","PFBA",0.00354414256362261,0.00400680958626413,-0.00463885429204838,0.0117271394192936,0.383444791277566,38,0.928654337204168,"Shigella flexneri","Species","Shigella flexneri","d__Bacteria;p__Pseudomonadota;c__Gammaproteobacteria;o__Enterobacterales;f__Enterobacteriaceae;g__Shigella_s__Shigella_flexneri"
"X623","N.MeFOSAA",-0.00689151227663676,0.00372809942434118,-0.0145053070453212,0.000722282492047727,0.0744038126206971,38,0.605717536194877,"Shigella flexneri","Species","Shigella flexneri","d__Bacteria;p__Pseudomonadota;c__Gammaproteobacteria;o__Enterobacterales;f__Enterobacteriaceae;g__Shigella_s__Shigella_flexneri"
"X674529","PFDA",0.00361804342929506,0.00347292546282233,-0.00347461658621421,0.0107107034448043,0.305834319152871,38,0.965599996814426,"Bacteroides faecis","Species","Bacteroides faecis","d__Bacteria;p__Bacteroidota;c__Bacteroidia;o__Bacteroidales;f__Bacteroidaceae;g__Bacteroides_s__Bacteroides_faecis"
"X674529","PFHpA",0.00250801641372585,0.00325053422903996,-0.00413046011050683,0.00914649293795853,0.446404164060052,38,0.916647209445804,"Bacteroides faecis","Species","Bacteroides faecis","d__Bacteria;p__Bacteroidota;c__Bacteroidia;o__Bacteroidales;f__Bacteroidaceae;g__Bacteroides_s__Bacteroides_faecis"
"X674529","N.MeFOSAA",0.000710617649576896,0.00360520519459564,-0.00665219361865992,0.00807342891781371,0.845071767294279,38,0.956057834191568,"Bacteroides faecis","Species","Bacteroides faecis","d__Bacteria;p__Bacteroidota;c__Bacteroidia;o__Bacteroidales;f__Bacteroidaceae;g__Bacteroides_s__Bacteroides_faecis"
"X674529","PFBA",0.00419794715112387,0.0036414696313653,-0.0032389259774709,0.0116348202797187,0.258088818754302,38,0.928654337204168,"Bacteroides faecis","Species","Bacteroides faecis","d__Bacteria;p__Bacteroidota;c__Bacteroidia;o__Bacteroidales;f__Bacteroidaceae;g__Bacteroides_s__Bacteroides_faecis"
"X674529","PFDoA",0.00569760506730281,0.00331108425932722,-0.00106453111601375,0.0124597412506194,0.0955931661003132,38,0.577823733822609,"Bacteroides faecis","Species","Bacteroides faecis","d__Bacteria;p__Bacteroidota;c__Bacteroidia;o__Bacteroidales;f__Bacteroidaceae;g__Bacteroides_s__Bacteroides_faecis"
"X68892","PFHpA",0.00137448582856324,0.001790222887488,-0.00228163706519359,0.00503060872232006,0.448623010264571,38,0.916647209445804,"Streptococcus infantis","Species","Streptococcus infantis","d__Bacteria;p__Bacillota;c__Bacilli;o__Lactobacillales;f__Streptococcaceae;g__Streptococcus_s__Streptococcus_infantis"
"X68892","N.MeFOSAA",3.4796069843011e-05,0.00198664230547317,-0.00402246879114763,0.00409206093083365,0.986141724853307,38,0.988271679038985,"Streptococcus infantis","Species","Streptococcus infantis","d__Bacteria;p__Bacillota;c__Bacilli;o__Lactobacillales;f__Streptococcaceae;g__Streptococcus_s__Streptococcus_infantis"
"X68892","PFBA",-0.000601337693342753,0.00204633133801424,-0.0047805038214353,0.0035778284347498,0.77088740004428,38,0.943029011086285,"Streptococcus infantis","Species","Streptococcus infantis","d__Bacteria;p__Bacillota;c__Bacilli;o__Lactobacillales;f__Streptococcaceae;g__Streptococcus_s__Streptococcus_infantis"
"X68892","PFDA",-0.00302320723804053,0.00186692424682435,-0.00683597520533084,0.000789560729249786,0.115838053630982,38,0.965599996814426,"Streptococcus infantis","Species","Streptococcus infantis","d__Bacteria;p__Bacillota;c__Bacilli;o__Lactobacillales;f__Streptococcaceae;g__Streptococcus_s__Streptococcus_infantis"
"X68892","PFDoA",-0.000974084390133555,0.00190297301226825,-0.0048604737581736,0.0029123049779065,0.612486139879331,38,0.96094690930243,"Streptococcus infantis","Species","Streptococcus infantis","d__Bacteria;p__Bacillota;c__Bacilli;o__Lactobacillales;f__Streptococcaceae;g__Streptococcus_s__Streptococcus_infantis"
"X704125","N.MeFOSAA",-0.000891307180207173,0.00236268198543849,-0.00571654752206733,0.00393393316165298,0.70864801028003,38,0.935950202256644,"Clostridium gelidum","Species","Clostridium gelidum","d__Bacteria;p__Bacillota;c__Clostridia;o__Eubacteriales;f__Clostridiaceae;g__Clostridium_s__Clostridium_gelidum"
"X704125","PFDoA",-0.00250217522507406,0.00223214203384128,-0.00706081741934034,0.00205646696919221,0.271191937295281,38,0.774834106557945,"Clostridium gelidum","Species","Clostridium gelidum","d__Bacteria;p__Bacillota;c__Clostridia;o__Eubacteriales;f__Clostridiaceae;g__Clostridium_s__Clostridium_gelidum"
"X704125","PFHpA",0.00319145494349338,0.0020747125230873,-0.00104567329715106,0.00742858318413782,0.134466045981886,38,0.835133558027294,"Clostridium gelidum","Species","Clostridium gelidum","d__Bacteria;p__Bacillota;c__Clostridia;o__Eubacteriales;f__Clostridiaceae;g__Clostridium_s__Clostridium_gelidum"
"X704125","PFDA",-0.00180902603930923,0.0022971600513529,-0.00650045273990281,0.00288240066128434,0.437164038807423,38,0.965599996814426,"Clostridium gelidum","Species","Clostridium gelidum","d__Bacteria;p__Bacillota;c__Clostridia;o__Eubacteriales;f__Clostridiaceae;g__Clostridium_s__Clostridium_gelidum"
"X704125","PFBA",0.00190293547721759,0.00241809941866317,-0.00303548236211624,0.00684135331655141,0.43748126894339,38,0.928654337204168,"Clostridium gelidum","Species","Clostridium gelidum","d__Bacteria;p__Bacillota;c__Clostridia;o__Eubacteriales;f__Clostridiaceae;g__Clostridium_s__Clostridium_gelidum"
"X751585","N.MeFOSAA",-0.00802410348130251,0.00447307928467433,-0.0171593500992445,0.00111114313663952,0.0829203746530904,38,0.605717536194877,"Coprococcus sp. ART55/1","Species","Coprococcus sp. ART55/1","d__Bacteria;p__Bacillota;c__Clostridia;o__Lachnospirales;f__Lachnospiraceae;g__Coprococcus_s__Coprococcus_sp._ART55/1"
"X751585","PFBA",-0.00729685669307974,0.00466889095150234,-0.016832004084807,0.00223829069864758,0.128572419133661,38,0.864709917677897,"Coprococcus sp. ART55/1","Species","Coprococcus sp. ART55/1","d__Bacteria;p__Bacillota;c__Clostridia;o__Lachnospirales;f__Lachnospiraceae;g__Coprococcus_s__Coprococcus_sp._ART55/1"
"X751585","PFDA",-0.00423259036555357,0.00454727936842204,-0.0135193737707888,0.00505419303968166,0.359389265803187,38,0.965599996814426,"Coprococcus sp. ART55/1","Species","Coprococcus sp. ART55/1","d__Bacteria;p__Bacillota;c__Clostridia;o__Lachnospirales;f__Lachnospiraceae;g__Coprococcus_s__Coprococcus_sp._ART55/1"
"X751585","PFDoA",-0.0103043142888005,0.00411896227368988,-0.0187163574889012,-0.0018922710886997,0.0180451390436819,38,0.479737333381273,"Coprococcus sp. ART55/1","Species","Coprococcus sp. ART55/1","d__Bacteria;p__Bacillota;c__Clostridia;o__Lachnospirales;f__Lachnospiraceae;g__Coprococcus_s__Coprococcus_sp._ART55/1"
"X751585","PFHpA",0.0008134588296089,0.00428037425972849,-0.0079282316236954,0.0095551492829132,0.850554867912665,38,0.980631390935176,"Coprococcus sp. ART55/1","Species","Coprococcus sp. ART55/1","d__Bacteria;p__Bacillota;c__Clostridia;o__Lachnospirales;f__Lachnospiraceae;g__Coprococcus_s__Coprococcus_sp._ART55/1"
"X820","PFBA",-0.00486072121075961,0.00440712855053251,-0.013861278460891,0.00413983603937173,0.278830061666675,38,0.928654337204168,"Bacteroides uniformis","Species","Bacteroides uniformis","d__Bacteria;p__Bacteroidota;c__Bacteroidia;o__Bacteroidales;f__Bacteroidaceae;g__Bacteroides_s__Bacteroides_uniformis"
"X820","PFHpA",-0.00573877892454236,0.00382477962702013,-0.0135500210082277,0.00207246315914297,0.143957426837801,38,0.835133558027294,"Bacteroides uniformis","Species","Bacteroides uniformis","d__Bacteria;p__Bacteroidota;c__Bacteroidia;o__Bacteroidales;f__Bacteroidaceae;g__Bacteroides_s__Bacteroides_uniformis"
"X820","PFDA",0.000320728730211434,0.00427040620187764,-0.00840060423310126,0.00904206169352412,0.940629791486363,38,0.982747543343962,"Bacteroides uniformis","Species","Bacteroides uniformis","d__Bacteria;p__Bacteroidota;c__Bacteroidia;o__Bacteroidales;f__Bacteroidaceae;g__Bacteroides_s__Bacteroides_uniformis"
"X820","N.MeFOSAA",-0.00372899501363343,0.00430470857077006,-0.012520382760121,0.00506239273285414,0.393223335564229,38,0.867939519343514,"Bacteroides uniformis","Species","Bacteroides uniformis","d__Bacteria;p__Bacteroidota;c__Bacteroidia;o__Bacteroidales;f__Bacteroidaceae;g__Bacteroides_s__Bacteroides_uniformis"
"X820","PFDoA",-0.00701816824653673,0.00399224588000668,-0.0151714220460565,0.00113508555298301,0.088956482974543,38,0.577823733822609,"Bacteroides uniformis","Species","Bacteroides uniformis","d__Bacteria;p__Bacteroidota;c__Bacteroidia;o__Bacteroidales;f__Bacteroidaceae;g__Bacteroides_s__Bacteroides_uniformis"
"X823","N.MeFOSAA",0.00360412368182175,0.00233311507189749,-0.00116073296689577,0.00836898033053927,0.132886801115676,38,0.702933594819238,"Parabacteroides distasonis","Species","Parabacteroides distasonis","d__Bacteria;p__Bacteroidota;c__Bacteroidia;o__Bacteroidales;f__Tannerellaceae;g__Parabacteroides_s__Parabacteroides_distasonis"
"X823","PFDoA",0.00658263355207007,0.0019986308673192,0.00250088478143062,0.0106643823227095,0.00254150091505377,38,0.177905064053764,"Parabacteroides distasonis","Species","Parabacteroides distasonis","d__Bacteria;p__Bacteroidota;c__Bacteroidia;o__Bacteroidales;f__Tannerellaceae;g__Parabacteroides_s__Parabacteroides_distasonis"
"X823","PFHpA",-0.00129864071233195,0.00219302407997728,-0.00577739338687492,0.00318011196221101,0.558174530238208,38,0.92911180378499,"Parabacteroides distasonis","Species","Parabacteroides distasonis","d__Bacteria;p__Bacteroidota;c__Bacteroidia;o__Bacteroidales;f__Tannerellaceae;g__Parabacteroides_s__Parabacteroides_distasonis"
"X823","PFBA",0.00184559169061233,0.00247773678094138,-0.00321462189106875,0.00690580527229341,0.46214612751436,38,0.928654337204168,"Parabacteroides distasonis","Species","Parabacteroides distasonis","d__Bacteria;p__Bacteroidota;c__Bacteroidia;o__Bacteroidales;f__Tannerellaceae;g__Parabacteroides_s__Parabacteroides_distasonis"
"X823","PFDA",0.00168994181324838,0.00235539245236722,-0.00312041131600102,0.00650029494249778,0.478629206797492,38,0.965599996814426,"Parabacteroides distasonis","Species","Parabacteroides distasonis","d__Bacteria;p__Bacteroidota;c__Bacteroidia;o__Bacteroidales;f__Tannerellaceae;g__Parabacteroides_s__Parabacteroides_distasonis"
"X84022","PFDA",0.00254136126347047,0.00435527701542706,-0.00635330102469807,0.011436023551639,0.563909532329265,38,0.965599996814426,"Clostridium aceticum","Species","Clostridium aceticum","d__Bacteria;p__Bacillota;c__Clostridia;o__Eubacteriales;f__Clostridiaceae;g__Clostridium_s__Clostridium_aceticum"
"X84022","PFDoA",-0.00419378871760997,0.00423123608704721,-0.0128351256342943,0.00444754819907438,0.329539846676192,38,0.804081879036873,"Clostridium aceticum","Species","Clostridium aceticum","d__Bacteria;p__Bacillota;c__Clostridia;o__Eubacteriales;f__Clostridiaceae;g__Clostridium_s__Clostridium_aceticum"
"X84022","PFBA",0.00662651634348364,0.00444888140342069,-0.00245931160807323,0.0157123442950405,0.146800130066478,38,0.928654337204168,"Clostridium aceticum","Species","Clostridium aceticum","d__Bacteria;p__Bacillota;c__Clostridia;o__Eubacteriales;f__Clostridiaceae;g__Clostridium_s__Clostridium_aceticum"
"X84022","PFHpA",-0.00179970837762659,0.0040537181194314,-0.0100785052385506,0.00647908848329742,0.660253923482071,38,0.947971680924607,"Clostridium aceticum","Species","Clostridium aceticum","d__Bacteria;p__Bacillota;c__Clostridia;o__Eubacteriales;f__Clostridiaceae;g__Clostridium_s__Clostridium_aceticum"
"X84022","N.MeFOSAA",-0.000913494135100188,0.00446644930980193,-0.0100352005379743,0.00820821226777396,0.839325635400687,38,0.956057834191568,"Clostridium aceticum","Species","Clostridium aceticum","d__Bacteria;p__Bacillota;c__Clostridia;o__Eubacteriales;f__Clostridiaceae;g__Clostridium_s__Clostridium_aceticum"
"X84023","PFDA",-0.000634488385281264,0.00369112773693411,-0.00817277689511133,0.0069038001245488,0.864673982290246,38,0.965599996814426,"Clostridium autoethanogenum","Species","Clostridium autoethanogenum","d__Bacteria;p__Bacillota;c__Clostridia;o__Eubacteriales;f__Clostridiaceae;g__Clostridium_s__Clostridium_autoethanogenum"
"X84023","PFBA",-0.00246570939108956,0.00386115927775736,-0.0103512486334454,0.00541982985126627,0.527933250895011,38,0.928654337204168,"Clostridium autoethanogenum","Species","Clostridium autoethanogenum","d__Bacteria;p__Bacillota;c__Clostridia;o__Eubacteriales;f__Clostridiaceae;g__Clostridium_s__Clostridium_autoethanogenum"
"X84023","N.MeFOSAA",-0.000637179903498917,0.00376672887354648,-0.00832986653229749,0.00705550672529965,0.866806242507865,38,0.956057834191568,"Clostridium autoethanogenum","Species","Clostridium autoethanogenum","d__Bacteria;p__Bacillota;c__Clostridia;o__Eubacteriales;f__Clostridiaceae;g__Clostridium_s__Clostridium_autoethanogenum"
"X84023","PFDoA",-0.00474197187409562,0.0035206332859073,-0.0119320642626414,0.00244812051445018,0.188096921750483,38,0.626140783660581,"Clostridium autoethanogenum","Species","Clostridium autoethanogenum","d__Bacteria;p__Bacillota;c__Clostridia;o__Eubacteriales;f__Clostridiaceae;g__Clostridium_s__Clostridium_autoethanogenum"
"X84023","PFHpA",0.00377909417608712,0.00335898412375268,-0.00308086658100613,0.0106390549331804,0.269480183958007,38,0.877113244153051,"Clostridium autoethanogenum","Species","Clostridium autoethanogenum","d__Bacteria;p__Bacillota;c__Clostridia;o__Eubacteriales;f__Clostridiaceae;g__Clostridium_s__Clostridium_autoethanogenum"
"X885040","PFHpA",-0.00221600576439889,0.0023531050806864,-0.00702168745746722,0.00258967592866945,0.353849540743714,38,0.877113244153051,"Enterobacter soli","Species","Enterobacter soli","d__Bacteria;p__Pseudomonadota;c__Gammaproteobacteria;o__Enterobacterales;f__Enterobacteriaceae;g__Enterobacter_s__Enterobacter_soli"
"X885040","PFBA",0.00130025183864413,0.00269623908121537,-0.00420620297252498,0.00680670664981324,0.633130829859418,38,0.928654337204168,"Enterobacter soli","Species","Enterobacter soli","d__Bacteria;p__Pseudomonadota;c__Gammaproteobacteria;o__Enterobacterales;f__Enterobacteriaceae;g__Enterobacter_s__Enterobacter_soli"
"X885040","PFDoA",-0.00345507360781242,0.00244430270935206,-0.00844700570598462,0.00153685849035977,0.167795684192565,38,0.626140783660581,"Enterobacter soli","Species","Enterobacter soli","d__Bacteria;p__Pseudomonadota;c__Gammaproteobacteria;o__Enterobacterales;f__Enterobacteriaceae;g__Enterobacter_s__Enterobacter_soli"
"X885040","PFDA",-0.00235578459769143,0.00253510707624227,-0.00753316395327538,0.00282159475789252,0.360169461547384,38,0.965599996814426,"Enterobacter soli","Species","Enterobacter soli","d__Bacteria;p__Pseudomonadota;c__Gammaproteobacteria;o__Enterobacterales;f__Enterobacteriaceae;g__Enterobacter_s__Enterobacter_soli"
"X885040","N.MeFOSAA",0.000430279403962258,0.00262278270944554,-0.0049261574824015,0.00578671629032602,0.870788521655615,38,0.956057834191568,"Enterobacter soli","Species","Enterobacter soli","d__Bacteria;p__Pseudomonadota;c__Gammaproteobacteria;o__Enterobacterales;f__Enterobacteriaceae;g__Enterobacter_s__Enterobacter_soli"
"X102684","N-detect",-4.72450035435284e-05,NA,-0.0014412562424647,0.00134676623537765,0.945277401844514,38,0.995173614853892,"Streptococcus infantarius","Species","Streptococcus infantarius","d__Bacteria;p__Bacillota;c__Bacilli;o__Lactobacillales;f__Streptococcaceae;g__Streptococcus_s__Streptococcus_infantarius"
"X113107","N-detect",0.000877970209940358,NA,-0.00225256795518559,0.00400850837506631,0.57107385781639,38,0.961709469343844,"Streptococcus australis","Species","Streptococcus australis","d__Bacteria;p__Bacillota;c__Bacilli;o__Lactobacillales;f__Streptococcaceae;g__Streptococcus_s__Streptococcus_australis"
"X1155388","N-detect",0.000468213728976177,NA,-0.00103984038500306,0.00197626784295541,0.530837152409612,38,0.952784632530074,"Clostridium sp. C1","Species","Clostridium sp. C1","d__Bacteria;p__Bacillota;c__Clostridia;o__Eubacteriales;f__Clostridiaceae;g__Clostridium_s__Clostridium_sp._C1"
"X1156431","N-detect",0.000276735429968804,NA,-0.00184078409342034,0.00239425495335794,0.791371172554737,38,0.995173614853892,"Streptococcus ilei","Species","Streptococcus ilei","d__Bacteria;p__Bacillota;c__Bacilli;o__Lactobacillales;f__Streptococcaceae;g__Streptococcus_s__Streptococcus_ilei"
"X1216932","N-detect",-0.000434335815155225,NA,-0.0015469484753365,0.000678276845026049,0.431570083364061,38,0.939617741269629,"Clostridium bornimense","Species","Clostridium bornimense","d__Bacteria;p__Bacillota;c__Clostridia;o__Eubacteriales;f__Clostridiaceae;g__Clostridium_s__Clostridium_bornimense"
"X1259973","N-detect",-0.000389477883980362,NA,-0.00183716882731048,0.00105821305934976,0.58677035271339,38,0.961709469343844,"Klebsiella electrica","Species","Klebsiella electrica","d__Bacteria;p__Pseudomonadota;c__Gammaproteobacteria;o__Enterobacterales;f__Enterobacteriaceae;g__Klebsiella_s__Klebsiella_electrica"
"X1302","N-detect",0.00028650666208732,NA,-0.00232817266455356,0.0029011859887282,0.82444199567847,38,0.995173614853892,"Streptococcus gordonii","Species","Streptococcus gordonii","d__Bacteria;p__Bacillota;c__Bacilli;o__Lactobacillales;f__Streptococcaceae;g__Streptococcus_s__Streptococcus_gordonii"
"X1303","N-detect",0.00144245030086386,NA,-0.00104101988341684,0.00392592048514455,0.244855611162782,38,0.939617741269629,"Streptococcus oralis","Species","Streptococcus oralis","d__Bacteria;p__Bacillota;c__Bacilli;o__Lactobacillales;f__Streptococcaceae;g__Streptococcus_s__Streptococcus_oralis"
"X1304","N-detect",0.00087417112698565,NA,-0.00247235340990376,0.00422069566387506,0.597633741663674,38,0.961709469343844,"Streptococcus salivarius","Species","Streptococcus salivarius","d__Bacteria;p__Bacillota;c__Bacilli;o__Lactobacillales;f__Streptococcaceae;g__Streptococcus_s__Streptococcus_salivarius"
"X1307","N-detect",-0.00105883395541722,NA,-0.00360859057788587,0.00149092266705143,0.403103037042228,38,0.939617741269629,"Streptococcus suis","Species","Streptococcus suis","d__Bacteria;p__Bacillota;c__Bacilli;o__Lactobacillales;f__Streptococcaceae;g__Streptococcus_s__Streptococcus_suis"
"X1310","N-detect",0.00117137189522934,NA,-0.00196335701093867,0.00430610080139736,0.451335241053271,38,0.939617741269629,"Streptococcus sobrinus","Species","Streptococcus sobrinus","d__Bacteria;p__Bacillota;c__Bacilli;o__Lactobacillales;f__Streptococcaceae;g__Streptococcus_s__Streptococcus_sobrinus"
"X1314","N-detect",-0.00055894482263546,NA,-0.00355007301314675,0.00243218336787583,0.705422329334121,38,0.984492734480195,"Streptococcus pyogenes","Species","Streptococcus pyogenes","d__Bacteria;p__Bacillota;c__Bacilli;o__Lactobacillales;f__Streptococcaceae;g__Streptococcus_s__Streptococcus_pyogenes"
"X1316411","N-detect",0.00405983184749536,NA,0.000794168004206815,0.00732549569078391,0.0165428483279725,38,0.578999691479036,"Streptococcus sp. HSISS2","Species","Streptococcus sp. HSISS2","d__Bacteria;p__Bacillota;c__Bacilli;o__Lactobacillales;f__Streptococcaceae;g__Streptococcus_s__Streptococcus_sp._HSISS2"
"X1316412","N-detect",-0.000230033816072662,NA,-0.00194561395615382,0.0014855463240085,0.786085459841208,38,0.995173614853892,"Streptococcus sp. HSISS3","Species","Streptococcus sp. HSISS3","d__Bacteria;p__Bacillota;c__Bacilli;o__Lactobacillales;f__Streptococcaceae;g__Streptococcus_s__Streptococcus_sp._HSISS3"
"X1322","N-detect",-0.00086244057026692,NA,-0.00338656987146125,0.00166168873092741,0.490675413819548,38,0.939617741269629,"Blautia hansenii","Species","Blautia hansenii","d__Bacteria;p__Bacillota;c__Clostridia;o__Lachnospirales;f__Lachnospiraceae;g__Blautia_s__Blautia_hansenii"
"X1328","N-detect",-0.000226020583092446,NA,-0.00268087039289646,0.00222882922671156,0.852115997765045,38,0.995173614853892,"Streptococcus anginosus","Species","Streptococcus anginosus","d__Bacteria;p__Bacillota;c__Bacilli;o__Lactobacillales;f__Streptococcaceae;g__Streptococcus_s__Streptococcus_anginosus"
"X1329812","N-detect",0.000214081080553654,NA,-0.00155683153175649,0.0019849936928638,0.806678853526609,38,0.995173614853892,"Enterobacter sp. MGH 3","Species","Enterobacter sp. MGH 3","d__Bacteria;p__Pseudomonadota;c__Gammaproteobacteria;o__Enterobacterales;f__Enterobacteriaceae;g__Enterobacter_s__Enterobacter_sp._MGH_3"
"X1334","N-detect",0.000268947511992918,NA,-0.00239878946001296,0.0029366844839988,0.838266594877814,38,0.995173614853892,"Streptococcus dysgalactiae","Species","Streptococcus dysgalactiae","d__Bacteria;p__Bacillota;c__Bacilli;o__Lactobacillales;f__Streptococcaceae;g__Streptococcus_s__Streptococcus_dysgalactiae"
"X1338","N-detect",0.000803061724356261,NA,-0.00108222169522042,0.00268834514393294,0.391244439050018,38,0.939617741269629,"Streptococcus intermedius","Species","Streptococcus intermedius","d__Bacteria;p__Bacillota;c__Bacilli;o__Lactobacillales;f__Streptococcaceae;g__Streptococcus_s__Streptococcus_intermedius"
"X1340","N-detect",-0.00181860294875317,NA,-0.00514974845974261,0.00151254256223627,0.273721426494537,38,0.939617741269629,"Streptococcus porcinus","Species","Streptococcus porcinus","d__Bacteria;p__Bacillota;c__Bacilli;o__Lactobacillales;f__Streptococcaceae;g__Streptococcus_s__Streptococcus_porcinus"
"X1343","N-detect",0.00208783070230413,NA,-1.7141639232774e-05,0.00419280304384104,0.0517768270390445,38,0.670889356659165,"Streptococcus vestibularis","Species","Streptococcus vestibularis","d__Bacteria;p__Bacillota;c__Bacilli;o__Lactobacillales;f__Streptococcaceae;g__Streptococcus_s__Streptococcus_vestibularis"
"X1345","N-detect",0.000600943295650835,NA,-0.00241618286288416,0.00361806945418583,0.687061235306467,38,0.984492734480195,"Streptococcus ferus","Species","Streptococcus ferus","d__Bacteria;p__Bacillota;c__Bacilli;o__Lactobacillales;f__Streptococcaceae;g__Streptococcus_s__Streptococcus_ferus"
"X1346","N-detect",-0.000347627787060979,NA,-0.00442086537125508,0.00372560979713312,0.862803431787952,38,0.995173614853892,"Streptococcus iniae","Species","Streptococcus iniae","d__Bacteria;p__Bacillota;c__Bacilli;o__Lactobacillales;f__Streptococcaceae;g__Streptococcus_s__Streptococcus_iniae"
"X1349","N-detect",-1.55431211207518e-05,NA,-0.00176604083112706,0.00173495458888556,0.985652131759181,38,0.995173614853892,"Streptococcus uberis","Species","Streptococcus uberis","d__Bacteria;p__Bacillota;c__Bacilli;o__Lactobacillales;f__Streptococcaceae;g__Streptococcus_s__Streptococcus_uberis"
"X137838","N-detect",0.00199796789533251,NA,-0.000236809709744129,0.00423274550040915,0.0778401526651474,38,0.670889356659165,"Clostridium neonatale","Species","Clostridium neonatale","d__Bacteria;p__Bacillota;c__Clostridia;o__Eubacteriales;f__Clostridiaceae;g__Clostridium_s__Clostridium_neonatale"
"X1443109","N-detect",-0.000252052857852324,NA,-0.00332277563167166,0.00281866991596701,0.867995388600289,38,0.995173614853892,"Clostridium sp. K25","Species","Clostridium sp. K25","d__Bacteria;p__Bacillota;c__Clostridia;o__Eubacteriales;f__Clostridiaceae;g__Clostridium_s__Clostridium_sp._K25"
"X1463165","N-detect",-0.00190909027067783,NA,-0.00453068691469476,0.0007125063733391,0.14739352000532,38,0.859795533364369,"Klebsiella quasipneumoniae","Species","Klebsiella quasipneumoniae","d__Bacteria;p__Pseudomonadota;c__Gammaproteobacteria;o__Enterobacterales;f__Enterobacteriaceae;g__Klebsiella_s__Klebsiella_quasipneumoniae"
"X1494","N-detect",-0.00232776765250435,NA,-0.00489852967358836,0.000242994368579654,0.0742998400333251,38,0.670889356659165,"Clostridium cochlearium","Species","Clostridium cochlearium","d__Bacteria;p__Bacillota;c__Clostridia;o__Eubacteriales;f__Clostridiaceae;g__Clostridium_s__Clostridium_cochlearium"
"X1501","N-detect",-0.000426639586684434,NA,-0.00231171479035589,0.00145843561698702,0.647260334389889,38,0.984492734480195,"Clostridium pasteurianum","Species","Clostridium pasteurianum","d__Bacteria;p__Bacillota;c__Clostridia;o__Eubacteriales;f__Clostridiaceae;g__Clostridium_s__Clostridium_pasteurianum"
"X1502","N-detect",-0.000237905610187124,NA,-0.0027011900850365,0.00222537886466225,0.844966912681943,38,0.995173614853892,"Clostridium perfringens","Species","Clostridium perfringens","d__Bacteria;p__Bacillota;c__Clostridia;o__Eubacteriales;f__Clostridiaceae;g__Clostridium_s__Clostridium_perfringens"
"X151276","N-detect",7.10994981852845e-05,NA,-0.00161794405180441,0.00176014304817498,0.932062662823158,38,0.995173614853892,"Bacteroides coprosuis","Species","Bacteroides coprosuis","d__Bacteria;p__Bacteroidota;c__Bacteroidia;o__Bacteroidales;f__Bacteroidaceae;g__Bacteroides_s__Bacteroides_coprosuis"
"X1519","N-detect",-0.000994445421034084,NA,-0.00387148447784091,0.00188259363577274,0.485690681218828,38,0.939617741269629,"Clostridium tyrobutyricum","Species","Clostridium tyrobutyricum","d__Bacteria;p__Bacillota;c__Clostridia;o__Eubacteriales;f__Clostridiaceae;g__Clostridium_s__Clostridium_tyrobutyricum"
"X1520","N-detect",0.000985986113020918,NA,-0.00134484448748279,0.00331681671352463,0.394486630319148,38,0.939617741269629,"Clostridium beijerinckii","Species","Clostridium beijerinckii","d__Bacteria;p__Bacillota;c__Clostridia;o__Eubacteriales;f__Clostridiaceae;g__Clostridium_s__Clostridium_beijerinckii"
"X1548","N-detect",0.00378232269517939,NA,0.00126929864867792,0.00629534674168087,0.00447280966600201,38,0.313096676620141,"Clostridium scatologenes","Species","Clostridium scatologenes","d__Bacteria;p__Bacillota;c__Clostridia;o__Eubacteriales;f__Clostridiaceae;g__Clostridium_s__Clostridium_scatologenes"
"X1561","N-detect",0.000505674729845269,NA,-0.00279588263072768,0.00380723209041822,0.756597154123229,38,0.995173614853892,"Clostridium baratii","Species","Clostridium baratii","d__Bacteria;p__Bacillota;c__Clostridia;o__Eubacteriales;f__Clostridiaceae;g__Clostridium_s__Clostridium_baratii"
"X158836","N-detect",0.00130983338585915,NA,-0.00184734706745273,0.00446701383917102,0.403544445411055,38,0.939617741269629,"Enterobacter hormaechei","Species","Enterobacter hormaechei","d__Bacteria;p__Pseudomonadota;c__Gammaproteobacteria;o__Enterobacterales;f__Enterobacteriaceae;g__Enterobacter_s__Enterobacter_hormaechei"
"X166486","N-detect",-0.000177780614286604,NA,-0.00298411001719017,0.00262854878861696,0.897922333771108,38,0.995173614853892,"Roseburia intestinalis","Species","Roseburia intestinalis","d__Bacteria;p__Bacillota;c__Clostridia;o__Lachnospirales;f__Lachnospiraceae;g__Roseburia_s__Roseburia_intestinalis"
"X1680","N-detect",-3.52803536290188e-06,NA,-0.00151731181291417,0.00151025574218837,0.996233806074553,38,0.996233806074553,"Bifidobacterium adolescentis","Species","Bifidobacterium adolescentis","d__Bacteria;p__Actinomycetota;c__Actinomycetes;o__Bifidobacteriales;f__Bifidobacteriaceae;g__Bifidobacterium_s__Bifidobacterium_adolescentis"
"X1686399","N-detect",-0.000355192663086147,NA,-0.00181873706106015,0.00110835173488785,0.62375557693308,38,0.982894203298097,"Enterobacter sp. BIDMC100","Species","Enterobacter sp. BIDMC100","d__Bacteria;p__Pseudomonadota;c__Gammaproteobacteria;o__Enterobacterales;f__Enterobacteriaceae;g__Enterobacter_s__Enterobacter_sp._BIDMC100"
"X1691","N-detect",-0.000164775010928652,NA,-0.00240845570163658,0.00207890567977927,0.881781336185022,38,0.995173614853892,"Bifidobacterium indicum","Species","Bifidobacterium indicum","d__Bacteria;p__Actinomycetota;c__Actinomycetes;o__Bifidobacteriales;f__Bifidobacteriaceae;g__Bifidobacterium_s__Bifidobacterium_indicum"
"X1702238","N-detect",0.000326956375915143,NA,-0.00271736670639758,0.00337127945822787,0.827872735408163,38,0.995173614853892,"Clostridium sp. MF28","Species","Clostridium sp. MF28","d__Bacteria;p__Bacillota;c__Clostridia;o__Eubacteriales;f__Clostridiaceae;g__Clostridium_s__Clostridium_sp._MF28"
"X1814128","N-detect",-0.00031475827119274,NA,-0.00486046118889229,0.00423094464650681,0.88848892055792,38,0.995173614853892,"Streptococcus halotolerans","Species","Streptococcus halotolerans","d__Bacteria;p__Bacillota;c__Bacilli;o__Lactobacillales;f__Streptococcaceae;g__Streptococcus_s__Streptococcus_halotolerans"
"X1827481","N-detect",0.00138903011873436,NA,-0.000713735332113542,0.00349179556958226,0.187409564531104,38,0.939617741269629,"Enterobacter sp. ODB01","Species","Enterobacter sp. ODB01","d__Bacteria;p__Pseudomonadota;c__Gammaproteobacteria;o__Enterobacterales;f__Enterobacteriaceae;g__Enterobacter_s__Enterobacter_sp._ODB01"
"X182773","N-detect",0.000602366492831866,NA,-0.00125613285934401,0.00246086584500774,0.51306896104907,38,0.945127033511444,"Clostridium isatidis","Species","Clostridium isatidis","d__Bacteria;p__Bacillota;c__Clostridia;o__Eubacteriales;f__Clostridiaceae;g__Clostridium_s__Clostridium_isatidis"
"X1839799","N-detect",-7.83327032327904e-05,NA,-0.00248007274596253,0.00232340733949695,0.947335171190607,38,0.995173614853892,"Streptococcus sp. FDAARGOS_192","Species","Streptococcus sp. FDAARGOS_192","d__Bacteria;p__Bacillota;c__Bacilli;o__Lactobacillales;f__Streptococcaceae;g__Streptococcus_s__Streptococcus_sp._FDAARGOS_192"
"X1912897","N-detect",-0.0007927420269662,NA,-0.00294501771646478,0.00135953366253238,0.457777676381943,38,0.939617741269629,"Blautia argi","Species","Blautia argi","d__Bacteria;p__Bacillota;c__Clostridia;o__Lachnospirales;f__Lachnospiraceae;g__Blautia_s__Blautia_argi"
"X1940319","N-detect",0.00177392929701068,NA,-0.000921812830929349,0.0044696714249507,0.189052415444857,38,0.939617741269629,"Streptococcus sp. DAT741","Species","Streptococcus sp. DAT741","d__Bacteria;p__Bacillota;c__Bacilli;o__Lactobacillales;f__Streptococcaceae;g__Streptococcus_s__Streptococcus_sp._DAT741"
"X197614","N-detect",-4.42618810339916e-05,NA,-0.00193434454226277,0.00184582078019479,0.962172006156521,38,0.995173614853892,"Streptococcus pasteurianus","Species","Streptococcus pasteurianus","d__Bacteria;p__Bacillota;c__Bacilli;o__Lactobacillales;f__Streptococcaceae;g__Streptococcus_s__Streptococcus_pasteurianus"
"X1977566","N-detect",-0.000940122506677175,NA,-0.00263046294536392,0.000750217932009568,0.265009057812661,38,0.939617741269629,"Enterobacter sp. Crenshaw","Species","Enterobacter sp. Crenshaw","d__Bacteria;p__Pseudomonadota;c__Gammaproteobacteria;o__Enterobacterales;f__Enterobacteriaceae;g__Enterobacter_s__Enterobacter_sp._Crenshaw"
"X2020965","N-detect",-0.00218148911868962,NA,-0.00633605200942881,0.00197307377204957,0.292108484671006,38,0.939617741269629,"Bifidobacterium imperatoris","Species","Bifidobacterium imperatoris","d__Bacteria;p__Actinomycetota;c__Actinomycetes;o__Bifidobacteriales;f__Bifidobacteriaceae;g__Bifidobacterium_s__Bifidobacterium_imperatoris"
"X2021971","N-detect",0.00104796727647676,NA,-0.00174291065904389,0.00383884521199741,0.449153234974883,38,0.939617741269629,"Streptococcus respiraculi","Species","Streptococcus respiraculi","d__Bacteria;p__Bacillota;c__Bacilli;o__Lactobacillales;f__Streptococcaceae;g__Streptococcus_s__Streptococcus_respiraculi"
"X2027919","N-detect",-0.000757407919047833,NA,-0.00304102072874612,0.00152620489065045,0.50336664710873,38,0.939617741269629,"Enterobacter cloacae complex sp.","Species","Enterobacter cloacae complex sp.","d__Bacteria;p__Pseudomonadota;c__Gammaproteobacteria;o__Enterobacterales;f__Enterobacteriaceae;g__Enterobacter_s__Enterobacter_cloacae_complex_sp."
"X2044467","N-detect",0.000840533271866692,NA,-0.00132666045234207,0.00300772699607546,0.43453102727769,38,0.939617741269629,"Escherichia sp. E4742","Species","Escherichia sp. E4742","d__Bacteria;p__Pseudomonadota;c__Gammaproteobacteria;o__Enterobacterales;f__Enterobacteriaceae;g__Escherichia_s__Escherichia_sp._E4742"
"X2058152","N-detect",-0.0011188533013913,NA,-0.00260914791516206,0.000371441312379458,0.135692072995884,38,0.859795533364369,"Klebsiella grimontii","Species","Klebsiella grimontii","d__Bacteria;p__Pseudomonadota;c__Gammaproteobacteria;o__Enterobacterales;f__Enterobacteriaceae;g__Klebsiella_s__Klebsiella_grimontii"
"X211595","N-detect",-0.00036846849922694,NA,-0.00456419085057546,0.00382725385212158,0.858866844887178,38,0.995173614853892,"Enterobacter sp. RFL1396","Species","Enterobacter sp. RFL1396","d__Bacteria;p__Pseudomonadota;c__Gammaproteobacteria;o__Enterobacterales;f__Enterobacteriaceae;g__Enterobacter_s__Enterobacter_sp._RFL1396"
"X2212991","N-detect",-0.000640911268199311,NA,-0.00293170642114373,0.00164988388474511,0.571998085250795,38,0.961709469343844,"Clostridium sp. AWRP","Species","Clostridium sp. AWRP","d__Bacteria;p__Bacillota;c__Clostridia;o__Eubacteriales;f__Clostridiaceae;g__Clostridium_s__Clostridium_sp._AWRP"
"X223919","N-detect",-0.000396966911049703,NA,-0.00314855020505032,0.00235461638295091,0.770301475817537,38,0.995173614853892,"Clostridium diolis","Species","Clostridium diolis","d__Bacteria;p__Bacillota;c__Clostridia;o__Eubacteriales;f__Clostridiaceae;g__Clostridium_s__Clostridium_diolis"
"X2382163","N-detect",-0.000448510514353065,NA,-0.00297194115114335,0.00207492012243721,0.719157335156356,38,0.984492734480195,"Streptococcus koreensis","Species","Streptococcus koreensis","d__Bacteria;p__Bacillota;c__Bacilli;o__Lactobacillales;f__Streptococcaceae;g__Streptococcus_s__Streptococcus_koreensis"
"X238834","N-detect",-0.000511669032754285,NA,-0.00180518386801382,0.00078184580250525,0.42553583217939,38,0.939617741269629,"Clostridium estertheticum","Species","Clostridium estertheticum","d__Bacteria;p__Bacillota;c__Clostridia;o__Eubacteriales;f__Clostridiaceae;g__Clostridium_s__Clostridium_estertheticum"
"X2420308","N-detect",0.00145541876212552,NA,-0.00139134237598805,0.00430217990023908,0.304770541657514,38,0.939617741269629,"Streptococcus sp. FDAARGOS_520","Species","Streptococcus sp. FDAARGOS_520","d__Bacteria;p__Bacillota;c__Bacilli;o__Lactobacillales;f__Streptococcaceae;g__Streptococcus_s__Streptococcus_sp._FDAARGOS_520"
"X246787","N-detect",0.00203762973158946,NA,-0.000160535489263509,0.00423579495244242,0.0680237619013756,38,0.670889356659165,"Bacteroides cellulosilyticus","Species","Bacteroides cellulosilyticus","d__Bacteria;p__Bacteroidota;c__Bacteroidia;o__Bacteroidales;f__Bacteroidaceae;g__Bacteroides_s__Bacteroides_cellulosilyticus"
"X2478464","N-detect",0.00175758650983718,NA,-0.00177706662972546,0.00529223964939982,0.317983967238854,38,0.939617741269629,"Enterobacter oligotrophicus","Species","Enterobacter oligotrophicus","d__Bacteria;p__Pseudomonadota;c__Gammaproteobacteria;o__Enterobacterales;f__Enterobacteriaceae;g__Enterobacter_s__Enterobacter_oligotrophicus"
"X2479767","N-detect",0.000360624835864123,NA,-0.00301442736527402,0.00373567703700227,0.828737561320659,38,0.995173614853892,"Blautia sp. SC05B48","Species","Blautia sp. SC05B48","d__Bacteria;p__Bacillota;c__Clostridia;o__Lachnospirales;f__Lachnospiraceae;g__Blautia_s__Blautia_sp._SC05B48"
"X248315","N-detect",-0.00108791384539284,NA,-0.00322872066395958,0.00105289297317391,0.307637368363691,38,0.939617741269629,"Veillonella rodentium","Species","Veillonella rodentium","d__Bacteria;p__Bacillota;c__Negativicutes;o__Veillonellales;f__Veillonellaceae;g__Veillonella_s__Veillonella_rodentium"
"X2500132","N-detect",-0.00227325004380656,NA,-0.00451867057876353,-2.78295088495953e-05,0.0473987763946277,38,0.670889356659165,"Enterobacter sp. N18-03635","Species","Enterobacter sp. N18-03635","d__Bacteria;p__Pseudomonadota;c__Gammaproteobacteria;o__Enterobacterales;f__Enterobacteriaceae;g__Enterobacter_s__Enterobacter_sp._N18-03635"
"X2507159","N-detect",-0.000255351361640808,NA,-0.00194124607768703,0.00143054335440542,0.759209140675518,38,0.995173614853892,"Clostridium sp. JN-9","Species","Clostridium sp. JN-9","d__Bacteria;p__Bacillota;c__Clostridia;o__Eubacteriales;f__Clostridiaceae;g__Clostridium_s__Clostridium_sp._JN-9"
"X254785","N-detect",0.000419093321792003,NA,-0.00113043071530095,0.00196861735888495,0.584790582911127,38,0.961709469343844,"Streptococcus halichoeri","Species","Streptococcus halichoeri","d__Bacteria;p__Bacillota;c__Bacilli;o__Lactobacillales;f__Streptococcaceae;g__Streptococcus_s__Streptococcus_halichoeri"
"X2565914","N-detect",-0.000613974671339785,NA,-0.00329024315326261,0.00206229381058304,0.642794527607986,38,0.984492734480195,"Enterobacter sp. 18A13","Species","Enterobacter sp. 18A13","d__Bacteria;p__Pseudomonadota;c__Gammaproteobacteria;o__Enterobacterales;f__Enterobacteriaceae;g__Enterobacter_s__Enterobacter_sp._18A13"
"X2587529","N-detect",0.000450857014400332,NA,-0.00208866375115574,0.0029903777799564,0.719462557263154,38,0.984492734480195,"Klebsiella pasteurii","Species","Klebsiella pasteurii","d__Bacteria;p__Pseudomonadota;c__Gammaproteobacteria;o__Enterobacterales;f__Enterobacteriaceae;g__Klebsiella_s__Klebsiella_pasteurii"
"X2596949","N-detect",-0.00127886174447276,NA,-0.00382175736717793,0.0012640338782324,0.31258840472902,38,0.939617741269629,"Enterobacter sp. E76","Species","Enterobacter sp. E76","d__Bacteria;p__Pseudomonadota;c__Gammaproteobacteria;o__Enterobacterales;f__Enterobacteriaceae;g__Enterobacter_s__Enterobacter_sp._E76"
"X2598457","N-detect",-0.0006141783490009,NA,-0.00238688744065116,0.00115853074264936,0.484672032425289,38,0.939617741269629,"Streptococcus sp. KS 6","Species","Streptococcus sp. KS 6","d__Bacteria;p__Bacillota;c__Bacilli;o__Lactobacillales;f__Streptococcaceae;g__Streptococcus_s__Streptococcus_sp._KS_6"
"X2682455","N-detect",0.00168877530541155,NA,-0.00052414040149115,0.00390169101231426,0.129591117094941,38,0.859795533364369,"Veillonella sp. S12025-13","Species","Veillonella sp. S12025-13","d__Bacteria;p__Bacillota;c__Negativicutes;o__Veillonellales;f__Veillonellaceae;g__Veillonella_s__Veillonella_sp._S12025-13"
"X2686210","N-detect",0.0011266527997091,NA,-0.00109504906345266,0.00334835466287086,0.308636401901039,38,0.939617741269629,"Streptococcus ruminicola","Species","Streptococcus ruminicola","d__Bacteria;p__Bacillota;c__Bacilli;o__Lactobacillales;f__Streptococcaceae;g__Streptococcus_s__Streptococcus_ruminicola"
"X2697371","N-detect",0.000619052763193952,NA,-0.00106841946026697,0.00230652498665487,0.459564216575817,38,0.939617741269629,"Klebsiella sp. MPUS7","Species","Klebsiella sp. MPUS7","d__Bacteria;p__Pseudomonadota;c__Gammaproteobacteria;o__Enterobacterales;f__Enterobacteriaceae;g__Klebsiella_s__Klebsiella_sp._MPUS7"
"X2715212","N-detect",0.0015662231458368,NA,-0.00120758485055627,0.00434003114222988,0.25794866985742,38,0.939617741269629,"Bacteroides faecium","Species","Bacteroides faecium","d__Bacteria;p__Bacteroidota;c__Bacteroidia;o__Bacteroidales;f__Bacteroidaceae;g__Bacteroides_s__Bacteroides_faecium"
"X2725997","N-detect",0.00167967435380169,NA,0.000229894024999953,0.00312945468260342,0.0246317771244315,38,0.59131273680454,"Escherichia sp. SCLE84","Species","Escherichia sp. SCLE84","d__Bacteria;p__Pseudomonadota;c__Gammaproteobacteria;o__Enterobacterales;f__Enterobacteriaceae;g__Escherichia_s__Escherichia_sp._SCLE84"
"X2742639","N-detect",-0.00191573874475799,NA,-0.00427604677284137,0.000444569283325403,0.107819439297957,38,0.754736075085702,"Enterobacter sp. RHBSTW-00175","Species","Enterobacter sp. RHBSTW-00175","d__Bacteria;p__Pseudomonadota;c__Gammaproteobacteria;o__Enterobacterales;f__Enterobacteriaceae;g__Enterobacter_s__Enterobacter_sp._RHBSTW-00175"
"X2742643","N-detect",-0.0011664889067513,NA,-0.00423523103402895,0.00190225322052635,0.443645095115511,38,0.939617741269629,"Enterobacter sp. RHBSTW-00318","Species","Enterobacter sp. RHBSTW-00318","d__Bacteria;p__Pseudomonadota;c__Gammaproteobacteria;o__Enterobacterales;f__Enterobacteriaceae;g__Enterobacter_s__Enterobacter_sp._RHBSTW-00318"
"X2742672","N-detect",2.02138586140704e-05,NA,-0.00271665199875785,0.00275707971598599,0.98806523189065,38,0.995173614853892,"Enterobacter sp. RHBSTW-00974","Species","Enterobacter sp. RHBSTW-00974","d__Bacteria;p__Pseudomonadota;c__Gammaproteobacteria;o__Enterobacterales;f__Enterobacteriaceae;g__Enterobacter_s__Enterobacter_sp._RHBSTW-00974"
"X2742673","N-detect",-4.36911507009087e-05,NA,-0.00168251294753637,0.00159513064613455,0.956939867333204,38,0.995173614853892,"Enterobacter sp. RHBSTW-00975","Species","Enterobacter sp. RHBSTW-00975","d__Bacteria;p__Pseudomonadota;c__Gammaproteobacteria;o__Enterobacterales;f__Enterobacteriaceae;g__Enterobacter_s__Enterobacter_sp._RHBSTW-00975"
"X2755405","N-detect",0.000178223960737754,NA,-0.00309773906871634,0.00345418699019185,0.912271649867614,38,0.995173614853892,"Bacteroides sp. CACC 737","Species","Bacteroides sp. CACC 737","d__Bacteria;p__Bacteroidota;c__Bacteroidia;o__Bacteroidales;f__Bacteroidaceae;g__Bacteroides_s__Bacteroides_sp._CACC_737"
"X2763062","N-detect",-0.00107330910847075,NA,-0.00368564194345566,0.00153902372651417,0.40805403199276,38,0.939617741269629,"Roseburia rectibacter","Species","Roseburia rectibacter","d__Bacteria;p__Bacillota;c__Clostridia;o__Lachnospirales;f__Lachnospiraceae;g__Roseburia_s__Roseburia_rectibacter"
"X2781599","N-detect",-0.000255250112063935,NA,-0.00301123438929497,0.0025007341651671,0.851250307753879,38,0.995173614853892,"Streptococcus oriscaviae","Species","Streptococcus oriscaviae","d__Bacteria;p__Bacillota;c__Bacilli;o__Lactobacillales;f__Streptococcaceae;g__Streptococcus_s__Streptococcus_oriscaviae"
"X2785531","N-detect",0.00150771069808728,NA,-0.00140675175893678,0.00442217315511134,0.299169706744911,38,0.939617741269629,"Bacteroides sp. HF-162","Species","Bacteroides sp. HF-162","d__Bacteria;p__Bacteroidota;c__Bacteroidia;o__Bacteroidales;f__Bacteroidaceae;g__Bacteroides_s__Bacteroides_sp._HF-162"
"X2798729","N-detect",-0.0017941798225296,NA,-0.00383501770514625,0.000246658060087047,0.0826637983274881,38,0.670889356659165,"Enterobacter cloacae complex sp. AR_0002","Species","Enterobacter cloacae complex sp. AR_0002","d__Bacteria;p__Pseudomonadota;c__Gammaproteobacteria;o__Enterobacterales;f__Enterobacteriaceae;g__Enterobacter_s__Enterobacter_cloacae_complex_sp._AR_0002"
"X28116","N-detect",-0.00137917121163358,NA,-0.0039305665193016,0.00117222409603444,0.278386121375146,38,0.939617741269629,"Bacteroides ovatus","Species","Bacteroides ovatus","d__Bacteria;p__Bacteroidota;c__Bacteroidia;o__Bacteroidales;f__Bacteroidaceae;g__Bacteroides_s__Bacteroides_ovatus"
"X2831966","N-detect",-0.0015693676716511,NA,-0.00480778981421106,0.00166905447090887,0.330235050879679,38,0.939617741269629,"Ruminococcus sp. FMBCY1","Species","Ruminococcus sp. FMBCY1","d__Bacteria;p__Bacillota;c__Clostridia;o__Eubacteriales;f__Oscillospiraceae;g__Ruminococcus_s__Ruminococcus_sp._FMBCY1"
"X2843318","N-detect",-0.000523162734955933,NA,-0.00294603637178449,0.00189971090187263,0.662388614435134,38,0.984492734480195,"Clostridium sp. CF011","Species","Clostridium sp. CF011","d__Bacteria;p__Bacillota;c__Clostridia;o__Eubacteriales;f__Clostridiaceae;g__Clostridium_s__Clostridium_sp._CF011"
"X2849865","N-detect",-4.91751639558058e-05,NA,-0.00171357980174516,0.00161522947383355,0.952285546844145,38,0.995173614853892,"Clostridium sp. CM027","Species","Clostridium sp. CM027","d__Bacteria;p__Bacillota;c__Clostridia;o__Eubacteriales;f__Clostridiaceae;g__Clostridium_s__Clostridium_sp._CM027"
"X2850492","N-detect",0.000798435174650708,NA,-0.00120971961272626,0.00280658996202768,0.423188049527402,38,0.939617741269629,"Enterobacter cloacae complex sp. ECL78","Species","Enterobacter cloacae complex sp. ECL78","d__Bacteria;p__Pseudomonadota;c__Gammaproteobacteria;o__Enterobacterales;f__Enterobacteriaceae;g__Enterobacter_s__Enterobacter_cloacae_complex_sp._ECL78"
"X2850493","N-detect",0.0041313907657423,NA,0.00141102023914649,0.00685176129233812,0.00416775846106958,38,0.313096676620141,"Enterobacter cloacae complex sp. ECL112","Species","Enterobacter cloacae complex sp. ECL112","d__Bacteria;p__Pseudomonadota;c__Gammaproteobacteria;o__Enterobacterales;f__Enterobacteriaceae;g__Enterobacter_s__Enterobacter_cloacae_complex_sp._ECL112"
"X2857061","N-detect",-0.000498625742830762,NA,-0.00335881437220628,0.00236156288654476,0.724305368939,38,0.984492734480195,"Escherichia sp. TC-EC600-tetX4","Species","Escherichia sp. TC-EC600-tetX4","d__Bacteria;p__Pseudomonadota;c__Gammaproteobacteria;o__Enterobacterales;f__Enterobacteriaceae;g__Escherichia_s__Escherichia_sp._TC-EC600-tetX4"
"X2860337","N-detect",0.000999331133655952,NA,-0.00173280325767845,0.00373146552499035,0.460878023997322,38,0.939617741269629,"Escherichia sp. TM-G17TGC","Species","Escherichia sp. TM-G17TGC","d__Bacteria;p__Pseudomonadota;c__Gammaproteobacteria;o__Enterobacterales;f__Enterobacteriaceae;g__Escherichia_s__Escherichia_sp._TM-G17TGC"
"X2873296","N-detect",0.0017893445044966,NA,-0.00105495846917136,0.00463364747816456,0.208698026562277,38,0.939617741269629,"Klebsiella sp. CTHL.F3a","Species","Klebsiella sp. CTHL.F3a","d__Bacteria;p__Pseudomonadota;c__Gammaproteobacteria;o__Enterobacterales;f__Enterobacteriaceae;g__Klebsiella_s__Klebsiella_sp._CTHL.F3a"
"X2894203","N-detect",-0.000324267154435452,NA,-0.00337823967840702,0.00272970536953612,0.82979625798763,38,0.995173614853892,"Enterobacter sp. AN-K1","Species","Enterobacter sp. AN-K1","d__Bacteria;p__Pseudomonadota;c__Gammaproteobacteria;o__Enterobacterales;f__Enterobacteriaceae;g__Enterobacter_s__Enterobacter_sp._AN-K1"
"X2897413","N-detect",0.00164739854242851,NA,-0.000599013917225526,0.00389381100208255,0.144661896214973,38,0.859795533364369,"Klebsiella sp. KPN54798","Species","Klebsiella sp. KPN54798","d__Bacteria;p__Pseudomonadota;c__Gammaproteobacteria;o__Enterobacterales;f__Enterobacteriaceae;g__Klebsiella_s__Klebsiella_sp._KPN54798"
"X290053","N-detect",-0.000957687534102864,NA,-0.00431234519837164,0.00239697013016591,0.564231926449665,38,0.961709469343844,"Bacteroides helcogenes","Species","Bacteroides helcogenes","d__Bacteria;p__Bacteroidota;c__Bacteroidia;o__Bacteroidales;f__Bacteroidaceae;g__Bacteroides_s__Bacteroides_helcogenes"
"X2912628","N-detect",-0.000601068153399185,NA,-0.00354674954930771,0.00234461324250934,0.679844887462807,38,0.984492734480195,"Enterobacter cloacae complex sp. ECL414","Species","Enterobacter cloacae complex sp. ECL414","d__Bacteria;p__Pseudomonadota;c__Gammaproteobacteria;o__Enterobacterales;f__Enterobacteriaceae;g__Enterobacter_s__Enterobacter_cloacae_complex_sp._ECL414"
"X2912629","N-detect",-0.000646872675543509,NA,-0.00270855991638304,0.00141481456529602,0.526529828607353,38,0.952784632530074,"Enterobacter cloacae complex sp. ECL411","Species","Enterobacter cloacae complex sp. ECL411","d__Bacteria;p__Pseudomonadota;c__Gammaproteobacteria;o__Enterobacterales;f__Enterobacteriaceae;g__Enterobacter_s__Enterobacter_cloacae_complex_sp._ECL411"
"X2912630","N-detect",0.0010988621394021,NA,-0.00174292057226811,0.00394064485107232,0.435896544953371,38,0.939617741269629,"Enterobacter cloacae complex sp. ECL405","Species","Enterobacter cloacae complex sp. ECL405","d__Bacteria;p__Pseudomonadota;c__Gammaproteobacteria;o__Enterobacterales;f__Enterobacteriaceae;g__Enterobacter_s__Enterobacter_cloacae_complex_sp._ECL405"
"X2912631","N-detect",0.00173131015580665,NA,-0.00144192321439373,0.00490454352600703,0.274015298540464,38,0.939617741269629,"Enterobacter cloacae complex sp. ECL404","Species","Enterobacter cloacae complex sp. ECL404","d__Bacteria;p__Pseudomonadota;c__Gammaproteobacteria;o__Enterobacterales;f__Enterobacteriaceae;g__Enterobacter_s__Enterobacter_cloacae_complex_sp._ECL404"
"X2923088","N-detect",-0.00087006384284096,NA,-0.00379187962536556,0.00205175193968364,0.547663820603302,38,0.961709469343844,"Enterobacter sp. JH25","Species","Enterobacter sp. JH25","d__Bacteria;p__Pseudomonadota;c__Gammaproteobacteria;o__Enterobacterales;f__Enterobacteriaceae;g__Enterobacter_s__Enterobacter_sp._JH25"
"X29341","N-detect",0.000536697916642769,NA,-0.00169152781028186,0.0027649236435674,0.626364286607875,38,0.982894203298097,"Clostridium argentinense","Species","Clostridium argentinense","d__Bacteria;p__Bacillota;c__Clostridia;o__Eubacteriales;f__Clostridiaceae;g__Clostridium_s__Clostridium_argentinense"
"X29466","N-detect",-0.000803522782921371,NA,-0.00258892278848829,0.00098187722264555,0.365359758999904,38,0.939617741269629,"Veillonella parvula","Species","Veillonella parvula","d__Bacteria;p__Bacillota;c__Negativicutes;o__Veillonellales;f__Veillonellaceae;g__Veillonella_s__Veillonella_parvula"
"X2972764","N-detect",0.00130445741517429,NA,-0.00105627393043033,0.00366518876077891,0.268057781169682,38,0.939617741269629,"Bacteroides sp. BFG-637","Species","Bacteroides sp. BFG-637","d__Bacteria;p__Bacteroidota;c__Bacteroidia;o__Bacteroidales;f__Bacteroidaceae;g__Bacteroides_s__Bacteroides_sp._BFG-637"
"X2976431","N-detect",-0.00151079263455801,NA,-0.00417788582476256,0.00115630055564654,0.256459028244205,38,0.939617741269629,"Enterobacter sp. CP102","Species","Enterobacter sp. CP102","d__Bacteria;p__Pseudomonadota;c__Gammaproteobacteria;o__Enterobacterales;f__Enterobacteriaceae;g__Enterobacter_s__Enterobacter_sp._CP102"
"X2985571","N-detect",-0.000494912577390853,NA,-0.0028856330524072,0.0018958078976255,0.675471692162022,38,0.984492734480195,"Bifidobacterium sp. KRGSERBCFTRI","Species","Bifidobacterium sp. KRGSERBCFTRI","d__Bacteria;p__Actinomycetota;c__Actinomycetes;o__Bifidobacteriales;f__Bifidobacteriaceae;g__Bifidobacterium_s__Bifidobacterium_sp._KRGSERBCFTRI"
"X299767","N-detect",-0.000492344188374983,NA,-0.00256958178400074,0.00158489340725077,0.631860559263062,38,0.982894203298097,"Enterobacter ludwigii","Species","Enterobacter ludwigii","d__Bacteria;p__Pseudomonadota;c__Gammaproteobacteria;o__Enterobacterales;f__Enterobacteriaceae;g__Enterobacter_s__Enterobacter_ludwigii"
"X33038","N-detect",0.000191073810829665,NA,-0.00145841311175319,0.00184056073341252,0.814595639628492,38,0.995173614853892,"Mediterraneibacter gnavus","Species","Mediterraneibacter gnavus","d__Bacteria;p__Bacillota;c__Clostridia;o__Lachnospirales;f__Lachnospiraceae;g__Mediterraneibacter_s__Mediterraneibacter_gnavus"
"X33043","N-detect",0.00170898218092058,NA,0.00010595425786837,0.00331201010397278,0.0374596722152574,38,0.655544263767005,"Coprococcus eutactus","Species","Coprococcus eutactus","d__Bacteria;p__Bacillota;c__Clostridia;o__Lachnospirales;f__Lachnospiraceae;g__Coprococcus_s__Coprococcus_eutactus"
"X332101","N-detect",-0.00212997515834201,NA,-0.00470122074634857,0.000441270429664547,0.101051069070777,38,0.744586824732042,"Clostridium drakei","Species","Clostridium drakei","d__Bacteria;p__Bacillota;c__Clostridia;o__Eubacteriales;f__Clostridiaceae;g__Clostridium_s__Clostridium_drakei"
"X333367","N-detect",-1.75204886148213e-05,NA,-0.00238434639463674,0.0023493054174071,0.988038157070471,38,0.995173614853892,"Enterocloster asparagiformis","Species","Enterocloster asparagiformis","d__Bacteria;p__Bacillota;c__Clostridia;o__Lachnospirales;f__Lachnospiraceae;g__Enterocloster_s__Enterocloster_asparagiformis"
"X360422","N-detect",-0.000118441306820711,NA,-0.00234153460050644,0.00210465198686501,0.914079635254976,38,0.995173614853892,"Clostridium tagluense","Species","Clostridium tagluense","d__Bacteria;p__Bacillota;c__Clostridia;o__Eubacteriales;f__Clostridiaceae;g__Clostridium_s__Clostridium_tagluense"
"X36745","N-detect",-0.000410559863503124,NA,-0.00268678279978912,0.00186566307278287,0.715189638847464,38,0.984492734480195,"Clostridium saccharoperbutylacetonicum","Species","Clostridium saccharoperbutylacetonicum","d__Bacteria;p__Bacillota;c__Clostridia;o__Eubacteriales;f__Clostridiaceae;g__Clostridium_s__Clostridium_saccharoperbutylacetonicum"
"X36839","N-detect",-0.000658109407067374,NA,-0.0026401214081169,0.00132390259398215,0.502893973644932,38,0.939617741269629,"Clostridium felsineum","Species","Clostridium felsineum","d__Bacteria;p__Bacillota;c__Clostridia;o__Eubacteriales;f__Clostridiaceae;g__Clostridium_s__Clostridium_felsineum"
"X371601","N-detect",-0.00162793798958258,NA,-0.00442553404864844,0.00116965806948328,0.243994653039867,38,0.939617741269629,"Bacteroides xylanisolvens","Species","Bacteroides xylanisolvens","d__Bacteria;p__Bacteroidota;c__Bacteroidia;o__Bacteroidales;f__Bacteroidaceae;g__Bacteroides_s__Bacteroides_xylanisolvens"
"X376805","N-detect",-0.0020257466605367,NA,-0.00432866094894348,0.000277167627870073,0.0824958517561165,38,0.670889356659165,"Phocaeicola salanitronis","Species","Phocaeicola salanitronis","d__Bacteria;p__Bacteroidota;c__Bacteroidia;o__Bacteroidales;f__Bacteroidaceae;g__Phocaeicola_s__Phocaeicola_salanitronis"
"X39778","N-detect",-0.000795623449273208,NA,-0.00311811616268458,0.00152686926413816,0.489549742439233,38,0.939617741269629,"Veillonella dispar","Species","Veillonella dispar","d__Bacteria;p__Bacillota;c__Negativicutes;o__Veillonellales;f__Veillonellaceae;g__Veillonella_s__Veillonella_dispar"
"X400065","N-detect",0.00258520232449171,NA,0.000559966955385519,0.0046104376935979,0.01409338356327,38,0.578999691479036,"Streptococcus merionis","Species","Streptococcus merionis","d__Bacteria;p__Bacillota;c__Bacilli;o__Lactobacillales;f__Streptococcaceae;g__Streptococcus_s__Streptococcus_merionis"
"X418240","N-detect",-0.00306277147164974,NA,-0.00583522900585722,-0.000290313937442267,0.0315096448025137,38,0.630192896050274,"Blautia wexlerae","Species","Blautia wexlerae","d__Bacteria;p__Bacillota;c__Clostridia;o__Lachnospirales;f__Lachnospiraceae;g__Blautia_s__Blautia_wexlerae"
"X42895","N-detect",-3.27714581116884e-05,NA,-0.00247350497236599,0.00240796205614262,0.978305259824394,38,0.995173614853892,"Enterobacter sp.","Species","Enterobacter sp.","d__Bacteria;p__Pseudomonadota;c__Gammaproteobacteria;o__Enterobacterales;f__Enterobacteriaceae;g__Enterobacter_s__Enterobacter_sp."
"X438033","N-detect",0.00106526069590352,NA,-0.00143547144368454,0.00356599283549158,0.391226719374821,38,0.939617741269629,"Ruminococcus gauvreauii","Species","Ruminococcus gauvreauii","d__Bacteria;p__Bacillota;c__Clostridia;o__Eubacteriales;f__Oscillospiraceae;g__Ruminococcus_s__Ruminococcus_gauvreauii"
"X45634","N-detect",0.000853366794861338,NA,-0.00167506311846207,0.00338179670818474,0.495941435869957,38,0.939617741269629,"Streptococcus cristatus","Species","Streptococcus cristatus","d__Bacteria;p__Bacillota;c__Bacilli;o__Lactobacillales;f__Streptococcaceae;g__Streptococcus_s__Streptococcus_cristatus"
"X548","N-detect",-0.000916796878911839,NA,-0.00348269084513418,0.0016490970873105,0.471229370742016,38,0.939617741269629,"Klebsiella aerogenes","Species","Klebsiella aerogenes","d__Bacteria;p__Pseudomonadota;c__Gammaproteobacteria;o__Enterobacterales;f__Enterobacteriaceae;g__Klebsiella_s__Klebsiella_aerogenes"
"X550","N-detect",-0.00145453314037327,NA,-0.00366060739170742,0.000751541110960873,0.188216457274233,38,0.939617741269629,"Enterobacter cloacae","Species","Enterobacter cloacae","d__Bacteria;p__Pseudomonadota;c__Gammaproteobacteria;o__Enterobacterales;f__Enterobacteriaceae;g__Enterobacter_s__Enterobacter_cloacae"
"X564","N-detect",-0.00079516553252881,NA,-0.00298322250454193,0.00139289143948431,0.463746502762141,38,0.939617741269629,"Escherichia fergusonii","Species","Escherichia fergusonii","d__Bacteria;p__Pseudomonadota;c__Gammaproteobacteria;o__Enterobacterales;f__Enterobacteriaceae;g__Escherichia_s__Escherichia_fergusonii"
"X571","N-detect",-0.000352261458702108,NA,-0.00200294927100177,0.00129842635359756,0.66608251858668,38,0.984492734480195,"Klebsiella oxytoca","Species","Klebsiella oxytoca","d__Bacteria;p__Pseudomonadota;c__Gammaproteobacteria;o__Enterobacterales;f__Enterobacteriaceae;g__Klebsiella_s__Klebsiella_oxytoca"
"X576","N-detect",0.000172583174693488,NA,-0.00282561604574933,0.00317078239513631,0.907201549374671,38,0.995173614853892,"Klebsiella sp.","Species","Klebsiella sp.","d__Bacteria;p__Pseudomonadota;c__Gammaproteobacteria;o__Enterobacterales;f__Enterobacteriaceae;g__Klebsiella_s__Klebsiella_sp."
"X59310","N-detect",-0.000840590768176691,NA,-0.00249629661261012,0.000815115076256737,0.308092249313731,38,0.939617741269629,"Streptococcus macedonicus","Species","Streptococcus macedonicus","d__Bacteria;p__Bacillota;c__Bacilli;o__Lactobacillales;f__Streptococcaceae;g__Streptococcus_s__Streptococcus_macedonicus"
"X61645","N-detect",0.0011226280064329,NA,-0.00166579912472662,0.00391105513759241,0.41743673728981,38,0.939617741269629,"Enterobacter asburiae","Species","Enterobacter asburiae","d__Bacteria;p__Pseudomonadota;c__Gammaproteobacteria;o__Enterobacterales;f__Enterobacteriaceae;g__Enterobacter_s__Enterobacter_asburiae"
"X623","N-detect",-0.000757432892974861,NA,-0.00352113404330093,0.00200626825735121,0.579829488712541,38,0.961709469343844,"Shigella flexneri","Species","Shigella flexneri","d__Bacteria;p__Pseudomonadota;c__Gammaproteobacteria;o__Enterobacterales;f__Enterobacteriaceae;g__Shigella_s__Shigella_flexneri"
"X674529","N-detect",0.00210459616542499,NA,-0.000318612366942947,0.00452780469779292,0.0862572029990355,38,0.670889356659165,"Bacteroides faecis","Species","Bacteroides faecis","d__Bacteria;p__Bacteroidota;c__Bacteroidia;o__Bacteroidales;f__Bacteroidaceae;g__Bacteroides_s__Bacteroides_faecis"
"X68892","N-detect",-0.000367045778514458,NA,-0.00176303045615524,0.00102893889912632,0.595246045785346,38,0.961709469343844,"Streptococcus infantis","Species","Streptococcus infantis","d__Bacteria;p__Bacillota;c__Bacilli;o__Lactobacillales;f__Streptococcaceae;g__Streptococcus_s__Streptococcus_infantis"
"X704125","N-detect",1.96386660073764e-05,NA,-0.0016524705206087,0.00169174785262346,0.981022473300384,38,0.995173614853892,"Clostridium gelidum","Species","Clostridium gelidum","d__Bacteria;p__Bacillota;c__Clostridia;o__Eubacteriales;f__Clostridiaceae;g__Clostridium_s__Clostridium_gelidum"
"X751585","N-detect",-0.00351872304206533,NA,-0.00657206222397619,-0.000465383860154467,0.0253419744344803,38,0.59131273680454,"Coprococcus sp. ART55/1","Species","Coprococcus sp. ART55/1","d__Bacteria;p__Bacillota;c__Clostridia;o__Lachnospirales;f__Lachnospiraceae;g__Coprococcus_s__Coprococcus_sp._ART55/1"
"X820","N-detect",-0.00268647038436569,NA,-0.00559598510088572,0.000223044332154343,0.0690502352827221,38,0.670889356659165,"Bacteroides uniformis","Species","Bacteroides uniformis","d__Bacteria;p__Bacteroidota;c__Bacteroidia;o__Bacteroidales;f__Bacteroidaceae;g__Bacteroides_s__Bacteroides_uniformis"
"X823","N-detect",0.00151100744727386,NA,-0.000105165232530865,0.00312718012707859,0.0658178846926615,38,0.670889356659165,"Parabacteroides distasonis","Species","Parabacteroides distasonis","d__Bacteria;p__Bacteroidota;c__Bacteroidia;o__Bacteroidales;f__Tannerellaceae;g__Parabacteroides_s__Parabacteroides_distasonis"
"X84022","N-detect",0.000150108180868163,NA,-0.0030051327208435,0.00330534908257982,0.923245898909199,38,0.995173614853892,"Clostridium aceticum","Species","Clostridium aceticum","d__Bacteria;p__Bacillota;c__Clostridia;o__Eubacteriales;f__Clostridiaceae;g__Clostridium_s__Clostridium_aceticum"
"X84023","N-detect",-0.00049893268437298,NA,-0.00315319062995715,0.00215532526121119,0.703763709836828,38,0.984492734480195,"Clostridium autoethanogenum","Species","Clostridium autoethanogenum","d__Bacteria;p__Bacillota;c__Clostridia;o__Eubacteriales;f__Clostridiaceae;g__Clostridium_s__Clostridium_autoethanogenum"
"X885040","N-detect",-0.000861785195857613,NA,-0.00268635393820004,0.000962783546484815,0.342451236622572,38,0.939617741269629,"Enterobacter soli","Species","Enterobacter soli","d__Bacteria;p__Pseudomonadota;c__Gammaproteobacteria;o__Enterobacterales;f__Enterobacteriaceae;g__Enterobacter_s__Enterobacter_soli"
"X102115","PFHpA",0.00022051487914008,0.0014379983250722,-0.0027162694923622,0.00315729925064236,0.879150315183985,38,0.909465843293777,"Stanieria","Genus","Stanieria","d__Bacteria;p__Cyanobacteriota;c__Cyanophyceae;o__Pleurocapsales;f__Dermocarpellaceae;g___g__Stanieria"
"X102115","PFBA",0.00186743734879292,0.00159474407995088,-0.00138946456054023,0.00512433925812606,0.250818247304121,38,0.988040047204592,"Stanieria","Genus","Stanieria","d__Bacteria;p__Cyanobacteriota;c__Cyanophyceae;o__Pleurocapsales;f__Dermocarpellaceae;g___g__Stanieria"
"X102115","PFDoA",-6.70146282368314e-05,0.00152090786559116,-0.00317312287070557,0.00303909361423191,0.965146762504073,38,0.998427685349041,"Stanieria","Genus","Stanieria","d__Bacteria;p__Cyanobacteriota;c__Cyanophyceae;o__Pleurocapsales;f__Dermocarpellaceae;g___g__Stanieria"
"X102115","N.MeFOSAA",-0.000296182440621471,0.00158002417214066,-0.00352302228767452,0.00293065740643157,0.85256648484954,38,0.954310435907671,"Stanieria","Genus","Stanieria","d__Bacteria;p__Cyanobacteriota;c__Cyanophyceae;o__Pleurocapsales;f__Dermocarpellaceae;g___g__Stanieria"
"X102115","PFDA",0.000178025523923181,0.00154890145894721,-0.00298525326320951,0.00334130431105587,0.909261196861152,38,0.985233251411874,"Stanieria","Genus","Stanieria","d__Bacteria;p__Cyanobacteriota;c__Cyanophyceae;o__Pleurocapsales;f__Dermocarpellaceae;g___g__Stanieria"
"X1190","PFHpA",0.00238964818886167,0.00140776286267155,-0.000485387130576215,0.00526468350829955,0.0999583000204685,38,0.499791500102343,"Fischerella","Genus","Fischerella","d__Bacteria;p__Cyanobacteriota;c__Cyanophyceae;o__Nostocales;f__Hapalosiphonaceae;g___g__Fischerella"
"X1190","PFDoA",-0.000695035670552031,0.00155305856866103,-0.00386680440835107,0.00247673306724701,0.65770944254012,38,0.9178225234529,"Fischerella","Genus","Fischerella","d__Bacteria;p__Cyanobacteriota;c__Cyanophyceae;o__Nostocales;f__Hapalosiphonaceae;g___g__Fischerella"
"X1190","PFDA",-0.00018946334176978,0.00158683570212942,-0.00343021418890413,0.00305128750536457,0.905756851628672,38,0.985233251411874,"Fischerella","Genus","Fischerella","d__Bacteria;p__Cyanobacteriota;c__Cyanophyceae;o__Nostocales;f__Hapalosiphonaceae;g___g__Fischerella"
"X1190","PFBA",-0.0018632442617044,0.0016357530818995,-0.0052038977261776,0.00147740920276881,0.263686308500004,38,0.988040047204592,"Fischerella","Genus","Fischerella","d__Bacteria;p__Cyanobacteriota;c__Cyanophyceae;o__Nostocales;f__Hapalosiphonaceae;g___g__Fischerella"
"X1190","N.MeFOSAA",6.19961763631124e-05,0.00161965702543839,-0.0032457847553445,0.00336977710807072,0.969720138654883,38,0.984866473166429,"Fischerella","Genus","Fischerella","d__Bacteria;p__Cyanobacteriota;c__Cyanophyceae;o__Nostocales;f__Hapalosiphonaceae;g___g__Fischerella"
"X1278221","PFDA",-0.0102217313862838,0.00517420983162615,-0.0207888776085369,0.0003454148359694,0.0574719363897758,38,0.647671837602464,"Auraticoccus","Genus","Auraticoccus","d__Bacteria;p__Actinomycetota;c__Actinomycetes;o__Propionibacteriales;f__Propionibacteriaceae;g___g__Auraticoccus"
"X1278221","PFHpA",-0.0061566269981017,0.00498229023115821,-0.0163318211064948,0.00401856711029144,0.226158410142182,38,0.646166886120521,"Auraticoccus","Genus","Auraticoccus","d__Bacteria;p__Actinomycetota;c__Actinomycetes;o__Propionibacteriales;f__Propionibacteriaceae;g___g__Auraticoccus"
"X1278221","PFBA",-0.000330415990800891,0.00578966563030193,-0.0121544906387605,0.0114936586571587,0.954867889698286,38,0.990555429161283,"Auraticoccus","Genus","Auraticoccus","d__Bacteria;p__Actinomycetota;c__Actinomycetes;o__Propionibacteriales;f__Propionibacteriaceae;g___g__Auraticoccus"
"X1278221","PFDoA",-0.00335691586419011,0.00536515825702733,-0.0143140307962142,0.00760019906783396,0.536250914270856,38,0.9178225234529,"Auraticoccus","Genus","Auraticoccus","d__Bacteria;p__Actinomycetota;c__Actinomycetes;o__Propionibacteriales;f__Propionibacteriaceae;g___g__Auraticoccus"
"X1278221","N.MeFOSAA",-0.00773546946436313,0.00543247068246354,-0.0188300547088224,0.00335911578009615,0.164784898333844,38,0.76054568461774,"Auraticoccus","Genus","Auraticoccus","d__Bacteria;p__Actinomycetota;c__Actinomycetes;o__Propionibacteriales;f__Propionibacteriaceae;g___g__Auraticoccus"
"X1298","PFHpA",0.00039433119404053,0.0022541101296143,-0.00420917583714036,0.00499783822522142,0.862303109933983,38,0.907687484141035,"Deinococcus","Genus","Deinococcus","d__Bacteria;p__Deinococcota;c__Deinococci;o__Deinococcales;f__Deinococcaceae;g___g__Deinococcus"
"X1298","PFDoA",0.0030879217670924,0.0023168242422207,-0.00164366456888592,0.00781950810307071,0.192623845672691,38,0.9178225234529,"Deinococcus","Genus","Deinococcus","d__Bacteria;p__Deinococcota;c__Deinococci;o__Deinococcales;f__Deinococcaceae;g___g__Deinococcus"
"X1298","PFDA",0.00235772376989507,0.00239032542830483,-0.00252397201392834,0.00723941955371848,0.331844883502558,38,0.861064353681205,"Deinococcus","Genus","Deinococcus","d__Bacteria;p__Deinococcota;c__Deinococci;o__Deinococcales;f__Deinococcaceae;g___g__Deinococcus"
"X1298","PFBA",0.00183208739450015,0.00253463207781995,-0.0033443218848891,0.00700849667388941,0.475387198522358,38,0.988040047204592,"Deinococcus","Genus","Deinococcus","d__Bacteria;p__Deinococcota;c__Deinococci;o__Deinococcales;f__Deinococcaceae;g___g__Deinococcus"
"X1298","N.MeFOSAA",0.00129603793498548,0.00246716177948386,-0.00374257861249355,0.00633465448246451,0.603225293806621,38,0.919393710834544,"Deinococcus","Genus","Deinococcus","d__Bacteria;p__Deinococcota;c__Deinococci;o__Deinococcales;f__Deinococcaceae;g___g__Deinococcus"
"X1395974","PFHpA",-0.000619585939170852,0.00175028997923437,-0.00419415495430128,0.00295498307595957,0.725821977150056,38,0.85443120078736,"Tardiphaga","Genus","Tardiphaga","d__Bacteria;p__Pseudomonadota;c__Alphaproteobacteria;o__Hyphomicrobiales;f__Nitrobacteraceae;g___g__Tardiphaga"
"X1395974","PFDoA",0.000796014726059116,0.00184869694924222,-0.0029795281334264,0.00457155758554464,0.669850481746337,38,0.9178225234529,"Tardiphaga","Genus","Tardiphaga","d__Bacteria;p__Pseudomonadota;c__Alphaproteobacteria;o__Hyphomicrobiales;f__Nitrobacteraceae;g___g__Tardiphaga"
"X1395974","PFDA",0.000266872267772851,0.00188825856297744,-0.00358946618577094,0.00412321072131664,0.888552091817648,38,0.985233251411874,"Tardiphaga","Genus","Tardiphaga","d__Bacteria;p__Pseudomonadota;c__Alphaproteobacteria;o__Hyphomicrobiales;f__Nitrobacteraceae;g___g__Tardiphaga"
"X1395974","PFBA",-0.000200282254328269,0.0019879675617418,-0.00426025364969388,0.00385968914103734,0.920421412970238,38,0.990555429161283,"Tardiphaga","Genus","Tardiphaga","d__Bacteria;p__Pseudomonadota;c__Alphaproteobacteria;o__Hyphomicrobiales;f__Nitrobacteraceae;g___g__Tardiphaga"
"X1395974","N.MeFOSAA",0.00124879552472726,0.00191401330131801,-0.00266014112154871,0.00515773217100322,0.519080250877467,38,0.841751758179676,"Tardiphaga","Genus","Tardiphaga","d__Bacteria;p__Pseudomonadota;c__Alphaproteobacteria;o__Hyphomicrobiales;f__Nitrobacteraceae;g___g__Tardiphaga"
"X141450","PFDoA",0.00951357304641102,0.00745761683620757,-0.00571691240782408,0.0247440585006461,0.211856355299659,38,0.9178225234529,"Oleiphilus","Genus","Oleiphilus","d__Bacteria;p__Pseudomonadota;c__Gammaproteobacteria;o__Oceanospirillales;f__Oleiphilaceae;g___g__Oleiphilus"
"X141450","N.MeFOSAA",0.0199809319387338,0.0070740149787216,0.0055338659922283,0.0344279978852393,0.00833624804349402,38,0.500174882609641,"Oleiphilus","Genus","Oleiphilus","d__Bacteria;p__Pseudomonadota;c__Gammaproteobacteria;o__Oceanospirillales;f__Oleiphilaceae;g___g__Oleiphilus"
"X141450","PFHpA",-0.00644230388584716,0.00714625286082599,-0.021036899269276,0.00815229149758168,0.37450660734404,38,0.68824754755712,"Oleiphilus","Genus","Oleiphilus","d__Bacteria;p__Pseudomonadota;c__Gammaproteobacteria;o__Oceanospirillales;f__Oleiphilaceae;g___g__Oleiphilus"
"X141450","PFBA",-0.00581001551269454,0.0081413187730957,-0.0224368066009561,0.010816775575567,0.480961909960875,38,0.988040047204592,"Oleiphilus","Genus","Oleiphilus","d__Bacteria;p__Pseudomonadota;c__Gammaproteobacteria;o__Oceanospirillales;f__Oleiphilaceae;g___g__Oleiphilus"
"X141450","PFDA",0.0146607881153338,0.0073259432644381,-0.000300784030053697,0.0296223602607213,0.0544870381323046,38,0.647671837602464,"Oleiphilus","Genus","Oleiphilus","d__Bacteria;p__Pseudomonadota;c__Gammaproteobacteria;o__Oceanospirillales;f__Oleiphilaceae;g___g__Oleiphilus"
"X1434026","PFHpA",0.0013574761893414,0.00429910662937642,-0.00742247086653611,0.0101374232452189,0.754372693384574,38,0.870430030828354,"Oceanirhabdus","Genus","Oceanirhabdus","d__Bacteria;p__Bacillota;c__Clostridia;o__Eubacteriales;f__Clostridiaceae;g___g__Oceanirhabdus"
"X1434026","PFDoA",0.00106315986381951,0.00454875009320039,-0.00822662716212134,0.0103529468897604,0.816785529434023,38,0.9178225234529,"Oceanirhabdus","Genus","Oceanirhabdus","d__Bacteria;p__Bacillota;c__Clostridia;o__Eubacteriales;f__Clostridiaceae;g___g__Oceanirhabdus"
"X1434026","PFDA",0.00183665908233192,0.00462542109664107,-0.0076097110221328,0.0112830291867966,0.694119924418672,38,0.985233251411874,"Oceanirhabdus","Genus","Oceanirhabdus","d__Bacteria;p__Bacillota;c__Clostridia;o__Eubacteriales;f__Clostridiaceae;g___g__Oceanirhabdus"
"X1434026","PFBA",0.00162902574369583,0.0048725776483524,-0.00832210537872333,0.011580156866115,0.74046021470779,38,0.990555429161283,"Oceanirhabdus","Genus","Oceanirhabdus","d__Bacteria;p__Bacillota;c__Clostridia;o__Eubacteriales;f__Clostridiaceae;g___g__Oceanirhabdus"
"X1434026","N.MeFOSAA",-0.00392868943656634,0.00467779958513115,-0.013482030685377,0.00562465181224437,0.407631312265009,38,0.78896383019034,"Oceanirhabdus","Genus","Oceanirhabdus","d__Bacteria;p__Bacillota;c__Clostridia;o__Eubacteriales;f__Clostridiaceae;g___g__Oceanirhabdus"
"X146918","PFHpA",-0.00291068585712506,0.00455506271777968,-0.0122133649823712,0.00639199326812105,0.52767196010195,38,0.791507940152924,"Salinibacter","Genus","Salinibacter","d__Bacteria;p__Rhodothermota;c__Rhodothermia;o__Rhodothermales;f__Salinibacteraceae;g___g__Salinibacter"
"X146918","PFDoA",0.000860473894381685,0.00484607689900476,-0.00903653547757346,0.0107574832663368,0.860261290053073,38,0.938466861876079,"Salinibacter","Genus","Salinibacter","d__Bacteria;p__Rhodothermota;c__Rhodothermia;o__Rhodothermales;f__Salinibacteraceae;g___g__Salinibacter"
"X146918","PFDA",-0.0108086982196999,0.00452740658133705,-0.0200548959792415,-0.00156250046015828,0.023470725912866,38,0.647671837602464,"Salinibacter","Genus","Salinibacter","d__Bacteria;p__Rhodothermota;c__Rhodothermia;o__Rhodothermales;f__Salinibacteraceae;g___g__Salinibacter"
"X146918","PFBA",0.00162219159217845,0.0051902904489017,-0.00897779563181687,0.0122221788161738,0.756789767326955,38,0.990555429161283,"Salinibacter","Genus","Salinibacter","d__Bacteria;p__Rhodothermota;c__Rhodothermia;o__Rhodothermales;f__Salinibacteraceae;g___g__Salinibacter"
"X146918","N.MeFOSAA",-0.00812410785865213,0.00481666427212906,-0.0179610486328716,0.0017128329155673,0.102041071160303,38,0.76054568461774,"Salinibacter","Genus","Salinibacter","d__Bacteria;p__Rhodothermota;c__Rhodothermia;o__Rhodothermales;f__Salinibacteraceae;g___g__Salinibacter"
"X1511648","PFHpA",-0.00417537219134473,0.00373696842131143,-0.0118072798682566,0.00345653548556714,0.272728036826122,38,0.68824754755712,"Defluviitoga","Genus","Defluviitoga","d__Bacteria;p__Thermotogota;c__Thermotogae;o__Petrotogales;f__Petrotogaceae;g___g__Defluviitoga"
"X1511648","PFDoA",-0.00393923569963124,0.00396772076502323,-0.0120424025323327,0.00416393113307018,0.328738087755989,38,0.9178225234529,"Defluviitoga","Genus","Defluviitoga","d__Bacteria;p__Thermotogota;c__Thermotogae;o__Petrotogales;f__Petrotogaceae;g___g__Defluviitoga"
"X1511648","PFDA",-0.00424647000006704,0.00403353197175335,-0.0124840412475893,0.00399110124745525,0.30084257852839,38,0.861064353681205,"Defluviitoga","Genus","Defluviitoga","d__Bacteria;p__Thermotogota;c__Thermotogae;o__Petrotogales;f__Petrotogaceae;g___g__Defluviitoga"
"X1511648","PFBA",-0.0102118354207413,0.00390089894813288,-0.0181785338973276,-0.00224513694415504,0.0137347551533483,38,0.41204265460045,"Defluviitoga","Genus","Defluviitoga","d__Bacteria;p__Thermotogota;c__Thermotogae;o__Petrotogales;f__Petrotogaceae;g___g__Defluviitoga"
"X1511648","N.MeFOSAA",8.01687857192263e-05,0.00419140282956439,-0.0084798177663632,0.00864015533780165,0.984866473166429,38,0.984866473166429,"Defluviitoga","Genus","Defluviitoga","d__Bacteria;p__Thermotogota;c__Thermotogae;o__Petrotogales;f__Petrotogaceae;g___g__Defluviitoga"
"X157","PFDA",-0.0114341054553183,0.0126464724453944,-0.0372616477999197,0.0143934368892831,0.373127886595189,38,0.861064353681205,"Treponema","Genus","Treponema","d__Bacteria;p__Spirochaetota;c__Spirochaetia;o__Spirochaetales;f__Treponemataceae;g___g__Treponema"
"X157","PFDoA",-0.00708835710138857,0.0125168706783866,-0.032651217326942,0.0184745031241649,0.575399318908509,38,0.9178225234529,"Treponema","Genus","Treponema","d__Bacteria;p__Spirochaetota;c__Spirochaetia;o__Spirochaetales;f__Treponemataceae;g___g__Treponema"
"X157","N.MeFOSAA",-0.0138337322572891,0.0128337732505331,-0.0400437938772685,0.0123763293626902,0.289662531403705,38,0.78896383019034,"Treponema","Genus","Treponema","d__Bacteria;p__Spirochaetota;c__Spirochaetia;o__Spirochaetales;f__Treponemataceae;g___g__Treponema"
"X157","PFHpA",-0.0152491978654676,0.0115716883593624,-0.038881738274695,0.00838334254375984,0.197544933646422,38,0.637838448469768,"Treponema","Genus","Treponema","d__Bacteria;p__Spirochaetota;c__Spirochaetia;o__Spirochaetales;f__Treponemataceae;g___g__Treponema"
"X157","PFBA",0.0229266365460542,0.0128265121852605,-0.00326859600031544,0.0491218690924238,0.0839737777304638,38,0.988040047204592,"Treponema","Genus","Treponema","d__Bacteria;p__Spirochaetota;c__Spirochaetia;o__Spirochaetales;f__Treponemataceae;g___g__Treponema"
"X1649479","PFDA",0.00469110757288331,0.00239767593416933,-0.00020559994660706,0.00958781509237367,0.0597686968098657,38,0.647671837602464,"Permianibacter","Genus","Permianibacter","d__Bacteria;p__Pseudomonadota;c__Gammaproteobacteria;o__Pseudomonadales;f__Pseudomonadaceae;g___g__Permianibacter"
"X1649479","PFHpA",-0.00208181058720768,0.00233340789514776,-0.0068472652607838,0.00268364408636843,0.379399236775454,38,0.68824754755712,"Permianibacter","Genus","Permianibacter","d__Bacteria;p__Pseudomonadota;c__Gammaproteobacteria;o__Pseudomonadales;f__Pseudomonadaceae;g___g__Permianibacter"
"X1649479","PFBA",-0.000838777061872977,0.00267568205110296,-0.00630324881666015,0.00462569469291419,0.756084079498505,38,0.990555429161283,"Permianibacter","Genus","Permianibacter","d__Bacteria;p__Pseudomonadota;c__Gammaproteobacteria;o__Pseudomonadales;f__Pseudomonadaceae;g___g__Permianibacter"
"X1649479","PFDoA",0.00078838104550627,0.00249542316547014,-0.00430795295214944,0.00588471504316198,0.754242621883893,38,0.9178225234529,"Permianibacter","Genus","Permianibacter","d__Bacteria;p__Pseudomonadota;c__Gammaproteobacteria;o__Pseudomonadales;f__Pseudomonadaceae;g___g__Permianibacter"
"X1649479","N.MeFOSAA",0.0024535876430711,0.00255925430657055,-0.00277310693590826,0.00768028222205047,0.345367138146056,38,0.78896383019034,"Permianibacter","Genus","Permianibacter","d__Bacteria;p__Pseudomonadota;c__Gammaproteobacteria;o__Pseudomonadales;f__Pseudomonadaceae;g___g__Permianibacter"
"X1649510","PFDA",-0.00149797234963534,0.00138150774241038,-0.00431938756012696,0.00132344286085629,0.286868112882171,38,0.861064353681205,"Variibacter","Genus","Variibacter","d__Bacteria;p__Pseudomonadota;c__Alphaproteobacteria;o__Hyphomicrobiales;f__Nitrobacteraceae;g___g__Variibacter"
"X1649510","PFDoA",-0.00038651687024164,0.00138080399679921,-0.00320649484045533,0.00243346109997205,0.781458740816997,38,0.9178225234529,"Variibacter","Genus","Variibacter","d__Bacteria;p__Pseudomonadota;c__Alphaproteobacteria;o__Hyphomicrobiales;f__Nitrobacteraceae;g___g__Variibacter"
"X1649510","N.MeFOSAA",-0.000499503548300905,0.00143424471500165,-0.0034286220253444,0.00242961492874259,0.730070016273595,38,0.952265238617732,"Variibacter","Genus","Variibacter","d__Bacteria;p__Pseudomonadota;c__Alphaproteobacteria;o__Hyphomicrobiales;f__Nitrobacteraceae;g___g__Variibacter"
"X1649510","PFHpA",0.00260196384113778,0.0012183679234446,0.000113724589445932,0.00509020309282963,0.0409908290282701,38,0.494923743512091,"Variibacter","Genus","Variibacter","d__Bacteria;p__Pseudomonadota;c__Alphaproteobacteria;o__Hyphomicrobiales;f__Nitrobacteraceae;g___g__Variibacter"
"X1649510","PFBA",-0.00059638619375768,0.00147843757491139,-0.00361575853136,0.00242298614384464,0.689522503076084,38,0.990555429161283,"Variibacter","Genus","Variibacter","d__Bacteria;p__Pseudomonadota;c__Alphaproteobacteria;o__Hyphomicrobiales;f__Nitrobacteraceae;g___g__Variibacter"
"X1658781","PFHpA",-0.00372623378383486,0.00241754617271744,-0.00866352174421216,0.00121105417654244,0.133720031387681,38,0.617169375635451,"Aliiroseovarius","Genus","Aliiroseovarius","d__Bacteria;p__Pseudomonadota;c__Alphaproteobacteria;o__Rhodobacterales;f__Paracoccaceae;g___g__Aliiroseovarius"
"X1658781","PFDoA",-0.00104277613009499,0.00264845699648539,-0.0064516469057154,0.00436609464552542,0.696565209447047,38,0.9178225234529,"Aliiroseovarius","Genus","Aliiroseovarius","d__Bacteria;p__Pseudomonadota;c__Alphaproteobacteria;o__Rhodobacterales;f__Paracoccaceae;g___g__Aliiroseovarius"
"X1658781","PFDA",-0.000201851924698716,0.00270442063751619,-0.00572501570295066,0.00532131185355323,0.940998401488208,38,0.985233251411874,"Aliiroseovarius","Genus","Aliiroseovarius","d__Bacteria;p__Pseudomonadota;c__Alphaproteobacteria;o__Rhodobacterales;f__Paracoccaceae;g___g__Aliiroseovarius"
"X1658781","PFBA",-0.0014366420964523,0.00283491701918575,-0.00722631504063498,0.00435303084773037,0.616023077977361,38,0.990555429161283,"Aliiroseovarius","Genus","Aliiroseovarius","d__Bacteria;p__Pseudomonadota;c__Alphaproteobacteria;o__Rhodobacterales;f__Paracoccaceae;g___g__Aliiroseovarius"
"X1658781","N.MeFOSAA",0.00401064114656128,0.00266112123203869,-0.00142409344850974,0.00944537574163231,0.142237760595551,38,0.76054568461774,"Aliiroseovarius","Genus","Aliiroseovarius","d__Bacteria;p__Pseudomonadota;c__Alphaproteobacteria;o__Rhodobacterales;f__Paracoccaceae;g___g__Aliiroseovarius"
"X1676142","PFDA",0.00238763903987662,0.00183544930601717,-0.00136084852273947,0.00613612660249271,0.203214445625606,38,0.823390170254582,"Wenzhouxiangella","Genus","Wenzhouxiangella","d__Bacteria;p__Pseudomonadota;c__Gammaproteobacteria;o__Chromatiales;f__Wenzhouxiangellaceae;g___g__Wenzhouxiangella"
"X1676142","PFDoA",-0.000628526481783042,0.00184850371581126,-0.00440367470595486,0.00314662174238878,0.736211453184881,38,0.9178225234529,"Wenzhouxiangella","Genus","Wenzhouxiangella","d__Bacteria;p__Pseudomonadota;c__Gammaproteobacteria;o__Chromatiales;f__Wenzhouxiangellaceae;g___g__Wenzhouxiangella"
"X1676142","N.MeFOSAA",0.000954175592801742,0.00191721588743146,-0.00296130160688266,0.00486965279248614,0.62233245554768,38,0.919393710834544,"Wenzhouxiangella","Genus","Wenzhouxiangella","d__Bacteria;p__Pseudomonadota;c__Gammaproteobacteria;o__Chromatiales;f__Wenzhouxiangellaceae;g___g__Wenzhouxiangella"
"X1676142","PFHpA",0.00224994192812091,0.0017028846280755,-0.00122781244405647,0.00572769630029829,0.196406021650862,38,0.637838448469768,"Wenzhouxiangella","Genus","Wenzhouxiangella","d__Bacteria;p__Pseudomonadota;c__Gammaproteobacteria;o__Chromatiales;f__Wenzhouxiangellaceae;g___g__Wenzhouxiangella"
"X1676142","PFBA",-0.00115608987952139,0.00197454708234287,-0.00518865299946022,0.00287647324041743,0.562592965728483,38,0.990555429161283,"Wenzhouxiangella","Genus","Wenzhouxiangella","d__Bacteria;p__Pseudomonadota;c__Gammaproteobacteria;o__Chromatiales;f__Wenzhouxiangellaceae;g___g__Wenzhouxiangella"
"X1742989","PFBA",0.0060452207342235,0.013019588722559,-0.0205443267062289,0.0326347681746759,0.645772437116284,38,0.990555429161283,"Glutamicibacter","Genus","Glutamicibacter","d__Bacteria;p__Actinomycetota;c__Actinomycetes;o__Micrococcales;f__Micrococcaceae;g___g__Glutamicibacter"
"X1742989","PFDoA",0.0124700325813997,0.0119717706923789,-0.0119795849568002,0.0369196501195995,0.305909943483789,38,0.9178225234529,"Glutamicibacter","Genus","Glutamicibacter","d__Bacteria;p__Actinomycetota;c__Actinomycetes;o__Micrococcales;f__Micrococcaceae;g___g__Glutamicibacter"
"X1742989","N.MeFOSAA",-0.00887198570658433,0.0125630131157044,-0.0345290813609386,0.0167851099477699,0.485513176405764,38,0.833698622150093,"Glutamicibacter","Genus","Glutamicibacter","d__Bacteria;p__Actinomycetota;c__Actinomycetes;o__Micrococcales;f__Micrococcaceae;g___g__Glutamicibacter"
"X1742989","PFDA",0.00217185728187479,0.0124066271169236,-0.0231658555546182,0.0275095701183678,0.862211611267247,38,0.985233251411874,"Glutamicibacter","Genus","Glutamicibacter","d__Bacteria;p__Actinomycetota;c__Actinomycetes;o__Micrococcales;f__Micrococcaceae;g___g__Glutamicibacter"
"X1742989","PFHpA",0.00498339789799743,0.0114901918843046,-0.0184827045049338,0.0284495003009287,0.667602864791455,38,0.842810768355415,"Glutamicibacter","Genus","Glutamicibacter","d__Bacteria;p__Actinomycetota;c__Actinomycetes;o__Micrococcales;f__Micrococcaceae;g___g__Glutamicibacter"
"X1747770","PFHpA",0.000755167628208468,0.00266652603889591,-0.00469060505503869,0.00620094031145563,0.778966513096839,38,0.881848882751138,"Egibacter","Genus","Egibacter","d__Bacteria;p__Actinomycetota;c__Nitriliruptoria;o__Egibacterales;f__Egibacteraceae;g___g__Egibacter"
"X1747770","PFDoA",-0.000831896006616561,0.00281893170914243,-0.00658892259239232,0.0049251305791592,0.769942333081798,38,0.9178225234529,"Egibacter","Genus","Egibacter","d__Bacteria;p__Actinomycetota;c__Nitriliruptoria;o__Egibacterales;f__Egibacteraceae;g___g__Egibacter"
"X1747770","PFDA",-0.00185386993932795,0.00285553083699742,-0.0076856419158466,0.00397790203719069,0.521135506184809,38,0.977129074096517,"Egibacter","Genus","Egibacter","d__Bacteria;p__Actinomycetota;c__Nitriliruptoria;o__Egibacterales;f__Egibacteraceae;g___g__Egibacter"
"X1747770","PFBA",-0.00867965463958423,0.00257889600532579,-0.0139464629189264,-0.00341284636024207,0.00210523821929355,38,0.126314293157613,"Egibacter","Genus","Egibacter","d__Bacteria;p__Actinomycetota;c__Nitriliruptoria;o__Egibacterales;f__Egibacteraceae;g___g__Egibacter"
"X1747770","N.MeFOSAA",-0.00147900059699621,0.00292192011555074,-0.007446357568498,0.00448835637450559,0.616434071644477,38,0.919393710834544,"Egibacter","Genus","Egibacter","d__Bacteria;p__Actinomycetota;c__Nitriliruptoria;o__Egibacterales;f__Egibacteraceae;g___g__Egibacter"
"X1763827","PFDA",0.000427691954307923,0.00243670870183479,-0.00454873111147881,0.00540411502009466,0.861850148298134,38,0.985233251411874,"Hankyongella","Genus","Hankyongella","d__Bacteria;p__Pseudomonadota;c__Alphaproteobacteria;o__Sphingomonadales;f__Sphingomonadaceae;g___g__Hankyongella"
"X1763827","PFDoA",4.19017234775899e-06,0.00239344823597356,-0.00488388323556383,0.00489226358025934,0.998614746589402,38,0.998614746589402,"Hankyongella","Genus","Hankyongella","d__Bacteria;p__Pseudomonadota;c__Alphaproteobacteria;o__Sphingomonadales;f__Sphingomonadaceae;g___g__Hankyongella"
"X1763827","N.MeFOSAA",-0.00361596602207288,0.00239866237629451,-0.00851468812514523,0.00128275608099947,0.142143804307981,38,0.76054568461774,"Hankyongella","Genus","Hankyongella","d__Bacteria;p__Pseudomonadota;c__Alphaproteobacteria;o__Sphingomonadales;f__Sphingomonadaceae;g___g__Hankyongella"
"X1763827","PFHpA",0.0021032047265926,0.0022309827824851,-0.00245306996055901,0.00665947941374422,0.353351668089033,38,0.68824754755712,"Hankyongella","Genus","Hankyongella","d__Bacteria;p__Pseudomonadota;c__Alphaproteobacteria;o__Sphingomonadales;f__Sphingomonadaceae;g___g__Hankyongella"
"X1763827","PFBA",0.00570548826278828,0.00234535335052196,0.000915637714723448,0.0104953388108531,0.0211637146987331,38,0.423274293974662,"Hankyongella","Genus","Hankyongella","d__Bacteria;p__Pseudomonadota;c__Alphaproteobacteria;o__Sphingomonadales;f__Sphingomonadaceae;g___g__Hankyongella"
"X1802983","PFHpA",-0.00141192036631915,0.00237907575133597,-0.00627064124472677,0.00344680051208847,0.557312217736565,38,0.815578855224241,"Fokinia","Genus","Fokinia","d__Bacteria;p__Pseudomonadota;c__Alphaproteobacteria;o__Rickettsiales;f__Candidatus Midichloriaceae;g___g__Fokinia"
"X1802983","PFDoA",-0.00387038919845729,0.00242937970658645,-0.00883184445911597,0.0010910660622014,0.12160760656566,38,0.9178225234529,"Fokinia","Genus","Fokinia","d__Bacteria;p__Pseudomonadota;c__Alphaproteobacteria;o__Rickettsiales;f__Candidatus Midichloriaceae;g___g__Fokinia"
"X1802983","PFDA",-0.00492256727040806,0.0024153251764038,-0.00985531935118847,1.01848103723542e-05,0.0504453538466695,38,0.647671837602464,"Fokinia","Genus","Fokinia","d__Bacteria;p__Pseudomonadota;c__Alphaproteobacteria;o__Rickettsiales;f__Candidatus Midichloriaceae;g___g__Fokinia"
"X1802983","PFBA",-0.00245789761322134,0.0026753802438648,-0.00792175299539891,0.00300595776895622,0.365575424195514,38,0.988040047204592,"Fokinia","Genus","Fokinia","d__Bacteria;p__Pseudomonadota;c__Alphaproteobacteria;o__Rickettsiales;f__Candidatus Midichloriaceae;g___g__Fokinia"
"X1802983","N.MeFOSAA",-0.00443582983237031,0.00250205200885898,-0.00954570173429619,0.000674042069555568,0.0864040695189466,38,0.76054568461774,"Fokinia","Genus","Fokinia","d__Bacteria;p__Pseudomonadota;c__Alphaproteobacteria;o__Rickettsiales;f__Candidatus Midichloriaceae;g___g__Fokinia"
"X1849828","PFHpA",-0.00476258657680109,0.00487296014981587,-0.0147144988714236,0.00518932571782141,0.33621196124071,38,0.68824754755712,"Paeniclostridium","Genus","Paeniclostridium","d__Bacteria;p__Bacillota;c__Clostridia;o__Peptostreptococcales;f__Peptostreptococcaceae;g___g__Paeniclostridium"
"X1849828","PFDoA",-0.00455858840870249,0.00516684066737422,-0.015110684789778,0.00599350797237298,0.384641634021767,38,0.9178225234529,"Paeniclostridium","Genus","Paeniclostridium","d__Bacteria;p__Bacillota;c__Clostridia;o__Peptostreptococcales;f__Peptostreptococcaceae;g___g__Paeniclostridium"
"X1849828","PFDA",-0.0055674697789784,0.00523296194120308,-0.0162546038163701,0.00511966425841331,0.295852506674517,38,0.861064353681205,"Paeniclostridium","Genus","Paeniclostridium","d__Bacteria;p__Bacillota;c__Clostridia;o__Peptostreptococcales;f__Peptostreptococcaceae;g___g__Paeniclostridium"
"X1849828","PFBA",0.00197125949565176,0.00559978844562679,-0.00946503420796575,0.0134075531992693,0.727281187995733,38,0.990555429161283,"Paeniclostridium","Genus","Paeniclostridium","d__Bacteria;p__Bacillota;c__Clostridia;o__Peptostreptococcales;f__Peptostreptococcaceae;g___g__Paeniclostridium"
"X1849828","N.MeFOSAA",-0.00895071413194517,0.00518861034550645,-0.0195472701270526,0.0016458418631623,0.0948045011677247,38,0.76054568461774,"Paeniclostridium","Genus","Paeniclostridium","d__Bacteria;p__Bacillota;c__Clostridia;o__Peptostreptococcales;f__Peptostreptococcaceae;g___g__Paeniclostridium"
"X1854","PFHpA",-0.00364993920788387,0.00348937864723691,-0.0107762011087415,0.00347632269297375,0.303909753102047,38,0.68824754755712,"Frankia","Genus","Frankia","d__Bacteria;p__Actinomycetota;c__Actinomycetes;o__Frankiales;f__Frankiaceae;g___g__Frankia"
"X1854","PFBA",0.000535996700000108,0.00402592923267831,-0.00768604768291679,0.00875804108291701,0.894974760716464,38,0.990555429161283,"Frankia","Genus","Frankia","d__Bacteria;p__Actinomycetota;c__Actinomycetes;o__Frankiales;f__Frankiaceae;g___g__Frankia"
"X1854","PFDoA",-0.00272460759554273,0.00372282325143514,-0.0103276269816265,0.00487841179054108,0.469929423425528,38,0.9178225234529,"Frankia","Genus","Frankia","d__Bacteria;p__Actinomycetota;c__Actinomycetes;o__Frankiales;f__Frankiaceae;g___g__Frankia"
"X1854","N.MeFOSAA",-0.000622344339112032,0.00390240351634625,-0.00859211555391908,0.00734742687569502,0.874361793758331,38,0.954310435907671,"Frankia","Genus","Frankia","d__Bacteria;p__Actinomycetota;c__Actinomycetes;o__Frankiales;f__Frankiaceae;g___g__Frankia"
"X1854","PFDA",-0.00177806174289992,0.0038119615727396,-0.00956312586738474,0.00600700238158491,0.644268125878826,38,0.985233251411874,"Frankia","Genus","Frankia","d__Bacteria;p__Actinomycetota;c__Actinomycetes;o__Frankiales;f__Frankiaceae;g___g__Frankia"
"X186831","PFHpA",0.00100804338224212,0.00125549746709121,-0.00155602451375422,0.00357211127823847,0.428345993426286,38,0.698651971702302,"Acetoanaerobium","Genus","Acetoanaerobium","d__Bacteria;p__Bacillota;c__Clostridia;o__Peptostreptococcales;f__Filifactoraceae;g___g__Acetoanaerobium"
"X186831","PFDoA",-0.00110178830461668,0.00132642717556682,-0.00381071399056625,0.00160713738133289,0.412737041719063,38,0.9178225234529,"Acetoanaerobium","Genus","Acetoanaerobium","d__Bacteria;p__Bacillota;c__Clostridia;o__Peptostreptococcales;f__Filifactoraceae;g___g__Acetoanaerobium"
"X186831","PFDA",-0.00176402877827037,0.00132804907709863,-0.00447626682904518,0.000948209272504445,0.194100744826748,38,0.823390170254582,"Acetoanaerobium","Genus","Acetoanaerobium","d__Bacteria;p__Bacillota;c__Clostridia;o__Peptostreptococcales;f__Filifactoraceae;g___g__Acetoanaerobium"
"X186831","PFBA",-0.00148596440149903,0.00141265247935471,-0.00437098565041082,0.00139905684741275,0.301246484497781,38,0.988040047204592,"Acetoanaerobium","Genus","Acetoanaerobium","d__Bacteria;p__Bacillota;c__Clostridia;o__Peptostreptococcales;f__Filifactoraceae;g___g__Acetoanaerobium"
"X186831","N.MeFOSAA",-0.0015114631087704,0.00136693472085077,-0.00430311623872576,0.00128019002118495,0.277631443959932,38,0.78896383019034,"Acetoanaerobium","Genus","Acetoanaerobium","d__Bacteria;p__Bacillota;c__Clostridia;o__Peptostreptococcales;f__Filifactoraceae;g___g__Acetoanaerobium"
"X190972","PFHpA",0.00649366392647348,0.0036751490493814,-0.00101199174987983,0.0139993196028268,0.0874165101222498,38,0.499791500102343,"Sedimentibacter","Genus","Sedimentibacter","d__Bacteria;p__Bacillota;c__Tissierellia;o__;f__;g___g__Sedimentibacter"
"X190972","PFDoA",-0.00686392048405185,0.00388574607329186,-0.0147996726617165,0.00107183169361281,0.0874977405242198,38,0.9178225234529,"Sedimentibacter","Genus","Sedimentibacter","d__Bacteria;p__Bacillota;c__Tissierellia;o__;f__;g___g__Sedimentibacter"
"X190972","PFDA",-0.00340503642533767,0.0041120269803653,-0.0118029158669053,0.00499284301622992,0.414171453979736,38,0.887510258528006,"Sedimentibacter","Genus","Sedimentibacter","d__Bacteria;p__Bacillota;c__Tissierellia;o__;f__;g___g__Sedimentibacter"
"X190972","PFBA",0.000150906573103181,0.00437755354966678,-0.00878925046736501,0.00909106361357137,0.97272847504332,38,0.990555429161283,"Sedimentibacter","Genus","Sedimentibacter","d__Bacteria;p__Bacillota;c__Tissierellia;o__;f__;g___g__Sedimentibacter"
"X190972","N.MeFOSAA",-0.0047061495453656,0.00415597801974513,-0.0131937889840844,0.00378148989335324,0.266444320200117,38,0.78896383019034,"Sedimentibacter","Genus","Sedimentibacter","d__Bacteria;p__Bacillota;c__Tissierellia;o__;f__;g___g__Sedimentibacter"
"X2000","PFDoA",-7.09286448570304e-05,0.00148853741224154,-0.00311092760205185,0.00296907031233779,0.962311077178902,38,0.998427685349041,"Streptosporangium","Genus","Streptosporangium","d__Bacteria;p__Actinomycetota;c__Actinomycetes;o__Streptosporangiales;f__Streptosporangiaceae;g___g__Streptosporangium"
"X2000","N.MeFOSAA",0.00167043785382795,0.00151695557780325,-0.00142759874015216,0.00476847444780805,0.279576313325641,38,0.78896383019034,"Streptosporangium","Genus","Streptosporangium","d__Bacteria;p__Actinomycetota;c__Actinomycetes;o__Streptosporangiales;f__Streptosporangiaceae;g___g__Streptosporangium"
"X2000","PFHpA",0.00030738895406999,0.00140683275064951,-0.00256574682320401,0.00318052473134399,0.828521366572374,38,0.903841490806226,"Streptosporangium","Genus","Streptosporangium","d__Bacteria;p__Actinomycetota;c__Actinomycetes;o__Streptosporangiales;f__Streptosporangiaceae;g___g__Streptosporangium"
"X2000","PFBA",0.000726009241919499,0.00159056911124368,-0.00252236624381701,0.00397438472765601,0.65135670114421,38,0.990555429161283,"Streptosporangium","Genus","Streptosporangium","d__Bacteria;p__Actinomycetota;c__Actinomycetes;o__Streptosporangiales;f__Streptosporangiaceae;g___g__Streptosporangium"
"X2000","PFDA",0.00144213576233357,0.00149324194442164,-0.00160747113135244,0.00449174265601958,0.34187817613524,38,0.861064353681205,"Streptosporangium","Genus","Streptosporangium","d__Bacteria;p__Actinomycetota;c__Actinomycetes;o__Streptosporangiales;f__Streptosporangiaceae;g___g__Streptosporangium"
"X2019","PFDoA",0.000222209743048723,0.00198477647194105,-0.00383124457751123,0.00427566406360868,0.911603204942578,38,0.976717719581333,"Thermomonospora","Genus","Thermomonospora","d__Bacteria;p__Actinomycetota;c__Actinomycetes;o__Streptosporangiales;f__Thermomonosporaceae;g___g__Thermomonospora"
"X2019","N.MeFOSAA",0.00234599469371752,0.00201855207798275,-0.00177643861675628,0.00646842800419132,0.254310303987021,38,0.78896383019034,"Thermomonospora","Genus","Thermomonospora","d__Bacteria;p__Actinomycetota;c__Actinomycetes;o__Streptosporangiales;f__Thermomonosporaceae;g___g__Thermomonospora"
"X2019","PFHpA",0.00206097449272774,0.00183955699675704,-0.0016959020935454,0.00581785107900087,0.271447693489286,38,0.68824754755712,"Thermomonospora","Genus","Thermomonospora","d__Bacteria;p__Actinomycetota;c__Actinomycetes;o__Streptosporangiales;f__Thermomonosporaceae;g___g__Thermomonospora"
"X2019","PFBA",-0.000408553164469419,0.00212723104650791,-0.00475293853894137,0.00393583221000254,0.848990383812201,38,0.990555429161283,"Thermomonospora","Genus","Thermomonospora","d__Bacteria;p__Actinomycetota;c__Actinomycetes;o__Streptosporangiales;f__Thermomonosporaceae;g___g__Thermomonospora"
"X2019","PFDA",0.00358035264552925,0.00191353878138748,-0.000327614901762633,0.00748832019282114,0.0711184298868643,38,0.647671837602464,"Thermomonospora","Genus","Thermomonospora","d__Bacteria;p__Actinomycetota;c__Actinomycetes;o__Streptosporangiales;f__Thermomonosporaceae;g___g__Thermomonospora"
"X2029","PFHpA",0.00148069585352226,0.00113506664233158,-0.000837419486177863,0.00379881119322238,0.20198217534876,38,0.637838448469768,"Kibdelosporangium","Genus","Kibdelosporangium","d__Bacteria;p__Actinomycetota;c__Actinomycetes;o__Pseudonocardiales;f__Pseudonocardiaceae;g___g__Kibdelosporangium"
"X2029","PFDoA",-0.00144279398828166,0.00120519471579375,-0.00390412996082703,0.00101854198426371,0.240624091503149,38,0.9178225234529,"Kibdelosporangium","Genus","Kibdelosporangium","d__Bacteria;p__Actinomycetota;c__Actinomycetes;o__Pseudonocardiales;f__Pseudonocardiaceae;g___g__Kibdelosporangium"
"X2029","PFDA",-7.82211850409549e-05,0.0012565072033476,-0.00264435123758186,0.00248790886749995,0.950774374364994,38,0.985233251411874,"Kibdelosporangium","Genus","Kibdelosporangium","d__Bacteria;p__Actinomycetota;c__Actinomycetes;o__Pseudonocardiales;f__Pseudonocardiaceae;g___g__Kibdelosporangium"
"X2029","PFBA",-0.000569763415622254,0.00131862890973558,-0.00326276291805777,0.00212323608681326,0.668767549667573,38,0.990555429161283,"Kibdelosporangium","Genus","Kibdelosporangium","d__Bacteria;p__Actinomycetota;c__Actinomycetes;o__Pseudonocardiales;f__Pseudonocardiaceae;g___g__Kibdelosporangium"
"X2029","N.MeFOSAA",0.00137280444086207,0.0012575723307245,-0.00119550089198312,0.00394110977370727,0.283685246721333,38,0.78896383019034,"Kibdelosporangium","Genus","Kibdelosporangium","d__Bacteria;p__Actinomycetota;c__Actinomycetes;o__Pseudonocardiales;f__Pseudonocardiaceae;g___g__Kibdelosporangium"
"X204286","PFBA",-0.00240771646717625,0.00364191803839754,-0.00984550536510218,0.00503007243074969,0.513585957477239,38,0.990555429161283,"Cobetia","Genus","Cobetia","d__Bacteria;p__Pseudomonadota;c__Gammaproteobacteria;o__Oceanospirillales;f__Halomonadaceae;g___g__Cobetia"
"X204286","PFDoA",0.00281856592825854,0.00338238326711602,-0.0040891822548267,0.00972631411134379,0.411256880630034,38,0.9178225234529,"Cobetia","Genus","Cobetia","d__Bacteria;p__Pseudomonadota;c__Gammaproteobacteria;o__Oceanospirillales;f__Halomonadaceae;g___g__Cobetia"
"X204286","N.MeFOSAA",0.000695432200645604,0.0035539865054904,-0.00656277654958373,0.00795364095087494,0.846182621506545,38,0.954310435907671,"Cobetia","Genus","Cobetia","d__Bacteria;p__Pseudomonadota;c__Gammaproteobacteria;o__Oceanospirillales;f__Halomonadaceae;g___g__Cobetia"
"X204286","PFDA",-0.00537512783284284,0.00334390171163037,-0.0122042861950841,0.00145403052939844,0.118432898476745,38,0.823390170254582,"Cobetia","Genus","Cobetia","d__Bacteria;p__Pseudomonadota;c__Gammaproteobacteria;o__Oceanospirillales;f__Halomonadaceae;g___g__Cobetia"
"X204286","PFHpA",0.00165328614722624,0.00322185271053067,-0.00492661490175002,0.00823318719620251,0.611606441072065,38,0.842810768355415,"Cobetia","Genus","Cobetia","d__Bacteria;p__Pseudomonadota;c__Gammaproteobacteria;o__Oceanospirillales;f__Halomonadaceae;g___g__Cobetia"
"X2044","PFHpA",-0.0034792709527888,0.00174532573882099,-0.00704370163645651,8.51597308789138e-05,0.0553708855744154,38,0.494923743512091,"Pimelobacter","Genus","Pimelobacter","d__Bacteria;p__Actinomycetota;c__Actinomycetes;o__Propionibacteriales;f__Nocardioidaceae;g___g__Pimelobacter"
"X2044","PFDoA",-0.00267160052466444,0.00190216786286278,-0.0065563455582505,0.00121314450892161,0.170438606636718,38,0.9178225234529,"Pimelobacter","Genus","Pimelobacter","d__Bacteria;p__Actinomycetota;c__Actinomycetes;o__Propionibacteriales;f__Nocardioidaceae;g___g__Pimelobacter"
"X2044","PFDA",0.000176871270173436,0.00199996875644156,-0.0039076098345702,0.00426135237491707,0.930117075142929,38,0.985233251411874,"Pimelobacter","Genus","Pimelobacter","d__Bacteria;p__Actinomycetota;c__Actinomycetes;o__Propionibacteriales;f__Nocardioidaceae;g___g__Pimelobacter"
"X2044","PFBA",-0.000284134255747479,0.00210486724970844,-0.00458284666399757,0.00401457815250261,0.893522087085588,38,0.990555429161283,"Pimelobacter","Genus","Pimelobacter","d__Bacteria;p__Actinomycetota;c__Actinomycetes;o__Propionibacteriales;f__Nocardioidaceae;g___g__Pimelobacter"
"X2044","N.MeFOSAA",-0.000399898636406588,0.0020398599376258,-0.00456584840173212,0.00376605112891894,0.845899051031286,38,0.954310435907671,"Pimelobacter","Genus","Pimelobacter","d__Bacteria;p__Actinomycetota;c__Actinomycetes;o__Propionibacteriales;f__Nocardioidaceae;g___g__Pimelobacter"
"X2055880","PFDA",-0.00687913815706093,0.00373704771922653,-0.0145112077819206,0.000752931467798763,0.0755617143869541,38,0.647671837602464,"Pseudescherichia","Genus","Pseudescherichia","d__Bacteria;p__Pseudomonadota;c__Gammaproteobacteria;o__Enterobacterales;f__Enterobacteriaceae;g___g__Pseudescherichia"
"X2055880","PFDoA",0.00107239452346461,0.00386551915145856,-0.00682204876886413,0.00896683781579336,0.783356053475498,38,0.9178225234529,"Pseudescherichia","Genus","Pseudescherichia","d__Bacteria;p__Pseudomonadota;c__Gammaproteobacteria;o__Enterobacterales;f__Enterobacteriaceae;g___g__Pseudescherichia"
"X2055880","N.MeFOSAA",0.00152377783286299,0.00401350983021117,-0.00667290274647153,0.00972045841219752,0.706870639097244,38,0.942494185462992,"Pseudescherichia","Genus","Pseudescherichia","d__Bacteria;p__Pseudomonadota;c__Gammaproteobacteria;o__Enterobacterales;f__Enterobacteriaceae;g___g__Pseudescherichia"
"X2055880","PFHpA",-0.00690331850750536,0.00343699224965689,-0.0139225931115005,0.00011595609648974,0.0536621212845227,38,0.494923743512091,"Pseudescherichia","Genus","Pseudescherichia","d__Bacteria;p__Pseudomonadota;c__Gammaproteobacteria;o__Enterobacterales;f__Enterobacteriaceae;g___g__Pseudescherichia"
"X2055880","PFBA",-0.0058167960691367,0.0040117688614576,-0.0140099211159385,0.00237632897766513,0.157452172378059,38,0.988040047204592,"Pseudescherichia","Genus","Pseudescherichia","d__Bacteria;p__Pseudomonadota;c__Gammaproteobacteria;o__Enterobacterales;f__Enterobacteriaceae;g___g__Pseudescherichia"
"X2304691","PFHpA",0.000902621251458343,0.00114715686334311,-0.00144018561360421,0.00324542811652089,0.437551424583193,38,0.698651971702302,"Thermoclostridium","Genus","Thermoclostridium","d__Bacteria;p__Bacillota;c__Clostridia;o__Eubacteriales;f__Oscillospiraceae;g___g__Thermoclostridium"
"X2304691","PFDoA",0.000800896839731078,0.00121655644192488,-0.00168364287314794,0.00328543655261009,0.515346286017833,38,0.9178225234529,"Thermoclostridium","Genus","Thermoclostridium","d__Bacteria;p__Bacillota;c__Clostridia;o__Eubacteriales;f__Oscillospiraceae;g___g__Thermoclostridium"
"X2304691","PFDA",0.000489190738093451,0.00124490003439359,-0.00205323431299703,0.00303161578918393,0.697130597482547,38,0.985233251411874,"Thermoclostridium","Genus","Thermoclostridium","d__Bacteria;p__Bacillota;c__Clostridia;o__Eubacteriales;f__Oscillospiraceae;g___g__Thermoclostridium"
"X2304691","PFBA",-0.000934888914419676,0.00130265538428407,-0.00359526612579553,0.00172548829695618,0.478506688218472,38,0.988040047204592,"Thermoclostridium","Genus","Thermoclostridium","d__Bacteria;p__Bacillota;c__Clostridia;o__Eubacteriales;f__Oscillospiraceae;g___g__Thermoclostridium"
"X2304691","N.MeFOSAA",0.00231934663801699,0.00120118905492926,-0.000133808683675551,0.00477250195970953,0.0629968245620498,38,0.76054568461774,"Thermoclostridium","Genus","Thermoclostridium","d__Bacteria;p__Bacillota;c__Clostridia;o__Eubacteriales;f__Oscillospiraceae;g___g__Thermoclostridium"
"X246875","PFHpA",-0.0116242627725248,0.00820915629760289,-0.028389596568591,0.00514107102354142,0.167071464381347,38,0.637838448469768,"Algoriphagus","Genus","Algoriphagus","d__Bacteria;p__Bacteroidota;c__Cytophagia;o__Cytophagales;f__Cyclobacteriaceae;g___g__Algoriphagus"
"X246875","PFDoA",0.00959599973432844,0.00879183939301009,-0.00835933169824026,0.0275513311668971,0.283756169792706,38,0.9178225234529,"Algoriphagus","Genus","Algoriphagus","d__Bacteria;p__Bacteroidota;c__Cytophagia;o__Cytophagales;f__Cyclobacteriaceae;g___g__Algoriphagus"
"X246875","PFDA",0.00433292756470548,0.00909708792520542,-0.0142458045374921,0.0229116596669031,0.63731260050195,38,0.985233251411874,"Algoriphagus","Genus","Algoriphagus","d__Bacteria;p__Bacteroidota;c__Cytophagia;o__Cytophagales;f__Cyclobacteriaceae;g___g__Algoriphagus"
"X246875","PFBA",0.00878193899001638,0.00947735917473093,-0.0105734106110104,0.0281372885910432,0.361517346138715,38,0.988040047204592,"Algoriphagus","Genus","Algoriphagus","d__Bacteria;p__Bacteroidota;c__Cytophagia;o__Cytophagales;f__Cyclobacteriaceae;g___g__Algoriphagus"
"X246875","N.MeFOSAA",-0.000498887162712512,0.00931785770769548,-0.0195284913108732,0.0185307169854481,0.957655841859867,38,0.984866473166429,"Algoriphagus","Genus","Algoriphagus","d__Bacteria;p__Bacteroidota;c__Cytophagia;o__Cytophagales;f__Cyclobacteriaceae;g___g__Algoriphagus"
"X252306","N.MeFOSAA",0.00358386991337289,0.00249480209864505,-0.00151119569661241,0.00867893552335819,0.161197644946072,38,0.76054568461774,"Robiginitalea","Genus","Robiginitalea","d__Bacteria;p__Bacteroidota;c__Flavobacteriia;o__Flavobacteriales;f__Flavobacteriaceae;g___g__Robiginitalea"
"X252306","PFDA",-0.00173026987958225,0.00250763438235371,-0.0068515425091372,0.00339100274997269,0.495497232222162,38,0.970835870997853,"Robiginitalea","Genus","Robiginitalea","d__Bacteria;p__Bacteroidota;c__Flavobacteriia;o__Flavobacteriales;f__Flavobacteriaceae;g___g__Robiginitalea"
"X252306","PFHpA",0.000554247324066797,0.00234470579870207,-0.00423428074675224,0.00534277539488583,0.814742448969045,38,0.903841490806226,"Robiginitalea","Genus","Robiginitalea","d__Bacteria;p__Bacteroidota;c__Flavobacteriia;o__Flavobacteriales;f__Flavobacteriaceae;g___g__Robiginitalea"
"X252306","PFBA",-0.00331894928089089,0.00259055486163623,-0.00860956812134782,0.00197166955956604,0.209948159502635,38,0.988040047204592,"Robiginitalea","Genus","Robiginitalea","d__Bacteria;p__Bacteroidota;c__Flavobacteriia;o__Flavobacteriales;f__Flavobacteriaceae;g___g__Robiginitalea"
"X252306","PFDoA",-2.28007997125351e-05,0.00248130557333811,-0.00509030282780771,0.00504470122838264,0.992729151036069,38,0.998614746589402,"Robiginitalea","Genus","Robiginitalea","d__Bacteria;p__Bacteroidota;c__Flavobacteriia;o__Flavobacteriales;f__Flavobacteriaceae;g___g__Robiginitalea"
"X261963","PFHpA",0.00114631937043985,0.00235322699912049,-0.00365961131328834,0.00595225005416805,0.629709148966469,38,0.842810768355415,"Kangiella","Genus","Kangiella","d__Bacteria;p__Pseudomonadota;c__Gammaproteobacteria;o__Kangiellales;f__Kangiellaceae;g___g__Kangiella"
"X261963","PFBA",-0.000296339945028792,0.00267764883539273,-0.00576482840919846,0.00517214851914087,0.912613778233352,38,0.990555429161283,"Kangiella","Genus","Kangiella","d__Bacteria;p__Pseudomonadota;c__Gammaproteobacteria;o__Kangiellales;f__Kangiellaceae;g___g__Kangiella"
"X261963","PFDoA",-0.00111725877235747,0.00248948820396938,-0.00620147196161098,0.00396695441689603,0.656807892544528,38,0.9178225234529,"Kangiella","Genus","Kangiella","d__Bacteria;p__Pseudomonadota;c__Gammaproteobacteria;o__Kangiellales;f__Kangiellaceae;g___g__Kangiella"
"X261963","N.MeFOSAA",0.00286768105088413,0.00254301761852908,-0.00232585378732658,0.00806121588909484,0.268398408580912,38,0.78896383019034,"Kangiella","Genus","Kangiella","d__Bacteria;p__Pseudomonadota;c__Gammaproteobacteria;o__Kangiellales;f__Kangiellaceae;g___g__Kangiella"
"X261963","PFDA",0.00154697315682625,0.00252855844234224,-0.00361703210411726,0.00671097841776976,0.545278853069614,38,0.980877391229752,"Kangiella","Genus","Kangiella","d__Bacteria;p__Pseudomonadota;c__Gammaproteobacteria;o__Kangiellales;f__Kangiellaceae;g___g__Kangiella"
"X2698753","PFHpA",-0.00136889039973176,0.00100597444522546,-0.00342336430095864,0.000685583501495112,0.183725357633976,38,0.637838448469768,"Fluviispira","Genus","Fluviispira","d__Bacteria;p__Bdellovibrionota;c__Oligoflexia;o__Silvanigrellales;f__Silvanigrellaceae;g___g__Fluviispira"
"X2698753","PFDoA",0.000369381426939623,0.00109384808052144,-0.00186455437928729,0.00260331723316654,0.73794848544869,38,0.9178225234529,"Fluviispira","Genus","Fluviispira","d__Bacteria;p__Bdellovibrionota;c__Oligoflexia;o__Silvanigrellales;f__Silvanigrellaceae;g___g__Fluviispira"
"X2698753","PFDA",-3.89258428499449e-05,0.00111628343849991,-0.00231868076272354,0.00224082907702365,0.972413651853592,38,0.985233251411874,"Fluviispira","Genus","Fluviispira","d__Bacteria;p__Bdellovibrionota;c__Oligoflexia;o__Silvanigrellales;f__Silvanigrellaceae;g___g__Fluviispira"
"X2698753","PFBA",-0.0017512484647796,0.00113072406537426,-0.00406049507917042,0.000557998149611216,0.13191939574717,38,0.988040047204592,"Fluviispira","Genus","Fluviispira","d__Bacteria;p__Bdellovibrionota;c__Oligoflexia;o__Silvanigrellales;f__Silvanigrellaceae;g___g__Fluviispira"
"X2698753","N.MeFOSAA",0.00213328387835608,0.00107050057418459,-5.29699587557679e-05,0.00431953771546793,0.0554501509151654,38,0.76054568461774,"Fluviispira","Genus","Fluviispira","d__Bacteria;p__Bdellovibrionota;c__Oligoflexia;o__Silvanigrellales;f__Silvanigrellaceae;g___g__Fluviispira"
"X2733","PFHpA",-0.00544184182384835,0.0110060622228014,-0.0279192195538133,0.0170355359061166,0.62459663009498,38,0.842810768355415,"Symbiobacterium","Genus","Symbiobacterium","d__Bacteria;p__Bacillota;c__Clostridia;o__Eubacteriales;f__Symbiobacteriaceae;g___g__Symbiobacterium"
"X2733","PFDoA",-0.0114486239775368,0.0114952730517628,-0.0349251035088138,0.0120278555537403,0.327244141072658,38,0.9178225234529,"Symbiobacterium","Genus","Symbiobacterium","d__Bacteria;p__Bacillota;c__Clostridia;o__Eubacteriales;f__Symbiobacteriaceae;g___g__Symbiobacterium"
"X2733","PFDA",0.00532903415969453,0.0118612105960619,-0.018894789539031,0.0295528578584201,0.656457028460108,38,0.985233251411874,"Symbiobacterium","Genus","Symbiobacterium","d__Bacteria;p__Bacillota;c__Clostridia;o__Eubacteriales;f__Symbiobacteriaceae;g___g__Symbiobacterium"
"X2733","PFBA",0.00073659254628022,0.0125267070955135,-0.0248463563230402,0.0263195414156007,0.953499945442414,38,0.990555429161283,"Symbiobacterium","Genus","Symbiobacterium","d__Bacteria;p__Bacillota;c__Clostridia;o__Eubacteriales;f__Symbiobacteriaceae;g___g__Symbiobacterium"
"X2733","N.MeFOSAA",0.00533238675020779,0.0121055297960414,-0.0193904033211815,0.030055176821597,0.662738726263265,38,0.92475171106502,"Symbiobacterium","Genus","Symbiobacterium","d__Bacteria;p__Bacillota;c__Clostridia;o__Eubacteriales;f__Symbiobacteriaceae;g___g__Symbiobacterium"
"X2755140","PFHpA",-0.0020282289707592,0.0021967374609393,-0.00651456538096064,0.00245810743944225,0.363222167833011,38,0.68824754755712,"Pseudoleptotrichia","Genus","Pseudoleptotrichia","d__Bacteria;p__Fusobacteriota;c__Fusobacteriia;o__Fusobacteriales;f__Leptotrichiaceae;g___g__Pseudoleptotrichia"
"X2755140","PFDoA",0.000927094462900365,0.00234923550603031,-0.00387068450443025,0.00572487343023098,0.695902771381556,38,0.9178225234529,"Pseudoleptotrichia","Genus","Pseudoleptotrichia","d__Bacteria;p__Fusobacteriota;c__Fusobacteriia;o__Fusobacteriales;f__Leptotrichiaceae;g___g__Pseudoleptotrichia"
"X2755140","PFDA",0.00305531294946614,0.00233337705435602,-0.00171007873881048,0.00782070463774275,0.200340722038708,38,0.823390170254582,"Pseudoleptotrichia","Genus","Pseudoleptotrichia","d__Bacteria;p__Fusobacteriota;c__Fusobacteriia;o__Fusobacteriales;f__Leptotrichiaceae;g___g__Pseudoleptotrichia"
"X2755140","PFBA",0.000482361881548462,0.00252386348874196,-0.0046720550049736,0.00563677876807052,0.849718838857569,38,0.990555429161283,"Pseudoleptotrichia","Genus","Pseudoleptotrichia","d__Bacteria;p__Fusobacteriota;c__Fusobacteriia;o__Fusobacteriales;f__Leptotrichiaceae;g___g__Pseudoleptotrichia"
"X2755140","N.MeFOSAA",0.00345007070702493,0.00236580950246648,-0.00138155687671811,0.00828169829076796,0.155147298863028,38,0.76054568461774,"Pseudoleptotrichia","Genus","Pseudoleptotrichia","d__Bacteria;p__Fusobacteriota;c__Fusobacteriia;o__Fusobacteriales;f__Leptotrichiaceae;g___g__Pseudoleptotrichia"
"X2767353","N.MeFOSAA",-0.00640248682478798,0.00693821460200145,-0.0205722114023626,0.00776723775278664,0.363481327880003,38,0.78896383019034,"Lancefieldella","Genus","Lancefieldella","d__Bacteria;p__Actinomycetota;c__Coriobacteriia;o__Coriobacteriales;f__Atopobiaceae;g___g__Lancefieldella"
"X2767353","PFDA",-0.00162427752949698,0.0068885033204372,-0.0156924781259655,0.0124439230669715,0.815193779131095,38,0.985233251411874,"Lancefieldella","Genus","Lancefieldella","d__Bacteria;p__Actinomycetota;c__Coriobacteriia;o__Coriobacteriales;f__Atopobiaceae;g___g__Lancefieldella"
"X2767353","PFHpA",-0.00284168461196959,0.00638124472078061,-0.0158739249421375,0.0101905557181983,0.659286707998472,38,0.842810768355415,"Lancefieldella","Genus","Lancefieldella","d__Bacteria;p__Actinomycetota;c__Coriobacteriia;o__Coriobacteriales;f__Atopobiaceae;g___g__Lancefieldella"
"X2767353","PFBA",-0.00142122739628363,0.00725313830605697,-0.0162341119804872,0.0133916571879199,0.845973254952615,38,0.990555429161283,"Lancefieldella","Genus","Lancefieldella","d__Bacteria;p__Actinomycetota;c__Coriobacteriia;o__Coriobacteriales;f__Atopobiaceae;g___g__Lancefieldella"
"X2767353","PFDoA",-0.00631209056180155,0.00667017823806955,-0.0199344118560309,0.00731023073242781,0.351548272227161,38,0.9178225234529,"Lancefieldella","Genus","Lancefieldella","d__Bacteria;p__Actinomycetota;c__Coriobacteriia;o__Coriobacteriales;f__Atopobiaceae;g___g__Lancefieldella"
"X2781120","PFHpA",0.00922387151939482,0.00483406967932158,-0.0006486158385246,0.0190963588773142,0.0659898324682788,38,0.494923743512091,"Thiosulfativibrio","Genus","Thiosulfativibrio","d__Bacteria;p__Pseudomonadota;c__Gammaproteobacteria;o__Thiotrichales;f__Piscirickettsiaceae;g___g__Thiosulfativibrio"
"X2781120","PFDoA",0.00984871353291664,0.00510477253322934,-0.000576622807380729,0.020274049873214,0.0631980679645583,38,0.9178225234529,"Thiosulfativibrio","Genus","Thiosulfativibrio","d__Bacteria;p__Pseudomonadota;c__Gammaproteobacteria;o__Thiotrichales;f__Piscirickettsiaceae;g___g__Thiosulfativibrio"
"X2781120","PFDA",0.0045825725836098,0.00544899645623189,-0.00654576279343565,0.0157109079606553,0.407004941413636,38,0.887510258528006,"Thiosulfativibrio","Genus","Thiosulfativibrio","d__Bacteria;p__Pseudomonadota;c__Gammaproteobacteria;o__Thiotrichales;f__Piscirickettsiaceae;g___g__Thiosulfativibrio"
"X2781120","PFBA",0.00575775870077982,0.00570700062790454,-0.00589749148968348,0.0174130088912431,0.321094011280892,38,0.988040047204592,"Thiosulfativibrio","Genus","Thiosulfativibrio","d__Bacteria;p__Pseudomonadota;c__Gammaproteobacteria;o__Thiotrichales;f__Piscirickettsiaceae;g___g__Thiosulfativibrio"
"X2781120","N.MeFOSAA",0.00671399553248793,0.00549050884668746,-0.00449911945618015,0.017927110521156,0.230911156395064,38,0.78896383019034,"Thiosulfativibrio","Genus","Thiosulfativibrio","d__Bacteria;p__Pseudomonadota;c__Gammaproteobacteria;o__Thiotrichales;f__Piscirickettsiaceae;g___g__Thiosulfativibrio"
"X2792240","PFDoA",-0.00128482154819285,0.00325246921901696,-0.00792724984915878,0.00535760675277308,0.695615870862641,38,0.9178225234529,"Thiospirochaeta","Genus","Thiospirochaeta","d__Bacteria;p__Spirochaetota;c__Spirochaetia;o__Spirochaetales;f__Spirochaetaceae;g___g__Thiospirochaeta"
"X2792240","N.MeFOSAA",-0.000139221712133936,0.00338944461014417,-0.00706139108159006,0.00678294765732219,0.967508193022021,38,0.984866473166429,"Thiospirochaeta","Genus","Thiospirochaeta","d__Bacteria;p__Spirochaetota;c__Spirochaetia;o__Spirochaetales;f__Spirochaetaceae;g___g__Thiospirochaeta"
"X2792240","PFHpA",-0.000103481722107665,0.00308420475941378,-0.00640226815185162,0.00619530470763629,0.973456519944723,38,0.973456519944723,"Thiospirochaeta","Genus","Thiospirochaeta","d__Bacteria;p__Spirochaetota;c__Spirochaetia;o__Spirochaetales;f__Spirochaetaceae;g___g__Thiospirochaeta"
"X2792240","PFBA",-0.00478625413475735,0.00338542234932885,-0.0117002089517383,0.00212770068222358,0.167719298859277,38,0.988040047204592,"Thiospirochaeta","Genus","Thiospirochaeta","d__Bacteria;p__Spirochaetota;c__Spirochaetia;o__Spirochaetales;f__Spirochaetaceae;g___g__Thiospirochaeta"
"X2792240","PFDA",0.00139464213665372,0.00331178686848766,-0.00536892896599877,0.00815821323930621,0.676673160041773,38,0.985233251411874,"Thiospirochaeta","Genus","Thiospirochaeta","d__Bacteria;p__Spirochaetota;c__Spirochaetia;o__Spirochaetales;f__Spirochaetaceae;g___g__Thiospirochaeta"
"X2847307","PFHpA",0.00263334647905665,0.0014541483512594,-0.000336420646096286,0.00560311360420959,0.0801784384209057,38,0.499791500102343,"Thermophilibacter","Genus","Thermophilibacter","d__Bacteria;p__Actinomycetota;c__Coriobacteriia;o__Coriobacteriales;f__Atopobiaceae;g___g__Thermophilibacter"
"X2847307","PFDoA",0.00233632196474127,0.00156209841203558,-0.000853908596190893,0.00552655252567344,0.145196489889867,38,0.9178225234529,"Thermophilibacter","Genus","Thermophilibacter","d__Bacteria;p__Actinomycetota;c__Coriobacteriia;o__Coriobacteriales;f__Atopobiaceae;g___g__Thermophilibacter"
"X2847307","PFDA",0.00191891148230477,0.00161176643662303,-0.00137275471720124,0.00521057768181079,0.243160457828133,38,0.861064353681205,"Thermophilibacter","Genus","Thermophilibacter","d__Bacteria;p__Actinomycetota;c__Coriobacteriia;o__Coriobacteriales;f__Atopobiaceae;g___g__Thermophilibacter"
"X2847307","PFBA",0.00192576529955718,0.00170024277915133,-0.00154659369732864,0.00539812429644301,0.266336551546731,38,0.988040047204592,"Thermophilibacter","Genus","Thermophilibacter","d__Bacteria;p__Actinomycetota;c__Coriobacteriia;o__Coriobacteriales;f__Atopobiaceae;g___g__Thermophilibacter"
"X2847307","N.MeFOSAA",-0.00117671516951341,0.00166939294166718,-0.00458607039302399,0.00223264005399718,0.486324196254221,38,0.833698622150093,"Thermophilibacter","Genus","Thermophilibacter","d__Bacteria;p__Actinomycetota;c__Coriobacteriia;o__Coriobacteriales;f__Atopobiaceae;g___g__Thermophilibacter"
"X2892397","PFBA",0.00200068433242718,0.00208366295408071,-0.00225472312690712,0.00625609179176148,0.344641699461887,38,0.988040047204592,"Pusillibacter","Genus","Pusillibacter","d__Bacteria;p__Bacillota;c__Clostridia;o__Eubacteriales;f__Oscillospiraceae;g___g__Pusillibacter"
"X2892397","PFDoA",0.00389850980281894,0.00184011077742285,0.000140502245545189,0.00765651736009269,0.0425142362242786,38,0.9178225234529,"Pusillibacter","Genus","Pusillibacter","d__Bacteria;p__Bacillota;c__Clostridia;o__Eubacteriales;f__Oscillospiraceae;g___g__Pusillibacter"
"X2892397","N.MeFOSAA",-0.00137976349646127,0.00203526334171521,-0.00553632576056586,0.00277679876764332,0.50301250647735,38,0.838354177462251,"Pusillibacter","Genus","Pusillibacter","d__Bacteria;p__Bacillota;c__Clostridia;o__Eubacteriales;f__Oscillospiraceae;g___g__Pusillibacter"
"X2892397","PFDA",-0.00291727078017658,0.00193779954215156,-0.00687478541094586,0.00104024385059271,0.142664380727186,38,0.823390170254582,"Pusillibacter","Genus","Pusillibacter","d__Bacteria;p__Bacillota;c__Clostridia;o__Eubacteriales;f__Oscillospiraceae;g___g__Pusillibacter"
"X2892397","PFHpA",0.00147258880138268,0.00184662070305325,-0.0022987137976986,0.00524389140046396,0.431456236465267,38,0.698651971702302,"Pusillibacter","Genus","Pusillibacter","d__Bacteria;p__Bacillota;c__Clostridia;o__Eubacteriales;f__Oscillospiraceae;g___g__Pusillibacter"
"X2894574","PFHpA",-0.000951469832427146,0.00198296449180138,-0.00500122359585649,0.0030982839310022,0.634833906381487,38,0.842810768355415,"Saccharobesus","Genus","Saccharobesus","d__Bacteria;p__Pseudomonadota;c__Gammaproteobacteria;o__Alteromonadales;f__Alteromonadaceae;g___g__Saccharobesus"
"X2894574","PFDoA",0.00126131991161649,0.00209193348553687,-0.0030109782263097,0.00553361804954268,0.551076890717356,38,0.9178225234529,"Saccharobesus","Genus","Saccharobesus","d__Bacteria;p__Pseudomonadota;c__Gammaproteobacteria;o__Alteromonadales;f__Alteromonadaceae;g___g__Saccharobesus"
"X2894574","PFDA",-0.00200274590639675,0.0021122949217037,-0.0063166276445772,0.00231113583178369,0.350635062894618,38,0.861064353681205,"Saccharobesus","Genus","Saccharobesus","d__Bacteria;p__Pseudomonadota;c__Gammaproteobacteria;o__Alteromonadales;f__Alteromonadaceae;g___g__Saccharobesus"
"X2894574","PFBA",-0.00297397029944338,0.00219023900477369,-0.00744703509160931,0.00149909449272256,0.184643866247399,38,0.988040047204592,"Saccharobesus","Genus","Saccharobesus","d__Bacteria;p__Pseudomonadota;c__Gammaproteobacteria;o__Alteromonadales;f__Alteromonadaceae;g___g__Saccharobesus"
"X2894574","N.MeFOSAA",0.00341996387358871,0.00209657940891007,-0.000861822505676649,0.00770175025285408,0.113301044734651,38,0.76054568461774,"Saccharobesus","Genus","Saccharobesus","d__Bacteria;p__Pseudomonadota;c__Gammaproteobacteria;o__Alteromonadales;f__Alteromonadaceae;g___g__Saccharobesus"
"X349742","N.MeFOSAA",-0.0017637230457268,0.00365946160146788,-0.00923734067929666,0.00570989458784306,0.633330248824449,38,0.919393710834544,"Sedimenticola","Genus","Sedimenticola","d__Bacteria;p__Pseudomonadota;c__Gammaproteobacteria;o__;f__;g___g__Sedimenticola"
"X349742","PFDA",-0.000179036949726147,0.00359977726668154,-0.00753076291028922,0.00717268901083693,0.960662779416778,38,0.985233251411874,"Sedimenticola","Genus","Sedimenticola","d__Bacteria;p__Pseudomonadota;c__Gammaproteobacteria;o__;f__;g___g__Sedimenticola"
"X349742","PFHpA",0.00839476378723514,0.00297066421434924,0.00232785808534994,0.0144616694891203,0.00830898287566603,38,0.427229433274113,"Sedimenticola","Genus","Sedimenticola","d__Bacteria;p__Pseudomonadota;c__Gammaproteobacteria;o__;f__;g___g__Sedimenticola"
"X349742","PFBA",-0.00159544828763442,0.00377818646094195,-0.00931153443158641,0.00612063785631757,0.675832633877916,38,0.990555429161283,"Sedimenticola","Genus","Sedimenticola","d__Bacteria;p__Pseudomonadota;c__Gammaproteobacteria;o__;f__;g___g__Sedimenticola"
"X349742","PFDoA",-0.000794981456491261,0.00353121821332872,-0.00800669115076178,0.00641672823777926,0.823405041190392,38,0.9178225234529,"Sedimenticola","Genus","Sedimenticola","d__Bacteria;p__Pseudomonadota;c__Gammaproteobacteria;o__;f__;g___g__Sedimenticola"
"X41707","PFHpA",0.00188955687369412,0.00133258555120716,-0.00083194589320126,0.0046110596405895,0.16650589169756,38,0.637838448469768,"Lawsonia","Genus","Lawsonia","d__Bacteria;p__Thermodesulfobacteriota;c__Desulfovibrionia;o__Desulfovibrionales;f__Desulfovibrionaceae;g___g__Lawsonia"
"X41707","PFDoA",-0.0012024973976874,0.00143870354949014,-0.00414072202959394,0.00173572723421914,0.409863966748325,38,0.9178225234529,"Lawsonia","Genus","Lawsonia","d__Bacteria;p__Thermodesulfobacteriota;c__Desulfovibrionia;o__Desulfovibrionales;f__Desulfovibrionaceae;g___g__Lawsonia"
"X41707","PFDA",0.00100064680281207,0.00147112329786999,-0.00200378778825086,0.004005081393875,0.501598533348891,38,0.970835870997853,"Lawsonia","Genus","Lawsonia","d__Bacteria;p__Thermodesulfobacteriota;c__Desulfovibrionia;o__Desulfovibrionales;f__Desulfovibrionaceae;g___g__Lawsonia"
"X41707","PFBA",-0.00174322859825823,0.0015276455994888,-0.004863097129084,0.00137663993256754,0.262847084383058,38,0.988040047204592,"Lawsonia","Genus","Lawsonia","d__Bacteria;p__Thermodesulfobacteriota;c__Desulfovibrionia;o__Desulfovibrionales;f__Desulfovibrionaceae;g___g__Lawsonia"
"X41707","N.MeFOSAA",0.000404089746730248,0.00151096297237247,-0.00268170831423709,0.00348988780769759,0.790961595720415,38,0.954310435907671,"Lawsonia","Genus","Lawsonia","d__Bacteria;p__Thermodesulfobacteriota;c__Desulfovibrionia;o__Desulfovibrionales;f__Desulfovibrionaceae;g___g__Lawsonia"
"X42255","PFDoA",-0.000881957472434345,0.00252373104115548,-0.00603610386489864,0.00427218892002995,0.729180994897089,38,0.9178225234529,"Rubrobacter","Genus","Rubrobacter","d__Bacteria;p__Actinomycetota;c__Rubrobacteria;o__Rubrobacterales;f__Rubrobacteraceae;g___g__Rubrobacter"
"X42255","N.MeFOSAA",-0.00222618009518171,0.00259699764683201,-0.00752995685838585,0.00307759666802242,0.39812348032548,38,0.78896383019034,"Rubrobacter","Genus","Rubrobacter","d__Bacteria;p__Actinomycetota;c__Rubrobacteria;o__Rubrobacterales;f__Rubrobacteraceae;g___g__Rubrobacter"
"X42255","PFHpA",0.0020603120806449,0.00236210206407279,-0.00276374390378327,0.00688436806507307,0.390006943615701,38,0.68824754755712,"Rubrobacter","Genus","Rubrobacter","d__Bacteria;p__Actinomycetota;c__Rubrobacteria;o__Rubrobacterales;f__Rubrobacteraceae;g___g__Rubrobacter"
"X42255","PFBA",-3.71021500819109e-05,0.00271145924271473,-0.00557464067786163,0.0055004363776978,0.989173113026362,38,0.990555429161283,"Rubrobacter","Genus","Rubrobacter","d__Bacteria;p__Actinomycetota;c__Rubrobacteria;o__Rubrobacterales;f__Rubrobacteraceae;g___g__Rubrobacter"
"X42255","PFDA",0.00262895380027833,0.00253077867404373,-0.00253958577871575,0.0077974933792724,0.307201679907545,38,0.861064353681205,"Rubrobacter","Genus","Rubrobacter","d__Bacteria;p__Actinomycetota;c__Rubrobacteria;o__Rubrobacterales;f__Rubrobacteraceae;g___g__Rubrobacter"
"X44","N.MeFOSAA",-0.000509190221095305,0.00180381140709914,-0.00419306457417585,0.00317468413198524,0.7796628302362,38,0.954310435907671,"Melittangium","Genus","Melittangium","d__Bacteria;p__Myxococcota;c__Myxococcia;o__Myxococcales;f__Archangiaceae;g___g__Melittangium"
"X44","PFDA",0.000160333406392346,0.00176973892518423,-0.00345395565535556,0.00377462246814025,0.928414853847519,38,0.985233251411874,"Melittangium","Genus","Melittangium","d__Bacteria;p__Myxococcota;c__Myxococcia;o__Myxococcales;f__Archangiaceae;g___g__Melittangium"
"X44","PFHpA",0.00173191428432878,0.0016128260808165,-0.00156191599732702,0.00502574456598459,0.291456954702178,38,0.68824754755712,"Melittangium","Genus","Melittangium","d__Bacteria;p__Myxococcota;c__Myxococcia;o__Myxococcales;f__Archangiaceae;g___g__Melittangium"
"X44","PFBA",0.000892260391133127,0.0018560040193754,-0.00289820549642164,0.00468272627868789,0.634186886670561,38,0.990555429161283,"Melittangium","Genus","Melittangium","d__Bacteria;p__Myxococcota;c__Myxococcia;o__Myxococcales;f__Archangiaceae;g___g__Melittangium"
"X44","PFDoA",0.000724365912519325,0.00173262550834864,-0.00281412744026604,0.00426285926530469,0.678870443181122,38,0.9178225234529,"Melittangium","Genus","Melittangium","d__Bacteria;p__Myxococcota;c__Myxococcia;o__Myxococcales;f__Archangiaceae;g___g__Melittangium"
"X441","PFDA",0.000833192747532139,0.00229555069843752,-0.00385494721592988,0.00552133271099416,0.719179792648651,38,0.985233251411874,"Gluconobacter","Genus","Gluconobacter","d__Bacteria;p__Pseudomonadota;c__Alphaproteobacteria;o__Rhodospirillales;f__Acetobacteraceae;g___g__Gluconobacter"
"X441","PFDoA",0.000500345465703755,0.00225673426220753,-0.00410852075919398,0.00510921169060149,0.82604027110761,38,0.9178225234529,"Gluconobacter","Genus","Gluconobacter","d__Bacteria;p__Pseudomonadota;c__Alphaproteobacteria;o__Rhodospirillales;f__Acetobacteraceae;g___g__Gluconobacter"
"X441","N.MeFOSAA",0.00203252969299761,0.00231815548758398,-0.00270177540871872,0.00676683479471394,0.387569384591357,38,0.78896383019034,"Gluconobacter","Genus","Gluconobacter","d__Bacteria;p__Pseudomonadota;c__Alphaproteobacteria;o__Rhodospirillales;f__Acetobacteraceae;g___g__Gluconobacter"
"X441","PFHpA",0.00502159213086069,0.00192948742921714,0.00108105309939105,0.00896213116233033,0.0142409811091371,38,0.427229433274113,"Gluconobacter","Genus","Gluconobacter","d__Bacteria;p__Pseudomonadota;c__Alphaproteobacteria;o__Rhodospirillales;f__Acetobacteraceae;g___g__Gluconobacter"
"X441","PFBA",0.0016634919261479,0.00240255065001044,-0.00324317109123706,0.00657015494353287,0.494020023602296,38,0.988040047204592,"Gluconobacter","Genus","Gluconobacter","d__Bacteria;p__Pseudomonadota;c__Alphaproteobacteria;o__Rhodospirillales;f__Acetobacteraceae;g___g__Gluconobacter"
"X44249","PFHpA",-0.00234640577761803,0.00267623343744478,-0.00781200361354389,0.00311919205830783,0.387585799014079,38,0.68824754755712,"Paenibacillus","Genus","Paenibacillus","d__Bacteria;p__Bacillota;c__Bacilli;o__Bacillales;f__Paenibacillaceae;g___g__Paenibacillus"
"X44249","PFDoA",0.00118051540769773,0.0028574223199004,-0.00465511949225523,0.00701615030765069,0.682442242991807,38,0.9178225234529,"Paenibacillus","Genus","Paenibacillus","d__Bacteria;p__Bacillota;c__Bacilli;o__Bacillales;f__Paenibacillaceae;g___g__Paenibacillus"
"X44249","PFDA",0.00215611833567156,0.00289216314798216,-0.00375046680058189,0.00806270347192502,0.461768752218092,38,0.95538362527881,"Paenibacillus","Genus","Paenibacillus","d__Bacteria;p__Bacillota;c__Bacilli;o__Bacillales;f__Paenibacillaceae;g___g__Paenibacillus"
"X44249","PFBA",-0.000586708777829013,0.00307058743115925,-0.00685768491315032,0.00568426735749229,0.849755056053842,38,0.990555429161283,"Paenibacillus","Genus","Paenibacillus","d__Bacteria;p__Bacillota;c__Bacilli;o__Bacillales;f__Paenibacillaceae;g___g__Paenibacillus"
"X44249","N.MeFOSAA",0.00532912279436194,0.002815174783662,-0.000420231125984767,0.0110784767147086,0.068040711525894,38,0.76054568461774,"Paenibacillus","Genus","Paenibacillus","d__Bacteria;p__Bacillota;c__Bacilli;o__Bacillales;f__Paenibacillaceae;g___g__Paenibacillus"
"X447237","PFHpA",0.0177484606768437,0.00846987958668077,0.000450658888777454,0.03504626246491,0.0446711322035454,38,0.494923743512091,"Frondihabitans","Genus","Frondihabitans","d__Bacteria;p__Actinomycetota;c__Actinomycetes;o__Micrococcales;f__Microbacteriaceae;g___g__Frondihabitans"
"X447237","PFDoA",0.00455253245924881,0.00955189717617012,-0.014955044049065,0.0240601089675626,0.637092963608773,38,0.9178225234529,"Frondihabitans","Genus","Frondihabitans","d__Bacteria;p__Actinomycetota;c__Actinomycetes;o__Micrococcales;f__Microbacteriaceae;g___g__Frondihabitans"
"X447237","PFDA",0.00887384466572436,0.0096309809075677,-0.0107952423689643,0.028542931700413,0.364199954206502,38,0.861064353681205,"Frondihabitans","Genus","Frondihabitans","d__Bacteria;p__Actinomycetota;c__Actinomycetes;o__Micrococcales;f__Microbacteriaceae;g___g__Frondihabitans"
"X447237","PFBA",0.00437343848816411,0.0102492691192651,-0.0165583615313298,0.025305238507658,0.672639150008516,38,0.990555429161283,"Frondihabitans","Genus","Frondihabitans","d__Bacteria;p__Actinomycetota;c__Actinomycetes;o__Micrococcales;f__Microbacteriaceae;g___g__Frondihabitans"
"X447237","N.MeFOSAA",-0.0046415388311788,0.00993008419461437,-0.024921476270592,0.0156383986082344,0.643575597584181,38,0.919393710834544,"Frondihabitans","Genus","Frondihabitans","d__Bacteria;p__Actinomycetota;c__Actinomycetes;o__Micrococcales;f__Microbacteriaceae;g___g__Frondihabitans"
"X543311","N.MeFOSAA",-0.000441889901923228,0.00175913868537729,-0.00403453038588323,0.00315075058203678,0.803374672422576,38,0.954310435907671,"Parvimonas","Genus","Parvimonas","d__Bacteria;p__Bacillota;c__Tissierellia;o__Tissierellales;f__Peptoniphilaceae;g___g__Parvimonas"
"X543311","PFDA",-3.2206578753467e-05,0.00172566015021797,-0.00355647477248028,0.00349206161497335,0.985233251411874,38,0.985233251411874,"Parvimonas","Genus","Parvimonas","d__Bacteria;p__Bacillota;c__Tissierellia;o__Tissierellales;f__Peptoniphilaceae;g___g__Parvimonas"
"X543311","PFHpA",-0.000678138114525452,0.00159759486118868,-0.00394086209585949,0.00258458586680858,0.674248614684332,38,0.842810768355415,"Parvimonas","Genus","Parvimonas","d__Bacteria;p__Bacillota;c__Tissierellia;o__Tissierellales;f__Peptoniphilaceae;g___g__Parvimonas"
"X543311","PFBA",-0.00136156767281507,0.00179940647059985,-0.00503644594541137,0.00231331059978122,0.455145758264124,38,0.988040047204592,"Parvimonas","Genus","Parvimonas","d__Bacteria;p__Bacillota;c__Tissierellia;o__Tissierellales;f__Peptoniphilaceae;g___g__Parvimonas"
"X543311","PFDoA",0.000475158615556145,0.00169194108917309,-0.00298024606854638,0.00393056329965867,0.780763682724661,38,0.9178225234529,"Parvimonas","Genus","Parvimonas","d__Bacteria;p__Bacillota;c__Tissierellia;o__Tissierellales;f__Peptoniphilaceae;g___g__Parvimonas"
"X60919","PFHpA",0.000161885052116905,0.00203773041967803,-0.0039997156573587,0.00432348576159251,0.937207205702057,38,0.953092073595312,"Sanguibacter","Genus","Sanguibacter","d__Bacteria;p__Actinomycetota;c__Actinomycetes;o__Micrococcales;f__Sanguibacteraceae;g___g__Sanguibacter"
"X60919","PFDoA",0.00248878807797089,0.00210621355053758,-0.00181267384338044,0.00679024999932222,0.246630649846145,38,0.9178225234529,"Sanguibacter","Genus","Sanguibacter","d__Bacteria;p__Actinomycetota;c__Actinomycetes;o__Micrococcales;f__Sanguibacteraceae;g___g__Sanguibacter"
"X60919","PFDA",-0.000241648850165958,0.00219429747365567,-0.00472300214154431,0.0042397044412124,0.913042986842709,38,0.985233251411874,"Sanguibacter","Genus","Sanguibacter","d__Bacteria;p__Actinomycetota;c__Actinomycetes;o__Micrococcales;f__Sanguibacteraceae;g___g__Sanguibacter"
"X60919","PFBA",8.26619955216806e-05,0.00231020624449239,-0.00463540858598024,0.0048007325770236,0.971693837749108,38,0.990555429161283,"Sanguibacter","Genus","Sanguibacter","d__Bacteria;p__Actinomycetota;c__Actinomycetes;o__Micrococcales;f__Sanguibacteraceae;g___g__Sanguibacter"
"X60919","N.MeFOSAA",0.00277081694762871,0.00218177819841589,-0.00168496857275459,0.00722660246801202,0.213853817101355,38,0.78896383019034,"Sanguibacter","Genus","Sanguibacter","d__Bacteria;p__Actinomycetota;c__Actinomycetes;o__Micrococcales;f__Sanguibacteraceae;g___g__Sanguibacter"
"X74385","PFHpA",-0.000416966860657167,0.00233968895457818,-0.00519524916890443,0.0043613154475901,0.859752400127125,38,0.907687484141035,"Gracilibacillus","Genus","Gracilibacillus","d__Bacteria;p__Bacillota;c__Bacilli;o__Bacillales;f__Bacillaceae;g___g__Gracilibacillus"
"X74385","PFDoA",0.00268139689645121,0.00242610669019557,-0.00227337397298335,0.00763616776588578,0.277846831653495,38,0.9178225234529,"Gracilibacillus","Genus","Gracilibacillus","d__Bacteria;p__Bacillota;c__Bacilli;o__Bacillales;f__Bacillaceae;g___g__Gracilibacillus"
"X74385","PFDA",0.00149302515416108,0.00250625414034109,-0.00362542864514847,0.00661147895347063,0.555830521696859,38,0.980877391229752,"Gracilibacillus","Genus","Gracilibacillus","d__Bacteria;p__Bacillota;c__Bacilli;o__Bacillales;f__Bacillaceae;g___g__Gracilibacillus"
"X74385","PFBA",-0.00394884430783116,0.00255391152149442,-0.0091646274640096,0.00126693884834728,0.132542712264122,38,0.988040047204592,"Gracilibacillus","Genus","Gracilibacillus","d__Bacteria;p__Bacillota;c__Bacilli;o__Bacillales;f__Bacillaceae;g___g__Gracilibacillus"
"X74385","N.MeFOSAA",0.00235887731322761,0.00253632555266162,-0.00282099050318623,0.00753874512964145,0.359775654735076,38,0.78896383019034,"Gracilibacillus","Genus","Gracilibacillus","d__Bacteria;p__Bacillota;c__Bacilli;o__Bacillales;f__Bacillaceae;g___g__Gracilibacillus"
"X748770","PFHpA",0.0020694303769163,0.00231185047986399,-0.00265199818119673,0.00679085893502933,0.377838341644568,38,0.68824754755712,"Dolichospermum","Genus","Dolichospermum","d__Bacteria;p__Cyanobacteriota;c__Cyanophyceae;o__Nostocales;f__Aphanizomenonaceae;g___g__Dolichospermum"
"X748770","PFDoA",-0.000756615598073793,0.0024728360655072,-0.00580682058360746,0.00429358938745988,0.761740164799255,38,0.9178225234529,"Dolichospermum","Genus","Dolichospermum","d__Bacteria;p__Cyanobacteriota;c__Cyanophyceae;o__Nostocales;f__Aphanizomenonaceae;g___g__Dolichospermum"
"X748770","PFDA",-0.00253731359257542,0.00247985328194734,-0.0076018496459647,0.00252722246081387,0.314407299790843,38,0.861064353681205,"Dolichospermum","Genus","Dolichospermum","d__Bacteria;p__Cyanobacteriota;c__Cyanophyceae;o__Nostocales;f__Aphanizomenonaceae;g___g__Dolichospermum"
"X748770","PFBA",-0.00189344234557739,0.00263293206505405,-0.0072706069813496,0.00348372229019483,0.477620481377429,38,0.988040047204592,"Dolichospermum","Genus","Dolichospermum","d__Bacteria;p__Cyanobacteriota;c__Cyanophyceae;o__Nostocales;f__Aphanizomenonaceae;g___g__Dolichospermum"
"X748770","N.MeFOSAA",0.00230012206770649,0.00253989901282779,-0.00288704372797841,0.00748728786339139,0.372365846468368,38,0.78896383019034,"Dolichospermum","Genus","Dolichospermum","d__Bacteria;p__Cyanobacteriota;c__Cyanophyceae;o__Nostocales;f__Aphanizomenonaceae;g___g__Dolichospermum"
"X76890","PFBA",-0.00124197171028627,0.00141821517856963,-0.00413835350658736,0.00165441008601483,0.388135637029493,38,0.988040047204592,"Asticcacaulis","Genus","Asticcacaulis","d__Bacteria;p__Pseudomonadota;c__Alphaproteobacteria;o__Caulobacterales;f__Caulobacteraceae;g___g__Asticcacaulis"
"X76890","PFDoA",-0.00176223852926583,0.00130029085364767,-0.00441778672485088,0.000893309666319222,0.185450229410196,38,0.9178225234529,"Asticcacaulis","Genus","Asticcacaulis","d__Bacteria;p__Pseudomonadota;c__Alphaproteobacteria;o__Caulobacterales;f__Caulobacteraceae;g___g__Asticcacaulis"
"X76890","N.MeFOSAA",-0.000532391049203708,0.00138894256976517,-0.00336899020281938,0.00230420810441197,0.704195216709102,38,0.942494185462992,"Asticcacaulis","Genus","Asticcacaulis","d__Bacteria;p__Pseudomonadota;c__Alphaproteobacteria;o__Caulobacterales;f__Caulobacteraceae;g___g__Asticcacaulis"
"X76890","PFDA",0.000459901631237163,0.00136182934849908,-0.00232132493738518,0.0032411281998595,0.737934437532694,38,0.985233251411874,"Asticcacaulis","Genus","Asticcacaulis","d__Bacteria;p__Pseudomonadota;c__Alphaproteobacteria;o__Caulobacterales;f__Caulobacteraceae;g___g__Asticcacaulis"
"X76890","PFHpA",0.000976269307664086,0.00125433839177319,-0.00158543144073549,0.00353797005606366,0.442479582078124,38,0.698651971702302,"Asticcacaulis","Genus","Asticcacaulis","d__Bacteria;p__Pseudomonadota;c__Alphaproteobacteria;o__Caulobacterales;f__Caulobacteraceae;g___g__Asticcacaulis"
"X773","PFBA",0.00189268253413882,0.00183713247043806,-0.00185924250881348,0.00564460757709112,0.311133450264273,38,0.988040047204592,"Bartonella","Genus","Bartonella","d__Bacteria;p__Pseudomonadota;c__Alphaproteobacteria;o__Hyphomicrobiales;f__Bartonellaceae;g___g__Bartonella"
"X773","PFDoA",-0.00238742000249873,0.00168809001003323,-0.00583495973374687,0.00106011972874941,0.167576833763611,38,0.9178225234529,"Bartonella","Genus","Bartonella","d__Bacteria;p__Pseudomonadota;c__Alphaproteobacteria;o__Hyphomicrobiales;f__Bartonellaceae;g___g__Bartonella"
"X773","N.MeFOSAA",0.00183880168577784,0.00178085719665855,-0.00179819391556374,0.00547579728711942,0.310072978670637,38,0.78896383019034,"Bartonella","Genus","Bartonella","d__Bacteria;p__Pseudomonadota;c__Alphaproteobacteria;o__Hyphomicrobiales;f__Bartonellaceae;g___g__Bartonella"
"X773","PFDA",0.00225378819991468,0.00172755023781592,-0.00127434006765342,0.00578191646748278,0.201943859241501,38,0.823390170254582,"Bartonella","Genus","Bartonella","d__Bacteria;p__Pseudomonadota;c__Alphaproteobacteria;o__Hyphomicrobiales;f__Bartonellaceae;g___g__Bartonella"
"X773","PFHpA",0.00158622851052703,0.00162337781026297,-0.00172915127754364,0.0049016082985977,0.336325753488036,38,0.68824754755712,"Bartonella","Genus","Bartonella","d__Bacteria;p__Pseudomonadota;c__Alphaproteobacteria;o__Hyphomicrobiales;f__Bartonellaceae;g___g__Bartonella"
"X80865","N.MeFOSAA",0.00107667900784198,0.00115421630404431,-0.00128054515852153,0.00343390317420549,0.358358934096003,38,0.78896383019034,"Delftia","Genus","Delftia","d__Bacteria;p__Pseudomonadota;c__Betaproteobacteria;o__Burkholderiales;f__Comamonadaceae;g___g__Delftia"
"X80865","PFDA",0.00152146086694761,0.00111322052584283,-0.000752038750770388,0.00379496048466561,0.181869066781587,38,0.823390170254582,"Delftia","Genus","Delftia","d__Bacteria;p__Pseudomonadota;c__Betaproteobacteria;o__Burkholderiales;f__Comamonadaceae;g___g__Delftia"
"X80865","PFHpA",0.00193932080537096,0.00100482825153031,-0.000112812256042727,0.00399145386678465,0.0631093645172577,38,0.494923743512091,"Delftia","Genus","Delftia","d__Bacteria;p__Pseudomonadota;c__Betaproteobacteria;o__Burkholderiales;f__Comamonadaceae;g___g__Delftia"
"X80865","PFBA",0.00090873488235502,0.00119629194100749,-0.00153441919845972,0.00335188896316976,0.453406189880063,38,0.988040047204592,"Delftia","Genus","Delftia","d__Bacteria;p__Pseudomonadota;c__Betaproteobacteria;o__Burkholderiales;f__Comamonadaceae;g___g__Delftia"
"X80865","PFDoA",0.000755580228040761,0.00111792704833733,-0.00152753139093272,0.00303869184701424,0.504296570981088,38,0.9178225234529,"Delftia","Genus","Delftia","d__Bacteria;p__Pseudomonadota;c__Betaproteobacteria;o__Burkholderiales;f__Comamonadaceae;g___g__Delftia"
"X81466","PFBA",-0.000706697292650767,0.00313463373577429,-0.00710847343181526,0.00569507884651373,0.823159460307599,38,0.990555429161283,"Aminobacterium","Genus","Aminobacterium","d__Bacteria;p__Synergistota;c__Synergistia;o__Synergistales;f__Aminobacteriaceae;g___g__Aminobacterium"
"X81466","PFDoA",-0.00387289468483884,0.00283928403248473,-0.00967148625999832,0.00192569689032064,0.182702313846546,38,0.9178225234529,"Aminobacterium","Genus","Aminobacterium","d__Bacteria;p__Synergistota;c__Synergistia;o__Synergistales;f__Aminobacteriaceae;g___g__Aminobacterium"
"X81466","N.MeFOSAA",0.000201083790089839,0.00304119687034113,-0.00600986881239738,0.00641203639257706,0.947721001743744,38,0.984866473166429,"Aminobacterium","Genus","Aminobacterium","d__Bacteria;p__Synergistota;c__Synergistia;o__Synergistales;f__Aminobacteriaceae;g___g__Aminobacterium"
"X81466","PFDA",0.000858430143369675,0.00297629750674791,-0.00521998027641963,0.00693684056315898,0.775007074838946,38,0.985233251411874,"Aminobacterium","Genus","Aminobacterium","d__Bacteria;p__Synergistota;c__Synergistia;o__Synergistales;f__Aminobacteriaceae;g___g__Aminobacterium"
"X81466","PFHpA",-0.00457793642153922,0.00263826509862629,-0.00996599256488456,0.000810119721806107,0.092967877092736,38,0.499791500102343,"Aminobacterium","Genus","Aminobacterium","d__Bacteria;p__Synergistota;c__Synergistia;o__Synergistales;f__Aminobacteriaceae;g___g__Aminobacterium"
"X816","PFDoA",-0.00294299012850212,0.00144599521550401,-0.00589610632906932,1.01260720650853e-05,0.0507415207624137,38,0.9178225234529,"Bacteroides","Genus","Bacteroides","d__Bacteria;p__Bacteroidota;c__Bacteroidia;o__Bacteroidales;f__Bacteroidaceae;g___g__Bacteroides"
"X816","N.MeFOSAA",-0.000373256049114389,0.00160199495603267,-0.00364496622295343,0.00289845412472465,0.817348058271876,38,0.954310435907671,"Bacteroides","Genus","Bacteroides","d__Bacteria;p__Bacteroidota;c__Bacteroidia;o__Bacteroidales;f__Bacteroidaceae;g___g__Bacteroides"
"X816","PFHpA",0.000961498331706742,0.0014484314258841,-0.00199659327421749,0.00391958993763098,0.511874993461914,38,0.787499989941407,"Bacteroides","Genus","Bacteroides","d__Bacteria;p__Bacteroidota;c__Bacteroidia;o__Bacteroidales;f__Bacteroidaceae;g___g__Bacteroides"
"X816","PFBA",-0.00153076816073537,0.00163020327180947,-0.00486008740092401,0.00179855107945327,0.355227724759219,38,0.988040047204592,"Bacteroides","Genus","Bacteroides","d__Bacteria;p__Bacteroidota;c__Bacteroidia;o__Bacteroidales;f__Bacteroidaceae;g___g__Bacteroides"
"X816","PFDA",-0.000249023275593989,0.00157062790106047,-0.00345667337702802,0.00295862682584004,0.875085816041495,38,0.985233251411874,"Bacteroides","Genus","Bacteroides","d__Bacteria;p__Bacteroidota;c__Bacteroidia;o__Bacteroidales;f__Bacteroidaceae;g___g__Bacteroides"
"X872","PFDA",-8.39640033653572e-05,0.00166415427910291,-0.00348262045061307,0.00331469244388236,0.960094680052564,38,0.985233251411874,"Desulfovibrio","Genus","Desulfovibrio","d__Bacteria;p__Thermodesulfobacteriota;c__Desulfovibrionia;o__Desulfovibrionales;f__Desulfovibrionaceae;g___g__Desulfovibrio"
"X872","PFHpA",0.000544972783633473,0.00154212321675814,-0.00260446298617435,0.00369440855344129,0.726266520669256,38,0.85443120078736,"Desulfovibrio","Genus","Desulfovibrio","d__Bacteria;p__Thermodesulfobacteriota;c__Desulfovibrionia;o__Desulfovibrionales;f__Desulfovibrionaceae;g___g__Desulfovibrio"
"X872","PFBA",0.00126546758815462,0.00173651458461594,-0.00228096831797189,0.00481190349428113,0.471811708405116,38,0.988040047204592,"Desulfovibrio","Genus","Desulfovibrio","d__Bacteria;p__Thermodesulfobacteriota;c__Desulfovibrionia;o__Desulfovibrionales;f__Desulfovibrionaceae;g___g__Desulfovibrio"
"X872","PFDoA",0.000923074099104036,0.00162512512030856,-0.00239587417214537,0.00424202237035344,0.574260727929046,38,0.9178225234529,"Desulfovibrio","Genus","Desulfovibrio","d__Bacteria;p__Thermodesulfobacteriota;c__Desulfovibrionia;o__Desulfovibrionales;f__Desulfovibrionaceae;g___g__Desulfovibrio"
"X872","N.MeFOSAA",0.000269804785797479,0.00169757036758928,-0.00319709641856327,0.00373670599015823,0.874784566248699,38,0.954310435907671,"Desulfovibrio","Genus","Desulfovibrio","d__Bacteria;p__Thermodesulfobacteriota;c__Desulfovibrionia;o__Desulfovibrionales;f__Desulfovibrionaceae;g___g__Desulfovibrio"
"X881616","PFHpA",0.00212291708837067,0.00168628603690498,-0.00132093843824574,0.00556677261498707,0.217763825826519,38,0.646166886120521,"Herbiconiux","Genus","Herbiconiux","d__Bacteria;p__Actinomycetota;c__Actinomycetes;o__Micrococcales;f__Microbacteriaceae;g___g__Herbiconiux"
"X881616","PFDoA",-0.00115688107117316,0.00181712421185234,-0.0048679437987173,0.00255418165637098,0.529178008110917,38,0.9178225234529,"Herbiconiux","Genus","Herbiconiux","d__Bacteria;p__Actinomycetota;c__Actinomycetes;o__Micrococcales;f__Microbacteriaceae;g___g__Herbiconiux"
"X881616","PFDA",0.00234506096420875,0.00181352479319447,-0.00135865076975172,0.00604877269816922,0.205847542563646,38,0.823390170254582,"Herbiconiux","Genus","Herbiconiux","d__Bacteria;p__Actinomycetota;c__Actinomycetes;o__Micrococcales;f__Microbacteriaceae;g___g__Herbiconiux"
"X881616","PFBA",-0.00111847363658113,0.00195079485229569,-0.00510252823131885,0.00286558095815659,0.570686068325982,38,0.990555429161283,"Herbiconiux","Genus","Herbiconiux","d__Bacteria;p__Actinomycetota;c__Actinomycetes;o__Micrococcales;f__Microbacteriaceae;g___g__Herbiconiux"
"X881616","N.MeFOSAA",0.00148450488365209,0.00188210036345503,-0.00235925684862666,0.00532826661593085,0.436447805116028,38,0.818339634592553,"Herbiconiux","Genus","Herbiconiux","d__Bacteria;p__Actinomycetota;c__Actinomycetes;o__Micrococcales;f__Microbacteriaceae;g___g__Herbiconiux"
"X896","PFHpA",0.000746343961670719,0.00185742982824838,-0.00304703381607329,0.00453972173941473,0.690668210164499,38,0.845716175711631,"Desulfococcus","Genus","Desulfococcus","d__Bacteria;p__Thermodesulfobacteriota;c__Desulfobacteria;o__Desulfobacterales;f__Desulfococcaceae;g___g__Desulfococcus"
"X896","PFDoA",0.00126805147241999,0.0019554363376655,-0.00272548230004483,0.0052615852448848,0.521611005678054,38,0.9178225234529,"Desulfococcus","Genus","Desulfococcus","d__Bacteria;p__Thermodesulfobacteriota;c__Desulfobacteria;o__Desulfobacterales;f__Desulfococcaceae;g___g__Desulfococcus"
"X896","PFDA",0.000448451200477923,0.00200404121591354,-0.00364434697607474,0.00454124937703058,0.824450510141363,38,0.985233251411874,"Desulfococcus","Genus","Desulfococcus","d__Bacteria;p__Thermodesulfobacteriota;c__Desulfobacteria;o__Desulfobacterales;f__Desulfococcaceae;g___g__Desulfococcus"
"X896","PFBA",2.52008850754456e-05,0.00211127360958852,-0.00428659505550289,0.00433699682565378,0.990555429161283,38,0.990555429161283,"Desulfococcus","Genus","Desulfococcus","d__Bacteria;p__Thermodesulfobacteriota;c__Desulfobacteria;o__Desulfobacterales;f__Desulfococcaceae;g___g__Desulfococcus"
"X896","N.MeFOSAA",0.00151446765982661,0.00202799921348366,-0.00262725927527164,0.00565619459492486,0.461009773486643,38,0.833698622150093,"Desulfococcus","Genus","Desulfococcus","d__Bacteria;p__Thermodesulfobacteriota;c__Desulfobacteria;o__Desulfobacterales;f__Desulfococcaceae;g___g__Desulfococcus"
"X102115","N-detect",0.000219700893857059,NA,-0.00089351933866775,0.00133292112638187,0.689765842764834,38,0.923650754298635,"Stanieria","Genus","Stanieria","d__Bacteria;p__Cyanobacteriota;c__Cyanophyceae;o__Pleurocapsales;f__Dermocarpellaceae;g___g__Stanieria"
"X1190","N-detect",2.97310170536436e-05,NA,-0.00111380309852628,0.00117326513263356,0.95800620691857,38,0.974243600256173,"Fischerella","Genus","Fischerella","d__Bacteria;p__Cyanobacteriota;c__Cyanophyceae;o__Nostocales;f__Hapalosiphonaceae;g___g__Fischerella"
"X1278221","N-detect",-0.00355611703744501,NA,-0.00729081640235545,0.000178582327465438,0.0612488808241064,38,0.734986569889277,"Auraticoccus","Genus","Auraticoccus","d__Bacteria;p__Actinomycetota;c__Actinomycetes;o__Propionibacteriales;f__Propionibacteriaceae;g___g__Auraticoccus"
"X1298","N-detect",0.00110983213900624,NA,-0.000590469242254858,0.00281013352026733,0.192552300373807,38,0.788534675728377,"Deinococcus","Genus","Deinococcus","d__Bacteria;p__Deinococcota;c__Deinococci;o__Deinococcales;f__Deinococcaceae;g___g__Deinococcus"
"X1395974","N-detect",0.000173331227738798,NA,-0.00118607779663597,0.00153274025211356,0.796334590231171,38,0.929418322544345,"Tardiphaga","Genus","Tardiphaga","d__Bacteria;p__Pseudomonadota;c__Alphaproteobacteria;o__Hyphomicrobiales;f__Nitrobacteraceae;g___g__Tardiphaga"
"X141450","N-detect",0.00385882683759058,NA,-0.00157348733724429,0.00929114101242544,0.157233883821338,38,0.785562639933107,"Oleiphilus","Genus","Oleiphilus","d__Bacteria;p__Pseudomonadota;c__Gammaproteobacteria;o__Oceanospirillales;f__Oleiphilaceae;g___g__Oleiphilus"
"X1434026","N-detect",0.000275267300030156,NA,-0.003064521288852,0.00361505588891232,0.867457101041389,38,0.929418322544345,"Oceanirhabdus","Genus","Oceanirhabdus","d__Bacteria;p__Bacillota;c__Clostridia;o__Eubacteriales;f__Clostridiaceae;g___g__Oceanirhabdus"
"X146918","N-detect",-0.00244311682226115,NA,-0.00588294195769636,0.000996708313174062,0.157291682585735,38,0.785562639933107,"Salinibacter","Genus","Salinibacter","d__Bacteria;p__Rhodothermota;c__Rhodothermia;o__Rhodothermales;f__Salinibacteraceae;g___g__Salinibacter"
"X1511648","N-detect",-0.00277744263347285,NA,-0.00554968339934675,-5.20186759894563e-06,0.0495982724481715,38,0.734986569889277,"Defluviitoga","Genus","Defluviitoga","d__Bacteria;p__Thermotogota;c__Thermotogae;o__Petrotogales;f__Petrotogaceae;g___g__Defluviitoga"
"X157","N-detect",-0.0036178603351113,NA,-0.0127539057480918,0.00551818507786922,0.42503403244177,38,0.888344320717846,"Treponema","Genus","Treponema","d__Bacteria;p__Spirochaetota;c__Spirochaetia;o__Spirochaetales;f__Treponemataceae;g___g__Treponema"
"X1649479","N-detect",0.000584202499491502,NA,-0.00123725345265547,0.00240565845163848,0.51744255538158,38,0.888344320717846,"Permianibacter","Genus","Permianibacter","d__Bacteria;p__Pseudomonadota;c__Gammaproteobacteria;o__Pseudomonadales;f__Pseudomonadaceae;g___g__Permianibacter"
"X1649510","N-detect",1.2551195741571e-05,NA,-0.00100213248240902,0.00102723487389216,0.980013258809916,38,0.980013258809916,"Variibacter","Genus","Variibacter","d__Bacteria;p__Pseudomonadota;c__Alphaproteobacteria;o__Hyphomicrobiales;f__Nitrobacteraceae;g___g__Variibacter"
"X1658781","N-detect",-0.000379691641029001,NA,-0.00232326003175713,0.00156387674969912,0.692738065723976,38,0.923650754298635,"Aliiroseovarius","Genus","Aliiroseovarius","d__Bacteria;p__Pseudomonadota;c__Alphaproteobacteria;o__Rhodobacterales;f__Paracoccaceae;g___g__Aliiroseovarius"
"X1676142","N-detect",0.000524975043007598,NA,-0.000820084487216221,0.00187003457323142,0.431658759826495,38,0.888344320717846,"Wenzhouxiangella","Genus","Wenzhouxiangella","d__Bacteria;p__Pseudomonadota;c__Gammaproteobacteria;o__Chromatiales;f__Wenzhouxiangellaceae;g___g__Wenzhouxiangella"
"X1742989","N-detect",0.00221866549565492,NA,-0.00668653978050525,0.0111238707718151,0.614602461414188,38,0.905675081767559,"Glutamicibacter","Genus","Glutamicibacter","d__Bacteria;p__Actinomycetota;c__Actinomycetes;o__Micrococcales;f__Micrococcaceae;g___g__Glutamicibacter"
"X1747770","N-detect",-0.00138089603905347,NA,-0.00338771041192923,0.000625918333822287,0.170205238652173,38,0.785562639933107,"Egibacter","Genus","Egibacter","d__Bacteria;p__Actinomycetota;c__Nitriliruptoria;o__Egibacterales;f__Egibacteraceae;g___g__Egibacter"
"X1763827","N-detect",0.000566077083392968,NA,-0.00117774697728419,0.00230990114407013,0.512418944211968,38,0.888344320717846,"Hankyongella","Genus","Hankyongella","d__Bacteria;p__Pseudomonadota;c__Alphaproteobacteria;o__Sphingomonadales;f__Sphingomonadaceae;g___g__Hankyongella"
"X1802983","N-detect",-0.00212256396773459,NA,-0.00380226272075466,-0.000442865214714518,0.0149947028178774,38,0.449841084536323,"Fokinia","Genus","Fokinia","d__Bacteria;p__Pseudomonadota;c__Alphaproteobacteria;o__Rickettsiales;f__Candidatus Midichloriaceae;g___g__Fokinia"
"X1849828","N-detect",-0.00281748296592327,NA,-0.00651184152130068,0.000876875589454145,0.129833104192616,38,0.785562639933107,"Paeniclostridium","Genus","Paeniclostridium","d__Bacteria;p__Bacillota;c__Clostridia;o__Peptostreptococcales;f__Peptostreptococcaceae;g___g__Paeniclostridium"
"X1854","N-detect",-0.0011141999033176,NA,-0.00383917470451634,0.00161077489788115,0.410288672925627,38,0.888344320717846,"Frankia","Genus","Frankia","d__Bacteria;p__Actinomycetota;c__Actinomycetes;o__Frankiales;f__Frankiaceae;g___g__Frankia"
"X186831","N-detect",-0.000563890941881137,NA,-0.00152577490142654,0.000397993017664267,0.240582812819738,38,0.849115809952016,"Acetoanaerobium","Genus","Acetoanaerobium","d__Bacteria;p__Bacillota;c__Clostridia;o__Peptostreptococcales;f__Filifactoraceae;g___g__Acetoanaerobium"
"X190972","N-detect",-0.00091833806482133,NA,-0.0038950943633969,0.00205841823375424,0.533433701947349,38,0.888344320717846,"Sedimentibacter","Genus","Sedimentibacter","d__Bacteria;p__Bacillota;c__Tissierellia;o__;f__;g___g__Sedimentibacter"
"X2000","N-detect",0.00049590949052778,NA,-0.000580807295573234,0.00157262627662879,0.354411993764617,38,0.888344320717846,"Streptosporangium","Genus","Streptosporangium","d__Bacteria;p__Actinomycetota;c__Actinomycetes;o__Streptosporangiales;f__Streptosporangiaceae;g___g__Streptosporangium"
"X2019","N-detect",0.00100632768932596,NA,-0.000401456130139947,0.00241411150879187,0.154716581615635,38,0.785562639933107,"Thermomonospora","Genus","Thermomonospora","d__Bacteria;p__Actinomycetota;c__Actinomycetes;o__Streptosporangiales;f__Thermomonosporaceae;g___g__Thermomonospora"
"X2029","N-detect",0.000117768357729158,NA,-0.000786538915593152,0.00102207563105147,0.79208470572296,38,0.929418322544345,"Kibdelosporangium","Genus","Kibdelosporangium","d__Bacteria;p__Actinomycetota;c__Actinomycetes;o__Pseudonocardiales;f__Pseudonocardiaceae;g___g__Kibdelosporangium"
"X204286","N-detect",-0.000253708669740322,NA,-0.00276282134811678,0.00225540400863614,0.83779225920906,38,0.929418322544345,"Cobetia","Genus","Cobetia","d__Bacteria;p__Pseudomonadota;c__Gammaproteobacteria;o__Oceanospirillales;f__Halomonadaceae;g___g__Cobetia"
"X2044","N-detect",-0.000904937690449911,NA,-0.00230604752200069,0.00049617214110087,0.197133668932094,38,0.788534675728377,"Pimelobacter","Genus","Pimelobacter","d__Bacteria;p__Actinomycetota;c__Actinomycetes;o__Propionibacteriales;f__Nocardioidaceae;g___g__Pimelobacter"
"X2055880","N-detect",-0.00218549023180629,NA,-0.00490663297648094,0.000535652512868363,0.111397527204112,38,0.785562639933107,"Pseudescherichia","Genus","Pseudescherichia","d__Bacteria;p__Pseudomonadota;c__Gammaproteobacteria;o__Enterobacterales;f__Enterobacteriaceae;g___g__Pseudescherichia"
"X2304691","N-detect",0.000466802526804146,NA,-0.000415448911113492,0.00134905396472178,0.288497262023929,38,0.888344320717846,"Thermoclostridium","Genus","Thermoclostridium","d__Bacteria;p__Bacillota;c__Clostridia;o__Eubacteriales;f__Oscillospiraceae;g___g__Thermoclostridium"
"X246875","N-detect",0.00102731970197366,NA,-0.00554071377531696,0.00759535317926429,0.7516097269174,38,0.929418322544345,"Algoriphagus","Genus","Algoriphagus","d__Bacteria;p__Bacteroidota;c__Cytophagia;o__Cytophagales;f__Cyclobacteriaceae;g___g__Algoriphagus"
"X252306","N-detect",-8.27557883805492e-05,NA,-0.00190352685115652,0.00173801527439542,0.926661112237481,38,0.974243600256173,"Robiginitalea","Genus","Robiginitalea","d__Bacteria;p__Bacteroidota;c__Flavobacteriia;o__Flavobacteriales;f__Flavobacteriaceae;g___g__Robiginitalea"
"X261963","N-detect",0.000523198055355525,NA,-0.00129955018638462,0.00234594629709567,0.562119584845236,38,0.888344320717846,"Kangiella","Genus","Kangiella","d__Bacteria;p__Pseudomonadota;c__Gammaproteobacteria;o__Kangiellales;f__Kangiellaceae;g___g__Kangiella"
"X2698753","N-detect",-9.64886376491997e-05,NA,-0.000899982877170834,0.000707005601872434,0.807933657891142,38,0.929418322544345,"Fluviispira","Genus","Fluviispira","d__Bacteria;p__Bdellovibrionota;c__Oligoflexia;o__Silvanigrellales;f__Silvanigrellaceae;g___g__Fluviispira"
"X2733","N-detect",-0.000880625696977752,NA,-0.00944904967795606,0.00768779828400056,0.835167850600543,38,0.929418322544345,"Symbiobacterium","Genus","Symbiobacterium","d__Bacteria;p__Bacillota;c__Clostridia;o__Eubacteriales;f__Symbiobacteriaceae;g___g__Symbiobacterium"
"X2755140","N-detect",0.000673755074512199,NA,-0.00103646513794874,0.00238397528697313,0.427398379622292,38,0.888344320717846,"Pseudoleptotrichia","Genus","Pseudoleptotrichia","d__Bacteria;p__Fusobacteriota;c__Fusobacteriia;o__Fusobacteriales;f__Leptotrichiaceae;g___g__Pseudoleptotrichia"
"X2767353","N-detect",-0.0023523579457078,NA,-0.00724208119500075,0.00253736530358515,0.333711019445964,38,0.888344320717846,"Lancefieldella","Genus","Lancefieldella","d__Bacteria;p__Actinomycetota;c__Coriobacteriia;o__Coriobacteriales;f__Atopobiaceae;g___g__Lancefieldella"
"X2781120","N-detect",0.00462288939321422,NA,0.00104438449901808,0.00820139428741037,0.0130813291153527,38,0.449841084536323,"Thiosulfativibrio","Genus","Thiosulfativibrio","d__Bacteria;p__Pseudomonadota;c__Gammaproteobacteria;o__Thiotrichales;f__Piscirickettsiaceae;g___g__Thiosulfativibrio"
"X2792240","N-detect",-0.000561542499730127,NA,-0.002945552473178,0.00182246747371775,0.633972557237291,38,0.905675081767559,"Thiospirochaeta","Genus","Thiospirochaeta","d__Bacteria;p__Spirochaetota;c__Spirochaetia;o__Spirochaetales;f__Spirochaetaceae;g___g__Thiospirochaeta"
"X2847307","N-detect",0.00099634096170857,NA,-0.000132495700985171,0.00212517762440231,0.0815121686766489,38,0.785562639933107,"Thermophilibacter","Genus","Thermophilibacter","d__Bacteria;p__Actinomycetota;c__Coriobacteriia;o__Coriobacteriales;f__Atopobiaceae;g___g__Thermophilibacter"
"X2892397","N-detect",0.000412736895948052,NA,-0.00102702585666271,0.00185249964855882,0.562618069787969,38,0.888344320717846,"Pusillibacter","Genus","Pusillibacter","d__Bacteria;p__Bacillota;c__Clostridia;o__Eubacteriales;f__Oscillospiraceae;g___g__Pusillibacter"
"X2894574","N-detect",-0.000149036138873364,NA,-0.00169258018905504,0.00139450791130832,0.845008311487816,38,0.929418322544345,"Saccharobesus","Genus","Saccharobesus","d__Bacteria;p__Pseudomonadota;c__Gammaproteobacteria;o__Alteromonadales;f__Alteromonadaceae;g___g__Saccharobesus"
"X349742","N-detect",0.000696842457980293,NA,-0.00188385949993019,0.00327754441589078,0.585405921638515,38,0.900624494828485,"Sedimenticola","Genus","Sedimenticola","d__Bacteria;p__Pseudomonadota;c__Gammaproteobacteria;o__;f__;g___g__Sedimenticola"
"X41707","N-detect",9.45039315269987e-05,NA,-0.000973002014953696,0.00116200987800769,0.857742142706801,38,0.929418322544345,"Lawsonia","Genus","Lawsonia","d__Bacteria;p__Thermodesulfobacteriota;c__Desulfovibrionia;o__Desulfovibrionales;f__Desulfovibrionaceae;g___g__Lawsonia"
"X42255","N-detect",0.000240483627474319,NA,-0.00161328111043121,0.00209424836537985,0.792868998352759,38,0.929418322544345,"Rubrobacter","Genus","Rubrobacter","d__Bacteria;p__Actinomycetota;c__Rubrobacteria;o__Rubrobacterales;f__Rubrobacteraceae;g___g__Rubrobacter"
"X44","N-detect",0.000402869496058191,NA,-0.000863525036170286,0.00166926402828667,0.520833750353256,38,0.888344320717846,"Melittangium","Genus","Melittangium","d__Bacteria;p__Myxococcota;c__Myxococcia;o__Myxococcales;f__Archangiaceae;g___g__Melittangium"
"X441","N-detect",0.00132297866189287,NA,-0.000259491117055772,0.00290544844084152,0.0980818056779574,38,0.785562639933107,"Gluconobacter","Genus","Gluconobacter","d__Bacteria;p__Pseudomonadota;c__Alphaproteobacteria;o__Rhodospirillales;f__Acetobacteraceae;g___g__Gluconobacter"
"X44249","N-detect",0.000653134218862793,NA,-0.00143573672458636,0.00274200516231194,0.527951808226559,38,0.888344320717846,"Paenibacillus","Genus","Paenibacillus","d__Bacteria;p__Bacillota;c__Bacilli;o__Bacillales;f__Paenibacillaceae;g___g__Paenibacillus"
"X447237","N-detect",0.00419088875749305,NA,-0.00267003439601635,0.0110518119110024,0.221868329011201,38,0.832006233792002,"Frondihabitans","Genus","Frondihabitans","d__Bacteria;p__Actinomycetota;c__Actinomycetes;o__Micrococcales;f__Microbacteriaceae;g___g__Frondihabitans"
"X543311","N-detect",-0.000246296565310813,NA,-0.00148624692365316,0.000993653793031535,0.687867440103951,38,0.923650754298635,"Parvimonas","Genus","Parvimonas","d__Bacteria;p__Bacillota;c__Tissierellia;o__Tissierellales;f__Peptoniphilaceae;g___g__Parvimonas"
"X60919","N-detect",0.00065513960060824,NA,-0.000907190857444882,0.00221747005866136,0.398567896823801,38,0.888344320717846,"Sanguibacter","Genus","Sanguibacter","d__Bacteria;p__Actinomycetota;c__Actinomycetes;o__Micrococcales;f__Sanguibacteraceae;g___g__Sanguibacter"
"X74385","N-detect",0.000310270677252785,NA,-0.00150244834982896,0.00212298970433453,0.729109635142937,38,0.929418322544345,"Gracilibacillus","Genus","Gracilibacillus","d__Bacteria;p__Bacillota;c__Bacilli;o__Bacillales;f__Bacillaceae;g___g__Gracilibacillus"
"X748770","N-detect",-5.25555059407022e-05,NA,-0.00187009349901667,0.00176498248713527,0.953300820759379,38,0.974243600256173,"Dolichospermum","Genus","Dolichospermum","d__Bacteria;p__Cyanobacteriota;c__Cyanophyceae;o__Nostocales;f__Aphanizomenonaceae;g___g__Dolichospermum"
"X76890","N-detect",-0.00023254056853493,NA,-0.00121177160627412,0.00074669046920426,0.631210526060157,38,0.905675081767559,"Asticcacaulis","Genus","Asticcacaulis","d__Bacteria;p__Pseudomonadota;c__Alphaproteobacteria;o__Caulobacterales;f__Caulobacteraceae;g___g__Asticcacaulis"
"X773","N-detect",0.000633565018332433,NA,-0.00062396070137528,0.00189109073804015,0.311734986669005,38,0.888344320717846,"Bartonella","Genus","Bartonella","d__Bacteria;p__Pseudomonadota;c__Alphaproteobacteria;o__Hyphomicrobiales;f__Bartonellaceae;g___g__Bartonella"
"X80865","N-detect",0.000797645712629932,NA,2.63308920507607e-05,0.0015689605332091,0.0431229918965871,38,0.734986569889277,"Delftia","Genus","Delftia","d__Bacteria;p__Pseudomonadota;c__Betaproteobacteria;o__Burkholderiales;f__Comamonadaceae;g___g__Delftia"
"X81466","N-detect",-0.00110946885577537,NA,-0.00321664078757093,0.000997703076020196,0.290813729045022,38,0.888344320717846,"Aminobacterium","Genus","Aminobacterium","d__Bacteria;p__Synergistota;c__Synergistia;o__Synergistales;f__Aminobacteriaceae;g___g__Aminobacterium"
"X816","N-detect",-0.000488805075461771,NA,-0.00160615034966675,0.000628540198743204,0.378736829616812,38,0.888344320717846,"Bacteroides","Genus","Bacteroides","d__Bacteria;p__Bacteroidota;c__Bacteroidia;o__Bacteroidales;f__Bacteroidaceae;g___g__Bacteroides"
"X872","N-detect",0.0003618141246405,NA,-0.000829647616981197,0.0015532758662622,0.539820855484356,38,0.888344320717846,"Desulfovibrio","Genus","Desulfovibrio","d__Bacteria;p__Thermodesulfobacteriota;c__Desulfovibrionia;o__Desulfovibrionales;f__Desulfovibrionaceae;g___g__Desulfovibrio"
"X881616","N-detect",0.000500720756082159,NA,-0.000828800281438012,0.00183024179360233,0.447814779627888,38,0.888344320717846,"Herbiconiux","Genus","Herbiconiux","d__Bacteria;p__Actinomycetota;c__Actinomycetes;o__Micrococcales;f__Microbacteriaceae;g___g__Herbiconiux"
"X896","N-detect",0.000511144301889742,NA,-0.000921350401056964,0.00194363900483645,0.471820217429426,38,0.888344320717846,"Desulfococcus","Genus","Desulfococcus","d__Bacteria;p__Thermodesulfobacteriota;c__Desulfobacteria;o__Desulfobacterales;f__Desulfococcaceae;g___g__Desulfococcus"
"X1096778","PFHpA",-0.000158239227926845,0.0020888735615629,-0.00442428816740262,0.00410780971154893,0.940118235507477,38,0.988650562675492,"Thioalkalispiraceae","Family","Thioalkalispiraceae","d__Bacteria;p__Pseudomonadota;c__Gammaproteobacteria;o__Chromatiales;f__;g___f__Thioalkalispiraceae"
"X1096778","PFDoA",-0.00331866211917837,0.00212399610293387,-0.00765644085749137,0.00101911661913464,0.128667874706787,38,0.643339373533933,"Thioalkalispiraceae","Family","Thioalkalispiraceae","d__Bacteria;p__Pseudomonadota;c__Gammaproteobacteria;o__Chromatiales;f__;g___f__Thioalkalispiraceae"
"X1096778","PFDA",0.00081908727291208,0.00224482769789044,-0.00376546250363168,0.00540363704945584,0.717762518165802,38,0.983263670315583,"Thioalkalispiraceae","Family","Thioalkalispiraceae","d__Bacteria;p__Pseudomonadota;c__Gammaproteobacteria;o__Chromatiales;f__;g___f__Thioalkalispiraceae"
"X1096778","PFBA",-0.00180568119486827,0.00234515754655366,-0.00659513185788179,0.00298376946814525,0.447343595817634,38,0.979120275949679,"Thioalkalispiraceae","Family","Thioalkalispiraceae","d__Bacteria;p__Pseudomonadota;c__Gammaproteobacteria;o__Chromatiales;f__;g___f__Thioalkalispiraceae"
"X1096778","N.MeFOSAA",-0.00155516899223247,0.0022782226903686,-0.00620792044209277,0.00309758245762782,0.500082191129262,38,0.86638672826322,"Thioalkalispiraceae","Family","Thioalkalispiraceae","d__Bacteria;p__Pseudomonadota;c__Gammaproteobacteria;o__Chromatiales;f__;g___f__Thioalkalispiraceae"
"X1106","PFDA",0.000118956439260511,0.0015425577253049,-0.00303136671538437,0.0032692795939054,0.939043005239315,38,0.983263670315583,"Chloroflexaceae","Family","Chloroflexaceae","d__Bacteria;p__Chloroflexota;c__Chloroflexia;o__Chloroflexales;f__;g___f__Chloroflexaceae"
"X1106","PFBA",-0.00188372495508061,0.00158707090742186,-0.00512495615550528,0.00135750624534405,0.244573590269979,38,0.979120275949679,"Chloroflexaceae","Family","Chloroflexaceae","d__Bacteria;p__Chloroflexota;c__Chloroflexia;o__Chloroflexales;f__;g___f__Chloroflexaceae"
"X1106","PFDoA",0.000487040431122571,0.00151193190262343,-0.00260073644940838,0.00357481731165352,0.749587397234617,38,0.870548199165733,"Chloroflexaceae","Family","Chloroflexaceae","d__Bacteria;p__Chloroflexota;c__Chloroflexia;o__Chloroflexales;f__;g___f__Chloroflexaceae"
"X1106","PFHpA",-0.000838321595832987,0.00142429647489452,-0.00374712305611701,0.00207047986445104,0.560544526840949,38,0.988650562675492,"Chloroflexaceae","Family","Chloroflexaceae","d__Bacteria;p__Chloroflexota;c__Chloroflexia;o__Chloroflexales;f__;g___f__Chloroflexaceae"
"X1106","N.MeFOSAA",0.000677266103680958,0.00156942014879352,-0.00252791743856424,0.00388244964592615,0.669161956794478,38,0.917934770097652,"Chloroflexaceae","Family","Chloroflexaceae","d__Bacteria;p__Chloroflexota;c__Chloroflexia;o__Chloroflexales;f__;g___f__Chloroflexaceae"
"X1185","PFHpA",0.00175702571766159,0.00107542864562526,-0.000439292584016219,0.0039533440193394,0.112755286097097,38,0.596927420717911,"Rivulariaceae","Family","Rivulariaceae","d__Bacteria;p__Cyanobacteriota;c__Cyanophyceae;o__Nostocales;f__;g___f__Rivulariaceae"
"X1185","PFDoA",0.000362495164874561,0.00118468395076662,-0.00205695223719824,0.00278194256694736,0.761729674270017,38,0.870548199165733,"Rivulariaceae","Family","Rivulariaceae","d__Bacteria;p__Cyanobacteriota;c__Cyanophyceae;o__Nostocales;f__;g___f__Rivulariaceae"
"X1185","PFDA",-0.00115988869509546,0.00118990015704083,-0.00358998901156847,0.00127021162137755,0.337465334963954,38,0.909110689868566,"Rivulariaceae","Family","Rivulariaceae","d__Bacteria;p__Cyanobacteriota;c__Cyanophyceae;o__Nostocales;f__;g___f__Rivulariaceae"
"X1185","PFBA",-0.00178574353525302,0.00122972301557662,-0.00429717297884484,0.000725685908338805,0.156838861423017,38,0.979120275949679,"Rivulariaceae","Family","Rivulariaceae","d__Bacteria;p__Cyanobacteriota;c__Cyanophyceae;o__Nostocales;f__;g___f__Rivulariaceae"
"X1185","N.MeFOSAA",-0.000329059832585683,0.00123186819814877,-0.00284487032345836,0.00218675065828699,0.791202549193005,38,0.917934770097652,"Rivulariaceae","Family","Rivulariaceae","d__Bacteria;p__Cyanobacteriota;c__Cyanophyceae;o__Nostocales;f__;g___f__Rivulariaceae"
"X119060","PFHpA",-0.00162197092811147,0.000669040069688268,-0.00298833303459768,-0.000255608821625257,0.021572952100952,38,0.21572952100952,"Burkholderiaceae","Family","Burkholderiaceae","d__Bacteria;p__Pseudomonadota;c__Betaproteobacteria;o__Burkholderiales;f__;g___f__Burkholderiaceae"
"X119060","N.MeFOSAA",0.000738206303087013,0.000792688730495955,-0.000880680057625271,0.0023570926637993,0.359148778689992,38,0.86638672826322,"Burkholderiaceae","Family","Burkholderiaceae","d__Bacteria;p__Pseudomonadota;c__Betaproteobacteria;o__Burkholderiales;f__;g___f__Burkholderiaceae"
"X119060","PFBA",-0.000233243140771557,0.00082831618554997,-0.00192489047162877,0.00145840419008565,0.780193428379696,38,0.979120275949679,"Burkholderiaceae","Family","Burkholderiaceae","d__Bacteria;p__Pseudomonadota;c__Betaproteobacteria;o__Burkholderiales;f__;g___f__Burkholderiaceae"
"X119060","PFDA",0.000505306913275544,0.000782519403348273,-0.00109281091070391,0.002103424737255,0.523354349295186,38,0.909110689868566,"Burkholderiaceae","Family","Burkholderiaceae","d__Bacteria;p__Pseudomonadota;c__Betaproteobacteria;o__Burkholderiales;f__;g___f__Burkholderiaceae"
"X119060","PFDoA",-0.000359564047856113,0.000770762529117722,-0.00193367113142232,0.00121454303571009,0.644224554276083,38,0.831257489388495,"Burkholderiaceae","Family","Burkholderiaceae","d__Bacteria;p__Pseudomonadota;c__Betaproteobacteria;o__Burkholderiales;f__;g___f__Burkholderiaceae"
"X1706371","PFHpA",0.000469398423170356,0.00153484549001315,-0.00266517424576168,0.00360397109210239,0.76184797209722,38,0.988650562675492,"Cellvibrionaceae","Family","Cellvibrionaceae","d__Bacteria;p__Pseudomonadota;c__Gammaproteobacteria;o__Cellvibrionales;f__;g___f__Cellvibrionaceae"
"X1706371","N.MeFOSAA",-0.00102244214926392,0.00167904540677459,-0.00445151033639876,0.00240662603787093,0.54714647710683,38,0.875434363370928,"Cellvibrionaceae","Family","Cellvibrionaceae","d__Bacteria;p__Pseudomonadota;c__Gammaproteobacteria;o__Cellvibrionales;f__;g___f__Cellvibrionaceae"
"X1706371","PFBA",0.0034600284130237,0.00162411263713297,0.000143147908276262,0.00677690891777113,0.0414521759886072,38,0.829043519772143,"Cellvibrionaceae","Family","Cellvibrionaceae","d__Bacteria;p__Pseudomonadota;c__Gammaproteobacteria;o__Cellvibrionales;f__;g___f__Cellvibrionaceae"
"X1706371","PFDA",-0.00164021954969255,0.00162819892215369,-0.00496544536178639,0.00168500626240129,0.321807482207803,38,0.909110689868566,"Cellvibrionaceae","Family","Cellvibrionaceae","d__Bacteria;p__Pseudomonadota;c__Gammaproteobacteria;o__Cellvibrionales;f__;g___f__Cellvibrionaceae"
"X1706371","PFDoA",0.0026294320665012,0.00155276579781173,-0.000541738753456316,0.00580060288645871,0.100742516983389,38,0.643339373533933,"Cellvibrionaceae","Family","Cellvibrionaceae","d__Bacteria;p__Pseudomonadota;c__Gammaproteobacteria;o__Cellvibrionales;f__;g___f__Cellvibrionaceae"
"X1706373","PFDoA",0.00252732911368975,0.00280474100827962,-0.00320071619457828,0.00825537442195777,0.374716930955935,38,0.681303510828973,"Microbulbiferaceae","Family","Microbulbiferaceae","d__Bacteria;p__Pseudomonadota;c__Gammaproteobacteria;o__Cellvibrionales;f__;g___f__Microbulbiferaceae"
"X1706373","PFHpA",-6.14716456109698e-05,0.00268843554432902,-0.00555198950833536,0.00542904621711342,0.981909202253959,38,0.988650562675492,"Microbulbiferaceae","Family","Microbulbiferaceae","d__Bacteria;p__Pseudomonadota;c__Gammaproteobacteria;o__Cellvibrionales;f__;g___f__Microbulbiferaceae"
"X1706373","PFDA",0.00415427317097472,0.00279419453430607,-0.00155223336398603,0.00986077970593548,0.147515762999219,38,0.909110689868566,"Microbulbiferaceae","Family","Microbulbiferaceae","d__Bacteria;p__Pseudomonadota;c__Gammaproteobacteria;o__Cellvibrionales;f__;g___f__Microbulbiferaceae"
"X1706373","PFBA",-0.00128680407095923,0.00303862287178811,-0.00749249986709905,0.00491889172518058,0.674963945421229,38,0.979120275949679,"Microbulbiferaceae","Family","Microbulbiferaceae","d__Bacteria;p__Pseudomonadota;c__Gammaproteobacteria;o__Cellvibrionales;f__;g___f__Microbulbiferaceae"
"X1706373","N.MeFOSAA",0.001910747994799,0.00293389267374789,-0.0040810602025403,0.00790255619213831,0.519832036957932,38,0.86638672826322,"Microbulbiferaceae","Family","Microbulbiferaceae","d__Bacteria;p__Pseudomonadota;c__Gammaproteobacteria;o__Cellvibrionales;f__;g___f__Microbulbiferaceae"
"X1769717","PFHpA",-0.00248412697382211,0.00188581576324457,-0.00633547656475519,0.00136722261711097,0.197721340702147,38,0.823384675823541,"Mesoaciditogaceae","Family","Mesoaciditogaceae","d__Bacteria;p__Thermotogota;c__Thermotogae;o__Mesoaciditogales;f__;g___f__Mesoaciditogaceae"
"X1769717","PFDoA",-0.00153402318725201,0.00203146332558359,-0.00568282478307748,0.00261477840857346,0.45605762016398,38,0.685273479923447,"Mesoaciditogaceae","Family","Mesoaciditogaceae","d__Bacteria;p__Thermotogota;c__Thermotogae;o__Mesoaciditogales;f__;g___f__Mesoaciditogaceae"
"X1769717","PFDA",0.00125786493836564,0.00207615264683871,-0.00298220442734997,0.00549793430408124,0.549162366896204,38,0.909110689868566,"Mesoaciditogaceae","Family","Mesoaciditogaceae","d__Bacteria;p__Thermotogota;c__Thermotogae;o__Mesoaciditogales;f__;g___f__Mesoaciditogaceae"
"X1769717","PFBA",0.00276172830691896,0.00214016021892677,-0.0016090619602668,0.00713251857410473,0.20675879246278,38,0.979120275949679,"Mesoaciditogaceae","Family","Mesoaciditogaceae","d__Bacteria;p__Thermotogota;c__Thermotogae;o__Mesoaciditogales;f__;g___f__Mesoaciditogaceae"
"X1769717","N.MeFOSAA",-0.00142825876935821,0.00211555505908474,-0.00574879859631571,0.00289228105759929,0.504768512733163,38,0.86638672826322,"Mesoaciditogaceae","Family","Mesoaciditogaceae","d__Bacteria;p__Thermotogota;c__Thermotogae;o__Mesoaciditogales;f__;g___f__Mesoaciditogaceae"
"X1775411","PFHpA",0.000709731597663808,0.00279660305328602,-0.00500169378927016,0.00642115698459778,0.801394143216328,38,0.988650562675492,"Rhodanobacteraceae","Family","Rhodanobacteraceae","d__Bacteria;p__Pseudomonadota;c__Gammaproteobacteria;o__Xanthomonadales;f__;g___f__Rhodanobacteraceae"
"X1775411","PFDoA",0.00646849413437899,0.00271415054464763,0.000925459234790124,0.0120115290339679,0.0236929432830456,38,0.473858865660912,"Rhodanobacteraceae","Family","Rhodanobacteraceae","d__Bacteria;p__Pseudomonadota;c__Gammaproteobacteria;o__Xanthomonadales;f__;g___f__Rhodanobacteraceae"
"X1775411","PFDA",0.0012162302667811,0.00300681231412461,-0.00492449970362298,0.00735696023718518,0.688720784587019,38,0.983263670315583,"Rhodanobacteraceae","Family","Rhodanobacteraceae","d__Bacteria;p__Pseudomonadota;c__Gammaproteobacteria;o__Xanthomonadales;f__;g___f__Rhodanobacteraceae"
"X1775411","PFBA",0.00144447523057596,0.00316271094196653,-0.00501464221344482,0.00790359267459674,0.651161684897527,38,0.979120275949679,"Rhodanobacteraceae","Family","Rhodanobacteraceae","d__Bacteria;p__Pseudomonadota;c__Gammaproteobacteria;o__Xanthomonadales;f__;g___f__Rhodanobacteraceae"
"X1775411","N.MeFOSAA",0.0057231143802726,0.00289384086201414,-0.000186897105137913,0.0116331258656831,0.057214185450816,38,0.457713483606528,"Rhodanobacteraceae","Family","Rhodanobacteraceae","d__Bacteria;p__Pseudomonadota;c__Gammaproteobacteria;o__Xanthomonadales;f__;g___f__Rhodanobacteraceae"
"X1783343","PFHpA",0.00269632331969568,0.0030991939653221,-0.00363307515241666,0.00902572179180802,0.391204309809558,38,0.988650562675492,"Endomicrobiaceae","Family","Endomicrobiaceae","d__Bacteria;p__Elusimicrobiota;c__Endomicrobiia;o__Endomicrobiales;f__;g___f__Endomicrobiaceae"
"X1783343","PFDoA",0.00410691709507706,0.00323194315240488,-0.00249359138541082,0.0107074255755649,0.213591837383754,38,0.657627470379084,"Endomicrobiaceae","Family","Endomicrobiaceae","d__Bacteria;p__Elusimicrobiota;c__Endomicrobiia;o__Endomicrobiales;f__;g___f__Endomicrobiaceae"
"X1783343","PFDA",-0.00137517151446433,0.0033701445439665,-0.008257924890361,0.00550758186143234,0.686138133876458,38,0.983263670315583,"Endomicrobiaceae","Family","Endomicrobiaceae","d__Bacteria;p__Elusimicrobiota;c__Endomicrobiia;o__Endomicrobiales;f__;g___f__Endomicrobiaceae"
"X1783343","PFBA",0.00103222485317063,0.00355235884271274,-0.00622265976619974,0.008287109472541,0.773376083975043,38,0.979120275949679,"Endomicrobiaceae","Family","Endomicrobiaceae","d__Bacteria;p__Elusimicrobiota;c__Endomicrobiia;o__Endomicrobiales;f__;g___f__Endomicrobiaceae"
"X1783343","N.MeFOSAA",-0.00118284427232309,0.0034418799981514,-0.00821210099044184,0.00584641244579566,0.733497288819284,38,0.917934770097652,"Endomicrobiaceae","Family","Endomicrobiaceae","d__Bacteria;p__Elusimicrobiota;c__Endomicrobiia;o__Endomicrobiales;f__;g___f__Endomicrobiaceae"
"X186827","N.MeFOSAA",-0.000855999505188487,0.000660359760419722,-0.00220463405514337,0.000492635044766396,0.204768712048855,38,0.682562373496183,"Aerococcaceae","Family","Aerococcaceae","d__Bacteria;p__Bacillota;c__Bacilli;o__Lactobacillales;f__;g___f__Aerococcaceae"
"X186827","PFBA",-1.84732367472015e-05,0.0006999834320867,-0.00144803011996508,0.00141108364647067,0.979120275949679,38,0.979120275949679,"Aerococcaceae","Family","Aerococcaceae","d__Bacteria;p__Bacillota;c__Bacilli;o__Lactobacillales;f__;g___f__Aerococcaceae"
"X186827","PFDA",-0.000490541520685845,0.000658932904856446,-0.00183626204282473,0.000855179001453039,0.462397275347395,38,0.909110689868566,"Aerococcaceae","Family","Aerococcaceae","d__Bacteria;p__Bacillota;c__Bacilli;o__Lactobacillales;f__;g___f__Aerococcaceae"
"X186827","PFDoA",-0.00155295744783922,0.000588068287839833,-0.00275395311451874,-0.000351961781159704,0.0130045820303363,38,0.473858865660912,"Aerococcaceae","Family","Aerococcaceae","d__Bacteria;p__Bacillota;c__Bacilli;o__Lactobacillales;f__;g___f__Aerococcaceae"
"X186827","PFHpA",6.1831727886628e-05,0.000617380059576746,-0.00119902656285658,0.00132269001862983,0.920890113045757,38,0.988650562675492,"Aerococcaceae","Family","Aerococcaceae","d__Bacteria;p__Bacillota;c__Bacilli;o__Lactobacillales;f__;g___f__Aerococcaceae"
"X188709","PFBA",0.000138360622752955,0.00277859405402011,-0.00553628548101471,0.00581300672652062,0.960615658069216,38,0.979120275949679,"Thermotogaceae","Family","Thermotogaceae","d__Bacteria;p__Thermotogota;c__Thermotogae;o__Thermotogales;f__;g___f__Thermotogaceae"
"X188709","PFDA",0.00455149618311457,0.00250556482368747,-0.000565549843779613,0.00966854221000875,0.0792896615220784,38,0.909110689868566,"Thermotogaceae","Family","Thermotogaceae","d__Bacteria;p__Thermotogota;c__Thermotogae;o__Thermotogales;f__;g___f__Thermotogaceae"
"X188709","PFDoA",0.00306079372709368,0.00253060895637718,-0.00210739924218465,0.00822898669637202,0.235912926611578,38,0.657627470379084,"Thermotogaceae","Family","Thermotogaceae","d__Bacteria;p__Thermotogota;c__Thermotogae;o__Thermotogales;f__;g___f__Thermotogaceae"
"X188709","PFHpA",0.000678647618312562,0.0024480477318865,-0.00432093283622996,0.00567822807285508,0.783512570687135,38,0.988650562675492,"Thermotogaceae","Family","Thermotogaceae","d__Bacteria;p__Thermotogota;c__Thermotogae;o__Thermotogales;f__;g___f__Thermotogaceae"
"X188709","N.MeFOSAA",0.00175161026544797,0.00267474672811699,-0.00371095130496722,0.00721417183586317,0.517541761218821,38,0.86638672826322,"Thermotogaceae","Family","Thermotogaceae","d__Bacteria;p__Thermotogota;c__Thermotogae;o__Thermotogales;f__;g___f__Thermotogaceae"
"X1890438","PFHpA",0.00371567840695093,0.0035896005220278,-0.00361526386831098,0.0110466206822128,0.308883804104377,38,0.889967639267177,"Leptolyngbyaceae","Family","Leptolyngbyaceae","d__Bacteria;p__Cyanobacteriota;c__Cyanophyceae;o__Leptolyngbyales;f__;g___f__Leptolyngbyaceae"
"X1890438","PFDoA",-0.00237579000401658,0.0038379455470142,-0.0102139204834677,0.0054623404754345,0.54057154587176,38,0.772245065531086,"Leptolyngbyaceae","Family","Leptolyngbyaceae","d__Bacteria;p__Cyanobacteriota;c__Cyanophyceae;o__Leptolyngbyales;f__;g___f__Leptolyngbyaceae"
"X1890438","PFDA",-0.0030146436455641,0.00389551756803435,-0.0109703518777982,0.00494106458667003,0.445060695525889,38,0.909110689868566,"Leptolyngbyaceae","Family","Leptolyngbyaceae","d__Bacteria;p__Cyanobacteriota;c__Cyanophyceae;o__Leptolyngbyales;f__;g___f__Leptolyngbyaceae"
"X1890438","PFBA",-0.00137055694169792,0.00413370835131686,-0.00981271564997475,0.00707160176657891,0.742529467166025,38,0.979120275949679,"Leptolyngbyaceae","Family","Leptolyngbyaceae","d__Bacteria;p__Cyanobacteriota;c__Cyanophyceae;o__Leptolyngbyales;f__;g___f__Leptolyngbyaceae"
"X1890438","N.MeFOSAA",-0.000740496530302955,0.00401244856245803,-0.00893500971173648,0.00745401665113057,0.854824085205754,38,0.917934770097652,"Leptolyngbyaceae","Family","Leptolyngbyaceae","d__Bacteria;p__Cyanobacteriota;c__Cyanophyceae;o__Leptolyngbyales;f__;g___f__Leptolyngbyaceae"
"X1892251","PFHpA",-0.000503007806091791,0.00321963186201117,-0.00707837327730707,0.00607235766512349,0.876897178118204,38,0.988650562675492,"Coleofasciculaceae","Family","Coleofasciculaceae","d__Bacteria;p__Cyanobacteriota;c__Cyanophyceae;o__Coleofasciculales;f__;g___f__Coleofasciculaceae"
"X1892251","PFDoA",-0.00251116299541318,0.00337442109084913,-0.00940265024521633,0.00438032425438998,0.462559598948327,38,0.685273479923447,"Coleofasciculaceae","Family","Coleofasciculaceae","d__Bacteria;p__Cyanobacteriota;c__Cyanophyceae;o__Coleofasciculales;f__;g___f__Coleofasciculaceae"
"X1892251","PFDA",0.00214518724923107,0.00344657364802696,-0.00489365518074806,0.0091840296792102,0.538373771933035,38,0.909110689868566,"Coleofasciculaceae","Family","Coleofasciculaceae","d__Bacteria;p__Cyanobacteriota;c__Cyanophyceae;o__Coleofasciculales;f__;g___f__Coleofasciculaceae"
"X1892251","PFBA",-0.000367914089995896,0.0036507065863739,-0.00782365159738482,0.00708782341739303,0.920396518684678,38,0.979120275949679,"Coleofasciculaceae","Family","Coleofasciculaceae","d__Bacteria;p__Cyanobacteriota;c__Cyanophyceae;o__Coleofasciculales;f__;g___f__Coleofasciculaceae"
"X1892251","N.MeFOSAA",-0.00570698658116007,0.00338292064924588,-0.0126158322449676,0.0012018590826475,0.101976387213329,38,0.526220060986351,"Coleofasciculaceae","Family","Coleofasciculaceae","d__Bacteria;p__Cyanobacteriota;c__Cyanophyceae;o__Coleofasciculales;f__;g___f__Coleofasciculaceae"
"X2066474","PFHpA",0.000147714348584831,0.00207626322805884,-0.00409258085411084,0.0043880095512805,0.943755060289044,38,0.988650562675492,"Endozoicomonadaceae","Family","Endozoicomonadaceae","d__Bacteria;p__Pseudomonadota;c__Gammaproteobacteria;o__Oceanospirillales;f__;g___f__Endozoicomonadaceae"
"X2066474","PFDoA",-0.00221718343781016,0.00215772577817121,-0.00662384736282039,0.00218948048720006,0.312373048430065,38,0.657627470379084,"Endozoicomonadaceae","Family","Endozoicomonadaceae","d__Bacteria;p__Pseudomonadota;c__Gammaproteobacteria;o__Oceanospirillales;f__;g___f__Endozoicomonadaceae"
"X2066474","PFDA",0.00297704149655747,0.00216913522678183,-0.00145292363109181,0.00740700662420675,0.180096420776006,38,0.909110689868566,"Endozoicomonadaceae","Family","Endozoicomonadaceae","d__Bacteria;p__Pseudomonadota;c__Gammaproteobacteria;o__Oceanospirillales;f__;g___f__Endozoicomonadaceae"
"X2066474","PFBA",-0.00370209010197636,0.00225476423061441,-0.00830693298561343,0.000902752781660712,0.111054694753699,38,0.979120275949679,"Endozoicomonadaceae","Family","Endozoicomonadaceae","d__Bacteria;p__Pseudomonadota;c__Gammaproteobacteria;o__Oceanospirillales;f__;g___f__Endozoicomonadaceae"
"X2066474","N.MeFOSAA",-0.00168227716448798,0.00226119797779851,-0.00630025951278994,0.00293570518381398,0.462678722001888,38,0.86638672826322,"Endozoicomonadaceae","Family","Endozoicomonadaceae","d__Bacteria;p__Pseudomonadota;c__Gammaproteobacteria;o__Oceanospirillales;f__;g___f__Endozoicomonadaceae"
"X213121","PFHpA",-0.0030243107160768,0.00293774092051326,-0.00902397808179008,0.00297535664963648,0.311488673743512,38,0.889967639267177,"Desulfobulbaceae","Family","Desulfobulbaceae","d__Bacteria;p__Thermodesulfobacteriota;c__Desulfobulbia;o__Desulfobulbales;f__;g___f__Desulfobulbaceae"
"X213121","N.MeFOSAA",0.00722729429083526,0.00300838987919497,0.00108334250273996,0.0133712460789306,0.0226829965364642,38,0.226829965364642,"Desulfobulbaceae","Family","Desulfobulbaceae","d__Bacteria;p__Thermodesulfobacteriota;c__Desulfobulbia;o__Desulfobulbales;f__;g___f__Desulfobulbaceae"
"X213121","PFBA",-0.000479100059937791,0.00338746719688254,-0.00739723101275497,0.00643903089287939,0.888473276553971,38,0.979120275949679,"Desulfobulbaceae","Family","Desulfobulbaceae","d__Bacteria;p__Thermodesulfobacteriota;c__Desulfobulbia;o__Desulfobulbales;f__;g___f__Desulfobulbaceae"
"X213121","PFDA",0.00258490322219318,0.00318438251225543,-0.00391847347291343,0.00908827991729978,0.42333284650842,38,0.909110689868566,"Desulfobulbaceae","Family","Desulfobulbaceae","d__Bacteria;p__Thermodesulfobacteriota;c__Desulfobulbia;o__Desulfobulbales;f__;g___f__Desulfobulbaceae"
"X213121","PFDoA",-0.00250234360889827,0.0031271936062933,-0.00888892497655241,0.00388423775875586,0.429893023443497,38,0.685273479923447,"Desulfobulbaceae","Family","Desulfobulbaceae","d__Bacteria;p__Thermodesulfobacteriota;c__Desulfobulbia;o__Desulfobulbales;f__;g___f__Desulfobulbaceae"
"X2162846","PFHpA",0.000627131318149619,0.00148811331171165,-0.0024120015102143,0.00366626414651354,0.676447546479424,38,0.988650562675492,"Candidatus Nanopelagicaceae","Family","Candidatus Nanopelagicaceae","d__Bacteria;p__Actinomycetota;c__Actinomycetes;o__Candidatus Nanopelagicales;f__;g___f__Candidatus_Nanopelagicaceae"
"X2162846","PFDoA",-0.00175421743406195,0.00154515320713575,-0.00490984126976081,0.00140140640163692,0.265237582426878,38,0.657627470379084,"Candidatus Nanopelagicaceae","Family","Candidatus Nanopelagicaceae","d__Bacteria;p__Actinomycetota;c__Actinomycetes;o__Candidatus Nanopelagicales;f__;g___f__Candidatus_Nanopelagicaceae"
"X2162846","PFDA",0.00146955581675442,0.00158479190180409,-0.00176702103326933,0.00470613266677818,0.361178550250213,38,0.909110689868566,"Candidatus Nanopelagicaceae","Family","Candidatus Nanopelagicaceae","d__Bacteria;p__Actinomycetota;c__Actinomycetes;o__Candidatus Nanopelagicales;f__;g___f__Candidatus_Nanopelagicaceae"
"X2162846","N.MeFOSAA",-0.000319000989690641,0.00163920464922588,-0.00366670349504558,0.0030287015156643,0.847012386587363,38,0.917934770097652,"Candidatus Nanopelagicaceae","Family","Candidatus Nanopelagicaceae","d__Bacteria;p__Actinomycetota;c__Actinomycetes;o__Candidatus Nanopelagicales;f__;g___f__Candidatus_Nanopelagicaceae"
"X2162846","PFBA",-0.00136710265727437,0.00167342972530404,-0.00478470209281856,0.00205049677826981,0.420399516547148,38,0.979120275949679,"Candidatus Nanopelagicaceae","Family","Candidatus Nanopelagicaceae","d__Bacteria;p__Actinomycetota;c__Actinomycetes;o__Candidatus Nanopelagicales;f__;g___f__Candidatus_Nanopelagicaceae"
"X2211325","PFBA",0.000310898915987886,0.00166426580653786,-0.00308798530066835,0.00370978313264413,0.853068421951561,38,0.979120275949679,"Vicinamibacteraceae","Family","Vicinamibacteraceae","d__Bacteria;p__Acidobacteriota;c__Vicinamibacteria;o__Vicinamibacterales;f__;g___f__Vicinamibacteraceae"
"X2211325","PFDA",-0.000595775062617101,0.00157822658252516,-0.00381894374191068,0.00262739361667647,0.708462200763499,38,0.983263670315583,"Vicinamibacteraceae","Family","Vicinamibacteraceae","d__Bacteria;p__Acidobacteriota;c__Vicinamibacteria;o__Vicinamibacterales;f__;g___f__Vicinamibacteraceae"
"X2211325","PFDoA",-0.00116618233097423,0.00153842401463778,-0.00430806332218134,0.00197569866023288,0.454342797967581,38,0.685273479923447,"Vicinamibacteraceae","Family","Vicinamibacteraceae","d__Bacteria;p__Acidobacteriota;c__Vicinamibacteria;o__Vicinamibacterales;f__;g___f__Vicinamibacteraceae"
"X2211325","PFHpA",0.00176967062735112,0.00143297873519768,-0.00115686237400849,0.00469620362871074,0.226430785851474,38,0.823384675823541,"Vicinamibacteraceae","Family","Vicinamibacteraceae","d__Bacteria;p__Acidobacteriota;c__Vicinamibacteria;o__Vicinamibacterales;f__;g___f__Vicinamibacteraceae"
"X2211325","N.MeFOSAA",0.000581867950651655,0.00161084791237682,-0.00270792237208588,0.00387165827338919,0.720467662444801,38,0.917934770097652,"Vicinamibacteraceae","Family","Vicinamibacteraceae","d__Bacteria;p__Acidobacteriota;c__Vicinamibacteria;o__Vicinamibacterales;f__;g___f__Vicinamibacteraceae"
"X2448023","PFHpA",-0.00291560259541439,0.00105229951803429,-0.00506468491687489,-0.000766520273953894,0.00950929341316878,38,0.12679057884225,"Ilumatobacteraceae","Family","Ilumatobacteraceae","d__Bacteria;p__Actinomycetota;c__Acidimicrobiia;o__Acidimicrobiales;f__;g___f__Ilumatobacteraceae"
"X2448023","N.MeFOSAA",0.00207067664858342,0.00123963379173234,-0.000460993300171811,0.00460234659733865,0.10524401219727,38,0.526220060986351,"Ilumatobacteraceae","Family","Ilumatobacteraceae","d__Bacteria;p__Actinomycetota;c__Acidimicrobiia;o__Acidimicrobiales;f__;g___f__Ilumatobacteraceae"
"X2448023","PFBA",0.000487211651044313,0.00133388871016431,-0.00223695252149545,0.00321137582358407,0.717482520415349,38,0.979120275949679,"Ilumatobacteraceae","Family","Ilumatobacteraceae","d__Bacteria;p__Actinomycetota;c__Acidimicrobiia;o__Acidimicrobiales;f__;g___f__Ilumatobacteraceae"
"X2448023","PFDoA",-0.000510470351930014,0.00124333239333827,-0.00304969385287187,0.00202875314901184,0.684308307394401,38,0.855385384243001,"Ilumatobacteraceae","Family","Ilumatobacteraceae","d__Bacteria;p__Actinomycetota;c__Acidimicrobiia;o__Acidimicrobiales;f__;g___f__Ilumatobacteraceae"
"X2448023","PFDA",0.00144615558793324,0.00124225903717605,-0.00109087582728271,0.00398318700314919,0.253544662698281,38,0.909110689868566,"Ilumatobacteraceae","Family","Ilumatobacteraceae","d__Bacteria;p__Actinomycetota;c__Acidimicrobiia;o__Acidimicrobiales;f__;g___f__Ilumatobacteraceae"
"X255474","PFDA",-0.00554107236255942,0.0060291754206228,-0.0178542912583058,0.00677214653318696,0.365403794183808,38,0.909110689868566,"Parvularculaceae","Family","Parvularculaceae","d__Bacteria;p__Pseudomonadota;c__Alphaproteobacteria;o__Parvularculales;f__;g___f__Parvularculaceae"
"X255474","PFBA",0.00193065282462526,0.00642556648104403,-0.0111921046157434,0.015053410264994,0.76589547422549,38,0.979120275949679,"Parvularculaceae","Family","Parvularculaceae","d__Bacteria;p__Pseudomonadota;c__Alphaproteobacteria;o__Parvularculales;f__;g___f__Parvularculaceae"
"X255474","PFDoA",-0.00147591408661576,0.00599579211879929,-0.0137209551845476,0.0107691270113161,0.807236154840071,38,0.896929060933413,"Parvularculaceae","Family","Parvularculaceae","d__Bacteria;p__Pseudomonadota;c__Alphaproteobacteria;o__Parvularculales;f__;g___f__Parvularculaceae"
"X255474","PFHpA",0.0038309865190546,0.0056334499604184,-0.00767405316905919,0.0153360262071684,0.501691940371228,38,0.988650562675492,"Parvularculaceae","Family","Parvularculaceae","d__Bacteria;p__Pseudomonadota;c__Alphaproteobacteria;o__Parvularculales;f__;g___f__Parvularculaceae"
"X255474","N.MeFOSAA",-0.00521437254002351,0.00616551269217836,-0.0178060292902351,0.00737728421018804,0.404397514501744,38,0.86638672826322,"Parvularculaceae","Family","Parvularculaceae","d__Bacteria;p__Pseudomonadota;c__Alphaproteobacteria;o__Parvularculales;f__;g___f__Parvularculaceae"
"X267890","PFDoA",-0.000107232421535742,0.0012995283406338,-0.002761223357795,0.00254675851472352,0.934784179209069,38,0.934784179209069,"Shewanellaceae","Family","Shewanellaceae","d__Bacteria;p__Pseudomonadota;c__Gammaproteobacteria;o__Alteromonadales;f__;g___f__Shewanellaceae"
"X267890","PFHpA",0.00399154964807916,0.000989958438958453,0.00196978479531134,0.00601331450084698,0.000349636322064264,38,0.0139854528825706,"Shewanellaceae","Family","Shewanellaceae","d__Bacteria;p__Pseudomonadota;c__Gammaproteobacteria;o__Alteromonadales;f__;g___f__Shewanellaceae"
"X267890","PFDA",0.000154240482214449,0.00132354644817871,-0.00254880197353626,0.00285728293796516,0.908004597653099,38,0.983263670315583,"Shewanellaceae","Family","Shewanellaceae","d__Bacteria;p__Pseudomonadota;c__Gammaproteobacteria;o__Alteromonadales;f__;g___f__Shewanellaceae"
"X267890","PFBA",0.00106063690203954,0.00138000313987279,-0.00175770550013189,0.00387897930421097,0.448153711737345,38,0.979120275949679,"Shewanellaceae","Family","Shewanellaceae","d__Bacteria;p__Pseudomonadota;c__Gammaproteobacteria;o__Alteromonadales;f__;g___f__Shewanellaceae"
"X267890","N.MeFOSAA",-0.000225635060009934,0.00135031158100019,-0.0029833392093112,0.00253206908929133,0.8684137926575,38,0.917934770097652,"Shewanellaceae","Family","Shewanellaceae","d__Bacteria;p__Pseudomonadota;c__Gammaproteobacteria;o__Alteromonadales;f__;g___f__Shewanellaceae"
"X2807496","PFHpA",-0.00153697706409898,0.00141550268673738,-0.00442781921304313,0.00135386508484518,0.286208197398686,38,0.889967639267177,"Natranaerofabaceae","Family","Natranaerofabaceae","d__Bacteria;p__Bacillota;c__Clostridia;o__Natranaerobiales;f__;g___f__Natranaerofabaceae"
"X2807496","PFDoA",0.000709630656128643,0.00152019056214613,-0.0023950126572715,0.00381427396952878,0.644012750358018,38,0.831257489388495,"Natranaerofabaceae","Family","Natranaerofabaceae","d__Bacteria;p__Bacillota;c__Clostridia;o__Natranaerobiales;f__;g___f__Natranaerofabaceae"
"X2807496","PFDA",0.00216273687063279,0.00150307524946582,-0.000906952311099365,0.00523242605236494,0.160538479037326,38,0.909110689868566,"Natranaerofabaceae","Family","Natranaerofabaceae","d__Bacteria;p__Bacillota;c__Clostridia;o__Natranaerobiales;f__;g___f__Natranaerofabaceae"
"X2807496","PFBA",0.00156491451975371,0.00161072607361499,-0.00172462697503642,0.00485445601454384,0.339039026569322,38,0.979120275949679,"Natranaerofabaceae","Family","Natranaerofabaceae","d__Bacteria;p__Bacillota;c__Clostridia;o__Natranaerobiales;f__;g___f__Natranaerofabaceae"
"X2807496","N.MeFOSAA",0.00237478136096133,0.00152546119460273,-0.000740626019932201,0.00549018874185486,0.130014656420661,38,0.577842917425162,"Natranaerofabaceae","Family","Natranaerofabaceae","d__Bacteria;p__Bacillota;c__Clostridia;o__Natranaerobiales;f__;g___f__Natranaerofabaceae"
"X28256","N.MeFOSAA",0.00231032714005765,0.00217668034376017,-0.00213504717217605,0.00675570145229135,0.296978804019113,38,0.791943477384302,"Halomonadaceae","Family","Halomonadaceae","d__Bacteria;p__Pseudomonadota;c__Gammaproteobacteria;o__Oceanospirillales;f__;g___f__Halomonadaceae"
"X28256","PFBA",0.000448565758398326,0.00228559483579104,-0.00421924162100206,0.00511637313779871,0.845731831464243,38,0.979120275949679,"Halomonadaceae","Family","Halomonadaceae","d__Bacteria;p__Pseudomonadota;c__Gammaproteobacteria;o__Oceanospirillales;f__;g___f__Halomonadaceae"
"X28256","PFDA",-7.33757671651261e-05,0.00217266543998365,-0.00451055055200135,0.0043637990176711,0.973282482170194,38,0.983263670315583,"Halomonadaceae","Family","Halomonadaceae","d__Bacteria;p__Pseudomonadota;c__Gammaproteobacteria;o__Oceanospirillales;f__;g___f__Halomonadaceae"
"X28256","PFDoA",0.00192657349508399,0.00210383700376793,-0.00237003487025858,0.00622318186042656,0.367104552537456,38,0.681303510828973,"Halomonadaceae","Family","Halomonadaceae","d__Bacteria;p__Pseudomonadota;c__Gammaproteobacteria;o__Oceanospirillales;f__;g___f__Halomonadaceae"
"X28256","PFHpA",2.89385569074127e-05,0.00201747778216207,-0.00409130074880189,0.00414917786261672,0.988650562675492,38,0.988650562675492,"Halomonadaceae","Family","Halomonadaceae","d__Bacteria;p__Pseudomonadota;c__Gammaproteobacteria;o__Oceanospirillales;f__;g___f__Halomonadaceae"
"X2881384","PFHpA",-0.000592836642193353,0.00202917434274847,-0.00473696351142172,0.00355129022703502,0.772177876666738,38,0.988650562675492,"Thermostichaceae","Family","Thermostichaceae","d__Bacteria;p__Cyanobacteriota;c__Cyanophyceae;o__Thermostichales;f__;g___f__Thermostichaceae"
"X2881384","PFDoA",-0.00354194243405535,0.00204881624748514,-0.00772618342431671,0.000642298556206007,0.09412967222395,38,0.643339373533933,"Thermostichaceae","Family","Thermostichaceae","d__Bacteria;p__Cyanobacteriota;c__Cyanophyceae;o__Thermostichales;f__;g___f__Thermostichaceae"
"X2881384","PFDA",-0.00352838970679895,0.00209143977590709,-0.00779967955514683,0.000742900141548934,0.101964210736251,38,0.909110689868566,"Thermostichaceae","Family","Thermostichaceae","d__Bacteria;p__Cyanobacteriota;c__Cyanophyceae;o__Thermostichales;f__;g___f__Thermostichaceae"
"X2881384","PFBA",0.000334359657992726,0.00230277430329502,-0.00436853287470497,0.00503725219069043,0.885525211963379,38,0.979120275949679,"Thermostichaceae","Family","Thermostichaceae","d__Bacteria;p__Cyanobacteriota;c__Cyanophyceae;o__Thermostichales;f__;g___f__Thermostichaceae"
"X2881384","N.MeFOSAA",-0.000355301522323458,0.00223224784118911,-0.00491415980402187,0.00420355675937495,0.874603572512476,38,0.917934770097652,"Thermostichaceae","Family","Thermostichaceae","d__Bacteria;p__Cyanobacteriota;c__Cyanophyceae;o__Thermostichales;f__;g___f__Thermostichaceae"
"X2897348","N.MeFOSAA",-0.00199452554003935,0.00148061526604789,-0.00501834531626809,0.00102929423618939,0.18803845538485,38,0.682562373496183,"Candidatus Uabimicrobiaceae","Family","Candidatus Uabimicrobiaceae","d__Bacteria;p__Planctomycetota;c__Candidatus Uabimicrobiia;o__Candidatus Uabimicrobiales;f__;g___f__Candidatus_Uabimicrobiaceae"
"X2897348","PFBA",7.93008927408863e-05,0.00157273312622514,-0.00313264865206125,0.00329125043754302,0.960120056882245,38,0.979120275949679,"Candidatus Uabimicrobiaceae","Family","Candidatus Uabimicrobiaceae","d__Bacteria;p__Planctomycetota;c__Candidatus Uabimicrobiia;o__Candidatus Uabimicrobiales;f__;g___f__Candidatus_Uabimicrobiaceae"
"X2897348","PFDA",-0.00197384994631832,0.00145004838546617,-0.00493524382425996,0.000987543931623313,0.183578491304658,38,0.909110689868566,"Candidatus Uabimicrobiaceae","Family","Candidatus Uabimicrobiaceae","d__Bacteria;p__Planctomycetota;c__Candidatus Uabimicrobiia;o__Candidatus Uabimicrobiales;f__;g___f__Candidatus_Uabimicrobiaceae"
"X2897348","PFDoA",-0.00152237975367512,0.00144030516518076,-0.00446387532119219,0.00141911581384195,0.298956364767108,38,0.657627470379084,"Candidatus Uabimicrobiaceae","Family","Candidatus Uabimicrobiaceae","d__Bacteria;p__Planctomycetota;c__Candidatus Uabimicrobiia;o__Candidatus Uabimicrobiales;f__;g___f__Candidatus_Uabimicrobiaceae"
"X2897348","PFHpA",0.000786056512321535,0.00137997073554123,-0.00203221971137607,0.00360433273601914,0.573177659949082,38,0.988650562675492,"Candidatus Uabimicrobiaceae","Family","Candidatus Uabimicrobiaceae","d__Bacteria;p__Planctomycetota;c__Candidatus Uabimicrobiia;o__Candidatus Uabimicrobiales;f__;g___f__Candidatus_Uabimicrobiaceae"
"X2931039","PFHpA",-0.00195226232956386,0.00110035521091283,-0.00419948746895868,0.000294962809830949,0.0861789727529175,38,0.57452648501945,"Desulfococcaceae","Family","Desulfococcaceae","d__Bacteria;p__Thermodesulfobacteriota;c__Desulfobacteria;o__Desulfobacterales;f__;g___f__Desulfococcaceae"
"X2931039","PFDoA",0.00118611342765195,0.0012035656119107,-0.00127189547090461,0.00364412232620851,0.332260668046471,38,0.664521336092941,"Desulfococcaceae","Family","Desulfococcaceae","d__Bacteria;p__Thermodesulfobacteriota;c__Desulfobacteria;o__Desulfobacterales;f__;g___f__Desulfococcaceae"
"X2931039","PFDA",0.00294107510446482,0.00112395495657581,0.00064565285452679,0.00523649735440285,0.0137705480351703,38,0.50024843310637,"Desulfococcaceae","Family","Desulfococcaceae","d__Bacteria;p__Thermodesulfobacteriota;c__Desulfobacteria;o__Desulfobacterales;f__;g___f__Desulfococcaceae"
"X2931039","PFBA",-0.000873432296276368,0.00130146219132905,-0.00353137268254513,0.00178450808999239,0.507281330566731,38,0.979120275949679,"Desulfococcaceae","Family","Desulfococcaceae","d__Bacteria;p__Thermodesulfobacteriota;c__Desulfobacteria;o__Desulfobacterales;f__;g___f__Desulfococcaceae"
"X2931039","N.MeFOSAA",0.00332000094400737,0.00111729681878989,0.00103817642547978,0.00560182546253496,0.00579038451213228,38,0.115807690242646,"Desulfococcaceae","Family","Desulfococcaceae","d__Bacteria;p__Thermodesulfobacteriota;c__Desulfobacteria;o__Desulfobacterales;f__;g___f__Desulfococcaceae"
"X2934961","PFBA",-0.00330534192793101,0.00597345501798066,-0.0155047645801073,0.00889408072424531,0.584132323513492,38,0.979120275949679,"Sirenicapillariaceae","Family","Sirenicapillariaceae","d__Bacteria;p__Cyanobacteriota;c__Cyanophyceae;o__Oscillatoriales;f__;g___f__Sirenicapillariaceae"
"X2934961","PFDA",-0.0012060529307638,0.00569941083226507,-0.0128458026906437,0.0104336968291161,0.83384225995113,38,0.983263670315583,"Sirenicapillariaceae","Family","Sirenicapillariaceae","d__Bacteria;p__Cyanobacteriota;c__Cyanophyceae;o__Oscillatoriales;f__;g___f__Sirenicapillariaceae"
"X2934961","PFDoA",0.00650017334344323,0.00547232164140382,-0.00467579841681698,0.0176761451037034,0.244220949738093,38,0.657627470379084,"Sirenicapillariaceae","Family","Sirenicapillariaceae","d__Bacteria;p__Cyanobacteriota;c__Cyanophyceae;o__Oscillatoriales;f__;g___f__Sirenicapillariaceae"
"X2934961","PFHpA",-0.00204154574039595,0.00528305060495392,-0.0128309744761389,0.00874788299534703,0.701903250666085,38,0.988650562675492,"Sirenicapillariaceae","Family","Sirenicapillariaceae","d__Bacteria;p__Cyanobacteriota;c__Cyanophyceae;o__Oscillatoriales;f__;g___f__Sirenicapillariaceae"
"X2934961","N.MeFOSAA",0.00180037977996359,0.00581110491316451,-0.0100674797248691,0.0136682392847963,0.758841952952094,38,0.917934770097652,"Sirenicapillariaceae","Family","Sirenicapillariaceae","d__Bacteria;p__Cyanobacteriota;c__Cyanophyceae;o__Oscillatoriales;f__;g___f__Sirenicapillariaceae"
"X2937911","PFHpA",-0.00333192490462516,0.00174977927703244,-0.00690545092671521,0.000241601117464888,0.0665143227632115,38,0.532114582105692,"Thermincolaceae","Family","Thermincolaceae","d__Bacteria;p__Bacillota;c__Clostridia;o__Eubacteriales;f__;g___f__Thermincolaceae"
"X2937911","PFDoA",-0.00239629235742326,0.00190912406718118,-0.00629524385548916,0.00150265914064266,0.219103485836839,38,0.657627470379084,"Thermincolaceae","Family","Thermincolaceae","d__Bacteria;p__Bacillota;c__Clostridia;o__Eubacteriales;f__;g___f__Thermincolaceae"
"X2937911","PFDA",-0.000130296003618655,0.00199489489765165,-0.00420441490630849,0.00394382289907118,0.948356732056867,38,0.983263670315583,"Thermincolaceae","Family","Thermincolaceae","d__Bacteria;p__Bacillota;c__Clostridia;o__Eubacteriales;f__;g___f__Thermincolaceae"
"X2937911","PFBA",0.000166733294196473,0.00209981974738773,-0.00412167073909092,0.00445513732748386,0.937238895047812,38,0.979120275949679,"Thermincolaceae","Family","Thermincolaceae","d__Bacteria;p__Bacillota;c__Clostridia;o__Eubacteriales;f__;g___f__Thermincolaceae"
"X2937911","N.MeFOSAA",-0.00239016068283957,0.00198854874972765,-0.00645131902242061,0.00167099765674148,0.2387804760098,38,0.684272266302279,"Thermincolaceae","Family","Thermincolaceae","d__Bacteria;p__Bacillota;c__Clostridia;o__Eubacteriales;f__;g___f__Thermincolaceae"
"X403","PFHpA",-0.000379822181668885,0.00153291638838979,-0.00351045509949013,0.00275081073615236,0.80599466162115,38,0.988650562675492,"Methylococcaceae","Family","Methylococcaceae","d__Bacteria;p__Pseudomonadota;c__Gammaproteobacteria;o__Methylococcales;f__;g___f__Methylococcaceae"
"X403","N.MeFOSAA",-0.0044389166564866,0.00147886117915466,-0.00745915410936734,-0.00141867920360587,0.00536861433553203,38,0.115807690242646,"Methylococcaceae","Family","Methylococcaceae","d__Bacteria;p__Pseudomonadota;c__Gammaproteobacteria;o__Methylococcales;f__;g___f__Methylococcaceae"
"X403","PFBA",0.000633648825320424,0.00173567112535294,-0.00291106450718526,0.0041783621578261,0.717617223652155,38,0.979120275949679,"Methylococcaceae","Family","Methylococcaceae","d__Bacteria;p__Pseudomonadota;c__Gammaproteobacteria;o__Methylococcales;f__;g___f__Methylococcaceae"
"X403","PFDoA",-0.00244025064854047,0.00156000047068411,-0.00562619664163561,0.000745695344554659,0.128244547164262,38,0.643339373533933,"Methylococcaceae","Family","Methylococcaceae","d__Bacteria;p__Pseudomonadota;c__Gammaproteobacteria;o__Methylococcales;f__;g___f__Methylococcaceae"
"X403","PFDA",-0.00358083556455072,0.00151772584209684,-0.0066804452480817,-0.000481225881019732,0.0250124216553185,38,0.50024843310637,"Methylococcaceae","Family","Methylococcaceae","d__Bacteria;p__Pseudomonadota;c__Gammaproteobacteria;o__Methylococcales;f__;g___f__Methylococcaceae"
"X433","PFHpA",-0.00101599503985667,0.00185723673233597,-0.00480897846313735,0.002776988383424,0.588393318092542,38,0.988650562675492,"Acetobacteraceae","Family","Acetobacteraceae","d__Bacteria;p__Pseudomonadota;c__Alphaproteobacteria;o__Rhodospirillales;f__;g___f__Acetobacteraceae"
"X433","PFDoA",-0.000178597134848699,0.00197311221380722,-0.00420822986229874,0.00385103559260134,0.928479274985702,38,0.934784179209069,"Acetobacteraceae","Family","Acetobacteraceae","d__Bacteria;p__Pseudomonadota;c__Alphaproteobacteria;o__Rhodospirillales;f__;g___f__Acetobacteraceae"
"X433","PFDA",-0.00213526063512532,0.00197191449800917,-0.00616244730059052,0.00189192603033988,0.287507978839708,38,0.909110689868566,"Acetobacteraceae","Family","Acetobacteraceae","d__Bacteria;p__Pseudomonadota;c__Alphaproteobacteria;o__Rhodospirillales;f__;g___f__Acetobacteraceae"
"X433","PFBA",0.000228168601412925,0.0021154661175704,-0.00409218958273962,0.00454852678556547,0.914826968166117,38,0.979120275949679,"Acetobacteraceae","Family","Acetobacteraceae","d__Bacteria;p__Pseudomonadota;c__Alphaproteobacteria;o__Rhodospirillales;f__;g___f__Acetobacteraceae"
"X433","N.MeFOSAA",-0.000577738849670795,0.00204850523058586,-0.00476134465868531,0.00360586695934372,0.779857437477125,38,0.917934770097652,"Acetobacteraceae","Family","Acetobacteraceae","d__Bacteria;p__Pseudomonadota;c__Alphaproteobacteria;o__Rhodospirillales;f__;g___f__Acetobacteraceae"
"X453228","PFDA",-6.05969794495444e-05,0.00286469835408669,-0.00591109152361228,0.00578989756471319,0.983263670315583,38,0.983263670315583,"Desulfarculaceae","Family","Desulfarculaceae","d__Bacteria;p__Thermodesulfobacteriota;c__Desulfarculia;o__Desulfarculales;f__;g___f__Desulfarculaceae"
"X453228","PFBA",-0.00174481069208024,0.00299862349304426,-0.00786881685874234,0.00437919547458186,0.565001192890962,38,0.979120275949679,"Desulfarculaceae","Family","Desulfarculaceae","d__Bacteria;p__Thermodesulfobacteriota;c__Desulfarculia;o__Desulfarculales;f__;g___f__Desulfarculaceae"
"X453228","PFDoA",0.00152466064899683,0.00279860729572371,-0.00419085794706341,0.00724017924505706,0.589923436641443,38,0.813687498815783,"Desulfarculaceae","Family","Desulfarculaceae","d__Bacteria;p__Thermodesulfobacteriota;c__Desulfarculia;o__Desulfarculales;f__;g___f__Desulfarculaceae"
"X453228","PFHpA",0.000393671215650013,0.0026590878475428,-0.005036910654272,0.00582425308557203,0.883295916291562,38,0.988650562675492,"Desulfarculaceae","Family","Desulfarculaceae","d__Bacteria;p__Thermodesulfobacteriota;c__Desulfarculia;o__Desulfarculales;f__;g___f__Desulfarculaceae"
"X453228","N.MeFOSAA",0.000169006189845307,0.00292318622445928,-0.00580093652100709,0.0061389489006977,0.954278782275292,38,0.954278782275292,"Desulfarculaceae","Family","Desulfarculaceae","d__Bacteria;p__Thermodesulfobacteriota;c__Desulfarculia;o__Desulfarculales;f__;g___f__Desulfarculaceae"
"X45404","PFHpA",-0.00486966787019661,0.00303761213246634,-0.0110732994612591,0.00133396372086586,0.119385484143582,38,0.596927420717911,"Beijerinckiaceae","Family","Beijerinckiaceae","d__Bacteria;p__Pseudomonadota;c__Alphaproteobacteria;o__Hyphomicrobiales;f__;g___f__Beijerinckiaceae"
"X45404","N.MeFOSAA",0.00840450660145813,0.00312157205561097,0.0020294059719242,0.014779607230992,0.0114928189179126,38,0.153237585572168,"Beijerinckiaceae","Family","Beijerinckiaceae","d__Bacteria;p__Pseudomonadota;c__Alphaproteobacteria;o__Hyphomicrobiales;f__;g___f__Beijerinckiaceae"
"X45404","PFBA",0.00309673610355927,0.00354313914989076,-0.00413931939110521,0.0103327915982238,0.389056378991388,38,0.979120275949679,"Beijerinckiaceae","Family","Beijerinckiaceae","d__Bacteria;p__Pseudomonadota;c__Alphaproteobacteria;o__Hyphomicrobiales;f__;g___f__Beijerinckiaceae"
"X45404","PFDoA",0.00449598991559946,0.00324409324747457,-0.0021293323693907,0.0111213122005896,0.175993857310057,38,0.657627470379084,"Beijerinckiaceae","Family","Beijerinckiaceae","d__Bacteria;p__Pseudomonadota;c__Alphaproteobacteria;o__Hyphomicrobiales;f__;g___f__Beijerinckiaceae"
"X45404","PFDA",-0.000554061906623052,0.00340706274970047,-0.00751221231722628,0.00640408850398017,0.87190685919536,38,0.983263670315583,"Beijerinckiaceae","Family","Beijerinckiaceae","d__Bacteria;p__Pseudomonadota;c__Alphaproteobacteria;o__Hyphomicrobiales;f__;g___f__Beijerinckiaceae"
"X49546","PFHpA",0.00101731507049026,0.00400182945313764,-0.00715551099646778,0.0091901411374483,0.801065776300096,38,0.988650562675492,"Flavobacteriaceae","Family","Flavobacteriaceae","d__Bacteria;p__Bacteroidota;c__Flavobacteriia;o__Flavobacteriales;f__;g___f__Flavobacteriaceae"
"X49546","PFDoA",0.00473673151490538,0.0041463676233965,-0.00373128087605652,0.0132047439058673,0.262331467938146,38,0.657627470379084,"Flavobacteriaceae","Family","Flavobacteriaceae","d__Bacteria;p__Bacteroidota;c__Flavobacteriia;o__Flavobacteriales;f__;g___f__Flavobacteriaceae"
"X49546","PFDA",-0.00255283986057612,0.0042891137132841,-0.0113123786591602,0.00620669893800792,0.556179570715168,38,0.909110689868566,"Flavobacteriaceae","Family","Flavobacteriaceae","d__Bacteria;p__Bacteroidota;c__Flavobacteriia;o__Flavobacteriales;f__;g___f__Flavobacteriaceae"
"X49546","PFBA",0.00612026255051868,0.00440182664369384,-0.00286946676131017,0.0151099918623475,0.174639837885618,38,0.979120275949679,"Flavobacteriaceae","Family","Flavobacteriaceae","d__Bacteria;p__Bacteroidota;c__Flavobacteriia;o__Flavobacteriales;f__;g___f__Flavobacteriaceae"
"X49546","N.MeFOSAA",-0.0032340311447683,0.0043628879513795,-0.0121442370377992,0.00567617474826259,0.464299624235084,38,0.86638672826322,"Flavobacteriaceae","Family","Flavobacteriaceae","d__Bacteria;p__Bacteroidota;c__Flavobacteriia;o__Flavobacteriales;f__;g___f__Flavobacteriaceae"
"X543372","PFHpA",0.000101027756550738,0.00135100528850743,-0.00265809313248529,0.00286014864558676,0.940886428407519,38,0.988650562675492,"Thermoanaerobacterales Family IV. Incertae Sedis","Family","Thermoanaerobacterales Family IV. Incertae Sedis","d__Bacteria;p__Bacillota;c__Clostridia;o__Thermoanaerobacterales;f__;g___f__Thermoanaerobacterales_Family_IV._Incertae_Sedis"
"X543372","PFDoA",-0.00268037005510454,0.00134208287573063,-0.00542126894628276,6.05288360736762e-05,0.054947456036035,38,0.643339373533933,"Thermoanaerobacterales Family IV. Incertae Sedis","Family","Thermoanaerobacterales Family IV. Incertae Sedis","d__Bacteria;p__Bacillota;c__Clostridia;o__Thermoanaerobacterales;f__;g___f__Thermoanaerobacterales_Family_IV._Incertae_Sedis"
"X543372","PFDA",0.000458917893253013,0.00145267076821151,-0.00250783160473932,0.00342566739124535,0.754255840350423,38,0.983263670315583,"Thermoanaerobacterales Family IV. Incertae Sedis","Family","Thermoanaerobacterales Family IV. Incertae Sedis","d__Bacteria;p__Bacillota;c__Clostridia;o__Thermoanaerobacterales;f__;g___f__Thermoanaerobacterales_Family_IV._Incertae_Sedis"
"X543372","PFBA",-0.00128765650707928,0.0015135202603645,-0.00437867724687558,0.00180336423271703,0.401637234132088,38,0.979120275949679,"Thermoanaerobacterales Family IV. Incertae Sedis","Family","Thermoanaerobacterales Family IV. Incertae Sedis","d__Bacteria;p__Bacillota;c__Clostridia;o__Thermoanaerobacterales;f__;g___f__Thermoanaerobacterales_Family_IV._Incertae_Sedis"
"X543372","N.MeFOSAA",-0.000474789471973384,0.00148233242518426,-0.00350211615500941,0.00255253721106265,0.75096207399344,38,0.917934770097652,"Thermoanaerobacterales Family IV. Incertae Sedis","Family","Thermoanaerobacterales Family IV. Incertae Sedis","d__Bacteria;p__Bacillota;c__Clostridia;o__Thermoanaerobacterales;f__;g___f__Thermoanaerobacterales_Family_IV._Incertae_Sedis"
"X689704","PFDoA",0.00892149734787833,0.005224041199489,-0.00174741810442094,0.0195904128001776,0.0980078801157475,38,0.643339373533933,"Rhabdochlamydiaceae","Family","Rhabdochlamydiaceae","d__Bacteria;p__Chlamydiota;c__Chlamydiia;o__Parachlamydiales;f__;g___f__Rhabdochlamydiaceae"
"X689704","PFHpA",-0.00345040656739093,0.00513716308348494,-0.0139418932363198,0.00704108010153789,0.506942308857048,38,0.988650562675492,"Rhabdochlamydiaceae","Family","Rhabdochlamydiaceae","d__Bacteria;p__Chlamydiota;c__Chlamydiia;o__Parachlamydiales;f__;g___f__Rhabdochlamydiaceae"
"X689704","PFDA",0.00333944976112787,0.00554040315258449,-0.00797556299419998,0.0146544625164557,0.551207973580977,38,0.909110689868566,"Rhabdochlamydiaceae","Family","Rhabdochlamydiaceae","d__Bacteria;p__Chlamydiota;c__Chlamydiia;o__Parachlamydiales;f__;g___f__Rhabdochlamydiaceae"
"X689704","PFBA",0.010259502983523,0.0055601824938627,-0.00109590457570109,0.0216149105427472,0.0749045284263513,38,0.979120275949679,"Rhabdochlamydiaceae","Family","Rhabdochlamydiaceae","d__Bacteria;p__Chlamydiota;c__Chlamydiia;o__Parachlamydiales;f__;g___f__Rhabdochlamydiaceae"
"X689704","N.MeFOSAA",0.00719822703315849,0.00553401562718818,-0.00410374065498855,0.0185001947213055,0.203256077715628,38,0.682562373496183,"Rhabdochlamydiaceae","Family","Rhabdochlamydiaceae","d__Bacteria;p__Chlamydiota;c__Chlamydiia;o__Parachlamydiales;f__;g___f__Rhabdochlamydiaceae"
"X75682","N.MeFOSAA",-0.0136625879558712,0.0075858010847388,-0.0291548605702133,0.00182968465847087,0.0817518849107949,38,0.526220060986351,"Oxalobacteraceae","Family","Oxalobacteraceae","d__Bacteria;p__Pseudomonadota;c__Betaproteobacteria;o__Burkholderiales;f__;g___f__Oxalobacteraceae"
"X75682","PFBA",0.00148956275003167,0.00823261815639557,-0.0153236865540205,0.0183028120540838,0.857636004489041,38,0.979120275949679,"Oxalobacteraceae","Family","Oxalobacteraceae","d__Bacteria;p__Pseudomonadota;c__Betaproteobacteria;o__Burkholderiales;f__;g___f__Oxalobacteraceae"
"X75682","PFDA",-0.00194679578454952,0.00781717058060112,-0.0179115879475195,0.0140179963784205,0.805026253788555,38,0.983263670315583,"Oxalobacteraceae","Family","Oxalobacteraceae","d__Bacteria;p__Pseudomonadota;c__Betaproteobacteria;o__Burkholderiales;f__;g___f__Oxalobacteraceae"
"X75682","PFDoA",-0.00805222583161979,0.00754040051959471,-0.0234517781222676,0.00734732645902803,0.294093820518676,38,0.657627470379084,"Oxalobacteraceae","Family","Oxalobacteraceae","d__Bacteria;p__Pseudomonadota;c__Betaproteobacteria;o__Burkholderiales;f__;g___f__Oxalobacteraceae"
"X75682","PFHpA",0.00130546514670149,0.00726228724806652,-0.0135261040697725,0.0161370343631755,0.858550073192534,38,0.988650562675492,"Oxalobacteraceae","Family","Oxalobacteraceae","d__Bacteria;p__Pseudomonadota;c__Betaproteobacteria;o__Burkholderiales;f__;g___f__Oxalobacteraceae"
"X75787","PFHpA",0.00255883873693509,0.00435896464500482,-0.00634335469554915,0.0114610321694193,0.561576438311428,38,0.988650562675492,"Rhodocyclaceae","Family","Rhodocyclaceae","d__Bacteria;p__Pseudomonadota;c__Betaproteobacteria;o__Rhodocyclales;f__;g___f__Rhodocyclaceae"
"X75787","PFDoA",-0.00581400448117149,0.00451183799636777,-0.0150284069484467,0.00340039798610376,0.20738272169729,38,0.657627470379084,"Rhodocyclaceae","Family","Rhodocyclaceae","d__Bacteria;p__Pseudomonadota;c__Betaproteobacteria;o__Rhodocyclales;f__;g___f__Rhodocyclaceae"
"X75787","PFDA",-0.000231543273595397,0.00472103153232077,-0.00987317593738373,0.00941008939019294,0.961208462013937,38,0.983263670315583,"Rhodocyclaceae","Family","Rhodocyclaceae","d__Bacteria;p__Pseudomonadota;c__Betaproteobacteria;o__Rhodocyclales;f__;g___f__Rhodocyclaceae"
"X75787","PFBA",-0.0135851157324062,0.00430652687088163,-0.0223802169431289,-0.00479001452168344,0.00364004616024414,38,0.145601846409765,"Rhodocyclaceae","Family","Rhodocyclaceae","d__Bacteria;p__Pseudomonadota;c__Betaproteobacteria;o__Rhodocyclales;f__;g___f__Rhodocyclaceae"
"X75787","N.MeFOSAA",0.0035897070347796,0.00477305983211557,-0.00615818159262784,0.013337595662187,0.45786542218636,38,0.86638672826322,"Rhodocyclaceae","Family","Rhodocyclaceae","d__Bacteria;p__Pseudomonadota;c__Betaproteobacteria;o__Rhodocyclales;f__;g___f__Rhodocyclaceae"
"X84642","PFHpA",0.00688196229339155,0.00238912577367742,0.00200271653117077,0.0117612080556123,0.0072618649588744,38,0.12679057884225,"Aeromonadaceae","Family","Aeromonadaceae","d__Bacteria;p__Pseudomonadota;c__Gammaproteobacteria;o__Aeromonadales;f__;g___f__Aeromonadaceae"
"X84642","PFDoA",-0.000544913797037835,0.00285225221714805,-0.00636998993854343,0.00528016234446776,0.849775975851908,38,0.918676730650712,"Aeromonadaceae","Family","Aeromonadaceae","d__Bacteria;p__Pseudomonadota;c__Gammaproteobacteria;o__Aeromonadales;f__;g___f__Aeromonadaceae"
"X84642","PFDA",0.00166835997030851,0.00289106072354186,-0.00423597371487537,0.00757269365549239,0.568194181167854,38,0.909110689868566,"Aeromonadaceae","Family","Aeromonadaceae","d__Bacteria;p__Pseudomonadota;c__Gammaproteobacteria;o__Aeromonadales;f__;g___f__Aeromonadaceae"
"X84642","N.MeFOSAA",-0.000647222009622865,0.00296420417183492,-0.00670093454461455,0.00540649052536882,0.828638090423635,38,0.917934770097652,"Aeromonadaceae","Family","Aeromonadaceae","d__Bacteria;p__Pseudomonadota;c__Gammaproteobacteria;o__Aeromonadales;f__;g___f__Aeromonadaceae"
"X84642","PFBA",-0.000750211516029492,0.00305700148449211,-0.00699344144667972,0.00549301841462073,0.807811903691234,38,0.979120275949679,"Aeromonadaceae","Family","Aeromonadaceae","d__Bacteria;p__Pseudomonadota;c__Gammaproteobacteria;o__Aeromonadales;f__;g___f__Aeromonadaceae"
"X85017","PFHpA",-0.000439745064011866,0.00105558438945428,-0.0025955359878959,0.00171604585987217,0.67994458085076,38,0.988650562675492,"Promicromonosporaceae","Family","Promicromonosporaceae","d__Bacteria;p__Actinomycetota;c__Actinomycetes;o__Micrococcales;f__;g___f__Promicromonosporaceae"
"X85017","PFDoA",-0.000891083799885997,0.00110738085060271,-0.00315265720970734,0.00137048960993534,0.427337472760652,38,0.685273479923447,"Promicromonosporaceae","Family","Promicromonosporaceae","d__Bacteria;p__Actinomycetota;c__Actinomycetes;o__Micrococcales;f__;g___f__Promicromonosporaceae"
"X85017","PFDA",-0.000204923944602601,0.00113946868091872,-0.0025320294464608,0.0021221815572556,0.858486137790734,38,0.983263670315583,"Promicromonosporaceae","Family","Promicromonosporaceae","d__Bacteria;p__Actinomycetota;c__Actinomycetes;o__Micrococcales;f__;g___f__Promicromonosporaceae"
"X85017","N.MeFOSAA",0.000182794105947338,0.0011629369102201,-0.00219223991421124,0.00255782812610591,0.876153621899862,38,0.917934770097652,"Promicromonosporaceae","Family","Promicromonosporaceae","d__Bacteria;p__Actinomycetota;c__Actinomycetes;o__Micrococcales;f__;g___f__Promicromonosporaceae"
"X85017","PFBA",-0.000495596353185342,0.0011966721471593,-0.00293952691855163,0.00194833421218095,0.68171376502669,38,0.979120275949679,"Promicromonosporaceae","Family","Promicromonosporaceae","d__Bacteria;p__Actinomycetota;c__Actinomycetes;o__Micrococcales;f__;g___f__Promicromonosporaceae"
"X85025","PFHpA",-0.00172733786927026,0.00138845218999742,-0.00456293553379312,0.0011082597952526,0.223105188990253,38,0.823384675823541,"Nocardiaceae","Family","Nocardiaceae","d__Bacteria;p__Actinomycetota;c__Actinomycetes;o__Mycobacteriales;f__;g___f__Nocardiaceae"
"X85025","PFDoA",0.000204362671854422,0.00150490571740469,-0.00286906482413143,0.00327779016784027,0.892888377809686,38,0.934784179209069,"Nocardiaceae","Family","Nocardiaceae","d__Bacteria;p__Actinomycetota;c__Actinomycetes;o__Mycobacteriales;f__;g___f__Nocardiaceae"
"X85025","PFDA",-0.00128776220500245,0.00151523144805679,-0.00438227765629027,0.00180675324628536,0.402124650187874,38,0.909110689868566,"Nocardiaceae","Family","Nocardiaceae","d__Bacteria;p__Actinomycetota;c__Actinomycetes;o__Mycobacteriales;f__;g___f__Nocardiaceae"
"X85025","PFBA",0.000743185393717377,0.00160835497263212,-0.00254151366684434,0.0040278844542791,0.647359069014844,38,0.979120275949679,"Nocardiaceae","Family","Nocardiaceae","d__Bacteria;p__Actinomycetota;c__Actinomycetes;o__Mycobacteriales;f__;g___f__Nocardiaceae"
"X85025","N.MeFOSAA",-0.00183432358907186,0.00152848626550384,-0.0049559089889451,0.00128726181080138,0.239495293205798,38,0.684272266302279,"Nocardiaceae","Family","Nocardiaceae","d__Bacteria;p__Actinomycetota;c__Actinomycetes;o__Mycobacteriales;f__;g___f__Nocardiaceae"
"X85034","PFHpA",-0.000583391799353354,0.00107761823317267,-0.00278418183536991,0.0016173982366632,0.592249573745328,38,0.988650562675492,"Glycomycetaceae","Family","Glycomycetaceae","d__Bacteria;p__Actinomycetota;c__Actinomycetes;o__Glycomycetales;f__;g___f__Glycomycetaceae"
"X85034","PFDoA",-0.000400470987533996,0.00114255481632013,-0.00273387921871891,0.00193293724365092,0.728409099485188,38,0.870548199165733,"Glycomycetaceae","Family","Glycomycetaceae","d__Bacteria;p__Actinomycetota;c__Actinomycetes;o__Glycomycetales;f__;g___f__Glycomycetaceae"
"X85034","PFDA",-0.000686941779925108,0.0011594198513535,-0.00305479300763323,0.00168090944778301,0.557964018540804,38,0.909110689868566,"Glycomycetaceae","Family","Glycomycetaceae","d__Bacteria;p__Actinomycetota;c__Actinomycetes;o__Glycomycetales;f__;g___f__Glycomycetaceae"
"X85034","PFBA",-0.0014485600417563,0.00119873507430574,-0.00389670366641313,0.000999583582900532,0.236329923347742,38,0.979120275949679,"Glycomycetaceae","Family","Glycomycetaceae","d__Bacteria;p__Actinomycetota;c__Actinomycetes;o__Glycomycetales;f__;g___f__Glycomycetaceae"
"X85034","N.MeFOSAA",-0.000158374318246738,0.00118969931157889,-0.00258806445356485,0.00227131581707138,0.89498640084521,38,0.917934770097652,"Glycomycetaceae","Family","Glycomycetaceae","d__Bacteria;p__Actinomycetota;c__Actinomycetes;o__Glycomycetales;f__;g___f__Glycomycetaceae"
"X1096778","N-detect",-0.000738157521684787,NA,-0.0023356048979417,0.00085928985457213,0.352859122509103,38,0.738635582999702,"Thioalkalispiraceae","Family","Thioalkalispiraceae","d__Bacteria;p__Pseudomonadota;c__Gammaproteobacteria;o__Chromatiales;f__;g___f__Thioalkalispiraceae"
"X1106","N-detect",-0.000173960949986453,NA,-0.00128359080244385,0.000935668902470946,0.751055129325796,38,0.900098533472245,"Chloroflexaceae","Family","Chloroflexaceae","d__Bacteria;p__Chloroflexota;c__Chloroflexia;o__Chloroflexales;f__;g___f__Chloroflexaceae"
"X1185","N-detect",-8.38407015367056e-05,NA,-0.000954074487367058,0.000786393084293647,0.845343749627787,38,0.913885134732743,"Rivulariaceae","Family","Rivulariaceae","d__Bacteria;p__Cyanobacteriota;c__Cyanophyceae;o__Nostocales;f__;g___f__Rivulariaceae"
"X119060","N-detect",-0.000155643859609498,NA,-0.000720380346977297,0.0004090926277583,0.577713313406354,38,0.825304733437648,"Burkholderiaceae","Family","Burkholderiaceae","d__Bacteria;p__Pseudomonadota;c__Betaproteobacteria;o__Burkholderiales;f__;g___f__Burkholderiaceae"
"X1706371","N-detect",0.00046961965143425,NA,-0.000710252576912773,0.00164949187978127,0.422692804380162,38,0.805129151200309,"Cellvibrionaceae","Family","Cellvibrionaceae","d__Bacteria;p__Pseudomonadota;c__Gammaproteobacteria;o__Cellvibrionales;f__;g___f__Cellvibrionaceae"
"X1706373","N-detect",0.000918380055835696,NA,-0.00113939151415677,0.00297615162582816,0.369317791499851,38,0.738635582999702,"Microbulbiferaceae","Family","Microbulbiferaceae","d__Bacteria;p__Pseudomonadota;c__Gammaproteobacteria;o__Cellvibrionales;f__;g___f__Microbulbiferaceae"
"X1769717","N-detect",-0.000260615701507081,NA,-0.0017624683259651,0.00124123692295094,0.72552231267765,38,0.900098533472245,"Mesoaciditogaceae","Family","Mesoaciditogaceae","d__Bacteria;p__Thermotogota;c__Thermotogae;o__Mesoaciditogales;f__;g___f__Mesoaciditogaceae"
"X1775411","N-detect",0.0019354284377601,NA,-0.000113508628251806,0.003984365503772,0.0632215491296376,38,0.738635582999702,"Rhodanobacteraceae","Family","Rhodanobacteraceae","d__Bacteria;p__Pseudomonadota;c__Gammaproteobacteria;o__Xanthomonadales;f__;g___f__Rhodanobacteraceae"
"X1783343","N-detect",0.000722984114292219,NA,-0.0016969675772132,0.00314293580579764,0.546357800484201,38,0.824258846907904,"Endomicrobiaceae","Family","Endomicrobiaceae","d__Bacteria;p__Elusimicrobiota;c__Endomicrobiia;o__Endomicrobiales;f__;g___f__Endomicrobiaceae"
"X186827","N-detect",-0.000357056154499489,NA,-0.000817314531503535,0.000103202222504557,0.123602574169546,38,0.738635582999702,"Aerococcaceae","Family","Aerococcaceae","d__Bacteria;p__Bacillota;c__Bacilli;o__Lactobacillales;f__;g___f__Aerococcaceae"
"X188709","N-detect",0.00128461243660583,NA,-0.000556042482540851,0.00312526735575252,0.164385792466444,38,0.738635582999702,"Thermotogaceae","Family","Thermotogaceae","d__Bacteria;p__Thermotogota;c__Thermotogae;o__Thermotogales;f__;g___f__Thermotogaceae"
"X1890438","N-detect",-0.00038810266184927,NA,-0.00321900607445647,0.00244280075075793,0.78141032888115,38,0.900098533472245,"Leptolyngbyaceae","Family","Leptolyngbyaceae","d__Bacteria;p__Cyanobacteriota;c__Cyanophyceae;o__Leptolyngbyales;f__;g___f__Leptolyngbyaceae"
"X1892251","N-detect",-0.000853325895797382,NA,-0.00333223047552184,0.00162557868392708,0.487462382741647,38,0.824258846907904,"Coleofasciculaceae","Family","Coleofasciculaceae","d__Bacteria;p__Cyanobacteriota;c__Cyanophyceae;o__Coleofasciculales;f__;g___f__Coleofasciculaceae"
"X2066474","N-detect",-0.000511377946593147,NA,-0.00211123632888174,0.00108848043569545,0.518862598733361,38,0.824258846907904,"Endozoicomonadaceae","Family","Endozoicomonadaceae","d__Bacteria;p__Pseudomonadota;c__Gammaproteobacteria;o__Oceanospirillales;f__;g___f__Endozoicomonadaceae"
"X213121","N-detect",0.000372015538608934,NA,-0.00194324275491825,0.00268727383213612,0.745076012933051,38,0.900098533472245,"Desulfobulbaceae","Family","Desulfobulbaceae","d__Bacteria;p__Thermodesulfobacteriota;c__Desulfobulbia;o__Desulfobulbales;f__;g___f__Desulfobulbaceae"
"X2162846","N-detect",-0.000144789739995803,NA,-0.00130162251618247,0.00101204303619087,0.799995083802736,38,0.900098533472245,"Candidatus Nanopelagicaceae","Family","Candidatus Nanopelagicaceae","d__Bacteria;p__Actinomycetota;c__Actinomycetes;o__Candidatus Nanopelagicales;f__;g___f__Candidatus_Nanopelagicaceae"
"X2211325","N-detect",0.000135175901617751,NA,-0.00100352002322389,0.00127387182645939,0.810088680125021,38,0.900098533472245,"Vicinamibacteraceae","Family","Vicinamibacteraceae","d__Bacteria;p__Acidobacteriota;c__Vicinamibacteria;o__Vicinamibacterales;f__;g___f__Vicinamibacteraceae"
"X2448023","N-detect",-4.58308221433287e-06,NA,-0.000919622968802635,0.000910456804373969,0.991906337568261,38,0.991906337568261,"Ilumatobacteraceae","Family","Ilumatobacteraceae","d__Bacteria;p__Actinomycetota;c__Acidimicrobiia;o__Acidimicrobiales;f__;g___f__Ilumatobacteraceae"
"X255474","N-detect",-0.000733603446703724,NA,-0.00512985487765062,0.00366264798424317,0.73563349260793,38,0.900098533472245,"Parvularculaceae","Family","Parvularculaceae","d__Bacteria;p__Pseudomonadota;c__Alphaproteobacteria;o__Parvularculales;f__;g___f__Parvularculaceae"
"X267890","N-detect",0.000673709485329492,NA,-0.000246449309394501,0.00159386828005348,0.145286548383455,38,0.738635582999702,"Shewanellaceae","Family","Shewanellaceae","d__Bacteria;p__Pseudomonadota;c__Gammaproteobacteria;o__Alteromonadales;f__;g___f__Shewanellaceae"
"X2807496","N-detect",0.000598574236592529,NA,-0.000498668921409567,0.00169581739459463,0.274077803332358,38,0.738635582999702,"Natranaerofabaceae","Family","Natranaerofabaceae","d__Bacteria;p__Bacillota;c__Clostridia;o__Natranaerobiales;f__;g___f__Natranaerofabaceae"
"X28256","N-detect",0.000570353357778409,NA,-0.000980570732924062,0.00212127744848088,0.458475583492071,38,0.824258846907904,"Halomonadaceae","Family","Halomonadaceae","d__Bacteria;p__Pseudomonadota;c__Gammaproteobacteria;o__Oceanospirillales;f__;g___f__Halomonadaceae"
"X2881384","N-detect",-0.000987031671587635,NA,-0.00252022424351869,0.000546160900343422,0.198551601153434,38,0.738635582999702,"Thermostichaceae","Family","Thermostichaceae","d__Bacteria;p__Cyanobacteriota;c__Cyanophyceae;o__Thermostichales;f__;g___f__Thermostichaceae"
"X2897348","N-detect",-0.000558276668106613,NA,-0.00161450185845688,0.00049794852224365,0.288985177891977,38,0.738635582999702,"Candidatus Uabimicrobiaceae","Family","Candidatus Uabimicrobiaceae","d__Bacteria;p__Planctomycetota;c__Candidatus Uabimicrobiia;o__Candidatus Uabimicrobiales;f__;g___f__Candidatus_Uabimicrobiaceae"
"X2931039","N-detect",0.00053611149559022,NA,-0.000338824070071362,0.0014110470612518,0.220462721764514,38,0.738635582999702,"Desulfococcaceae","Family","Desulfococcaceae","d__Bacteria;p__Thermodesulfobacteriota;c__Desulfobacteria;o__Desulfobacterales;f__;g___f__Desulfococcaceae"
"X2934961","N-detect",0.000238494466116331,NA,-0.00387003630877094,0.0043470252410036,0.906421297517029,38,0.954127681596872,"Sirenicapillariaceae","Family","Sirenicapillariaceae","d__Bacteria;p__Cyanobacteriota;c__Cyanophyceae;o__Oscillatoriales;f__;g___f__Sirenicapillariaceae"
"X2937911","N-detect",-0.00107358008296747,NA,-0.00245414162557695,0.000306981459642011,0.122736839740948,38,0.738635582999702,"Thermincolaceae","Family","Thermincolaceae","d__Bacteria;p__Bacillota;c__Clostridia;o__Eubacteriales;f__;g___f__Thermincolaceae"
"X403","N-detect",-0.00127500182404107,NA,-0.00236663388518002,-0.00018336976290212,0.0235811646077049,38,0.738635582999702,"Methylococcaceae","Family","Methylococcaceae","d__Bacteria;p__Pseudomonadota;c__Gammaproteobacteria;o__Methylococcales;f__;g___f__Methylococcaceae"
"X433","N-detect",-0.000478908212008392,NA,-0.00191612204093649,0.00095830561691971,0.501390442629717,38,0.824258846907904,"Acetobacteraceae","Family","Acetobacteraceae","d__Bacteria;p__Pseudomonadota;c__Alphaproteobacteria;o__Rhodospirillales;f__;g___f__Acetobacteraceae"
"X453228","N-detect",7.03820252215061e-05,NA,-0.00199348369845727,0.00213424774890028,0.944937876670609,38,0.969167052995496,"Desulfarculaceae","Family","Desulfarculaceae","d__Bacteria;p__Thermodesulfobacteriota;c__Desulfarculia;o__Desulfarculales;f__;g___f__Desulfarculaceae"
"X45404","N-detect",0.00116105100951524,NA,-0.00125636383510873,0.0035784658541392,0.334498798296806,38,0.738635582999702,"Beijerinckiaceae","Family","Beijerinckiaceae","d__Bacteria;p__Pseudomonadota;c__Alphaproteobacteria;o__Hyphomicrobiales;f__;g___f__Beijerinckiaceae"
"X49546","N-detect",0.000741739699933672,NA,-0.00235443405336941,0.00383791345323676,0.628215757109315,38,0.866504492564573,"Flavobacteriaceae","Family","Flavobacteriaceae","d__Bacteria;p__Bacteroidota;c__Flavobacteriia;o__Flavobacteriales;f__;g___f__Flavobacteriaceae"
"X543372","N-detect",-0.000475816620503874,NA,-0.00150908559487001,0.00055745235386226,0.354493597399986,38,0.738635582999702,"Thermoanaerobacterales Family IV. Incertae Sedis","Family","Thermoanaerobacterales Family IV. Incertae Sedis","d__Bacteria;p__Bacillota;c__Clostridia;o__Thermoanaerobacterales;f__;g___f__Thermoanaerobacterales_Family_IV._Incertae_Sedis"
"X689704","N-detect",0.00308241820124483,NA,-0.000765567730665831,0.0069304041331555,0.112298866366824,38,0.738635582999702,"Rhabdochlamydiaceae","Family","Rhabdochlamydiaceae","d__Bacteria;p__Chlamydiota;c__Chlamydiia;o__Parachlamydiales;f__;g___f__Rhabdochlamydiaceae"
"X75682","N-detect",-0.00255933503395706,NA,-0.00811608379271827,0.00299741372480414,0.35440604734915,38,0.738635582999702,"Oxalobacteraceae","Family","Oxalobacteraceae","d__Bacteria;p__Pseudomonadota;c__Betaproteobacteria;o__Burkholderiales;f__;g___f__Oxalobacteraceae"
"X75787","N-detect",-0.00150718345609354,NA,-0.00486208364833889,0.00184771673615181,0.366204764796257,38,0.738635582999702,"Rhodocyclaceae","Family","Rhodocyclaceae","d__Bacteria;p__Pseudomonadota;c__Betaproteobacteria;o__Rhodocyclales;f__;g___f__Rhodocyclaceae"
"X84642","N-detect",0.000969081312105815,NA,-0.0010940559962149,0.00303221862042653,0.34508523853064,38,0.738635582999702,"Aeromonadaceae","Family","Aeromonadaceae","d__Bacteria;p__Pseudomonadota;c__Gammaproteobacteria;o__Aeromonadales;f__;g___f__Aeromonadaceae"
"X85017","N-detect",-0.000237875976530804,NA,-0.00105450377743374,0.000578751824372136,0.556374721662835,38,0.824258846907904,"Promicromonosporaceae","Family","Promicromonosporaceae","d__Bacteria;p__Actinomycetota;c__Actinomycetes;o__Micrococcales;f__;g___f__Promicromonosporaceae"
"X85025","N-detect",-0.000518993314965602,NA,-0.0016067028008743,0.000568716170943093,0.33762225542261,38,0.738635582999702,"Nocardiaceae","Family","Nocardiaceae","d__Bacteria;p__Actinomycetota;c__Actinomycetes;o__Mycobacteriales;f__;g___f__Nocardiaceae"
"X85034","N-detect",-0.000403070902842758,NA,-0.00122975650027206,0.000423614694586549,0.327330989823408,38,0.738635582999702,"Glycomycetaceae","Family","Glycomycetaceae","d__Bacteria;p__Actinomycetota;c__Actinomycetes;o__Glycomycetales;f__;g___f__Glycomycetaceae"
"X1161","PFDoA",6.8861630959447e-05,0.00135911803776923,-0.00270682770243883,0.00284455096435773,0.959927192356883,38,0.959927192356883,"Nostocales","Order","Nostocales","d__Bacteria;p__Cyanobacteriota;c__Cyanophyceae;o__;f__;g___o__Nostocales"
"X1161","N.MeFOSAA",-0.00356171917499952,0.00125423522131555,-0.00612320922121514,-0.00100022912878389,0.00803061647919284,38,0.200765411979821,"Nostocales","Order","Nostocales","d__Bacteria;p__Cyanobacteriota;c__Cyanophyceae;o__;f__;g___o__Nostocales"
"X1161","PFDA",-0.00172495197065605,0.00134815721078188,-0.0044782563089998,0.00102835236768769,0.210532463184247,38,0.767793423657345,"Nostocales","Order","Nostocales","d__Bacteria;p__Cyanobacteriota;c__Cyanophyceae;o__;f__;g___o__Nostocales"
"X1161","PFHpA",0.00196499793088062,0.00123447115418924,-0.000556128505418457,0.00448612436717969,0.121919457159738,38,0.609597285798688,"Nostocales","Order","Nostocales","d__Bacteria;p__Cyanobacteriota;c__Cyanophyceae;o__;f__;g___o__Nostocales"
"X1161","PFBA",0.000695764536049788,0.0014517732031468,-0.00226915188953315,0.00366068096163272,0.635234855098406,38,0.976374378670608,"Nostocales","Order","Nostocales","d__Bacteria;p__Cyanobacteriota;c__Cyanophyceae;o__;f__;g___o__Nostocales"
"X1643687","PFDA",0.00222120302490235,0.00115174045151083,-0.000130964776026169,0.00457337082583088,0.0632953253162015,38,0.767793423657345,"Brevinematales","Order","Brevinematales","d__Bacteria;p__Spirochaetota;c__Spirochaetia;o__;f__;g___o__Brevinematales"
"X1643687","PFDoA",-0.00175468663314868,0.00115515696575881,-0.00411383188702242,0.00060445862072505,0.139231448492459,38,0.696157242462297,"Brevinematales","Order","Brevinematales","d__Bacteria;p__Spirochaetota;c__Spirochaetia;o__;f__;g___o__Brevinematales"
"X1643687","N.MeFOSAA",0.00195009749257348,0.00119409134402547,-0.000488562369637454,0.00438875735478441,0.112896501834403,38,0.470402090976679,"Brevinematales","Order","Brevinematales","d__Bacteria;p__Spirochaetota;c__Spirochaetia;o__;f__;g___o__Brevinematales"
"X1643687","PFHpA",-0.00118195335534202,0.0011130914342409,-0.00345518933283705,0.00109128262215301,0.296770576487735,38,0.695214062411626,"Brevinematales","Order","Brevinematales","d__Bacteria;p__Spirochaetota;c__Spirochaetia;o__;f__;g___o__Brevinematales"
"X1643687","PFBA",-0.00179299193375204,0.00124293197777935,-0.00433139767702682,0.000745413809522747,0.159507335998351,38,0.976374378670608,"Brevinematales","Order","Brevinematales","d__Bacteria;p__Spirochaetota;c__Spirochaetia;o__;f__;g___o__Brevinematales"
"X1643822","PFDA",0.00180381339687298,0.0010497824265772,-0.000340128338034717,0.00394775513178068,0.0960527756889207,38,0.767793423657345,"Eggerthellales","Order","Eggerthellales","d__Bacteria;p__Actinomycetota;c__Coriobacteriia;o__;f__;g___o__Eggerthellales"
"X1643822","PFBA",-3.45844792001821e-05,0.00115811827673137,-0.0023997775369077,0.00233060857850734,0.976374378670608,38,0.976374378670608,"Eggerthellales","Order","Eggerthellales","d__Bacteria;p__Actinomycetota;c__Coriobacteriia;o__;f__;g___o__Eggerthellales"
"X1643822","N.MeFOSAA",0.000420097352926461,0.00112012221432201,-0.00186749739307452,0.00270769209892745,0.710264756525807,38,0.897556225016642,"Eggerthellales","Order","Eggerthellales","d__Bacteria;p__Actinomycetota;c__Coriobacteriia;o__;f__;g___o__Eggerthellales"
"X1643822","PFDoA",-0.00115879997549277,0.00105921791429082,-0.00332201154706976,0.00100441159608422,0.282655172923612,38,0.712649139822938,"Eggerthellales","Order","Eggerthellales","d__Bacteria;p__Actinomycetota;c__Coriobacteriia;o__;f__;g___o__Eggerthellales"
"X1643822","PFHpA",0.00146381993418657,0.000986049284044738,-0.000549961359173557,0.00347760122754669,0.148100649280044,38,0.617086038666849,"Eggerthellales","Order","Eggerthellales","d__Bacteria;p__Actinomycetota;c__Coriobacteriia;o__;f__;g___o__Eggerthellales"
"X1643946","PFBA",0.000669615968115468,0.0019298617634923,-0.00327168755593378,0.00461091949216472,0.731031518435706,38,0.976374378670608,"Kosmotogales","Order","Kosmotogales","d__Bacteria;p__Thermotogota;c__Thermotogae;o__;f__;g___o__Kosmotogales"
"X1643946","PFDoA",-0.00278625605438685,0.00173027354201013,-0.00631994605110092,0.000747433942327222,0.117806310249752,38,0.696157242462297,"Kosmotogales","Order","Kosmotogales","d__Bacteria;p__Thermotogota;c__Thermotogae;o__;f__;g___o__Kosmotogales"
"X1643946","PFDA",0.00120639270532313,0.00182379036742607,-0.00251828412813865,0.00493106953878491,0.513356235759052,38,0.8130480220797,"Kosmotogales","Order","Kosmotogales","d__Bacteria;p__Thermotogota;c__Thermotogae;o__;f__;g___o__Kosmotogales"
"X1643946","PFHpA",0.000295107489340661,0.00170494952512334,-0.0031868639652026,0.00377707894388393,0.863744273957548,38,0.899491988818232,"Kosmotogales","Order","Kosmotogales","d__Bacteria;p__Thermotogota;c__Thermotogae;o__;f__;g___o__Kosmotogales"
"X1643946","N.MeFOSAA",-0.00150064759186142,0.00185450992150377,-0.00528806212448594,0.00228676694076309,0.424778407364664,38,0.897556225016642,"Kosmotogales","Order","Kosmotogales","d__Bacteria;p__Thermotogota;c__Thermotogae;o__;f__;g___o__Kosmotogales"
"X1663425","N.MeFOSAA",-0.00117743137341687,0.00181538754757458,-0.00488494735934069,0.00253008461250695,0.521541444042354,38,0.897556225016642,"Fimbriimonadales","Order","Fimbriimonadales","d__Bacteria;p__Armatimonadota;c__Fimbriimonadia;o__;f__;g___o__Fimbriimonadales"
"X1663425","PFBA",0.00117450126972655,0.00187346224490565,-0.00265161907096454,0.00500062161041764,0.53545729255788,38,0.976374378670608,"Fimbriimonadales","Order","Fimbriimonadales","d__Bacteria;p__Armatimonadota;c__Fimbriimonadia;o__;f__;g___o__Fimbriimonadales"
"X1663425","PFHpA",-0.00314479381631214,0.00156119522379803,-0.00633317982078391,4.35921881596357e-05,0.0530145708429334,38,0.554434601923203,"Fimbriimonadales","Order","Fimbriimonadales","d__Bacteria;p__Armatimonadota;c__Fimbriimonadia;o__;f__;g___o__Fimbriimonadales"
"X1663425","PFDoA",-0.00120889279748201,0.00174479687673647,-0.00477224340068134,0.00235445780571732,0.493729136636027,38,0.738444140591354,"Fimbriimonadales","Order","Fimbriimonadales","d__Bacteria;p__Armatimonadota;c__Fimbriimonadia;o__;f__;g___o__Fimbriimonadales"
"X1663425","PFDA",-0.000648227750342789,0.00178749433324044,-0.00429877819291429,0.00300232269222871,0.719411808368063,38,0.856442629009598,"Fimbriimonadales","Order","Fimbriimonadales","d__Bacteria;p__Armatimonadota;c__Fimbriimonadia;o__;f__;g___o__Fimbriimonadales"
"X1769716","N.MeFOSAA",-0.00106374154887764,0.00217838559075722,-0.00551259844008461,0.00338511534232933,0.628876102329991,38,0.897556225016642,"Mesoaciditogales","Order","Mesoaciditogales","d__Bacteria;p__Thermotogota;c__Thermotogae;o__;f__;g___o__Mesoaciditogales"
"X1769716","PFDA",-0.00186613309191768,0.00211590866513108,-0.00618739507876401,0.00245512889492865,0.384814123797401,38,0.8130480220797,"Mesoaciditogales","Order","Mesoaciditogales","d__Bacteria;p__Thermotogota;c__Thermotogae;o__;f__;g___o__Mesoaciditogales"
"X1769716","PFBA",0.000455425301785324,0.00225443094332918,-0.00414873691840908,0.00505958752197973,0.841269901626625,38,0.976374378670608,"Mesoaciditogales","Order","Mesoaciditogales","d__Bacteria;p__Thermotogota;c__Thermotogae;o__;f__;g___o__Mesoaciditogales"
"X1769716","PFDoA",-0.00224623195357299,0.00206368061261489,-0.00646083002731925,0.00196836612017327,0.285059655929175,38,0.712649139822938,"Mesoaciditogales","Order","Mesoaciditogales","d__Bacteria;p__Thermotogota;c__Thermotogae;o__;f__;g___o__Mesoaciditogales"
"X1769716","PFHpA",-0.00448150389296652,0.0018140688974083,-0.00818632683597624,-0.000776680949956804,0.0194017114957912,38,0.485042787394779,"Mesoaciditogales","Order","Mesoaciditogales","d__Bacteria;p__Thermotogota;c__Thermotogae;o__;f__;g___o__Mesoaciditogales"
"X1779134","PFDoA",0.00167782978427769,0.0013865231744796,-0.00115382830498535,0.00450948787354072,0.235689873186132,38,0.712649139822938,"Bradymonadales","Order","Bradymonadales","d__Bacteria;p__;c__Deltaproteobacteria;o__;f__;g___o__Bradymonadales"
"X1779134","N.MeFOSAA",-0.000637547894109174,0.0014713704472735,-0.00364248723159147,0.00236739144337312,0.667895023818753,38,0.897556225016642,"Bradymonadales","Order","Bradymonadales","d__Bacteria;p__;c__Deltaproteobacteria;o__;f__;g___o__Bradymonadales"
"X1779134","PFDA",-0.00167389076034015,0.00141371069666948,-0.00456107317732666,0.00121329165664636,0.24569389557035,38,0.767793423657345,"Bradymonadales","Order","Bradymonadales","d__Bacteria;p__;c__Deltaproteobacteria;o__;f__;g___o__Bradymonadales"
"X1779134","PFHpA",0.00118482352989245,0.00132549984508707,-0.00152220829456043,0.00389185535434533,0.378507116802314,38,0.737719590668687,"Bradymonadales","Order","Bradymonadales","d__Bacteria;p__;c__Deltaproteobacteria;o__;f__;g___o__Bradymonadales"
"X1779134","PFBA",-0.000242566929074437,0.0015218476588899,-0.0033505944855118,0.00286546062736292,0.874430072250442,38,0.976374378670608,"Bradymonadales","Order","Bradymonadales","d__Bacteria;p__;c__Deltaproteobacteria;o__;f__;g___o__Bradymonadales"
"X1955042","PFBA",0.000318240913128334,0.0011514075535575,-0.00203324701947934,0.00266972884573601,0.784141574131271,38,0.976374378670608,"Gloeomargaritales","Order","Gloeomargaritales","d__Bacteria;p__Cyanobacteriota;c__Cyanophyceae;o__;f__;g___o__Gloeomargaritales"
"X1955042","PFDA",-0.000550519528216479,0.00109060632750954,-0.00277783479155705,0.00167679573512409,0.617399289274063,38,0.850272574700453,"Gloeomargaritales","Order","Gloeomargaritales","d__Bacteria;p__Cyanobacteriota;c__Cyanophyceae;o__;f__;g___o__Gloeomargaritales"
"X1955042","PFDoA",-0.00228670787976061,0.000990869590460555,-0.00431033355214469,-0.000263082207376534,0.0280886623650969,38,0.391912868105697,"Gloeomargaritales","Order","Gloeomargaritales","d__Bacteria;p__Cyanobacteriota;c__Cyanophyceae;o__;f__;g___o__Gloeomargaritales"
"X1955042","N.MeFOSAA",-0.00194947004324379,0.00105945495835805,-0.0041131657233902,0.000214225636902634,0.0756711495795164,38,0.470402090976679,"Gloeomargaritales","Order","Gloeomargaritales","d__Bacteria;p__Cyanobacteriota;c__Cyanophyceae;o__;f__;g___o__Gloeomargaritales"
"X1955042","PFHpA",-0.000496042145420328,0.00101294253108562,-0.00256474677647255,0.00157266248563189,0.627905227802876,38,0.82619108921431,"Gloeomargaritales","Order","Gloeomargaritales","d__Bacteria;p__Cyanobacteriota;c__Cyanophyceae;o__;f__;g___o__Gloeomargaritales"
"X1963360","N.MeFOSAA",0.000283736837336535,0.000900710722402466,-0.00155575986212121,0.00212323353679428,0.754931463290054,38,0.897556225016642,"Parachlamydiales","Order","Parachlamydiales","d__Bacteria;p__Chlamydiota;c__Chlamydiia;o__;f__;g___o__Parachlamydiales"
"X1963360","PFDoA",0.000676136084092372,0.000859140242034188,-0.00107846236831403,0.00243073453649877,0.437460228969965,38,0.738444140591354,"Parachlamydiales","Order","Parachlamydiales","d__Bacteria;p__Chlamydiota;c__Chlamydiia;o__;f__;g___o__Parachlamydiales"
"X1963360","PFDA",-0.000588789793344661,0.000877545450772486,-0.00238097669660976,0.00120339710992044,0.50738520951489,38,0.8130480220797,"Parachlamydiales","Order","Parachlamydiales","d__Bacteria;p__Chlamydiota;c__Chlamydiia;o__;f__;g___o__Parachlamydiales"
"X1963360","PFHpA",-0.000285850398599553,0.000819282488221516,-0.0019590484582243,0.00138734766102519,0.729598865419387,38,0.899491988818232,"Parachlamydiales","Order","Parachlamydiales","d__Bacteria;p__Chlamydiota;c__Chlamydiia;o__;f__;g___o__Parachlamydiales"
"X1963360","PFBA",0.00121230281120192,0.000903934316997487,-0.000633777346707514,0.00305838296911136,0.189941009023579,38,0.976374378670608,"Parachlamydiales","Order","Parachlamydiales","d__Bacteria;p__Chlamydiota;c__Chlamydiia;o__;f__;g___o__Parachlamydiales"
"X2024973","PFDoA",0.000420320473517731,0.00200174440986981,-0.00366778699931436,0.00450842794634982,0.835105099232333,38,0.919878560136694,"Silvanigrellales","Order","Silvanigrellales","d__Bacteria;p__Bdellovibrionota;c__Oligoflexia;o__;f__;g___o__Silvanigrellales"
"X2024973","N.MeFOSAA",-0.000869167791760752,0.00207617339472047,-0.00510927953030381,0.0033709439467823,0.678461800913124,38,0.897556225016642,"Silvanigrellales","Order","Silvanigrellales","d__Bacteria;p__Bdellovibrionota;c__Oligoflexia;o__;f__;g___o__Silvanigrellales"
"X2024973","PFDA",-0.00248025344792156,0.00198958730581858,-0.00654353280200144,0.00158302590615831,0.222184098577919,38,0.767793423657345,"Silvanigrellales","Order","Silvanigrellales","d__Bacteria;p__Bdellovibrionota;c__Oligoflexia;o__;f__;g___o__Silvanigrellales"
"X2024973","PFBA",-0.00187129349813205,0.0021205172993986,-0.00620196757180411,0.00245938057554,0.384539207016349,38,0.976374378670608,"Silvanigrellales","Order","Silvanigrellales","d__Bacteria;p__Bdellovibrionota;c__Oligoflexia;o__;f__;g___o__Silvanigrellales"
"X2024973","PFHpA",0.00315882920691006,0.0018047877628604,-0.000527039130649271,0.0068446975444694,0.0902979460061563,38,0.564362162538477,"Silvanigrellales","Order","Silvanigrellales","d__Bacteria;p__Bdellovibrionota;c__Oligoflexia;o__;f__;g___o__Silvanigrellales"
"X2039638","N.MeFOSAA",0.000666092603211352,0.00172456684980908,-0.00285594277320392,0.00418812797962663,0.702046487921985,38,0.897556225016642,"Candidatus Nanopelagicales","Order","Candidatus Nanopelagicales","d__Bacteria;p__Actinomycetota;c__Actinomycetes;o__;f__;g___o__Candidatus_Nanopelagicales"
"X2039638","PFHpA",0.00179556852333868,0.00153860485766012,-0.00134668179859188,0.00493781884526924,0.252398772742434,38,0.695214062411626,"Candidatus Nanopelagicales","Order","Candidatus Nanopelagicales","d__Bacteria;p__Actinomycetota;c__Actinomycetes;o__;f__;g___o__Candidatus_Nanopelagicales"
"X2039638","PFBA",0.00133544696199798,0.00176659901555141,-0.00227242954879155,0.00494332347278751,0.45557895003951,38,0.976374378670608,"Candidatus Nanopelagicales","Order","Candidatus Nanopelagicales","d__Bacteria;p__Actinomycetota;c__Actinomycetes;o__;f__;g___o__Candidatus_Nanopelagicales"
"X2039638","PFDA",0.00179749414306055,0.00166208724323802,-0.0015969408537741,0.00519192913989521,0.288106038960445,38,0.800294552667902,"Candidatus Nanopelagicales","Order","Candidatus Nanopelagicales","d__Bacteria;p__Actinomycetota;c__Actinomycetes;o__;f__;g___o__Candidatus_Nanopelagicales"
"X2039638","PFDoA",0.000246600553849304,0.00166263536209096,-0.0031489538510215,0.0036421549587201,0.883083417731226,38,0.919878560136694,"Candidatus Nanopelagicales","Order","Candidatus Nanopelagicales","d__Bacteria;p__Actinomycetota;c__Actinomycetes;o__;f__;g___o__Candidatus_Nanopelagicales"
"X204441","N.MeFOSAA",0.00057350209620224,0.000975411919986577,-0.00141855480153425,0.00256555899393873,0.560960221220423,38,0.897556225016642,"Rhodospirillales","Order","Rhodospirillales","d__Bacteria;p__Pseudomonadota;c__Alphaproteobacteria;o__;f__;g___o__Rhodospirillales"
"X204441","PFBA",-0.000914954278793403,0.000998055689566536,-0.00295325592344988,0.00112334736586307,0.366591808749383,38,0.976374378670608,"Rhodospirillales","Order","Rhodospirillales","d__Bacteria;p__Pseudomonadota;c__Alphaproteobacteria;o__;f__;g___o__Rhodospirillales"
"X204441","PFDA",0.000738016935773366,0.000951851238618751,-0.00120592263135393,0.00268195650290066,0.444202628253632,38,0.8130480220797,"Rhodospirillales","Order","Rhodospirillales","d__Bacteria;p__Pseudomonadota;c__Alphaproteobacteria;o__;f__;g___o__Rhodospirillales"
"X204441","PFDoA",0.000699311550836107,0.000935113288482279,-0.00121044456175253,0.00260906766342474,0.460381392882556,38,0.738444140591354,"Rhodospirillales","Order","Rhodospirillales","d__Bacteria;p__Pseudomonadota;c__Alphaproteobacteria;o__;f__;g___o__Rhodospirillales"
"X204441","PFHpA",0.000221818758020759,0.000891741894341174,-0.00159936115092211,0.00204299866696363,0.805250998592175,38,0.899491988818232,"Rhodospirillales","Order","Rhodospirillales","d__Bacteria;p__Pseudomonadota;c__Alphaproteobacteria;o__;f__;g___o__Rhodospirillales"
"X2497644","N.MeFOSAA",0.00070473772388459,0.0012858982351432,-0.00192141682335473,0.00333089227112391,0.587712142470827,38,0.897556225016642,"Candidatus Babeliales","Order","Candidatus Babeliales","d__Bacteria;p__;c__Candidatus Babeliae;o__;f__;g___o__Candidatus_Babeliales"
"X2497644","PFBA",0.000983679802216657,0.00132090178033676,-0.00171396152124437,0.00368132112567768,0.462245447562472,38,0.976374378670608,"Candidatus Babeliales","Order","Candidatus Babeliales","d__Bacteria;p__;c__Candidatus Babeliae;o__;f__;g___o__Candidatus_Babeliales"
"X2497644","PFDA",-0.000137275067082691,0.00126615320751671,-0.00272310488825153,0.00244855475408615,0.914385241338318,38,0.952484626394081,"Candidatus Babeliales","Order","Candidatus Babeliales","d__Bacteria;p__;c__Candidatus Babeliae;o__;f__;g___o__Candidatus_Babeliales"
"X2497644","PFDoA",0.000627156888670915,0.00123799593540307,-0.00190116811121565,0.00315548188855748,0.616145435400874,38,0.810717678159044,"Candidatus Babeliales","Order","Candidatus Babeliales","d__Bacteria;p__;c__Candidatus Babeliae;o__;f__;g___o__Candidatus_Babeliales"
"X2497644","PFHpA",-0.000179677887188624,0.00117546961742015,-0.00258030711006475,0.0022209513356875,0.879535118046785,38,0.899491988818232,"Candidatus Babeliales","Order","Candidatus Babeliales","d__Bacteria;p__;c__Candidatus Babeliae;o__;f__;g___o__Candidatus_Babeliales"
"X2800059","N.MeFOSAA",-0.000801647822583705,0.00106201439122955,-0.00297057056198734,0.00136727491681993,0.456232007252433,38,0.897556225016642,"Maricaulales","Order","Maricaulales","d__Bacteria;p__Pseudomonadota;c__Alphaproteobacteria;o__;f__;g___o__Maricaulales"
"X2800059","PFDA",-0.000874911996192095,0.00103833662275036,-0.00299547828120399,0.0012456542888198,0.406114862527084,38,0.8130480220797,"Maricaulales","Order","Maricaulales","d__Bacteria;p__Pseudomonadota;c__Alphaproteobacteria;o__;f__;g___o__Maricaulales"
"X2800059","PFBA",-0.000502045023777131,0.00110203939704578,-0.00275270973012254,0.00174861968256828,0.651986758507645,38,0.976374378670608,"Maricaulales","Order","Maricaulales","d__Bacteria;p__Pseudomonadota;c__Alphaproteobacteria;o__;f__;g___o__Maricaulales"
"X2800059","PFDoA",-0.000726422427666904,0.00102280823118095,-0.00281527550628594,0.00136243065095213,0.483050357022332,38,0.738444140591354,"Maricaulales","Order","Maricaulales","d__Bacteria;p__Pseudomonadota;c__Alphaproteobacteria;o__;f__;g___o__Maricaulales"
"X2800059","PFHpA",0.000548747254986668,0.000970339891859817,-0.00143295117940896,0.00253044568938229,0.575925254683458,38,0.822890505631766,"Maricaulales","Order","Maricaulales","d__Bacteria;p__Pseudomonadota;c__Alphaproteobacteria;o__;f__;g___o__Maricaulales"
"X2805415","PFHpA",0.000978718087769079,0.00091148029465585,-0.0008827730124679,0.00284020918800606,0.291488059007949,38,0.695214062411626,"Jatrophihabitantales","Order","Jatrophihabitantales","d__Bacteria;p__Actinomycetota;c__Actinomycetes;o__;f__;g___o__Jatrophihabitantales"
"X2805415","N.MeFOSAA",-0.00118618813796638,0.000997526986351866,-0.00322341002660998,0.000851033750677211,0.243716212287907,38,0.870415043885381,"Jatrophihabitantales","Order","Jatrophihabitantales","d__Bacteria;p__Actinomycetota;c__Actinomycetes;o__;f__;g___o__Jatrophihabitantales"
"X2805415","PFDA",-0.00141237412821485,0.000966484886525185,-0.00338619959139666,0.000561451334966965,0.154315109617349,38,0.767793423657345,"Jatrophihabitantales","Order","Jatrophihabitantales","d__Bacteria;p__Actinomycetota;c__Actinomycetes;o__;f__;g___o__Jatrophihabitantales"
"X2805415","PFBA",0.000630427079676855,0.00104663119675078,-0.00150707898535287,0.00276793314470658,0.55147433441876,38,0.976374378670608,"Jatrophihabitantales","Order","Jatrophihabitantales","d__Bacteria;p__Actinomycetota;c__Actinomycetes;o__;f__;g___o__Jatrophihabitantales"
"X2805415","PFDoA",0.000321804315289745,0.000980271125989134,-0.00168017640502526,0.00232378503560475,0.744979654770294,38,0.919878560136694,"Jatrophihabitantales","Order","Jatrophihabitantales","d__Bacteria;p__Actinomycetota;c__Actinomycetes;o__;f__;g___o__Jatrophihabitantales"
"X3031460","PFBA",-0.00153794611485946,0.00195814331858175,-0.00553700827988927,0.00246111605017035,0.438372244030577,38,0.976374378670608,"Candidatus Desulfofervidales","Order","Candidatus Desulfofervidales","d__Bacteria;p__Thermodesulfobacteriota;c__Candidatus Desulfofervidia;o__;f__;g___o__Candidatus_Desulfofervidales"
"X3031460","PFDoA",0.0011146513709471,0.00183369374277993,-0.00263025085322428,0.00485955359511849,0.547846809802953,38,0.760898346948546,"Candidatus Desulfofervidales","Order","Candidatus Desulfofervidales","d__Bacteria;p__Thermodesulfobacteriota;c__Candidatus Desulfofervidia;o__;f__;g___o__Candidatus_Desulfofervidales"
"X3031460","PFDA",0.00131267612667572,0.00186391815919013,-0.00249395259063798,0.00511930484398943,0.486704457531382,38,0.8130480220797,"Candidatus Desulfofervidales","Order","Candidatus Desulfofervidales","d__Bacteria;p__Thermodesulfobacteriota;c__Candidatus Desulfofervidia;o__;f__;g___o__Candidatus_Desulfofervidales"
"X3031460","N.MeFOSAA",-1.4754547806878e-05,0.00191772177166308,-0.00393126490092359,0.00390175580530984,0.993912240489569,38,0.993912240489569,"Candidatus Desulfofervidales","Order","Candidatus Desulfofervidales","d__Bacteria;p__Thermodesulfobacteriota;c__Candidatus Desulfofervidia;o__;f__;g___o__Candidatus_Desulfofervidales"
"X3031460","PFHpA",0.00198670990605464,0.00170689031284567,-0.00149922516579749,0.00547264497790676,0.253623809243336,38,0.695214062411626,"Candidatus Desulfofervidales","Order","Candidatus Desulfofervidales","d__Bacteria;p__Thermodesulfobacteriota;c__Candidatus Desulfofervidia;o__;f__;g___o__Candidatus_Desulfofervidales"
"X3031655","N.MeFOSAA",0.000351706789242264,0.000942052617664583,-0.00157222132420059,0.00227563490268512,0.711519978591906,38,0.897556225016642,"Desulfobaccales","Order","Desulfobaccales","d__Bacteria;p__Thermodesulfobacteriota;c__Desulfobaccia;o__;f__;g___o__Desulfobaccales"
"X3031655","PFBA",-3.97778051454017e-05,0.00097397510053115,-0.0020289003260834,0.0019493447157926,0.967693505766308,38,0.976374378670608,"Desulfobaccales","Order","Desulfobaccales","d__Bacteria;p__Thermodesulfobacteriota;c__Desulfobaccia;o__;f__;g___o__Desulfobaccales"
"X3031655","PFDoA",0.000160605193623626,0.000907934202643125,-0.00169364382056825,0.00201485420781551,0.860783016595028,38,0.919878560136694,"Desulfobaccales","Order","Desulfobaccales","d__Bacteria;p__Thermodesulfobacteriota;c__Desulfobaccia;o__;f__;g___o__Desulfobaccales"
"X3031655","PFDA",-0.00134327365415099,0.00089220870369494,-0.0031654069149794,0.000478859606677414,0.142637638530895,38,0.767793423657345,"Desulfobaccales","Order","Desulfobaccales","d__Bacteria;p__Thermodesulfobacteriota;c__Desulfobaccia;o__;f__;g___o__Desulfobaccales"
"X3031655","PFHpA",-0.000879226559254189,0.00084406754261899,-0.00260304245280282,0.000844589334294445,0.305894187461115,38,0.695214062411626,"Desulfobaccales","Order","Desulfobaccales","d__Bacteria;p__Thermodesulfobacteriota;c__Desulfobaccia;o__;f__;g___o__Desulfobaccales"
"X3031714","PFDoA",0.000264516117942795,0.00130846777582191,-0.00240773158057604,0.00293676381646163,0.841158544109611,38,0.919878560136694,"Haliangiales","Order","Haliangiales","d__Bacteria;p__Myxococcota;c__;o__;f__;g___o__Haliangiales"
"X3031714","N.MeFOSAA",0.000423481026002119,0.00135880674918172,-0.00235157257128794,0.00319853462329218,0.75745719363681,38,0.897556225016642,"Haliangiales","Order","Haliangiales","d__Bacteria;p__Myxococcota;c__;o__;f__;g___o__Haliangiales"
"X3031714","PFDA",-0.00060158090917513,0.00132917879566603,-0.00331612615306351,0.00211296433471325,0.654095860007183,38,0.850272574700453,"Haliangiales","Order","Haliangiales","d__Bacteria;p__Myxococcota;c__;o__;f__;g___o__Haliangiales"
"X3031714","PFBA",-0.000194284129879194,0.00140345714021674,-0.00306052599094314,0.00267195773118476,0.890823641419423,38,0.976374378670608,"Haliangiales","Order","Haliangiales","d__Bacteria;p__Myxococcota;c__;o__;f__;g___o__Haliangiales"
"X3031714","PFHpA",0.000157704418256169,0.00123809166267,-0.00237081608279099,0.00268622491930332,0.899491988818232,38,0.899491988818232,"Haliangiales","Order","Haliangiales","d__Bacteria;p__Myxococcota;c__;o__;f__;g___o__Haliangiales"
"X485256","PFBA",-0.00166474382465524,0.00190013191060134,-0.00554533088901539,0.00221584323970491,0.387926222973862,38,0.976374378670608,"Natranaerobiales","Order","Natranaerobiales","d__Bacteria;p__Bacillota;c__Clostridia;o__;f__;g___o__Natranaerobiales"
"X485256","PFDoA",0.00150038775649219,0.00177366610020681,-0.0021219216666354,0.00512269717961979,0.404291864719768,38,0.738444140591354,"Natranaerobiales","Order","Natranaerobiales","d__Bacteria;p__Bacillota;c__Clostridia;o__;f__;g___o__Natranaerobiales"
"X485256","N.MeFOSAA",0.00402129422184013,0.00171493592571033,0.000518927816440452,0.0075236606272398,0.0258436516170648,38,0.21536376347554,"Natranaerobiales","Order","Natranaerobiales","d__Bacteria;p__Bacillota;c__Clostridia;o__;f__;g___o__Natranaerobiales"
"X485256","PFDA",0.00317380981323739,0.00173380363903354,-0.000367089603395656,0.00671470922987043,0.0771189720213007,38,0.767793423657345,"Natranaerobiales","Order","Natranaerobiales","d__Bacteria;p__Bacillota;c__Clostridia;o__;f__;g___o__Natranaerobiales"
"X485256","PFHpA",-0.00305288552131275,0.00160335137582681,-0.00632736587393654,0.000221594831311049,0.0665321522307844,38,0.554434601923203,"Natranaerobiales","Order","Natranaerobiales","d__Bacteria;p__Bacillota;c__Clostridia;o__;f__;g___o__Natranaerobiales"
"X622452","N.MeFOSAA",0.000255850248641023,0.00197788055185646,-0.00378352072426931,0.00429522122155136,0.897939544345576,38,0.954813252597129,"Kineosporiales","Order","Kineosporiales","d__Bacteria;p__Actinomycetota;c__Actinomycetes;o__;f__;g___o__Kineosporiales"
"X622452","PFBA",0.0024077316002087,0.00199288852616256,-0.00166228974525186,0.00647775294566927,0.236422908881264,38,0.976374378670608,"Kineosporiales","Order","Kineosporiales","d__Bacteria;p__Actinomycetota;c__Actinomycetes;o__;f__;g___o__Kineosporiales"
"X622452","PFDoA",0.00208919083050008,0.00186474553920646,-0.00171912762223187,0.00589750928323204,0.271448595557555,38,0.712649139822938,"Kineosporiales","Order","Kineosporiales","d__Bacteria;p__Actinomycetota;c__Actinomycetes;o__;f__;g___o__Kineosporiales"
"X622452","PFDA",0.00125226768064302,0.00192522539069921,-0.00267956710695377,0.0051841024682398,0.520350734131008,38,0.8130480220797,"Kineosporiales","Order","Kineosporiales","d__Bacteria;p__Actinomycetota;c__Actinomycetes;o__;f__;g___o__Kineosporiales"
"X622452","PFHpA",0.0013218688888493,0.0017839953464241,-0.00232153566932223,0.00496527344702082,0.464478481195076,38,0.774130801991793,"Kineosporiales","Order","Kineosporiales","d__Bacteria;p__Actinomycetota;c__Actinomycetes;o__;f__;g___o__Kineosporiales"
"X641854","N.MeFOSAA",9.52335425803979e-05,0.000902028895569036,-0.00174695522562807,0.00193742231078887,0.916620722493243,38,0.954813252597129,"Elusimicrobiales","Order","Elusimicrobiales","d__Bacteria;p__Elusimicrobiota;c__Elusimicrobia;o__;f__;g___o__Elusimicrobiales"
"X641854","PFHpA",0.00024950052437676,0.000819675783399711,-0.00142450075115761,0.00192350179991113,0.762932850767616,38,0.899491988818232,"Elusimicrobiales","Order","Elusimicrobiales","d__Bacteria;p__Elusimicrobiota;c__Elusimicrobia;o__;f__;g___o__Elusimicrobiales"
"X641854","PFDA",-0.000436702781784606,0.000880499915329358,-0.00223492350663733,0.00136151794306811,0.623528814661093,38,0.850272574700453,"Elusimicrobiales","Order","Elusimicrobiales","d__Bacteria;p__Elusimicrobiota;c__Elusimicrobia;o__;f__;g___o__Elusimicrobiales"
"X641854","PFBA",-0.000394026560967961,0.000927850234671256,-0.00228894953880971,0.00150089641687378,0.674110361580413,38,0.976374378670608,"Elusimicrobiales","Order","Elusimicrobiales","d__Bacteria;p__Elusimicrobiota;c__Elusimicrobia;o__;f__;g___o__Elusimicrobiales"
"X641854","PFDoA",0.00062366626344981,0.000860459616816123,-0.00113362671173328,0.00238095923863289,0.474186729941164,38,0.738444140591354,"Elusimicrobiales","Order","Elusimicrobiales","d__Bacteria;p__Elusimicrobiota;c__Elusimicrobia;o__;f__;g___o__Elusimicrobiales"
"X742030","PFDoA",0.0010401296878264,0.00153112940014862,-0.00208685371313017,0.00416711308878296,0.502142015602121,38,0.738444140591354,"Salinisphaerales","Order","Salinisphaerales","d__Bacteria;p__Pseudomonadota;c__Gammaproteobacteria;o__;f__;g___o__Salinisphaerales"
"X742030","N.MeFOSAA",0.0034974586432245,0.00147111099447892,0.000493049179038277,0.00650186810741072,0.0240082854705371,38,0.21536376347554,"Salinisphaerales","Order","Salinisphaerales","d__Bacteria;p__Pseudomonadota;c__Gammaproteobacteria;o__;f__;g___o__Salinisphaerales"
"X742030","PFDA",0.000274305132718567,0.00157075538048521,-0.00293360531643335,0.00348221558187049,0.862541540651199,38,0.952484626394081,"Salinisphaerales","Order","Salinisphaerales","d__Bacteria;p__Pseudomonadota;c__Gammaproteobacteria;o__;f__;g___o__Salinisphaerales"
"X742030","PFHpA",0.00111542276935349,0.00144499925410713,-0.00183565940668533,0.0040665049453923,0.446200697780073,38,0.774130801991793,"Salinisphaerales","Order","Salinisphaerales","d__Bacteria;p__Pseudomonadota;c__Gammaproteobacteria;o__;f__;g___o__Salinisphaerales"
"X742030","PFBA",-0.000980789747629879,0.00164454812151899,-0.00433940507927005,0.00237782558401029,0.555389580594796,38,0.976374378670608,"Salinisphaerales","Order","Salinisphaerales","d__Bacteria;p__Pseudomonadota;c__Gammaproteobacteria;o__;f__;g___o__Salinisphaerales"
"X84996","N.MeFOSAA",-0.00124501804894792,0.00182319577554094,-0.00496848056377996,0.00247844446588413,0.499924563278832,38,0.897556225016642,"Rubrobacterales","Order","Rubrobacterales","d__Bacteria;p__Actinomycetota;c__Rubrobacteria;o__;f__;g___o__Rubrobacterales"
"X84996","PFDoA",0.00369048694026034,0.00163413193163303,0.00035314430632387,0.00702782957419681,0.0313530294484557,38,0.391912868105697,"Rubrobacterales","Order","Rubrobacterales","d__Bacteria;p__Actinomycetota;c__Rubrobacteria;o__;f__;g___o__Rubrobacterales"
"X84996","PFDA",8.19085697159204e-05,0.00180040065560183,-0.00359500009952639,0.00375881723895823,0.964014544261872,38,0.964014544261872,"Rubrobacterales","Order","Rubrobacterales","d__Bacteria;p__Actinomycetota;c__Rubrobacteria;o__;f__;g___o__Rubrobacterales"
"X84996","PFHpA",-0.00145936024843539,0.00165046644843138,-0.00483006241611613,0.00191134191924535,0.383614187147717,38,0.737719590668687,"Rubrobacterales","Order","Rubrobacterales","d__Bacteria;p__Actinomycetota;c__Rubrobacteria;o__;f__;g___o__Rubrobacterales"
"X84996","PFBA",-0.000175265242823246,0.00189495536377629,-0.00404528038818386,0.00369474990253737,0.926923283992056,38,0.976374378670608,"Rubrobacterales","Order","Rubrobacterales","d__Bacteria;p__Actinomycetota;c__Rubrobacteria;o__;f__;g___o__Rubrobacterales"
"X85001","PFDoA",-0.00201243392238471,0.00146598245678718,-0.00500636951530199,0.000981501670532568,0.180004387705747,38,0.712649139822938,"Sphaerobacterales","Order","Sphaerobacterales","d__Bacteria;p__Thermomicrobiota;c__Thermomicrobia;o__;f__;g___o__Sphaerobacterales"
"X85001","N.MeFOSAA",-0.000421912245678861,0.00156904672301466,-0.00362633315074141,0.00278250865938369,0.789849478014645,38,0.897556225016642,"Sphaerobacterales","Order","Sphaerobacterales","d__Bacteria;p__Thermomicrobiota;c__Thermomicrobia;o__;f__;g___o__Sphaerobacterales"
"X85001","PFHpA",-0.000923145869471884,0.00141947982366854,-0.00382211041562548,0.00197581867668172,0.520421777913868,38,0.81315902799042,"Sphaerobacterales","Order","Sphaerobacterales","d__Bacteria;p__Thermomicrobiota;c__Thermomicrobia;o__;f__;g___o__Sphaerobacterales"
"X85001","PFBA",0.000693153789193865,0.00161550523963157,-0.00260614806471603,0.00399245564310376,0.670942840377357,38,0.976374378670608,"Sphaerobacterales","Order","Sphaerobacterales","d__Bacteria;p__Thermomicrobiota;c__Thermomicrobia;o__;f__;g___o__Sphaerobacterales"
"X85001","PFDA",0.000178820520622006,0.00153908421443654,-0.00296440877844977,0.00332204981969378,0.908279169941275,38,0.952484626394081,"Sphaerobacterales","Order","Sphaerobacterales","d__Bacteria;p__Thermomicrobiota;c__Thermomicrobia;o__;f__;g___o__Sphaerobacterales"
"X85009","N.MeFOSAA",0.00118595764359062,0.000700475128047355,-0.000244603416744574,0.00261651870392582,0.100802141822955,38,0.470402090976679,"Propionibacteriales","Order","Propionibacteriales","d__Bacteria;p__Actinomycetota;c__Actinomycetes;o__;f__;g___o__Propionibacteriales"
"X85009","PFDA",0.000298176829791572,0.000716407355219051,-0.00116492217926391,0.00176127583884706,0.680218059760362,38,0.850272574700453,"Propionibacteriales","Order","Propionibacteriales","d__Bacteria;p__Actinomycetota;c__Actinomycetes;o__;f__;g___o__Propionibacteriales"
"X85009","PFHpA",-0.000359197527917566,0.000663912722332453,-0.00171508819412511,0.000996693138289975,0.592481164054872,38,0.822890505631766,"Propionibacteriales","Order","Propionibacteriales","d__Bacteria;p__Actinomycetota;c__Actinomycetes;o__;f__;g___o__Propionibacteriales"
"X85009","PFBA",-0.000231020464618308,0.000755110700563136,-0.00177316224983673,0.00131112132060012,0.761761483338545,38,0.976374378670608,"Propionibacteriales","Order","Propionibacteriales","d__Bacteria;p__Actinomycetota;c__Actinomycetes;o__;f__;g___o__Propionibacteriales"
"X85009","PFDoA",-0.0010412237986322,0.000679255308388948,-0.00242844820575135,0.000346000608486951,0.135782009745652,38,0.696157242462297,"Propionibacteriales","Order","Propionibacteriales","d__Bacteria;p__Actinomycetota;c__Actinomycetes;o__;f__;g___o__Propionibacteriales"
"X1161","N-detect",-0.000269695731909036,NA,-0.00126211319815778,0.000722721734339707,0.583009225131942,38,0.964286933517582,"Nostocales","Order","Nostocales","d__Bacteria;p__Cyanobacteriota;c__Cyanophyceae;o__;f__;g___o__Nostocales"
"X1643687","N-detect",-8.90772871688336e-05,NA,-0.000968217794073265,0.000790063219735598,0.83746306719781,38,0.964286933517582,"Brevinematales","Order","Brevinematales","d__Bacteria;p__Spirochaetota;c__Spirochaetia;o__;f__;g___o__Brevinematales"
"X1643822","N-detect",0.000332497384109369,NA,-0.000450462779807228,0.00111545754802597,0.392669895670656,38,0.964286933517582,"Eggerthellales","Order","Eggerthellales","d__Bacteria;p__Actinomycetota;c__Coriobacteriia;o__;f__;g___o__Eggerthellales"
"X1643946","N-detect",-0.00027119641692966,NA,-0.00159091826859329,0.00104852543473397,0.677711729040899,38,0.964286933517582,"Kosmotogales","Order","Kosmotogales","d__Bacteria;p__Thermotogota;c__Thermotogae;o__;f__;g___o__Kosmotogales"
"X1663425","N-detect",-0.000699547943779065,NA,-0.00196362776927288,0.000564531881714753,0.267345904686106,38,0.964286933517582,"Fimbriimonadales","Order","Fimbriimonadales","d__Bacteria;p__Armatimonadota;c__Fimbriimonadia;o__;f__;g___o__Fimbriimonadales"
"X1769716","N-detect",-0.00124523099120764,NA,-0.00271792366355584,0.000227461681140567,0.0944820296832731,38,0.964286933517582,"Mesoaciditogales","Order","Mesoaciditogales","d__Bacteria;p__Thermotogota;c__Thermotogae;o__;f__;g___o__Mesoaciditogales"
"X1779134","N-detect",7.59140340411098e-05,NA,-0.000965809274087128,0.00111763734216935,0.882685637690536,38,0.964286933517582,"Bradymonadales","Order","Bradymonadales","d__Bacteria;p__;c__Deltaproteobacteria;o__;f__;g___o__Bradymonadales"
"X1955042","N-detect",-0.000632675189337446,NA,-0.0013857013317734,0.000120350953098505,0.0964975132739324,38,0.964286933517582,"Gloeomargaritales","Order","Gloeomargaritales","d__Bacteria;p__Cyanobacteriota;c__Cyanophyceae;o__;f__;g___o__Gloeomargaritales"
"X1963360","N-detect",0.000142855497571261,NA,-0.00049191186888297,0.000777622864025491,0.649104677174066,38,0.964286933517582,"Parachlamydiales","Order","Parachlamydiales","d__Bacteria;p__Chlamydiota;c__Chlamydiia;o__;f__;g___o__Parachlamydiales"
"X2024973","N-detect",-0.000112521008714246,NA,-0.00158208142213536,0.00135703940470687,0.876787130469345,38,0.964286933517582,"Silvanigrellales","Order","Silvanigrellales","d__Bacteria;p__Bdellovibrionota;c__Oligoflexia;o__;f__;g___o__Silvanigrellales"
"X2039638","N-detect",0.000744381334481603,NA,-0.000444299718245467,0.00193306238720867,0.21072958841528,38,0.964286933517582,"Candidatus Nanopelagicales","Order","Candidatus Nanopelagicales","d__Bacteria;p__Actinomycetota;c__Actinomycetes;o__;f__;g___o__Candidatus_Nanopelagicales"
"X204441","N-detect",0.000179952749985197,NA,-0.000509436430213349,0.000869341930183743,0.597892638897437,38,0.964286933517582,"Rhodospirillales","Order","Rhodospirillales","d__Bacteria;p__Pseudomonadota;c__Alphaproteobacteria;o__;f__;g___o__Rhodospirillales"
"X2497644","N-detect",0.0002326914981145,NA,-0.000675617042810704,0.0011410000390397,0.604684192014233,38,0.964286933517582,"Candidatus Babeliales","Order","Candidatus Babeliales","d__Bacteria;p__;c__Candidatus Babeliae;o__;f__;g___o__Candidatus_Babeliales"
"X2800059","N-detect",-0.000275696193332918,NA,-0.00102560637254578,0.000474213985879946,0.458610839820613,38,0.964286933517582,"Maricaulales","Order","Maricaulales","d__Bacteria;p__Pseudomonadota;c__Alphaproteobacteria;o__;f__;g___o__Maricaulales"
"X2805415","N-detect",-6.39121861397189e-05,NA,-0.000784230009152076,0.000656405636872638,0.857424402375734,38,0.964286933517582,"Jatrophihabitantales","Order","Jatrophihabitantales","d__Bacteria;p__Actinomycetota;c__Actinomycetes;o__;f__;g___o__Jatrophihabitantales"
"X3031460","N-detect",0.000419589273521178,NA,-0.000925351789579571,0.00176453033662193,0.528866380129495,38,0.964286933517582,"Candidatus Desulfofervidales","Order","Candidatus Desulfofervidales","d__Bacteria;p__Thermodesulfobacteriota;c__Candidatus Desulfofervidia;o__;f__;g___o__Candidatus_Desulfofervidales"
"X3031655","N-detect",-0.000235798482566084,NA,-0.000896655795923633,0.000425058830791465,0.471837609345032,38,0.964286933517582,"Desulfobaccales","Order","Desulfobaccales","d__Bacteria;p__Thermodesulfobacteriota;c__Desulfobaccia;o__;f__;g___o__Desulfobaccales"
"X3031714","N-detect",1.08400214405159e-05,NA,-0.000950089718494779,0.00097176976137581,0.981772206509468,38,0.981772206509468,"Haliangiales","Order","Haliangiales","d__Bacteria;p__Myxococcota;c__;o__;f__;g___o__Haliangiales"
"X485256","N-detect",0.00044171805258817,NA,-0.000865070228190383,0.00174850633336672,0.495296320149717,38,0.964286933517582,"Natranaerobiales","Order","Natranaerobiales","d__Bacteria;p__Bacillota;c__Clostridia;o__;f__;g___o__Natranaerobiales"
"X622452","N-detect",0.000917500234248487,NA,-0.000436833268851126,0.0022718337373481,0.176706307419423,38,0.964286933517582,"Kineosporiales","Order","Kineosporiales","d__Bacteria;p__Actinomycetota;c__Actinomycetes;o__;f__;g___o__Kineosporiales"
"X641854","N-detect",2.93222260562815e-05,NA,-0.000607580347632666,0.000666224799745229,0.925715456176879,38,0.964286933517582,"Elusimicrobiales","Order","Elusimicrobiales","d__Bacteria;p__Elusimicrobiota;c__Elusimicrobia;o__;f__;g___o__Elusimicrobiales"
"X742030","N-detect",0.0006373222263365,NA,-0.000469766191725013,0.00174441064439801,0.248967613720937,38,0.964286933517582,"Salinisphaerales","Order","Salinisphaerales","d__Bacteria;p__Pseudomonadota;c__Gammaproteobacteria;o__;f__;g___o__Salinisphaerales"
"X84996","N-detect",0.000107613422725998,NA,-0.00118900054033495,0.00140422738578694,0.866541259336262,38,0.964286933517582,"Rubrobacterales","Order","Rubrobacterales","d__Bacteria;p__Actinomycetota;c__Rubrobacteria;o__;f__;g___o__Rubrobacterales"
"X85001","N-detect",-0.000343445353079226,NA,-0.00144518867474511,0.000758297968586654,0.529190445749892,38,0.964286933517582,"Sphaerobacterales","Order","Sphaerobacterales","d__Bacteria;p__Thermomicrobiota;c__Thermomicrobia;o__;f__;g___o__Sphaerobacterales"
"X85009","N-detect",-3.3401171056792e-05,NA,-0.000550911481222218,0.000484109139108634,0.896012717945726,38,0.964286933517582,"Propionibacteriales","Order","Propionibacteriales","d__Bacteria;p__Actinomycetota;c__Actinomycetes;o__;f__;g___o__Propionibacteriales"
"X1313211","N.MeFOSAA",0.000409685803227857,0.000988977066183676,-0.00161007481895267,0.00242944642540839,0.68163654958238,38,0.83938735421244,"Lentisphaeria","Class","Lentisphaeria","d__Bacteria;p__Lentisphaerota;c__;o__;f__;g___c__Lentisphaeria"
"X1313211","PFBA",0.00121234269550317,0.00099883354721402,-0.000827547546401687,0.00325223293740802,0.234309394837047,38,0.64323936934444,"Lentisphaeria","Class","Lentisphaeria","d__Bacteria;p__Lentisphaerota;c__;o__;f__;g___c__Lentisphaeria"
"X1313211","PFDA",-0.000430394632667331,0.000968728703952517,-0.00240880258237795,0.00154801331704329,0.660022858137496,38,0.78702290999266,"Lentisphaeria","Class","Lentisphaeria","d__Bacteria;p__Lentisphaerota;c__;o__;f__;g___c__Lentisphaeria"
"X1313211","PFDoA",-0.000599343621673344,0.000947870530512967,-0.00253515349827962,0.00133646625493293,0.531977229635165,38,0.797965844452748,"Lentisphaeria","Class","Lentisphaeria","d__Bacteria;p__Lentisphaerota;c__;o__;f__;g___c__Lentisphaeria"
"X1313211","PFHpA",-0.00140717211170111,0.000865134378950442,-0.00317401222483088,0.000359668001428653,0.114295671738193,38,0.428608769018222,"Lentisphaeria","Class","Lentisphaeria","d__Bacteria;p__Lentisphaerota;c__;o__;f__;g___c__Lentisphaeria"
"X1497346","PFDoA",-0.000313054625914267,0.000888645125276822,-0.00212791008869348,0.00150180083686495,0.727088840826296,38,0.838881784702369,"Thermoleophilia","Class","Thermoleophilia","d__Bacteria;p__Actinomycetota;c__;o__;f__;g___c__Thermoleophilia"
"X1497346","PFHpA",0.000422874868566702,0.00083869487560443,-0.00128996857512122,0.00213571831225462,0.6177999092781,38,0.712846049167039,"Thermoleophilia","Class","Thermoleophilia","d__Bacteria;p__Actinomycetota;c__;o__;f__;g___c__Thermoleophilia"
"X1497346","PFDA",0.000374115193709013,0.000904466223283482,-0.00147305126175765,0.00222128164917567,0.682086521993639,38,0.78702290999266,"Thermoleophilia","Class","Thermoleophilia","d__Bacteria;p__Actinomycetota;c__;o__;f__;g___c__Thermoleophilia"
"X1497346","N.MeFOSAA",-0.000841585821475577,0.000912762856442896,-0.00270569626232374,0.00102252461937259,0.363874084290033,38,0.83938735421244,"Thermoleophilia","Class","Thermoleophilia","d__Bacteria;p__Actinomycetota;c__;o__;f__;g___c__Thermoleophilia"
"X1497346","PFBA",0.000870359397569468,0.000941465243413746,-0.00105236913761937,0.0027930879327583,0.362616840494394,38,0.679906575926989,"Thermoleophilia","Class","Thermoleophilia","d__Bacteria;p__Actinomycetota;c__;o__;f__;g___c__Thermoleophilia"
"X1676648","N.MeFOSAA",0.000728534148736141,0.00161844008608412,-0.00257676146124727,0.00403382975871955,0.655841416178184,38,0.83938735421244,"Limnochordia","Class","Limnochordia","d__Bacteria;p__Bacillota;c__;o__;f__;g___c__Limnochordia"
"X1676648","PFBA",-6.58086973767277e-05,0.00167504095368974,-0.00348669870027384,0.00335508130552039,0.968921214423762,38,0.995259888376638,"Limnochordia","Class","Limnochordia","d__Bacteria;p__Bacillota;c__;o__;f__;g___c__Limnochordia"
"X1676648","PFDA",0.00171000436103646,0.00156040251415703,-0.00147676271436965,0.00489677143644257,0.281853749513079,38,0.603972320385169,"Limnochordia","Class","Limnochordia","d__Bacteria;p__Bacillota;c__;o__;f__;g___c__Limnochordia"
"X1676648","PFDoA",-0.000620014822841014,0.00155816832389685,-0.00380221907301661,0.00256218942733458,0.693512133029442,38,0.838881784702369,"Limnochordia","Class","Limnochordia","d__Bacteria;p__Bacillota;c__;o__;f__;g___c__Limnochordia"
"X1676648","PFHpA",0.00142446283376514,0.00145457450940745,-0.00154617462243559,0.00439510028996587,0.335264218115786,38,0.50289632717368,"Limnochordia","Class","Limnochordia","d__Bacteria;p__Bacillota;c__;o__;f__;g___c__Limnochordia"
"X1853228","PFBA",-0.00126987683599407,0.00131775517667242,-0.00396109193746054,0.00142133826547239,0.342917115502244,38,0.679906575926989,"Chitinophagia","Class","Chitinophagia","d__Bacteria;p__Bacteroidota;c__;o__;f__;g___c__Chitinophagia"
"X1853228","PFDA",-0.00019142251621994,0.00127061400659654,-0.00278636250448261,0.00240351747204273,0.881257431143488,38,0.881257431143488,"Chitinophagia","Class","Chitinophagia","d__Bacteria;p__Bacteroidota;c__;o__;f__;g___c__Chitinophagia"
"X1853228","PFDoA",0.00122898454196016,0.00122754894377005,-0.0012780048546631,0.00373597393858341,0.324752282362823,38,0.750193162140352,"Chitinophagia","Class","Chitinophagia","d__Bacteria;p__Bacteroidota;c__;o__;f__;g___c__Chitinophagia"
"X1853228","PFHpA",0.000802516783867295,0.00117115567301001,-0.001589302189162,0.00319433575689659,0.498456622092753,38,0.623070777615942,"Chitinophagia","Class","Chitinophagia","d__Bacteria;p__Bacteroidota;c__;o__;f__;g___c__Chitinophagia"
"X1853228","N.MeFOSAA",-0.00075522501405041,0.0012897592894541,-0.00338926488616117,0.00187881485806035,0.562553968314358,38,0.83938735421244,"Chitinophagia","Class","Chitinophagia","d__Bacteria;p__Bacteroidota;c__;o__;f__;g___c__Chitinophagia"
"X186801","PFDA",-0.000814646088232053,0.00168342227455903,-0.00425265303188794,0.00262336085542383,0.631954682223883,38,0.78702290999266,"Clostridia","Class","Clostridia","d__Bacteria;p__Bacillota;c__;o__;f__;g___c__Clostridia"
"X186801","PFDoA",0.000460563506316086,0.00165699283810868,-0.00292346732724168,0.00384459433987385,0.782956332388878,38,0.838881784702369,"Clostridia","Class","Clostridia","d__Bacteria;p__Bacillota;c__;o__;f__;g___c__Clostridia"
"X186801","PFBA",0.00223511066782485,0.00173149062566846,-0.00130106494532165,0.00577128628097135,0.206612030949066,38,0.64323936934444,"Clostridia","Class","Clostridia","d__Bacteria;p__Bacillota;c__;o__;f__;g___c__Clostridia"
"X186801","PFHpA",0.00181572552536688,0.00153382977803612,-0.00131677278297093,0.00494822383370469,0.245793308640414,38,0.493449969811616,"Clostridia","Class","Clostridia","d__Bacteria;p__Bacillota;c__;o__;f__;g___c__Clostridia"
"X186801","N.MeFOSAA",0.00032359444777525,0.00172355478590517,-0.00319637401840505,0.00384356291395555,0.852338114327368,38,0.852338114327368,"Clostridia","Class","Clostridia","d__Bacteria;p__Bacillota;c__;o__;f__;g___c__Clostridia"
"X200643","PFDA",-0.00115461663982129,0.00123902888510904,-0.00368505120444112,0.00137581792479854,0.358841888083207,38,0.660771136466166,"Bacteroidia","Class","Bacteroidia","d__Bacteria;p__Bacteroidota;c__;o__;f__;g___c__Bacteroidia"
"X200643","PFBA",-0.00157024007729055,0.00129154852331738,-0.00420793405243818,0.00106745389785708,0.233549124423919,38,0.64323936934444,"Bacteroidia","Class","Bacteroidia","d__Bacteria;p__Bacteroidota;c__;o__;f__;g___c__Bacteroidia"
"X200643","PFHpA",-0.00212529051338785,0.0011006487403567,-0.00437311511988099,0.00012253409310529,0.0629880842345124,38,0.314940421172562,"Bacteroidia","Class","Bacteroidia","d__Bacteria;p__Bacteroidota;c__;o__;f__;g___c__Bacteroidia"
"X200643","PFDoA",0.00253593286624667,0.00114372705035566,0.000200130613778645,0.00487173511871469,0.0343270186899076,38,0.257452640174307,"Bacteroidia","Class","Bacteroidia","d__Bacteria;p__Bacteroidota;c__;o__;f__;g___c__Bacteroidia"
"X200643","N.MeFOSAA",0.0006494050288379,0.0012770638518585,-0.00195870730075068,0.00325751735842648,0.614812204364911,38,0.83938735421244,"Bacteroidia","Class","Bacteroidia","d__Bacteria;p__Bacteroidota;c__;o__;f__;g___c__Bacteroidia"
"X2008785","PFHpA",-0.0020730109547672,0.000883793043793926,-0.00387795714517817,-0.000268064764356234,0.0258018092776456,38,0.314940421172562,"Hydrogenophilia","Class","Hydrogenophilia","d__Bacteria;p__Pseudomonadota;c__;o__;f__;g___c__Hydrogenophilia"
"X2008785","N.MeFOSAA",-0.00123132134469783,0.00103239181586474,-0.0033397467143492,0.000877104024953544,0.242339880529457,38,0.83938735421244,"Hydrogenophilia","Class","Hydrogenophilia","d__Bacteria;p__Pseudomonadota;c__;o__;f__;g___c__Hydrogenophilia"
"X2008785","PFDoA",-0.00159583560967661,0.000973839503878308,-0.00358468120530534,0.000393009985952116,0.111721790417736,38,0.558608952088681,"Hydrogenophilia","Class","Hydrogenophilia","d__Bacteria;p__Pseudomonadota;c__;o__;f__;g___c__Hydrogenophilia"
"X2008785","PFBA",0.000694145738799629,0.00108249629225609,-0.00151660662292319,0.00290489810052245,0.526232314411166,38,0.877053857351943,"Hydrogenophilia","Class","Hydrogenophilia","d__Bacteria;p__Pseudomonadota;c__;o__;f__;g___c__Hydrogenophilia"
"X2008785","PFDA",-0.0016409024135183,0.00099110514653809,-0.00366500915559144,0.000383204328554846,0.108222215522735,38,0.434169808027882,"Hydrogenophilia","Class","Hydrogenophilia","d__Bacteria;p__Pseudomonadota;c__;o__;f__;g___c__Hydrogenophilia"
"X2138243","N.MeFOSAA",-0.000753228138888732,0.000691538068089065,-0.0021655372878308,0.000659081010053335,0.284735099035995,38,0.83938735421244,"Coprothermobacteria","Class","Coprothermobacteria","d__Bacteria;p__Coprothermobacterota;c__;o__;f__;g___c__Coprothermobacteria"
"X2138243","PFBA",-4.35697920918068e-06,0.000727303779855417,-0.00148970945617168,0.00148099549775332,0.995259888376638,38,0.995259888376638,"Coprothermobacteria","Class","Coprothermobacteria","d__Bacteria;p__Coprothermobacterota;c__;o__;f__;g___c__Coprothermobacteria"
"X2138243","PFDA",0.00021064203560666,0.000689867320783299,-0.0011982549921314,0.00161953906334472,0.76221804314864,38,0.816662189087828,"Coprothermobacteria","Class","Coprothermobacteria","d__Bacteria;p__Coprothermobacterota;c__;o__;f__;g___c__Coprothermobacteria"
"X2138243","PFDoA",0.000816686556379025,0.000661732826058786,-0.000534752167711211,0.00216812528046926,0.226722910939493,38,0.68016873281848,"Coprothermobacteria","Class","Coprothermobacteria","d__Bacteria;p__Coprothermobacterota;c__;o__;f__;g___c__Coprothermobacteria"
"X2138243","PFHpA",-0.00122050865655772,0.000601635914752375,-0.0024492131139781,8.19580086265127e-06,0.0514513484354881,38,0.314940421172562,"Coprothermobacteria","Class","Coprothermobacteria","d__Bacteria;p__Coprothermobacterota;c__;o__;f__;g___c__Coprothermobacteria"
"X2907184","PFDoA",-0.00111996372555998,0.00131520647095301,-0.00380597367553645,0.0015660462244165,0.401210600913664,38,0.750193162140352,"Tichowtungiia","Class","Tichowtungiia","d__Bacteria;p__Kiritimatiellota;c__;o__;f__;g___c__Tichowtungiia"
"X2907184","PFHpA",0.00140542113045021,0.00123247433847727,-0.00111162726412001,0.00392246952502043,0.263173317232862,38,0.493449969811616,"Tichowtungiia","Class","Tichowtungiia","d__Bacteria;p__Kiritimatiellota;c__;o__;f__;g___c__Tichowtungiia"
"X2907184","PFDA",-0.00224570032865208,0.00129227633604493,-0.00488488069568652,0.00039348003838236,0.0925053921204058,38,0.434169808027882,"Tichowtungiia","Class","Tichowtungiia","d__Bacteria;p__Kiritimatiellota;c__;o__;f__;g___c__Tichowtungiia"
"X2907184","N.MeFOSAA",-0.00285298879848477,0.00128170666233046,-0.00547058301202005,-0.000235394584949478,0.0336792866198549,38,0.505189299297824,"Tichowtungiia","Class","Tichowtungiia","d__Bacteria;p__Kiritimatiellota;c__;o__;f__;g___c__Tichowtungiia"
"X2907184","PFBA",0.00164105604432139,0.00139531088325372,-0.00120854894052504,0.00449066102916782,0.248794999236542,38,0.64323936934444,"Tichowtungiia","Class","Tichowtungiia","d__Bacteria;p__Kiritimatiellota;c__;o__;f__;g___c__Tichowtungiia"
"X3031419","PFDoA",-0.00252261832992758,0.000969022732837848,-0.00450162676673207,-0.000543609893123092,0.0142171284809306,38,0.21325692721396,"Bacteriovoracia","Class","Bacteriovoracia","d__Bacteria;p__Bdellovibrionota;c__;o__;f__;g___c__Bacteriovoracia"
"X3031419","PFHpA",0.000251193072251048,0.00101374535938698,-0.00181915115292818,0.00232153729743028,0.80598726060501,38,0.80598726060501,"Bacteriovoracia","Class","Bacteriovoracia","d__Bacteria;p__Bdellovibrionota;c__;o__;f__;g___c__Bacteriovoracia"
"X3031419","PFDA",0.00147601244091699,0.00105911189585581,-0.000686982612130309,0.00363900749396429,0.173667923211153,38,0.434169808027882,"Bacteriovoracia","Class","Bacteriovoracia","d__Bacteria;p__Bdellovibrionota;c__;o__;f__;g___c__Bacteriovoracia"
"X3031419","N.MeFOSAA",0.00127312351787988,0.0010907324308228,-0.000954449282784016,0.00350069631854379,0.252316045393221,38,0.83938735421244,"Bacteriovoracia","Class","Bacteriovoracia","d__Bacteria;p__Bdellovibrionota;c__;o__;f__;g___c__Bacteriovoracia"
"X3031419","PFBA",-0.00156731819459461,0.00111421989847255,-0.00384285880350785,0.000708222414318634,0.169806240956141,38,0.64323936934444,"Bacteriovoracia","Class","Bacteriovoracia","d__Bacteria;p__Bdellovibrionota;c__;o__;f__;g___c__Bacteriovoracia"
"X3031449","N.MeFOSAA",0.00033649465081642,0.000803071435520769,-0.00130359602238994,0.00197658532402278,0.678194108878057,38,0.83938735421244,"Desulfovibrionia","Class","Desulfovibrionia","d__Bacteria;p__Thermodesulfobacteriota;c__;o__;f__;g___c__Desulfovibrionia"
"X3031449","PFBA",-0.000306710312118106,0.000828916461530407,-0.00199958357007634,0.00138616294584013,0.713971849449195,38,0.985020351764211,"Desulfovibrionia","Class","Desulfovibrionia","d__Bacteria;p__Thermodesulfobacteriota;c__;o__;f__;g___c__Desulfovibrionia"
"X3031449","PFDA",0.00213635340017685,0.000686152628518253,0.000735042786135328,0.00353766401421838,0.00404265953482116,38,0.0606398930223174,"Desulfovibrionia","Class","Desulfovibrionia","d__Bacteria;p__Thermodesulfobacteriota;c__;o__;f__;g___c__Desulfovibrionia"
"X3031449","PFDoA",0.000264524922172045,0.000773348228034969,-0.00131486286307314,0.00184391270741723,0.734696865571969,38,0.838881784702369,"Desulfovibrionia","Class","Desulfovibrionia","d__Bacteria;p__Thermodesulfobacteriota;c__;o__;f__;g___c__Desulfovibrionia"
"X3031449","PFHpA",-0.000891320452622955,0.000714583037485417,-0.0023506937078195,0.000568052802573588,0.221926542906736,38,0.493449969811616,"Desulfovibrionia","Class","Desulfovibrionia","d__Bacteria;p__Thermodesulfobacteriota;c__;o__;f__;g___c__Desulfovibrionia"
"X3031647","N.MeFOSAA",0.000376301306828215,0.00135686769957169,-0.00239479222285186,0.00314739483650829,0.783428197264945,38,0.83938735421244,"Desulfobaccia","Class","Desulfobaccia","d__Bacteria;p__Thermodesulfobacteriota;c__;o__;f__;g___c__Desulfobaccia"
"X3031647","PFBA",-0.000331299434826122,0.00140012504896905,-0.00319073625771303,0.00252813738806079,0.814558827500205,38,0.985020351764211,"Desulfobaccia","Class","Desulfobaccia","d__Bacteria;p__Thermodesulfobacteriota;c__;o__;f__;g___c__Desulfobaccia"
"X3031647","PFDA",0.000558554865372007,0.00132744701342002,-0.00215245360733504,0.00326956333807905,0.676919402744892,38,0.78702290999266,"Desulfobaccia","Class","Desulfobaccia","d__Bacteria;p__Thermodesulfobacteriota;c__;o__;f__;g___c__Desulfobaccia"
"X3031647","PFDoA",8.38284857867676e-05,0.00130696138795622,-0.00258534275828545,0.00275299972985899,0.949284247759314,38,0.949284247759314,"Desulfobaccia","Class","Desulfobaccia","d__Bacteria;p__Thermodesulfobacteriota;c__;o__;f__;g___c__Desulfobaccia"
"X3031647","PFHpA",-0.000935542977293064,0.00122438713770324,-0.00343607510447391,0.00156498914988778,0.450781392232016,38,0.614701898498203,"Desulfobaccia","Class","Desulfobaccia","d__Bacteria;p__Thermodesulfobacteriota;c__;o__;f__;g___c__Desulfobaccia"
"X388447","PFHpA",0.000286529240618284,0.000933774826495838,-0.00162049336792163,0.0021935518491582,0.761077015188619,38,0.80598726060501,"Ktedonobacteria","Class","Ktedonobacteria","d__Bacteria;p__Chloroflexota;c__;o__;f__;g___c__Ktedonobacteria"
"X388447","PFBA",0.000197101640979856,0.00105959506650327,-0.00196688017817245,0.00236108346013216,0.853684304862316,38,0.985020351764211,"Ktedonobacteria","Class","Ktedonobacteria","d__Bacteria;p__Chloroflexota;c__;o__;f__;g___c__Ktedonobacteria"
"X388447","N.MeFOSAA",0.000327261597865627,0.00102606990465215,-0.00176825270664509,0.00242277590237635,0.751977125612374,38,0.83938735421244,"Ktedonobacteria","Class","Ktedonobacteria","d__Bacteria;p__Chloroflexota;c__;o__;f__;g___c__Ktedonobacteria"
"X388447","PFDoA",-0.000796904592244061,0.000978043244720388,-0.002794335372008,0.00120052618751988,0.421611170228971,38,0.750193162140352,"Ktedonobacteria","Class","Ktedonobacteria","d__Bacteria;p__Chloroflexota;c__;o__;f__;g___c__Ktedonobacteria"
"X388447","PFDA",0.0013830661402568,0.000975027708172431,-0.000608206092274277,0.00337433837278788,0.166353624680428,38,0.434169808027882,"Ktedonobacteria","Class","Ktedonobacteria","d__Bacteria;p__Chloroflexota;c__;o__;f__;g___c__Ktedonobacteria"
"X641853","N.MeFOSAA",0.00160971928857662,0.00131759598000184,-0.00108117068991438,0.00430060926706761,0.231331144987001,38,0.83938735421244,"Elusimicrobia","Class","Elusimicrobia","d__Bacteria;p__Elusimicrobiota;c__;o__;f__;g___c__Elusimicrobia"
"X641853","PFBA",-0.00157347447461314,0.001362573561452,-0.00435622092885083,0.00120927197962455,0.257295747737776,38,0.64323936934444,"Elusimicrobia","Class","Elusimicrobia","d__Bacteria;p__Elusimicrobiota;c__;o__;f__;g___c__Elusimicrobia"
"X641853","PFDA",-0.00199067575122506,0.00127199554115587,-0.00458843720946568,0.000607085707015563,0.128071110409198,38,0.434169808027882,"Elusimicrobia","Class","Elusimicrobia","d__Bacteria;p__Elusimicrobiota;c__;o__;f__;g___c__Elusimicrobia"
"X641853","PFDoA",0.00163475915270816,0.00126398732133753,-0.000946647338773462,0.00421616564418978,0.205765810262621,38,0.68016873281848,"Elusimicrobia","Class","Elusimicrobia","d__Bacteria;p__Elusimicrobiota;c__;o__;f__;g___c__Elusimicrobia"
"X641853","PFHpA",0.00126512222514127,0.00120647880480674,-0.00119883620702678,0.00372908065730931,0.302733778461413,38,0.50289632717368,"Elusimicrobia","Class","Elusimicrobia","d__Bacteria;p__Elusimicrobiota;c__;o__;f__;g___c__Elusimicrobia"
"X795747","PFHpA",0.000978999986305191,0.000652970849756337,-0.000354544394919789,0.00231254436753017,0.144246253637592,38,0.432738760912777,"Ignavibacteria","Class","Ignavibacteria","d__Bacteria;p__Ignavibacteriota;c__;o__;f__;g___c__Ignavibacteria"
"X795747","N.MeFOSAA",0.000400229327054514,0.000740403617337896,-0.00111187658718047,0.0019123352412895,0.592804976873595,38,0.83938735421244,"Ignavibacteria","Class","Ignavibacteria","d__Bacteria;p__Ignavibacteriota;c__;o__;f__;g___c__Ignavibacteria"
"X795747","PFBA",-0.00016103117897823,0.000766889190571363,-0.00172722784991728,0.00140516549196082,0.835103066422882,38,0.985020351764211,"Ignavibacteria","Class","Ignavibacteria","d__Bacteria;p__Ignavibacteriota;c__;o__;f__;g___c__Ignavibacteria"
"X795747","PFDA",0.000619609933264122,0.00072024955930212,-0.000851335903361704,0.00209055576988995,0.3964626818797,38,0.660771136466166,"Ignavibacteria","Class","Ignavibacteria","d__Bacteria;p__Ignavibacteriota;c__;o__;f__;g___c__Ignavibacteria"
"X795747","PFDoA",0.000542455296269711,0.000708883203639882,-0.000905277345258601,0.00199018793779802,0.450115897284211,38,0.750193162140352,"Ignavibacteria","Class","Ignavibacteria","d__Bacteria;p__Ignavibacteriota;c__;o__;f__;g___c__Ignavibacteria"
"X1313211","N-detect",-0.000148947212571479,NA,-0.000847003591143035,0.000549109166000077,0.666124498412902,38,0.923096584192512,"Lentisphaeria","Class","Lentisphaeria","d__Bacteria;p__Lentisphaerota;c__;o__;f__;g___c__Lentisphaeria"
"X1497346","N-detect",6.43584829321378e-05,NA,-0.000588724931633535,0.00071744189749781,0.841856056879066,38,0.968568270061824,"Thermoleophilia","Class","Thermoleophilia","d__Bacteria;p__Actinomycetota;c__;o__;f__;g___c__Thermoleophilia"
"X1676648","N-detect",0.000418074048022488,NA,-0.000717832715218714,0.00155398081126369,0.458109456358268,38,0.923096584192512,"Limnochordia","Class","Limnochordia","d__Bacteria;p__Bacillota;c__;o__;f__;g___c__Limnochordia"
"X1853228","N-detect",1.78177108043787e-05,NA,-0.000897982710709184,0.000933618132317941,0.968568270061824,38,0.968568270061824,"Chitinophagia","Class","Chitinophagia","d__Bacteria;p__Bacteroidota;c__;o__;f__;g___c__Chitinophagia"
"X186801","N-detect",0.000509927265771643,NA,-0.000692767968367135,0.00171262249991042,0.393418888750425,38,0.923096584192512,"Clostridia","Class","Clostridia","d__Bacteria;p__Bacillota;c__;o__;f__;g___c__Clostridia"
"X200643","N-detect",-0.000221782513989412,NA,-0.00112354817685565,0.000679983148876825,0.619136479165148,38,0.923096584192512,"Bacteroidia","Class","Bacteroidia","d__Bacteria;p__Bacteroidota;c__;o__;f__;g___c__Bacteroidia"
"X2008785","N-detect",-0.000778751898882671,NA,-0.00146592334623484,-9.15804515305027e-05,0.0276722751199306,38,0.415084126798959,"Hydrogenophilia","Class","Hydrogenophilia","d__Bacteria;p__Pseudomonadota;c__;o__;f__;g___c__Hydrogenophilia"
"X2138243","N-detect",-0.000135018440541555,NA,-0.000630287935656397,0.000360251054573287,0.581823899952208,38,0.923096584192512,"Coprothermobacteria","Class","Coprothermobacteria","d__Bacteria;p__Coprothermobacterota;c__;o__;f__;g___c__Coprothermobacteria"
"X2907184","N-detect",-0.000377914824029867,NA,-0.00134452346994628,0.000588693821886546,0.430875508748373,38,0.923096584192512,"Tichowtungiia","Class","Tichowtungiia","d__Bacteria;p__Kiritimatiellota;c__;o__;f__;g___c__Tichowtungiia"
"X3031419","N-detect",-0.000129679022132478,NA,-0.000915597889321078,0.000656239845056122,0.73847726735401,38,0.923096584192512,"Bacteriovoracia","Class","Bacteriovoracia","d__Bacteria;p__Bdellovibrionota;c__;o__;f__;g___c__Bacteriovoracia"
"X3031449","N-detect",0.000177159333501965,NA,-0.000387656888508349,0.000741975555512278,0.526661403443918,38,0.923096584192512,"Desulfovibrionia","Class","Desulfovibrionia","d__Bacteria;p__Thermodesulfobacteriota;c__;o__;f__;g___c__Desulfovibrionia"
"X3031647","N-detect",-4.69410328421358e-05,NA,-0.00100602595460115,0.00091214388891688,0.921044177524037,38,0.968568270061824,"Desulfobaccia","Class","Desulfobaccia","d__Bacteria;p__Thermodesulfobacteriota;c__;o__;f__;g___c__Desulfobaccia"
"X388447","N-detect",0.000171847983304444,NA,-0.000551002166867397,0.000894698133476285,0.630832547166235,38,0.923096584192512,"Ktedonobacteria","Class","Ktedonobacteria","d__Bacteria;p__Chloroflexota;c__;o__;f__;g___c__Ktedonobacteria"
"X641853","N-detect",0.000161612807993579,NA,-0.000789631127516877,0.00111285674350403,0.731032733324106,38,0.923096584192512,"Elusimicrobia","Class","Elusimicrobia","d__Bacteria;p__Elusimicrobiota;c__;o__;f__;g___c__Elusimicrobia"
"X795747","N-detect",0.000318237312659714,NA,-0.000193487389906487,0.000829962015225915,0.213821798858219,38,0.923096584192512,"Ignavibacteria","Class","Ignavibacteria","d__Bacteria;p__Ignavibacteriota;c__;o__;f__;g___c__Ignavibacteria"
"X1134404","PFBA",-0.00100079558606057,0.00151803514996212,-0.00410103696052532,0.00209944578840419,0.514751366790147,38,0.727674067764114,"Ignavibacteriota","Phylum","Ignavibacteriota","d__Bacteria;p__;c__;o__;f__;g___p__Ignavibacteriota"
"X1134404","PFDoA",0.000907246412381245,0.00141636891098457,-0.00198536480248393,0.00379985762724642,0.526681903660223,38,0.702242538213631,"Ignavibacteriota","Phylum","Ignavibacteriota","d__Bacteria;p__;c__;o__;f__;g___p__Ignavibacteriota"
"X1134404","PFDA",-0.000441472025490565,0.00145030337788819,-0.00340338666743227,0.00252044261645114,0.762924934791543,38,0.762924934791543,"Ignavibacteriota","Phylum","Ignavibacteriota","d__Bacteria;p__;c__;o__;f__;g___p__Ignavibacteriota"
"X1134404","N.MeFOSAA",0.00029095850941104,0.00148131690800342,-0.00273429421085767,0.00331621122967975,0.845606919124468,38,0.906191078725994,"Ignavibacteriota","Phylum","Ignavibacteriota","d__Bacteria;p__;c__;o__;f__;g___p__Ignavibacteriota"
"X1134404","PFHpA",-0.00201369109652643,0.00129769541945602,-0.00466393870834975,0.000636556515296887,0.131210289224781,38,0.524841156899123,"Ignavibacteriota","Phylum","Ignavibacteriota","d__Bacteria;p__;c__;o__;f__;g___p__Ignavibacteriota"
"X142182","N.MeFOSAA",0.000119126237920043,0.00100237371445258,-0.00192799399002681,0.0021662464658669,0.906191078725994,38,0.906191078725994,"Gemmatimonadota","Phylum","Gemmatimonadota","d__Bacteria;p__;c__;o__;f__;g___p__Gemmatimonadota"
"X142182","PFBA",-0.00165929312731498,0.000988848767900581,-0.00367879172944575,0.000360205474815796,0.103735661829239,38,0.727674067764114,"Gemmatimonadota","Phylum","Gemmatimonadota","d__Bacteria;p__;c__;o__;f__;g___p__Gemmatimonadota"
"X142182","PFDoA",-0.000859141414103685,0.000951724211985251,-0.00280282155823616,0.00108453873002879,0.373865401891533,38,0.69370106625767,"Gemmatimonadota","Phylum","Gemmatimonadota","d__Bacteria;p__;c__;o__;f__;g___p__Gemmatimonadota"
"X142182","PFDA",-0.00075729279605572,0.000972724678657107,-0.0027438616148416,0.00122927602273016,0.442355821953115,38,0.707769315124984,"Gemmatimonadota","Phylum","Gemmatimonadota","d__Bacteria;p__;c__;o__;f__;g___p__Gemmatimonadota"
"X142182","PFHpA",0.00012532633013588,0.000912023101107727,-0.00173727332876687,0.00198792598903863,0.891620328052104,38,0.9800990325293,"Gemmatimonadota","Phylum","Gemmatimonadota","d__Bacteria;p__;c__;o__;f__;g___p__Gemmatimonadota"
"X1936987","N.MeFOSAA",-0.000499811492003854,0.000600654317816221,-0.00172651126103833,0.000726888277030624,0.411920959539534,38,0.844762767943072,"Balneolota","Phylum","Balneolota","d__Bacteria;p__;c__;o__;f__;g___p__Balneolota"
"X1936987","PFHpA",0.000296615410598331,0.000550169211075387,-0.000826980015485914,0.00142021083668258,0.593772708995334,38,0.791696945327112,"Balneolota","Phylum","Balneolota","d__Bacteria;p__;c__;o__;f__;g___p__Balneolota"
"X1936987","PFDA",-0.000557267949450007,0.000586603810672079,-0.00175527275474694,0.000640736855846925,0.349708154381441,38,0.699416308762881,"Balneolota","Phylum","Balneolota","d__Bacteria;p__;c__;o__;f__;g___p__Balneolota"
"X1936987","PFBA",-0.000380594813443588,0.000622832912817466,-0.00165258931616857,0.000891399689281392,0.545755550823085,38,0.727674067764114,"Balneolota","Phylum","Balneolota","d__Bacteria;p__;c__;o__;f__;g___p__Balneolota"
"X1936987","PFDoA",-0.000510327660079563,0.000577017888756535,-0.00168875540108013,0.000668100080921,0.383501718719985,38,0.69370106625767,"Balneolota","Phylum","Balneolota","d__Bacteria;p__;c__;o__;f__;g___p__Balneolota"
"X200783","PFDoA",0.000443760492546294,0.000559054050479407,-0.000697980196331441,0.00158550118142403,0.433563166411044,38,0.69370106625767,"Aquificota","Phylum","Aquificota","d__Bacteria;p__;c__;o__;f__;g___p__Aquificota"
"X200783","PFDA",-0.000545860237983778,0.000566703326812092,-0.00170322283322639,0.000611502357258836,0.343137311236645,38,0.699416308762881,"Aquificota","Phylum","Aquificota","d__Bacteria;p__;c__;o__;f__;g___p__Aquificota"
"X200783","N.MeFOSAA",0.000341494274900503,0.000583856262867376,-0.000850899289192514,0.00153388783899352,0.562992332014458,38,0.844762767943072,"Aquificota","Phylum","Aquificota","d__Bacteria;p__;c__;o__;f__;g___p__Aquificota"
"X200783","PFHpA",0.00067491203515583,0.000519888923537553,-0.000386842793721016,0.00173666686403267,0.204115808126436,38,0.544308821670496,"Aquificota","Phylum","Aquificota","d__Bacteria;p__;c__;o__;f__;g___p__Aquificota"
"X200783","PFBA",0.000263386481060538,0.000603772410470971,-0.000969681282718932,0.00149645424484001,0.665789813682106,38,0.760902644208121,"Aquificota","Phylum","Aquificota","d__Bacteria;p__;c__;o__;f__;g___p__Aquificota"
"X200918","PFDoA",0.000236356742955623,0.0007488497151712,-0.00129299840424755,0.00176571189015879,0.754471406723999,38,0.862253036255999,"Thermotogota","Phylum","Thermotogota","d__Bacteria;p__;c__;o__;f__;g___p__Thermotogota"
"X200918","N.MeFOSAA",-0.000606634971999409,0.000771771716642947,-0.00218280309145162,0.000969533147452805,0.43801527068546,38,0.844762767943072,"Thermotogota","Phylum","Thermotogota","d__Bacteria;p__;c__;o__;f__;g___p__Thermotogota"
"X200918","PFHpA",-0.000565814139091176,0.000701895862260058,-0.0019992767257767,0.000867648447594349,0.426516354382903,38,0.791696945327112,"Thermotogota","Phylum","Thermotogota","d__Bacteria;p__;c__;o__;f__;g___p__Thermotogota"
"X200918","PFDA",-0.000436363226738486,0.000759876566968395,-0.00198823820964678,0.00111551175616981,0.570076162300173,38,0.758477458658303,"Thermotogota","Phylum","Thermotogota","d__Bacteria;p__;c__;o__;f__;g___p__Thermotogota"
"X200918","PFBA",-0.000109138850558165,0.000804008049087922,-0.00175114234385492,0.00153286464273859,0.892930840637405,38,0.892930840637405,"Thermotogota","Phylum","Thermotogota","d__Bacteria;p__;c__;o__;f__;g___p__Thermotogota"
"X203691","N.MeFOSAA",0.00028753994583146,0.000597029022163701,-0.000931755981745928,0.00150683587340885,0.633572075957304,38,0.844762767943072,"Spirochaetota","Phylum","Spirochaetota","d__Bacteria;p__;c__;o__;f__;g___p__Spirochaetota"
"X203691","PFDA",0.0002571193303071,0.000585433634250126,-0.000938495655914264,0.00145273431652846,0.663667776326015,38,0.758477458658303,"Spirochaetota","Phylum","Spirochaetota","d__Bacteria;p__;c__;o__;f__;g___p__Spirochaetota"
"X203691","PFBA",0.000559485926981746,0.000609727213075613,-0.000685743166139894,0.00180471502010339,0.366146641010223,38,0.727674067764114,"Spirochaetota","Phylum","Spirochaetota","d__Bacteria;p__;c__;o__;f__;g___p__Spirochaetota"
"X203691","PFDoA",-6.56476500455447e-05,0.000576465233045644,-0.00124294671750994,0.00111165141741885,0.910091928965824,38,0.910091928965824,"Spirochaetota","Phylum","Spirochaetota","d__Bacteria;p__;c__;o__;f__;g___p__Spirochaetota"
"X203691","PFHpA",0.000362602767733928,0.00054132092141526,-0.000742922040092065,0.00146812757555992,0.508078130774423,38,0.791696945327112,"Spirochaetota","Phylum","Spirochaetota","d__Bacteria;p__;c__;o__;f__;g___p__Spirochaetota"
"X40117","PFBA",0.00152126949609897,0.00132224003036055,-0.0011791048985253,0.00422164389072323,0.259016434642278,38,0.727674067764114,"Nitrospirota","Phylum","Nitrospirota","d__Bacteria;p__;c__;o__;f__;g___p__Nitrospirota"
"X40117","N.MeFOSAA",-0.00142942778360035,0.00128354639011191,-0.00405077922251079,0.00119192365531009,0.274270737994722,38,0.844762767943072,"Nitrospirota","Phylum","Nitrospirota","d__Bacteria;p__;c__;o__;f__;g___p__Nitrospirota"
"X40117","PFDA",0.00127151996419545,0.00126237217056039,-0.00130658794934125,0.00384962787773215,0.32187186818058,38,0.699416308762881,"Nitrospirota","Phylum","Nitrospirota","d__Bacteria;p__;c__;o__;f__;g___p__Nitrospirota"
"X40117","PFDoA",-0.00127602898587316,0.00123838282877734,-0.00380514412744153,0.00125308615569521,0.311058640646998,38,0.69370106625767,"Nitrospirota","Phylum","Nitrospirota","d__Bacteria;p__;c__;o__;f__;g___p__Nitrospirota"
"X40117","PFHpA",-2.99787799492363e-05,0.00119182928882828,-0.00246401890913633,0.00240406134923786,0.9800990325293,38,0.9800990325293,"Nitrospirota","Phylum","Nitrospirota","d__Bacteria;p__;c__;o__;f__;g___p__Nitrospirota"
"X95818","N.MeFOSAA",0.00149675527954023,0.00070956933830984,4.76213640741474e-05,0.00294588919500631,0.0433640716154217,38,0.346912572923373,"Candidatus Saccharibacteria","Phylum","Candidatus Saccharibacteria","d__Bacteria;p__;c__;o__;f__;g___p__Candidatus_Saccharibacteria"
"X95818","PFBA",0.000805680473235008,0.000770422381101359,-0.000767731935406312,0.00237909288187633,0.304023054563733,38,0.727674067764114,"Candidatus Saccharibacteria","Phylum","Candidatus Saccharibacteria","d__Bacteria;p__;c__;o__;f__;g___p__Candidatus_Saccharibacteria"
"X95818","PFDA",0.00120961694121553,0.00071164164477163,-0.000243749188658483,0.00266298307108954,0.0995243508232129,38,0.699416308762881,"Candidatus Saccharibacteria","Phylum","Candidatus Saccharibacteria","d__Bacteria;p__;c__;o__;f__;g___p__Candidatus_Saccharibacteria"
"X95818","PFHpA",0.00115002747194284,0.000659260731560497,-0.000196362561644172,0.00249641750552984,0.091324914323421,38,0.524841156899123,"Candidatus Saccharibacteria","Phylum","Candidatus Saccharibacteria","d__Bacteria;p__;c__;o__;f__;g___p__Candidatus_Saccharibacteria"
"X95818","PFDoA",0.00112378206221865,0.000702155057104916,-0.000310209870959339,0.00255777399539665,0.119972734390162,38,0.69370106625767,"Candidatus Saccharibacteria","Phylum","Candidatus Saccharibacteria","d__Bacteria;p__;c__;o__;f__;g___p__Candidatus_Saccharibacteria"
"X1134404","N-detect",-0.00030611145395599,NA,-0.00134642588096188,0.000734202973049897,0.55239595548523,38,0.631309663411691,"Ignavibacteriota","Phylum","Ignavibacteriota","d__Bacteria;p__;c__;o__;f__;g___p__Ignavibacteriota"
"X142182","N-detect",-0.000359256849711185,NA,-0.00105436038152947,0.000335846682107096,0.299611163297443,38,0.631309663411691,"Gemmatimonadota","Phylum","Gemmatimonadota","d__Bacteria;p__;c__;o__;f__;g___p__Gemmatimonadota"
"X1936987","N-detect",-0.000194933322650366,NA,-0.000617689132127194,0.000227822486826461,0.353870713196696,38,0.631309663411691,"Balneolota","Phylum","Balneolota","d__Bacteria;p__;c__;o__;f__;g___p__Balneolota"
"X200783","N-detect",0.000157192141270031,NA,-0.00025321962810516,0.000567603910645222,0.440220390554418,38,0.631309663411691,"Aquificota","Phylum","Aquificota","d__Bacteria;p__;c__;o__;f__;g___p__Aquificota"
"X200918","N-detect",-0.000190230596284406,NA,-0.000736134267323807,0.000355673074754996,0.482167546836424,38,0.631309663411691,"Thermotogota","Phylum","Thermotogota","d__Bacteria;p__;c__;o__;f__;g___p__Thermotogota"
"X203691","N-detect",0.000173079954108664,NA,-0.000245129170057035,0.000591289078274364,0.404681868928804,38,0.631309663411691,"Spirochaetota","Phylum","Spirochaetota","d__Bacteria;p__;c__;o__;f__;g___p__Spirochaetota"
"X40117","N-detect",-1.08163408319829e-05,NA,-0.000935599203021216,0.00091396652135725,0.981101244465847,38,0.981101244465847,"Nitrospirota","Phylum","Nitrospirota","d__Bacteria;p__;c__;o__;f__;g___p__Nitrospirota"
"X95818","N-detect",0.000731076468054994,NA,0.000268570211293714,0.00119358272481627,0.00301132788535622,38,0.0240906230828497,"Candidatus Saccharibacteria","Phylum","Candidatus Saccharibacteria","d__Bacteria;p__;c__;o__;f__;g___p__Candidatus_Saccharibacteria"
