"taxonomy_id","predictor","betas","SE","ci_lo","ci_hi","p_val","n","Beta_IQR","SE_IQR","FDR","name","taxa_level","taxa_name","taxa_full","CI_lo_IQR","CI_hi_IQR"
"X102684","PFNA",-0.000422516055217043,0.000978127119308145,-0.00241741946733099,0.0015723873568969,0.668757100550397,40,-0.000654188141033143,0.00151444934215718,0.970618145982937,"Streptococcus infantarius","Species","Streptococcus infantarius","d__Bacteria;p__Bacillota;c__Bacilli;o__Lactobacillales;f__Streptococcaceae;g__Streptococcus_s__Streptococcus_infantarius",NA,NA
"X102684","PFBS",0.000899048890405402,0.00105535677954899,-0.00125336545223037,0.00305146323304117,0.400808044499479,40,0.000892739186479681,0.001047950075769,0.918613929073021,"Streptococcus infantarius","Species","Streptococcus infantarius","d__Bacteria;p__Bacillota;c__Bacilli;o__Lactobacillales;f__Streptococcaceae;g__Streptococcus_s__Streptococcus_infantarius",NA,NA
"X102684","PFOA",-0.000181744604668149,0.00120397315640371,-0.00263726404625384,0.00227377483691754,0.880989997284583,40,-0.000156114322497391,0.00103418450280934,0.972827605142579,"Streptococcus infantarius","Species","Streptococcus infantarius","d__Bacteria;p__Bacillota;c__Bacilli;o__Lactobacillales;f__Streptococcaceae;g__Streptococcus_s__Streptococcus_infantarius",NA,NA
"X102684","PFHxS",-0.00186088322331754,0.00157979571087946,-0.00508289781821557,0.00136113137158048,0.247789762765053,40,-0.00184851149183912,0.00156929273676434,0.97745216390902,"Streptococcus infantarius","Species","Streptococcus infantarius","d__Bacteria;p__Bacillota;c__Bacilli;o__Lactobacillales;f__Streptococcaceae;g__Streptococcus_s__Streptococcus_infantarius",NA,NA
"X102684","PFOS",-0.00322628839847262,0.00131929620503347,-0.00591701074841814,-0.000535566048527095,0.0203438293846236,40,-0.00289560989739334,0.00118407491118802,0.472130681826535,"Streptococcus infantarius","Species","Streptococcus infantarius","d__Bacteria;p__Bacillota;c__Bacilli;o__Lactobacillales;f__Streptococcaceae;g__Streptococcus_s__Streptococcus_infantarius",NA,NA
"X113107","PFOA",-0.0019642576661299,0.00244413943335919,-0.00694911290533368,0.00302059757307387,0.427712976301249,40,-0.00168725093830483,0.00209945804127024,0.883140624537261,"Streptococcus australis","Species","Streptococcus australis","d__Bacteria;p__Bacillota;c__Bacilli;o__Lactobacillales;f__Streptococcaceae;g__Streptococcus_s__Streptococcus_australis",NA,NA
"X113107","PFNA",0.00111655276180288,0.00200150495637039,-0.00296554350974358,0.00519864903334934,0.58094898512826,40,0.00172877590470268,0.00309896107025793,0.970618145982937,"Streptococcus australis","Species","Streptococcus australis","d__Bacteria;p__Bacillota;c__Bacilli;o__Lactobacillales;f__Streptococcaceae;g__Streptococcus_s__Streptococcus_australis",NA,NA
"X113107","PFBS",-0.00173781600521138,0.00216666277130082,-0.00615675386108591,0.00268112185066316,0.428618278479222,40,-0.0017256196668506,0.00215145670104181,0.918613929073021,"Streptococcus australis","Species","Streptococcus australis","d__Bacteria;p__Bacillota;c__Bacilli;o__Lactobacillales;f__Streptococcaceae;g__Streptococcus_s__Streptococcus_australis",NA,NA
"X113107","PFHxS",-0.00145244997376423,0.00330053126442158,-0.00818392786780379,0.00527902792027532,0.662942755462165,40,-0.00144279363378755,0.0032785883042036,0.97745216390902,"Streptococcus australis","Species","Streptococcus australis","d__Bacteria;p__Bacillota;c__Bacilli;o__Lactobacillales;f__Streptococcaceae;g__Streptococcus_s__Streptococcus_australis",NA,NA
"X113107","PFOS",0.00201886789073782,0.00293209564765207,-0.00396118060876896,0.00799891639024461,0.496233129419987,40,0.00181194398142385,0.00263157043910417,0.958535271680885,"Streptococcus australis","Species","Streptococcus australis","d__Bacteria;p__Bacillota;c__Bacilli;o__Lactobacillales;f__Streptococcaceae;g__Streptococcus_s__Streptococcus_australis",NA,NA
"X1155388","PFBS",-0.000209392033456801,0.000939316906055813,-0.0021251414937851,0.0017063574268715,0.825060525779548,40,-0.000207922478519781,0.000932724593187306,0.980227309245162,"Clostridium sp. C1","Species","Clostridium sp. C1","d__Bacteria;p__Bacillota;c__Clostridia;o__Eubacteriales;f__Clostridiaceae;g__Clostridium_s__Clostridium_sp._C1",NA,NA
"X1155388","PFHxS",-0.00060757024952679,0.00141762632836953,-0.00349883820820202,0.00228369770914844,0.671190319896165,40,-0.000603530933202565,0.00140820150683771,0.97745216390902,"Clostridium sp. C1","Species","Clostridium sp. C1","d__Bacteria;p__Bacillota;c__Clostridia;o__Eubacteriales;f__Clostridiaceae;g__Clostridium_s__Clostridium_sp._C1",NA,NA
"X1155388","PFNA",0.000261997910940421,0.00086255912780805,-0.00149720302853606,0.0020211988504169,0.763351680358273,40,0.000405655416395091,0.00133551363406073,0.970618145982937,"Clostridium sp. C1","Species","Clostridium sp. C1","d__Bacteria;p__Bacillota;c__Clostridia;o__Eubacteriales;f__Clostridiaceae;g__Clostridium_s__Clostridium_sp._C1",NA,NA
"X1155388","PFOA",0.000816408811982006,0.00105031757428416,-0.00132572800375699,0.002958545627721,0.442875137052976,40,0.000701275885444795,0.000902197987202256,0.883140624537261,"Clostridium sp. C1","Species","Clostridium sp. C1","d__Bacteria;p__Bacillota;c__Clostridia;o__Eubacteriales;f__Clostridiaceae;g__Clostridium_s__Clostridium_sp._C1",NA,NA
"X1155388","PFOS",-0.00303216295283756,0.0011459459528221,-0.00536933513246176,-0.000694990773213346,0.0126790690334127,40,-0.00272138134362149,0.00102849219692833,0.422519842029097,"Clostridium sp. C1","Species","Clostridium sp. C1","d__Bacteria;p__Bacillota;c__Clostridia;o__Eubacteriales;f__Clostridiaceae;g__Clostridium_s__Clostridium_sp._C1",NA,NA
"X1156431","PFNA",-0.00122388592141096,0.00184243520184957,-0.00498155728969724,0.00253378544687531,0.511424651748648,40,-0.0018949614952577,0.00285267090987309,0.970618145982937,"Streptococcus ilei","Species","Streptococcus ilei","d__Bacteria;p__Bacillota;c__Bacilli;o__Lactobacillales;f__Streptococcaceae;g__Streptococcus_s__Streptococcus_ilei",NA,NA
"X1156431","PFHxS",8.83874563368348e-05,0.00305397830589977,-0.00614024236354868,0.00631701727622235,0.977096576669195,40,8.77998289875428e-05,0.00303367450657047,0.999201481369411,"Streptococcus ilei","Species","Streptococcus ilei","d__Bacteria;p__Bacillota;c__Bacilli;o__Lactobacillales;f__Streptococcaceae;g__Streptococcus_s__Streptococcus_ilei",NA,NA
"X1156431","PFOS",0.0039479352000466,0.00263140949405518,-0.00141885984605411,0.00931473024614732,0.143650618796983,40,0.00354329149400731,0.00236170311950048,0.677998833530861,"Streptococcus ilei","Species","Streptococcus ilei","d__Bacteria;p__Bacillota;c__Bacilli;o__Lactobacillales;f__Streptococcaceae;g__Streptococcus_s__Streptococcus_ilei",NA,NA
"X1156431","PFOA",-0.00278394779324579,0.00222236987378313,-0.00731650103369278,0.0017486054472012,0.21968508051304,40,-0.00239134539594307,0.00190896322791951,0.883140624537261,"Streptococcus ilei","Species","Streptococcus ilei","d__Bacteria;p__Bacillota;c__Bacilli;o__Lactobacillales;f__Streptococcaceae;g__Streptococcus_s__Streptococcus_ilei",NA,NA
"X1156431","PFBS",-0.00290218897050334,0.00195079855740731,-0.00688086885954626,0.00107649091853958,0.146934198136495,40,-0.00288182083108869,0.00193710746513488,0.918613929073021,"Streptococcus ilei","Species","Streptococcus ilei","d__Bacteria;p__Bacillota;c__Bacilli;o__Lactobacillales;f__Streptococcaceae;g__Streptococcus_s__Streptococcus_ilei",NA,NA
"X1216932","PFBS",-8.148054583054e-05,0.00075352518469531,-0.00161830529221496,0.00145534420055388,0.914587465365245,40,-8.09086991541428e-05,0.000748236795079638,0.980227309245162,"Clostridium bornimense","Species","Clostridium bornimense","d__Bacteria;p__Bacillota;c__Clostridia;o__Eubacteriales;f__Clostridiaceae;g__Clostridium_s__Clostridium_bornimense",NA,NA
"X1216932","PFHxS",3.37176343883321e-05,0.00113987758126769,-0.00229107801985295,0.00235851328862961,0.976591595870578,40,3.34934690492538e-05,0.00113229931994694,0.999201481369411,"Clostridium bornimense","Species","Clostridium bornimense","d__Bacteria;p__Bacillota;c__Clostridia;o__Eubacteriales;f__Clostridiaceae;g__Clostridium_s__Clostridium_bornimense",NA,NA
"X1216932","PFOA",-0.000470305094823778,0.000846014606623598,-0.00219576326088037,0.00125515307123282,0.582265144576332,40,-0.000403980967575608,0.000726706563735951,0.910312787196285,"Clostridium bornimense","Species","Clostridium bornimense","d__Bacteria;p__Bacillota;c__Clostridia;o__Eubacteriales;f__Clostridiaceae;g__Clostridium_s__Clostridium_bornimense",NA,NA
"X1216932","PFOS",-0.000124004926356891,0.00101694607774496,-0.00219808012617782,0.00195007027346404,0.903734730860137,40,-0.000111295038674948,0.000912714166913194,0.995366591716189,"Clostridium bornimense","Species","Clostridium bornimense","d__Bacteria;p__Bacillota;c__Clostridia;o__Eubacteriales;f__Clostridiaceae;g__Clostridium_s__Clostridium_bornimense",NA,NA
"X1216932","PFNA",0.000240627452084205,0.000691204604259216,-0.00116909363251357,0.00165034853668198,0.730097314672152,40,0.000372567204528228,0.00107020277584861,0.970618145982937,"Clostridium bornimense","Species","Clostridium bornimense","d__Bacteria;p__Bacillota;c__Clostridia;o__Eubacteriales;f__Clostridiaceae;g__Clostridium_s__Clostridium_bornimense",NA,NA
"X1259973","PFNA",0.000842238946561158,0.00114839919888419,-0.001499936661394,0.00318441455451632,0.468823318888156,40,0.00130405158325527,0.00177808423562999,0.970618145982937,"Klebsiella electrica","Species","Klebsiella electrica","d__Bacteria;p__Pseudomonadota;c__Gammaproteobacteria;o__Enterobacterales;f__Enterobacteriaceae;g__Klebsiella_s__Klebsiella_electrica",NA,NA
"X1259973","PFBS",-0.000364318732749566,0.00125883303680048,-0.00293172563807217,0.00220308817257304,0.774194539830468,40,-0.000361761871423363,0.00124999829617748,0.980227309245162,"Klebsiella electrica","Species","Klebsiella electrica","d__Bacteria;p__Pseudomonadota;c__Gammaproteobacteria;o__Enterobacterales;f__Enterobacteriaceae;g__Klebsiella_s__Klebsiella_electrica",NA,NA
"X1259973","PFHxS",-0.000842821861969844,0.00190048937108579,-0.00471889548903276,0.00303325176509307,0.660501149771183,40,-0.000837218519626929,0.00188785432559661,0.97745216390902,"Klebsiella electrica","Species","Klebsiella electrica","d__Bacteria;p__Pseudomonadota;c__Gammaproteobacteria;o__Enterobacterales;f__Enterobacteriaceae;g__Klebsiella_s__Klebsiella_electrica",NA,NA
"X1259973","PFOA",-0.000370203843360015,0.001420466362061,-0.00326726408893722,0.00252685640221719,0.796108012562352,40,-0.00031799635701762,0.00122014705277438,0.956257054309826,"Klebsiella electrica","Species","Klebsiella electrica","d__Bacteria;p__Pseudomonadota;c__Gammaproteobacteria;o__Enterobacterales;f__Enterobacteriaceae;g__Klebsiella_s__Klebsiella_electrica",NA,NA
"X1259973","PFOS",0.000861852295601465,0.001694225856796,-0.00259354412056646,0.00431724871176939,0.614564236835949,40,0.000773516725416186,0.00152057613996341,0.958535271680885,"Klebsiella electrica","Species","Klebsiella electrica","d__Bacteria;p__Pseudomonadota;c__Gammaproteobacteria;o__Enterobacterales;f__Enterobacteriaceae;g__Klebsiella_s__Klebsiella_electrica",NA,NA
"X1302","PFNA",-0.000500359135431307,0.0012458505467541,-0.00304128807773662,0.002040569806874,0.690718752198342,40,-0.000774713785701258,0.00192896966428299,0.970618145982937,"Streptococcus gordonii","Species","Streptococcus gordonii","d__Bacteria;p__Bacillota;c__Bacilli;o__Lactobacillales;f__Streptococcaceae;g__Streptococcus_s__Streptococcus_gordonii",NA,NA
"X1302","PFOA",0.00109617109669872,0.00152076326009783,-0.00200544602105644,0.00419778821445387,0.476431479814851,40,0.000941585079869677,0.00130629971911734,0.883140624537261,"Streptococcus gordonii","Species","Streptococcus gordonii","d__Bacteria;p__Bacillota;c__Bacilli;o__Lactobacillales;f__Streptococcaceae;g__Streptococcus_s__Streptococcus_gordonii",NA,NA
"X1302","PFBS",0.00234188257519584,0.0012925974726748,-0.000294387351102439,0.00497815250149411,0.07972078311167,40,0.00232544677750343,0.00128352576652539,0.918613929073021,"Streptococcus gordonii","Species","Streptococcus gordonii","d__Bacteria;p__Bacillota;c__Bacilli;o__Lactobacillales;f__Streptococcaceae;g__Streptococcus_s__Streptococcus_gordonii",NA,NA
"X1302","PFOS",0.000719835460292728,0.00183003737284389,-0.00301255036903034,0.00445222128961579,0.696757191451916,40,0.00064605590879758,0.00164246765165667,0.958535271680885,"Streptococcus gordonii","Species","Streptococcus gordonii","d__Bacteria;p__Bacillota;c__Bacilli;o__Lactobacillales;f__Streptococcaceae;g__Streptococcus_s__Streptococcus_gordonii",NA,NA
"X1302","PFHxS",0.000574953737193124,0.00205331129187411,-0.00361280225222171,0.00476270972660796,0.78132762615957,40,0.000571131265605473,0.00203966023863962,0.97745216390902,"Streptococcus gordonii","Species","Streptococcus gordonii","d__Bacteria;p__Bacillota;c__Bacilli;o__Lactobacillales;f__Streptococcaceae;g__Streptococcus_s__Streptococcus_gordonii",NA,NA
"X1303","PFBS",0.00169019911144682,0.00153977715321284,-0.00145019709698475,0.0048305953198784,0.280792872595488,40,0.00167833695791707,0.00152897069090356,0.918613929073021,"Streptococcus oralis","Species","Streptococcus oralis","d__Bacteria;p__Bacillota;c__Bacilli;o__Lactobacillales;f__Streptococcaceae;g__Streptococcus_s__Streptococcus_oralis",NA,NA
"X1303","PFHxS",0.00311121518493054,0.00230697362233836,-0.00159388853831037,0.00781631890817146,0.187231826818173,40,0.0030905308569957,0.0022916361428954,0.97745216390902,"Streptococcus oralis","Species","Streptococcus oralis","d__Bacteria;p__Bacillota;c__Bacilli;o__Lactobacillales;f__Streptococcaceae;g__Streptococcus_s__Streptococcus_oralis",NA,NA
"X1303","PFNA",-0.000499714912549413,0.00143936102224973,-0.00343531107164663,0.0024358812465478,0.730803367827061,40,-0.000773716325452556,0.00222858492545903,0.970618145982937,"Streptococcus oralis","Species","Streptococcus oralis","d__Bacteria;p__Bacillota;c__Bacilli;o__Lactobacillales;f__Streptococcaceae;g__Streptococcus_s__Streptococcus_oralis",NA,NA
"X1303","PFOS",0.00355437843634274,0.0020196790158034,-0.00056478407379296,0.00767354094647844,0.0882953239158554,40,0.00319007233954285,0.00181267197020781,0.606035217548811,"Streptococcus oralis","Species","Streptococcus oralis","d__Bacteria;p__Bacillota;c__Bacilli;o__Lactobacillales;f__Streptococcaceae;g__Streptococcus_s__Streptococcus_oralis",NA,NA
"X1303","PFOA",0.00212057606538128,0.00172902578537711,-0.00140579527306145,0.00564694740382402,0.229261185599982,40,0.00182152475093088,0.0014851923090511,0.883140624537261,"Streptococcus oralis","Species","Streptococcus oralis","d__Bacteria;p__Bacillota;c__Bacilli;o__Lactobacillales;f__Streptococcaceae;g__Streptococcus_s__Streptococcus_oralis",NA,NA
"X1304","PFHxS",-0.00347349123296929,0.00310624962813135,-0.00980872911740703,0.00286174665146844,0.272061127875862,40,-0.00345039838098993,0.00308559831276527,0.97745216390902,"Streptococcus salivarius","Species","Streptococcus salivarius","d__Bacteria;p__Bacillota;c__Bacilli;o__Lactobacillales;f__Streptococcaceae;g__Streptococcus_s__Streptococcus_salivarius",NA,NA
"X1304","PFOA",-0.00192172158668999,0.00233780557392209,-0.00668970748976456,0.00284626431638458,0.417343734199447,40,-0.00165071345079272,0.00200811976768096,0.883140624537261,"Streptococcus salivarius","Species","Streptococcus salivarius","d__Bacteria;p__Bacillota;c__Bacilli;o__Lactobacillales;f__Streptococcaceae;g__Streptococcus_s__Streptococcus_salivarius",NA,NA
"X1304","PFNA",0.00305796489731489,0.00184490361177166,-0.000704740826198713,0.00682067062082849,0.107501850689407,40,0.0047346943312992,0.00285649278712084,0.970618145982937,"Streptococcus salivarius","Species","Streptococcus salivarius","d__Bacteria;p__Bacillota;c__Bacilli;o__Lactobacillales;f__Streptococcaceae;g__Streptococcus_s__Streptococcus_salivarius",NA,NA
"X1304","PFBS",-0.0018503452421405,0.00206825100628911,-0.00606857097999004,0.00236788049570903,0.377872159378007,40,-0.00183735915121389,0.00205373560937017,0.918613929073021,"Streptococcus salivarius","Species","Streptococcus salivarius","d__Bacteria;p__Bacillota;c__Bacilli;o__Lactobacillales;f__Streptococcaceae;g__Streptococcus_s__Streptococcus_salivarius",NA,NA
"X1304","PFOS",-0.00499166996900754,0.00268131625714744,-0.010460250529501,0.000476910591485955,0.0721575277242717,40,-0.00448004864463514,0.00240649468780083,0.541453455824783,"Streptococcus salivarius","Species","Streptococcus salivarius","d__Bacteria;p__Bacillota;c__Bacilli;o__Lactobacillales;f__Streptococcaceae;g__Streptococcus_s__Streptococcus_salivarius",NA,NA
"X1307","PFNA",0.000991970933751009,0.00155076924324815,-0.00217084379011158,0.00415478565761359,0.527090545947935,40,0.00153588393410549,0.00240107999657136,0.970618145982937,"Streptococcus suis","Species","Streptococcus suis","d__Bacteria;p__Bacillota;c__Bacilli;o__Lactobacillales;f__Streptococcaceae;g__Streptococcus_s__Streptococcus_suis",NA,NA
"X1307","PFHxS",-0.00535065054099061,0.00238274491170341,-0.0102102908277423,-0.000491010254238893,0.0320020699852971,40,-0.00531507774905045,0.00236690368112011,0.97745216390902,"Streptococcus suis","Species","Streptococcus suis","d__Bacteria;p__Bacillota;c__Bacilli;o__Lactobacillales;f__Streptococcaceae;g__Streptococcus_s__Streptococcus_suis",NA,NA
"X1307","PFOA",0.00207776690528198,0.00187965320370257,-0.0017558110782315,0.00591134488879547,0.2774922097216,40,0.00178475269358267,0.00161457770348603,0.883140624537261,"Streptococcus suis","Species","Streptococcus suis","d__Bacteria;p__Bacillota;c__Bacilli;o__Lactobacillales;f__Streptococcaceae;g__Streptococcus_s__Streptococcus_suis",NA,NA
"X1307","PFOS",-0.0012581241690774,0.00228151344657653,-0.00591130152150444,0.00339505318334964,0.585283455646515,40,-0.00112917270441631,0.00204766967518172,0.958535271680885,"Streptococcus suis","Species","Streptococcus suis","d__Bacteria;p__Bacillota;c__Bacilli;o__Lactobacillales;f__Streptococcaceae;g__Streptococcus_s__Streptococcus_suis",NA,NA
"X1307","PFBS",-0.000452547474682653,0.00169676859093982,-0.0039131298313275,0.00300803488196219,0.79145759837867,40,-0.000449371406497648,0.00168486033149637,0.980227309245162,"Streptococcus suis","Species","Streptococcus suis","d__Bacteria;p__Bacillota;c__Bacilli;o__Lactobacillales;f__Streptococcaceae;g__Streptococcus_s__Streptococcus_suis",NA,NA
"X1310","PFOS",-0.00422977714894917,0.00212381495021633,-0.0085613262975731,0.000101771999674759,0.0552889684328493,40,-0.00379624604609548,0.00190613448970952,0.541453455824783,"Streptococcus sobrinus","Species","Streptococcus sobrinus","d__Bacteria;p__Bacillota;c__Bacilli;o__Lactobacillales;f__Streptococcaceae;g__Streptococcus_s__Streptococcus_sobrinus",NA,NA
"X1310","PFNA",-0.00216268213581399,0.00148579057677875,-0.00519297199568332,0.00086760772405534,0.155562825756185,40,-0.0033485141892347,0.00230047252260781,0.970618145982937,"Streptococcus sobrinus","Species","Streptococcus sobrinus","d__Bacteria;p__Bacillota;c__Bacilli;o__Lactobacillales;f__Streptococcaceae;g__Streptococcus_s__Streptococcus_sobrinus",NA,NA
"X1310","PFHxS",-0.00148637089634994,0.0025135533881706,-0.00661279682975913,0.00364005503705924,0.558578731219987,40,-0.00147648903951091,0.00249684250207873,0.97745216390902,"Streptococcus sobrinus","Species","Streptococcus sobrinus","d__Bacteria;p__Bacillota;c__Bacilli;o__Lactobacillales;f__Streptococcaceae;g__Streptococcus_s__Streptococcus_sobrinus",NA,NA
"X1310","PFOA",-0.00012015348646293,0.00188522376985241,-0.00396509271454304,0.00372478574161718,0.949590968493324,40,-0.000103209006776898,0.00161936268822875,0.983640729421048,"Streptococcus sobrinus","Species","Streptococcus sobrinus","d__Bacteria;p__Bacillota;c__Bacilli;o__Lactobacillales;f__Streptococcaceae;g__Streptococcus_s__Streptococcus_sobrinus",NA,NA
"X1310","PFBS",0.00173232560614975,0.00164202402340445,-0.00161660446888957,0.00508125568118906,0.299581340928152,40,0.00172016780050158,0.00163049997222418,0.918613929073021,"Streptococcus sobrinus","Species","Streptococcus sobrinus","d__Bacteria;p__Bacillota;c__Bacilli;o__Lactobacillales;f__Streptococcaceae;g__Streptococcus_s__Streptococcus_sobrinus",NA,NA
"X1314","PFNA",-0.000227982836122019,0.00155616332901511,-0.00340179887043734,0.0029458331981933,0.884472787158546,40,-0.000352989350128987,0.00240943174296511,0.970618145982937,"Streptococcus pyogenes","Species","Streptococcus pyogenes","d__Bacteria;p__Bacillota;c__Bacilli;o__Lactobacillales;f__Streptococcaceae;g__Streptococcus_s__Streptococcus_pyogenes",NA,NA
"X1314","PFHxS",0.000500796306942107,0.00256063781039669,-0.004721658938713,0.00572325155259721,0.846219270144388,40,0.00049746685705657,0.00254361389239541,0.999201481369411,"Streptococcus pyogenes","Species","Streptococcus pyogenes","d__Bacteria;p__Bacillota;c__Bacilli;o__Lactobacillales;f__Streptococcaceae;g__Streptococcus_s__Streptococcus_pyogenes",NA,NA
"X1314","PFOA",-0.00214552890978867,0.00187184663631738,-0.00596318529414985,0.00167212747457252,0.260479313095669,40,-0.00184295865487623,0.00160787204649778,0.883140624537261,"Streptococcus pyogenes","Species","Streptococcus pyogenes","d__Bacteria;p__Bacillota;c__Bacilli;o__Lactobacillales;f__Streptococcaceae;g__Streptococcus_s__Streptococcus_pyogenes",NA,NA
"X1314","PFOS",-0.000548441852833881,0.00228428462877908,-0.00520727106862545,0.00411038736295768,0.811838389824557,40,-0.000492229292943046,0.00205015682500286,0.958535271680885,"Streptococcus pyogenes","Species","Streptococcus pyogenes","d__Bacteria;p__Bacillota;c__Bacilli;o__Lactobacillales;f__Streptococcaceae;g__Streptococcus_s__Streptococcus_pyogenes",NA,NA
"X1314","PFBS",-7.26116094347514e-06,0.00169406904926401,-0.00346233776604141,0.00344781544415446,0.996607562340634,40,-7.21020067179327e-06,0.00168217973574096,0.996607562340634,"Streptococcus pyogenes","Species","Streptococcus pyogenes","d__Bacteria;p__Bacillota;c__Bacilli;o__Lactobacillales;f__Streptococcaceae;g__Streptococcus_s__Streptococcus_pyogenes",NA,NA
"X1316411","PFBS",0.000369683389334477,0.00217023749157976,-0.00405654515661606,0.00479591193528501,0.865847780642618,40,0.000367088877781378,0.00215500633322285,0.980227309245162,"Streptococcus sp. HSISS2","Species","Streptococcus sp. HSISS2","d__Bacteria;p__Bacillota;c__Bacilli;o__Lactobacillales;f__Streptococcaceae;g__Streptococcus_s__Streptococcus_sp._HSISS2",NA,NA
"X1316411","PFHxS",-0.000318474769573138,0.00328344095447289,-0.00701509674666925,0.00637814720752297,0.92335537532332,40,-0.000316357450075364,0.00326161161596041,0.999201481369411,"Streptococcus sp. HSISS2","Species","Streptococcus sp. HSISS2","d__Bacteria;p__Bacillota;c__Bacilli;o__Lactobacillales;f__Streptococcaceae;g__Streptococcus_s__Streptococcus_sp._HSISS2",NA,NA
"X1316411","PFNA",-0.000306676965665493,0.00199443135987816,-0.00437434654205168,0.0037609926107207,0.87879040457325,40,-0.000474832687632035,0.00308800891144046,0.970618145982937,"Streptococcus sp. HSISS2","Species","Streptococcus sp. HSISS2","d__Bacteria;p__Bacillota;c__Bacilli;o__Lactobacillales;f__Streptococcaceae;g__Streptococcus_s__Streptococcus_sp._HSISS2",NA,NA
"X1316411","PFOA",0.000341928115427206,0.00244864626492946,-0.00465211886736478,0.00533597509821919,0.889848008847937,40,0.000293708174612365,0.00210332930313514,0.972827605142579,"Streptococcus sp. HSISS2","Species","Streptococcus sp. HSISS2","d__Bacteria;p__Bacillota;c__Bacilli;o__Lactobacillales;f__Streptococcaceae;g__Streptococcus_s__Streptococcus_sp._HSISS2",NA,NA
"X1316411","PFOS",0.00318330690760586,0.00287412465907109,-0.00267850898118913,0.00904512279640085,0.276565779758872,40,0.00285703379538788,0.00257954118828573,0.884294028876767,"Streptococcus sp. HSISS2","Species","Streptococcus sp. HSISS2","d__Bacteria;p__Bacillota;c__Bacilli;o__Lactobacillales;f__Streptococcaceae;g__Streptococcus_s__Streptococcus_sp._HSISS2",NA,NA
"X1316412","PFOA",0.00130286892557706,0.00110352907496151,-0.000947793461296324,0.00355353131245044,0.246726131293711,40,0.00111913363255405,0.000947905409397716,0.883140624537261,"Streptococcus sp. HSISS3","Species","Streptococcus sp. HSISS3","d__Bacteria;p__Bacillota;c__Bacilli;o__Lactobacillales;f__Streptococcaceae;g__Streptococcus_s__Streptococcus_sp._HSISS3",NA,NA
"X1316412","PFNA",-0.000330157939027364,0.000916960121303028,-0.00220031043623417,0.00153999455817944,0.721246052686897,40,-0.000511188641739768,0.00141974353341107,0.970618145982937,"Streptococcus sp. HSISS3","Species","Streptococcus sp. HSISS3","d__Bacteria;p__Bacillota;c__Bacilli;o__Lactobacillales;f__Streptococcaceae;g__Streptococcus_s__Streptococcus_sp._HSISS3",NA,NA
"X1316412","PFBS",2.73959490501226e-05,0.000999947428647599,-0.00201201027736617,0.00206680217546641,0.97831839668156,40,2.72036788308774e-05,0.000992929598712669,0.98535665852819,"Streptococcus sp. HSISS3","Species","Streptococcus sp. HSISS3","d__Bacteria;p__Bacillota;c__Bacilli;o__Lactobacillales;f__Streptococcaceae;g__Streptococcus_s__Streptococcus_sp._HSISS3",NA,NA
"X1316412","PFHxS",-0.000844565292289653,0.00150477539756632,-0.00391357494943267,0.00222444436485336,0.578657590486464,40,-0.000838950359078758,0.00149477118186877,0.97745216390902,"Streptococcus sp. HSISS3","Species","Streptococcus sp. HSISS3","d__Bacteria;p__Bacillota;c__Bacilli;o__Lactobacillales;f__Streptococcaceae;g__Streptococcus_s__Streptococcus_sp._HSISS3",NA,NA
"X1316412","PFOS",-0.00033668797343865,0.00134824379362685,-0.00308644931956111,0.00241307337268381,0.80444870620385,40,-0.000302179132120924,0.00121005551604539,0.958535271680885,"Streptococcus sp. HSISS3","Species","Streptococcus sp. HSISS3","d__Bacteria;p__Bacillota;c__Bacilli;o__Lactobacillales;f__Streptococcaceae;g__Streptococcus_s__Streptococcus_sp._HSISS3",NA,NA
"X1322","PFHxS",-0.00105022901557836,0.00199637064885468,-0.0051218537979086,0.00302139576675188,0.602583765268208,40,-0.0010432467658548,0.00198309815475642,0.97745216390902,"Blautia hansenii","Species","Blautia hansenii","d__Bacteria;p__Bacillota;c__Clostridia;o__Lachnospirales;f__Lachnospiraceae;g__Blautia_s__Blautia_hansenii",NA,NA
"X1322","PFNA",0.00190120107341151,0.00116948706965752,-0.000483983530541743,0.00428638567736476,0.114144498565848,40,0.00294365901742217,0.0018107349119989,0.970618145982937,"Blautia hansenii","Species","Blautia hansenii","d__Bacteria;p__Bacillota;c__Clostridia;o__Lachnospirales;f__Lachnospiraceae;g__Blautia_s__Blautia_hansenii",NA,NA
"X1322","PFBS",-0.000433567275607714,0.00132353693889263,-0.00313293865928158,0.00226580410806615,0.745429583309134,40,-0.000430524414234811,0.00131424809341572,0.980227309245162,"Blautia hansenii","Species","Blautia hansenii","d__Bacteria;p__Bacillota;c__Clostridia;o__Lachnospirales;f__Lachnospiraceae;g__Blautia_s__Blautia_hansenii",NA,NA
"X1322","PFOS",1.64192153939625e-05,0.00178940338022121,-0.00363309303959438,0.0036659314703823,0.992737667159205,40,1.47363275473758e-05,0.00160599844101061,0.996736503389918,"Blautia hansenii","Species","Blautia hansenii","d__Bacteria;p__Bacillota;c__Clostridia;o__Lachnospirales;f__Lachnospiraceae;g__Blautia_s__Blautia_hansenii",NA,NA
"X1322","PFOA",0.000986537025722096,0.00148514736352908,-0.00204244099207564,0.00401551504351984,0.511429359445931,40,0.000847412002520847,0.00127570650523284,0.910312787196285,"Blautia hansenii","Species","Blautia hansenii","d__Bacteria;p__Bacillota;c__Clostridia;o__Lachnospirales;f__Lachnospiraceae;g__Blautia_s__Blautia_hansenii",NA,NA
"X1328","PFHxS",-0.00211158585447832,0.00194510271014451,-0.00607864898644014,0.00185547727748351,0.286030158210362,40,-0.00209754737379458,0.00193217106127675,0.97745216390902,"Streptococcus anginosus","Species","Streptococcus anginosus","d__Bacteria;p__Bacillota;c__Bacilli;o__Lactobacillales;f__Streptococcaceae;g__Streptococcus_s__Streptococcus_anginosus",NA,NA
"X1328","PFBS",0.000117193827959101,0.0013100983989337,-0.00255476947276858,0.00278915712868678,0.929296388073,40,0.000116371338365671,0.00130090386780302,0.980227309245162,"Streptococcus anginosus","Species","Streptococcus anginosus","d__Bacteria;p__Bacillota;c__Bacilli;o__Lactobacillales;f__Streptococcaceae;g__Streptococcus_s__Streptococcus_anginosus",NA,NA
"X1328","PFNA",0.000149013630095744,0.00120372387023686,-0.00230599738900067,0.00260402464919215,0.902277683317602,40,0.000230720107454518,0.00186374427968888,0.970618145982937,"Streptococcus anginosus","Species","Streptococcus anginosus","d__Bacteria;p__Bacillota;c__Bacilli;o__Lactobacillales;f__Streptococcaceae;g__Streptococcus_s__Streptococcus_anginosus",NA,NA
"X1328","PFOA",-0.000545268381277464,0.00147488047682742,-0.00355330694559454,0.00246277018303961,0.714117141859874,40,-0.000468372659963195,0.00126688749206591,0.950693053391399,"Streptococcus anginosus","Species","Streptococcus anginosus","d__Bacteria;p__Bacillota;c__Bacilli;o__Lactobacillales;f__Streptococcaceae;g__Streptococcus_s__Streptococcus_anginosus",NA,NA
"X1328","PFOS",-0.00127123321749155,0.00175360630027929,-0.00484773684659662,0.00230527041161352,0.473934702868598,40,-0.00114093814062201,0.00157387038357263,0.958535271680885,"Streptococcus anginosus","Species","Streptococcus anginosus","d__Bacteria;p__Bacillota;c__Bacilli;o__Lactobacillales;f__Streptococcaceae;g__Streptococcus_s__Streptococcus_anginosus",NA,NA
"X1329812","PFBS",6.82189177304973e-05,0.00123165706259075,-0.00244376222277245,0.00258020005823344,0.956184865142752,40,6.77401437977266e-05,0.00122301304835982,0.980227309245162,"Enterobacter sp. MGH 3","Species","Enterobacter sp. MGH 3","d__Bacteria;p__Pseudomonadota;c__Gammaproteobacteria;o__Enterobacterales;f__Enterobacteriaceae;g__Enterobacter_s__Enterobacter_sp._MGH_3",NA,NA
"X1329812","PFHxS",-0.00117588984826984,0.00185091743826924,-0.00495086085178954,0.00259908115524986,0.5298940080757,40,-0.00116807216617743,0.00183861196243493,0.97745216390902,"Enterobacter sp. MGH 3","Species","Enterobacter sp. MGH 3","d__Bacteria;p__Pseudomonadota;c__Gammaproteobacteria;o__Enterobacterales;f__Enterobacteriaceae;g__Enterobacter_s__Enterobacter_sp._MGH_3",NA,NA
"X1329812","PFNA",-0.000625296747638638,0.00112625568442776,-0.00292231036010943,0.00167171686483216,0.582742661114809,40,-0.000968156622407305,0.0017437990898247,0.970618145982937,"Enterobacter sp. MGH 3","Species","Enterobacter sp. MGH 3","d__Bacteria;p__Pseudomonadota;c__Gammaproteobacteria;o__Enterobacterales;f__Enterobacteriaceae;g__Enterobacter_s__Enterobacter_sp._MGH_3",NA,NA
"X1329812","PFOA",0.00141110830168513,0.00136620672713129,-0.00137528868885636,0.00419750529222662,0.309657681849688,40,0.00121210869995429,0.00117353930801368,0.883140624537261,"Enterobacter sp. MGH 3","Species","Enterobacter sp. MGH 3","d__Bacteria;p__Pseudomonadota;c__Gammaproteobacteria;o__Enterobacterales;f__Enterobacteriaceae;g__Enterobacter_s__Enterobacter_sp._MGH_3",NA,NA
"X1329812","PFOS",-0.00147518450888034,0.001641143274299,-0.00482231828427617,0.00187194926651549,0.375647868177223,40,-0.00132398543986876,0.00147293425793876,0.932107577314383,"Enterobacter sp. MGH 3","Species","Enterobacter sp. MGH 3","d__Bacteria;p__Pseudomonadota;c__Gammaproteobacteria;o__Enterobacterales;f__Enterobacteriaceae;g__Enterobacter_s__Enterobacter_sp._MGH_3",NA,NA
"X1334","PFBS",-0.00129218992882291,0.0013857645984282,-0.00411847546085735,0.00153409560321154,0.358297594295322,40,-0.0012831210828973,0.00137603902686014,0.918613929073021,"Streptococcus dysgalactiae","Species","Streptococcus dysgalactiae","d__Bacteria;p__Bacillota;c__Bacilli;o__Lactobacillales;f__Streptococcaceae;g__Streptococcus_s__Streptococcus_dysgalactiae",NA,NA
"X1334","PFHxS",-0.00188811672279893,0.00209787604942692,-0.0061667631344781,0.00239052968888025,0.375051766518453,40,-0.0018755639345306,0.00208392871579883,0.97745216390902,"Streptococcus dysgalactiae","Species","Streptococcus dysgalactiae","d__Bacteria;p__Bacillota;c__Bacilli;o__Lactobacillales;f__Streptococcaceae;g__Streptococcus_s__Streptococcus_dysgalactiae",NA,NA
"X1334","PFOA",-0.000515880966694026,0.00158235971488258,-0.00374312488223303,0.00271136294884498,0.74659987904233,40,-0.00044312956498373,0.0013592096188336,0.950693053391399,"Streptococcus dysgalactiae","Species","Streptococcus dysgalactiae","d__Bacteria;p__Bacillota;c__Bacilli;o__Lactobacillales;f__Streptococcaceae;g__Streptococcus_s__Streptococcus_dysgalactiae",NA,NA
"X1334","PFOS",-0.000661171703084757,0.00189262912594145,-0.00452121425448382,0.00319887084831431,0.729195801416452,40,-0.00059340489468796,0.0016986440616299,0.958535271680885,"Streptococcus dysgalactiae","Species","Streptococcus dysgalactiae","d__Bacteria;p__Bacillota;c__Bacilli;o__Lactobacillales;f__Streptococcaceae;g__Streptococcus_s__Streptococcus_dysgalactiae",NA,NA
"X1334","PFNA",0.000486090115430671,0.00128817658239899,-0.00214116334570504,0.00311334357656638,0.708486556615998,40,0.00075262084141353,0.00199450371969682,0.970618145982937,"Streptococcus dysgalactiae","Species","Streptococcus dysgalactiae","d__Bacteria;p__Bacillota;c__Bacilli;o__Lactobacillales;f__Streptococcaceae;g__Streptococcus_s__Streptococcus_dysgalactiae",NA,NA
"X1338","PFHxS",0.00141059764899682,0.001857535075096,-0.00237787011381443,0.00519906541180807,0.45335422600069,40,0.00140121955631545,0.00184518560315016,0.97745216390902,"Streptococcus intermedius","Species","Streptococcus intermedius","d__Bacteria;p__Bacillota;c__Bacilli;o__Lactobacillales;f__Streptococcaceae;g__Streptococcus_s__Streptococcus_intermedius",NA,NA
"X1338","PFBS",0.00117724843659707,0.00122135628781289,-0.00131372413523813,0.00366822100843227,0.342562301076109,40,0.00116898627292476,0.00121278456646808,0.918613929073021,"Streptococcus intermedius","Species","Streptococcus intermedius","d__Bacteria;p__Bacillota;c__Bacilli;o__Lactobacillales;f__Streptococcaceae;g__Streptococcus_s__Streptococcus_intermedius",NA,NA
"X1338","PFOS",-0.000360613125217049,0.00167167318624476,-0.00377001306654357,0.00304878681610948,0.830619215885459,40,-0.000323652074936255,0.00150033500588137,0.958535271680885,"Streptococcus intermedius","Species","Streptococcus intermedius","d__Bacteria;p__Bacillota;c__Bacilli;o__Lactobacillales;f__Streptococcaceae;g__Streptococcus_s__Streptococcus_intermedius",NA,NA
"X1338","PFNA",0.000794775550503761,0.00113003351842787,-0.00150994300520852,0.00309949410621604,0.487105223830097,40,0.00123056327328334,0.00174964836861813,0.970618145982937,"Streptococcus intermedius","Species","Streptococcus intermedius","d__Bacteria;p__Bacillota;c__Bacilli;o__Lactobacillales;f__Streptococcaceae;g__Streptococcus_s__Streptococcus_intermedius",NA,NA
"X1338","PFOA",-0.000469837058267994,0.00139577245643828,-0.00331653375128362,0.00237685963474763,0.7386758135469,40,-0.000403578935229483,0.00119893557112878,0.950693053391399,"Streptococcus intermedius","Species","Streptococcus intermedius","d__Bacteria;p__Bacillota;c__Bacilli;o__Lactobacillales;f__Streptococcaceae;g__Streptococcus_s__Streptococcus_intermedius",NA,NA
"X1340","PFBS",0.000296565894808448,0.00242882122084402,-0.00465704764399587,0.00525017943361277,0.90360571532556,40,0.000294484536374354,0.00241177527044512,0.980227309245162,"Streptococcus porcinus","Species","Streptococcus porcinus","d__Bacteria;p__Bacillota;c__Bacilli;o__Lactobacillales;f__Streptococcaceae;g__Streptococcus_s__Streptococcus_porcinus",NA,NA
"X1340","PFOA",-3.18636505780135e-05,0.00274063491466066,-0.00562142541069191,0.00555769810953588,0.990798205324975,40,-2.73701232086805e-05,0.00235414065631366,0.990798205324975,"Streptococcus porcinus","Species","Streptococcus porcinus","d__Bacteria;p__Bacillota;c__Bacilli;o__Lactobacillales;f__Streptococcaceae;g__Streptococcus_s__Streptococcus_porcinus",NA,NA
"X1340","PFHxS",0.00269287017118177,0.00364241442832861,-0.00473588303274272,0.0101216233751063,0.465281056141169,40,0.00267496713124533,0.00361819852231379,0.97745216390902,"Streptococcus porcinus","Species","Streptococcus porcinus","d__Bacteria;p__Bacillota;c__Bacilli;o__Lactobacillales;f__Streptococcaceae;g__Streptococcus_s__Streptococcus_porcinus",NA,NA
"X1340","PFOS",-0.00308349358894179,0.00323174713673451,-0.00967468532966492,0.00350769815178134,0.347401225630159,40,-0.00276745084503782,0.0029005091421558,0.884294028876767,"Streptococcus porcinus","Species","Streptococcus porcinus","d__Bacteria;p__Bacillota;c__Bacilli;o__Lactobacillales;f__Streptococcaceae;g__Streptococcus_s__Streptococcus_porcinus",NA,NA
"X1340","PFNA",-0.000895537840051469,0.00222660933594761,-0.0054367375205884,0.00364566184048546,0.690298148230511,40,-0.00138657508412825,0.00344749366161329,0.970618145982937,"Streptococcus porcinus","Species","Streptococcus porcinus","d__Bacteria;p__Bacillota;c__Bacilli;o__Lactobacillales;f__Streptococcaceae;g__Streptococcus_s__Streptococcus_porcinus",NA,NA
"X1343","PFOS",0.000758865451575185,0.00181160386009921,-0.00293592498064078,0.00445365588379115,0.678183708102194,40,0.000681085520256419,0.00162592348221028,0.958535271680885,"Streptococcus vestibularis","Species","Streptococcus vestibularis","d__Bacteria;p__Bacillota;c__Bacilli;o__Lactobacillales;f__Streptococcaceae;g__Streptococcus_s__Streptococcus_vestibularis",NA,NA
"X1343","PFBS",-0.00104828788860498,0.00133283392749569,-0.00376662060554579,0.00167004482833582,0.437539934247486,40,-0.00104093079570758,0.00132347983390367,0.918613929073021,"Streptococcus vestibularis","Species","Streptococcus vestibularis","d__Bacteria;p__Bacillota;c__Bacilli;o__Lactobacillales;f__Streptococcaceae;g__Streptococcus_s__Streptococcus_vestibularis",NA,NA
"X1343","PFHxS",-0.00232731515777131,0.00199250243845443,-0.00639105067297675,0.00173642035743412,0.251697136381112,40,-0.00231184244146283,0.00197925566142416,0.97745216390902,"Streptococcus vestibularis","Species","Streptococcus vestibularis","d__Bacteria;p__Bacillota;c__Bacilli;o__Lactobacillales;f__Streptococcaceae;g__Streptococcus_s__Streptococcus_vestibularis",NA,NA
"X1343","PFOA",0.00301531791449087,0.00141865730636279,0.000121947262335459,0.00590868856664628,0.04161944642965,40,0.00259008686499668,0.00121859311666055,0.832388928593,"Streptococcus vestibularis","Species","Streptococcus vestibularis","d__Bacteria;p__Bacillota;c__Bacilli;o__Lactobacillales;f__Streptococcaceae;g__Streptococcus_s__Streptococcus_vestibularis",NA,NA
"X1343","PFNA",-0.0012357661240574,0.00121684141858116,-0.00371753055938575,0.00124599831127095,0.317703672879419,40,-0.00191335579670118,0.00188405438260759,0.970618145982937,"Streptococcus vestibularis","Species","Streptococcus vestibularis","d__Bacteria;p__Bacillota;c__Bacilli;o__Lactobacillales;f__Streptococcaceae;g__Streptococcus_s__Streptococcus_vestibularis",NA,NA
"X1345","PFNA",0.00211518059516471,0.00194885337947781,-0.00185953207733537,0.00608989326766479,0.286136799111893,40,0.00327496681940138,0.00301743981968172,0.970618145982937,"Streptococcus ferus","Species","Streptococcus ferus","d__Bacteria;p__Bacillota;c__Bacilli;o__Lactobacillales;f__Streptococcaceae;g__Streptococcus_s__Streptococcus_ferus",NA,NA
"X1345","PFHxS",0.00460724349214685,0.00316154886184608,-0.00184077792302749,0.0110552649073212,0.155096878033616,40,0.00457661310189649,0.00314052989994424,0.97745216390902,"Streptococcus ferus","Species","Streptococcus ferus","d__Bacteria;p__Bacillota;c__Bacilli;o__Lactobacillales;f__Streptococcaceae;g__Streptococcus_s__Streptococcus_ferus",NA,NA
"X1345","PFOS",0.000946975115536403,0.00291129336809296,-0.00499064685509387,0.00688459708616667,0.747157127731663,40,0.000849914880030735,0.00261290028965062,0.958535271680885,"Streptococcus ferus","Species","Streptococcus ferus","d__Bacteria;p__Bacillota;c__Bacilli;o__Lactobacillales;f__Streptococcaceae;g__Streptococcus_s__Streptococcus_ferus",NA,NA
"X1345","PFBS",-0.000321379854015797,0.00215997355856314,-0.00472667497056603,0.00408391526253444,0.882683991452991,40,-0.00031912434628071,0.00214481443452955,0.980227309245162,"Streptococcus ferus","Species","Streptococcus ferus","d__Bacteria;p__Bacillota;c__Bacilli;o__Lactobacillales;f__Streptococcaceae;g__Streptococcus_s__Streptococcus_ferus",NA,NA
"X1345","PFOA",-0.00560897252895839,0.00221965089441542,-0.0101359803744245,-0.00108196468349232,0.0168227186913565,40,-0.00481797491520403,0.00190662768886651,0.595763070695396,"Streptococcus ferus","Species","Streptococcus ferus","d__Bacteria;p__Bacillota;c__Bacilli;o__Lactobacillales;f__Streptococcaceae;g__Streptococcus_s__Streptococcus_ferus",NA,NA
"X1346","PFNA",0.000378090735306605,0.00236038773512993,-0.00443595178920006,0.00519213325981327,0.873777224203438,40,0.000585403731332823,0.00365462482548473,0.970618145982937,"Streptococcus iniae","Species","Streptococcus iniae","d__Bacteria;p__Bacillota;c__Bacilli;o__Lactobacillales;f__Streptococcaceae;g__Streptococcus_s__Streptococcus_iniae",NA,NA
"X1346","PFBS",0.00464103522554923,0.00243078957142435,-0.0003165927907309,0.00959866324182936,0.0655207392304119,40,0.00460846351727555,0.0024137298067496,0.918613929073021,"Streptococcus iniae","Species","Streptococcus iniae","d__Bacteria;p__Bacillota;c__Bacilli;o__Lactobacillales;f__Streptococcaceae;g__Streptococcus_s__Streptococcus_iniae",NA,NA
"X1346","PFHxS",0.00118634522251923,0.00388078727832809,-0.00672857261423502,0.00910126305927348,0.76187877316923,40,0.00117845802984115,0.00385498659533479,0.97745216390902,"Streptococcus iniae","Species","Streptococcus iniae","d__Bacteria;p__Bacillota;c__Bacilli;o__Lactobacillales;f__Streptococcaceae;g__Streptococcus_s__Streptococcus_iniae",NA,NA
"X1346","PFOA",-0.000790570774353868,0.00289547203685535,-0.00669592492718515,0.00511478337847742,0.786635569508738,40,-0.000679081621431599,0.00248714208693663,0.956257054309826,"Streptococcus iniae","Species","Streptococcus iniae","d__Bacteria;p__Bacillota;c__Bacilli;o__Lactobacillales;f__Streptococcaceae;g__Streptococcus_s__Streptococcus_iniae",NA,NA
"X1346","PFOS",-0.00347467580719583,0.00341164727329255,-0.0104327762954376,0.00348342468104597,0.316335667887111,40,-0.00311853883314109,0.00306197041022052,0.884294028876767,"Streptococcus iniae","Species","Streptococcus iniae","d__Bacteria;p__Bacillota;c__Bacilli;o__Lactobacillales;f__Streptococcaceae;g__Streptococcus_s__Streptococcus_iniae",NA,NA
"X1349","PFHxS",-1.22230533276818e-05,0.00155210414130395,-0.00317776031972463,0.00315331421306927,0.993767066285124,40,-1.2141790660728e-05,0.00154178526937144,0.999201481369411,"Streptococcus uberis","Species","Streptococcus uberis","d__Bacteria;p__Bacillota;c__Bacilli;o__Lactobacillales;f__Streptococcaceae;g__Streptococcus_s__Streptococcus_uberis",NA,NA
"X1349","PFOA",-0.000991931134338762,0.00114389027882943,-0.00332491073921353,0.001341048470536,0.392519574581152,40,-0.000852045414410602,0.000982574730165314,0.883140624537261,"Streptococcus uberis","Species","Streptococcus uberis","d__Bacteria;p__Bacillota;c__Bacilli;o__Lactobacillales;f__Streptococcaceae;g__Streptococcus_s__Streptococcus_uberis",NA,NA
"X1349","PFBS",-0.000562628360184113,0.00102122350294099,-0.00264542742620831,0.00152017070584008,0.585626911689697,40,-0.000558679722450547,0.00101405635328505,0.980227309245162,"Streptococcus uberis","Species","Streptococcus uberis","d__Bacteria;p__Bacillota;c__Bacilli;o__Lactobacillales;f__Streptococcaceae;g__Streptococcus_s__Streptococcus_uberis",NA,NA
"X1349","PFOS",-0.00083704895352136,0.00137684600116515,-0.00364514488651482,0.0019710469794721,0.547651307059182,40,-0.000751255602433633,0.00123572613968661,0.958535271680885,"Streptococcus uberis","Species","Streptococcus uberis","d__Bacteria;p__Bacillota;c__Bacilli;o__Lactobacillales;f__Streptococcaceae;g__Streptococcus_s__Streptococcus_uberis",NA,NA
"X1349","PFNA",0.00151408163019474,0.0009029372871783,-0.000327471108258096,0.00335563436864758,0.10363107381061,40,0.00234427599803449,0.00139803176252142,0.970618145982937,"Streptococcus uberis","Species","Streptococcus uberis","d__Bacteria;p__Bacillota;c__Bacilli;o__Lactobacillales;f__Streptococcaceae;g__Streptococcus_s__Streptococcus_uberis",NA,NA
"X137838","PFBS",0.00205696894057091,0.0020448459951691,-0.00211352196238631,0.00622745984352813,0.322237695284605,40,0.00204253272343309,0.00203049485927326,0.918613929073021,"Clostridium neonatale","Species","Clostridium neonatale","d__Bacteria;p__Bacillota;c__Clostridia;o__Eubacteriales;f__Clostridiaceae;g__Clostridium_s__Clostridium_neonatale",NA,NA
"X137838","PFHxS",0.00129801989908984,0.00313416573074192,-0.00509415325199314,0.00769019305017282,0.681614723980911,40,0.00128939025836657,0.00311332882042765,0.97745216390902,"Clostridium neonatale","Species","Clostridium neonatale","d__Bacteria;p__Bacillota;c__Clostridia;o__Eubacteriales;f__Clostridiaceae;g__Clostridium_s__Clostridium_neonatale",NA,NA
"X137838","PFNA",0.000894853239974206,0.00190268003530834,-0.00298568827622715,0.00477539475617556,0.641424305499287,40,0.00138551510724366,0.00294594891699403,0.970618145982937,"Clostridium neonatale","Species","Clostridium neonatale","d__Bacteria;p__Bacillota;c__Clostridia;o__Eubacteriales;f__Clostridiaceae;g__Clostridium_s__Clostridium_neonatale",NA,NA
"X137838","PFOA",0.00337392750487875,0.00226448428359052,-0.00124451864065746,0.00799237365041496,0.146347201965208,40,0.00289812403257419,0.00194513851117737,0.883140624537261,"Clostridium neonatale","Species","Clostridium neonatale","d__Bacteria;p__Bacillota;c__Clostridia;o__Eubacteriales;f__Clostridiaceae;g__Clostridium_s__Clostridium_neonatale",NA,NA
"X137838","PFOS",-0.00286656140488041,0.00275685261562611,-0.00848919938418297,0.00275607657442214,0.306477480127691,40,-0.00257275313000135,0.00247428894553905,0.884294028876767,"Clostridium neonatale","Species","Clostridium neonatale","d__Bacteria;p__Bacillota;c__Clostridia;o__Eubacteriales;f__Clostridiaceae;g__Clostridium_s__Clostridium_neonatale",NA,NA
"X1443109","PFOA",0.00185776025551437,0.00211591603668261,-0.00245767895274561,0.00617319946377435,0.386701702103278,40,0.00159577217811645,0.00181752189635129,0.883140624537261,"Clostridium sp. K25","Species","Clostridium sp. K25","d__Bacteria;p__Bacillota;c__Clostridia;o__Eubacteriales;f__Clostridiaceae;g__Clostridium_s__Clostridium_sp._K25",NA,NA
"X1443109","PFHxS",-0.000297039631832065,0.00287137364214162,-0.00615324478460812,0.00555916552094399,0.918273282360649,40,-0.000295064819808706,0.00285228385551252,0.999201481369411,"Clostridium sp. K25","Species","Clostridium sp. K25","d__Bacteria;p__Bacillota;c__Clostridia;o__Eubacteriales;f__Clostridiaceae;g__Clostridium_s__Clostridium_sp._K25",NA,NA
"X1443109","PFNA",-0.0020134209760155,0.00170694968174116,-0.00549476780424866,0.00146792585221765,0.247155279594204,40,-0.00311741082771424,0.00264289658427711,0.970618145982937,"Clostridium sp. K25","Species","Clostridium sp. K25","d__Bacteria;p__Bacillota;c__Clostridia;o__Eubacteriales;f__Clostridiaceae;g__Clostridium_s__Clostridium_sp._K25",NA,NA
"X1443109","PFOS",0.0052790652726151,0.0023808791782592,0.000423230174310218,0.01013490037092,0.0340690141400291,40,0.00473798736021444,0.00213685091398799,0.529962442178231,"Clostridium sp. K25","Species","Clostridium sp. K25","d__Bacteria;p__Bacillota;c__Clostridia;o__Eubacteriales;f__Clostridiaceae;g__Clostridium_s__Clostridium_sp._K25",NA,NA
"X1443109","PFBS",0.000116112368519433,0.00189868877702294,-0.00375628892274081,0.00398851365977968,0.951629157970936,40,0.000115297468823443,0.00188536340155343,0.980227309245162,"Clostridium sp. K25","Species","Clostridium sp. K25","d__Bacteria;p__Bacillota;c__Clostridia;o__Eubacteriales;f__Clostridiaceae;g__Clostridium_s__Clostridium_sp._K25",NA,NA
"X1463165","PFOS",0.00402098410697189,0.00154559017649104,0.000868732159400219,0.00717323605454355,0.0140997105908326,40,0.00360885325159437,0.00138717487701351,0.422519842029097,"Klebsiella quasipneumoniae","Species","Klebsiella quasipneumoniae","d__Bacteria;p__Pseudomonadota;c__Gammaproteobacteria;o__Enterobacterales;f__Enterobacteriaceae;g__Klebsiella_s__Klebsiella_quasipneumoniae",NA,NA
"X1463165","PFNA",-0.000948294849009345,0.0011489703793748,-0.00329163538725544,0.00139504568923675,0.415483233854165,40,-0.0014682595768013,0.00177896860321493,0.970618145982937,"Klebsiella quasipneumoniae","Species","Klebsiella quasipneumoniae","d__Bacteria;p__Pseudomonadota;c__Gammaproteobacteria;o__Enterobacterales;f__Enterobacteriaceae;g__Klebsiella_s__Klebsiella_quasipneumoniae",NA,NA
"X1463165","PFOA",0.00134510284423832,0.00140534378215205,-0.00152111469627037,0.00421132038474701,0.345904843465147,40,0.00115541157109452,0.00120715711383666,0.883140624537261,"Klebsiella quasipneumoniae","Species","Klebsiella quasipneumoniae","d__Bacteria;p__Pseudomonadota;c__Gammaproteobacteria;o__Enterobacterales;f__Enterobacteriaceae;g__Klebsiella_s__Klebsiella_quasipneumoniae",NA,NA
"X1463165","PFBS",0.00131040160367625,0.00124191733544281,-0.00122250550127216,0.00384330870862466,0.29951386706235,40,0.00130120494459438,0.00123320131257632,0.918613929073021,"Klebsiella quasipneumoniae","Species","Klebsiella quasipneumoniae","d__Bacteria;p__Pseudomonadota;c__Gammaproteobacteria;o__Enterobacterales;f__Enterobacteriaceae;g__Klebsiella_s__Klebsiella_quasipneumoniae",NA,NA
"X1463165","PFHxS",0.00134734958886905,0.00189640830829849,-0.00252040065576359,0.00521509983350169,0.482721173762778,40,0.0013383919889981,0.00188380039498629,0.97745216390902,"Klebsiella quasipneumoniae","Species","Klebsiella quasipneumoniae","d__Bacteria;p__Pseudomonadota;c__Gammaproteobacteria;o__Enterobacterales;f__Enterobacteriaceae;g__Klebsiella_s__Klebsiella_quasipneumoniae",NA,NA
"X1494","PFHxS",0.00423511701562397,0.00281724784741918,-0.00151069785101878,0.00998093188226672,0.142886535279915,40,0.00420696063813587,0.00279851790593779,0.97745216390902,"Clostridium cochlearium","Species","Clostridium cochlearium","d__Bacteria;p__Bacillota;c__Clostridia;o__Eubacteriales;f__Clostridiaceae;g__Clostridium_s__Clostridium_cochlearium",NA,NA
"X1494","PFNA",-0.00176965963708857,0.00174421684793173,-0.00532701335187649,0.00178769407769936,0.318156499449891,40,-0.00273999137773276,0.00270059791389703,0.970618145982937,"Clostridium cochlearium","Species","Clostridium cochlearium","d__Bacteria;p__Bacillota;c__Clostridia;o__Eubacteriales;f__Clostridiaceae;g__Clostridium_s__Clostridium_cochlearium",NA,NA
"X1494","PFOS",-0.00133812542267532,0.00259289228990589,-0.00662636411299596,0.00395011326764533,0.609464133841444,40,-0.00120097422774933,0.0023271337370462,0.958535271680885,"Clostridium cochlearium","Species","Clostridium cochlearium","d__Bacteria;p__Bacillota;c__Clostridia;o__Eubacteriales;f__Clostridiaceae;g__Clostridium_s__Clostridium_cochlearium",NA,NA
"X1494","PFBS",0.000280791326761225,0.00192872938399718,-0.00365287818636088,0.00421446083988333,0.885192644224642,40,0.000278820677383108,0.00191519317757311,0.980227309245162,"Clostridium cochlearium","Species","Clostridium cochlearium","d__Bacteria;p__Bacillota;c__Clostridia;o__Eubacteriales;f__Clostridiaceae;g__Clostridium_s__Clostridium_cochlearium",NA,NA
"X1494","PFOA",0.00101263474279491,0.00216895415664028,-0.00341097642429031,0.00543624590988013,0.643852715153964,40,0.000869829325043241,0.00186308038860389,0.921461902696451,"Clostridium cochlearium","Species","Clostridium cochlearium","d__Bacteria;p__Bacillota;c__Clostridia;o__Eubacteriales;f__Clostridiaceae;g__Clostridium_s__Clostridium_cochlearium",NA,NA
"X1501","PFBS",-0.00106991171949958,0.00112166699246186,-0.00335756663300455,0.00121774319400539,0.347534371313032,40,-0.00106240286625617,0.00111379491041914,0.918613929073021,"Clostridium pasteurianum","Species","Clostridium pasteurianum","d__Bacteria;p__Bacillota;c__Clostridia;o__Eubacteriales;f__Clostridiaceae;g__Clostridium_s__Clostridium_pasteurianum",NA,NA
"X1501","PFNA",2.43186620394727e-05,0.00104572115309902,-0.00210844369088713,0.00215708101496608,0.981595599685184,40,3.76529604392041e-05,0.00161910622978212,0.988698145590649,"Clostridium pasteurianum","Species","Clostridium pasteurianum","d__Bacteria;p__Bacillota;c__Clostridia;o__Eubacteriales;f__Clostridiaceae;g__Clostridium_s__Clostridium_pasteurianum",NA,NA
"X1501","PFHxS",9.06739409033736e-05,0.00172111816581677,-0.00341956970111704,0.00360091758292379,0.958322394211604,40,9.00711122922656e-05,0.00170967563598829,0.999201481369411,"Clostridium pasteurianum","Species","Clostridium pasteurianum","d__Bacteria;p__Bacillota;c__Clostridia;o__Eubacteriales;f__Clostridiaceae;g__Clostridium_s__Clostridium_pasteurianum",NA,NA
"X1501","PFOA",-0.000678710040949834,0.001278000299443,-0.00328520883616247,0.0019277887542628,0.599153706752005,40,-0.000582995893652675,0.00109777207011621,0.910312787196285,"Clostridium pasteurianum","Species","Clostridium pasteurianum","d__Bacteria;p__Bacillota;c__Clostridia;o__Eubacteriales;f__Clostridiaceae;g__Clostridium_s__Clostridium_pasteurianum",NA,NA
"X1501","PFOS",0.0030006041588586,0.00143826372396492,6.72459543679758e-05,0.00593396236334923,0.0452735978721433,40,0.00269305716893255,0.00129084885162351,0.541453455824783,"Clostridium pasteurianum","Species","Clostridium pasteurianum","d__Bacteria;p__Bacillota;c__Clostridia;o__Eubacteriales;f__Clostridiaceae;g__Clostridium_s__Clostridium_pasteurianum",NA,NA
"X1502","PFHxS",0.00363598931034906,0.00157691707763263,0.000419845726665176,0.00685213289403294,0.0279783626412257,40,0.00361181612052049,0.00156643324156826,0.97745216390902,"Clostridium perfringens","Species","Clostridium perfringens","d__Bacteria;p__Bacillota;c__Clostridia;o__Eubacteriales;f__Clostridiaceae;g__Clostridium_s__Clostridium_perfringens",NA,NA
"X1502","PFOS",0.00253600800041208,0.00145336097129624,-0.000428141243014345,0.00550015724383851,0.0909052826323216,40,0.00227607980406784,0.00130439870625419,0.606035217548811,"Clostridium perfringens","Species","Clostridium perfringens","d__Bacteria;p__Bacillota;c__Clostridia;o__Eubacteriales;f__Clostridiaceae;g__Clostridium_s__Clostridium_perfringens",NA,NA
"X1502","PFNA",-0.00129137562979172,0.00101070710010557,-0.00335272635082534,0.000769975091241908,0.210842636732738,40,-0.00199945685423712,0.00156489343016187,0.970618145982937,"Clostridium perfringens","Species","Clostridium perfringens","d__Bacteria;p__Bacillota;c__Clostridia;o__Eubacteriales;f__Clostridiaceae;g__Clostridium_s__Clostridium_perfringens",NA,NA
"X1502","PFBS",0.000100036570884667,0.00112834105965382,-0.00220123019240047,0.0024013033341698,0.92992392606831,40,9.93344943338115e-05,0.00112042213768013,0.980227309245162,"Clostridium perfringens","Species","Clostridium perfringens","d__Bacteria;p__Bacillota;c__Clostridia;o__Eubacteriales;f__Clostridiaceae;g__Clostridium_s__Clostridium_perfringens",NA,NA
"X1502","PFOA",-0.000204899451059453,0.0012725242995851,-0.00280022987092944,0.00239043096881054,0.873123918489866,40,-0.000176003788616673,0.00109306831558456,0.972827605142579,"Clostridium perfringens","Species","Clostridium perfringens","d__Bacteria;p__Bacillota;c__Clostridia;o__Eubacteriales;f__Clostridiaceae;g__Clostridium_s__Clostridium_perfringens",NA,NA
"X151276","PFHxS",0.00123808927807958,0.00212525734201964,-0.00309640164802216,0.00557258020418131,0.564403416617144,40,0.00122985807479784,0.00211112796902699,0.97745216390902,"Bacteroides coprosuis","Species","Bacteroides coprosuis","d__Bacteria;p__Bacteroidota;c__Bacteroidia;o__Bacteroidales;f__Bacteroidaceae;g__Bacteroides_s__Bacteroides_coprosuis",NA,NA
"X151276","PFNA",0.00108638519268074,0.00128352480095175,-0.00153138089764362,0.00370415128300511,0.403812090512405,40,0.00168206699099438,0.00198730129455845,0.970618145982937,"Bacteroides coprosuis","Species","Bacteroides coprosuis","d__Bacteria;p__Bacteroidota;c__Bacteroidia;o__Bacteroidales;f__Bacteroidaceae;g__Bacteroides_s__Bacteroides_coprosuis",NA,NA
"X151276","PFOA",-0.00206361716420326,0.00155014139555611,-0.00522515138425564,0.00109791705584911,0.192816403225181,40,-0.00177259840022111,0.00133153484354748,0.883140624537261,"Bacteroides coprosuis","Species","Bacteroides coprosuis","d__Bacteria;p__Bacteroidota;c__Bacteroidia;o__Bacteroidales;f__Bacteroidaceae;g__Bacteroides_s__Bacteroides_coprosuis",NA,NA
"X151276","PFOS",-4.39876528378774e-05,0.0019068205995865,-0.00393297390556021,0.00384499859988446,0.981743417365349,40,-3.94791373829939e-05,0.00171138097986842,0.996736503389918,"Bacteroides coprosuis","Species","Bacteroides coprosuis","d__Bacteria;p__Bacteroidota;c__Bacteroidia;o__Bacteroidales;f__Bacteroidaceae;g__Bacteroides_s__Bacteroides_coprosuis",NA,NA
"X151276","PFBS",-0.00120953354348944,0.00139603279789349,-0.00405676120640361,0.00163769411942474,0.392923248127323,40,-0.00120104479651573,0.00138623516205932,0.918613929073021,"Bacteroides coprosuis","Species","Bacteroides coprosuis","d__Bacteria;p__Bacteroidota;c__Bacteroidia;o__Bacteroidales;f__Bacteroidaceae;g__Bacteroides_s__Bacteroides_coprosuis",NA,NA
"X1519","PFOA",0.00105906006383171,0.00182082300837116,-0.00265453294524923,0.00477265307291265,0.565016378653991,40,0.000909707579220954,0.00156404395529955,0.910312787196285,"Clostridium tyrobutyricum","Species","Clostridium tyrobutyricum","d__Bacteria;p__Bacillota;c__Clostridia;o__Eubacteriales;f__Clostridiaceae;g__Clostridium_s__Clostridium_tyrobutyricum",NA,NA
"X1519","PFHxS",0.000286712609667378,0.00245392636125445,-0.00471810320057769,0.00529152841991244,0.907741864686022,40,0.000284806454905039,0.00243761189421598,0.999201481369411,"Clostridium tyrobutyricum","Species","Clostridium tyrobutyricum","d__Bacteria;p__Bacillota;c__Clostridia;o__Eubacteriales;f__Clostridiaceae;g__Clostridium_s__Clostridium_tyrobutyricum",NA,NA
"X1519","PFOS",-7.6167227714131e-05,0.00219021308959807,-0.00454313627442281,0.00439080181899455,0.972481185633392,40,-6.83604660173785e-05,0.00196572715032017,0.996736503389918,"Clostridium tyrobutyricum","Species","Clostridium tyrobutyricum","d__Bacteria;p__Bacillota;c__Clostridia;o__Eubacteriales;f__Clostridiaceae;g__Clostridium_s__Clostridium_tyrobutyricum",NA,NA
"X1519","PFNA",0.000209135024106193,0.00149076389855537,-0.00283129799239983,0.00324956804061221,0.889340681095022,40,0.000323806991369054,0.00230817279360967,0.970618145982937,"Clostridium tyrobutyricum","Species","Clostridium tyrobutyricum","d__Bacteria;p__Bacillota;c__Clostridia;o__Eubacteriales;f__Clostridiaceae;g__Clostridium_s__Clostridium_tyrobutyricum",NA,NA
"X1519","PFBS",0.00112272749166493,0.00161025101665976,-0.00216140110888613,0.00440685609221599,0.490850448218673,40,0.00111484796682788,0.00159894995476018,0.941357023981017,"Clostridium tyrobutyricum","Species","Clostridium tyrobutyricum","d__Bacteria;p__Bacillota;c__Clostridia;o__Eubacteriales;f__Clostridiaceae;g__Clostridium_s__Clostridium_tyrobutyricum",NA,NA
"X1520","PFNA",-0.00214667697542552,0.00265299137562646,-0.00755748855918938,0.00326413460833834,0.424594057778951,40,-0.00332373315194112,0.00410766756616264,0.970618145982937,"Clostridium beijerinckii","Species","Clostridium beijerinckii","d__Bacteria;p__Bacillota;c__Clostridia;o__Eubacteriales;f__Clostridiaceae;g__Clostridium_s__Clostridium_beijerinckii",NA,NA
"X1520","PFBS",0.00210429804169848,0.00289284319750122,-0.00379569455792164,0.0080042906413186,0.472430020666125,40,0.00208952965951561,0.00287254064858028,0.918613929073021,"Clostridium beijerinckii","Species","Clostridium beijerinckii","d__Bacteria;p__Bacillota;c__Clostridia;o__Eubacteriales;f__Clostridiaceae;g__Clostridium_s__Clostridium_beijerinckii",NA,NA
"X1520","PFHxS",0.00353190550478209,0.00436666459101387,-0.00537396564449378,0.012437776654058,0.424775187788181,40,0.00350842429652313,0.00433763364425729,0.97745216390902,"Clostridium beijerinckii","Species","Clostridium beijerinckii","d__Bacteria;p__Bacillota;c__Clostridia;o__Eubacteriales;f__Clostridiaceae;g__Clostridium_s__Clostridium_beijerinckii",NA,NA
"X1520","PFOA",0.00690398716292177,0.00304865770828174,0.000686208773421099,0.0131217655524224,0.030677532799252,40,0.00593036189678484,0.00261872496035785,0.832388928593,"Clostridium beijerinckii","Species","Clostridium beijerinckii","d__Bacteria;p__Bacillota;c__Clostridia;o__Eubacteriales;f__Clostridiaceae;g__Clostridium_s__Clostridium_beijerinckii",NA,NA
"X1520","PFOS",0.00502189515569789,0.00383282023524882,-0.00279519325171232,0.0128389835631081,0.199742116632632,40,0.00450717590014416,0.00343997524008396,0.776774898015792,"Clostridium beijerinckii","Species","Clostridium beijerinckii","d__Bacteria;p__Bacillota;c__Clostridia;o__Eubacteriales;f__Clostridiaceae;g__Clostridium_s__Clostridium_beijerinckii",NA,NA
"X1548","PFOA",-0.00324190283346441,0.00201973521606325,-0.00736117996478577,0.000877374297856939,0.118609577203055,40,-0.00278471795832828,0.0017349048432858,0.883140624537261,"Clostridium scatologenes","Species","Clostridium scatologenes","d__Bacteria;p__Bacillota;c__Clostridia;o__Eubacteriales;f__Clostridiaceae;g__Clostridium_s__Clostridium_scatologenes",NA,NA
"X1548","PFOS",-0.0044205866861696,0.00238616172832172,-0.00928719561635825,0.000446022244019046,0.073482969004792,40,-0.00396749855555933,0.00214159202896449,0.541453455824783,"Clostridium scatologenes","Species","Clostridium scatologenes","d__Bacteria;p__Bacillota;c__Clostridia;o__Eubacteriales;f__Clostridiaceae;g__Clostridium_s__Clostridium_scatologenes",NA,NA
"X1548","PFNA",0.00233617173311878,0.0016599846100158,-0.00104938919981955,0.0057217326660571,0.169273195331542,40,0.00361713081515465,0.00257017983757333,0.970618145982937,"Clostridium scatologenes","Species","Clostridium scatologenes","d__Bacteria;p__Bacillota;c__Clostridia;o__Eubacteriales;f__Clostridiaceae;g__Clostridium_s__Clostridium_scatologenes",NA,NA
"X1548","PFBS",0.00113887029693062,0.00185201976850893,-0.0026383489239353,0.00491608951779655,0.543086095188624,40,0.00113087747867556,0.00183902192542322,0.980227309245162,"Clostridium scatologenes","Species","Clostridium scatologenes","d__Bacteria;p__Bacillota;c__Clostridia;o__Eubacteriales;f__Clostridiaceae;g__Clostridium_s__Clostridium_scatologenes",NA,NA
"X1548","PFHxS",-0.000557451137722256,0.00281636425153572,-0.00630146389867952,0.00518656162323501,0.844389812595124,40,-0.000553745028869308,0.00279764018447508,0.999201481369411,"Clostridium scatologenes","Species","Clostridium scatologenes","d__Bacteria;p__Bacillota;c__Clostridia;o__Eubacteriales;f__Clostridiaceae;g__Clostridium_s__Clostridium_scatologenes",NA,NA
"X1561","PFOA",-0.000556669204130705,0.00185422365280479,-0.00433838327665234,0.00322504486839093,0.766015819819077,40,-0.000478165697500107,0.00159273431992552,0.956257054309826,"Clostridium baratii","Species","Clostridium baratii","d__Bacteria;p__Bacillota;c__Clostridia;o__Eubacteriales;f__Clostridiaceae;g__Clostridium_s__Clostridium_baratii",NA,NA
"X1561","PFHxS",-0.00176242290531419,0.00246936853830596,-0.00679873324329745,0.00327388743266907,0.480743363295581,40,-0.00175070576870789,0.00245295140686301,0.97745216390902,"Clostridium baratii","Species","Clostridium baratii","d__Bacteria;p__Bacillota;c__Clostridia;o__Eubacteriales;f__Clostridiaceae;g__Clostridium_s__Clostridium_baratii",NA,NA
"X1561","PFNA",-0.000909696217432279,0.00150371659880968,-0.0039765464402741,0.00215715400540954,0.549605259957992,40,-0.00140849671873699,0.00232822765968186,0.970618145982937,"Clostridium baratii","Species","Clostridium baratii","d__Bacteria;p__Bacillota;c__Clostridia;o__Eubacteriales;f__Clostridiaceae;g__Clostridium_s__Clostridium_baratii",NA,NA
"X1561","PFBS",0.00160503801744489,0.00162060048089203,-0.00170019845457088,0.00491027448946066,0.329647978650459,40,0.00159377354141063,0.00160922678439405,0.918613929073021,"Clostridium baratii","Species","Clostridium baratii","d__Bacteria;p__Bacillota;c__Clostridia;o__Eubacteriales;f__Clostridiaceae;g__Clostridium_s__Clostridium_baratii",NA,NA
"X1561","PFOS",0.000765915591002945,0.00221732101353598,-0.003756340431081,0.0052881716130869,0.732108776304233,40,0.000687413055486899,0.00199005664699182,0.958535271680885,"Clostridium baratii","Species","Clostridium baratii","d__Bacteria;p__Bacillota;c__Clostridia;o__Eubacteriales;f__Clostridiaceae;g__Clostridium_s__Clostridium_baratii",NA,NA
"X158836","PFNA",-0.00035275855930742,0.00177803306575826,-0.00397908090505882,0.00327356378644398,0.844028921382861,40,-0.00054618153155933,0.00275295608680798,0.970618145982937,"Enterobacter hormaechei","Species","Enterobacter hormaechei","d__Bacteria;p__Pseudomonadota;c__Gammaproteobacteria;o__Enterobacterales;f__Enterobacteriaceae;g__Enterobacter_s__Enterobacter_hormaechei",NA,NA
"X158836","PFBS",-0.0022071830213721,0.00189514211440072,-0.0060723508465245,0.0016579848037803,0.253044070741653,40,-0.00219169257193897,0.00188184163011489,0.918613929073021,"Enterobacter hormaechei","Species","Enterobacter hormaechei","d__Bacteria;p__Pseudomonadota;c__Gammaproteobacteria;o__Enterobacterales;f__Enterobacteriaceae;g__Enterobacter_s__Enterobacter_hormaechei",NA,NA
"X158836","PFHxS",0.000505105911593438,0.00292696360460805,-0.00546447571711758,0.00647468754030446,0.864111249669778,40,0.000501747810113402,0.00290750423858788,0.999201481369411,"Enterobacter hormaechei","Species","Enterobacter hormaechei","d__Bacteria;p__Pseudomonadota;c__Gammaproteobacteria;o__Enterobacterales;f__Enterobacteriaceae;g__Enterobacter_s__Enterobacter_hormaechei",NA,NA
"X158836","PFOA",-3.3226190281299e-05,0.00218419646413633,-0.00448792424845883,0.00442147186789623,0.98796046117401,40,-2.85405126298279e-05,0.00187617317071089,0.990798205324975,"Enterobacter hormaechei","Species","Enterobacter hormaechei","d__Bacteria;p__Pseudomonadota;c__Gammaproteobacteria;o__Enterobacterales;f__Enterobacteriaceae;g__Enterobacter_s__Enterobacter_hormaechei",NA,NA
"X158836","PFOS",0.00189019397865205,0.00259099885516043,-0.00339418302604535,0.00717457098334945,0.471158315182072,40,0.00169645850481603,0.00232543436993704,0.958535271680885,"Enterobacter hormaechei","Species","Enterobacter hormaechei","d__Bacteria;p__Pseudomonadota;c__Gammaproteobacteria;o__Enterobacterales;f__Enterobacteriaceae;g__Enterobacter_s__Enterobacter_hormaechei",NA,NA
"X166486","PFNA",-0.000725614031541563,0.00130506192959789,-0.00338730538533651,0.00193607732225338,0.582202271858312,40,-0.00112347942413193,0.00202064756383803,0.970618145982937,"Roseburia intestinalis","Species","Roseburia intestinalis","d__Bacteria;p__Bacillota;c__Clostridia;o__Lachnospirales;f__Lachnospiraceae;g__Roseburia_s__Roseburia_intestinalis",NA,NA
"X166486","PFOA",0.00127753868691485,0.00159370751994486,-0.00197284922963576,0.00452792660346546,0.428878206653352,40,0.00109737555585809,0.00136895711534039,0.883140624537261,"Roseburia intestinalis","Species","Roseburia intestinalis","d__Bacteria;p__Bacillota;c__Clostridia;o__Lachnospirales;f__Lachnospiraceae;g__Roseburia_s__Roseburia_intestinalis",NA,NA
"X166486","PFHxS",-0.00235867057368062,0.00211674484113872,-0.00667580013977327,0.00195845899241202,0.273719114170689,40,-0.00234298939679753,0.00210267206190423,0.97745216390902,"Roseburia intestinalis","Species","Roseburia intestinalis","d__Bacteria;p__Bacillota;c__Clostridia;o__Lachnospirales;f__Lachnospiraceae;g__Roseburia_s__Roseburia_intestinalis",NA,NA
"X166486","PFOS",-0.000844961477109022,0.00192035737849602,-0.00476155617243821,0.00307163321822017,0.662988110092019,40,-0.000758357131740386,0.00172353030632286,0.958535271680885,"Roseburia intestinalis","Species","Roseburia intestinalis","d__Bacteria;p__Bacillota;c__Clostridia;o__Lachnospirales;f__Lachnospiraceae;g__Roseburia_s__Roseburia_intestinalis",NA,NA
"X166486","PFBS",0.00153236607751709,0.00140050136726956,-0.00132397529272574,0.00438870744775992,0.282316015721231,40,0.00152161162761104,0.00139067237012676,0.918613929073021,"Roseburia intestinalis","Species","Roseburia intestinalis","d__Bacteria;p__Bacillota;c__Clostridia;o__Lachnospirales;f__Lachnospiraceae;g__Roseburia_s__Roseburia_intestinalis",NA,NA
"X1680","PFNA",0.00153629520923957,0.000831020593106481,-0.000158582464633413,0.00323117288311256,0.0740613919530079,40,0.00237866962592531,0.00128668203314859,0.970618145982937,"Bifidobacterium adolescentis","Species","Bifidobacterium adolescentis","d__Bacteria;p__Actinomycetota;c__Actinomycetes;o__Bifidobacteriales;f__Bifidobacteriaceae;g__Bifidobacterium_s__Bifidobacterium_adolescentis",NA,NA
"X1680","PFBS",8.96392142830226e-05,0.000952763758526129,-0.0018535352824702,0.00203281371103624,0.92564842186522,40,8.90101084487391e-05,0.000946077072972525,0.980227309245162,"Bifidobacterium adolescentis","Species","Bifidobacterium adolescentis","d__Bacteria;p__Actinomycetota;c__Actinomycetes;o__Bifidobacteriales;f__Bifidobacteriaceae;g__Bifidobacterium_s__Bifidobacterium_adolescentis",NA,NA
"X1680","PFHxS",-5.85416204258433e-05,0.00144118703572359,-0.00299786195855629,0.0028807787177046,0.967858997614819,40,-5.81524174929859e-05,0.00143160557526829,0.999201481369411,"Bifidobacterium adolescentis","Species","Bifidobacterium adolescentis","d__Bacteria;p__Actinomycetota;c__Actinomycetes;o__Bifidobacteriales;f__Bifidobacteriaceae;g__Bifidobacterium_s__Bifidobacterium_adolescentis",NA,NA
"X1680","PFOA",0.0016993192927168,0.00103074031316395,-0.000402889435723924,0.00380152802115752,0.109320945694916,40,0.0014596751335404,0.000885381582326217,0.883140624537261,"Bifidobacterium adolescentis","Species","Bifidobacterium adolescentis","d__Bacteria;p__Actinomycetota;c__Actinomycetes;o__Bifidobacteriales;f__Bifidobacteriaceae;g__Bifidobacterium_s__Bifidobacterium_adolescentis",NA,NA
"X1680","PFOS",-0.000756719850282369,0.0012788832761248,-0.0033650194883104,0.00185157978774566,0.558339890397326,40,-0.000679159832415779,0.00114780410632569,0.958535271680885,"Bifidobacterium adolescentis","Species","Bifidobacterium adolescentis","d__Bacteria;p__Actinomycetota;c__Actinomycetes;o__Bifidobacteriales;f__Bifidobacteriaceae;g__Bifidobacterium_s__Bifidobacterium_adolescentis",NA,NA
"X1686399","PFHxS",0.00397483106826264,0.00213750537104203,-0.000384639877722122,0.0083343020142474,0.0724606623874046,40,0.00394840515285191,0.00212329456933623,0.97745216390902,"Enterobacter sp. BIDMC100","Species","Enterobacter sp. BIDMC100","d__Bacteria;p__Pseudomonadota;c__Gammaproteobacteria;o__Enterobacterales;f__Enterobacteriaceae;g__Enterobacter_s__Enterobacter_sp._BIDMC100",NA,NA
"X1686399","PFNA",-0.000766469663529177,0.00136224287675212,-0.00354478232792286,0.0020118430008645,0.577718084848594,40,-0.00118673683082854,0.0021091817084213,0.970618145982937,"Enterobacter sp. BIDMC100","Species","Enterobacter sp. BIDMC100","d__Bacteria;p__Pseudomonadota;c__Gammaproteobacteria;o__Enterobacterales;f__Enterobacteriaceae;g__Enterobacter_s__Enterobacter_sp._BIDMC100",NA,NA
"X1686399","PFOS",0.0023345459538765,0.00196678778195895,-0.00167674417363695,0.00634583608138995,0.24425053602665,40,0.00209526661446777,0.00176520182455132,0.84925606924669,"Enterobacter sp. BIDMC100","Species","Enterobacter sp. BIDMC100","d__Bacteria;p__Pseudomonadota;c__Gammaproteobacteria;o__Enterobacterales;f__Enterobacteriaceae;g__Enterobacter_s__Enterobacter_sp._BIDMC100",NA,NA
"X1686399","PFBS",0.00266729013075217,0.00141088823326884,-0.000210235392362103,0.00554481565386644,0.0680704046722378,40,0.00264857055811418,0.00140098633903459,0.918613929073021,"Enterobacter sp. BIDMC100","Species","Enterobacter sp. BIDMC100","d__Bacteria;p__Pseudomonadota;c__Gammaproteobacteria;o__Enterobacterales;f__Enterobacteriaceae;g__Enterobacter_s__Enterobacter_sp._BIDMC100",NA,NA
"X1686399","PFOA",0.00128441601416649,0.00166498280646938,-0.00211133880764663,0.00468017083597962,0.446293433884009,40,0.0011032830175208,0.00143018090290151,0.883140624537261,"Enterobacter sp. BIDMC100","Species","Enterobacter sp. BIDMC100","d__Bacteria;p__Pseudomonadota;c__Gammaproteobacteria;o__Enterobacterales;f__Enterobacteriaceae;g__Enterobacter_s__Enterobacter_sp._BIDMC100",NA,NA
"X1691","PFBS",0.000251689734435932,0.00173717606487132,-0.00329130420862712,0.00379468367749899,0.885740028367219,40,0.000249923325820803,0.00172498421773913,0.980227309245162,"Bifidobacterium indicum","Species","Bifidobacterium indicum","d__Bacteria;p__Actinomycetota;c__Actinomycetes;o__Bifidobacteriales;f__Bifidobacteriaceae;g__Bifidobacterium_s__Bifidobacterium_indicum",NA,NA
"X1691","PFHxS",-0.000474707915536849,0.00262692021832713,-0.00583234702342562,0.00488293119235192,0.857772302628701,40,-0.000471551909405936,0.0026094556342258,0.999201481369411,"Bifidobacterium indicum","Species","Bifidobacterium indicum","d__Bacteria;p__Actinomycetota;c__Actinomycetes;o__Bifidobacteriales;f__Bifidobacteriaceae;g__Bifidobacterium_s__Bifidobacterium_indicum",NA,NA
"X1691","PFOA",-0.00286596306099461,0.00189160744594169,-0.00672392188229626,0.000991995760307033,0.139879613902552,40,-0.00246179457369131,0.00162484611520333,0.883140624537261,"Bifidobacterium indicum","Species","Bifidobacterium indicum","d__Bacteria;p__Actinomycetota;c__Actinomycetes;o__Bifidobacteriales;f__Bifidobacteriaceae;g__Bifidobacterium_s__Bifidobacterium_indicum",NA,NA
"X1691","PFOS",-0.00147188323396538,0.00233043392243366,-0.00622483455470715,0.0032810680867764,0.53228373881616,40,-0.00132102252919955,0.00209157604577902,0.958535271680885,"Bifidobacterium indicum","Species","Bifidobacterium indicum","d__Bacteria;p__Actinomycetota;c__Actinomycetes;o__Bifidobacteriales;f__Bifidobacteriaceae;g__Bifidobacterium_s__Bifidobacterium_indicum",NA,NA
"X1691","PFNA",0.0010003655893583,0.00158671335542406,-0.00223575763460584,0.00423648881332244,0.533011590146123,40,0.0015488815091764,0.00245673282120394,0.970618145982937,"Bifidobacterium indicum","Species","Bifidobacterium indicum","d__Bacteria;p__Actinomycetota;c__Actinomycetes;o__Bifidobacteriales;f__Bifidobacteriaceae;g__Bifidobacterium_s__Bifidobacterium_indicum",NA,NA
"X1702238","PFHxS",-0.000441018617035748,0.00305894248363764,-0.00667977294416793,0.00579773571009644,0.886296623704734,40,-0.000438086587858106,0.003038605680908,0.999201481369411,"Clostridium sp. MF28","Species","Clostridium sp. MF28","d__Bacteria;p__Bacillota;c__Clostridia;o__Eubacteriales;f__Clostridiaceae;g__Clostridium_s__Clostridium_sp._MF28",NA,NA
"X1702238","PFNA",-0.00178085645510153,0.00183139463368647,-0.0055160104361633,0.00195429752596024,0.33837620277806,40,-0.00275732758418206,0.00283557662748219,0.970618145982937,"Clostridium sp. MF28","Species","Clostridium sp. MF28","d__Bacteria;p__Bacillota;c__Clostridia;o__Eubacteriales;f__Clostridiaceae;g__Clostridium_s__Clostridium_sp._MF28",NA,NA
"X1702238","PFOA",-0.00216025107044989,0.00224914072429032,-0.00674740382047777,0.00242690167957798,0.34424663887871,40,-0.00185560464313828,0.00193195875616224,0.883140624537261,"Clostridium sp. MF28","Species","Clostridium sp. MF28","d__Bacteria;p__Bacillota;c__Clostridia;o__Eubacteriales;f__Clostridiaceae;g__Clostridium_s__Clostridium_sp._MF28",NA,NA
"X1702238","PFOS",0.00073685571103917,0.00272736890355939,-0.00482564984105364,0.00629936126313198,0.788819314994744,40,0.000661331668565629,0.00244782716719564,0.958535271680885,"Clostridium sp. MF28","Species","Clostridium sp. MF28","d__Bacteria;p__Bacillota;c__Clostridia;o__Eubacteriales;f__Clostridiaceae;g__Clostridium_s__Clostridium_sp._MF28",NA,NA
"X1702238","PFBS",-0.00366707107299948,0.00191296256288916,-0.00756858394246485,0.000234441796465896,0.0645002474621003,40,-0.00364133483886123,0.0018995370111515,0.918613929073021,"Clostridium sp. MF28","Species","Clostridium sp. MF28","d__Bacteria;p__Bacillota;c__Clostridia;o__Eubacteriales;f__Clostridiaceae;g__Clostridium_s__Clostridium_sp._MF28",NA,NA
"X1814128","PFBS",-0.00233578606299515,0.00228138476897875,-0.00698870097573128,0.00231712884974098,0.31383176333588,40,-0.0023193930518379,0.00226537355692285,0.918613929073021,"Streptococcus halotolerans","Species","Streptococcus halotolerans","d__Bacteria;p__Bacillota;c__Bacilli;o__Lactobacillales;f__Streptococcaceae;g__Streptococcus_s__Streptococcus_halotolerans",NA,NA
"X1814128","PFHxS",0.00272765098718076,0.0034739908964342,-0.00435760015875551,0.00981290213311703,0.43831749361852,40,0.00270951671354263,0.00345089472253644,0.97745216390902,"Streptococcus halotolerans","Species","Streptococcus halotolerans","d__Bacteria;p__Bacillota;c__Bacilli;o__Lactobacillales;f__Streptococcaceae;g__Streptococcus_s__Streptococcus_halotolerans",NA,NA
"X1814128","PFNA",-0.00710455668453751,0.00170741316622459,-0.0105868487956068,-0.00362226457346818,0.000233051089687709,40,-0.0110000949619173,0.00264361420446899,0.0326271525562792,"Streptococcus halotolerans","Species","Streptococcus halotolerans","d__Bacteria;p__Bacillota;c__Bacilli;o__Lactobacillales;f__Streptococcaceae;g__Streptococcus_s__Streptococcus_halotolerans",NA,NA
"X1814128","PFOA",-0.00146718220727986,0.00260350764432475,-0.00677707105567603,0.00384270664111631,0.577120955046808,40,-0.00126027486036212,0.00223635157012045,0.910312787196285,"Streptococcus halotolerans","Species","Streptococcus halotolerans","d__Bacteria;p__Bacillota;c__Bacilli;o__Lactobacillales;f__Streptococcaceae;g__Streptococcus_s__Streptococcus_halotolerans",NA,NA
"X1814128","PFOS",0.00302274248019693,0.00308327427458687,-0.00326563686175113,0.00931112182214499,0.334494230597223,40,0.00271292642253346,0.00276725400931258,0.884294028876767,"Streptococcus halotolerans","Species","Streptococcus halotolerans","d__Bacteria;p__Bacillota;c__Bacilli;o__Lactobacillales;f__Streptococcaceae;g__Streptococcus_s__Streptococcus_halotolerans",NA,NA
"X1827481","PFHxS",-0.00187999468198182,0.00223002476209362,-0.00642816017006871,0.00266817080610507,0.405665379586702,40,-0.00186749589157149,0.00221519886264913,0.97745216390902,"Enterobacter sp. ODB01","Species","Enterobacter sp. ODB01","d__Bacteria;p__Pseudomonadota;c__Gammaproteobacteria;o__Enterobacterales;f__Enterobacteriaceae;g__Enterobacter_s__Enterobacter_sp._ODB01",NA,NA
"X1827481","PFOS",0.000539325309091564,0.00201032365256344,-0.00356075681192032,0.00463940743010345,0.790262666547127,40,0.000484047149554138,0.00180427548513098,0.958535271680885,"Enterobacter sp. ODB01","Species","Enterobacter sp. ODB01","d__Bacteria;p__Pseudomonadota;c__Gammaproteobacteria;o__Enterobacterales;f__Enterobacteriaceae;g__Enterobacter_s__Enterobacter_sp._ODB01",NA,NA
"X1827481","PFBS",0.000100220145212539,0.00149113003128663,-0.00294095960392204,0.00314139989434712,0.946845455242424,40,9.95167803005384e-05,0.00148066498415451,0.980227309245162,"Enterobacter sp. ODB01","Species","Enterobacter sp. ODB01","d__Bacteria;p__Pseudomonadota;c__Gammaproteobacteria;o__Enterobacterales;f__Enterobacteriaceae;g__Enterobacter_s__Enterobacter_sp._ODB01",NA,NA
"X1827481","PFNA",0.000131895587916733,0.00137011330936634,-0.00266246892962261,0.00292626010545607,0.923928818637105,40,0.000204215978077798,0.00212136762092675,0.970618145982937,"Enterobacter sp. ODB01","Species","Enterobacter sp. ODB01","d__Bacteria;p__Pseudomonadota;c__Gammaproteobacteria;o__Enterobacterales;f__Enterobacteriaceae;g__Enterobacter_s__Enterobacter_sp._ODB01",NA,NA
"X1827481","PFOA",-0.000282805184356236,0.00168151709102965,-0.00371228190185658,0.00314667153314411,0.867530590051805,40,-0.000242922973340186,0.00144438346278943,0.972827605142579,"Enterobacter sp. ODB01","Species","Enterobacter sp. ODB01","d__Bacteria;p__Pseudomonadota;c__Gammaproteobacteria;o__Enterobacterales;f__Enterobacteriaceae;g__Enterobacter_s__Enterobacter_sp._ODB01",NA,NA
"X182773","PFBS",0.000731461455796652,0.00165049581262521,-0.00263474694727342,0.00409766985886673,0.660715347978162,40,0.00072632791381867,0.00163891230474321,0.980227309245162,"Clostridium isatidis","Species","Clostridium isatidis","d__Bacteria;p__Bacillota;c__Clostridia;o__Eubacteriales;f__Clostridiaceae;g__Clostridium_s__Clostridium_isatidis",NA,NA
"X182773","PFHxS",0.00105783020037914,0.00249699116230386,-0.00403481685067258,0.00615047725143085,0.674752026189532,40,0.00105079741561066,0.00248039038704997,0.97745216390902,"Clostridium isatidis","Species","Clostridium isatidis","d__Bacteria;p__Bacillota;c__Clostridia;o__Eubacteriales;f__Clostridiaceae;g__Clostridium_s__Clostridium_isatidis",NA,NA
"X182773","PFOS",-0.00100569463593016,0.00222733140190345,-0.00554836697969321,0.00353697770783288,0.654754763193755,40,-0.000902615941877179,0.00199904102038116,0.958535271680885,"Clostridium isatidis","Species","Clostridium isatidis","d__Bacteria;p__Bacillota;c__Clostridia;o__Eubacteriales;f__Clostridiaceae;g__Clostridium_s__Clostridium_isatidis",NA,NA
"X182773","PFOA",-0.00268360801488099,0.0018045734627832,-0.00636405985723745,0.000996843827475471,0.147086011555433,40,-0.00230515589641124,0.00155008597946314,0.883140624537261,"Clostridium isatidis","Species","Clostridium isatidis","d__Bacteria;p__Bacillota;c__Clostridia;o__Eubacteriales;f__Clostridiaceae;g__Clostridium_s__Clostridium_isatidis",NA,NA
"X182773","PFNA",-0.000282041719352138,0.00152061491416874,-0.0033833562835902,0.00281927284488593,0.854061836460515,40,-0.000436689554866705,0.00235439158262593,0.970618145982937,"Clostridium isatidis","Species","Clostridium isatidis","d__Bacteria;p__Bacillota;c__Clostridia;o__Eubacteriales;f__Clostridiaceae;g__Clostridium_s__Clostridium_isatidis",NA,NA
"X1839799","PFOA",3.78009229716616e-05,0.00185262345698259,-0.00374064952865373,0.00381625137459705,0.983851862706771,40,3.24700999530205e-05,0.0015913597895118,0.990798205324975,"Streptococcus sp. FDAARGOS_192","Species","Streptococcus sp. FDAARGOS_192","d__Bacteria;p__Bacillota;c__Bacilli;o__Lactobacillales;f__Streptococcaceae;g__Streptococcus_s__Streptococcus_sp._FDAARGOS_192",NA,NA
"X1839799","PFOS",0.00414949421301134,0.0020874086267495,-0.000107803749368118,0.0084067921753908,0.0557199339776676,40,0.00372419171146023,0.00187345963317525,0.541453455824783,"Streptococcus sp. FDAARGOS_192","Species","Streptococcus sp. FDAARGOS_192","d__Bacteria;p__Bacillota;c__Bacilli;o__Lactobacillales;f__Streptococcaceae;g__Streptococcus_s__Streptococcus_sp._FDAARGOS_192",NA,NA
"X1839799","PFNA",-0.000935742691907373,0.0014996917837756,-0.00399438425036792,0.00212289886655317,0.537220922242428,40,-0.00144882487788488,0.00232199597633482,0.970618145982937,"Streptococcus sp. FDAARGOS_192","Species","Streptococcus sp. FDAARGOS_192","d__Bacteria;p__Bacillota;c__Bacilli;o__Lactobacillales;f__Streptococcaceae;g__Streptococcus_s__Streptococcus_sp._FDAARGOS_192",NA,NA
"X1839799","PFBS",0.00142832870227739,0.0016220843451987,-0.00187993413094448,0.00473659153549926,0.385336555459882,40,0.00141830440736289,0.0016107002346459,0.918613929073021,"Streptococcus sp. FDAARGOS_192","Species","Streptococcus sp. FDAARGOS_192","d__Bacteria;p__Bacillota;c__Bacilli;o__Lactobacillales;f__Streptococcaceae;g__Streptococcus_s__Streptococcus_sp._FDAARGOS_192",NA,NA
"X1839799","PFHxS",0.0054861627107095,0.00228002830642717,0.000836014321586858,0.0101363110998321,0.0222712635588618,40,0.00544968899164247,0.00226486996783995,0.97745216390902,"Streptococcus sp. FDAARGOS_192","Species","Streptococcus sp. FDAARGOS_192","d__Bacteria;p__Bacillota;c__Bacilli;o__Lactobacillales;f__Streptococcaceae;g__Streptococcus_s__Streptococcus_sp._FDAARGOS_192",NA,NA
"X1912897","PFHxS",-0.00137952695515782,0.00160011623279213,-0.00464298552773452,0.00188393161741889,0.395230028481111,40,-0.00137035543013002,0.00158947816151591,0.97745216390902,"Blautia argi","Species","Blautia argi","d__Bacteria;p__Bacillota;c__Clostridia;o__Lachnospirales;f__Lachnospiraceae;g__Blautia_s__Blautia_argi",NA,NA
"X1912897","PFOS",-0.000784083862740349,0.00143800942751816,-0.00371692342620844,0.00214875570072775,0.589479114620374,40,-0.000703719169808937,0.00129062061929671,0.958535271680885,"Blautia argi","Species","Blautia argi","d__Bacteria;p__Bacillota;c__Clostridia;o__Lachnospirales;f__Lachnospiraceae;g__Blautia_s__Blautia_argi",NA,NA
"X1912897","PFOA",-0.00043899511315809,0.00120513761533994,-0.002896889484402,0.00201889925808582,0.718129627717732,40,-0.000377086432884635,0.00103518474553037,0.950693053391399,"Blautia argi","Species","Blautia argi","d__Bacteria;p__Bacillota;c__Clostridia;o__Lachnospirales;f__Lachnospiraceae;g__Blautia_s__Blautia_argi",NA,NA
"X1912897","PFNA",-0.00137944284994933,0.000952044038364306,-0.00332114946775487,0.000562263767856205,0.157398714895898,40,-0.00213581269286028,0.00147406450464775,0.970618145982937,"Blautia argi","Species","Blautia argi","d__Bacteria;p__Bacillota;c__Clostridia;o__Lachnospirales;f__Lachnospiraceae;g__Blautia_s__Blautia_argi",NA,NA
"X1912897","PFBS",-0.000200192794451299,0.00106995836663706,-0.00238238727029192,0.00198200168138933,0.852798799891605,40,-0.000198787801603267,0.00106244918601477,0.980227309245162,"Blautia argi","Species","Blautia argi","d__Bacteria;p__Bacillota;c__Clostridia;o__Lachnospirales;f__Lachnospiraceae;g__Blautia_s__Blautia_argi",NA,NA
"X1940319","PFOA",-0.000749001270638062,0.00212998411972087,-0.00509313252341959,0.00359512998214347,0.727482518482305,40,-0.000643374399635413,0.00182960604738491,0.950693053391399,"Streptococcus sp. DAT741","Species","Streptococcus sp. DAT741","d__Bacteria;p__Bacillota;c__Bacilli;o__Lactobacillales;f__Streptococcaceae;g__Streptococcus_s__Streptococcus_sp._DAT741",NA,NA
"X1940319","PFBS",0.000421338856782193,0.00189034435298636,-0.00343404386945301,0.0042767215830174,0.825083264328512,40,0.000418381816884731,0.00187707754034437,0.980227309245162,"Streptococcus sp. DAT741","Species","Streptococcus sp. DAT741","d__Bacteria;p__Bacillota;c__Bacilli;o__Lactobacillales;f__Streptococcaceae;g__Streptococcus_s__Streptococcus_sp._DAT741",NA,NA
"X1940319","PFHxS",0.00102769161715198,0.00285540585832058,-0.00479594702581192,0.00685133026011587,0.721354263982023,40,0.00102085920307531,0.00283642223049353,0.97745216390902,"Streptococcus sp. DAT741","Species","Streptococcus sp. DAT741","d__Bacteria;p__Bacillota;c__Bacilli;o__Lactobacillales;f__Streptococcaceae;g__Streptococcus_s__Streptococcus_sp._DAT741",NA,NA
"X1940319","PFNA",-0.00234670188937779,0.00168658597290577,-0.00578651665962268,0.0010931128808671,0.174011975484178,40,-0.0036334348189027,0.00261136713903339,0.970618145982937,"Streptococcus sp. DAT741","Species","Streptococcus sp. DAT741","d__Bacteria;p__Bacillota;c__Bacilli;o__Lactobacillales;f__Streptococcaceae;g__Streptococcus_s__Streptococcus_sp._DAT741",NA,NA
"X1940319","PFOS",0.00298558879365799,0.00249641278339704,-0.00210587864583615,0.00807705623315214,0.240783395299055,40,0.00267958080392177,0.00224054289970044,0.84925606924669,"Streptococcus sp. DAT741","Species","Streptococcus sp. DAT741","d__Bacteria;p__Bacillota;c__Bacilli;o__Lactobacillales;f__Streptococcaceae;g__Streptococcus_s__Streptococcus_sp._DAT741",NA,NA
"X197614","PFNA",-0.000937731961460087,0.00123152679288736,-0.0034494474151513,0.00157398349223113,0.452149196180814,40,-0.00145190489469048,0.0019067919747041,0.970618145982937,"Streptococcus pasteurianus","Species","Streptococcus pasteurianus","d__Bacteria;p__Bacillota;c__Bacilli;o__Lactobacillales;f__Streptococcaceae;g__Streptococcus_s__Streptococcus_pasteurianus",NA,NA
"X197614","PFBS",0.00101047934898443,0.00134044447232513,-0.00172337517647041,0.00374433387443928,0.456633899271376,40,0.00100338760393787,0.00133103696641583,0.918613929073021,"Streptococcus pasteurianus","Species","Streptococcus pasteurianus","d__Bacteria;p__Bacillota;c__Bacilli;o__Lactobacillales;f__Streptococcaceae;g__Streptococcus_s__Streptococcus_pasteurianus",NA,NA
"X197614","PFHxS",0.000594059651499053,0.00204308608758413,-0.00357284189627421,0.00476096119927231,0.7731668885092,40,0.000590110157840118,0.0020295030146937,0.97745216390902,"Streptococcus pasteurianus","Species","Streptococcus pasteurianus","d__Bacteria;p__Bacillota;c__Bacilli;o__Lactobacillales;f__Streptococcaceae;g__Streptococcus_s__Streptococcus_pasteurianus",NA,NA
"X197614","PFOS",-0.00247254829288235,0.00177080823544374,-0.00608413550005935,0.00113903891429464,0.172548384223607,40,-0.00221912440067125,0.00158930920601022,0.742767758611346,"Streptococcus pasteurianus","Species","Streptococcus pasteurianus","d__Bacteria;p__Bacillota;c__Bacilli;o__Lactobacillales;f__Streptococcaceae;g__Streptococcus_s__Streptococcus_pasteurianus",NA,NA
"X197614","PFOA",0.000146530569849731,0.0015257415427153,-0.00296523982224373,0.0032583009619432,0.924107841359475,40,0.000125866298364214,0.00131057594629584,0.972827605142579,"Streptococcus pasteurianus","Species","Streptococcus pasteurianus","d__Bacteria;p__Bacillota;c__Bacilli;o__Lactobacillales;f__Streptococcaceae;g__Streptococcus_s__Streptococcus_pasteurianus",NA,NA
"X1977566","PFOS",-0.000972536312244983,0.00160234148104047,-0.00424053330854576,0.00229546068405579,0.548306076584606,40,-0.000872856181314782,0.00143810945534232,0.958535271680885,"Enterobacter sp. Crenshaw","Species","Enterobacter sp. Crenshaw","d__Bacteria;p__Pseudomonadota;c__Gammaproteobacteria;o__Enterobacterales;f__Enterobacteriaceae;g__Enterobacter_s__Enterobacter_sp._Crenshaw",NA,NA
"X1977566","PFBS",0.000532585254569641,0.00119042036459895,-0.00189529308589403,0.00296046359503331,0.657702243338641,40,0.000528847465326584,0.00118206575771613,0.980227309245162,"Enterobacter sp. Crenshaw","Species","Enterobacter sp. Crenshaw","d__Bacteria;p__Pseudomonadota;c__Gammaproteobacteria;o__Enterobacterales;f__Enterobacteriaceae;g__Enterobacter_s__Enterobacter_sp._Crenshaw",NA,NA
"X1977566","PFHxS",0.00104927549552592,0.00179641162233196,-0.00261453016348289,0.00471308115453473,0.56338284011754,40,0.00104229958510077,0.0017844685181448,0.97745216390902,"Enterobacter sp. Crenshaw","Species","Enterobacter sp. Crenshaw","d__Bacteria;p__Pseudomonadota;c__Gammaproteobacteria;o__Enterobacterales;f__Enterobacteriaceae;g__Enterobacter_s__Enterobacter_sp._Crenshaw",NA,NA
"X1977566","PFNA",-0.00119708894326284,0.00107615060103005,-0.0033919125644112,0.000997734677885519,0.274526808756365,40,-0.00185347131966894,0.00166622061449926,0.970618145982937,"Enterobacter sp. Crenshaw","Species","Enterobacter sp. Crenshaw","d__Bacteria;p__Pseudomonadota;c__Gammaproteobacteria;o__Enterobacterales;f__Enterobacteriaceae;g__Enterobacter_s__Enterobacter_sp._Crenshaw",NA,NA
"X1977566","PFOA",0.000711083352383496,0.00134118881965095,-0.00202428927945114,0.00344645598421814,0.599758481903826,40,0.000610803803497873,0.00115204951642549,0.910312787196285,"Enterobacter sp. Crenshaw","Species","Enterobacter sp. Crenshaw","d__Bacteria;p__Pseudomonadota;c__Gammaproteobacteria;o__Enterobacterales;f__Enterobacteriaceae;g__Enterobacter_s__Enterobacter_sp._Crenshaw",NA,NA
"X2020965","PFBS",0.00154184643022762,0.00263996725980783,-0.00384240229419673,0.00692609515465197,0.56341955693968,40,0.00153102544532069,0.00262143944451241,0.980227309245162,"Bifidobacterium imperatoris","Species","Bifidobacterium imperatoris","d__Bacteria;p__Actinomycetota;c__Actinomycetes;o__Bifidobacteriales;f__Bifidobacteriaceae;g__Bifidobacterium_s__Bifidobacterium_imperatoris",NA,NA
"X2020965","PFHxS",-0.00043095632151126,0.00401401308018291,-0.00861758997255537,0.00775567732953285,0.9151928844715,40,-0.000428091189609452,0.00398732667054869,0.999201481369411,"Bifidobacterium imperatoris","Species","Bifidobacterium imperatoris","d__Bacteria;p__Actinomycetota;c__Actinomycetes;o__Bifidobacteriales;f__Bifidobacteriaceae;g__Bifidobacterium_s__Bifidobacterium_imperatoris",NA,NA
"X2020965","PFNA",0.00102059952062587,0.00243231189035526,-0.00394013328558354,0.00598133232683529,0.677671013485557,40,0.00158021001780532,0.00376598610707689,0.970618145982937,"Bifidobacterium imperatoris","Species","Bifidobacterium imperatoris","d__Bacteria;p__Actinomycetota;c__Actinomycetes;o__Bifidobacteriales;f__Bifidobacteriaceae;g__Bifidobacterium_s__Bifidobacterium_imperatoris",NA,NA
"X2020965","PFOA",-0.00769577914617452,0.00265643686781905,-0.0131136178575946,-0.00227794043475441,0.00685325086510328,40,-0.00661049250781491,0.00228181652288322,0.47972756055723,"Bifidobacterium imperatoris","Species","Bifidobacterium imperatoris","d__Bacteria;p__Actinomycetota;c__Actinomycetes;o__Bifidobacteriales;f__Bifidobacteriaceae;g__Bifidobacterium_s__Bifidobacterium_imperatoris",NA,NA
"X2020965","PFOS",-0.0028163767327803,0.00354670095008259,-0.0100499210108207,0.00441716754526006,0.433183821384166,40,-0.00252771213698308,0.0031831817574075,0.933011307596666,"Bifidobacterium imperatoris","Species","Bifidobacterium imperatoris","d__Bacteria;p__Actinomycetota;c__Actinomycetes;o__Bifidobacteriales;f__Bifidobacteriaceae;g__Bifidobacterium_s__Bifidobacterium_imperatoris",NA,NA
"X2021971","PFBS",-0.00381242425581896,0.00272840188195626,-0.00937703658124201,0.00175218806960409,0.172241961571537,40,-0.00378566790413422,0.00270925341489374,0.918613929073021,"Streptococcus respiraculi","Species","Streptococcus respiraculi","d__Bacteria;p__Bacillota;c__Bacilli;o__Lactobacillales;f__Streptococcaceae;g__Streptococcus_s__Streptococcus_respiraculi",NA,NA
"X2021971","PFHxS",0.00691367428152261,0.00406933780908035,-0.00138579489802606,0.0152131434610713,0.0993412688937231,40,0.00686771002075198,0.00404228358341047,0.97745216390902,"Streptococcus respiraculi","Species","Streptococcus respiraculi","d__Bacteria;p__Bacillota;c__Bacilli;o__Lactobacillales;f__Streptococcaceae;g__Streptococcus_s__Streptococcus_respiraculi",NA,NA
"X2021971","PFOA",0.000845083285032103,0.00316975992339995,-0.00561968470059055,0.00730985127065476,0.791536484612087,40,0.00072590658048721,0.00272274890264012,0.956257054309826,"Streptococcus respiraculi","Species","Streptococcus respiraculi","d__Bacteria;p__Bacillota;c__Bacilli;o__Lactobacillales;f__Streptococcaceae;g__Streptococcus_s__Streptococcus_respiraculi",NA,NA
"X2021971","PFNA",-0.000710015041058863,0.00258176447453454,-0.0059755584023006,0.00455552832018288,0.78513204130432,40,-0.00109932726598346,0.00399738585392584,0.970618145982937,"Streptococcus respiraculi","Species","Streptococcus respiraculi","d__Bacteria;p__Bacillota;c__Bacilli;o__Lactobacillales;f__Streptococcaceae;g__Streptococcus_s__Streptococcus_respiraculi",NA,NA
"X2021971","PFOS",-0.00106656941750388,0.00379175607539177,-0.00879990691872066,0.00666676808371291,0.780359816406018,40,-0.000957251361361052,0.00340311995220378,0.958535271680885,"Streptococcus respiraculi","Species","Streptococcus respiraculi","d__Bacteria;p__Bacillota;c__Bacilli;o__Lactobacillales;f__Streptococcaceae;g__Streptococcus_s__Streptococcus_respiraculi",NA,NA
"X2027919","PFHxS",0.0019329023746158,0.00201236524763448,-0.00217134360699557,0.00603714835622716,0.344229655734329,40,0.00192005183737998,0.00199898641645997,0.97745216390902,"Enterobacter cloacae complex sp.","Species","Enterobacter cloacae complex sp.","d__Bacteria;p__Pseudomonadota;c__Gammaproteobacteria;o__Enterobacterales;f__Enterobacteriaceae;g__Enterobacter_s__Enterobacter_cloacae_complex_sp.",NA,NA
"X2027919","PFOS",-0.00176222494482101,0.00179457297523979,-0.00542228065836216,0.00189783076872014,0.333714576692383,40,-0.00158160565995057,0.0016106381782729,0.884294028876767,"Enterobacter cloacae complex sp.","Species","Enterobacter cloacae complex sp.","d__Bacteria;p__Pseudomonadota;c__Gammaproteobacteria;o__Enterobacterales;f__Enterobacteriaceae;g__Enterobacter_s__Enterobacter_cloacae_complex_sp.",NA,NA
"X2027919","PFNA",-0.00277346673635586,0.0011363044249655,-0.00509097489027275,-0.000455958582438975,0.0205653716293422,40,-0.00429420142991222,0.00175935771016811,0.656107229639914,"Enterobacter cloacae complex sp.","Species","Enterobacter cloacae complex sp.","d__Bacteria;p__Pseudomonadota;c__Gammaproteobacteria;o__Enterobacterales;f__Enterobacteriaceae;g__Enterobacter_s__Enterobacter_cloacae_complex_sp.",NA,NA
"X2027919","PFBS",-0.000434822113183754,0.00134791525197837,-0.00318391339419645,0.00231426916782894,0.749172506748617,40,-0.000431770445111166,0.00133845531465159,0.980227309245162,"Enterobacter cloacae complex sp.","Species","Enterobacter cloacae complex sp.","d__Bacteria;p__Pseudomonadota;c__Gammaproteobacteria;o__Enterobacterales;f__Enterobacteriaceae;g__Enterobacter_s__Enterobacter_cloacae_complex_sp.",NA,NA
"X2027919","PFOA",0.00112157979977127,0.00150976987964837,-0.00195761617073586,0.0042007757702784,0.463146338677261,40,0.000963410555640756,0.00129685666498125,0.883140624537261,"Enterobacter cloacae complex sp.","Species","Enterobacter cloacae complex sp.","d__Bacteria;p__Pseudomonadota;c__Gammaproteobacteria;o__Enterobacterales;f__Enterobacteriaceae;g__Enterobacter_s__Enterobacter_cloacae_complex_sp.",NA,NA
"X2044467","PFNA",-0.000491571764255164,0.00147151619411042,-0.00349274882873344,0.00250960530022311,0.740585225856836,40,-0.000761108163043118,0.00227837127521878,0.970618145982937,"Escherichia sp. E4742","Species","Escherichia sp. E4742","d__Bacteria;p__Pseudomonadota;c__Gammaproteobacteria;o__Enterobacterales;f__Enterobacteriaceae;g__Escherichia_s__Escherichia_sp._E4742",NA,NA
"X2044467","PFOA",0.00277011697741232,0.00174003794057935,-0.000778713799639171,0.00631894775446381,0.121534943743463,40,0.00237946505183398,0.00149465149025635,0.883140624537261,"Escherichia sp. E4742","Species","Escherichia sp. E4742","d__Bacteria;p__Pseudomonadota;c__Gammaproteobacteria;o__Enterobacterales;f__Enterobacteriaceae;g__Escherichia_s__Escherichia_sp._E4742",NA,NA
"X2044467","PFBS",-0.00135754535414587,0.00158560951345941,-0.0045914172775804,0.00187632656928866,0.398475607251815,40,-0.00134801783084674,0.00157448139053027,0.918613929073021,"Escherichia sp. E4742","Species","Escherichia sp. E4742","d__Bacteria;p__Pseudomonadota;c__Gammaproteobacteria;o__Enterobacterales;f__Enterobacteriaceae;g__Escherichia_s__Escherichia_sp._E4742",NA,NA
"X2044467","PFHxS",-0.0020915824161916,0.00239710611885704,-0.00698051257803964,0.00279734774565644,0.3896197241782,40,-0.00207767692459821,0.00238116941049395,0.97745216390902,"Escherichia sp. E4742","Species","Escherichia sp. E4742","d__Bacteria;p__Pseudomonadota;c__Gammaproteobacteria;o__Enterobacterales;f__Enterobacteriaceae;g__Escherichia_s__Escherichia_sp._E4742",NA,NA
"X2044467","PFOS",0.000770025938244932,0.00216075596205345,-0.00363686490074429,0.00517691677723416,0.723978533092487,40,0.000691102112597,0.00193928923171769,0.958535271680885,"Escherichia sp. E4742","Species","Escherichia sp. E4742","d__Bacteria;p__Pseudomonadota;c__Gammaproteobacteria;o__Enterobacterales;f__Enterobacteriaceae;g__Escherichia_s__Escherichia_sp._E4742",NA,NA
"X2058152","PFBS",0.00104488585834205,0.00109240259293309,-0.00118308391882328,0.00327285563550739,0.346218750389466,40,0.00103755264156967,0.00108473589426669,0.918613929073021,"Klebsiella grimontii","Species","Klebsiella grimontii","d__Bacteria;p__Pseudomonadota;c__Gammaproteobacteria;o__Enterobacterales;f__Enterobacteriaceae;g__Klebsiella_s__Klebsiella_grimontii",NA,NA
"X2058152","PFHxS",-0.00122702849533272,0.00166187306738202,-0.00461644096246239,0.00216238397179695,0.465860770633509,40,-0.00121887082758097,0.00165082441742739,0.97745216390902,"Klebsiella grimontii","Species","Klebsiella grimontii","d__Bacteria;p__Pseudomonadota;c__Gammaproteobacteria;o__Enterobacterales;f__Enterobacteriaceae;g__Klebsiella_s__Klebsiella_grimontii",NA,NA
"X2058152","PFNA",0.00107935886499771,0.000999908730495651,-0.000959968436017331,0.00311868616601275,0.288711291413764,40,0.00167118801920504,0.00154817414753562,0.970618145982937,"Klebsiella grimontii","Species","Klebsiella grimontii","d__Bacteria;p__Pseudomonadota;c__Gammaproteobacteria;o__Enterobacterales;f__Enterobacteriaceae;g__Klebsiella_s__Klebsiella_grimontii",NA,NA
"X2058152","PFOA",0.000982123457831404,0.00123790069963469,-0.00154259166437706,0.00350683858003987,0.43358839811213,40,0.000843620851953766,0.00106332746105658,0.883140624537261,"Klebsiella grimontii","Species","Klebsiella grimontii","d__Bacteria;p__Pseudomonadota;c__Gammaproteobacteria;o__Enterobacterales;f__Enterobacteriaceae;g__Klebsiella_s__Klebsiella_grimontii",NA,NA
"X2058152","PFOS",-0.00301315871900284,0.00139464394695876,-0.00585755380176059,-0.000168763636245083,0.0385768662911553,40,-0.00270432494915588,0.00125169988463069,0.540076128076174,"Klebsiella grimontii","Species","Klebsiella grimontii","d__Bacteria;p__Pseudomonadota;c__Gammaproteobacteria;o__Enterobacterales;f__Enterobacteriaceae;g__Klebsiella_s__Klebsiella_grimontii",NA,NA
"X211595","PFBS",-0.00200022550747787,0.00196531314022817,-0.00600850808335277,0.00200805706839703,0.316667787550698,40,-0.00198618752703927,0.00195152018172668,0.918613929073021,"Enterobacter sp. RFL1396","Species","Enterobacter sp. RFL1396","d__Bacteria;p__Pseudomonadota;c__Gammaproteobacteria;o__Enterobacterales;f__Enterobacteriaceae;g__Enterobacter_s__Enterobacter_sp._RFL1396",NA,NA
"X211595","PFHxS",-0.00142984881620685,0.00301078368733316,-0.00757038263071378,0.00471068499830009,0.638180588051808,40,-0.00142034273576763,0.00299076705928656,0.97745216390902,"Enterobacter sp. RFL1396","Species","Enterobacter sp. RFL1396","d__Bacteria;p__Pseudomonadota;c__Gammaproteobacteria;o__Enterobacterales;f__Enterobacteriaceae;g__Enterobacter_s__Enterobacter_sp._RFL1396",NA,NA
"X211595","PFNA",0.00163177104752129,0.00181233167568406,-0.00206450377436648,0.00532804586940906,0.374864464622618,40,0.0025264963425385,0.00280606115486475,0.970618145982937,"Enterobacter sp. RFL1396","Species","Enterobacter sp. RFL1396","d__Bacteria;p__Pseudomonadota;c__Gammaproteobacteria;o__Enterobacterales;f__Enterobacteriaceae;g__Enterobacter_s__Enterobacter_sp._RFL1396",NA,NA
"X211595","PFOA",-0.000336692387322575,0.00225301869134744,-0.00493175430330813,0.00425836952866298,0.88217401105106,40,-0.000289210807841408,0.00193528983826448,0.972827605142579,"Enterobacter sp. RFL1396","Species","Enterobacter sp. RFL1396","d__Bacteria;p__Pseudomonadota;c__Gammaproteobacteria;o__Enterobacterales;f__Enterobacteriaceae;g__Enterobacter_s__Enterobacter_sp._RFL1396",NA,NA
"X211595","PFOS",0.00437564170731421,0.00257937765725066,-0.000885033707982989,0.0096363171226114,0.0998324322807994,40,0.00392716021331025,0.00231500428696522,0.607675674752692,"Enterobacter sp. RFL1396","Species","Enterobacter sp. RFL1396","d__Bacteria;p__Pseudomonadota;c__Gammaproteobacteria;o__Enterobacterales;f__Enterobacteriaceae;g__Enterobacter_s__Enterobacter_sp._RFL1396",NA,NA
"X2212991","PFBS",0.0026183169613025,0.00154375946798882,-0.000530201231662466,0.00576683515426747,0.0998953680666341,40,0.00259994109210805,0.0015329250570024,0.918613929073021,"Clostridium sp. AWRP","Species","Clostridium sp. AWRP","d__Bacteria;p__Bacillota;c__Clostridia;o__Eubacteriales;f__Clostridiaceae;g__Clostridium_s__Clostridium_sp._AWRP",NA,NA
"X2212991","PFNA",-0.000270556386816358,0.0014821422248056,-0.00329340538377927,0.00275229261014655,0.856344272489653,40,-0.000418906636920854,0.00229482372283871,0.970618145982937,"Clostridium sp. AWRP","Species","Clostridium sp. AWRP","d__Bacteria;p__Bacillota;c__Clostridia;o__Eubacteriales;f__Clostridiaceae;g__Clostridium_s__Clostridium_sp._AWRP",NA,NA
"X2212991","PFOA",-0.00280195561609474,0.00174960647047212,-0.00637030153852479,0.000766390306335314,0.119413869123572,40,-0.00240681369041514,0.00150287063142004,0.883140624537261,"Clostridium sp. AWRP","Species","Clostridium sp. AWRP","d__Bacteria;p__Bacillota;c__Clostridia;o__Eubacteriales;f__Clostridiaceae;g__Clostridium_s__Clostridium_sp._AWRP",NA,NA
"X2212991","PFOS",0.00015071067396178,0.00217789927413545,-0.00429114418053445,0.00459256552845801,0.945274863317652,40,0.000135263580085757,0.00195467543964697,0.996736503389918,"Clostridium sp. AWRP","Species","Clostridium sp. AWRP","d__Bacteria;p__Bacillota;c__Clostridia;o__Eubacteriales;f__Clostridiaceae;g__Clostridium_s__Clostridium_sp._AWRP",NA,NA
"X2212991","PFHxS",0.00409489108339668,0.00232736678745218,-0.000651804774308455,0.00884158694110182,0.088367882109822,40,0.00406766697159731,0.00231189372789349,0.97745216390902,"Clostridium sp. AWRP","Species","Clostridium sp. AWRP","d__Bacteria;p__Bacillota;c__Clostridia;o__Eubacteriales;f__Clostridiaceae;g__Clostridium_s__Clostridium_sp._AWRP",NA,NA
"X223919","PFBS",0.00184458729299186,0.00181354452006943,-0.00185416114132825,0.00554333572731198,0.316970588418771,40,0.00183164161249758,0.00180081670392965,0.918613929073021,"Clostridium diolis","Species","Clostridium diolis","d__Bacteria;p__Bacillota;c__Clostridia;o__Eubacteriales;f__Clostridiaceae;g__Clostridium_s__Clostridium_diolis",NA,NA
"X223919","PFHxS",0.00202305624666262,0.00276453503238246,-0.00361525012491533,0.00766136261824056,0.469793755375137,40,0.00200960633839549,0.00274615554211957,0.97745216390902,"Clostridium diolis","Species","Clostridium diolis","d__Bacteria;p__Bacillota;c__Clostridia;o__Eubacteriales;f__Clostridiaceae;g__Clostridium_s__Clostridium_diolis",NA,NA
"X223919","PFNA",0.00203353218334259,0.00165422797083417,-0.00134028800657875,0.00540735237326393,0.228211031514452,40,0.00314854932096861,0.00256126674412202,0.970618145982937,"Clostridium diolis","Species","Clostridium diolis","d__Bacteria;p__Bacillota;c__Clostridia;o__Eubacteriales;f__Clostridiaceae;g__Clostridium_s__Clostridium_diolis",NA,NA
"X223919","PFOA",-0.00051467404455341,0.00207768307915748,-0.00475213662184539,0.00372278853273857,0.805988088632568,40,-0.000442092847373139,0.00178468068892175,0.956257054309826,"Clostridium diolis","Species","Clostridium diolis","d__Bacteria;p__Bacillota;c__Clostridia;o__Eubacteriales;f__Clostridiaceae;g__Clostridium_s__Clostridium_diolis",NA,NA
"X223919","PFOS",-0.000499378454555745,0.00248654650339889,-0.00557072348332775,0.00457196657421626,0.842141702976778,40,-0.000448194648761459,0.00223168786428989,0.958535271680885,"Clostridium diolis","Species","Clostridium diolis","d__Bacteria;p__Bacillota;c__Clostridia;o__Eubacteriales;f__Clostridiaceae;g__Clostridium_s__Clostridium_diolis",NA,NA
"X2382163","PFOA",-0.00173028409551733,0.00175929772058341,-0.00531839545286174,0.00185782726182707,0.332971468929631,40,-0.00148627316773953,0.0015111951863527,0.883140624537261,"Streptococcus koreensis","Species","Streptococcus koreensis","d__Bacteria;p__Bacillota;c__Bacilli;o__Lactobacillales;f__Streptococcaceae;g__Streptococcus_s__Streptococcus_koreensis",NA,NA
"X2382163","PFOS",0.000934369574437943,0.0021307810299226,-0.00341138698741558,0.00528012613629147,0.66405727260805,40,0.000838601344147218,0.00191238658092153,0.958535271680885,"Streptococcus koreensis","Species","Streptococcus koreensis","d__Bacteria;p__Bacillota;c__Bacilli;o__Lactobacillales;f__Streptococcaceae;g__Streptococcus_s__Streptococcus_koreensis",NA,NA
"X2382163","PFNA",-0.000395274432282981,0.00145350334660432,-0.00335971405206467,0.00256916518749871,0.787466577874981,40,-0.000612009515047427,0.00225048170491907,0.970618145982937,"Streptococcus koreensis","Species","Streptococcus koreensis","d__Bacteria;p__Bacillota;c__Bacilli;o__Lactobacillales;f__Streptococcaceae;g__Streptococcus_s__Streptococcus_koreensis",NA,NA
"X2382163","PFHxS",0.00254258951076203,0.00235127588798854,-0.00225286927897825,0.00733804830050231,0.287875142211118,40,0.00252568558348016,0.00233564387327994,0.97745216390902,"Streptococcus koreensis","Species","Streptococcus koreensis","d__Bacteria;p__Bacillota;c__Bacilli;o__Lactobacillales;f__Streptococcaceae;g__Streptococcus_s__Streptococcus_koreensis",NA,NA
"X2382163","PFBS",0.000750592014508069,0.00157790166985393,-0.00246755965825037,0.00396874368726651,0.637630384863732,40,0.000745324210464152,0.00156682764210424,0.980227309245162,"Streptococcus koreensis","Species","Streptococcus koreensis","d__Bacteria;p__Bacillota;c__Bacilli;o__Lactobacillales;f__Streptococcaceae;g__Streptococcus_s__Streptococcus_koreensis",NA,NA
"X238834","PFBS",-0.000624142736604168,0.000710617734535602,-0.00207345716143728,0.000825171688228945,0.386532505720521,40,-0.000619762378742222,0.000705630477939062,0.918613929073021,"Clostridium estertheticum","Species","Clostridium estertheticum","d__Bacteria;p__Bacillota;c__Clostridia;o__Eubacteriales;f__Clostridiaceae;g__Clostridium_s__Clostridium_estertheticum",NA,NA
"X238834","PFHxS",0.00125836820707505,0.00106434189892504,-0.000912371407345647,0.00342910782149576,0.246077351275681,40,0.00125000218315489,0.00105726582235573,0.97745216390902,"Clostridium estertheticum","Species","Clostridium estertheticum","d__Bacteria;p__Bacillota;c__Clostridia;o__Eubacteriales;f__Clostridiaceae;g__Clostridium_s__Clostridium_estertheticum",NA,NA
"X238834","PFOA",0.000791222933740914,0.000799030970023674,-0.000838411473709534,0.00242085734119136,0.329729234655898,40,0.00067964181094069,0.000686348729677253,0.883140624537261,"Clostridium estertheticum","Species","Clostridium estertheticum","d__Bacteria;p__Bacillota;c__Clostridia;o__Eubacteriales;f__Clostridiaceae;g__Clostridium_s__Clostridium_estertheticum",NA,NA
"X238834","PFOS",-0.000375966212014603,0.000968597065000975,-0.00235143295022419,0.00159950052619498,0.700553848232302,40,-0.000337431546761397,0.000869320687304566,0.958535271680885,"Clostridium estertheticum","Species","Clostridium estertheticum","d__Bacteria;p__Bacillota;c__Clostridia;o__Eubacteriales;f__Clostridiaceae;g__Clostridium_s__Clostridium_estertheticum",NA,NA
"X238834","PFNA",-0.000173400890976319,0.000660336519251346,-0.00152016610113604,0.0011733643191834,0.794600266431152,40,-0.000268479280540043,0.0010224092425634,0.970618145982937,"Clostridium estertheticum","Species","Clostridium estertheticum","d__Bacteria;p__Bacillota;c__Clostridia;o__Eubacteriales;f__Clostridiaceae;g__Clostridium_s__Clostridium_estertheticum",NA,NA
"X2420308","PFOS",-6.76744789442193e-05,0.00254183192861363,-0.00525177487583144,0.005116425917943,0.978930053998861,40,-6.07381817213207e-05,0.00228130680861899,0.996736503389918,"Streptococcus sp. FDAARGOS_520","Species","Streptococcus sp. FDAARGOS_520","d__Bacteria;p__Bacillota;c__Bacilli;o__Lactobacillales;f__Streptococcaceae;g__Streptococcus_s__Streptococcus_sp._FDAARGOS_520",NA,NA
"X2420308","PFHxS",0.00229826809776643,0.00281841870221021,-0.00344993474296642,0.00804647093849927,0.42103844537746,40,0.00228298849536327,0.00279968097652136,0.97745216390902,"Streptococcus sp. FDAARGOS_520","Species","Streptococcus sp. FDAARGOS_520","d__Bacteria;p__Bacillota;c__Bacilli;o__Lactobacillales;f__Streptococcaceae;g__Streptococcus_s__Streptococcus_sp._FDAARGOS_520",NA,NA
"X2420308","PFBS",0.000235733067839683,0.0018828669486254,-0.0036043993916572,0.00407586552733657,0.901174406613212,40,0.000234078646284366,0.0018696526138944,0.980227309245162,"Streptococcus sp. FDAARGOS_520","Species","Streptococcus sp. FDAARGOS_520","d__Bacteria;p__Bacillota;c__Bacilli;o__Lactobacillales;f__Streptococcaceae;g__Streptococcus_s__Streptococcus_sp._FDAARGOS_520",NA,NA
"X2420308","PFOA",-0.000729905214745839,0.0021205732167289,-0.00505484280433251,0.00359503237484083,0.73301851375312,40,-0.000626971338683864,0.00182152230400577,0.950693053391399,"Streptococcus sp. FDAARGOS_520","Species","Streptococcus sp. FDAARGOS_520","d__Bacteria;p__Bacillota;c__Bacilli;o__Lactobacillales;f__Streptococcaceae;g__Streptococcus_s__Streptococcus_sp._FDAARGOS_520",NA,NA
"X2420308","PFNA",0.00131516961554284,0.00171443173489734,-0.00218143696070902,0.00481177619179469,0.448815314489454,40,0.00203629745026678,0.00265448116286275,0.970618145982937,"Streptococcus sp. FDAARGOS_520","Species","Streptococcus sp. FDAARGOS_520","d__Bacteria;p__Bacillota;c__Bacilli;o__Lactobacillales;f__Streptococcaceae;g__Streptococcus_s__Streptococcus_sp._FDAARGOS_520",NA,NA
"X246787","PFOS",0.000808502155911169,0.00213033899883629,-0.0035363528775981,0.00515335718942044,0.706890673904396,40,0.000725634709478717,0.00191198985582123,0.958535271680885,"Bacteroides cellulosilyticus","Species","Bacteroides cellulosilyticus","d__Bacteria;p__Bacteroidota;c__Bacteroidia;o__Bacteroidales;f__Bacteroidaceae;g__Bacteroides_s__Bacteroides_cellulosilyticus",NA,NA
"X246787","PFBS",-0.000157826037144934,0.00158184231867463,-0.00338401471616072,0.00306836264187086,0.921166548222257,40,-0.000156718382626051,0.00157074063466776,0.980227309245162,"Bacteroides cellulosilyticus","Species","Bacteroides cellulosilyticus","d__Bacteria;p__Bacteroidota;c__Bacteroidia;o__Bacteroidales;f__Bacteroidaceae;g__Bacteroides_s__Bacteroides_cellulosilyticus",NA,NA
"X246787","PFOA",0.00186113198924887,0.00175319980123078,-0.00171454257958081,0.00543680655807856,0.296634750453561,40,0.00159866841775209,0.00150595721766518,0.883140624537261,"Bacteroides cellulosilyticus","Species","Bacteroides cellulosilyticus","d__Bacteria;p__Bacteroidota;c__Bacteroidia;o__Bacteroidales;f__Bacteroidaceae;g__Bacteroides_s__Bacteroides_cellulosilyticus",NA,NA
"X246787","PFHxS",0.00121335320449678,0.00238291748223694,-0.00364663904217854,0.00607334545117209,0.61422591604179,40,0.00120528645433942,0.00236707510435096,0.97745216390902,"Bacteroides cellulosilyticus","Species","Bacteroides cellulosilyticus","d__Bacteria;p__Bacteroidota;c__Bacteroidia;o__Bacteroidales;f__Bacteroidaceae;g__Bacteroides_s__Bacteroides_cellulosilyticus",NA,NA
"X246787","PFNA",0.000402888585382008,0.00145200635282459,-0.00255849789545675,0.00336427506622077,0.783261088114936,40,0.000623798626017033,0.00224816388630412,0.970618145982937,"Bacteroides cellulosilyticus","Species","Bacteroides cellulosilyticus","d__Bacteria;p__Bacteroidota;c__Bacteroidia;o__Bacteroidales;f__Bacteroidaceae;g__Bacteroides_s__Bacteroides_cellulosilyticus",NA,NA
"X2478464","PFNA",0.00278707500913653,0.00226157522422431,-0.00182543807070592,0.00739958808897898,0.227079906640345,40,0.00431527132906312,0.0035016318870579,0.970618145982937,"Enterobacter oligotrophicus","Species","Enterobacter oligotrophicus","d__Bacteria;p__Pseudomonadota;c__Gammaproteobacteria;o__Enterobacterales;f__Enterobacteriaceae;g__Enterobacter_s__Enterobacter_oligotrophicus",NA,NA
"X2478464","PFBS",-0.00164701084384201,0.00250329114537978,-0.00675250679508914,0.00345848510740511,0.515434325668157,40,-0.00163545179416407,0.00248572255023908,0.970519477761367,"Enterobacter oligotrophicus","Species","Enterobacter oligotrophicus","d__Bacteria;p__Pseudomonadota;c__Gammaproteobacteria;o__Enterobacterales;f__Enterobacteriaceae;g__Enterobacter_s__Enterobacter_oligotrophicus",NA,NA
"X2478464","PFOA",-0.00224249231814972,0.00281497367520011,-0.00798366897997227,0.00349868434367282,0.431725002545441,40,-0.00192624793232665,0.00241799589569258,0.883140624537261,"Enterobacter oligotrophicus","Species","Enterobacter oligotrophicus","d__Bacteria;p__Pseudomonadota;c__Gammaproteobacteria;o__Enterobacterales;f__Enterobacteriaceae;g__Enterobacter_s__Enterobacter_oligotrophicus",NA,NA
"X2478464","PFHxS",0.0010976909141289,0.00380737665672385,-0.00666750497275518,0.00886288680101299,0.775031190609363,40,0.00109039312291571,0.0037820640304161,0.97745216390902,"Enterobacter oligotrophicus","Species","Enterobacter oligotrophicus","d__Bacteria;p__Pseudomonadota;c__Gammaproteobacteria;o__Enterobacterales;f__Enterobacteriaceae;g__Enterobacter_s__Enterobacter_oligotrophicus",NA,NA
"X2478464","PFOS",0.000776359023913104,0.00339922515227051,-0.00615640638147148,0.00770912442929769,0.820840692640366,40,0.000696786088508912,0.00305082149476862,0.958535271680885,"Enterobacter oligotrophicus","Species","Enterobacter oligotrophicus","d__Bacteria;p__Pseudomonadota;c__Gammaproteobacteria;o__Enterobacterales;f__Enterobacteriaceae;g__Enterobacter_s__Enterobacter_oligotrophicus",NA,NA
"X2479767","PFBS",0.00218992293591701,0.00183802797771071,-0.00155875983947677,0.00593860571131079,0.242518356931784,40,0.00217455362119648,0.00182512833179566,0.918613929073021,"Blautia sp. SC05B48","Species","Blautia sp. SC05B48","d__Bacteria;p__Bacillota;c__Clostridia;o__Lachnospirales;f__Lachnospiraceae;g__Blautia_s__Blautia_sp._SC05B48",NA,NA
"X2479767","PFOA",-0.0015459812294962,0.00210218648904608,-0.00583341884073853,0.00274145638174613,0.467614179328972,40,-0.00132796135916754,0.00180572853923136,0.883140624537261,"Blautia sp. SC05B48","Species","Blautia sp. SC05B48","d__Bacteria;p__Bacillota;c__Clostridia;o__Lachnospirales;f__Lachnospiraceae;g__Blautia_s__Blautia_sp._SC05B48",NA,NA
"X2479767","PFHxS",-0.00162684136283213,0.00282783103179994,-0.00739424077632513,0.00414055805066087,0.569243369527244,40,-0.00161602561456445,0.0028090307300113,0.97745216390902,"Blautia sp. SC05B48","Species","Blautia sp. SC05B48","d__Bacteria;p__Bacillota;c__Clostridia;o__Lachnospirales;f__Lachnospiraceae;g__Blautia_s__Blautia_sp._SC05B48",NA,NA
"X2479767","PFNA",-5.02366438217612e-05,0.00172720198563628,-0.00357288831816953,0.00347241503052601,0.976982795415199,40,-7.77821723641248e-05,0.00267425353952934,0.988698145590649,"Blautia sp. SC05B48","Species","Blautia sp. SC05B48","d__Bacteria;p__Bacillota;c__Clostridia;o__Lachnospirales;f__Lachnospiraceae;g__Blautia_s__Blautia_sp._SC05B48",NA,NA
"X2479767","PFOS",-0.000800919921643013,0.00253278249693763,-0.00596656388094477,0.00436472403765875,0.753953956363954,40,-0.000718829616480329,0.00227318489864366,0.958535271680885,"Blautia sp. SC05B48","Species","Blautia sp. SC05B48","d__Bacteria;p__Bacillota;c__Clostridia;o__Lachnospirales;f__Lachnospiraceae;g__Blautia_s__Blautia_sp._SC05B48",NA,NA
"X248315","PFNA",-0.00150301619848943,0.00139314192289381,-0.00434434788296991,0.00133831548599106,0.288969873736094,40,-0.00232714321903675,0.00215702317930871,0.970618145982937,"Veillonella rodentium","Species","Veillonella rodentium","d__Bacteria;p__Bacillota;c__Negativicutes;o__Veillonellales;f__Veillonellaceae;g__Veillonella_s__Veillonella_rodentium",NA,NA
"X248315","PFOA",-0.00225413051838726,0.00169442120224737,-0.00570992534422994,0.00120166430745542,0.193115653123198,40,-0.00193624487142969,0.00145546778952289,0.883140624537261,"Veillonella rodentium","Species","Veillonella rodentium","d__Bacteria;p__Bacillota;c__Negativicutes;o__Veillonellales;f__Veillonellaceae;g__Veillonella_s__Veillonella_rodentium",NA,NA
"X248315","PFBS",0.000986329580396531,0.00153408188353749,-0.00214245104895131,0.00411511020974437,0.524987586550656,40,0.000979407323229097,0.00152331539176353,0.970519477761367,"Veillonella rodentium","Species","Veillonella rodentium","d__Bacteria;p__Bacillota;c__Negativicutes;o__Veillonellales;f__Veillonellaceae;g__Veillonella_s__Veillonella_rodentium",NA,NA
"X248315","PFOS",-0.00072127237432563,0.00208020869874618,-0.00496388598672923,0.00352134123807797,0.731136276274111,40,-0.000647345546294755,0.00186699766195259,0.958535271680885,"Veillonella rodentium","Species","Veillonella rodentium","d__Bacteria;p__Bacillota;c__Negativicutes;o__Veillonellales;f__Veillonellaceae;g__Veillonella_s__Veillonella_rodentium",NA,NA
"X248315","PFHxS",0.00114260159216506,0.00232662743958006,-0.00360258635561331,0.00588778953994343,0.62681617497274,40,0.00113500522077111,0.00231115929543639,0.97745216390902,"Veillonella rodentium","Species","Veillonella rodentium","d__Bacteria;p__Bacillota;c__Negativicutes;o__Veillonellales;f__Veillonellaceae;g__Veillonella_s__Veillonella_rodentium",NA,NA
"X2500132","PFOS",0.000639033516033676,0.0024723332758604,-0.00440332344405689,0.00568139047612424,0.797749675502375,40,0.00057353576161052,0.00221893142182374,0.958535271680885,"Enterobacter sp. N18-03635","Species","Enterobacter sp. N18-03635","d__Bacteria;p__Pseudomonadota;c__Gammaproteobacteria;o__Enterobacterales;f__Enterobacteriaceae;g__Enterobacter_s__Enterobacter_sp._N18-03635",NA,NA
"X2500132","PFOA",-0.0027166231025443,0.00201036986521761,-0.00681679947488575,0.00138355326979714,0.186377630046965,40,-0.00233351507687858,0.00172686022812439,0.883140624537261,"Enterobacter sp. N18-03635","Species","Enterobacter sp. N18-03635","d__Bacteria;p__Pseudomonadota;c__Gammaproteobacteria;o__Enterobacterales;f__Enterobacteriaceae;g__Enterobacter_s__Enterobacter_sp._N18-03635",NA,NA
"X2500132","PFNA",0.000270793372407356,0.00168440050071378,-0.00316456409791523,0.00370615084272994,0.873321250980255,40,0.000419273565375553,0.0026079833386478,0.970618145982937,"Enterobacter sp. N18-03635","Species","Enterobacter sp. N18-03635","d__Bacteria;p__Pseudomonadota;c__Gammaproteobacteria;o__Enterobacterales;f__Enterobacteriaceae;g__Enterobacter_s__Enterobacter_sp._N18-03635",NA,NA
"X2500132","PFBS",0.00274390058013412,0.00176633908093079,-0.000858571726319703,0.00634637288658794,0.130469123492918,40,0.00272464334012523,0.00175394256195163,0.918613929073021,"Enterobacter sp. N18-03635","Species","Enterobacter sp. N18-03635","d__Bacteria;p__Pseudomonadota;c__Gammaproteobacteria;o__Enterobacterales;f__Enterobacteriaceae;g__Enterobacter_s__Enterobacter_sp._N18-03635",NA,NA
"X2500132","PFHxS",0.000499472758464482,0.00277210381995228,-0.00515427025713504,0.006153215774064,0.858185335862685,40,0.000496152107941612,0.00275367401003137,0.999201481369411,"Enterobacter sp. N18-03635","Species","Enterobacter sp. N18-03635","d__Bacteria;p__Pseudomonadota;c__Gammaproteobacteria;o__Enterobacterales;f__Enterobacteriaceae;g__Enterobacter_s__Enterobacter_sp._N18-03635",NA,NA
"X2507159","PFOS",-8.22661451455411e-06,0.00199514748253874,-0.00407735673269625,0.00406090350366714,0.996736503389918,40,-7.38342747711578e-06,0.00179065479699012,0.996736503389918,"Clostridium sp. JN-9","Species","Clostridium sp. JN-9","d__Bacteria;p__Bacillota;c__Clostridia;o__Eubacteriales;f__Clostridiaceae;g__Clostridium_s__Clostridium_sp._JN-9",NA,NA
"X2507159","PFBS",-0.00123029783483245,0.0014616582803977,-0.0042113695517402,0.0017507738820753,0.406394862304305,40,-0.00122166335993226,0.00145140007187499,0.918613929073021,"Clostridium sp. JN-9","Species","Clostridium sp. JN-9","d__Bacteria;p__Bacillota;c__Clostridia;o__Eubacteriales;f__Clostridiaceae;g__Clostridium_s__Clostridium_sp._JN-9",NA,NA
"X2507159","PFNA",0.0016809527468075,0.00132442291810911,-0.0010202256033916,0.0043821310970066,0.213817651387714,40,0.0026026451279672,0.00205062448170026,0.970618145982937,"Clostridium sp. JN-9","Species","Clostridium sp. JN-9","d__Bacteria;p__Bacillota;c__Clostridia;o__Eubacteriales;f__Clostridiaceae;g__Clostridium_s__Clostridium_sp._JN-9",NA,NA
"X2507159","PFOA",-0.000911436284749232,0.00165959609271286,-0.00429620483142405,0.00247333226192558,0.586808533738252,40,-0.000782902239948041,0.00142555384302195,0.910312787196285,"Clostridium sp. JN-9","Species","Clostridium sp. JN-9","d__Bacteria;p__Bacillota;c__Clostridia;o__Eubacteriales;f__Clostridiaceae;g__Clostridium_s__Clostridium_sp._JN-9",NA,NA
"X2507159","PFHxS",-0.00374617523486,0.00213218200934259,-0.00809478911307874,0.000602438643358729,0.0887975931631945,40,-0.00372126949467381,0.00211800659900401,0.97745216390902,"Clostridium sp. JN-9","Species","Clostridium sp. JN-9","d__Bacteria;p__Bacillota;c__Clostridia;o__Eubacteriales;f__Clostridiaceae;g__Clostridium_s__Clostridium_sp._JN-9",NA,NA
"X254785","PFBS",0.000733830661474009,0.00114655065297384,-0.00160457481224071,0.00307223613518873,0.526853430784742,40,0.00072868049193937,0.0011385039324525,0.970519477761367,"Streptococcus halichoeri","Species","Streptococcus halichoeri","d__Bacteria;p__Bacillota;c__Bacilli;o__Lactobacillales;f__Streptococcaceae;g__Streptococcus_s__Streptococcus_halichoeri",NA,NA
"X254785","PFHxS",0.000745272206749828,0.00174039522698517,-0.00280428726073056,0.00429483167423021,0.671451516199492,40,0.000740317404909119,0.00172882453724775,0.97745216390902,"Streptococcus halichoeri","Species","Streptococcus halichoeri","d__Bacteria;p__Bacillota;c__Bacilli;o__Lactobacillales;f__Streptococcaceae;g__Streptococcus_s__Streptococcus_halichoeri",NA,NA
"X254785","PFNA",0.000477273586948032,0.00105704815590252,-0.00167859034050368,0.00263313751439974,0.654761184278639,40,0.000738970074046926,0.00163664400335546,0.970618145982937,"Streptococcus halichoeri","Species","Streptococcus halichoeri","d__Bacteria;p__Bacillota;c__Bacilli;o__Lactobacillales;f__Streptococcaceae;g__Streptococcus_s__Streptococcus_halichoeri",NA,NA
"X254785","PFOA",0.0013569442264298,0.00127894131654545,-0.00125147378581658,0.00396536223867617,0.296890856212169,40,0.00116558303869671,0.00109858038157985,0.883140624537261,"Streptococcus halichoeri","Species","Streptococcus halichoeri","d__Bacteria;p__Bacillota;c__Bacilli;o__Lactobacillales;f__Streptococcaceae;g__Streptococcus_s__Streptococcus_halichoeri",NA,NA
"X254785","PFOS",1.78196028586623e-05,0.00155763384105879,-0.00315899556054282,0.00319463476626014,0.990945569046206,40,1.5993182267769e-05,0.00139798412591381,0.996736503389918,"Streptococcus halichoeri","Species","Streptococcus halichoeri","d__Bacteria;p__Bacillota;c__Bacilli;o__Lactobacillales;f__Streptococcaceae;g__Streptococcus_s__Streptococcus_halichoeri",NA,NA
"X2565914","PFBS",0.00173324571044883,0.00182366948791966,-0.00198615273194617,0.00545264415284383,0.349252120052161,40,0.00172108144732569,0.00181087061274174,0.918613929073021,"Enterobacter sp. 18A13","Species","Enterobacter sp. 18A13","d__Bacteria;p__Pseudomonadota;c__Gammaproteobacteria;o__Enterobacterales;f__Enterobacteriaceae;g__Enterobacter_s__Enterobacter_sp._18A13",NA,NA
"X2565914","PFHxS",0.00366270088019122,0.00271970054638745,-0.00188416495433764,0.00920956671472007,0.187831393928784,40,0.00363835010352361,0.00270161912975689,0.97745216390902,"Enterobacter sp. 18A13","Species","Enterobacter sp. 18A13","d__Bacteria;p__Pseudomonadota;c__Gammaproteobacteria;o__Enterobacterales;f__Enterobacteriaceae;g__Enterobacter_s__Enterobacter_sp._18A13",NA,NA
"X2565914","PFNA",-0.00119308089621232,0.00168647370487679,-0.00463266669430251,0.00224650490187786,0.484577221417675,40,-0.00184726559845012,0.00261119331270828,0.970618145982937,"Enterobacter sp. 18A13","Species","Enterobacter sp. 18A13","d__Bacteria;p__Pseudomonadota;c__Gammaproteobacteria;o__Enterobacterales;f__Enterobacteriaceae;g__Enterobacter_s__Enterobacter_sp._18A13",NA,NA
"X2565914","PFOA",-0.00479455356817011,0.00190112724024413,-0.00867192813795852,-0.000917178998381712,0.0170218020198685,40,-0.00411840826493321,0.00163302339364608,0.595763070695396,"Enterobacter sp. 18A13","Species","Enterobacter sp. 18A13","d__Bacteria;p__Pseudomonadota;c__Gammaproteobacteria;o__Enterobacterales;f__Enterobacteriaceae;g__Enterobacter_s__Enterobacter_sp._18A13",NA,NA
"X2565914","PFOS",-0.00118093842908855,0.00248789967553385,-0.0062550432706251,0.00389316641244801,0.638347164266131,40,-0.00105989811856243,0.00223290234301682,0.958535271680885,"Enterobacter sp. 18A13","Species","Enterobacter sp. 18A13","d__Bacteria;p__Pseudomonadota;c__Gammaproteobacteria;o__Enterobacterales;f__Enterobacteriaceae;g__Enterobacter_s__Enterobacter_sp._18A13",NA,NA
"X2587529","PFHxS",-0.00620314548398455,0.00298871229811704,-0.0122986644034046,-0.000107626564564543,0.0463233122578188,40,-0.00616190504004491,0.0029688424075429,0.97745216390902,"Klebsiella pasteurii","Species","Klebsiella pasteurii","d__Bacteria;p__Pseudomonadota;c__Gammaproteobacteria;o__Enterobacterales;f__Enterobacteriaceae;g__Klebsiella_s__Klebsiella_pasteurii",NA,NA
"X2587529","PFOS",-0.00592348305966009,0.00263996239609065,-0.0113077218644679,-0.000539244254852331,0.0321305739599076,40,-0.00531635553185935,0.0023693793916518,0.529962442178231,"Klebsiella pasteurii","Species","Klebsiella pasteurii","d__Bacteria;p__Pseudomonadota;c__Gammaproteobacteria;o__Enterobacterales;f__Enterobacteriaceae;g__Klebsiella_s__Klebsiella_pasteurii",NA,NA
"X2587529","PFBS",-0.000906903077158463,0.00210259020050661,-0.00519516406335301,0.00338135790903608,0.669215726724541,40,-0.000900538250987981,0.0020878338042929,0.980227309245162,"Klebsiella pasteurii","Species","Klebsiella pasteurii","d__Bacteria;p__Pseudomonadota;c__Gammaproteobacteria;o__Enterobacterales;f__Enterobacteriaceae;g__Klebsiella_s__Klebsiella_pasteurii",NA,NA
"X2587529","PFNA",0.00422047772696443,0.00178348152701424,0.000583043171219292,0.00785791228270958,0.024390226089012,40,0.00653463091966139,0.00276139202361211,0.656107229639914,"Klebsiella pasteurii","Species","Klebsiella pasteurii","d__Bacteria;p__Pseudomonadota;c__Gammaproteobacteria;o__Enterobacterales;f__Enterobacteriaceae;g__Klebsiella_s__Klebsiella_pasteurii",NA,NA
"X2587529","PFOA",-0.00384842669515678,0.00227644247797154,-0.00849126173892771,0.000794408348614139,0.100956499622086,40,-0.00330570762907805,0.00195541031769121,0.883140624537261,"Klebsiella pasteurii","Species","Klebsiella pasteurii","d__Bacteria;p__Pseudomonadota;c__Gammaproteobacteria;o__Enterobacterales;f__Enterobacteriaceae;g__Klebsiella_s__Klebsiella_pasteurii",NA,NA
"X2596949","PFHxS",-0.00149841043531674,0.00285411139823874,-0.0073194090095379,0.00432258813890442,0.603317546310592,40,-0.0014884485358714,0.00283513637638564,0.97745216390902,"Enterobacter sp. E76","Species","Enterobacter sp. E76","d__Bacteria;p__Pseudomonadota;c__Gammaproteobacteria;o__Enterobacterales;f__Enterobacteriaceae;g__Enterobacter_s__Enterobacter_sp._E76",NA,NA
"X2596949","PFOA",-0.00134825040409134,0.00212450442214224,-0.00568120573997908,0.00298470493179639,0.530333169698999,40,-0.00115811525066108,0.00182489911659849,0.910312787196285,"Enterobacter sp. E76","Species","Enterobacter sp. E76","d__Bacteria;p__Pseudomonadota;c__Gammaproteobacteria;o__Enterobacterales;f__Enterobacteriaceae;g__Enterobacter_s__Enterobacter_sp._E76",NA,NA
"X2596949","PFOS",-0.00222857330938416,0.00252667066569235,-0.00738175210667907,0.00292460548791075,0.384554393046795,40,-0.00200015563852704,0.00226769949967766,0.932107577314383,"Enterobacter sp. E76","Species","Enterobacter sp. E76","d__Bacteria;p__Pseudomonadota;c__Gammaproteobacteria;o__Enterobacterales;f__Enterobacteriaceae;g__Enterobacter_s__Enterobacter_sp._E76",NA,NA
"X2596949","PFNA",-0.00370737429195792,0.00160943266897424,-0.00698983386140054,-0.000424914722515299,0.028118881270282,40,-0.00574018493788159,0.00249190948564881,0.656107229639914,"Enterobacter sp. E76","Species","Enterobacter sp. E76","d__Bacteria;p__Pseudomonadota;c__Gammaproteobacteria;o__Enterobacterales;f__Enterobacteriaceae;g__Enterobacter_s__Enterobacter_sp._E76",NA,NA
"X2596949","PFBS",-0.000221000367719794,0.00189501716393342,-0.004085913354714,0.00364391261927441,0.907912004130596,40,-0.000219449343184122,0.00188171755657482,0.980227309245162,"Enterobacter sp. E76","Species","Enterobacter sp. E76","d__Bacteria;p__Pseudomonadota;c__Gammaproteobacteria;o__Enterobacterales;f__Enterobacteriaceae;g__Enterobacter_s__Enterobacter_sp._E76",NA,NA
"X2598457","PFBS",0.00012269216134545,0.00116312262710189,-0.00224951207643677,0.00249489639912767,0.916670467913249,40,0.000121831083354744,0.00115495960117011,0.980227309245162,"Streptococcus sp. KS 6","Species","Streptococcus sp. KS 6","d__Bacteria;p__Bacillota;c__Bacilli;o__Lactobacillales;f__Streptococcaceae;g__Streptococcus_s__Streptococcus_sp._KS_6",NA,NA
"X2598457","PFHxS",-0.00141051174805295,0.00174116194767716,-0.00496163495269428,0.00214061145658839,0.424059156122224,40,-0.00140113422646782,0.00172958616054168,0.97745216390902,"Streptococcus sp. KS 6","Species","Streptococcus sp. KS 6","d__Bacteria;p__Bacillota;c__Bacilli;o__Lactobacillales;f__Streptococcaceae;g__Streptococcus_s__Streptococcus_sp._KS_6",NA,NA
"X2598457","PFNA",0.000329152741008211,0.00106736399771407,-0.00184775048452906,0.00250605596654548,0.759856664164396,40,0.000509632278104824,0.00165261618073089,0.970618145982937,"Streptococcus sp. KS 6","Species","Streptococcus sp. KS 6","d__Bacteria;p__Bacillota;c__Bacilli;o__Lactobacillales;f__Streptococcaceae;g__Streptococcus_s__Streptococcus_sp._KS_6",NA,NA
"X2598457","PFOA",-0.00072738443832665,0.0013058492320649,-0.00339068150608945,0.00193591262943615,0.581513317109068,40,-0.000624806051281976,0.00112169364543055,0.910312787196285,"Streptococcus sp. KS 6","Species","Streptococcus sp. KS 6","d__Bacteria;p__Bacillota;c__Bacilli;o__Lactobacillales;f__Streptococcaceae;g__Streptococcus_s__Streptococcus_sp._KS_6",NA,NA
"X2598457","PFOS",-0.000432334642628615,0.00156817335525852,-0.00363064528695894,0.00276597600170171,0.78461325082091,40,-0.000388022493827299,0.00140744339237149,0.958535271680885,"Streptococcus sp. KS 6","Species","Streptococcus sp. KS 6","d__Bacteria;p__Bacillota;c__Bacilli;o__Lactobacillales;f__Streptococcaceae;g__Streptococcus_s__Streptococcus_sp._KS_6",NA,NA
"X2682455","PFHxS",-0.00071092433503563,0.00166782933465067,-0.00411248468935006,0.0026906360192788,0.672865779225971,40,-0.000706197888548109,0.00165674108557541,0.97745216390902,"Veillonella sp. S12025-13","Species","Veillonella sp. S12025-13","d__Bacteria;p__Bacillota;c__Negativicutes;o__Veillonellales;f__Veillonellaceae;g__Veillonella_s__Veillonella_sp._S12025-13",NA,NA
"X2682455","PFOA",-0.000394208701782781,0.00124562604393892,-0.00293467976757778,0.00214626236401222,0.753763778046038,40,-0.000338615963394153,0.00106996334933683,0.950693053391399,"Veillonella sp. S12025-13","Species","Veillonella sp. S12025-13","d__Bacteria;p__Bacillota;c__Negativicutes;o__Veillonellales;f__Veillonellaceae;g__Veillonella_s__Veillonella_sp._S12025-13",NA,NA
"X2682455","PFOS",-0.00371082032008701,0.00133559276100354,-0.00643477971506344,-0.00098686092511059,0.00919339029849418,40,-0.00333047970893712,0.00119870115129187,0.422519842029097,"Veillonella sp. S12025-13","Species","Veillonella sp. S12025-13","d__Bacteria;p__Bacillota;c__Negativicutes;o__Veillonellales;f__Veillonellaceae;g__Veillonella_s__Veillonella_sp._S12025-13",NA,NA
"X2682455","PFBS",3.03163841848294e-05,0.00110593773973582,-0.00222525850688363,0.00228589127525328,0.978306537536006,40,3.01036177709601e-05,0.00109817604871714,0.98535665852819,"Veillonella sp. S12025-13","Species","Veillonella sp. S12025-13","d__Bacteria;p__Bacillota;c__Negativicutes;o__Veillonellales;f__Veillonellaceae;g__Veillonella_s__Veillonella_sp._S12025-13",NA,NA
"X2682455","PFNA",0.00280224163221622,0.000882893804090368,0.00100156784703384,0.0046029154173986,0.00338636311975098,40,0.00433875404607646,0.00136699812775366,0.237045418382568,"Veillonella sp. S12025-13","Species","Veillonella sp. S12025-13","d__Bacteria;p__Bacillota;c__Negativicutes;o__Veillonellales;f__Veillonellaceae;g__Veillonella_s__Veillonella_sp._S12025-13",NA,NA
"X2686210","PFOA",0.000147337513695461,0.00136803826923649,-0.00264279493159724,0.00293746995898816,0.914927830783778,40,0.000126559444067216,0.00117511255941996,0.972827605142579,"Streptococcus ruminicola","Species","Streptococcus ruminicola","d__Bacteria;p__Bacillota;c__Bacilli;o__Lactobacillales;f__Streptococcaceae;g__Streptococcus_s__Streptococcus_ruminicola",NA,NA
"X2686210","PFBS",0.000378130472417697,0.00121100359910245,-0.0020917276515862,0.0028479885964216,0.756944611996997,40,0.00037547667755547,0.00120250453498607,0.980227309245162,"Streptococcus ruminicola","Species","Streptococcus ruminicola","d__Bacteria;p__Bacillota;c__Bacilli;o__Lactobacillales;f__Streptococcaceae;g__Streptococcus_s__Streptococcus_ruminicola",NA,NA
"X2686210","PFOS",0.000123482950995779,0.00163685360416378,-0.00321490198447867,0.00346186788647023,0.940350003579346,40,0.00011082656319007,0.00146908425763935,0.996736503389918,"Streptococcus ruminicola","Species","Streptococcus ruminicola","d__Bacteria;p__Bacillota;c__Bacilli;o__Lactobacillales;f__Streptococcaceae;g__Streptococcus_s__Streptococcus_ruminicola",NA,NA
"X2686210","PFHxS",-0.00151058871108491,0.00181430220180424,-0.00521088244749127,0.00218970502532145,0.411438826780962,40,-0.00150054584666779,0.00180224015547045,0.97745216390902,"Streptococcus ruminicola","Species","Streptococcus ruminicola","d__Bacteria;p__Bacillota;c__Bacilli;o__Lactobacillales;f__Streptococcaceae;g__Streptococcus_s__Streptococcus_ruminicola",NA,NA
"X2686210","PFNA",0.001227972588668,0.00109251570691743,-0.00100022788598937,0.00345617306332537,0.269647588576066,40,0.00190128894535786,0.00169155896097411,0.970618145982937,"Streptococcus ruminicola","Species","Streptococcus ruminicola","d__Bacteria;p__Bacillota;c__Bacilli;o__Lactobacillales;f__Streptococcaceae;g__Streptococcus_s__Streptococcus_ruminicola",NA,NA
"X2697371","PFBS",0.00102643532995856,0.000857914000136266,-0.00072329180917108,0.00277616246908821,0.240598868979868,40,0.00101923160266403,0.000851892989051819,0.918613929073021,"Klebsiella sp. MPUS7","Species","Klebsiella sp. MPUS7","d__Bacteria;p__Pseudomonadota;c__Gammaproteobacteria;o__Enterobacterales;f__Enterobacteriaceae;g__Klebsiella_s__Klebsiella_sp._MPUS7",NA,NA
"X2697371","PFHxS",0.00117318048850756,0.00131034951317309,-0.00149929496308794,0.00384565594010307,0.377516294417245,40,0.00116538081908303,0.00130163790133376,0.97745216390902,"Klebsiella sp. MPUS7","Species","Klebsiella sp. MPUS7","d__Bacteria;p__Pseudomonadota;c__Gammaproteobacteria;o__Enterobacterales;f__Enterobacteriaceae;g__Klebsiella_s__Klebsiella_sp._MPUS7",NA,NA
"X2697371","PFNA",-0.000307880759647922,0.000804445615252184,-0.00194855840884938,0.00133279688955354,0.704536013667189,40,-0.000476696540467515,0.00124553558404723,0.970618145982937,"Klebsiella sp. MPUS7","Species","Klebsiella sp. MPUS7","d__Bacteria;p__Pseudomonadota;c__Gammaproteobacteria;o__Enterobacterales;f__Enterobacteriaceae;g__Klebsiella_s__Klebsiella_sp._MPUS7",NA,NA
"X2697371","PFOA",-0.000314478905781526,0.000988303122016935,-0.00233013641225062,0.00170117860068756,0.752466390056588,40,-0.000270129951892914,0.000848929037521899,0.950693053391399,"Klebsiella sp. MPUS7","Species","Klebsiella sp. MPUS7","d__Bacteria;p__Pseudomonadota;c__Gammaproteobacteria;o__Enterobacterales;f__Enterobacteriaceae;g__Klebsiella_s__Klebsiella_sp._MPUS7",NA,NA
"X2697371","PFOS",-0.00141838021552983,0.00115659552174685,-0.0037772723341744,0.000940511903114733,0.229304362563386,40,-0.00127300330382722,0.00103805023804954,0.844805546286159,"Klebsiella sp. MPUS7","Species","Klebsiella sp. MPUS7","d__Bacteria;p__Pseudomonadota;c__Gammaproteobacteria;o__Enterobacterales;f__Enterobacteriaceae;g__Klebsiella_s__Klebsiella_sp._MPUS7",NA,NA
"X2715212","PFBS",0.00142300048955335,0.00139912751801806,-0.00143053889666772,0.00427653987577442,0.3169960658694,40,0.00141301358909548,0.00138930816282255,0.918613929073021,"Bacteroides faecium","Species","Bacteroides faecium","d__Bacteria;p__Bacteroidota;c__Bacteroidia;o__Bacteroidales;f__Bacteroidaceae;g__Bacteroides_s__Bacteroides_faecium",NA,NA
"X2715212","PFHxS",0.00363196956072919,0.00204985342844179,-0.000548734069719612,0.00781267319117799,0.0862550869847881,40,0.00360782309544856,0.00203622536416079,0.97745216390902,"Bacteroides faecium","Species","Bacteroides faecium","d__Bacteria;p__Bacteroidota;c__Bacteroidia;o__Bacteroidales;f__Bacteroidaceae;g__Bacteroides_s__Bacteroides_faecium",NA,NA
"X2715212","PFOA",0.000921513737872239,0.0015959308471995,-0.00233340868450996,0.00417643616025444,0.567829818573031,40,0.00079155853414544,0.00137086690093585,0.910312787196285,"Bacteroides faecium","Species","Bacteroides faecium","d__Bacteria;p__Bacteroidota;c__Bacteroidia;o__Bacteroidales;f__Bacteroidaceae;g__Bacteroides_s__Bacteroides_faecium",NA,NA
"X2715212","PFOS",0.00180774286652183,0.00189192699852612,-0.00205086768657258,0.00566635341961624,0.346715483399101,40,0.0016224582212554,0.0016980138987796,0.884294028876767,"Bacteroides faecium","Species","Bacteroides faecium","d__Bacteria;p__Bacteroidota;c__Bacteroidia;o__Bacteroidales;f__Bacteroidaceae;g__Bacteroides_s__Bacteroides_faecium",NA,NA
"X2715212","PFNA",-4.33002833387282e-05,0.00130692722491047,-0.00270879593200517,0.00262219536532771,0.973782237961211,40,-6.70424981815658e-05,0.00202353562941079,0.988698145590649,"Bacteroides faecium","Species","Bacteroides faecium","d__Bacteria;p__Bacteroidota;c__Bacteroidia;o__Bacteroidales;f__Bacteroidaceae;g__Bacteroides_s__Bacteroides_faecium",NA,NA
"X2725997","PFBS",-0.00159297975660268,0.000943830477093525,-0.00351793470575366,0.000331975192548305,0.101490978691693,40,-0.00158179990784128,0.000937206487085766,0.918613929073021,"Escherichia sp. SCLE84","Species","Escherichia sp. SCLE84","d__Bacteria;p__Pseudomonadota;c__Gammaproteobacteria;o__Enterobacterales;f__Enterobacteriaceae;g__Escherichia_s__Escherichia_sp._SCLE84",NA,NA
"X2725997","PFOS",0.000161882357022993,0.00133076789164053,-0.00255223665201046,0.00287600136605645,0.903964647078038,40,0.000145290221243413,0.00119437080702142,0.995366591716189,"Escherichia sp. SCLE84","Species","Escherichia sp. SCLE84","d__Bacteria;p__Pseudomonadota;c__Gammaproteobacteria;o__Enterobacterales;f__Enterobacteriaceae;g__Escherichia_s__Escherichia_sp._SCLE84",NA,NA
"X2725997","PFNA",-8.13766529480886e-05,0.000906152508472287,-0.00192948687846315,0.00176673357256698,0.929020225440812,40,-0.000125996729966303,0.00140300993936311,0.970618145982937,"Escherichia sp. SCLE84","Species","Escherichia sp. SCLE84","d__Bacteria;p__Pseudomonadota;c__Gammaproteobacteria;o__Enterobacterales;f__Enterobacteriaceae;g__Escherichia_s__Escherichia_sp._SCLE84",NA,NA
"X2725997","PFHxS",-0.000625822808141371,0.00148741353112317,-0.00365942270521904,0.0024077770889363,0.676843429316428,40,-0.000621662143120385,0.0014775247425233,0.97745216390902,"Escherichia sp. SCLE84","Species","Escherichia sp. SCLE84","d__Bacteria;p__Pseudomonadota;c__Gammaproteobacteria;o__Enterobacterales;f__Enterobacteriaceae;g__Escherichia_s__Escherichia_sp._SCLE84",NA,NA
"X2725997","PFOA",0.000586136480989527,0.00110759980137854,-0.001672828207148,0.00284510116912706,0.600439358724028,40,0.000503477392287733,0.000951402067237041,0.910312787196285,"Escherichia sp. SCLE84","Species","Escherichia sp. SCLE84","d__Bacteria;p__Pseudomonadota;c__Gammaproteobacteria;o__Enterobacterales;f__Enterobacteriaceae;g__Escherichia_s__Escherichia_sp._SCLE84",NA,NA
"X2742639","PFOS",0.00315052678282224,0.00159538844586249,-0.000103289404739779,0.00640434297038426,0.0572585172019498,40,0.00282761347022223,0.00143186907165938,0.541453455824783,"Enterobacter sp. RHBSTW-00175","Species","Enterobacter sp. RHBSTW-00175","d__Bacteria;p__Pseudomonadota;c__Gammaproteobacteria;o__Enterobacterales;f__Enterobacteriaceae;g__Enterobacter_s__Enterobacter_sp._RHBSTW-00175",NA,NA
"X2742639","PFHxS",-0.0005115938527972,0.00189473631585903,-0.00437593404636729,0.00335274634077289,0.788943532297995,40,-0.000508192617462543,0.00188213951847352,0.97745216390902,"Enterobacter sp. RHBSTW-00175","Species","Enterobacter sp. RHBSTW-00175","d__Bacteria;p__Pseudomonadota;c__Gammaproteobacteria;o__Enterobacterales;f__Enterobacteriaceae;g__Enterobacter_s__Enterobacter_sp._RHBSTW-00175",NA,NA
"X2742639","PFNA",0.000257778746514325,0.0011515895200064,-0.00209090356426791,0.00260646105729656,0.824345808778072,40,0.00039912281887947,0.00178302385915073,0.970618145982937,"Enterobacter sp. RHBSTW-00175","Species","Enterobacter sp. RHBSTW-00175","d__Bacteria;p__Pseudomonadota;c__Gammaproteobacteria;o__Enterobacterales;f__Enterobacteriaceae;g__Enterobacter_s__Enterobacter_sp._RHBSTW-00175",NA,NA
"X2742639","PFOA",0.000164064168140985,0.00141459509566177,-0.00272102155066761,0.00304914988694958,0.908416781100233,40,0.000140927245142681,0.00121510377362014,0.972827605142579,"Enterobacter sp. RHBSTW-00175","Species","Enterobacter sp. RHBSTW-00175","d__Bacteria;p__Pseudomonadota;c__Gammaproteobacteria;o__Enterobacterales;f__Enterobacteriaceae;g__Enterobacter_s__Enterobacter_sp._RHBSTW-00175",NA,NA
"X2742639","PFBS",-0.000441915628975227,0.00125170740821219,-0.00299478971897799,0.00211095846102753,0.726440232861415,40,-0.000438814177197977,0.00124292267666785,0.980227309245162,"Enterobacter sp. RHBSTW-00175","Species","Enterobacter sp. RHBSTW-00175","d__Bacteria;p__Pseudomonadota;c__Gammaproteobacteria;o__Enterobacterales;f__Enterobacteriaceae;g__Enterobacter_s__Enterobacter_sp._RHBSTW-00175",NA,NA
"X2742643","PFBS",0.000275105424279097,0.0023821802335356,-0.00458338319375651,0.0051335940423147,0.908805764207621,40,0.000273174679695476,0.00236546161886212,0.980227309245162,"Enterobacter sp. RHBSTW-00318","Species","Enterobacter sp. RHBSTW-00318","d__Bacteria;p__Pseudomonadota;c__Gammaproteobacteria;o__Enterobacterales;f__Enterobacteriaceae;g__Enterobacter_s__Enterobacter_sp._RHBSTW-00318",NA,NA
"X2742643","PFHxS",-0.00223425643157278,0.00358132208485762,-0.00953841097951631,0.00506989811637076,0.53728126328694,40,-0.00221940239867109,0.00355751233977721,0.97745216390902,"Enterobacter sp. RHBSTW-00318","Species","Enterobacter sp. RHBSTW-00318","d__Bacteria;p__Pseudomonadota;c__Gammaproteobacteria;o__Enterobacterales;f__Enterobacteriaceae;g__Enterobacter_s__Enterobacter_sp._RHBSTW-00318",NA,NA
"X2742643","PFNA",0.00108678900169808,0.00218076828397801,-0.00336091723694989,0.00553449524034605,0.621753878770862,40,0.00168269221473943,0.0033765172520764,0.970618145982937,"Enterobacter sp. RHBSTW-00318","Species","Enterobacter sp. RHBSTW-00318","d__Bacteria;p__Pseudomonadota;c__Gammaproteobacteria;o__Enterobacterales;f__Enterobacteriaceae;g__Enterobacter_s__Enterobacter_sp._RHBSTW-00318",NA,NA
"X2742643","PFOA",0.00231651011887085,0.00265554858508432,-0.00309951692796759,0.00773253716570928,0.389735960125453,40,0.00198982747480289,0.00228105350899584,0.883140624537261,"Enterobacter sp. RHBSTW-00318","Species","Enterobacter sp. RHBSTW-00318","d__Bacteria;p__Pseudomonadota;c__Gammaproteobacteria;o__Enterobacterales;f__Enterobacteriaceae;g__Enterobacter_s__Enterobacter_sp._RHBSTW-00318",NA,NA
"X2742643","PFOS",0.00145214743683301,0.00320521633209168,-0.00508493437107734,0.00798922924474337,0.653662576227647,40,0.00130330955303273,0.00287669761292427,0.958535271680885,"Enterobacter sp. RHBSTW-00318","Species","Enterobacter sp. RHBSTW-00318","d__Bacteria;p__Pseudomonadota;c__Gammaproteobacteria;o__Enterobacterales;f__Enterobacteriaceae;g__Enterobacter_s__Enterobacter_sp._RHBSTW-00318",NA,NA
"X2742672","PFBS",0.000544738404985921,0.00164369354908082,-0.00280759669011944,0.00389707350009129,0.742563983524336,40,0.000540915322516089,0.00163215778083729,0.980227309245162,"Enterobacter sp. RHBSTW-00974","Species","Enterobacter sp. RHBSTW-00974","d__Bacteria;p__Pseudomonadota;c__Gammaproteobacteria;o__Enterobacterales;f__Enterobacteriaceae;g__Enterobacter_s__Enterobacter_sp._RHBSTW-00974",NA,NA
"X2742672","PFOA",0.0016560173683945,0.00183358549756442,-0.00208360490900558,0.00539563964579458,0.373406887836196,40,0.00142247980336402,0.00157500663205919,0.883140624537261,"Enterobacter sp. RHBSTW-00974","Species","Enterobacter sp. RHBSTW-00974","d__Bacteria;p__Pseudomonadota;c__Gammaproteobacteria;o__Enterobacterales;f__Enterobacteriaceae;g__Enterobacter_s__Enterobacter_sp._RHBSTW-00974",NA,NA
"X2742672","PFOS",0.00177009261978132,0.00219948629559506,-0.00271578925524944,0.00625597449481208,0.427078634100057,40,0.00158866693739102,0.00197404989886249,0.933011307596666,"Enterobacter sp. RHBSTW-00974","Species","Enterobacter sp. RHBSTW-00974","d__Bacteria;p__Pseudomonadota;c__Gammaproteobacteria;o__Enterobacterales;f__Enterobacteriaceae;g__Enterobacter_s__Enterobacter_sp._RHBSTW-00974",NA,NA
"X2742672","PFHxS",-0.00154597260078483,0.00247489809751964,-0.00659356054913701,0.00350161534756736,0.536764398959024,40,-0.00153569449324414,0.00245844420384415,0.97745216390902,"Enterobacter sp. RHBSTW-00974","Species","Enterobacter sp. RHBSTW-00974","d__Bacteria;p__Pseudomonadota;c__Gammaproteobacteria;o__Enterobacterales;f__Enterobacteriaceae;g__Enterobacter_s__Enterobacter_sp._RHBSTW-00974",NA,NA
"X2742672","PFNA",0.000240581195981829,0.00151246703639413,-0.00284411566197533,0.00332527805393899,0.874649139199438,40,0.000372495585489728,0.00234177609748893,0.970618145982937,"Enterobacter sp. RHBSTW-00974","Species","Enterobacter sp. RHBSTW-00974","d__Bacteria;p__Pseudomonadota;c__Gammaproteobacteria;o__Enterobacterales;f__Enterobacteriaceae;g__Enterobacter_s__Enterobacter_sp._RHBSTW-00974",NA,NA
"X2742673","PFBS",-0.000386414772096779,0.00126474001260067,-0.00296586903399142,0.00219303948979786,0.762005517944975,40,-0.000383702836371731,0.00125586381564666,0.980227309245162,"Enterobacter sp. RHBSTW-00975","Species","Enterobacter sp. RHBSTW-00975","d__Bacteria;p__Pseudomonadota;c__Gammaproteobacteria;o__Enterobacterales;f__Enterobacteriaceae;g__Enterobacter_s__Enterobacter_sp._RHBSTW-00975",NA,NA
"X2742673","PFNA",0.00121275444276891,0.00114337144506471,-0.00111916699366625,0.00354467587920407,0.297028375243679,40,0.00187772645476662,0.00177029968665457,0.970618145982937,"Enterobacter sp. RHBSTW-00975","Species","Enterobacter sp. RHBSTW-00975","d__Bacteria;p__Pseudomonadota;c__Gammaproteobacteria;o__Enterobacterales;f__Enterobacteriaceae;g__Enterobacter_s__Enterobacter_sp._RHBSTW-00975",NA,NA
"X2742673","PFOA",-0.000226929424863471,0.00142833339010869,-0.00314003457992711,0.00268617573020017,0.874796278028772,40,-0.000194927015753618,0.00122690464404359,0.972827605142579,"Enterobacter sp. RHBSTW-00975","Species","Enterobacter sp. RHBSTW-00975","d__Bacteria;p__Pseudomonadota;c__Gammaproteobacteria;o__Enterobacterales;f__Enterobacteriaceae;g__Enterobacter_s__Enterobacter_sp._RHBSTW-00975",NA,NA
"X2742673","PFHxS",-0.000205237111734798,0.00191539533918645,-0.00411171166117058,0.00370123743770098,0.915359411526592,40,-0.000203872631468667,0.00190266119417697,0.999201481369411,"Enterobacter sp. RHBSTW-00975","Species","Enterobacter sp. RHBSTW-00975","d__Bacteria;p__Pseudomonadota;c__Gammaproteobacteria;o__Enterobacterales;f__Enterobacteriaceae;g__Enterobacter_s__Enterobacter_sp._RHBSTW-00975",NA,NA
"X2742673","PFOS",-0.000539115965920589,0.00170678491725739,-0.00402012675477362,0.00294189482293244,0.754220821780562,40,-0.000483859263016123,0.00153184795924378,0.958535271680885,"Enterobacter sp. RHBSTW-00975","Species","Enterobacter sp. RHBSTW-00975","d__Bacteria;p__Pseudomonadota;c__Gammaproteobacteria;o__Enterobacterales;f__Enterobacteriaceae;g__Enterobacter_s__Enterobacter_sp._RHBSTW-00975",NA,NA
"X2755405","PFHxS",-0.00330803874021118,0.00325344351172456,-0.00994348052946458,0.00332740304904221,0.317128096274398,40,-0.00328604586795499,0.00323181360555801,0.97745216390902,"Bacteroides sp. CACC 737","Species","Bacteroides sp. CACC 737","d__Bacteria;p__Bacteroidota;c__Bacteroidia;o__Bacteroidales;f__Bacteroidaceae;g__Bacteroides_s__Bacteroides_sp._CACC_737",NA,NA
"X2755405","PFNA",0.00210901121533927,0.0019733278286934,-0.00191561742542915,0.00613363985610769,0.293430408093637,40,0.00326541467322966,0.00305533398781442,0.970618145982937,"Bacteroides sp. CACC 737","Species","Bacteroides sp. CACC 737","d__Bacteria;p__Bacteroidota;c__Bacteroidia;o__Bacteroidales;f__Bacteroidaceae;g__Bacteroides_s__Bacteroides_sp._CACC_737",NA,NA
"X2755405","PFOA",-0.00134732198068012,0.00245490508113536,-0.00635413390328256,0.00365948994192233,0.587054691414171,40,-0.00115731775688074,0.00210870547841915,0.910312787196285,"Bacteroides sp. CACC 737","Species","Bacteroides sp. CACC 737","d__Bacteria;p__Bacteroidota;c__Bacteroidia;o__Bacteroidales;f__Bacteroidaceae;g__Bacteroides_s__Bacteroides_sp._CACC_737",NA,NA
"X2755405","PFOS",-0.00111883879573862,0.00294439163797906,-0.00712396513285406,0.00488628754137682,0.706544034112054,40,-0.00100416338851237,0.00264260615162942,0.958535271680885,"Bacteroides sp. CACC 737","Species","Bacteroides sp. CACC 737","d__Bacteria;p__Bacteroidota;c__Bacteroidia;o__Bacteroidales;f__Bacteroidaceae;g__Bacteroides_s__Bacteroides_sp._CACC_737",NA,NA
"X2755405","PFBS",-0.00113492166250589,0.00217714358036777,-0.00557523526940159,0.0033053919443898,0.605869639893783,40,-0.00112695655655257,0.00216186395370619,0.980227309245162,"Bacteroides sp. CACC 737","Species","Bacteroides sp. CACC 737","d__Bacteria;p__Bacteroidota;c__Bacteroidia;o__Bacteroidales;f__Bacteroidaceae;g__Bacteroides_s__Bacteroides_sp._CACC_737",NA,NA
"X2763062","PFHxS",0.00417549884270204,0.00313261985647882,-0.00221352147703489,0.010564519162439,0.192275535522581,40,0.00414773882540322,0.0031117932236183,0.97745216390902,"Roseburia rectibacter","Species","Roseburia rectibacter","d__Bacteria;p__Bacillota;c__Clostridia;o__Lachnospirales;f__Lachnospiraceae;g__Roseburia_s__Roseburia_rectibacter",NA,NA
"X2763062","PFBS",-0.000109770907841456,0.0021296381920859,-0.00445319663655998,0.00423365482087707,0.959222438332765,40,-0.000109000513777764,0.00211469196768768,0.980227309245162,"Roseburia rectibacter","Species","Roseburia rectibacter","d__Bacteria;p__Bacillota;c__Clostridia;o__Lachnospirales;f__Lachnospiraceae;g__Roseburia_s__Roseburia_rectibacter",NA,NA
"X2763062","PFNA",-0.00238560585217765,0.00190955569895831,-0.00628017037684601,0.00150895867249071,0.220906791743162,40,-0.00369367042602013,0.00295659461333149,0.970618145982937,"Roseburia rectibacter","Species","Roseburia rectibacter","d__Bacteria;p__Bacillota;c__Clostridia;o__Lachnospirales;f__Lachnospiraceae;g__Roseburia_s__Roseburia_rectibacter",NA,NA
"X2763062","PFOA",-0.00122934406924933,0.0023924059725051,-0.00610868821941256,0.00365000008091389,0.61099859964237,40,-0.00105597751766812,0.00205502022037081,0.910312787196285,"Roseburia rectibacter","Species","Roseburia rectibacter","d__Bacteria;p__Bacillota;c__Clostridia;o__Lachnospirales;f__Lachnospiraceae;g__Roseburia_s__Roseburia_rectibacter",NA,NA
"X2763062","PFOS",0.00058118864944379,0.00287250152036284,-0.00527731682613034,0.00643969412501792,0.840982006437622,40,0.000521619705906892,0.00257808441321543,0.958535271680885,"Roseburia rectibacter","Species","Roseburia rectibacter","d__Bacteria;p__Bacillota;c__Clostridia;o__Lachnospirales;f__Lachnospiraceae;g__Roseburia_s__Roseburia_rectibacter",NA,NA
"X2781599","PFOS",-0.00277889294006998,0.00171036260321451,-0.00626720046753954,0.000709414587399576,0.114343837258752,40,-0.00249407024643938,0.00153505895019924,0.640325488649014,"Streptococcus oriscaviae","Species","Streptococcus oriscaviae","d__Bacteria;p__Bacillota;c__Bacilli;o__Lactobacillales;f__Streptococcaceae;g__Streptococcus_s__Streptococcus_oriscaviae",NA,NA
"X2781599","PFOA",-0.00121309115706588,0.00147321240623592,-0.00421772766898204,0.00179154535485028,0.416552050725506,40,-0.0010420166500057,0.0012654546588286,0.883140624537261,"Streptococcus oriscaviae","Species","Streptococcus oriscaviae","d__Bacteria;p__Bacillota;c__Bacilli;o__Lactobacillales;f__Streptococcaceae;g__Streptococcus_s__Streptococcus_oriscaviae",NA,NA
"X2781599","PFNA",-0.00021934102623576,0.00121242980515849,-0.00269210791666828,0.00225342586419675,0.857615589121158,40,-0.000339609102266573,0.00187722381333502,0.970618145982937,"Streptococcus oriscaviae","Species","Streptococcus oriscaviae","d__Bacteria;p__Bacillota;c__Bacilli;o__Lactobacillales;f__Streptococcaceae;g__Streptococcus_s__Streptococcus_oriscaviae",NA,NA
"X2781599","PFBS",-0.000230588580989065,0.00131946441046106,-0.00292165398816591,0.00246047682618778,0.862405224308422,40,-0.000228970264465659,0.00131020414679867,0.980227309245162,"Streptococcus oriscaviae","Species","Streptococcus oriscaviae","d__Bacteria;p__Bacillota;c__Bacilli;o__Lactobacillales;f__Streptococcaceae;g__Streptococcus_s__Streptococcus_oriscaviae",NA,NA
"X2781599","PFHxS",-0.00222080794513446,0.00195637653892578,-0.00621086420248806,0.00176924831221915,0.265007627165624,40,-0.00220604332196086,0.00194336993813161,0.97745216390902,"Streptococcus oriscaviae","Species","Streptococcus oriscaviae","d__Bacteria;p__Bacillota;c__Bacilli;o__Lactobacillales;f__Streptococcaceae;g__Streptococcus_s__Streptococcus_oriscaviae",NA,NA
"X2785531","PFNA",0.000300601495532169,0.00211051358758059,-0.00400381934514077,0.00460502233620511,0.887661676171726,40,0.000465425943288604,0.00326774081939986,0.970618145982937,"Bacteroides sp. HF-162","Species","Bacteroides sp. HF-162","d__Bacteria;p__Bacteroidota;c__Bacteroidia;o__Bacteroidales;f__Bacteroidaceae;g__Bacteroides_s__Bacteroides_sp._HF-162",NA,NA
"X2785531","PFBS",-0.00103046412692573,0.0022900357814998,-0.00570102289602347,0.00364009464217201,0.655857779783002,40,-0.00102323212473278,0.00227396385491741,0.980227309245162,"Bacteroides sp. HF-162","Species","Bacteroides sp. HF-162","d__Bacteria;p__Bacteroidota;c__Bacteroidia;o__Bacteroidales;f__Bacteroidaceae;g__Bacteroides_s__Bacteroides_sp._HF-162",NA,NA
"X2785531","PFHxS",-0.0024581238948219,0.00344672637299734,-0.00948776867859908,0.00457152088895529,0.481071258680529,40,-0.00244178152127241,0.0034238114621464,0.97745216390902,"Bacteroides sp. HF-162","Species","Bacteroides sp. HF-162","d__Bacteria;p__Bacteroidota;c__Bacteroidia;o__Bacteroidales;f__Bacteroidaceae;g__Bacteroides_s__Bacteroides_sp._HF-162",NA,NA
"X2785531","PFOA",0.00205972176631072,0.00256530311280009,-0.00317224842632763,0.00729169195894907,0.428136867153278,40,0.00176925234544296,0.00220353477995388,0.883140624537261,"Bacteroides sp. HF-162","Species","Bacteroides sp. HF-162","d__Bacteria;p__Bacteroidota;c__Bacteroidia;o__Bacteroidales;f__Bacteroidaceae;g__Bacteroides_s__Bacteroides_sp._HF-162",NA,NA
"X2785531","PFOS",-0.00291615877994066,0.00305627926009719,-0.00914948142685134,0.00331716386697003,0.347387595459405,40,-0.0026172670210029,0.00274302584943276,0.884294028876767,"Bacteroides sp. HF-162","Species","Bacteroides sp. HF-162","d__Bacteria;p__Bacteroidota;c__Bacteroidia;o__Bacteroidales;f__Bacteroidaceae;g__Bacteroides_s__Bacteroides_sp._HF-162",NA,NA
"X2798729","PFOS",7.83334087357014e-05,0.00178660582905179,-0.00356547320302563,0.00372214002049704,0.965309308268822,40,7.03046242670174e-05,0.00160348762491045,0.996736503389918,"Enterobacter cloacae complex sp. AR_0002","Species","Enterobacter cloacae complex sp. AR_0002","d__Bacteria;p__Pseudomonadota;c__Gammaproteobacteria;o__Enterobacterales;f__Enterobacteriaceae;g__Enterobacter_s__Enterobacter_cloacae_complex_sp._AR_0002",NA,NA
"X2798729","PFNA",-1.73707781298634e-05,0.00121644540503499,-0.00249832753850585,0.00246358598224612,0.988698145590649,40,-2.68954443571074e-05,0.00188344122871108,0.988698145590649,"Enterobacter cloacae complex sp. AR_0002","Species","Enterobacter cloacae complex sp. AR_0002","d__Bacteria;p__Pseudomonadota;c__Gammaproteobacteria;o__Enterobacterales;f__Enterobacteriaceae;g__Enterobacter_s__Enterobacter_cloacae_complex_sp._AR_0002",NA,NA
"X2798729","PFBS",-0.000199770044880946,0.00132330587335406,-0.0028986701672819,0.00249913007752001,0.880983089982089,40,-0.00019836801897348,0.00131401864954105,0.980227309245162,"Enterobacter cloacae complex sp. AR_0002","Species","Enterobacter cloacae complex sp. AR_0002","d__Bacteria;p__Pseudomonadota;c__Gammaproteobacteria;o__Enterobacterales;f__Enterobacteriaceae;g__Enterobacter_s__Enterobacter_cloacae_complex_sp._AR_0002",NA,NA
"X2798729","PFHxS",0.000580992850828653,0.00199946528562921,-0.00349694348481496,0.00465892918647227,0.773312173292965,40,0.000577130229331899,0.00198617221742146,0.97745216390902,"Enterobacter cloacae complex sp. AR_0002","Species","Enterobacter cloacae complex sp. AR_0002","d__Bacteria;p__Pseudomonadota;c__Gammaproteobacteria;o__Enterobacterales;f__Enterobacteriaceae;g__Enterobacter_s__Enterobacter_cloacae_complex_sp._AR_0002",NA,NA
"X2798729","PFOA",0.000663633510743435,0.0014886215574512,-0.00237243017227384,0.00369969719376071,0.658836927710765,40,0.00057004551032173,0.00127869075574947,0.922371698795071,"Enterobacter cloacae complex sp. AR_0002","Species","Enterobacter cloacae complex sp. AR_0002","d__Bacteria;p__Pseudomonadota;c__Gammaproteobacteria;o__Enterobacterales;f__Enterobacteriaceae;g__Enterobacter_s__Enterobacter_cloacae_complex_sp._AR_0002",NA,NA
"X28116","PFOA",-0.000984293496957986,0.00191665819075912,-0.00489334364915702,0.00292475665524105,0.611210014260363,40,-0.000845484864305922,0.00164636411328843,0.910312787196285,"Bacteroides ovatus","Species","Bacteroides ovatus","d__Bacteria;p__Bacteroidota;c__Bacteroidia;o__Bacteroidales;f__Bacteroidaceae;g__Bacteroides_s__Bacteroides_ovatus",NA,NA
"X28116","PFOS",0.00262216624176575,0.00225411750832585,-0.00197513672622238,0.00721946920975388,0.253592835434749,40,0.00235340725455981,0.0020230816842307,0.84925606924669,"Bacteroides ovatus","Species","Bacteroides ovatus","d__Bacteria;p__Bacteroidota;c__Bacteroidia;o__Bacteroidales;f__Bacteroidaceae;g__Bacteroides_s__Bacteroides_ovatus",NA,NA
"X28116","PFHxS",-0.000188420274404951,0.0025803545197675,-0.00545108801394052,0.00507424746513062,0.942258466367849,40,-0.000187167597713142,0.00256319951893903,0.999201481369411,"Bacteroides ovatus","Species","Bacteroides ovatus","d__Bacteria;p__Bacteroidota;c__Bacteroidia;o__Bacteroidales;f__Bacteroidaceae;g__Bacteroides_s__Bacteroides_ovatus",NA,NA
"X28116","PFNA",0.0016104254677549,0.00154094558492268,-0.00153235377286008,0.00475320470836988,0.304062984273393,40,0.00249344665135109,0.00238586987449734,0.970618145982937,"Bacteroides ovatus","Species","Bacteroides ovatus","d__Bacteria;p__Bacteroidota;c__Bacteroidia;o__Bacteroidales;f__Bacteroidaceae;g__Bacteroides_s__Bacteroides_ovatus",NA,NA
"X28116","PFBS",-0.00141045979616479,0.00168729742416803,-0.00485172558082552,0.00203080598849594,0.409592379596746,40,-0.00140056090878736,0.00167545563525672,0.918613929073021,"Bacteroides ovatus","Species","Bacteroides ovatus","d__Bacteria;p__Bacteroidota;c__Bacteroidia;o__Bacteroidales;f__Bacteroidaceae;g__Bacteroides_s__Bacteroides_ovatus",NA,NA
"X2831966","PFBS",-0.00515684341422545,0.00259408022991449,-0.0104475049241671,0.000133818095716233,0.055713106175662,40,-0.00512065166149397,0.00257587445892138,0.918613929073021,"Ruminococcus sp. FMBCY1","Species","Ruminococcus sp. FMBCY1","d__Bacteria;p__Bacillota;c__Clostridia;o__Eubacteriales;f__Oscillospiraceae;g__Ruminococcus_s__Ruminococcus_sp._FMBCY1",NA,NA
"X2831966","PFOA",-0.00324526660530754,0.0030521919445338,-0.00947025311716702,0.00297971990655195,0.295877859300278,40,-0.00278760735888729,0.00262176078581767,0.883140624537261,"Ruminococcus sp. FMBCY1","Species","Ruminococcus sp. FMBCY1","d__Bacteria;p__Bacillota;c__Clostridia;o__Eubacteriales;f__Oscillospiraceae;g__Ruminococcus_s__Ruminococcus_sp._FMBCY1",NA,NA
"X2831966","PFOS",-0.00422285431172995,0.00363938773341132,-0.0116454345306725,0.00319972590721258,0.254776820774007,40,-0.00379003276523085,0.00326636860681975,0.84925606924669,"Ruminococcus sp. FMBCY1","Species","Ruminococcus sp. FMBCY1","d__Bacteria;p__Bacillota;c__Clostridia;o__Eubacteriales;f__Oscillospiraceae;g__Ruminococcus_s__Ruminococcus_sp._FMBCY1",NA,NA
"X2831966","PFNA",0.00103821289267667,0.00252423722169975,-0.00411000286287427,0.00618642864822762,0.683683961933731,40,0.00160748107408108,0.00390831551890295,0.970618145982937,"Ruminococcus sp. FMBCY1","Species","Ruminococcus sp. FMBCY1","d__Bacteria;p__Bacillota;c__Clostridia;o__Eubacteriales;f__Oscillospiraceae;g__Ruminococcus_s__Ruminococcus_sp._FMBCY1",NA,NA
"X2831966","PFHxS",-0.00593003831639362,0.00402758448756835,-0.0141443510352868,0.00228427440249961,0.151005651418643,40,-0.00589061357399824,0.00400080785098928,0.97745216390902,"Ruminococcus sp. FMBCY1","Species","Ruminococcus sp. FMBCY1","d__Bacteria;p__Bacillota;c__Clostridia;o__Eubacteriales;f__Oscillospiraceae;g__Ruminococcus_s__Ruminococcus_sp._FMBCY1",NA,NA
"X2843318","PFNA",-2.75273252572615e-05,0.00184645923700001,-0.00379340576734163,0.00373835111682711,0.988200978911478,40,-4.26209833101182e-05,0.00285890138571422,0.988698145590649,"Clostridium sp. CF011","Species","Clostridium sp. CF011","d__Bacteria;p__Bacillota;c__Clostridia;o__Eubacteriales;f__Clostridiaceae;g__Clostridium_s__Clostridium_sp._CF011",NA,NA
"X2843318","PFOA",0.00258880578805193,0.00221863333379662,-0.00193612672884958,0.00711373830495343,0.252169990853064,40,0.00222372302284844,0.00190575362833033,0.883140624537261,"Clostridium sp. CF011","Species","Clostridium sp. CF011","d__Bacteria;p__Bacillota;c__Clostridia;o__Eubacteriales;f__Clostridiaceae;g__Clostridium_s__Clostridium_sp._CF011",NA,NA
"X2843318","PFBS",0.000674784063410746,0.00200574482047693,-0.00341595946799191,0.0047655275948134,0.738816689951838,40,0.000670048294645159,0.00199166810440196,0.980227309245162,"Clostridium sp. CF011","Species","Clostridium sp. CF011","d__Bacteria;p__Bacillota;c__Clostridia;o__Eubacteriales;f__Clostridiaceae;g__Clostridium_s__Clostridium_sp._CF011",NA,NA
"X2843318","PFHxS",0.00102115398148972,0.00303360811055454,-0.00516593055108346,0.0072082385140629,0.738676326554429,40,0.00101436503165192,0.00301343973863078,0.97745216390902,"Clostridium sp. CF011","Species","Clostridium sp. CF011","d__Bacteria;p__Bacillota;c__Clostridia;o__Eubacteriales;f__Clostridiaceae;g__Clostridium_s__Clostridium_sp._CF011",NA,NA
"X2843318","PFOS",0.00226637719309602,0.00268127643924887,-0.00320212215825793,0.00773487654444997,0.404442309152486,40,0.00203408481233797,0.00240645895103865,0.932107577314383,"Clostridium sp. CF011","Species","Clostridium sp. CF011","d__Bacteria;p__Bacillota;c__Clostridia;o__Eubacteriales;f__Clostridiaceae;g__Clostridium_s__Clostridium_sp._CF011",NA,NA
"X2849865","PFBS",-0.00182561111945012,0.00116596940106717,-0.00420362139101338,0.000552399152113144,0.127560551407961,40,-0.00181279861751595,0.0011577863959095,0.918613929073021,"Clostridium sp. CM027","Species","Clostridium sp. CM027","d__Bacteria;p__Bacillota;c__Clostridia;o__Eubacteriales;f__Clostridiaceae;g__Clostridium_s__Clostridium_sp._CM027",NA,NA
"X2849865","PFHxS",-0.00138304582805016,0.00181496934324588,-0.00508470020839739,0.00231860855229707,0.451806200730675,40,-0.00137385090845898,0.00180290286154792,0.97745216390902,"Clostridium sp. CM027","Species","Clostridium sp. CM027","d__Bacteria;p__Bacillota;c__Clostridia;o__Eubacteriales;f__Clostridiaceae;g__Clostridium_s__Clostridium_sp._CM027",NA,NA
"X2849865","PFNA",-0.00164681926066001,0.00107296220932563,-0.00383514011405482,0.000541501592734799,0.134968726862514,40,-0.00254979572360945,0.00166128397832592,0.970618145982937,"Clostridium sp. CM027","Species","Clostridium sp. CM027","d__Bacteria;p__Bacillota;c__Clostridia;o__Eubacteriales;f__Clostridiaceae;g__Clostridium_s__Clostridium_sp._CM027",NA,NA
"X2849865","PFOA",0.00066412510027672,0.00136114837450732,-0.00211195531207157,0.00344020551262501,0.629043085678794,40,0.000570467774119193,0.0011691943025909,0.921461902696451,"Clostridium sp. CM027","Species","Clostridium sp. CM027","d__Bacteria;p__Bacillota;c__Clostridia;o__Eubacteriales;f__Clostridiaceae;g__Clostridium_s__Clostridium_sp._CM027",NA,NA
"X2849865","PFOS",-4.70620254841028e-05,0.00163467368526395,-0.0033810009870503,0.0032868769360821,0.97721673767552,40,-4.22384021365417e-05,0.00146712776957559,0.996736503389918,"Clostridium sp. CM027","Species","Clostridium sp. CM027","d__Bacteria;p__Bacillota;c__Clostridia;o__Eubacteriales;f__Clostridiaceae;g__Clostridium_s__Clostridium_sp._CM027",NA,NA
"X2850492","PFOS",0.00268105209914538,0.00181688314826464,-0.0010245055122714,0.00638660971056216,0.150128313138976,40,0.00240625760467905,0.00163066166961792,0.677998833530861,"Enterobacter cloacae complex sp. ECL78","Species","Enterobacter cloacae complex sp. ECL78","d__Bacteria;p__Pseudomonadota;c__Gammaproteobacteria;o__Enterobacterales;f__Enterobacteriaceae;g__Enterobacter_s__Enterobacter_cloacae_complex_sp._ECL78",NA,NA
"X2850492","PFBS",-0.00110397722262334,0.00137847404195206,-0.00391539356669297,0.0017074391214463,0.429303097513504,40,-0.00109622929090368,0.00136879963695937,0.918613929073021,"Enterobacter cloacae complex sp. ECL78","Species","Enterobacter cloacae complex sp. ECL78","d__Bacteria;p__Pseudomonadota;c__Gammaproteobacteria;o__Enterobacterales;f__Enterobacteriaceae;g__Enterobacter_s__Enterobacter_cloacae_complex_sp._ECL78",NA,NA
"X2850492","PFOA",0.00196928651515107,0.00153074686190469,-0.00115269229273265,0.00509126532303478,0.207798112538427,40,0.0016915706008297,0.00131487539725099,0.883140624537261,"Enterobacter cloacae complex sp. ECL78","Species","Enterobacter cloacae complex sp. ECL78","d__Bacteria;p__Pseudomonadota;c__Gammaproteobacteria;o__Enterobacterales;f__Enterobacteriaceae;g__Enterobacter_s__Enterobacter_cloacae_complex_sp._ECL78",NA,NA
"X2850492","PFHxS",0.00296423388584011,0.00203795542089331,-0.00119220359822824,0.00712067136990846,0.155855204968086,40,0.00294452673537772,0.00202440645827364,0.97745216390902,"Enterobacter cloacae complex sp. ECL78","Species","Enterobacter cloacae complex sp. ECL78","d__Bacteria;p__Pseudomonadota;c__Gammaproteobacteria;o__Enterobacterales;f__Enterobacteriaceae;g__Enterobacter_s__Enterobacter_cloacae_complex_sp._ECL78",NA,NA
"X2850492","PFNA",-0.00254002781252308,0.00119565832850196,-0.00497858905079868,-0.000101466574247487,0.0417180357711314,40,-0.00393276433482126,0.00185125627671518,0.834360715422628,"Enterobacter cloacae complex sp. ECL78","Species","Enterobacter cloacae complex sp. ECL78","d__Bacteria;p__Pseudomonadota;c__Gammaproteobacteria;o__Enterobacterales;f__Enterobacteriaceae;g__Enterobacter_s__Enterobacter_cloacae_complex_sp._ECL78",NA,NA
"X2850493","PFBS",0.00345779601533905,0.00187049988875443,-0.000357113659258607,0.0072727056899367,0.074074798603131,40,0.00343352851517842,0.00185737234850931,0.918613929073021,"Enterobacter cloacae complex sp. ECL112","Species","Enterobacter cloacae complex sp. ECL112","d__Bacteria;p__Pseudomonadota;c__Gammaproteobacteria;o__Enterobacterales;f__Enterobacteriaceae;g__Enterobacter_s__Enterobacter_cloacae_complex_sp._ECL112",NA,NA
"X2850493","PFHxS",-0.00219003803339211,0.00295485191661636,-0.00821649824944137,0.00383642218265715,0.464170216663648,40,-0.002175477978179,0.00293520714040858,0.97745216390902,"Enterobacter cloacae complex sp. ECL112","Species","Enterobacter cloacae complex sp. ECL112","d__Bacteria;p__Pseudomonadota;c__Gammaproteobacteria;o__Enterobacterales;f__Enterobacteriaceae;g__Enterobacter_s__Enterobacter_cloacae_complex_sp._ECL112",NA,NA
"X2850493","PFOA",0.00319213964549682,0.00214820897124972,-0.00118916143703638,0.00757344072803003,0.147391335391365,40,0.00274197255529937,0.00184526076436667,0.883140624537261,"Enterobacter cloacae complex sp. ECL112","Species","Enterobacter cloacae complex sp. ECL112","d__Bacteria;p__Pseudomonadota;c__Gammaproteobacteria;o__Enterobacterales;f__Enterobacteriaceae;g__Enterobacter_s__Enterobacter_cloacae_complex_sp._ECL112",NA,NA
"X2850493","PFOS",0.000223575656139946,0.00265973369522683,-0.00520098697910878,0.00564813829138867,0.933549692775325,40,0.000200660264296745,0.00238712423104376,0.996736503389918,"Enterobacter cloacae complex sp. ECL112","Species","Enterobacter cloacae complex sp. ECL112","d__Bacteria;p__Pseudomonadota;c__Gammaproteobacteria;o__Enterobacterales;f__Enterobacteriaceae;g__Enterobacter_s__Enterobacter_cloacae_complex_sp._ECL112",NA,NA
"X2850493","PFNA",-0.00191975816817726,0.00177796302642837,-0.00554593766777358,0.00170642133141906,0.288582341239686,40,-0.00297239125416888,0.0027528476438306,0.970618145982937,"Enterobacter cloacae complex sp. ECL112","Species","Enterobacter cloacae complex sp. ECL112","d__Bacteria;p__Pseudomonadota;c__Gammaproteobacteria;o__Enterobacterales;f__Enterobacteriaceae;g__Enterobacter_s__Enterobacter_cloacae_complex_sp._ECL112",NA,NA
"X2857061","PFOS",-0.00042386449728415,0.00162796830834236,-0.0037441277524556,0.0028963987578873,0.796304613531231,40,-0.000380420496218096,0.00146110966041055,0.958535271680885,"Escherichia sp. TC-EC600-tetX4","Species","Escherichia sp. TC-EC600-tetX4","d__Bacteria;p__Pseudomonadota;c__Gammaproteobacteria;o__Enterobacterales;f__Enterobacteriaceae;g__Escherichia_s__Escherichia_sp._TC-EC600-tetX4",NA,NA
"X2857061","PFHxS",-0.000251032880025136,0.00182578730556972,-0.00397475063999444,0.00347268487994417,0.891530326497085,40,-0.00024936393522247,0.00181364890268759,0.999201481369411,"Escherichia sp. TC-EC600-tetX4","Species","Escherichia sp. TC-EC600-tetX4","d__Bacteria;p__Pseudomonadota;c__Gammaproteobacteria;o__Enterobacterales;f__Enterobacteriaceae;g__Escherichia_s__Escherichia_sp._TC-EC600-tetX4",NA,NA
"X2857061","PFNA",0.00013772880243582,0.00110933871282245,-0.00212478241897365,0.00240024002384529,0.90199492180508,40,0.000213247634308065,0.00171760628112611,0.970618145982937,"Escherichia sp. TC-EC600-tetX4","Species","Escherichia sp. TC-EC600-tetX4","d__Bacteria;p__Pseudomonadota;c__Gammaproteobacteria;o__Enterobacterales;f__Enterobacteriaceae;g__Escherichia_s__Escherichia_sp._TC-EC600-tetX4",NA,NA
"X2857061","PFOA",0.00186815722506589,0.00132025993085288,-0.000824530656646952,0.00456084510677872,0.167038172716544,40,0.00160470292937878,0.00113407209530039,0.883140624537261,"Escherichia sp. TC-EC600-tetX4","Species","Escherichia sp. TC-EC600-tetX4","d__Bacteria;p__Pseudomonadota;c__Gammaproteobacteria;o__Enterobacterales;f__Enterobacteriaceae;g__Escherichia_s__Escherichia_sp._TC-EC600-tetX4",NA,NA
"X2857061","PFBS",-0.000962874708406468,0.00119508202250596,-0.00340026056285398,0.00147451114604105,0.426554570425597,40,-0.000956117062195626,0.00118669469918079,0.918613929073021,"Escherichia sp. TC-EC600-tetX4","Species","Escherichia sp. TC-EC600-tetX4","d__Bacteria;p__Pseudomonadota;c__Gammaproteobacteria;o__Enterobacterales;f__Enterobacteriaceae;g__Escherichia_s__Escherichia_sp._TC-EC600-tetX4",NA,NA
"X2860337","PFHxS",-0.000912212091441074,0.00286728765421642,-0.00676008381690188,0.00493565963401973,0.752508655127517,40,-0.000906147421232183,0.00284822503250815,0.97745216390902,"Escherichia sp. TM-G17TGC","Species","Escherichia sp. TM-G17TGC","d__Bacteria;p__Pseudomonadota;c__Gammaproteobacteria;o__Enterobacterales;f__Enterobacteriaceae;g__Escherichia_s__Escherichia_sp._TM-G17TGC",NA,NA
"X2860337","PFNA",0.000964449871923155,0.00173627309472679,-0.00257670245138844,0.00450560219523475,0.582559142246686,40,0.00149327264855996,0.00268829847798731,0.970618145982937,"Escherichia sp. TM-G17TGC","Species","Escherichia sp. TM-G17TGC","d__Bacteria;p__Pseudomonadota;c__Gammaproteobacteria;o__Enterobacterales;f__Enterobacteriaceae;g__Escherichia_s__Escherichia_sp._TM-G17TGC",NA,NA
"X2860337","PFOA",-0.00319337954570895,0.00206392347035341,-0.00740277921582787,0.00101602012440998,0.131955305546333,40,-0.00274303760029442,0.00177286150996896,0.883140624537261,"Escherichia sp. TM-G17TGC","Species","Escherichia sp. TM-G17TGC","d__Bacteria;p__Pseudomonadota;c__Gammaproteobacteria;o__Enterobacterales;f__Enterobacteriaceae;g__Escherichia_s__Escherichia_sp._TM-G17TGC",NA,NA
"X2860337","PFBS",-0.00363039703538384,0.00178340671997178,-0.00726767902116,6.88495039231603e-06,0.0504090028128849,40,-0.00360491818693572,0.00177089041690723,0.918613929073021,"Escherichia sp. TM-G17TGC","Species","Escherichia sp. TM-G17TGC","d__Bacteria;p__Pseudomonadota;c__Gammaproteobacteria;o__Enterobacterales;f__Enterobacteriaceae;g__Escherichia_s__Escherichia_sp._TM-G17TGC",NA,NA
"X2860337","PFOS",0.00214769533706984,0.0025336167774024,-0.00301965014845788,0.00731504082259756,0.403113968070582,40,0.00192756725578194,0.00227393366951366,0.932107577314383,"Escherichia sp. TM-G17TGC","Species","Escherichia sp. TM-G17TGC","d__Bacteria;p__Pseudomonadota;c__Gammaproteobacteria;o__Enterobacterales;f__Enterobacteriaceae;g__Escherichia_s__Escherichia_sp._TM-G17TGC",NA,NA
"X2873296","PFNA",-0.000636233038226373,0.00181518924261892,-0.00433833590630178,0.00306586982984903,0.728330291346059,40,-0.000985089450215975,0.00281048556993233,0.970618145982937,"Klebsiella sp. CTHL.F3a","Species","Klebsiella sp. CTHL.F3a","d__Bacteria;p__Pseudomonadota;c__Gammaproteobacteria;o__Enterobacterales;f__Enterobacteriaceae;g__Klebsiella_s__Klebsiella_sp._CTHL.F3a",NA,NA
"X2873296","PFOS",-0.0034535714262939,0.00259832689236204,-0.00875289406139967,0.00184575120881188,0.193497768981504,40,-0.00309959754622857,0.00233201131980287,0.773991075926016,"Klebsiella sp. CTHL.F3a","Species","Klebsiella sp. CTHL.F3a","d__Bacteria;p__Pseudomonadota;c__Gammaproteobacteria;o__Enterobacterales;f__Enterobacteriaceae;g__Klebsiella_s__Klebsiella_sp._CTHL.F3a",NA,NA
"X2873296","PFOA",0.000813510289592872,0.00222806003858991,-0.00373064811848975,0.00535766869767549,0.71750085394463,40,0.000698786123177302,0.00191385094508355,0.950693053391399,"Klebsiella sp. CTHL.F3a","Species","Klebsiella sp. CTHL.F3a","d__Bacteria;p__Pseudomonadota;c__Gammaproteobacteria;o__Enterobacterales;f__Enterobacteriaceae;g__Klebsiella_s__Klebsiella_sp._CTHL.F3a",NA,NA
"X2873296","PFBS",0.00291631356413295,0.00190871306485565,-0.000976532396952647,0.00680915952521854,0.136678837509697,40,0.00289584629551094,0.00189531733694038,0.918613929073021,"Klebsiella sp. CTHL.F3a","Species","Klebsiella sp. CTHL.F3a","d__Bacteria;p__Pseudomonadota;c__Gammaproteobacteria;o__Enterobacterales;f__Enterobacteriaceae;g__Klebsiella_s__Klebsiella_sp._CTHL.F3a",NA,NA
"X2873296","PFHxS",-0.00566886907725458,0.00281511774929856,-0.0114103395801382,7.26014256290323e-05,0.0527885021341632,40,-0.00563118066933552,0.00279640196937317,0.97745216390902,"Klebsiella sp. CTHL.F3a","Species","Klebsiella sp. CTHL.F3a","d__Bacteria;p__Pseudomonadota;c__Gammaproteobacteria;o__Enterobacterales;f__Enterobacteriaceae;g__Klebsiella_s__Klebsiella_sp._CTHL.F3a",NA,NA
"X2894203","PFBS",0.000616659669008995,0.00234979961844389,-0.00417578824914447,0.00540910758716246,0.794725526157838,40,0.000612331828803747,0.00233330825736734,0.980227309245162,"Enterobacter sp. AN-K1","Species","Enterobacter sp. AN-K1","d__Bacteria;p__Pseudomonadota;c__Gammaproteobacteria;o__Enterobacterales;f__Enterobacteriaceae;g__Enterobacter_s__Enterobacter_sp._AN-K1",NA,NA
"X2894203","PFHxS",0.0078479041128137,0.00326681865509109,0.00118518353881679,0.0145106246868106,0.0224701122855687,40,0.00779572880103941,0.00324509982680404,0.97745216390902,"Enterobacter sp. AN-K1","Species","Enterobacter sp. AN-K1","d__Bacteria;p__Pseudomonadota;c__Gammaproteobacteria;o__Enterobacterales;f__Enterobacteriaceae;g__Enterobacter_s__Enterobacter_sp._AN-K1",NA,NA
"X2894203","PFNA",0.00192853913917398,0.0021337263594953,-0.00242322446194713,0.00628030274029509,0.37305272248765,40,0.00298598696733026,0.00330368151306014,0.970618145982937,"Enterobacter sp. AN-K1","Species","Enterobacter sp. AN-K1","d__Bacteria;p__Pseudomonadota;c__Gammaproteobacteria;o__Enterobacterales;f__Enterobacteriaceae;g__Enterobacter_s__Enterobacter_sp._AN-K1",NA,NA
"X2894203","PFOS",0.00110476921419325,0.00316873052298983,-0.00535789929545123,0.00756743772383773,0.729710999791843,40,0.000991535869040066,0.00284395141763691,0.958535271680885,"Enterobacter sp. AN-K1","Species","Enterobacter sp. AN-K1","d__Bacteria;p__Pseudomonadota;c__Gammaproteobacteria;o__Enterobacterales;f__Enterobacteriaceae;g__Enterobacter_s__Enterobacter_sp._AN-K1",NA,NA
"X2894203","PFOA",-0.00240237617539775,0.00261846762586067,-0.00774277610729426,0.00293802375649876,0.365977504573732,40,-0.00206358438915364,0.0022492018408964,0.883140624537261,"Enterobacter sp. AN-K1","Species","Enterobacter sp. AN-K1","d__Bacteria;p__Pseudomonadota;c__Gammaproteobacteria;o__Enterobacterales;f__Enterobacteriaceae;g__Enterobacter_s__Enterobacter_sp._AN-K1",NA,NA
"X2897413","PFOA",-0.000432455823378604,0.00171407302562464,-0.00392833080724544,0.00306341916048823,0.802476689701118,40,-0.000371469337425859,0.00147234824161655,0.956257054309826,"Klebsiella sp. KPN54798","Species","Klebsiella sp. KPN54798","d__Bacteria;p__Pseudomonadota;c__Gammaproteobacteria;o__Enterobacterales;f__Enterobacteriaceae;g__Klebsiella_s__Klebsiella_sp._KPN54798",NA,NA
"X2897413","PFOS",0.000863037391927125,0.0020469314592787,-0.0033117068431236,0.00503778162697785,0.676208219214817,40,0.000774580355267619,0.00183713117388365,0.958535271680885,"Klebsiella sp. KPN54798","Species","Klebsiella sp. KPN54798","d__Bacteria;p__Pseudomonadota;c__Gammaproteobacteria;o__Enterobacterales;f__Enterobacteriaceae;g__Klebsiella_s__Klebsiella_sp._KPN54798",NA,NA
"X2897413","PFHxS",5.27702319097969e-05,0.00230040107729298,-0.00463892869733401,0.0047444691611536,0.981845494775944,40,5.24193989660305e-05,0.00228510729417734,0.999201481369411,"Klebsiella sp. KPN54798","Species","Klebsiella sp. KPN54798","d__Bacteria;p__Pseudomonadota;c__Gammaproteobacteria;o__Enterobacterales;f__Enterobacteriaceae;g__Klebsiella_s__Klebsiella_sp._KPN54798",NA,NA
"X2897413","PFBS",-0.000240632743777601,0.00152036256177004,-0.00334143263190529,0.00286016714435009,0.875268017826707,40,-0.00023894393532205,0.0015096923549249,0.980227309245162,"Klebsiella sp. KPN54798","Species","Klebsiella sp. KPN54798","d__Bacteria;p__Pseudomonadota;c__Gammaproteobacteria;o__Enterobacterales;f__Enterobacteriaceae;g__Klebsiella_s__Klebsiella_sp._KPN54798",NA,NA
"X2897413","PFNA",0.00154224220764133,0.00136992142489999,-0.00125173095894873,0.0043362153742314,0.268895381426842,40,0.00238787745550038,0.00212107052324068,0.970618145982937,"Klebsiella sp. KPN54798","Species","Klebsiella sp. KPN54798","d__Bacteria;p__Pseudomonadota;c__Gammaproteobacteria;o__Enterobacterales;f__Enterobacteriaceae;g__Klebsiella_s__Klebsiella_sp._KPN54798",NA,NA
"X290053","PFOS",0.00362984076770145,0.00242382970750804,-0.00131359251253627,0.00857327404793917,0.144360517263724,40,0.00325780015757242,0.00217539922778725,0.677998833530861,"Bacteroides helcogenes","Species","Bacteroides helcogenes","d__Bacteria;p__Bacteroidota;c__Bacteroidia;o__Bacteroidales;f__Bacteroidaceae;g__Bacteroides_s__Bacteroides_helcogenes",NA,NA
"X290053","PFBS",0.000121336875601071,0.0018595899051961,-0.0036713217408294,0.00391399549203154,0.948394508245292,40,0.000120485309275274,0.00184653893338548,0.980227309245162,"Bacteroides helcogenes","Species","Bacteroides helcogenes","d__Bacteria;p__Bacteroidota;c__Bacteroidia;o__Bacteroidales;f__Bacteroidaceae;g__Bacteroides_s__Bacteroides_helcogenes",NA,NA
"X290053","PFHxS",0.000926509949713754,0.00280782683238854,-0.0048000906300953,0.0066531105295228,0.743639127729971,40,0.000920350222888172,0.00278915952475045,0.97745216390902,"Bacteroides helcogenes","Species","Bacteroides helcogenes","d__Bacteria;p__Bacteroidota;c__Bacteroidia;o__Bacteroidales;f__Bacteroidaceae;g__Bacteroides_s__Bacteroides_helcogenes",NA,NA
"X290053","PFNA",-0.000250969218043751,0.00170832346318283,-0.00373511789199961,0.00323317945591211,0.884154600717136,40,-0.000388579520662817,0.002645023631324,0.970618145982937,"Bacteroides helcogenes","Species","Bacteroides helcogenes","d__Bacteria;p__Bacteroidota;c__Bacteroidia;o__Bacteroidales;f__Bacteroidaceae;g__Bacteroides_s__Bacteroides_helcogenes",NA,NA
"X290053","PFOA",0.0014896465278835,0.0020808397278215,-0.0027542540768043,0.00573354713257129,0.47941919617737,40,0.00127957118114042,0.00178739217556228,0.883140624537261,"Bacteroides helcogenes","Species","Bacteroides helcogenes","d__Bacteria;p__Bacteroidota;c__Bacteroidia;o__Bacteroidales;f__Bacteroidaceae;g__Bacteroides_s__Bacteroides_helcogenes",NA,NA
"X2912628","PFOS",0.00418216232884175,0.00222948198052157,-0.000364896148930483,0.00872922080661399,0.0701211636488219,40,0.00375351150803282,0.00200097117539604,0.541453455824783,"Enterobacter cloacae complex sp. ECL414","Species","Enterobacter cloacae complex sp. ECL414","d__Bacteria;p__Pseudomonadota;c__Gammaproteobacteria;o__Enterobacterales;f__Enterobacteriaceae;g__Enterobacter_s__Enterobacter_cloacae_complex_sp._ECL414",NA,NA
"X2912628","PFNA",-0.00130529847164916,0.00158453038688362,-0.004536969501922,0.00192637255862368,0.416359700025428,40,-0.00202101380555331,0.00245335289726076,0.970618145982937,"Enterobacter cloacae complex sp. ECL414","Species","Enterobacter cloacae complex sp. ECL414","d__Bacteria;p__Pseudomonadota;c__Gammaproteobacteria;o__Enterobacterales;f__Enterobacteriaceae;g__Enterobacter_s__Enterobacter_cloacae_complex_sp._ECL414",NA,NA
"X2912628","PFHxS",-0.000264706779034988,0.00263598288962818,-0.00564082932690253,0.00511141576883255,0.920657131883849,40,-0.000262946925891221,0.00261845805406432,0.999201481369411,"Enterobacter cloacae complex sp. ECL414","Species","Enterobacter cloacae complex sp. ECL414","d__Bacteria;p__Pseudomonadota;c__Gammaproteobacteria;o__Enterobacterales;f__Enterobacteriaceae;g__Enterobacter_s__Enterobacter_cloacae_complex_sp._ECL414",NA,NA
"X2912628","PFBS",0.000743324177723797,0.00173800495018143,-0.00280136028807476,0.00428800864352235,0.671834646090609,40,0.00073810738080394,0.00172580728576728,0.980227309245162,"Enterobacter cloacae complex sp. ECL414","Species","Enterobacter cloacae complex sp. ECL414","d__Bacteria;p__Pseudomonadota;c__Gammaproteobacteria;o__Enterobacterales;f__Enterobacteriaceae;g__Enterobacter_s__Enterobacter_cloacae_complex_sp._ECL414",NA,NA
"X2912628","PFOA",0.00563560902919181,0.00168593220839277,0.00219712762046196,0.00907409043792166,0.00217758741777611,40,0.00484085503973501,0.00144817594431673,0.304862238488655,"Enterobacter cloacae complex sp. ECL414","Species","Enterobacter cloacae complex sp. ECL414","d__Bacteria;p__Pseudomonadota;c__Gammaproteobacteria;o__Enterobacterales;f__Enterobacteriaceae;g__Enterobacter_s__Enterobacter_cloacae_complex_sp._ECL414",NA,NA
"X2912629","PFOA",0.00148170733018522,0.00172529793518789,-0.00203706100767044,0.00500047566804088,0.397036255142077,40,0.00127275159784604,0.00148199017379253,0.883140624537261,"Enterobacter cloacae complex sp. ECL411","Species","Enterobacter cloacae complex sp. ECL411","d__Bacteria;p__Pseudomonadota;c__Gammaproteobacteria;o__Enterobacterales;f__Enterobacteriaceae;g__Enterobacter_s__Enterobacter_cloacae_complex_sp._ECL411",NA,NA
"X2912629","PFBS",-0.000108099083172772,0.00154733252685109,-0.0032639045777321,0.00304770641138656,0.944752564933468,40,-0.000107340422307116,0.00153647303942692,0.980227309245162,"Enterobacter cloacae complex sp. ECL411","Species","Enterobacter cloacae complex sp. ECL411","d__Bacteria;p__Pseudomonadota;c__Gammaproteobacteria;o__Enterobacterales;f__Enterobacteriaceae;g__Enterobacter_s__Enterobacter_cloacae_complex_sp._ECL411",NA,NA
"X2912629","PFOS",0.00104173093465093,0.00208013011016025,-0.00320072239527496,0.00528418426457681,0.620048651216427,40,0.000934958699359945,0.00186692712830553,0.958535271680885,"Enterobacter cloacae complex sp. ECL411","Species","Enterobacter cloacae complex sp. ECL411","d__Bacteria;p__Pseudomonadota;c__Gammaproteobacteria;o__Enterobacterales;f__Enterobacteriaceae;g__Enterobacter_s__Enterobacter_cloacae_complex_sp._ECL411",NA,NA
"X2912629","PFHxS",0.00338755129182972,0.00226000181370565,-0.00122175279610322,0.00799685537976265,0.144011114600112,40,0.00336502979535602,0.00224497661748185,0.97745216390902,"Enterobacter cloacae complex sp. ECL411","Species","Enterobacter cloacae complex sp. ECL411","d__Bacteria;p__Pseudomonadota;c__Gammaproteobacteria;o__Enterobacterales;f__Enterobacteriaceae;g__Enterobacter_s__Enterobacter_cloacae_complex_sp._ECL411",NA,NA
"X2912629","PFNA",-0.00020369391974736,0.00142150466473827,-0.00310287179759627,0.00269548395810156,0.886984933890176,40,-0.000315382445362526,0.00220093765103759,0.970618145982937,"Enterobacter cloacae complex sp. ECL411","Species","Enterobacter cloacae complex sp. ECL411","d__Bacteria;p__Pseudomonadota;c__Gammaproteobacteria;o__Enterobacterales;f__Enterobacteriaceae;g__Enterobacter_s__Enterobacter_cloacae_complex_sp._ECL411",NA,NA
"X2912630","PFBS",-0.000354517264873445,0.00135098166028581,-0.0031098625268613,0.00240082799711441,0.794737886944379,40,-0.000352029192198221,0.00134150020229565,0.980227309245162,"Enterobacter cloacae complex sp. ECL405","Species","Enterobacter cloacae complex sp. ECL405","d__Bacteria;p__Pseudomonadota;c__Gammaproteobacteria;o__Enterobacterales;f__Enterobacteriaceae;g__Enterobacter_s__Enterobacter_cloacae_complex_sp._ECL405",NA,NA
"X2912630","PFHxS",-0.00290503926247667,0.00197791649982234,-0.00693902655971366,0.00112894803476032,0.151979414687474,40,-0.00288572565631413,0.00196476669465675,0.97745216390902,"Enterobacter cloacae complex sp. ECL405","Species","Enterobacter cloacae complex sp. ECL405","d__Bacteria;p__Pseudomonadota;c__Gammaproteobacteria;o__Enterobacterales;f__Enterobacteriaceae;g__Enterobacter_s__Enterobacter_cloacae_complex_sp._ECL405",NA,NA
"X2912630","PFNA",0.000946965367660727,0.00123111939231095,-0.00156391918707682,0.00345784992239828,0.447601532776079,40,0.00146620112027343,0.0019061611900926,0.970618145982937,"Enterobacter cloacae complex sp. ECL405","Species","Enterobacter cloacae complex sp. ECL405","d__Bacteria;p__Pseudomonadota;c__Gammaproteobacteria;o__Enterobacterales;f__Enterobacteriaceae;g__Enterobacter_s__Enterobacter_cloacae_complex_sp._ECL405",NA,NA
"X2912630","PFOA",-0.000169682037712943,0.00152544585531609,-0.00328084937137979,0.0029414852959539,0.912147569696921,40,-0.000145752862407668,0.00131032195780423,0.972827605142579,"Enterobacter cloacae complex sp. ECL405","Species","Enterobacter cloacae complex sp. ECL405","d__Bacteria;p__Pseudomonadota;c__Gammaproteobacteria;o__Enterobacterales;f__Enterobacteriaceae;g__Enterobacter_s__Enterobacter_cloacae_complex_sp._ECL405",NA,NA
"X2912630","PFOS",-0.000673755259951011,0.00182136612777728,-0.00438845596836374,0.00304094544846172,0.713959215634085,40,-0.000604698699613641,0.00163468516604581,0.958535271680885,"Enterobacter cloacae complex sp. ECL405","Species","Enterobacter cloacae complex sp. ECL405","d__Bacteria;p__Pseudomonadota;c__Gammaproteobacteria;o__Enterobacterales;f__Enterobacteriaceae;g__Enterobacter_s__Enterobacter_cloacae_complex_sp._ECL405",NA,NA
"X2912631","PFBS",-0.000297627042848425,0.00234416990110205,-0.0050785930767838,0.00448333899108695,0.899788244012529,40,-0.000295538237066334,0.0023277180505015,0.980227309245162,"Enterobacter cloacae complex sp. ECL404","Species","Enterobacter cloacae complex sp. ECL404","d__Bacteria;p__Pseudomonadota;c__Gammaproteobacteria;o__Enterobacterales;f__Enterobacteriaceae;g__Enterobacter_s__Enterobacter_cloacae_complex_sp._ECL404",NA,NA
"X2912631","PFHxS",2.60670398026041e-05,0.00354638821435348,-0.00720683940951308,0.00725897348911828,0.994182455732841,40,2.58937380000868e-05,0.0035228107205288,0.999201481369411,"Enterobacter cloacae complex sp. ECL404","Species","Enterobacter cloacae complex sp. ECL404","d__Bacteria;p__Pseudomonadota;c__Gammaproteobacteria;o__Enterobacterales;f__Enterobacteriaceae;g__Enterobacter_s__Enterobacter_cloacae_complex_sp._ECL404",NA,NA
"X2912631","PFOA",-0.00260952744374141,0.00260332033311916,-0.00791903426841512,0.0026999793809323,0.323918585096277,40,-0.00224152243562822,0.00223619067421925,0.883140624537261,"Enterobacter cloacae complex sp. ECL404","Species","Enterobacter cloacae complex sp. ECL404","d__Bacteria;p__Pseudomonadota;c__Gammaproteobacteria;o__Enterobacterales;f__Enterobacteriaceae;g__Enterobacter_s__Enterobacter_cloacae_complex_sp._ECL404",NA,NA
"X2912631","PFOS",-2.9422830504001e-05,0.00316463597820553,-0.00648374046100404,0.00642489479999603,0.992641445285534,40,-2.64071368378121e-05,0.00284027654331125,0.996736503389918,"Enterobacter cloacae complex sp. ECL404","Species","Enterobacter cloacae complex sp. ECL404","d__Bacteria;p__Pseudomonadota;c__Gammaproteobacteria;o__Enterobacterales;f__Enterobacteriaceae;g__Enterobacter_s__Enterobacter_cloacae_complex_sp._ECL404",NA,NA
"X2912631","PFNA",0.00114104921415738,0.00214487891130666,-0.00323346016634463,0.00551555859465939,0.598526799665518,40,0.00176670414063554,0.00332094918146508,0.970618145982937,"Enterobacter cloacae complex sp. ECL404","Species","Enterobacter cloacae complex sp. ECL404","d__Bacteria;p__Pseudomonadota;c__Gammaproteobacteria;o__Enterobacterales;f__Enterobacteriaceae;g__Enterobacter_s__Enterobacter_cloacae_complex_sp._ECL404",NA,NA
"X2923088","PFBS",-0.000573085969587668,0.00134865246213415,-0.00332368080062589,0.00217750886145055,0.673821120568456,40,-0.000569063938271381,0.00133918735091987,0.980227309245162,"Enterobacter sp. JH25","Species","Enterobacter sp. JH25","d__Bacteria;p__Pseudomonadota;c__Gammaproteobacteria;o__Enterobacterales;f__Enterobacteriaceae;g__Enterobacter_s__Enterobacter_sp._JH25",NA,NA
"X2923088","PFHxS",0.000884738919822784,0.00203953771866013,-0.00327492568181721,0.00504440352146277,0.66744220215965,40,0.00087885689981884,0.0020259782364319,0.97745216390902,"Enterobacter sp. JH25","Species","Enterobacter sp. JH25","d__Bacteria;p__Pseudomonadota;c__Gammaproteobacteria;o__Enterobacterales;f__Enterobacteriaceae;g__Enterobacter_s__Enterobacter_sp._JH25",NA,NA
"X2923088","PFNA",-8.04400196181765e-05,0.0012428138945714,-0.00261517566896483,0.00245429562972848,0.948809254128423,40,-0.000124546526099825,0.00192426796875725,0.983950337614661,"Enterobacter sp. JH25","Species","Enterobacter sp. JH25","d__Bacteria;p__Pseudomonadota;c__Gammaproteobacteria;o__Enterobacterales;f__Enterobacteriaceae;g__Enterobacter_s__Enterobacter_sp._JH25",NA,NA
"X2923088","PFOA",0.00269144106794738,0.00144726017768249,-0.000260265524870103,0.00564314766076487,0.072443938232648,40,0.00231188430397403,0.00124316230750783,0.883140624537261,"Enterobacter sp. JH25","Species","Enterobacter sp. JH25","d__Bacteria;p__Pseudomonadota;c__Gammaproteobacteria;o__Enterobacterales;f__Enterobacteriaceae;g__Enterobacter_s__Enterobacter_sp._JH25",NA,NA
"X2923088","PFOS",0.00176223922917557,0.00179785993730968,-0.00190452028770492,0.00542899874605607,0.334581902126151,40,0.00158161848022989,0.00161358824309242,0.884294028876767,"Enterobacter sp. JH25","Species","Enterobacter sp. JH25","d__Bacteria;p__Pseudomonadota;c__Gammaproteobacteria;o__Enterobacterales;f__Enterobacteriaceae;g__Enterobacter_s__Enterobacter_sp._JH25",NA,NA
"X29341","PFBS",0.00224100793799646,0.00188801662790595,-0.00160962736163773,0.00609164323763065,0.244258339117455,40,0.00222528009857098,0.00187476615170153,0.918613929073021,"Clostridium argentinense","Species","Clostridium argentinense","d__Bacteria;p__Bacillota;c__Clostridia;o__Eubacteriales;f__Clostridiaceae;g__Clostridium_s__Clostridium_argentinense",NA,NA
"X29341","PFHxS",-0.000818194063941139,0.00291602277764632,-0.006765461728949,0.00512907360106673,0.780892354201397,40,-0.000812754454872993,0.00289663614965271,0.97745216390902,"Clostridium argentinense","Species","Clostridium argentinense","d__Bacteria;p__Bacillota;c__Clostridia;o__Eubacteriales;f__Clostridiaceae;g__Clostridium_s__Clostridium_argentinense",NA,NA
"X29341","PFNA",-0.00291324915737742,0.00169498578985706,-0.00637019546724172,0.000543697152486888,0.0956337888797404,40,-0.00451062871362865,0.002624372705493,0.970618145982937,"Clostridium argentinense","Species","Clostridium argentinense","d__Bacteria;p__Bacillota;c__Clostridia;o__Eubacteriales;f__Clostridiaceae;g__Clostridium_s__Clostridium_argentinense",NA,NA
"X29341","PFOA",0.00100962405796884,0.00217019316461357,-0.00341651408253811,0.0054357621984758,0.645023331887516,40,0.000867243217891763,0.00186414466718687,0.921461902696451,"Clostridium argentinense","Species","Clostridium argentinense","d__Bacteria;p__Bacillota;c__Clostridia;o__Eubacteriales;f__Clostridiaceae;g__Clostridium_s__Clostridium_argentinense",NA,NA
"X29341","PFOS",-0.000296703333495901,0.00260488490353474,-0.00560940112057001,0.00501599445357821,0.910049455283372,40,-0.000266292718737438,0.00233789716747472,0.995366591716189,"Clostridium argentinense","Species","Clostridium argentinense","d__Bacteria;p__Bacillota;c__Clostridia;o__Eubacteriales;f__Clostridiaceae;g__Clostridium_s__Clostridium_argentinense",NA,NA
"X29466","PFBS",-0.00174937862962901,0.00142047886647054,-0.00464646437811762,0.00114770711885959,0.227381472264196,40,-0.00173710114247037,0.001410509663265,0.918613929073021,"Veillonella parvula","Species","Veillonella parvula","d__Bacteria;p__Bacillota;c__Negativicutes;o__Veillonellales;f__Veillonellaceae;g__Veillonella_s__Veillonella_parvula",NA,NA
"X29466","PFHxS",-0.00113105322666175,0.00219095271820296,-0.00559953075585544,0.00333742430253195,0.609351185054362,40,-0.00112353363239988,0.00217638658188023,0.97745216390902,"Veillonella parvula","Species","Veillonella parvula","d__Bacteria;p__Bacillota;c__Negativicutes;o__Veillonellales;f__Veillonellaceae;g__Veillonella_s__Veillonella_parvula",NA,NA
"X29466","PFNA",0.000816561688054358,0.00132877696559434,-0.00189349680053713,0.00352662017664584,0.543355335073848,40,0.00126429508689974,0.00205736592074185,0.970618145982937,"Veillonella parvula","Species","Veillonella parvula","d__Bacteria;p__Bacillota;c__Negativicutes;o__Veillonellales;f__Veillonellaceae;g__Veillonella_s__Veillonella_parvula",NA,NA
"X29466","PFOA",0.00212499094397818,0.00159619734370376,-0.00113047500160786,0.00538045688956423,0.192803761648221,40,0.00182531702736364,0.00137109581513821,0.883140624537261,"Veillonella parvula","Species","Veillonella parvula","d__Bacteria;p__Bacillota;c__Negativicutes;o__Veillonellales;f__Veillonellaceae;g__Veillonella_s__Veillonella_parvula",NA,NA
"X29466","PFOS",0.000708354644143384,0.00195936765516389,-0.00328780203499756,0.00470451132328433,0.72016170182538,40,0.000635751819154529,0.00175854222381697,0.958535271680885,"Veillonella parvula","Species","Veillonella parvula","d__Bacteria;p__Bacillota;c__Negativicutes;o__Veillonellales;f__Veillonellaceae;g__Veillonella_s__Veillonella_parvula",NA,NA
"X2972764","PFBS",0.00285803724462426,0.00219629176407124,-0.00162132934040872,0.00733740382965725,0.202744222140802,40,0.00283797897080321,0.00218087775164802,0.918613929073021,"Bacteroides sp. BFG-637","Species","Bacteroides sp. BFG-637","d__Bacteria;p__Bacteroidota;c__Bacteroidia;o__Bacteroidales;f__Bacteroidaceae;g__Bacteroides_s__Bacteroides_sp._BFG-637",NA,NA
"X2972764","PFHxS",-0.006185446327647,0.00322536682331589,-0.0127636253333606,0.000392732678066625,0.0643960978841518,40,-0.00614432355321336,0.00320392357972195,0.97745216390902,"Bacteroides sp. BFG-637","Species","Bacteroides sp. BFG-637","d__Bacteria;p__Bacteroidota;c__Bacteroidia;o__Bacteroidales;f__Bacteroidaceae;g__Bacteroides_s__Bacteroides_sp._BFG-637",NA,NA
"X2972764","PFNA",0.00140316732127758,0.00205721082841433,-0.00279254182534574,0.00559887646790091,0.50025791022437,40,0.00217254565863421,0.00318521133324104,0.970618145982937,"Bacteroides sp. BFG-637","Species","Bacteroides sp. BFG-637","d__Bacteria;p__Bacteroidota;c__Bacteroidia;o__Bacteroidales;f__Bacteroidaceae;g__Bacteroides_s__Bacteroides_sp._BFG-637",NA,NA
"X2972764","PFOA",-0.00150630857491635,0.00253001094350436,-0.00666629991372355,0.00365368276389084,0.555913825881556,40,-0.00129388348597447,0.00217321964015026,0.910312787196285,"Bacteroides sp. BFG-637","Species","Bacteroides sp. BFG-637","d__Bacteria;p__Bacteroidota;c__Bacteroidia;o__Bacteroidales;f__Bacteroidaceae;g__Bacteroides_s__Bacteroides_sp._BFG-637",NA,NA
"X2972764","PFOS",-0.00369789096876696,0.00297078214348835,-0.0097568410967258,0.00236105915919189,0.222550844531363,40,-0.00331887555176786,0.00266629176169022,0.842084276605156,"Bacteroides sp. BFG-637","Species","Bacteroides sp. BFG-637","d__Bacteria;p__Bacteroidota;c__Bacteroidia;o__Bacteroidales;f__Bacteroidaceae;g__Bacteroides_s__Bacteroides_sp._BFG-637",NA,NA
"X2976431","PFHxS",-0.00227501512695358,0.00353783387452535,-0.00949047488516475,0.00494044463125758,0.524918065085712,40,-0.0022598901175455,0.00351431325261719,0.97745216390902,"Enterobacter sp. CP102","Species","Enterobacter sp. CP102","d__Bacteria;p__Pseudomonadota;c__Gammaproteobacteria;o__Enterobacterales;f__Enterobacteriaceae;g__Enterobacter_s__Enterobacter_sp._CP102",NA,NA
"X2976431","PFNA",-0.000537511465856484,0.00216158202003483,-0.00494608706120623,0.00387106412949326,0.805259386335633,40,-0.000832237313330073,0.00334681086296437,0.970618145982937,"Enterobacter sp. CP102","Species","Enterobacter sp. CP102","d__Bacteria;p__Pseudomonadota;c__Gammaproteobacteria;o__Enterobacterales;f__Enterobacteriaceae;g__Enterobacter_s__Enterobacter_sp._CP102",NA,NA
"X2976431","PFBS",0.00113192952739454,0.00234587793802696,-0.00365252007081612,0.0059163791256052,0.63282749808148,40,0.00112398542084054,0.00232941410008356,0.980227309245162,"Enterobacter sp. CP102","Species","Enterobacter sp. CP102","d__Bacteria;p__Pseudomonadota;c__Gammaproteobacteria;o__Enterobacterales;f__Enterobacteriaceae;g__Enterobacter_s__Enterobacter_sp._CP102",NA,NA
"X2976431","PFOS",0.000551649756627313,0.00317644557637961,-0.00592675370814528,0.00703005322139991,0.863254799829753,40,0.0004951084025659,0.0028508757164581,0.966845375809324,"Enterobacter sp. CP102","Species","Enterobacter sp. CP102","d__Bacteria;p__Pseudomonadota;c__Gammaproteobacteria;o__Enterobacterales;f__Enterobacteriaceae;g__Enterobacter_s__Enterobacter_sp._CP102",NA,NA
"X2976431","PFOA",-0.00280150347641596,0.00260824178484728,-0.00812104766806494,0.00251804071523303,0.29106916970994,40,-0.00240642531311087,0.00224041808500617,0.883140624537261,"Enterobacter sp. CP102","Species","Enterobacter sp. CP102","d__Bacteria;p__Pseudomonadota;c__Gammaproteobacteria;o__Enterobacterales;f__Enterobacteriaceae;g__Enterobacter_s__Enterobacter_sp._CP102",NA,NA
"X2985571","PFBS",0.00215098985532814,0.00177142084886577,-0.00146184678516054,0.00576382649581682,0.233812655361506,40,0.00213589378071063,0.00175898866502852,0.918613929073021,"Bifidobacterium sp. KRGSERBCFTRI","Species","Bifidobacterium sp. KRGSERBCFTRI","d__Bacteria;p__Actinomycetota;c__Actinomycetes;o__Bifidobacteriales;f__Bifidobacteriaceae;g__Bifidobacterium_s__Bifidobacterium_sp._KRGSERBCFTRI",NA,NA
"X2985571","PFOS",-0.00433464140437931,0.00231985276448716,-0.00906601231121076,0.00039672950245213,0.0711687322696265,40,-0.00389036223733556,0.00208207940385133,0.541453455824783,"Bifidobacterium sp. KRGSERBCFTRI","Species","Bifidobacterium sp. KRGSERBCFTRI","d__Bacteria;p__Actinomycetota;c__Actinomycetes;o__Bifidobacteriales;f__Bifidobacteriaceae;g__Bifidobacterium_s__Bifidobacterium_sp._KRGSERBCFTRI",NA,NA
"X2985571","PFNA",-0.000556708616205389,0.00166303953776067,-0.00394850011535714,0.00283508288294636,0.740065436313308,40,-0.000861960558032414,0.00257490982943453,0.970618145982937,"Bifidobacterium sp. KRGSERBCFTRI","Species","Bifidobacterium sp. KRGSERBCFTRI","d__Bacteria;p__Actinomycetota;c__Actinomycetes;o__Bifidobacteriales;f__Bifidobacteriaceae;g__Bifidobacterium_s__Bifidobacterium_sp._KRGSERBCFTRI",NA,NA
"X2985571","PFOA",0.00240406854735278,0.00199923752410004,-0.00167340326558951,0.00648154036029507,0.238277371015522,40,0.00206503809668821,0.00171729781005673,0.883140624537261,"Bifidobacterium sp. KRGSERBCFTRI","Species","Bifidobacterium sp. KRGSERBCFTRI","d__Bacteria;p__Actinomycetota;c__Actinomycetes;o__Bifidobacteriales;f__Bifidobacteriaceae;g__Bifidobacterium_s__Bifidobacterium_sp._KRGSERBCFTRI",NA,NA
"X2985571","PFHxS",0.00104745851005939,0.00273572282791087,-0.00453208498307844,0.00662700200319722,0.704420293659941,40,0.00104049467951975,0.00271753489016056,0.97745216390902,"Bifidobacterium sp. KRGSERBCFTRI","Species","Bifidobacterium sp. KRGSERBCFTRI","d__Bacteria;p__Actinomycetota;c__Actinomycetes;o__Bifidobacteriales;f__Bifidobacteriaceae;g__Bifidobacterium_s__Bifidobacterium_sp._KRGSERBCFTRI",NA,NA
"X299767","PFOS",-0.00153901602849246,0.00182739867907324,-0.00526602020638937,0.00218798814940445,0.40613258725841,40,-0.0013812745464601,0.00164009941086267,0.932107577314383,"Enterobacter ludwigii","Species","Enterobacter ludwigii","d__Bacteria;p__Pseudomonadota;c__Gammaproteobacteria;o__Enterobacterales;f__Enterobacteriaceae;g__Enterobacter_s__Enterobacter_ludwigii",NA,NA
"X299767","PFBS",-0.000310663525268317,0.00136824056189851,-0.00310120854916531,0.00247988149862868,0.821873012009918,40,-0.000308483226859763,0.00135863797750419,0.980227309245162,"Enterobacter ludwigii","Species","Enterobacter ludwigii","d__Bacteria;p__Pseudomonadota;c__Gammaproteobacteria;o__Enterobacterales;f__Enterobacteriaceae;g__Enterobacter_s__Enterobacter_ludwigii",NA,NA
"X299767","PFHxS",-0.0021070801788172,0.00203626432154423,-0.00626006864302391,0.0020459082853895,0.308778108430985,40,-0.00209307165326913,0.00202272660187994,0.97745216390902,"Enterobacter ludwigii","Species","Enterobacter ludwigii","d__Bacteria;p__Pseudomonadota;c__Gammaproteobacteria;o__Enterobacterales;f__Enterobacteriaceae;g__Enterobacter_s__Enterobacter_ludwigii",NA,NA
"X299767","PFOA",0.00253168581194417,0.00147637604317718,-0.000479402980053215,0.00554277460394156,0.0963644665308404,40,0.00217465831257871,0.00126817214823421,0.883140624537261,"Enterobacter ludwigii","Species","Enterobacter ludwigii","d__Bacteria;p__Pseudomonadota;c__Gammaproteobacteria;o__Enterobacterales;f__Enterobacteriaceae;g__Enterobacter_s__Enterobacter_ludwigii",NA,NA
"X299767","PFNA",0.00131148430353783,0.00123609562328704,-0.00120954934118785,0.0038325179482635,0.296891240302715,40,0.0020305914247089,0.00191386596545299,0.970618145982937,"Enterobacter ludwigii","Species","Enterobacter ludwigii","d__Bacteria;p__Pseudomonadota;c__Gammaproteobacteria;o__Enterobacterales;f__Enterobacteriaceae;g__Enterobacter_s__Enterobacter_ludwigii",NA,NA
"X33038","PFBS",0.000336983887512709,0.00100527111695114,-0.00171328007278308,0.00238724784780849,0.739719393159392,40,0.000334618867567036,0.000998215924312862,0.980227309245162,"Mediterraneibacter gnavus","Species","Mediterraneibacter gnavus","d__Bacteria;p__Bacillota;c__Clostridia;o__Lachnospirales;f__Lachnospiraceae;g__Mediterraneibacter_s__Mediterraneibacter_gnavus",NA,NA
"X33038","PFHxS",-0.000594049627981561,0.00151944687892046,-0.0036929819686249,0.00250488271266178,0.698497718972176,40,-0.000590100200962094,0.00150934512264356,0.97745216390902,"Mediterraneibacter gnavus","Species","Mediterraneibacter gnavus","d__Bacteria;p__Bacillota;c__Clostridia;o__Lachnospirales;f__Lachnospiraceae;g__Mediterraneibacter_s__Mediterraneibacter_gnavus",NA,NA
"X33038","PFNA",0.000300035427823537,0.000923858789635924,-0.00158418699621044,0.00218425785185751,0.74754174512291,40,0.000464549491903061,0.0014304248482548,0.970618145982937,"Mediterraneibacter gnavus","Species","Mediterraneibacter gnavus","d__Bacteria;p__Bacillota;c__Clostridia;o__Lachnospirales;f__Lachnospiraceae;g__Mediterraneibacter_s__Mediterraneibacter_gnavus",NA,NA
"X33038","PFOA",0.00120423781244025,0.00111533394758168,-0.00107050077087497,0.00347897639575547,0.288600283431479,40,0.0010344118360934,0.000958045516140532,0.883140624537261,"Mediterraneibacter gnavus","Species","Mediterraneibacter gnavus","d__Bacteria;p__Bacillota;c__Clostridia;o__Lachnospirales;f__Lachnospiraceae;g__Mediterraneibacter_s__Mediterraneibacter_gnavus",NA,NA
"X33038","PFOS",-0.00214486811125078,0.00130349156000974,-0.00480335667515487,0.000513620452653311,0.109974472710332,40,-0.00192502980653601,0.00116989016360712,0.640325488649014,"Mediterraneibacter gnavus","Species","Mediterraneibacter gnavus","d__Bacteria;p__Bacillota;c__Clostridia;o__Lachnospirales;f__Lachnospiraceae;g__Mediterraneibacter_s__Mediterraneibacter_gnavus",NA,NA
"X33043","PFBS",-0.0009410056028481,0.000863045295356503,-0.00270119808757685,0.000819186881880647,0.28396998652058,40,-0.000934401438369638,0.000856988271821631,0.918613929073021,"Coprococcus eutactus","Species","Coprococcus eutactus","d__Bacteria;p__Bacillota;c__Clostridia;o__Lachnospirales;f__Lachnospiraceae;g__Coprococcus_s__Coprococcus_eutactus",NA,NA
"X33043","PFOA",0.00068720127855181,0.000984397187903385,-0.00132049002277196,0.00269489257987558,0.490322458189442,40,0.000590289666184834,0.00084557393237878,0.891495378526259,"Coprococcus eutactus","Species","Coprococcus eutactus","d__Bacteria;p__Bacillota;c__Clostridia;o__Lachnospirales;f__Lachnospiraceae;g__Coprococcus_s__Coprococcus_eutactus",NA,NA
"X33043","PFHxS",-0.000826825136102473,0.00132180156602324,-0.00352265720347469,0.00186900693126975,0.536202272423799,40,-0.000821328144977349,0.00131301381736836,0.97745216390902,"Coprococcus eutactus","Species","Coprococcus eutactus","d__Bacteria;p__Bacillota;c__Clostridia;o__Lachnospirales;f__Lachnospiraceae;g__Coprococcus_s__Coprococcus_eutactus",NA,NA
"X33043","PFOS",0.000769180113637447,0.00117886999094526,-0.00163514108444862,0.00317350131172351,0.518905890280668,40,0.00069034298080145,0.0010580416850326,0.958535271680885,"Coprococcus eutactus","Species","Coprococcus eutactus","d__Bacteria;p__Bacillota;c__Clostridia;o__Lachnospirales;f__Lachnospiraceae;g__Coprococcus_s__Coprococcus_eutactus",NA,NA
"X33043","PFNA",-0.000849977390852458,0.000793576560262199,-0.00246848745625222,0.000768532674547306,0.292405576417809,40,-0.0013160331361996,0.00122870685815412,0.970618145982937,"Coprococcus eutactus","Species","Coprococcus eutactus","d__Bacteria;p__Bacillota;c__Clostridia;o__Lachnospirales;f__Lachnospiraceae;g__Coprococcus_s__Coprococcus_eutactus",NA,NA
"X332101","PFBS",0.0012987369580052,0.00154064378522431,-0.00184342675806684,0.00444090067407723,0.405695282698641,40,0.00128962216372665,0.00152983124071921,0.918613929073021,"Clostridium drakei","Species","Clostridium drakei","d__Bacteria;p__Bacillota;c__Clostridia;o__Eubacteriales;f__Clostridiaceae;g__Clostridium_s__Clostridium_drakei",NA,NA
"X332101","PFOS",0.00108327704963045,0.0020940140146616,-0.0031874926902144,0.00535404678947531,0.608604122987567,40,0.00097224654436162,0.00187938800170655,0.958535271680885,"Clostridium drakei","Species","Clostridium drakei","d__Bacteria;p__Bacillota;c__Clostridia;o__Eubacteriales;f__Clostridiaceae;g__Clostridium_s__Clostridium_drakei",NA,NA
"X332101","PFHxS",0.00143763119981758,0.00234253502793578,-0.00334000048831203,0.00621526288794719,0.543886136847384,40,0.0014280733796673,0.00232696112518827,0.97745216390902,"Clostridium drakei","Species","Clostridium drakei","d__Bacteria;p__Bacillota;c__Clostridia;o__Eubacteriales;f__Clostridiaceae;g__Clostridium_s__Clostridium_drakei",NA,NA
"X332101","PFNA",0.0007432118411163,0.00142561589319719,-0.0021643509424558,0.0036507746246884,0.605843797504283,40,0.00115072638478539,0.00220730312962639,0.970618145982937,"Clostridium drakei","Species","Clostridium drakei","d__Bacteria;p__Bacillota;c__Clostridia;o__Eubacteriales;f__Clostridiaceae;g__Clostridium_s__Clostridium_drakei",NA,NA
"X332101","PFOA",0.00358115140512923,0.00163592626974208,0.000244657780677146,0.00691764502958131,0.0362470548698517,40,0.00307612446814112,0.00140522202418494,0.832388928593,"Clostridium drakei","Species","Clostridium drakei","d__Bacteria;p__Bacillota;c__Clostridia;o__Eubacteriales;f__Clostridiaceae;g__Clostridium_s__Clostridium_drakei",NA,NA
"X333367","PFOS",-0.000433831833349071,0.00208645426148893,-0.00468918335494684,0.0038215196882487,0.836645369117617,40,-0.000389366229951599,0.00187260308560327,0.958535271680885,"Enterocloster asparagiformis","Species","Enterocloster asparagiformis","d__Bacteria;p__Bacillota;c__Clostridia;o__Lachnospirales;f__Lachnospiraceae;g__Enterocloster_s__Enterocloster_asparagiformis",NA,NA
"X333367","PFNA",0.00112297741064507,0.00140717291935344,-0.00174697067978116,0.0039929255010713,0.430919649938728,40,0.00173872328783988,0.00217874758806769,0.970618145982937,"Enterocloster asparagiformis","Species","Enterocloster asparagiformis","d__Bacteria;p__Bacillota;c__Clostridia;o__Lachnospirales;f__Lachnospiraceae;g__Enterocloster_s__Enterocloster_asparagiformis",NA,NA
"X333367","PFOA",8.25769679443657e-05,0.00174512121652322,-0.0034766212187464,0.00364177515463513,0.962562713790597,40,7.09316649485256e-05,0.00149901790422222,0.983640729421048,"Enterocloster asparagiformis","Species","Enterocloster asparagiformis","d__Bacteria;p__Bacillota;c__Clostridia;o__Lachnospirales;f__Lachnospiraceae;g__Enterocloster_s__Enterocloster_asparagiformis",NA,NA
"X333367","PFBS",0.00066050443007646,0.00154244046955699,-0.00248532364785101,0.00380633250800393,0.671451316330806,40,0.000655868878617706,0.0015316153155639,0.980227309245162,"Enterocloster asparagiformis","Species","Enterocloster asparagiformis","d__Bacteria;p__Bacillota;c__Clostridia;o__Lachnospirales;f__Lachnospiraceae;g__Enterocloster_s__Enterocloster_asparagiformis",NA,NA
"X333367","PFHxS",-0.00243547331147729,0.00229852117286609,-0.00712333815036453,0.00225239152740995,0.297520877384755,40,-0.00241928152606329,0.00228323988794082,0.97745216390902,"Enterocloster asparagiformis","Species","Enterocloster asparagiformis","d__Bacteria;p__Bacillota;c__Clostridia;o__Lachnospirales;f__Lachnospiraceae;g__Enterocloster_s__Enterocloster_asparagiformis",NA,NA
"X360422","PFBS",0.000890580837937386,0.00162515429916882,-0.00242394320768635,0.00420510488356112,0.587618148576517,40,0.000884330564488107,0.00161374864306847,0.980227309245162,"Clostridium tagluense","Species","Clostridium tagluense","d__Bacteria;p__Bacillota;c__Clostridia;o__Eubacteriales;f__Clostridiaceae;g__Clostridium_s__Clostridium_tagluense",NA,NA
"X360422","PFHxS",-0.00166192185957939,0.00245175900527662,-0.00666231731816455,0.00333847359900576,0.502895951663014,40,-0.00165087288523904,0.00243545894749599,0.97745216390902,"Clostridium tagluense","Species","Clostridium tagluense","d__Bacteria;p__Bacillota;c__Clostridia;o__Eubacteriales;f__Clostridiaceae;g__Clostridium_s__Clostridium_tagluense",NA,NA
"X360422","PFNA",0.00132803331158623,0.00148151265657949,-0.00169353167251411,0.00434959829568657,0.376945855731401,40,0.00205621450974306,0.00229384895262015,0.970618145982937,"Clostridium tagluense","Species","Clostridium tagluense","d__Bacteria;p__Bacillota;c__Clostridia;o__Eubacteriales;f__Clostridiaceae;g__Clostridium_s__Clostridium_tagluense",NA,NA
"X360422","PFOA",0.0014435616757703,0.00182387843198053,-0.00227626291084639,0.00516338626238699,0.434678937518374,40,0.00123998538172601,0.00156666849200913,0.883140624537261,"Clostridium tagluense","Species","Clostridium tagluense","d__Bacteria;p__Bacillota;c__Clostridia;o__Eubacteriales;f__Clostridiaceae;g__Clostridium_s__Clostridium_tagluense",NA,NA
"X360422","PFOS",-0.00162077155478375,0.00218468552358241,-0.00607646705627766,0.00283492394671015,0.463744931822369,40,-0.00145465053826782,0.0019607661323061,0.958535271680885,"Clostridium tagluense","Species","Clostridium tagluense","d__Bacteria;p__Bacillota;c__Clostridia;o__Eubacteriales;f__Clostridiaceae;g__Clostridium_s__Clostridium_tagluense",NA,NA
"X36745","PFNA",-0.001831783716348,0.0022472055266519,-0.00641498960477087,0.00275142217207486,0.421211746183697,40,-0.00283617905018286,0.00347938306212916,0.970618145982937,"Clostridium saccharoperbutylacetonicum","Species","Clostridium saccharoperbutylacetonicum","d__Bacteria;p__Bacillota;c__Clostridia;o__Eubacteriales;f__Clostridiaceae;g__Clostridium_s__Clostridium_saccharoperbutylacetonicum",NA,NA
"X36745","PFHxS",-0.0013573037144319,0.00373020689493612,-0.00896511083449471,0.0062505034056309,0.7184264246257,40,-0.00134827993643272,0.00370540731724911,0.97745216390902,"Clostridium saccharoperbutylacetonicum","Species","Clostridium saccharoperbutylacetonicum","d__Bacteria;p__Bacillota;c__Clostridia;o__Eubacteriales;f__Clostridiaceae;g__Clostridium_s__Clostridium_saccharoperbutylacetonicum",NA,NA
"X36745","PFOS",0.00321722666291542,0.00328534204278183,-0.00348327260934957,0.0099177259351804,0.335029064903613,40,0.0028874769446234,0.00294861083711709,0.884294028876767,"Clostridium saccharoperbutylacetonicum","Species","Clostridium saccharoperbutylacetonicum","d__Bacteria;p__Bacillota;c__Clostridia;o__Eubacteriales;f__Clostridiaceae;g__Clostridium_s__Clostridium_saccharoperbutylacetonicum",NA,NA
"X36745","PFOA",-0.00111971102366914,0.00278095042967716,-0.00679149681875759,0.0045520747714193,0.689979145315735,40,-0.000961805321110599,0.00238877073143708,0.950693053391399,"Clostridium saccharoperbutylacetonicum","Species","Clostridium saccharoperbutylacetonicum","d__Bacteria;p__Bacillota;c__Clostridia;o__Eubacteriales;f__Clostridiaceae;g__Clostridium_s__Clostridium_saccharoperbutylacetonicum",NA,NA
"X36745","PFBS",-0.000316095766233484,0.00247092231311883,-0.00535557504884025,0.00472338351637328,0.899033641670155,40,-0.000313877343277411,0.00245358088888081,0.980227309245162,"Clostridium saccharoperbutylacetonicum","Species","Clostridium saccharoperbutylacetonicum","d__Bacteria;p__Bacillota;c__Clostridia;o__Eubacteriales;f__Clostridiaceae;g__Clostridium_s__Clostridium_saccharoperbutylacetonicum",NA,NA
"X36839","PFHxS",-0.000670419101586795,0.00240940564510824,-0.00558443431260846,0.00424359610943486,0.782667398686316,40,-0.000665961946511771,0.00239338716566237,0.97745216390902,"Clostridium felsineum","Species","Clostridium felsineum","d__Bacteria;p__Bacillota;c__Clostridia;o__Eubacteriales;f__Clostridiaceae;g__Clostridium_s__Clostridium_felsineum",NA,NA
"X36839","PFOS",-0.00172184590769872,0.00213039984160547,-0.00606682503085386,0.00262313321545641,0.425119271784267,40,-0.00154536527313523,0.00191204446250944,0.933011307596666,"Clostridium felsineum","Species","Clostridium felsineum","d__Bacteria;p__Bacillota;c__Clostridia;o__Eubacteriales;f__Clostridiaceae;g__Clostridium_s__Clostridium_felsineum",NA,NA
"X36839","PFBS",-0.00219294931668324,0.00154562863718428,-0.00534527970535594,0.000959381071989456,0.165931700359678,40,-0.00217755876222058,0.00153478110799669,0.918613929073021,"Clostridium felsineum","Species","Clostridium felsineum","d__Bacteria;p__Bacillota;c__Clostridia;o__Eubacteriales;f__Clostridiaceae;g__Clostridium_s__Clostridium_felsineum",NA,NA
"X36839","PFOA",0.00223508734103563,0.00175401328967862,-0.00134224634842191,0.00581242103049316,0.21203766656543,40,0.00191988723189548,0.0015066559850268,0.883140624537261,"Clostridium felsineum","Species","Clostridium felsineum","d__Bacteria;p__Bacillota;c__Clostridia;o__Eubacteriales;f__Clostridiaceae;g__Clostridium_s__Clostridium_felsineum",NA,NA
"X36839","PFNA",-0.000512192919829286,0.00146279688278754,-0.00349558683162122,0.00247120099196265,0.728596854261026,40,-0.000793036217052947,0.00226487103068375,0.970618145982937,"Clostridium felsineum","Species","Clostridium felsineum","d__Bacteria;p__Bacillota;c__Clostridia;o__Eubacteriales;f__Clostridiaceae;g__Clostridium_s__Clostridium_felsineum",NA,NA
"X371601","PFOS",0.00201950211548241,0.00186196304269422,-0.00177799654678563,0.00581700077775045,0.286458137710749,40,0.00181251320128915,0.0016711210992664,0.884294028876767,"Bacteroides xylanisolvens","Species","Bacteroides xylanisolvens","d__Bacteria;p__Bacteroidota;c__Bacteroidia;o__Bacteroidales;f__Bacteroidaceae;g__Bacteroides_s__Bacteroides_xylanisolvens",NA,NA
"X371601","PFHxS",-0.000515643491985365,0.00212377513065262,-0.00484711142807368,0.00381582444410295,0.80976297315902,40,-0.000512215333387607,0.00210965561186297,0.994445756511078,"Bacteroides xylanisolvens","Species","Bacteroides xylanisolvens","d__Bacteria;p__Bacteroidota;c__Bacteroidia;o__Bacteroidales;f__Bacteroidaceae;g__Bacteroides_s__Bacteroides_xylanisolvens",NA,NA
"X371601","PFBS",-0.0018003456025912,0.00136781736771176,-0.00459002751625387,0.000989336311071472,0.197750747765535,40,-0.00178771041907943,0.00135821775337841,0.918613929073021,"Bacteroides xylanisolvens","Species","Bacteroides xylanisolvens","d__Bacteria;p__Bacteroidota;c__Bacteroidia;o__Bacteroidales;f__Bacteroidaceae;g__Bacteroides_s__Bacteroides_xylanisolvens",NA,NA
"X371601","PFOA",0.000120276449614652,0.0015854343053969,-0.00311323813462048,0.00335379103384978,0.940015254747592,40,0.000103314629219767,0.0013618506194618,0.982105490034797,"Bacteroides xylanisolvens","Species","Bacteroides xylanisolvens","d__Bacteria;p__Bacteroidota;c__Bacteroidia;o__Bacteroidales;f__Bacteroidaceae;g__Bacteroides_s__Bacteroides_xylanisolvens",NA,NA
"X371601","PFNA",-0.00191196866473828,0.00124505959573528,-0.00445128445180526,0.000627347122328698,0.134770256974589,40,-0.00296033064555674,0.00192774502259124,0.970618145982937,"Bacteroides xylanisolvens","Species","Bacteroides xylanisolvens","d__Bacteria;p__Bacteroidota;c__Bacteroidia;o__Bacteroidales;f__Bacteroidaceae;g__Bacteroides_s__Bacteroides_xylanisolvens",NA,NA
"X376805","PFHxS",2.6497663821276e-06,0.00262639927467875,-0.00535392686993095,0.0053592264026952,0.999201481369411,40,2.63214990961097e-06,0.00260893815397311,0.999201481369411,"Phocaeicola salanitronis","Species","Phocaeicola salanitronis","d__Bacteria;p__Bacteroidota;c__Bacteroidia;o__Bacteroidales;f__Bacteroidaceae;g__Phocaeicola_s__Phocaeicola_salanitronis",NA,NA
"X376805","PFBS",-0.0021331042583218,0.0016937153355657,-0.00558745945957584,0.00132125094293224,0.217277901700403,40,-0.00211813370838137,0.00168182850447573,0.918613929073021,"Phocaeicola salanitronis","Species","Phocaeicola salanitronis","d__Bacteria;p__Bacteroidota;c__Bacteroidia;o__Bacteroidales;f__Bacteroidaceae;g__Phocaeicola_s__Phocaeicola_salanitronis",NA,NA
"X376805","PFOS",0.0068699154698406,0.0019925854345907,0.00280601068289924,0.010933820256782,0.00164796131794629,40,0.0061657833311317,0.00178835534620344,0.23071458451248,"Phocaeicola salanitronis","Species","Phocaeicola salanitronis","d__Bacteria;p__Bacteroidota;c__Bacteroidia;o__Bacteroidales;f__Bacteroidaceae;g__Phocaeicola_s__Phocaeicola_salanitronis",NA,NA
"X376805","PFNA",-0.0017249805412399,0.00156533120300527,-0.00491749457783301,0.0014675334953532,0.27894818885589,40,-0.00267081404282352,0.00242362650401334,0.970618145982937,"Phocaeicola salanitronis","Species","Phocaeicola salanitronis","d__Bacteria;p__Bacteroidota;c__Bacteroidia;o__Bacteroidales;f__Bacteroidaceae;g__Phocaeicola_s__Phocaeicola_salanitronis",NA,NA
"X376805","PFOA",0.00158532399079912,0.00193816899402414,-0.00236759773390172,0.00553824571549996,0.419629026465843,40,0.001361755861828,0.00166484138519549,0.883140624537261,"Phocaeicola salanitronis","Species","Phocaeicola salanitronis","d__Bacteria;p__Bacteroidota;c__Bacteroidia;o__Bacteroidales;f__Bacteroidaceae;g__Phocaeicola_s__Phocaeicola_salanitronis",NA,NA
"X39778","PFOS",-0.001119754343508,0.00194936734559666,-0.00509551525681847,0.00285600656980248,0.569829288181248,40,-0.00100498509719278,0.00174956689620102,0.958535271680885,"Veillonella dispar","Species","Veillonella dispar","d__Bacteria;p__Bacillota;c__Negativicutes;o__Veillonellales;f__Veillonellaceae;g__Veillonella_s__Veillonella_dispar",NA,NA
"X39778","PFNA",0.0021222549229776,0.00127866894306451,-0.000485607579891943,0.00473011742584715,0.107051568942619,40,0.00328592011053395,0.00197978289471269,0.970618145982937,"Veillonella dispar","Species","Veillonella dispar","d__Bacteria;p__Bacillota;c__Negativicutes;o__Veillonellales;f__Veillonellaceae;g__Veillonella_s__Veillonella_dispar",NA,NA
"X39778","PFBS",-0.00031377216556022,0.00145091844902225,-0.00327293985196571,0.00264539552084527,0.830203721207382,40,-0.000311570050095815,0.00144073561477219,0.980227309245162,"Veillonella dispar","Species","Veillonella dispar","d__Bacteria;p__Bacillota;c__Negativicutes;o__Veillonellales;f__Veillonellaceae;g__Veillonella_s__Veillonella_dispar",NA,NA
"X39778","PFOA",-0.00235901462772396,0.00158228824264142,-0.00558611277466608,0.000868083519218161,0.146097137111818,40,-0.00202633784392666,0.00135914822586666,0.883140624537261,"Veillonella dispar","Species","Veillonella dispar","d__Bacteria;p__Bacillota;c__Negativicutes;o__Veillonellales;f__Veillonellaceae;g__Veillonella_s__Veillonella_dispar",NA,NA
"X39778","PFHxS",-6.08023020815288e-05,0.00219608760529846,-0.00453975250255222,0.00441814789838917,0.978089545619846,40,-6.03980694326463e-05,0.0021814873306464,0.999201481369411,"Veillonella dispar","Species","Veillonella dispar","d__Bacteria;p__Bacillota;c__Negativicutes;o__Veillonellales;f__Veillonellaceae;g__Veillonella_s__Veillonella_dispar",NA,NA
"X400065","PFBS",0.0016918213330417,0.00145263628731567,-0.00127084990766197,0.00465449257374537,0.253042953774847,40,0.00167994779443814,0.00144244139693481,0.918613929073021,"Streptococcus merionis","Species","Streptococcus merionis","d__Bacteria;p__Bacillota;c__Bacilli;o__Lactobacillales;f__Streptococcaceae;g__Streptococcus_s__Streptococcus_merionis",NA,NA
"X400065","PFOS",-0.000431324585584595,0.00200149092539684,-0.00451339224077184,0.00365074306960265,0.830787845884301,40,-0.000387115962602447,0.00179634806853155,0.958535271680885,"Streptococcus merionis","Species","Streptococcus merionis","d__Bacteria;p__Bacillota;c__Bacilli;o__Lactobacillales;f__Streptococcaceae;g__Streptococcus_s__Streptococcus_merionis",NA,NA
"X400065","PFNA",-0.00114511203668435,0.00134813885791479,-0.00389465936501106,0.00160443529164236,0.40216979382473,40,-0.00177299467157146,0.00208734423798589,0.970618145982937,"Streptococcus merionis","Species","Streptococcus merionis","d__Bacteria;p__Bacillota;c__Bacilli;o__Lactobacillales;f__Streptococcaceae;g__Streptococcus_s__Streptococcus_merionis",NA,NA
"X400065","PFOA",-0.00106284633138143,0.00166328596107206,-0.00445514041419026,0.00232944775142741,0.527514035041961,40,-0.000912959893612331,0.00142872335278568,0.910312787196285,"Streptococcus merionis","Species","Streptococcus merionis","d__Bacteria;p__Bacillota;c__Bacilli;o__Lactobacillales;f__Streptococcaceae;g__Streptococcus_s__Streptococcus_merionis",NA,NA
"X400065","PFHxS",0.000774574929970364,0.0022402951181034,-0.00379453708729775,0.00534368694723848,0.731868409912753,40,0.000769425314495608,0.00222540093813214,0.97745216390902,"Streptococcus merionis","Species","Streptococcus merionis","d__Bacteria;p__Bacillota;c__Bacilli;o__Lactobacillales;f__Streptococcaceae;g__Streptococcus_s__Streptococcus_merionis",NA,NA
"X418240","PFNA",0.00079301199378109,0.00196086034585887,-0.00320618904810359,0.00479221303566577,0.688680437816076,40,0.00122783273114236,0.00303603039137548,0.970618145982937,"Blautia wexlerae","Species","Blautia wexlerae","d__Bacteria;p__Bacillota;c__Clostridia;o__Lachnospirales;f__Lachnospiraceae;g__Blautia_s__Blautia_wexlerae",NA,NA
"X418240","PFBS",-0.00317754569167585,0.00206199323355047,-0.00738300861788044,0.00102791723452873,0.13346216423705,40,-0.003155245044026,0.00204752175492523,0.918613929073021,"Blautia wexlerae","Species","Blautia wexlerae","d__Bacteria;p__Bacillota;c__Clostridia;o__Lachnospirales;f__Lachnospiraceae;g__Blautia_s__Blautia_wexlerae",NA,NA
"X418240","PFOS",-0.0023222534515394,0.00285732177375313,-0.00814979962979014,0.00350529272671134,0.422566425423698,40,-0.00208423403243081,0.00256446051507173,0.933011307596666,"Blautia wexlerae","Species","Blautia wexlerae","d__Bacteria;p__Bacillota;c__Clostridia;o__Lachnospirales;f__Lachnospiraceae;g__Blautia_s__Blautia_wexlerae",NA,NA
"X418240","PFHxS",-0.00124876955944587,0.00322815276346317,-0.00783263052755072,0.00533509140865899,0.701519578470653,40,-0.00124046735032586,0.00320669099807109,0.97745216390902,"Blautia wexlerae","Species","Blautia wexlerae","d__Bacteria;p__Bacillota;c__Clostridia;o__Lachnospirales;f__Lachnospiraceae;g__Blautia_s__Blautia_wexlerae",NA,NA
"X418240","PFOA",-0.000634181081426879,0.00241092180761336,-0.00555128852626465,0.00428292636341089,0.794256308161761,40,-0.000544746569222203,0.00207092488537408,0.956257054309826,"Blautia wexlerae","Species","Blautia wexlerae","d__Bacteria;p__Bacillota;c__Clostridia;o__Lachnospirales;f__Lachnospiraceae;g__Blautia_s__Blautia_wexlerae",NA,NA
"X42895","PFOS",-0.00303176512130813,0.00158521459545248,-0.00626483160415731,0.000201301361541036,0.0650868834203523,40,-0.00272102428784352,0.00142273799027317,0.541453455824783,"Enterobacter sp.","Species","Enterobacter sp.","d__Bacteria;p__Pseudomonadota;c__Gammaproteobacteria;o__Enterobacterales;f__Enterobacteriaceae;g__Enterobacter_s__Enterobacter_sp.",NA,NA
"X42895","PFHxS",-0.00296864964484598,0.00180105580812851,-0.00664192718323442,0.000704627893542461,0.109394523707278,40,-0.00294891313704187,0.00178908182794715,0.97745216390902,"Enterobacter sp.","Species","Enterobacter sp.","d__Bacteria;p__Pseudomonadota;c__Gammaproteobacteria;o__Enterobacterales;f__Enterobacteriaceae;g__Enterobacter_s__Enterobacter_sp.",NA,NA
"X42895","PFBS",0.000999759605828675,0.00122884575321775,-0.00150648783140604,0.00350600704306339,0.422093051683255,40,0.000992743094071645,0.00122022146931514,0.918613929073021,"Enterobacter sp.","Species","Enterobacter sp.","d__Bacteria;p__Pseudomonadota;c__Gammaproteobacteria;o__Enterobacterales;f__Enterobacteriaceae;g__Enterobacter_s__Enterobacter_sp.",NA,NA
"X42895","PFOA",0.0010271555661366,0.00138879767776974,-0.0018053159719989,0.0038596271042721,0.465106661583044,40,0.000882302369303516,0.00119294440100081,0.883140624537261,"Enterobacter sp.","Species","Enterobacter sp.","d__Bacteria;p__Pseudomonadota;c__Gammaproteobacteria;o__Enterobacterales;f__Enterobacteriaceae;g__Enterobacter_s__Enterobacter_sp.",NA,NA
"X42895","PFNA",-0.00105110924711944,0.00112547007655833,-0.00334652060177695,0.00124430210753807,0.357558477840454,40,-0.00162744869906207,0.00174258272101378,0.970618145982937,"Enterobacter sp.","Species","Enterobacter sp.","d__Bacteria;p__Pseudomonadota;c__Gammaproteobacteria;o__Enterobacterales;f__Enterobacteriaceae;g__Enterobacter_s__Enterobacter_sp.",NA,NA
"X438033","PFHxS",0.0013046719551397,0.00285284593239151,-0.00451374568447009,0.00712308959474948,0.650627913246226,40,0.00129599808947518,0.00283387932374966,0.97745216390902,"Ruminococcus gauvreauii","Species","Ruminococcus gauvreauii","d__Bacteria;p__Bacillota;c__Clostridia;o__Eubacteriales;f__Oscillospiraceae;g__Ruminococcus_s__Ruminococcus_gauvreauii",NA,NA
"X438033","PFOS",0.00141208417471638,0.00254170278518114,-0.00377175283240377,0.00659592118183652,0.582495035115296,40,0.00126735257585682,0.00228119090174548,0.958535271680885,"Ruminococcus gauvreauii","Species","Ruminococcus gauvreauii","d__Bacteria;p__Bacillota;c__Clostridia;o__Eubacteriales;f__Oscillospiraceae;g__Ruminococcus_s__Ruminococcus_gauvreauii",NA,NA
"X438033","PFNA",-0.00257143841509602,0.00167666821225402,-0.00599102577913353,0.000848148948941492,0.135256996233816,40,-0.0039813978564406,0.00259601131687263,0.970618145982937,"Ruminococcus gauvreauii","Species","Ruminococcus gauvreauii","d__Bacteria;p__Bacillota;c__Clostridia;o__Eubacteriales;f__Oscillospiraceae;g__Ruminococcus_s__Ruminococcus_gauvreauii",NA,NA
"X438033","PFBS",-0.00139821879226493,0.00187584257671442,-0.00522402495079688,0.00242758736626702,0.461655501064656,40,-0.00138840581468749,0.00186267754042258,0.918613929073021,"Ruminococcus gauvreauii","Species","Ruminococcus gauvreauii","d__Bacteria;p__Bacillota;c__Clostridia;o__Eubacteriales;f__Oscillospiraceae;g__Ruminococcus_s__Ruminococcus_gauvreauii",NA,NA
"X438033","PFOA",-0.000961187351815575,0.00212804856017388,-0.00530137100487472,0.00337899630124357,0.654647149194416,40,-0.000825637231409087,0.00182794344745308,0.922371698795071,"Ruminococcus gauvreauii","Species","Ruminococcus gauvreauii","d__Bacteria;p__Bacillota;c__Clostridia;o__Eubacteriales;f__Oscillospiraceae;g__Ruminococcus_s__Ruminococcus_gauvreauii",NA,NA
"X45634","PFNA",-0.00051344498053615,0.00140462396259904,-0.0033781944393875,0.00235130447831521,0.717191514454262,40,-0.000794974802004147,0.00217480099891411,0.970618145982937,"Streptococcus cristatus","Species","Streptococcus cristatus","d__Bacteria;p__Bacillota;c__Bacilli;o__Lactobacillales;f__Streptococcaceae;g__Streptococcus_s__Streptococcus_cristatus",NA,NA
"X45634","PFBS",0.00081385500892012,0.00152487258063713,-0.00229614312333049,0.00392385314117073,0.597341829113967,40,0.000808143212598971,0.00151417072158257,0.980227309245162,"Streptococcus cristatus","Species","Streptococcus cristatus","d__Bacteria;p__Bacillota;c__Bacilli;o__Lactobacillales;f__Streptococcaceae;g__Streptococcus_s__Streptococcus_cristatus",NA,NA
"X45634","PFHxS",-0.00242019707164312,0.0022757436510304,-0.00706160684847088,0.00222121270518463,0.295780794992846,40,-0.00240410684743128,0.00226061379816727,0.97745216390902,"Streptococcus cristatus","Species","Streptococcus cristatus","d__Bacteria;p__Bacillota;c__Bacilli;o__Lactobacillales;f__Streptococcaceae;g__Streptococcus_s__Streptococcus_cristatus",NA,NA
"X45634","PFOA",0.0019439801281699,0.0016924736718403,-0.0015078426832203,0.0053958029395601,0.259505694619587,40,0.00166983301216435,0.00145379490690501,0.883140624537261,"Streptococcus cristatus","Species","Streptococcus cristatus","d__Bacteria;p__Bacillota;c__Bacilli;o__Lactobacillales;f__Streptococcaceae;g__Streptococcus_s__Streptococcus_cristatus",NA,NA
"X45634","PFOS",0.00178645498544942,0.00204243522458039,-0.00237911911847596,0.00595202908937479,0.388480362605326,40,0.00160335224202645,0.00183309578086064,0.932107577314383,"Streptococcus cristatus","Species","Streptococcus cristatus","d__Bacteria;p__Bacillota;c__Bacilli;o__Lactobacillales;f__Streptococcaceae;g__Streptococcus_s__Streptococcus_cristatus",NA,NA
"X548","PFHxS",-0.0036316825612649,0.00318988828828837,-0.0101375026177315,0.00287413749520165,0.263634682030458,40,-0.00360753800404613,0.00316868091704961,0.97745216390902,"Klebsiella aerogenes","Species","Klebsiella aerogenes","d__Bacteria;p__Pseudomonadota;c__Gammaproteobacteria;o__Enterobacterales;f__Enterobacteriaceae;g__Klebsiella_s__Klebsiella_aerogenes",NA,NA
"X548","PFBS",0.000364005309025439,0.00215171695933039,-0.00402445036236809,0.00475246098041897,0.866762224037387,40,0.000361450647369269,0.00213661578175238,0.980227309245162,"Klebsiella aerogenes","Species","Klebsiella aerogenes","d__Bacteria;p__Pseudomonadota;c__Gammaproteobacteria;o__Enterobacterales;f__Enterobacteriaceae;g__Klebsiella_s__Klebsiella_aerogenes",NA,NA
"X548","PFOA",0.000232954060084543,0.00242813721492829,-0.00471926443945724,0.00518517255962632,0.92418622488545,40,0.000200102035103154,0.00208571251361974,0.972827605142579,"Klebsiella aerogenes","Species","Klebsiella aerogenes","d__Bacteria;p__Pseudomonadota;c__Gammaproteobacteria;o__Enterobacterales;f__Enterobacteriaceae;g__Klebsiella_s__Klebsiella_aerogenes",NA,NA
"X548","PFOS",-0.00441284638340372,0.00279522053323886,-0.0101137362465877,0.00128804347978027,0.124553429897194,40,-0.0039605515952974,0.00250872434258367,0.670672314831042,"Klebsiella aerogenes","Species","Klebsiella aerogenes","d__Bacteria;p__Pseudomonadota;c__Gammaproteobacteria;o__Enterobacterales;f__Enterobacteriaceae;g__Klebsiella_s__Klebsiella_aerogenes",NA,NA
"X548","PFNA",0.00355993268801789,0.00187197130720722,-0.000257977964299503,0.00737784334033528,0.0665388544537607,40,0.00551189882282987,0.00289840211847144,0.970618145982937,"Klebsiella aerogenes","Species","Klebsiella aerogenes","d__Bacteria;p__Pseudomonadota;c__Gammaproteobacteria;o__Enterobacterales;f__Enterobacteriaceae;g__Klebsiella_s__Klebsiella_aerogenes",NA,NA
"X550","PFOA",-0.000258505678342943,0.00179048109031769,-0.00391021593756437,0.00339320458087848,0.886136715087979,40,-0.000222050271643137,0.00153798096438525,0.972827605142579,"Enterobacter cloacae","Species","Enterobacter cloacae","d__Bacteria;p__Pseudomonadota;c__Gammaproteobacteria;o__Enterobacterales;f__Enterobacteriaceae;g__Enterobacter_s__Enterobacter_cloacae",NA,NA
"X550","PFHxS",0.00329042353283021,0.00232745241559785,-0.0014564469646294,0.00803729403028983,0.167401146115493,40,0.0032685477719612,0.00231197878675657,0.97745216390902,"Enterobacter cloacae","Species","Enterobacter cloacae","d__Bacteria;p__Pseudomonadota;c__Gammaproteobacteria;o__Enterobacterales;f__Enterobacteriaceae;g__Enterobacter_s__Enterobacter_cloacae",NA,NA
"X550","PFNA",-0.000149280355686937,0.00145869472176402,-0.00312430785491211,0.00282574714353824,0.919147275002752,40,-0.000231133082811345,0.00225851959134538,0.970618145982937,"Enterobacter cloacae","Species","Enterobacter cloacae","d__Bacteria;p__Pseudomonadota;c__Gammaproteobacteria;o__Enterobacterales;f__Enterobacteriaceae;g__Enterobacter_s__Enterobacter_cloacae",NA,NA
"X550","PFBS",-0.00160038720444581,0.00156144599558942,-0.00478497730827227,0.00158420289938064,0.31332370294802,40,-0.00158915536874218,0.00155048745703461,0.918613929073021,"Enterobacter cloacae","Species","Enterobacter cloacae","d__Bacteria;p__Pseudomonadota;c__Gammaproteobacteria;o__Enterobacterales;f__Enterobacteriaceae;g__Enterobacter_s__Enterobacter_cloacae",NA,NA
"X550","PFOS",-0.00283097682713675,0.00208162254968524,-0.00707647400754177,0.00141452035326828,0.183643659265573,40,-0.0025408157943441,0.00186826660020824,0.756179773446476,"Enterobacter cloacae","Species","Enterobacter cloacae","d__Bacteria;p__Pseudomonadota;c__Gammaproteobacteria;o__Enterobacterales;f__Enterobacteriaceae;g__Enterobacter_s__Enterobacter_cloacae",NA,NA
"X564","PFNA",0.00420811850824298,0.00147884216954167,0.00119200001836472,0.00722423699812125,0.00779013981084599,40,0.00651549495022265,0.00228971419624969,0.363539857839479,"Escherichia fergusonii","Species","Escherichia fergusonii","d__Bacteria;p__Pseudomonadota;c__Gammaproteobacteria;o__Enterobacterales;f__Enterobacteriaceae;g__Escherichia_s__Escherichia_fergusonii",NA,NA
"X564","PFHxS",-0.00345529655406587,0.00266215321026377,-0.00888479382276619,0.00197420071463446,0.203885001822144,40,-0.00343232466598091,0.00264445438625423,0.97745216390902,"Escherichia fergusonii","Species","Escherichia fergusonii","d__Bacteria;p__Pseudomonadota;c__Gammaproteobacteria;o__Enterobacterales;f__Enterobacteriaceae;g__Escherichia_s__Escherichia_fergusonii",NA,NA
"X564","PFOS",-0.00400092106288709,0.0023310344035463,-0.0087550970729324,0.000753254947158215,0.0960725823836072,40,-0.00359084656965879,0.00209211498056668,0.607675674752692,"Escherichia fergusonii","Species","Escherichia fergusonii","d__Bacteria;p__Pseudomonadota;c__Gammaproteobacteria;o__Enterobacterales;f__Enterobacteriaceae;g__Escherichia_s__Escherichia_fergusonii",NA,NA
"X564","PFOA",-0.00029250790715112,0.00203820217031528,-0.00444944863998348,0.00386443282568124,0.886814118174795,40,-0.000251257383037074,0.00175076752078817,0.972827605142579,"Escherichia fergusonii","Species","Escherichia fergusonii","d__Bacteria;p__Pseudomonadota;c__Gammaproteobacteria;o__Enterobacterales;f__Enterobacteriaceae;g__Escherichia_s__Escherichia_fergusonii",NA,NA
"X564","PFBS",-0.00132021227881168,0.00179171565905498,-0.00497444045757332,0.00233401589994996,0.466758421519773,40,-0.00131094676646046,0.00177914104220337,0.918613929073021,"Escherichia fergusonii","Species","Escherichia fergusonii","d__Bacteria;p__Pseudomonadota;c__Gammaproteobacteria;o__Enterobacterales;f__Enterobacteriaceae;g__Escherichia_s__Escherichia_fergusonii",NA,NA
"X571","PFHxS",0.0027089283936842,0.00167578394676748,-0.000708855499003309,0.00612671228637171,0.116115857583411,40,0.00269091859368118,0.00166464281295238,0.97745216390902,"Klebsiella oxytoca","Species","Klebsiella oxytoca","d__Bacteria;p__Pseudomonadota;c__Gammaproteobacteria;o__Enterobacterales;f__Enterobacteriaceae;g__Klebsiella_s__Klebsiella_oxytoca",NA,NA
"X571","PFOA",-0.000613925225931786,0.00129686556179284,-0.00325889997737671,0.00203104952551313,0.63925059551869,40,-0.000527347267806926,0.00111397688486633,0.921461902696451,"Klebsiella oxytoca","Species","Klebsiella oxytoca","d__Bacteria;p__Pseudomonadota;c__Gammaproteobacteria;o__Enterobacterales;f__Enterobacteriaceae;g__Klebsiella_s__Klebsiella_oxytoca",NA,NA
"X571","PFNA",-0.000210671924649053,0.00105950828988557,-0.00237155332843914,0.00195020947914103,0.84368680503381,40,-0.000326186598242383,0.00164045306683884,0.970618145982937,"Klebsiella oxytoca","Species","Klebsiella oxytoca","d__Bacteria;p__Pseudomonadota;c__Gammaproteobacteria;o__Enterobacterales;f__Enterobacteriaceae;g__Klebsiella_s__Klebsiella_oxytoca",NA,NA
"X571","PFBS",-0.00110243438106929,0.0011366196925066,-0.00342058552737545,0.00121571676523688,0.339591765944759,40,-0.00109469727731852,0.00112864266944101,0.918613929073021,"Klebsiella oxytoca","Species","Klebsiella oxytoca","d__Bacteria;p__Pseudomonadota;c__Gammaproteobacteria;o__Enterobacterales;f__Enterobacteriaceae;g__Klebsiella_s__Klebsiella_oxytoca",NA,NA
"X571","PFOS",0.00160862736583761,0.00153010769873984,-0.00151204786017695,0.00472930259185217,0.301239921040622,40,0.00144375106823752,0.00137327927616339,0.884294028876767,"Klebsiella oxytoca","Species","Klebsiella oxytoca","d__Bacteria;p__Pseudomonadota;c__Gammaproteobacteria;o__Enterobacterales;f__Enterobacteriaceae;g__Klebsiella_s__Klebsiella_oxytoca",NA,NA
"X576","PFOA",-0.000440270083907864,0.00196110877945838,-0.00443997780945928,0.00355943764164356,0.823840994150408,40,-0.000378181602643146,0.00168454611903252,0.96922469900048,"Klebsiella sp.","Species","Klebsiella sp.","d__Bacteria;p__Pseudomonadota;c__Gammaproteobacteria;o__Enterobacterales;f__Enterobacteriaceae;g__Klebsiella_s__Klebsiella_sp.",NA,NA
"X576","PFOS",0.00337934829413482,0.00226834556433738,-0.00124697298540492,0.00800566957367456,0.146385542885857,40,0.00303298191564914,0.00203585143532523,0.677998833530861,"Klebsiella sp.","Species","Klebsiella sp.","d__Bacteria;p__Pseudomonadota;c__Gammaproteobacteria;o__Enterobacterales;f__Enterobacteriaceae;g__Klebsiella_s__Klebsiella_sp.",NA,NA
"X576","PFHxS",-3.56199153231741e-05,0.0026313926801858,-0.0054023806693112,0.00533114083866485,0.989286488924592,40,-3.53831030277326e-05,0.00261389836176452,0.999201481369411,"Klebsiella sp.","Species","Klebsiella sp.","d__Bacteria;p__Pseudomonadota;c__Gammaproteobacteria;o__Enterobacterales;f__Enterobacteriaceae;g__Klebsiella_s__Klebsiella_sp.",NA,NA
"X576","PFNA",-0.00083068655529085,0.00159175827844454,-0.0040770989675913,0.0024157258570096,0.605471870907401,40,-0.00128616483723392,0.00246454395351874,0.970618145982937,"Klebsiella sp.","Species","Klebsiella sp.","d__Bacteria;p__Pseudomonadota;c__Gammaproteobacteria;o__Enterobacterales;f__Enterobacteriaceae;g__Klebsiella_s__Klebsiella_sp.",NA,NA
"X576","PFBS",-0.00132739489331875,0.00172339984658793,-0.00484229205395233,0.00218750226731484,0.447000376452576,40,-0.00131807897195036,0.00171130468369562,0.918613929073021,"Klebsiella sp.","Species","Klebsiella sp.","d__Bacteria;p__Pseudomonadota;c__Gammaproteobacteria;o__Enterobacterales;f__Enterobacteriaceae;g__Klebsiella_s__Klebsiella_sp.",NA,NA
"X59310","PFBS",-0.00153424873651849,0.00112347526656176,-0.00382559164936498,0.000757094176328002,0.181883508756998,40,-0.00152348107373713,0.00111559049369175,0.918613929073021,"Streptococcus macedonicus","Species","Streptococcus macedonicus","d__Bacteria;p__Bacillota;c__Bacilli;o__Lactobacillales;f__Streptococcaceae;g__Streptococcus_s__Streptococcus_macedonicus",NA,NA
"X59310","PFHxS",0.00228919395582524,0.00170058345996581,-0.00117916887749436,0.00575755678914483,0.188024841271836,40,0.00227397468114501,0.00168927745125999,0.97745216390902,"Streptococcus macedonicus","Species","Streptococcus macedonicus","d__Bacteria;p__Bacillota;c__Bacilli;o__Lactobacillales;f__Streptococcaceae;g__Streptococcus_s__Streptococcus_macedonicus",NA,NA
"X59310","PFNA",0.00142936895084266,0.00103150904448606,-0.000674407615466177,0.00353314551715149,0.175725565466059,40,0.00221311404680684,0.00159710140227587,0.970618145982937,"Streptococcus macedonicus","Species","Streptococcus macedonicus","d__Bacteria;p__Bacillota;c__Bacilli;o__Lactobacillales;f__Streptococcaceae;g__Streptococcus_s__Streptococcus_macedonicus",NA,NA
"X59310","PFOA",-0.000980621382365773,0.00129303227562461,-0.00361777809512671,0.00165653533039517,0.453945709145088,40,-0.000842330604608679,0.00111068418259225,0.883140624537261,"Streptococcus macedonicus","Species","Streptococcus macedonicus","d__Bacteria;p__Bacillota;c__Bacilli;o__Lactobacillales;f__Streptococcaceae;g__Streptococcus_s__Streptococcus_macedonicus",NA,NA
"X59310","PFOS",-0.000548915492063701,0.00155813060384838,-0.00372674380985423,0.00262891282572683,0.727003829926091,40,-0.000492654386509483,0.00139842997299025,0.958535271680885,"Streptococcus macedonicus","Species","Streptococcus macedonicus","d__Bacteria;p__Bacillota;c__Bacilli;o__Lactobacillales;f__Streptococcaceae;g__Streptococcus_s__Streptococcus_macedonicus",NA,NA
"X61645","PFBS",-0.00314454821284737,0.00224939827110079,-0.00773222623305827,0.00144312980736354,0.172051272187269,40,-0.00312247914806684,0.00223361154664883,0.918613929073021,"Enterobacter asburiae","Species","Enterobacter asburiae","d__Bacteria;p__Pseudomonadota;c__Gammaproteobacteria;o__Enterobacterales;f__Enterobacteriaceae;g__Enterobacter_s__Enterobacter_asburiae",NA,NA
"X61645","PFOS",0.00460694701141369,0.0030187962857574,-0.00154992860532006,0.0107638226281474,0.137127228936611,40,0.00413475787512719,0.00270938469338068,0.677998833530861,"Enterobacter asburiae","Species","Enterobacter asburiae","d__Bacteria;p__Pseudomonadota;c__Gammaproteobacteria;o__Enterobacterales;f__Enterobacteriaceae;g__Enterobacter_s__Enterobacter_asburiae",NA,NA
"X61645","PFNA",-0.000318034870749681,0.00213039197044464,-0.00466299794056646,0.0040269281990671,0.882295983558002,40,-0.000492418307684364,0.00329851882693828,0.970618145982937,"Enterobacter asburiae","Species","Enterobacter asburiae","d__Bacteria;p__Pseudomonadota;c__Gammaproteobacteria;o__Enterobacterales;f__Enterobacteriaceae;g__Enterobacter_s__Enterobacter_asburiae",NA,NA
"X61645","PFHxS",0.0027981695444364,0.00347153987052526,-0.00428208270120112,0.00987842179007392,0.426365054412094,40,0.00277956644145762,0.00344845999181143,0.97745216390902,"Enterobacter asburiae","Species","Enterobacter asburiae","d__Bacteria;p__Pseudomonadota;c__Gammaproteobacteria;o__Enterobacterales;f__Enterobacteriaceae;g__Enterobacter_s__Enterobacter_asburiae",NA,NA
"X61645","PFOA",0.00196195914234748,0.00259249752341037,-0.00332547441639736,0.00724939270109233,0.454893216184699,40,0.00168527656066819,0.00222689413632042,0.883140624537261,"Enterobacter asburiae","Species","Enterobacter asburiae","d__Bacteria;p__Pseudomonadota;c__Gammaproteobacteria;o__Enterobacterales;f__Enterobacteriaceae;g__Enterobacter_s__Enterobacter_asburiae",NA,NA
"X623","PFOA",0.00108799019738721,0.00199075369841023,-0.00297217873898383,0.00514815913375824,0.588619769464919,40,0.000934557880598657,0.00171001040418204,0.910312787196285,"Shigella flexneri","Species","Shigella flexneri","d__Bacteria;p__Pseudomonadota;c__Gammaproteobacteria;o__Enterobacterales;f__Enterobacteriaceae;g__Shigella_s__Shigella_flexneri",NA,NA
"X623","PFOS",0.00179981602460296,0.0023712176380922,-0.00303631423261841,0.00663594628182432,0.453570025523997,40,0.00161534384117511,0.00212817963359505,0.958535271680885,"Shigella flexneri","Species","Shigella flexneri","d__Bacteria;p__Pseudomonadota;c__Gammaproteobacteria;o__Enterobacterales;f__Enterobacteriaceae;g__Shigella_s__Shigella_flexneri",NA,NA
"X623","PFNA",-0.000795354502558645,0.00162310379276758,-0.00410569651280514,0.00251498750768785,0.627569435287911,40,-0.00123145967370139,0.00251307669799441,0.970618145982937,"Shigella flexneri","Species","Shigella flexneri","d__Bacteria;p__Pseudomonadota;c__Gammaproteobacteria;o__Enterobacterales;f__Enterobacteriaceae;g__Shigella_s__Shigella_flexneri",NA,NA
"X623","PFHxS",0.000279301594160704,0.00268136695925623,-0.00518938237396543,0.00574798556228684,0.917710304989093,40,0.000277444710138562,0.00266354039625681,0.999201481369411,"Shigella flexneri","Species","Shigella flexneri","d__Bacteria;p__Pseudomonadota;c__Gammaproteobacteria;o__Enterobacterales;f__Enterobacteriaceae;g__Shigella_s__Shigella_flexneri",NA,NA
"X623","PFBS",-0.00267607861317721,0.00170677424500108,-0.00615706763581998,0.000804910409465564,0.127053033016634,40,-0.00265729736122161,0.00169479576388739,0.918613929073021,"Shigella flexneri","Species","Shigella flexneri","d__Bacteria;p__Pseudomonadota;c__Gammaproteobacteria;o__Enterobacterales;f__Enterobacteriaceae;g__Shigella_s__Shigella_flexneri",NA,NA
"X674529","PFNA",-0.000178365983560375,0.0016969772797596,-0.00363937396385928,0.00328264199673853,0.916967223755888,40,-0.000276166810155817,0.00262745616010057,0.970618145982937,"Bacteroides faecis","Species","Bacteroides faecis","d__Bacteria;p__Bacteroidota;c__Bacteroidia;o__Bacteroidales;f__Bacteroidaceae;g__Bacteroides_s__Bacteroides_faecis",NA,NA
"X674529","PFOS",0.00582255392412678,0.00226292705371678,0.0012072837698572,0.0104378240783964,0.015089994358182,40,0.00522577113031484,0.00203098829507106,0.422519842029097,"Bacteroides faecis","Species","Bacteroides faecis","d__Bacteria;p__Bacteroidota;c__Bacteroidia;o__Bacteroidales;f__Bacteroidaceae;g__Bacteroides_s__Bacteroides_faecis",NA,NA
"X674529","PFBS",0.00199505604189312,0.00181196211071306,-0.00170046504726697,0.00569057713105321,0.279352176667185,40,0.00198105434179215,0.00179924540023687,0.918613929073021,"Bacteroides faecis","Species","Bacteroides faecis","d__Bacteria;p__Bacteroidota;c__Bacteroidia;o__Bacteroidales;f__Bacteroidaceae;g__Bacteroides_s__Bacteroides_faecis",NA,NA
"X674529","PFHxS",0.00435988880677434,0.00268160509864236,-0.00110928084983192,0.00982905846338059,0.114106120826739,40,0.00433090290754256,0.0026637769524181,0.97745216390902,"Bacteroides faecis","Species","Bacteroides faecis","d__Bacteria;p__Bacteroidota;c__Bacteroidia;o__Bacteroidales;f__Bacteroidaceae;g__Bacteroides_s__Bacteroides_faecis",NA,NA
"X674529","PFOA",0.00264082825166039,0.00202898049136965,-0.001497304742964,0.00677896124628479,0.202658724122491,40,0.00226840909028746,0.00174284631639526,0.883140624537261,"Bacteroides faecis","Species","Bacteroides faecis","d__Bacteria;p__Bacteroidota;c__Bacteroidia;o__Bacteroidales;f__Bacteroidaceae;g__Bacteroides_s__Bacteroides_faecis",NA,NA
"X68892","PFOS",-0.00150117504284249,0.00148312563920933,-0.0045260297267052,0.00152367964102022,0.319292226174095,40,-0.00134731207347503,0.00133111264386826,0.884294028876767,"Streptococcus infantis","Species","Streptococcus infantis","d__Bacteria;p__Bacillota;c__Bacilli;o__Lactobacillales;f__Streptococcaceae;g__Streptococcus_s__Streptococcus_infantis",NA,NA
"X68892","PFBS",0.000828080830084686,0.00110695724303801,-0.00142957335167724,0.00308573501184661,0.460056179265541,40,0.000822269194121214,0.00109918839694239,0.918613929073021,"Streptococcus infantis","Species","Streptococcus infantis","d__Bacteria;p__Bacillota;c__Bacilli;o__Lactobacillales;f__Streptococcaceae;g__Streptococcus_s__Streptococcus_infantis",NA,NA
"X68892","PFHxS",0.000568119606333408,0.00168619098661222,-0.00287088958405465,0.00400712879672147,0.738444035683366,40,0.000564342570177075,0.00167498066355363,0.97745216390902,"Streptococcus infantis","Species","Streptococcus infantis","d__Bacteria;p__Bacillota;c__Bacilli;o__Lactobacillales;f__Streptococcaceae;g__Streptococcus_s__Streptococcus_infantis",NA,NA
"X68892","PFNA",0.000289470569953512,0.00102501943819048,-0.00180107035705366,0.00238001149696068,0.77951002387313,40,0.000448191759114138,0.00158705344450924,0.970618145982937,"Streptococcus infantis","Species","Streptococcus infantis","d__Bacteria;p__Bacillota;c__Bacilli;o__Lactobacillales;f__Streptococcaceae;g__Streptococcus_s__Streptococcus_infantis",NA,NA
"X68892","PFOA",-6.48065434088037e-05,0.0012599387745642,-0.0026344686157687,0.00250485552895109,0.959307902909624,40,-5.56672900201707e-05,0.00108225764686897,0.983640729421048,"Streptococcus infantis","Species","Streptococcus infantis","d__Bacteria;p__Bacillota;c__Bacilli;o__Lactobacillales;f__Streptococcaceae;g__Streptococcus_s__Streptococcus_infantis",NA,NA
"X704125","PFBS",0.00152369470446147,0.0010950275798019,-0.000709628768719412,0.00375701817764235,0.17398940659479,40,0.00151300111197619,0.00108734245845557,0.918613929073021,"Clostridium gelidum","Species","Clostridium gelidum","d__Bacteria;p__Bacillota;c__Clostridia;o__Eubacteriales;f__Clostridiaceae;g__Clostridium_s__Clostridium_gelidum",NA,NA
"X704125","PFOA",0.0021360673571727,0.00121413475743034,-0.000340176806343718,0.00461231152068911,0.0883884909686109,40,0.00183483140466644,0.00104291307806833,0.883140624537261,"Clostridium gelidum","Species","Clostridium gelidum","d__Bacteria;p__Bacillota;c__Clostridia;o__Eubacteriales;f__Clostridiaceae;g__Clostridium_s__Clostridium_gelidum",NA,NA
"X704125","PFOS",0.00052374101688087,0.00152045530641302,-0.00257724802519324,0.00362473005895499,0.732823856866843,40,0.000470060169719812,0.00136461620600255,0.958535271680885,"Clostridium gelidum","Species","Clostridium gelidum","d__Bacteria;p__Bacillota;c__Clostridia;o__Eubacteriales;f__Clostridiaceae;g__Clostridium_s__Clostridium_gelidum",NA,NA
"X704125","PFNA",-0.000976898725949065,0.00102223385861266,-0.00306175842595127,0.00110796097405314,0.346642155174439,40,-0.00151254740172649,0.00158274048857961,0.970618145982937,"Clostridium gelidum","Species","Clostridium gelidum","d__Bacteria;p__Bacillota;c__Clostridia;o__Eubacteriales;f__Clostridiaceae;g__Clostridium_s__Clostridium_gelidum",NA,NA
"X704125","PFHxS",-0.00156991644045342,0.00168367865209429,-0.0050038016908103,0.00186396880990346,0.358318943472508,40,-0.00155947914680626,0.00167248503181836,0.97745216390902,"Clostridium gelidum","Species","Clostridium gelidum","d__Bacteria;p__Bacillota;c__Clostridia;o__Eubacteriales;f__Clostridiaceae;g__Clostridium_s__Clostridium_gelidum",NA,NA
"X751585","PFBS",0.000490130882864908,0.00204423198307292,-0.0036791077341659,0.00465936949989571,0.812092425864539,40,0.000486691046846273,0.00202988515643609,0.980227309245162,"Coprococcus sp. ART55/1","Species","Coprococcus sp. ART55/1","d__Bacteria;p__Bacillota;c__Clostridia;o__Lachnospirales;f__Lachnospiraceae;g__Coprococcus_s__Coprococcus_sp._ART55/1",NA,NA
"X751585","PFHxS",-0.0016871548723582,0.00307981888914023,-0.00796848690922534,0.00459417716450894,0.58774564557739,40,-0.00167593814108684,0.00305934329356218,0.97745216390902,"Coprococcus sp. ART55/1","Species","Coprococcus sp. ART55/1","d__Bacteria;p__Bacillota;c__Clostridia;o__Lachnospirales;f__Lachnospiraceae;g__Coprococcus_s__Coprococcus_sp._ART55/1",NA,NA
"X751585","PFNA",0.00185096272349699,0.00185058836341868,-0.00192333712744014,0.00562526257443412,0.324956402733644,40,0.00286587420348825,0.00286529457599083,0.970618145982937,"Coprococcus sp. ART55/1","Species","Coprococcus sp. ART55/1","d__Bacteria;p__Bacillota;c__Clostridia;o__Lachnospirales;f__Lachnospiraceae;g__Coprococcus_s__Coprococcus_sp._ART55/1",NA,NA
"X751585","PFOA",-0.00203065479961109,0.00227926403080411,-0.00667924443832376,0.00261793483910157,0.379831938401111,40,-0.00174428450762653,0.00195783396492768,0.883140624537261,"Coprococcus sp. ART55/1","Species","Coprococcus sp. ART55/1","d__Bacteria;p__Bacillota;c__Clostridia;o__Lachnospirales;f__Lachnospiraceae;g__Coprococcus_s__Coprococcus_sp._ART55/1",NA,NA
"X751585","PFOS",-0.00604513517252489,0.00253917303599208,-0.0112238127221579,-0.000866457622891842,0.0236065340913268,40,-0.00542553890871334,0.00227892043925576,0.472130681826535,"Coprococcus sp. ART55/1","Species","Coprococcus sp. ART55/1","d__Bacteria;p__Bacillota;c__Clostridia;o__Lachnospirales;f__Lachnospiraceae;g__Coprococcus_s__Coprococcus_sp._ART55/1",NA,NA
"X820","PFHxS",0.00203288252790468,0.00268475341987939,-0.00344270817219808,0.00750847322800744,0.454650063595833,40,0.0020193672914582,0.0026669043426346,0.97745216390902,"Bacteroides uniformis","Species","Bacteroides uniformis","d__Bacteria;p__Bacteroidota;c__Bacteroidia;o__Bacteroidales;f__Bacteroidaceae;g__Bacteroides_s__Bacteroides_uniformis",NA,NA
"X820","PFOS",0.00325590479138815,0.00234602299834368,-0.001528840659289,0.0080406502420653,0.175080971672674,40,0.00292219075745901,0.0021055673190073,0.742767758611346,"Bacteroides uniformis","Species","Bacteroides uniformis","d__Bacteria;p__Bacteroidota;c__Bacteroidia;o__Bacteroidales;f__Bacteroidaceae;g__Bacteroides_s__Bacteroides_uniformis",NA,NA
"X820","PFNA",0.000531564837039369,0.00164339430417564,-0.00282015994405811,0.00388328961813685,0.74852234191294,40,0.000823030055988612,0.00254449281052965,0.970618145982937,"Bacteroides uniformis","Species","Bacteroides uniformis","d__Bacteria;p__Bacteroidota;c__Bacteroidia;o__Bacteroidales;f__Bacteroidaceae;g__Bacteroides_s__Bacteroides_uniformis",NA,NA
"X820","PFBS",0.00243620594970496,0.00173716916568489,-0.00110677392237461,0.00597918582178452,0.170731194232985,40,0.00241910817181015,0.00172497736697257,0.918613929073021,"Bacteroides uniformis","Species","Bacteroides uniformis","d__Bacteria;p__Bacteroidota;c__Bacteroidia;o__Bacteroidales;f__Bacteroidaceae;g__Bacteroides_s__Bacteroides_uniformis",NA,NA
"X820","PFOA",-0.000685982633182969,0.00201717122400909,-0.0048000304682334,0.00342806520186746,0.736096206552938,40,-0.000589242878598108,0.00173270243467425,0.950693053391399,"Bacteroides uniformis","Species","Bacteroides uniformis","d__Bacteria;p__Bacteroidota;c__Bacteroidia;o__Bacteroidales;f__Bacteroidaceae;g__Bacteroides_s__Bacteroides_uniformis",NA,NA
"X823","PFBS",-0.000451869910166665,0.00149617331864975,-0.00350333551169238,0.00259959569135905,0.764656031605597,40,-0.000448698597264195,0.00148567287672386,0.980227309245162,"Parabacteroides distasonis","Species","Parabacteroides distasonis","d__Bacteria;p__Bacteroidota;c__Bacteroidia;o__Bacteroidales;f__Tannerellaceae;g__Parabacteroides_s__Parabacteroides_distasonis",NA,NA
"X823","PFOA",0.0013827018707479,0.00167198984684149,-0.00202734390412359,0.0047927476456194,0.414568987108373,40,0.00118770824675553,0.00143619978507081,0.883140624537261,"Parabacteroides distasonis","Species","Parabacteroides distasonis","d__Bacteria;p__Bacteroidota;c__Bacteroidia;o__Bacteroidales;f__Tannerellaceae;g__Parabacteroides_s__Parabacteroides_distasonis",NA,NA
"X823","PFOS",-0.00127877336977585,0.00200920009357896,-0.00537656397713105,0.00281901723757936,0.529149195007495,40,-0.00114770546483041,0.00180326708534957,0.958535271680885,"Parabacteroides distasonis","Species","Parabacteroides distasonis","d__Bacteria;p__Bacteroidota;c__Bacteroidia;o__Bacteroidales;f__Tannerellaceae;g__Parabacteroides_s__Parabacteroides_distasonis",NA,NA
"X823","PFHxS",0.000232818996305011,0.00226584730231457,-0.00438840704424659,0.00485404503685661,0.918822089993745,40,0.000231271143076357,0.00225078324346118,0.999201481369411,"Parabacteroides distasonis","Species","Parabacteroides distasonis","d__Bacteria;p__Bacteroidota;c__Bacteroidia;o__Bacteroidales;f__Tannerellaceae;g__Parabacteroides_s__Parabacteroides_distasonis",NA,NA
"X823","PFNA",-0.00250193727601303,0.00130148221308461,-0.00515632774984486,0.000152453197818797,0.0637896439801942,40,-0.00387378816820513,0.00201510503341266,0.970618145982937,"Parabacteroides distasonis","Species","Parabacteroides distasonis","d__Bacteria;p__Bacteroidota;c__Bacteroidia;o__Bacteroidales;f__Tannerellaceae;g__Parabacteroides_s__Parabacteroides_distasonis",NA,NA
"X84022","PFNA",0.000422988215221565,0.00196832532861157,-0.00359143775936436,0.00443741418980749,0.831254717761557,40,0.000654919193668455,0.00304758853959146,0.970618145982937,"Clostridium aceticum","Species","Clostridium aceticum","d__Bacteria;p__Bacillota;c__Clostridia;o__Eubacteriales;f__Clostridiaceae;g__Clostridium_s__Clostridium_aceticum",NA,NA
"X84022","PFOA",-0.00324910769751657,0.00234676588003863,-0.00803536826539965,0.00153715287036651,0.176089629023479,40,-0.00279090676636603,0.00201581645898745,0.883140624537261,"Clostridium aceticum","Species","Clostridium aceticum","d__Bacteria;p__Bacillota;c__Clostridia;o__Eubacteriales;f__Clostridiaceae;g__Clostridium_s__Clostridium_aceticum",NA,NA
"X84022","PFHxS",0.00170568834584094,0.0032276250463798,-0.0048770963361765,0.00828847302785837,0.60093961566589,40,0.00169434839826325,0.00320616678941532,0.97745216390902,"Clostridium aceticum","Species","Clostridium aceticum","d__Bacteria;p__Bacillota;c__Clostridia;o__Eubacteriales;f__Clostridiaceae;g__Clostridium_s__Clostridium_aceticum",NA,NA
"X84022","PFOS",0.000523694977442814,0.00289160289055691,-0.00537376799948672,0.00642115795437235,0.857461038630702,40,0.000470018849094982,0.0025952279880471,0.966845375809324,"Clostridium aceticum","Species","Clostridium aceticum","d__Bacteria;p__Bacillota;c__Clostridia;o__Eubacteriales;f__Clostridiaceae;g__Clostridium_s__Clostridium_aceticum",NA,NA
"X84022","PFBS",-0.00423218837397838,0.00200431501225266,-0.00832001579228187,-0.000144360955674886,0.0428871313648705,40,-0.00420248603422504,0.00199024833085618,0.918613929073021,"Clostridium aceticum","Species","Clostridium aceticum","d__Bacteria;p__Bacillota;c__Clostridia;o__Eubacteriales;f__Clostridiaceae;g__Clostridium_s__Clostridium_aceticum",NA,NA
"X84023","PFNA",0.00160742990224418,0.00150794944394957,-0.00146805326517695,0.00468291306966531,0.294669031917061,40,0.00248880857095485,0.00233478143925816,0.970618145982937,"Clostridium autoethanogenum","Species","Clostridium autoethanogenum","d__Bacteria;p__Bacillota;c__Clostridia;o__Eubacteriales;f__Clostridiaceae;g__Clostridium_s__Clostridium_autoethanogenum",NA,NA
"X84023","PFHxS",-0.00201342690750845,0.00250104459606346,-0.00711434099121696,0.00308748717620006,0.426931445316054,40,-0.00200004101808831,0.00248441687231899,0.97745216390902,"Clostridium autoethanogenum","Species","Clostridium autoethanogenum","d__Bacteria;p__Bacillota;c__Clostridia;o__Eubacteriales;f__Clostridiaceae;g__Clostridium_s__Clostridium_autoethanogenum",NA,NA
"X84023","PFBS",0.00266881192689665,0.0016005869733361,-0.000595606727349253,0.00593323058114255,0.105508524920169,40,0.00265008167399065,0.00158935373561466,0.918613929073021,"Clostridium autoethanogenum","Species","Clostridium autoethanogenum","d__Bacteria;p__Bacillota;c__Clostridia;o__Eubacteriales;f__Clostridiaceae;g__Clostridium_s__Clostridium_autoethanogenum",NA,NA
"X84023","PFOA",-0.000371684127931155,0.00188368906839982,-0.00421349331176252,0.00347012505590021,0.844867455944603,40,-0.000319267886499052,0.00161804441593152,0.972827605142579,"Clostridium autoethanogenum","Species","Clostridium autoethanogenum","d__Bacteria;p__Bacillota;c__Clostridia;o__Eubacteriales;f__Clostridiaceae;g__Clostridium_s__Clostridium_autoethanogenum",NA,NA
"X84023","PFOS",-0.00122202811930011,0.00224432167365512,-0.00579935235075862,0.00335529611215841,0.58999464086326,40,-0.00109677632006288,0.00201428987385218,0.958535271680885,"Clostridium autoethanogenum","Species","Clostridium autoethanogenum","d__Bacteria;p__Bacillota;c__Clostridia;o__Eubacteriales;f__Clostridiaceae;g__Clostridium_s__Clostridium_autoethanogenum",NA,NA
"X885040","PFOS",0.000377268413133314,0.00181838254626595,-0.00333134724066863,0.00408588406693525,0.83699607505109,40,0.000338600278747515,0.00163200738678776,0.958535271680885,"Enterobacter soli","Species","Enterobacter soli","d__Bacteria;p__Pseudomonadota;c__Gammaproteobacteria;o__Enterobacterales;f__Enterobacteriaceae;g__Enterobacter_s__Enterobacter_soli",NA,NA
"X885040","PFHxS",0.00114881619206148,0.00202868261322436,-0.0029887092760802,0.00528634166020316,0.575275911053971,40,0.00114117850407109,0.00201519529911928,0.97745216390902,"Enterobacter soli","Species","Enterobacter soli","d__Bacteria;p__Pseudomonadota;c__Gammaproteobacteria;o__Enterobacterales;f__Enterobacteriaceae;g__Enterobacter_s__Enterobacter_soli",NA,NA
"X885040","PFOA",0.00179392797832485,0.00148643593319951,-0.00123767809464233,0.00482553405129204,0.23661295011103,40,0.00154094175976592,0.00127681335614297,0.883140624537261,"Enterobacter soli","Species","Enterobacter soli","d__Bacteria;p__Pseudomonadota;c__Gammaproteobacteria;o__Enterobacterales;f__Enterobacteriaceae;g__Enterobacter_s__Enterobacter_soli",NA,NA
"X885040","PFNA",-0.000373119807597702,0.00123709236949537,-0.00289618632961791,0.0021499467144225,0.764963225801565,40,-0.000577707167103028,0.00191540924301856,0.970618145982937,"Enterobacter soli","Species","Enterobacter soli","d__Bacteria;p__Pseudomonadota;c__Gammaproteobacteria;o__Enterobacterales;f__Enterobacteriaceae;g__Enterobacter_s__Enterobacter_soli",NA,NA
"X885040","PFBS",0.000763214852065223,0.00134124401071624,-0.00197227034268919,0.00349870004681964,0.573432440661637,40,0.000757858458436759,0.00133183089348749,0.980227309245162,"Enterobacter soli","Species","Enterobacter soli","d__Bacteria;p__Pseudomonadota;c__Gammaproteobacteria;o__Enterobacterales;f__Enterobacteriaceae;g__Enterobacter_s__Enterobacter_soli",NA,NA
"X102684","Mixture",-0.00269946210145828,NA,-0.00764355130620016,0.00224462710328359,0.29439241450173,40,-0.0055240266424446,NA,0.999191598814605,"Streptococcus infantarius","Species","Streptococcus infantarius","d__Bacteria;p__Bacillota;c__Bacilli;o__Lactobacillales;f__Streptococcaceae;g__Streptococcus_s__Streptococcus_infantarius",-0.0128511060088251,0.00180305272393591
"X113107","Mixture",0.000864637886626325,NA,-0.010944040102623,0.0126733158758757,0.886994189897834,40,-0.00106554993063847,NA,0.999191598814605,"Streptococcus australis","Species","Streptococcus australis","d__Bacteria;p__Bacillota;c__Bacilli;o__Lactobacillales;f__Streptococcaceae;g__Streptococcus_s__Streptococcus_australis",-0.0176023022652729,0.015471202403996
"X1155388","Mixture",-0.00178545278402519,NA,-0.00643743343496712,0.00286652786691675,0.458661127027792,40,-0.00181669141281453,NA,0.999191598814605,"Clostridium sp. C1","Species","Clostridium sp. C1","d__Bacteria;p__Bacillota;c__Clostridia;o__Eubacteriales;f__Clostridiaceae;g__Clostridium_s__Clostridium_sp._C1",-0.00757643750955528,0.00394305468392622
"X1156431","Mixture",-0.00169262685713577,NA,-0.0113667997071804,0.00798154599290884,0.734414230876537,40,-0.0054679658283503,NA,0.999191598814605,"Streptococcus ilei","Species","Streptococcus ilei","d__Bacteria;p__Bacillota;c__Bacilli;o__Lactobacillales;f__Streptococcaceae;g__Streptococcus_s__Streptococcus_ilei",-0.0197649469031966,0.00882901524649599
"X1216932","Mixture",0.00183972653632638,NA,-0.00213451724891285,0.00581397032156561,0.372585401360713,40,-0.000110000131857668,NA,0.999191598814605,"Clostridium bornimense","Species","Clostridium bornimense","d__Bacteria;p__Bacillota;c__Clostridia;o__Eubacteriales;f__Clostridiaceae;g__Clostridium_s__Clostridium_bornimense",-0.0059827545076573,0.00576275424394197
"X1259973","Mixture",0.000691155243617074,NA,-0.00695621983374549,0.00833853032097964,0.860772861091202,40,0.00109650634072458,NA,0.999191598814605,"Klebsiella electrica","Species","Klebsiella electrica","d__Bacteria;p__Pseudomonadota;c__Gammaproteobacteria;o__Enterobacterales;f__Enterobacteriaceae;g__Klebsiella_s__Klebsiella_electrica",-0.00972354642806047,0.0119165591095096
"X1302","Mixture",0.00204221498402812,NA,-0.00633531485362895,0.0104197448216852,0.636794906869641,40,0.00334041236599445,NA,0.999191598814605,"Streptococcus gordonii","Species","Streptococcus gordonii","d__Bacteria;p__Bacillota;c__Bacilli;o__Lactobacillales;f__Streptococcaceae;g__Streptococcus_s__Streptococcus_gordonii",-0.00833709124527903,0.0150179159772679
"X1303","Mixture",0.00452606380868031,NA,-0.00395878320686301,0.0130109108242236,0.305414391255297,40,0.00952078983456246,NA,0.999191598814605,"Streptococcus oralis","Species","Streptococcus oralis","d__Bacteria;p__Bacillota;c__Bacilli;o__Lactobacillales;f__Streptococcaceae;g__Streptococcus_s__Streptococcus_oralis",-0.00187620950910111,0.020917789178226
"X1304","Mixture",-0.00332880390044756,NA,-0.0150240898721586,0.00836648207126349,0.581711897004436,40,-0.00461208372885867,NA,0.999191598814605,"Streptococcus salivarius","Species","Streptococcus salivarius","d__Bacteria;p__Bacillota;c__Bacilli;o__Lactobacillales;f__Streptococcaceae;g__Streptococcus_s__Streptococcus_salivarius",-0.0193621707195749,0.0101380032618576
"X1307","Mixture",-0.0018516970966276,NA,-0.0104280575214113,0.00672466332815606,0.675651000445364,40,-0.00274605981318456,NA,0.999191598814605,"Streptococcus suis","Species","Streptococcus suis","d__Bacteria;p__Bacillota;c__Bacilli;o__Lactobacillales;f__Streptococcaceae;g__Streptococcus_s__Streptococcus_suis",-0.0146023621980766,0.0091102425717075
"X1310","Mixture",-0.00296354827972903,NA,-0.0121071615286576,0.00618006496919953,0.530819201237445,40,-0.00956009814294813,NA,0.999191598814605,"Streptococcus sobrinus","Species","Streptococcus sobrinus","d__Bacteria;p__Bacillota;c__Bacilli;o__Lactobacillales;f__Streptococcaceae;g__Streptococcus_s__Streptococcus_sobrinus",-0.0219581684120187,0.00283797212612248
"X1314","Mixture",-0.000216355007751663,NA,-0.00914594389352725,0.00871323387802393,0.962487217270625,40,-0.00311686220057474,NA,0.999191598814605,"Streptococcus pyogenes","Species","Streptococcus pyogenes","d__Bacteria;p__Bacillota;c__Bacilli;o__Lactobacillales;f__Streptococcaceae;g__Streptococcus_s__Streptococcus_pyogenes",-0.0172930424208676,0.0110593180197181
"X1316411","Mixture",-0.00155608797682268,NA,-0.0152715008534364,0.012159324899791,0.825764548243202,40,0.00230026162708353,NA,0.999191598814605,"Streptococcus sp. HSISS2","Species","Streptococcus sp. HSISS2","d__Bacteria;p__Bacillota;c__Bacilli;o__Lactobacillales;f__Streptococcaceae;g__Streptococcus_s__Streptococcus_sp._HSISS2",-0.017528305751643,0.02212882900581
"X1316412","Mixture",0.00109149304331236,NA,-0.00378643397780032,0.00596942006442503,0.664599602401512,40,-0.000487753212585493,NA,0.999191598814605,"Streptococcus sp. HSISS3","Species","Streptococcus sp. HSISS3","d__Bacteria;p__Bacillota;c__Bacilli;o__Lactobacillales;f__Streptococcaceae;g__Streptococcus_s__Streptococcus_sp._HSISS3",-0.00744465025926987,0.00646914383409888
"X1322","Mixture",0.00308237578298349,NA,-0.00329700125403303,0.00946175282000001,0.352351961665528,40,0.00442522293390428,NA,0.999191598814605,"Blautia hansenii","Species","Blautia hansenii","d__Bacteria;p__Bacillota;c__Clostridia;o__Lachnospirales;f__Lachnospiraceae;g__Blautia_s__Blautia_hansenii",-0.00514414217070583,0.0139945880385144
"X1328","Mixture",0.000111040775456298,NA,-0.00744552442329147,0.00766760597420406,0.977243316035912,40,-0.00380771348854121,NA,0.999191598814605,"Streptococcus anginosus","Species","Streptococcus anginosus","d__Bacteria;p__Bacillota;c__Bacilli;o__Lactobacillales;f__Streptococcaceae;g__Streptococcus_s__Streptococcus_anginosus",-0.0152578921883723,0.00764246521128991
"X1329812","Mixture",0.00101797691336789,NA,-0.00544993491381109,0.00748588874054687,0.760177945514156,40,-0.00243304054754613,NA,0.999191598814605,"Enterobacter sp. MGH 3","Species","Enterobacter sp. MGH 3","d__Bacteria;p__Pseudomonadota;c__Gammaproteobacteria;o__Enterobacterales;f__Enterobacteriaceae;g__Enterobacter_s__Enterobacter_sp._MGH_3",-0.0121816017921378,0.00731552069704553
"X1334","Mixture",-0.00077072545297152,NA,-0.00793322523620317,0.00639177433026012,0.834607077877216,40,-0.00330082784402,NA,0.999191598814605,"Streptococcus dysgalactiae","Species","Streptococcus dysgalactiae","d__Bacteria;p__Bacillota;c__Bacilli;o__Lactobacillales;f__Streptococcaceae;g__Streptococcus_s__Streptococcus_dysgalactiae",-0.0141133620014592,0.00751170631341917
"X1338","Mixture",0.00305289379676149,NA,-0.00268137217444789,0.00878715976797086,0.306334028976393,40,0.00377112045432602,NA,0.999191598814605,"Streptococcus intermedius","Species","Streptococcus intermedius","d__Bacteria;p__Bacillota;c__Bacilli;o__Lactobacillales;f__Streptococcaceae;g__Streptococcus_s__Streptococcus_intermedius",-0.00455577437361778,0.0120980152822698
"X1340","Mixture",-0.00380216219242097,NA,-0.0162833080765359,0.00867898369169392,0.555625880980951,40,-0.00148155476627051,NA,0.999191598814605,"Streptococcus porcinus","Species","Streptococcus porcinus","d__Bacteria;p__Bacillota;c__Bacilli;o__Lactobacillales;f__Streptococcaceae;g__Streptococcus_s__Streptococcus_porcinus",-0.0197415930725025,0.0167784835399615
"X1343","Mixture",0.00163860519929591,NA,-0.00541430775090398,0.0086915181494958,0.652631013811136,40,-0.00236924930409779,NA,0.999191598814605,"Streptococcus vestibularis","Species","Streptococcus vestibularis","d__Bacteria;p__Bacillota;c__Bacilli;o__Lactobacillales;f__Streptococcaceae;g__Streptococcus_s__Streptococcus_vestibularis",-0.0116733983089874,0.00693489970079181
"X1345","Mixture",-0.000197997142606465,NA,-0.00933066585981468,0.00893467157460174,0.966430970110028,40,0.00440989255106599,NA,0.999191598814605,"Streptococcus ferus","Species","Streptococcus ferus","d__Bacteria;p__Bacillota;c__Bacilli;o__Lactobacillales;f__Streptococcaceae;g__Streptococcus_s__Streptococcus_ferus",-0.00844558085086071,0.0172653659529927
"X1346","Mixture",0.00266637174629472,NA,-0.0126763780906449,0.0180091215832343,0.736129304451191,40,0.00226204817593849,NA,0.999191598814605,"Streptococcus iniae","Species","Streptococcus iniae","d__Bacteria;p__Bacillota;c__Bacilli;o__Lactobacillales;f__Streptococcaceae;g__Streptococcus_s__Streptococcus_iniae",-0.0178740735389501,0.0223981698908271
"X1349","Mixture",-4.53812885099822e-05,NA,-0.00505073725703592,0.00495997468001595,0.985957921699862,40,0.00139255424652297,NA,0.999191598814605,"Streptococcus uberis","Species","Streptococcus uberis","d__Bacteria;p__Bacillota;c__Bacilli;o__Lactobacillales;f__Streptococcaceae;g__Streptococcus_s__Streptococcus_uberis",-0.00643104846041132,0.00921615695345726
"X137838","Mixture",0.00558938048443253,NA,-0.00497169526163208,0.0161504562304971,0.30914838193582,40,0.00724666684246029,NA,0.999191598814605,"Clostridium neonatale","Species","Clostridium neonatale","d__Bacteria;p__Bacillota;c__Clostridia;o__Eubacteriales;f__Clostridiaceae;g__Clostridium_s__Clostridium_neonatale",-0.00595132149443815,0.0204446551793587
"X1443109","Mixture",0.00261507371143668,NA,-0.00609167042132927,0.0113218178442026,0.561158596398904,40,0.00148284030729636,NA,0.999191598814605,"Clostridium sp. K25","Species","Clostridium sp. K25","d__Bacteria;p__Bacillota;c__Clostridia;o__Eubacteriales;f__Clostridiaceae;g__Clostridium_s__Clostridium_sp._K25",-0.00991659619168369,0.0128822768062764
"X1463165","Mixture",0.00362778051634002,NA,-0.00375909493598733,0.0110146559686674,0.344635311944425,40,0.00540816651293123,NA,0.999191598814605,"Klebsiella quasipneumoniae","Species","Klebsiella quasipneumoniae","d__Bacteria;p__Pseudomonadota;c__Gammaproteobacteria;o__Enterobacterales;f__Enterobacteriaceae;g__Klebsiella_s__Klebsiella_quasipneumoniae",-0.00389246604828548,0.0147087990741479
"X1494","Mixture",-0.000153489393749675,NA,-0.00860663811779575,0.0082996593302964,0.971882419854704,40,0.000927097268161474,NA,0.999191598814605,"Clostridium cochlearium","Species","Clostridium cochlearium","d__Bacteria;p__Bacillota;c__Clostridia;o__Eubacteriales;f__Clostridiaceae;g__Clostridium_s__Clostridium_cochlearium",-0.0112558513874801,0.0131100459238031
"X1501","Mixture",-0.000250649035111624,NA,-0.00587928389883799,0.00537798582861474,0.931118278543119,40,0.00100655132647365,NA,0.999191598814605,"Clostridium pasteurianum","Species","Clostridium pasteurianum","d__Bacteria;p__Bacillota;c__Clostridia;o__Eubacteriales;f__Clostridiaceae;g__Clostridium_s__Clostridium_pasteurianum",-0.00582671210030492,0.00783981475325223
"X1502","Mixture",0.00383159003043375,NA,-0.000892584590740087,0.00855576465160759,0.124001533915545,40,0.00307251629194221,NA,0.999191598814605,"Clostridium perfringens","Species","Clostridium perfringens","d__Bacteria;p__Bacillota;c__Clostridia;o__Eubacteriales;f__Clostridiaceae;g__Clostridium_s__Clostridium_perfringens",-0.00408129317497901,0.0102263257588634
"X151276","Mixture",-0.00186423706019104,NA,-0.00936609880788825,0.00563762468750617,0.630298756593256,40,0.000615201876993104,NA,0.999191598814605,"Bacteroides coprosuis","Species","Bacteroides coprosuis","d__Bacteria;p__Bacteroidota;c__Bacteroidia;o__Bacteroidales;f__Bacteroidaceae;g__Bacteroides_s__Bacteroides_coprosuis",-0.00957026651861338,0.0108006702725996
"X1519","Mixture",0.00452096246104655,NA,-0.00408532951948636,0.0131272544415795,0.312687412065322,40,0.00304969442506465,NA,0.999191598814605,"Clostridium tyrobutyricum","Species","Clostridium tyrobutyricum","d__Bacteria;p__Bacillota;c__Clostridia;o__Eubacteriales;f__Clostridiaceae;g__Clostridium_s__Clostridium_tyrobutyricum",-0.00978636990803152,0.0158857587581608
"X1520","Mixture",0.00833820299720691,NA,-0.00562923329019865,0.0223056392846125,0.252595380350999,40,0.0134023303500421,NA,0.999191598814605,"Clostridium beijerinckii","Species","Clostridium beijerinckii","d__Bacteria;p__Bacillota;c__Clostridia;o__Eubacteriales;f__Clostridiaceae;g__Clostridium_s__Clostridium_beijerinckii",-0.00663802498807456,0.0334426856881587
"X1548","Mixture",-0.0039096801717467,NA,-0.0129348236306604,0.00511546328716696,0.403601464313302,40,-0.00163029946051721,NA,0.999191598814605,"Clostridium scatologenes","Species","Clostridium scatologenes","d__Bacteria;p__Bacillota;c__Clostridia;o__Eubacteriales;f__Clostridiaceae;g__Clostridium_s__Clostridium_scatologenes",-0.0153216304018047,0.0120610314807703
"X1561","Mixture",-0.000436866692753033,NA,-0.00982038829639409,0.00894665491088803,0.927993633489441,40,-0.00310150334510143,NA,0.999191598814605,"Clostridium baratii","Species","Clostridium baratii","d__Bacteria;p__Bacillota;c__Clostridia;o__Eubacteriales;f__Clostridiaceae;g__Clostridium_s__Clostridium_baratii",-0.0162243564222151,0.0100213497320122
"X158836","Mixture",-0.00247547476830846,NA,-0.0127179385713104,0.00776698903469347,0.639668373337962,40,-0.00054239026838444,NA,0.999191598814605,"Enterobacter hormaechei","Species","Enterobacter hormaechei","d__Bacteria;p__Pseudomonadota;c__Gammaproteobacteria;o__Enterobacterales;f__Enterobacteriaceae;g__Enterobacter_s__Enterobacter_hormaechei",-0.0156397577521245,0.0145549772153556
"X166486","Mixture",-0.0020928281215868,NA,-0.00922606121828461,0.005040404975111,0.570209953883435,40,-0.00250887149850119,NA,0.999191598814605,"Roseburia intestinalis","Species","Roseburia intestinalis","d__Bacteria;p__Bacillota;c__Clostridia;o__Lachnospirales;f__Lachnospiraceae;g__Roseburia_s__Roseburia_intestinalis",-0.0119813115419393,0.00696356854493689
"X1680","Mixture",0.00291746621185558,NA,-0.00122217063628365,0.0070571030599948,0.178940050418725,40,0.00534354878260532,NA,0.999191598814605,"Bifidobacterium adolescentis","Species","Bifidobacterium adolescentis","d__Bacteria;p__Actinomycetota;c__Actinomycetes;o__Bifidobacteriales;f__Bifidobacteriaceae;g__Bifidobacterium_s__Bifidobacterium_adolescentis",-0.000252853117001617,0.0109399506822123
"X1686399","Mixture",0.0061751063908296,NA,-0.00112468113243951,0.0134748939140987,0.10933754520872,40,0.0086056117555521,NA,0.999191598814605,"Enterobacter sp. BIDMC100","Species","Enterobacter sp. BIDMC100","d__Bacteria;p__Pseudomonadota;c__Gammaproteobacteria;o__Enterobacterales;f__Enterobacteriaceae;g__Enterobacter_s__Enterobacter_sp._BIDMC100",-0.00138150847108374,0.0185927319821879
"X1691","Mixture",-0.000613195358830419,NA,-0.0109181331262144,0.00969174240855352,0.908051326934455,40,-0.00264924919029834,NA,0.999191598814605,"Bifidobacterium indicum","Species","Bifidobacterium indicum","d__Bacteria;p__Actinomycetota;c__Actinomycetes;o__Bifidobacteriales;f__Bifidobacteriaceae;g__Bifidobacterium_s__Bifidobacterium_indicum",-0.0160933496519346,0.0107948512713379
"X1702238","Mixture",-0.00750889617738166,NA,-0.0181149672017631,0.00309717484699981,0.177032612915458,40,-0.0101109290669671,NA,0.999191598814605,"Clostridium sp. MF28","Species","Clostridium sp. MF28","d__Bacteria;p__Bacillota;c__Clostridia;o__Eubacteriales;f__Clostridiaceae;g__Clostridium_s__Clostridium_sp._MF28",-0.0250476650084915,0.00482580687455724
"X1814128","Mixture",-0.00472452912076763,NA,-0.0151160774472132,0.00566701920567794,0.381048062905172,40,-0.0158496076550223,NA,0.999191598814605,"Streptococcus halotolerans","Species","Streptococcus halotolerans","d__Bacteria;p__Bacillota;c__Bacilli;o__Lactobacillales;f__Streptococcaceae;g__Streptococcus_s__Streptococcus_halotolerans",-0.0297126516962527,-0.00198656361379191
"X1827481","Mixture",-0.00137070116310803,NA,-0.0099866540512257,0.00724525172500963,0.757673005873056,40,-0.00171450066300675,NA,0.999191598814605,"Enterobacter sp. ODB01","Species","Enterobacter sp. ODB01","d__Bacteria;p__Pseudomonadota;c__Gammaproteobacteria;o__Enterobacterales;f__Enterobacteriaceae;g__Enterobacter_s__Enterobacter_sp._ODB01",-0.0127646226988784,0.00933562137286494
"X182773","Mixture",-0.0045698746895325,NA,-0.0125601000198118,0.00342035064074676,0.272548688366252,40,-0.00303602047883064,NA,0.999191598814605,"Clostridium isatidis","Species","Clostridium isatidis","d__Bacteria;p__Bacillota;c__Clostridia;o__Eubacteriales;f__Clostridiaceae;g__Clostridium_s__Clostridium_isatidis",-0.014732983988743,0.00866094303108168
"X1839799","Mixture",0.00711184232218006,NA,-0.00192110656363167,0.0161447912079918,0.134885965925531,40,0.00895760734641057,NA,0.999191598814605,"Streptococcus sp. FDAARGOS_192","Species","Streptococcus sp. FDAARGOS_192","d__Bacteria;p__Bacillota;c__Bacilli;o__Lactobacillales;f__Streptococcaceae;g__Streptococcus_s__Streptococcus_sp._FDAARGOS_192",-0.0037409126850238,0.0216561273778449
"X1912897","Mixture",-0.00447023041853769,NA,-0.0103713345815013,0.00143087374442593,0.149641942641379,40,-0.00650680163992972,NA,0.999191598814605,"Blautia argi","Species","Blautia argi","d__Bacteria;p__Bacillota;c__Clostridia;o__Lachnospirales;f__Lachnospiraceae;g__Blautia_s__Blautia_argi",-0.0144988210133322,0.00148521773347273
"X1940319","Mixture",-0.00167538967245923,NA,-0.010379496482281,0.00702871713736259,0.70904298451584,40,-0.00272383160623334,NA,0.999191598814605,"Streptococcus sp. DAT741","Species","Streptococcus sp. DAT741","d__Bacteria;p__Bacillota;c__Bacilli;o__Lactobacillales;f__Streptococcaceae;g__Streptococcus_s__Streptococcus_sp._DAT741",-0.0173309194028982,0.0118832561904315
"X197614","Mixture",-0.00365953096058741,NA,-0.0109940099515801,0.00367494803040531,0.337124999719547,40,-0.00275366609150598,NA,0.999191598814605,"Streptococcus pasteurianus","Species","Streptococcus pasteurianus","d__Bacteria;p__Bacillota;c__Bacilli;o__Lactobacillales;f__Streptococcaceae;g__Streptococcus_s__Streptococcus_pasteurianus",-0.013283797132569,0.00777646494955705
"X1977566","Mixture",-0.00204486891577237,NA,-0.0085234220914046,0.00443368425985987,0.541538354072202,40,-0.00127795388200539,NA,0.999191598814605,"Enterobacter sp. Crenshaw","Species","Enterobacter sp. Crenshaw","d__Bacteria;p__Pseudomonadota;c__Gammaproteobacteria;o__Enterobacterales;f__Enterobacteriaceae;g__Enterobacter_s__Enterobacter_sp._Crenshaw",-0.0109744111739233,0.00841850340991252
"X2020965","Mixture",-0.00556320915988492,NA,-0.0192300019553303,0.0081035836355605,0.432199652933663,40,-0.00862187846102385,NA,0.999191598814605,"Bifidobacterium imperatoris","Species","Bifidobacterium imperatoris","d__Bacteria;p__Actinomycetota;c__Actinomycetes;o__Bifidobacteriales;f__Bifidobacteriaceae;g__Bifidobacterium_s__Bifidobacterium_imperatoris",-0.0255600616951207,0.00831630477307297
"X2021971","Mixture",0.00314775485920436,NA,-0.0100148139815984,0.0163103237000071,0.643179976337202,40,0.00342462311994368,NA,0.999191598814605,"Streptococcus respiraculi","Species","Streptococcus respiraculi","d__Bacteria;p__Bacillota;c__Bacilli;o__Lactobacillales;f__Streptococcaceae;g__Streptococcus_s__Streptococcus_respiraculi",-0.0167457077097418,0.0235949539496291
"X2027919","Mixture",-0.00162411772778955,NA,-0.00874070694159999,0.00549247148602089,0.658366602080937,40,-0.00517068945247807,NA,0.999191598814605,"Enterobacter cloacae complex sp.","Species","Enterobacter cloacae complex sp.","d__Bacteria;p__Pseudomonadota;c__Gammaproteobacteria;o__Enterobacterales;f__Enterobacteriaceae;g__Enterobacter_s__Enterobacter_cloacae_complex_sp.",-0.0134095725095244,0.00306819360456821
"X2044467","Mixture",0.00035668759210643,NA,-0.00781318063817155,0.00852655582238441,0.93246387113079,40,-0.000761502147834334,NA,0.999191598814605,"Escherichia sp. E4742","Species","Escherichia sp. E4742","d__Bacteria;p__Pseudomonadota;c__Gammaproteobacteria;o__Enterobacterales;f__Enterobacteriaceae;g__Escherichia_s__Escherichia_sp._E4742",-0.0117896736225889,0.0102666693269202
"X2058152","Mixture",0.00115052146464756,NA,-0.0039964678843047,0.00629751081359981,0.664920391538805,40,0.000769376887233713,NA,0.999191598814605,"Klebsiella grimontii","Species","Klebsiella grimontii","d__Bacteria;p__Pseudomonadota;c__Gammaproteobacteria;o__Enterobacterales;f__Enterobacteriaceae;g__Klebsiella_s__Klebsiella_grimontii",-0.00697464775225851,0.00851340152672594
"X211595","Mixture",0.00300183860685101,NA,-0.00646863003036184,0.0124723072440639,0.539846447445541,40,0.00408020770244482,NA,0.999191598814605,"Enterobacter sp. RFL1396","Species","Enterobacter sp. RFL1396","d__Bacteria;p__Pseudomonadota;c__Gammaproteobacteria;o__Enterobacterales;f__Enterobacteriaceae;g__Enterobacter_s__Enterobacter_sp._RFL1396",-0.0108392488807236,0.0189996642856132
"X2212991","Mixture",0.00193021077928183,NA,-0.00735889280811783,0.0112193143666815,0.687145766742567,40,0.00301911158060676,NA,0.999191598814605,"Clostridium sp. AWRP","Species","Clostridium sp. AWRP","d__Bacteria;p__Bacillota;c__Clostridia;o__Eubacteriales;f__Clostridiaceae;g__Clostridium_s__Clostridium_sp._AWRP",-0.0092576680176351,0.0152958911788486
"X223919","Mixture",0.00238790731536634,NA,-0.00759939776378757,0.0123752123945203,0.643249323592777,40,0.00800597601770736,NA,0.999191598814605,"Clostridium diolis","Species","Clostridium diolis","d__Bacteria;p__Bacillota;c__Clostridia;o__Eubacteriales;f__Clostridiaceae;g__Clostridium_s__Clostridium_diolis",-0.0065310317598121,0.0225429837952268
"X2382163","Mixture",0.00174228583431301,NA,-0.00725287772751631,0.0107374493961423,0.707304633124614,40,0.00130652360695971,NA,0.999191598814605,"Streptococcus koreensis","Species","Streptococcus koreensis","d__Bacteria;p__Bacillota;c__Bacilli;o__Lactobacillales;f__Streptococcaceae;g__Streptococcus_s__Streptococcus_koreensis",-0.0108735197436152,0.0134865669575346
"X238834","Mixture",0.000972986740121547,NA,-0.00290567916811219,0.00485165264835528,0.627078878975441,40,0.0012053832250174,NA,0.999191598814605,"Clostridium estertheticum","Species","Clostridium estertheticum","d__Bacteria;p__Bacillota;c__Clostridia;o__Eubacteriales;f__Clostridiaceae;g__Clostridium_s__Clostridium_estertheticum",-0.00402550620299414,0.00643627265302894
"X2420308","Mixture",0.000568344434728576,NA,-0.0105441857650376,0.0116808746344947,0.920921714234974,40,0.00528954487706607,NA,0.999191598814605,"Streptococcus sp. FDAARGOS_520","Species","Streptococcus sp. FDAARGOS_520","d__Bacteria;p__Bacillota;c__Bacilli;o__Lactobacillales;f__Streptococcaceae;g__Streptococcus_s__Streptococcus_sp._FDAARGOS_520",-0.0102540395463777,0.0208331293005098
"X246787","Mixture",2.31283790264111e-05,NA,-0.00738261389371572,0.00742887065176854,0.995162877819533,40,0.00533381573170026,NA,0.999191598814605,"Bacteroides cellulosilyticus","Species","Bacteroides cellulosilyticus","d__Bacteria;p__Bacteroidota;c__Bacteroidia;o__Bacteroidales;f__Bacteroidaceae;g__Bacteroides_s__Bacteroides_cellulosilyticus",-0.00581078742796401,0.0164784188913645
"X2478464","Mixture",-0.000805563852160362,NA,-0.0149366538756555,0.0133255261713348,0.911895078874377,40,0.00485656192090956,NA,0.999191598814605,"Enterobacter oligotrophicus","Species","Enterobacter oligotrophicus","d__Bacteria;p__Pseudomonadota;c__Gammaproteobacteria;o__Enterobacterales;f__Enterobacteriaceae;g__Enterobacter_s__Enterobacter_oligotrophicus",-0.0146585856823157,0.0243717095241348
"X2479767","Mixture",-0.000474655337050085,NA,-0.0105021642607037,0.00955285358660358,0.926793093799915,40,-0.0028544269346153,NA,0.999191598814605,"Blautia sp. SC05B48","Species","Blautia sp. SC05B48","d__Bacteria;p__Bacillota;c__Clostridia;o__Lachnospirales;f__Lachnospiraceae;g__Blautia_s__Blautia_sp._SC05B48",-0.0164016033080011,0.0106927494387705
"X248315","Mixture",-0.00522765451255683,NA,-0.0124051968056266,0.0019498877805129,0.165334158162046,40,-0.00502845182208461,NA,0.999191598814605,"Veillonella rodentium","Species","Veillonella rodentium","d__Bacteria;p__Bacillota;c__Negativicutes;o__Veillonellales;f__Veillonellaceae;g__Veillonella_s__Veillonella_rodentium",-0.0166084802413112,0.00655157659714194
"X2500132","Mixture",4.18146217395238e-05,NA,-0.00814130324841363,0.00822493249189267,0.992085652812473,40,0.000727717620994743,NA,0.999191598814605,"Enterobacter sp. N18-03635","Species","Enterobacter sp. N18-03635","d__Bacteria;p__Pseudomonadota;c__Gammaproteobacteria;o__Enterobacterales;f__Enterobacteriaceae;g__Enterobacter_s__Enterobacter_sp._N18-03635",-0.01184627866402,0.0133017139060094
"X2507159","Mixture",-0.00166349692488575,NA,-0.00828766514985699,0.00496067130008549,0.62671070912113,40,-0.0023813164532883,NA,0.999191598814605,"Clostridium sp. JN-9","Species","Clostridium sp. JN-9","d__Bacteria;p__Bacillota;c__Clostridia;o__Eubacteriales;f__Clostridiaceae;g__Clostridium_s__Clostridium_sp._JN-9",-0.0132536367925131,0.00849100388593652
"X254785","Mixture",0.00291150081425953,NA,-0.00344841634776957,0.00927141797628863,0.377818949083474,40,0.00440065221192078,NA,0.999191598814605,"Streptococcus halichoeri","Species","Streptococcus halichoeri","d__Bacteria;p__Bacillota;c__Bacilli;o__Lactobacillales;f__Streptococcaceae;g__Streptococcus_s__Streptococcus_halichoeri",-0.00360835361388854,0.0124096580377301
"X2565914","Mixture",-0.00276299851887439,NA,-0.011705936502847,0.00617993946509817,0.550064906854136,40,-0.0041702000647116,NA,0.999191598814605,"Enterobacter sp. 18A13","Species","Enterobacter sp. 18A13","d__Bacteria;p__Pseudomonadota;c__Gammaproteobacteria;o__Enterobacterales;f__Enterobacteriaceae;g__Enterobacter_s__Enterobacter_sp._18A13",-0.0160938307198271,0.00775343059040394
"X2587529","Mixture",5.54028037302122e-05,NA,-0.00902573949581756,0.00913654510327798,0.990550827294284,40,-0.00733839386727853,NA,0.999191598814605,"Klebsiella pasteurii","Species","Klebsiella pasteurii","d__Bacteria;p__Pseudomonadota;c__Gammaproteobacteria;o__Enterobacterales;f__Enterobacteriaceae;g__Klebsiella_s__Klebsiella_pasteurii",-0.0196661057713785,0.00498931803682148
"X2596949","Mixture",-0.00994638637746795,NA,-0.0187680051926004,-0.00112476756233552,0.0361234374134507,40,-0.0149045377154044,NA,0.999191598814605,"Enterobacter sp. E76","Species","Enterobacter sp. E76","d__Bacteria;p__Pseudomonadota;c__Gammaproteobacteria;o__Enterobacterales;f__Enterobacteriaceae;g__Enterobacter_s__Enterobacter_sp._E76",-0.0269498076943292,-0.00285926773647961
"X2598457","Mixture",0.000112031516076988,NA,-0.00572503197513865,0.00594909500729262,0.97027973265569,40,-0.00202150705935131,NA,0.999191598814605,"Streptococcus sp. KS 6","Species","Streptococcus sp. KS 6","d__Bacteria;p__Bacillota;c__Bacilli;o__Lactobacillales;f__Streptococcaceae;g__Streptococcus_s__Streptococcus_sp._KS_6",-0.00967786209864593,0.00563484797994331
"X2682455","Mixture",0.000795019654548802,NA,-0.00431359269568593,0.00590363200478353,0.76278215708853,40,0.00258593709419572,NA,0.999191598814605,"Veillonella sp. S12025-13","Species","Veillonella sp. S12025-13","d__Bacteria;p__Bacillota;c__Negativicutes;o__Veillonellales;f__Veillonellaceae;g__Veillonella_s__Veillonella_sp._S12025-13",-0.00483083598404254,0.010002710172434
"X2686210","Mixture",0.00278360869361175,NA,-0.00309206307774555,0.00865928046496905,0.361670340935221,40,0.00190038876641318,NA,0.999191598814605,"Streptococcus ruminicola","Species","Streptococcus ruminicola","d__Bacteria;p__Bacillota;c__Bacilli;o__Lactobacillales;f__Streptococcaceae;g__Streptococcus_s__Streptococcus_ruminicola",-0.00720623672505578,0.0110070142578821
"X2697371","Mixture",-0.000119792496949318,NA,-0.00462578837663251,0.00438620338273388,0.958842587349661,40,-0.000131350993822793,NA,0.999191598814605,"Klebsiella sp. MPUS7","Species","Klebsiella sp. MPUS7","d__Bacteria;p__Pseudomonadota;c__Gammaproteobacteria;o__Enterobacterales;f__Enterobacteriaceae;g__Klebsiella_s__Klebsiella_sp._MPUS7",-0.00651619918006412,0.00625349719241853
"X2715212","Mixture",0.00273881884240317,NA,-0.00468646375840768,0.010164101443214,0.476174191265756,40,0.00808931490382939,NA,0.999191598814605,"Bacteroides faecium","Species","Bacteroides faecium","d__Bacteria;p__Bacteroidota;c__Bacteroidia;o__Bacteroidales;f__Bacteroidaceae;g__Bacteroides_s__Bacteroides_faecium",-0.0014155889422242,0.017594218749883
"X2725997","Mixture",-0.00148761274844283,NA,-0.00669577568744369,0.00372055019055804,0.580389450459748,40,-0.00140576517438981,NA,0.999191598814605,"Escherichia sp. SCLE84","Species","Escherichia sp. SCLE84","d__Bacteria;p__Pseudomonadota;c__Gammaproteobacteria;o__Enterobacterales;f__Enterobacteriaceae;g__Escherichia_s__Escherichia_sp._SCLE84",-0.00853076209257225,0.00571923174379263
"X2742639","Mixture",0.00254735691056142,NA,-0.00388997284391665,0.00898468666503949,0.444988935709218,40,0.00257287051780746,NA,0.999191598814605,"Enterobacter sp. RHBSTW-00175","Species","Enterobacter sp. RHBSTW-00175","d__Bacteria;p__Pseudomonadota;c__Gammaproteobacteria;o__Enterobacterales;f__Enterobacteriaceae;g__Enterobacter_s__Enterobacter_sp._RHBSTW-00175",-0.00741174490844892,0.0125574859440638
"X2742643","Mixture",0.00180635850262458,NA,-0.0100640705879021,0.0136767875931513,0.767880218109949,40,0.00442530714954767,NA,0.999191598814605,"Enterobacter sp. RHBSTW-00318","Species","Enterobacter sp. RHBSTW-00318","d__Bacteria;p__Pseudomonadota;c__Gammaproteobacteria;o__Enterobacterales;f__Enterobacteriaceae;g__Enterobacter_s__Enterobacter_sp._RHBSTW-00318",-0.0136197608406003,0.0224703751396957
"X2742672","Mixture",0.00280729789699219,NA,-0.00642733859975302,0.0120419343937374,0.556445692005587,40,0.00278581513458574,NA,0.999191598814605,"Enterobacter sp. RHBSTW-00974","Species","Enterobacter sp. RHBSTW-00974","d__Bacteria;p__Pseudomonadota;c__Gammaproteobacteria;o__Enterobacterales;f__Enterobacteriaceae;g__Enterobacter_s__Enterobacter_sp._RHBSTW-00974",-0.0107457219225946,0.0163173521917661
"X2742673","Mixture",-0.00210136191869075,NA,-0.00856447030159346,0.00436174646421196,0.529536160452645,40,0.00175263467333073,NA,0.999191598814605,"Enterobacter sp. RHBSTW-00975","Species","Enterobacter sp. RHBSTW-00975","d__Bacteria;p__Pseudomonadota;c__Gammaproteobacteria;o__Enterobacterales;f__Enterobacteriaceae;g__Enterobacter_s__Enterobacter_sp._RHBSTW-00975",-0.00797701348421544,0.0114822828308769
"X2755405","Mixture",0.00129601764283159,NA,-0.0103289658048189,0.0129210010904821,0.828739668280489,40,-0.0021908760493999,NA,0.999191598814605,"Bacteroides sp. CACC 737","Species","Bacteroides sp. CACC 737","d__Bacteria;p__Bacteroidota;c__Bacteroidia;o__Bacteroidales;f__Bacteroidaceae;g__Bacteroides_s__Bacteroides_sp._CACC_737",-0.0191758892228762,0.0147941371240764
"X2763062","Mixture",-0.000559368005563447,NA,-0.011076905127823,0.00995816911669612,0.917779367917127,40,-0.00216342028915062,NA,0.999191598814605,"Roseburia rectibacter","Species","Roseburia rectibacter","d__Bacteria;p__Bacillota;c__Clostridia;o__Lachnospirales;f__Lachnospiraceae;g__Roseburia_s__Roseburia_rectibacter",-0.0183822257135514,0.0140553851352502
"X2781599","Mixture",-0.00391181705855826,NA,-0.010459040445864,0.0026354063287475,0.252206081678951,40,-0.00727430544739443,NA,0.999191598814605,"Streptococcus oriscaviae","Species","Streptococcus oriscaviae","d__Bacteria;p__Bacillota;c__Bacilli;o__Lactobacillales;f__Streptococcaceae;g__Streptococcus_s__Streptococcus_oriscaviae",-0.0168759397879885,0.00232732889319961
"X2785531","Mixture",-0.00411202521482181,NA,-0.0179726906299176,0.00974864020027394,0.565937998819446,40,-0.00296295425963171,NA,0.999191598814605,"Bacteroides sp. HF-162","Species","Bacteroides sp. HF-162","d__Bacteria;p__Bacteroidota;c__Bacteroidia;o__Bacteroidales;f__Bacteroidaceae;g__Bacteroides_s__Bacteroides_sp._HF-162",-0.0216587473239802,0.0157328388047168
"X2798729","Mixture",0.0011858765384517,NA,-0.00549190969044927,0.00786366276735267,0.730596906705756,40,0.00137380115667303,NA,0.999191598814605,"Enterobacter cloacae complex sp. AR_0002","Species","Enterobacter cloacae complex sp. AR_0002","d__Bacteria;p__Pseudomonadota;c__Gammaproteobacteria;o__Enterobacterales;f__Enterobacteriaceae;g__Enterobacter_s__Enterobacter_cloacae_complex_sp._AR_0002",-0.00832157741276975,0.0110691797261158
"X28116","Mixture",0.00192433179718736,NA,-0.00649686167584391,0.0103455252702186,0.657954897382724,40,0.00369114399190599,NA,0.999191598814605,"Bacteroides ovatus","Species","Bacteroides ovatus","d__Bacteria;p__Bacteroidota;c__Bacteroidia;o__Bacteroidales;f__Bacteroidaceae;g__Bacteroides_s__Bacteroides_ovatus",-0.00774088899394679,0.0151231769777588
"X2831966","Mixture",-0.0120227667140923,NA,-0.0257661354824115,0.00172060205422681,0.0983191226851519,40,-0.0163632171367755,NA,0.999191598814605,"Ruminococcus sp. FMBCY1","Species","Ruminococcus sp. FMBCY1","d__Bacteria;p__Bacillota;c__Clostridia;o__Eubacteriales;f__Oscillospiraceae;g__Ruminococcus_s__Ruminococcus_sp._FMBCY1",-0.0377379024442063,0.00501146817065535
"X2843318","Mixture",0.0046024519513197,NA,-0.00665013559216719,0.0158550394948066,0.430021385684423,40,0.00685907572097222,NA,0.999191598814605,"Clostridium sp. CF011","Species","Clostridium sp. CF011","d__Bacteria;p__Bacillota;c__Clostridia;o__Eubacteriales;f__Clostridiaceae;g__Clostridium_s__Clostridium_sp._CF011",-0.0084600189985272,0.0221781704404716
"X2849865","Mixture",-0.00497670470949591,NA,-0.010429693637619,0.000476284218627131,0.0853101172689268,40,-0.00653344800975139,NA,0.999191598814605,"Clostridium sp. CM027","Species","Clostridium sp. CM027","d__Bacteria;p__Bacillota;c__Clostridia;o__Eubacteriales;f__Clostridiaceae;g__Clostridium_s__Clostridium_sp._CM027",-0.014534201709,0.00146730568949721
"X2850492","Mixture",0.000243352412670965,NA,-0.00718701249023636,0.00767371731557829,0.949309197375887,40,0.000945694413504856,NA,0.999191598814605,"Enterobacter cloacae complex sp. ECL78","Species","Enterobacter cloacae complex sp. ECL78","d__Bacteria;p__Pseudomonadota;c__Gammaproteobacteria;o__Enterobacterales;f__Enterobacteriaceae;g__Enterobacter_s__Enterobacter_cloacae_complex_sp._ECL78",-0.00931613167220917,0.0112075204992189
"X2850493","Mixture",0.00382683513758031,NA,-0.00533475814521243,0.0129884284203731,0.420406928330922,40,-0.000434553916655879,NA,0.999191598814605,"Enterobacter cloacae complex sp. ECL112","Species","Enterobacter cloacae complex sp. ECL112","d__Bacteria;p__Pseudomonadota;c__Gammaproteobacteria;o__Enterobacterales;f__Enterobacteriaceae;g__Enterobacter_s__Enterobacter_cloacae_complex_sp._ECL112",-0.0142463029563027,0.0133771951229909
"X2857061","Mixture",-0.000457845459264216,NA,-0.00607977332248682,0.00516408240395838,0.874415578524323,40,0.00120658282688191,NA,0.999191598814605,"Escherichia sp. TC-EC600-tetX4","Species","Escherichia sp. TC-EC600-tetX4","d__Bacteria;p__Pseudomonadota;c__Gammaproteobacteria;o__Enterobacterales;f__Enterobacteriaceae;g__Escherichia_s__Escherichia_sp._TC-EC600-tetX4",-0.00659268889079677,0.00900585454456059
"X2860337","Mixture",-0.00543278576468792,NA,-0.013591859033132,0.0027262875037562,0.203305632969303,40,-0.0037899794773219,NA,0.999191598814605,"Escherichia sp. TM-G17TGC","Species","Escherichia sp. TM-G17TGC","d__Bacteria;p__Pseudomonadota;c__Gammaproteobacteria;o__Enterobacterales;f__Enterobacteriaceae;g__Escherichia_s__Escherichia_sp._TM-G17TGC",-0.0154956513733689,0.00791569241872511
"X2873296","Mixture",0.000957154397993049,NA,-0.00964769078474758,0.0115619995807337,0.860958428250802,40,-0.00788858876849648,NA,0.999191598814605,"Klebsiella sp. CTHL.F3a","Species","Klebsiella sp. CTHL.F3a","d__Bacteria;p__Pseudomonadota;c__Gammaproteobacteria;o__Enterobacterales;f__Enterobacteriaceae;g__Klebsiella_s__Klebsiella_sp._CTHL.F3a",-0.0226468449846199,0.0068696674476269
"X2894203","Mixture",0.00109018720039213,NA,-0.00859806422613341,0.0107784386269177,0.82716684272212,40,0.0126943141264346,NA,0.999191598814605,"Enterobacter sp. AN-K1","Species","Enterobacter sp. AN-K1","d__Bacteria;p__Pseudomonadota;c__Gammaproteobacteria;o__Enterobacterales;f__Enterobacteriaceae;g__Enterobacter_s__Enterobacter_sp._AN-K1",-0.0034296160562565,0.0288182443091258
"X2897413","Mixture",0.000963240086462519,NA,-0.00630183082587961,0.00822831099880465,0.797016992274906,40,0.00395666668802276,NA,0.999191598814605,"Klebsiella sp. KPN54798","Species","Klebsiella sp. KPN54798","d__Bacteria;p__Pseudomonadota;c__Gammaproteobacteria;o__Enterobacterales;f__Enterobacteriaceae;g__Klebsiella_s__Klebsiella_sp._KPN54798",-0.00669737295322895,0.0146107063292745
"X290053","Mixture",0.00332219003789268,NA,-0.00751671763604042,0.0141610977118258,0.553214083524566,40,0.00552543505293768,NA,0.999191598814605,"Bacteroides helcogenes","Species","Bacteroides helcogenes","d__Bacteria;p__Bacteroidota;c__Bacteroidia;o__Bacteroidales;f__Bacteroidaceae;g__Bacteroides_s__Bacteroides_helcogenes",-0.008229651881026,0.0192805219869013
"X2912628","Mixture",0.00296625206927238,NA,-0.00509813209202613,0.0110306362305709,0.477393575970392,40,0.00757958378476695,NA,0.999191598814605,"Enterobacter cloacae complex sp. ECL414","Species","Enterobacter cloacae complex sp. ECL414","d__Bacteria;p__Pseudomonadota;c__Gammaproteobacteria;o__Enterobacterales;f__Enterobacteriaceae;g__Enterobacter_s__Enterobacter_cloacae_complex_sp._ECL414",-0.00231500873733777,0.0174741763068717
"X2912629","Mixture",0.004375088437214,NA,-0.00311845801606731,0.0118686348904953,0.262916843695947,40,0.00616415055890522,NA,0.999191598814605,"Enterobacter cloacae complex sp. ECL411","Species","Enterobacter cloacae complex sp. ECL411","d__Bacteria;p__Pseudomonadota;c__Gammaproteobacteria;o__Enterobacterales;f__Enterobacteriaceae;g__Enterobacter_s__Enterobacter_cloacae_complex_sp._ECL411",-0.00540850243079728,0.0177368035486077
"X2912630","Mixture",-0.00121735160498148,NA,-0.00788792239837607,0.0054532191884131,0.723466188816427,40,-0.00215352034148437,NA,0.999191598814605,"Enterobacter cloacae complex sp. ECL405","Species","Enterobacter cloacae complex sp. ECL405","d__Bacteria;p__Pseudomonadota;c__Gammaproteobacteria;o__Enterobacterales;f__Enterobacteriaceae;g__Enterobacter_s__Enterobacter_cloacae_complex_sp._ECL405",-0.0111649245355343,0.00685788385256559
"X2912631","Mixture",-0.00196477370194837,NA,-0.0144937411655076,0.0105641937616109,0.761018934131263,40,-0.000600635845033238,NA,0.999191598814605,"Enterobacter cloacae complex sp. ECL404","Species","Enterobacter cloacae complex sp. ECL404","d__Bacteria;p__Pseudomonadota;c__Gammaproteobacteria;o__Enterobacterales;f__Enterobacteriaceae;g__Enterobacter_s__Enterobacter_cloacae_complex_sp._ECL404",-0.018305593036392,0.0171043213463255
"X2923088","Mixture",0.00538311810124615,NA,-0.00229297254013822,0.0130592087426305,0.181021507662318,40,0.00522467702691356,NA,0.999191598814605,"Enterobacter sp. JH25","Species","Enterobacter sp. JH25","d__Bacteria;p__Pseudomonadota;c__Gammaproteobacteria;o__Enterobacterales;f__Enterobacteriaceae;g__Enterobacter_s__Enterobacter_sp._JH25",-0.0046843697078993,0.0151337237617264
"X29341","Mixture",-0.00445500333940885,NA,-0.013920408285578,0.00501040160676034,0.364760032909011,40,-0.00546953940366306,NA,0.999191598814605,"Clostridium argentinense","Species","Clostridium argentinense","d__Bacteria;p__Bacillota;c__Clostridia;o__Eubacteriales;f__Clostridiaceae;g__Clostridium_s__Clostridium_argentinense",-0.0178831535468277,0.00694407473950162
"X29466","Mixture",0.00353332443754793,NA,-0.00396313490324586,0.0110297837783417,0.364087835423186,40,0.00250602048298308,NA,0.999191598814605,"Veillonella parvula","Species","Veillonella parvula","d__Bacteria;p__Bacillota;c__Negativicutes;o__Veillonellales;f__Veillonellaceae;g__Veillonella_s__Veillonella_parvula",-0.00868269995232024,0.0136947409182864
"X2972764","Mixture",0.000467645270677003,NA,-0.0111356151596693,0.0120709057010233,0.937643605869399,40,-0.00649474298530589,NA,0.999191598814605,"Bacteroides sp. BFG-637","Species","Bacteroides sp. BFG-637","d__Bacteria;p__Bacteroidota;c__Bacteroidia;o__Bacteroidales;f__Bacteroidaceae;g__Bacteroides_s__Bacteroides_sp._BFG-637",-0.0237604153245013,0.0107709293538896
"X2976431","Mixture",-0.00596567507349737,NA,-0.0162749792154406,0.00434362906844587,0.267072271201495,40,-0.00613526221426535,NA,0.999191598814605,"Enterobacter sp. CP102","Species","Enterobacter sp. CP102","d__Bacteria;p__Pseudomonadota;c__Gammaproteobacteria;o__Enterobacterales;f__Enterobacteriaceae;g__Enterobacter_s__Enterobacter_sp._CP102",-0.0225400857179369,0.0102695612894062
"X2985571","Mixture",0.0039713855739804,NA,-0.00570351191070366,0.0136462830586645,0.428385026179715,40,0.000903308885682855,NA,0.999191598814605,"Bifidobacterium sp. KRGSERBCFTRI","Species","Bifidobacterium sp. KRGSERBCFTRI","d__Bacteria;p__Actinomycetota;c__Actinomycetes;o__Bifidobacteriales;f__Bifidobacteriaceae;g__Bifidobacterium_s__Bifidobacterium_sp._KRGSERBCFTRI",-0.0121743539652623,0.013980971736628
"X299767","Mixture",0.00309794747341643,NA,-0.00303635506098542,0.00923225000781828,0.33138412097045,40,0.00236692445098766,NA,0.999191598814605,"Enterobacter ludwigii","Species","Enterobacter ludwigii","d__Bacteria;p__Pseudomonadota;c__Gammaproteobacteria;o__Enterobacterales;f__Enterobacteriaceae;g__Enterobacter_s__Enterobacter_ludwigii",-0.00641326929218032,0.0111471181941556
"X33038","Mixture",0.000371701013788173,NA,-0.00494963696736268,0.00569303899493903,0.892160106121737,40,-1.12802475398182e-05,NA,0.999191598814605,"Mediterraneibacter gnavus","Species","Mediterraneibacter gnavus","d__Bacteria;p__Bacillota;c__Clostridia;o__Lachnospirales;f__Lachnospiraceae;g__Mediterraneibacter_s__Mediterraneibacter_gnavus",-0.00773662262375266,0.00771406212867303
"X33043","Mixture",-0.00206512268161653,NA,-0.00644378211379147,0.00231353675055841,0.363786345158317,40,-0.00239952136043922,NA,0.999191598814605,"Coprococcus eutactus","Species","Coprococcus eutactus","d__Bacteria;p__Bacillota;c__Clostridia;o__Lachnospirales;f__Lachnospiraceae;g__Coprococcus_s__Coprococcus_eutactus",-0.00810361188775004,0.00330456916687161
"X332101","Mixture",0.00528792481010322,NA,-0.00361383201620009,0.0141896816364065,0.25488294015257,40,0.0100375412308253,NA,0.999191598814605,"Clostridium drakei","Species","Clostridium drakei","d__Bacteria;p__Bacillota;c__Clostridia;o__Eubacteriales;f__Clostridiaceae;g__Clostridium_s__Clostridium_drakei",-0.00181527564553147,0.021890358107182
"X333367","Mixture",0.00185519183339159,NA,-0.00780425337442826,0.0115146370412114,0.709651402205448,40,0.000210102476969565,NA,0.999191598814605,"Enterocloster asparagiformis","Species","Enterocloster asparagiformis","d__Bacteria;p__Bacillota;c__Clostridia;o__Lachnospirales;f__Lachnospiraceae;g__Enterocloster_s__Enterocloster_asparagiformis",-0.0114062761147225,0.0118264810686616
"X360422","Mixture",0.000532900995603799,NA,-0.0084669263122419,0.00953272830344949,0.908501421753039,40,0.00251443198016938,NA,0.999191598814605,"Clostridium tagluense","Species","Clostridium tagluense","d__Bacteria;p__Bacillota;c__Clostridia;o__Eubacteriales;f__Clostridiaceae;g__Clostridium_s__Clostridium_tagluense",-0.00907346232628402,0.0141023262866228
"X36745","Mixture",-0.00509787376353128,NA,-0.0164297287649436,0.00623398123788103,0.386001289053973,40,-0.00514036354353915,NA,0.999191598814605,"Clostridium saccharoperbutylacetonicum","Species","Clostridium saccharoperbutylacetonicum","d__Bacteria;p__Bacillota;c__Clostridia;o__Eubacteriales;f__Clostridiaceae;g__Clostridium_s__Clostridium_saccharoperbutylacetonicum",-0.0221380673169732,0.0118573402298949
"X36839","Mixture",0.00085675931212525,NA,-0.00685771664751259,0.00857123527176309,0.82938475430151,40,-0.00260782406888582,NA,0.999191598814605,"Clostridium felsineum","Species","Clostridium felsineum","d__Bacteria;p__Bacillota;c__Clostridia;o__Eubacteriales;f__Clostridiaceae;g__Clostridium_s__Clostridium_felsineum",-0.0139118531680241,0.00869620503025245
"X371601","Mixture",-3.45770796576138e-06,NA,-0.00662828501688149,0.00662136960094996,0.999191598814605,40,-0.00505525459383422,NA,0.999191598814605,"Bacteroides xylanisolvens","Species","Bacteroides xylanisolvens","d__Bacteria;p__Bacteroidota;c__Bacteroidia;o__Bacteroidales;f__Bacteroidaceae;g__Bacteroides_s__Bacteroides_xylanisolvens",-0.0138929144452831,0.00378240525761469
"X376805","Mixture",5.08566941953928e-05,NA,-0.00925413167322005,0.00935584506161084,0.991534805552431,40,0.00172587476427403,NA,0.999191598814605,"Phocaeicola salanitronis","Species","Phocaeicola salanitronis","d__Bacteria;p__Bacteroidota;c__Bacteroidia;o__Bacteroidales;f__Bacteroidaceae;g__Phocaeicola_s__Phocaeicola_salanitronis",-0.0108552068846072,0.0143069564131552
"X39778","Mixture",-0.00292977413561337,NA,-0.0108556975423879,0.00499614927116118,0.475234605165257,40,0.00113688848865815,NA,0.999191598814605,"Veillonella dispar","Species","Veillonella dispar","d__Bacteria;p__Bacillota;c__Negativicutes;o__Veillonellales;f__Veillonellaceae;g__Veillonella_s__Veillonella_dispar",-0.0101772736202809,0.0124510505975972
"X400065","Mixture",-0.00237818748753581,NA,-0.0102921832872336,0.00553580831216202,0.560959578997158,40,-0.00225228760198878,NA,0.999191598814605,"Streptococcus merionis","Species","Streptococcus merionis","d__Bacteria;p__Bacillota;c__Bacilli;o__Lactobacillales;f__Streptococcaceae;g__Streptococcus_s__Streptococcus_merionis",-0.0136798132920229,0.00917523808804538
"X418240","Mixture",-0.00137692598326211,NA,-0.012797829098008,0.0100439771314837,0.815053858248908,40,-0.00489489391619959,NA,0.999191598814605,"Blautia wexlerae","Species","Blautia wexlerae","d__Bacteria;p__Bacillota;c__Clostridia;o__Lachnospirales;f__Lachnospiraceae;g__Blautia_s__Blautia_wexlerae",-0.0214325818868464,0.0116427940544472
"X42895","Mixture",-0.00281866232401904,NA,-0.00780934485464919,0.00217202020661111,0.278448782990106,40,-0.00668008179849718,NA,0.999191598814605,"Enterobacter sp.","Species","Enterobacter sp.","d__Bacteria;p__Pseudomonadota;c__Gammaproteobacteria;o__Enterobacterales;f__Enterobacteriaceae;g__Enterobacter_s__Enterobacter_sp.",-0.0137559678988138,0.00039580430181945
"X438033","Mixture",-0.00344354790221091,NA,-0.0137060725493922,0.00681897674497038,0.51653874184395,40,-0.00607852336673345,NA,0.999191598814605,"Ruminococcus gauvreauii","Species","Ruminococcus gauvreauii","d__Bacteria;p__Bacillota;c__Clostridia;o__Eubacteriales;f__Oscillospiraceae;g__Ruminococcus_s__Ruminococcus_gauvreauii",-0.0210148838836346,0.00885783715016766
"X45634","Mixture",-0.00133717375968991,NA,-0.00877222823886844,0.00609788071948861,0.727309234073867,40,0.000435613764111299,NA,0.999191598814605,"Streptococcus cristatus","Species","Streptococcus cristatus","d__Bacteria;p__Bacillota;c__Bacilli;o__Lactobacillales;f__Streptococcaceae;g__Streptococcus_s__Streptococcus_cristatus",-0.0121078686265222,0.0129790961547448
"X548","Mixture",-0.000465828247603431,NA,-0.0114837092200891,0.0105520527248822,0.934592860994421,40,0.00147152291541121,NA,0.999191598814605,"Klebsiella aerogenes","Species","Klebsiella aerogenes","d__Bacteria;p__Pseudomonadota;c__Gammaproteobacteria;o__Enterobacterales;f__Enterobacteriaceae;g__Klebsiella_s__Klebsiella_aerogenes",-0.014268784331553,0.0172118301623754
"X550","Mixture",-0.000877889086926113,NA,-0.00866707419264792,0.00691129601879569,0.826895868407516,40,-0.000524071221238182,NA,0.999191598814605,"Enterobacter cloacae","Species","Enterobacter cloacae","d__Bacteria;p__Pseudomonadota;c__Gammaproteobacteria;o__Enterobacterales;f__Enterobacteriaceae;g__Enterobacter_s__Enterobacter_cloacae",-0.0111544914381024,0.0101063489956261
"X564","Mixture",9.88015764786775e-05,NA,-0.00813631997451219,0.00833392312746954,0.98141915026962,40,0.00162132461708016,NA,0.999191598814605,"Escherichia fergusonii","Species","Escherichia fergusonii","d__Bacteria;p__Pseudomonadota;c__Gammaproteobacteria;o__Enterobacterales;f__Enterobacteriaceae;g__Escherichia_s__Escherichia_fergusonii",-0.0098923348544817,0.013134984088642
"X571","Mixture",-0.00178063733030924,NA,-0.00644366942137076,0.00288239476075228,0.46091395619445,40,0.00239696257680138,NA,0.999191598814605,"Klebsiella oxytoca","Species","Klebsiella oxytoca","d__Bacteria;p__Pseudomonadota;c__Gammaproteobacteria;o__Enterobacterales;f__Enterobacteriaceae;g__Klebsiella_s__Klebsiella_oxytoca",-0.00527377938747068,0.0100677045410735
"X576","Mixture",-0.000469144368366709,NA,-0.0102259386489641,0.00928764991223063,0.9256389511867,40,-0.000895106312611791,NA,0.999191598814605,"Klebsiella sp.","Species","Klebsiella sp.","d__Bacteria;p__Pseudomonadota;c__Gammaproteobacteria;o__Enterobacterales;f__Enterobacteriaceae;g__Klebsiella_s__Klebsiella_sp.",-0.0138911217887354,0.0121009091635118
"X59310","Mixture",-0.000520765119968022,NA,-0.00606159418515768,0.00502006394522164,0.855277279956836,40,0.00337676304715542,NA,0.999191598814605,"Streptococcus macedonicus","Species","Streptococcus macedonicus","d__Bacteria;p__Bacillota;c__Bacilli;o__Lactobacillales;f__Streptococcaceae;g__Streptococcus_s__Streptococcus_macedonicus",-0.00372723874501417,0.010480764839325
"X61645","Mixture",0.0021053719200346,NA,-0.00925944093941101,0.0134701847794802,0.719472794749922,40,0.00630160223266527,NA,0.999191598814605,"Enterobacter asburiae","Species","Enterobacter asburiae","d__Bacteria;p__Pseudomonadota;c__Gammaproteobacteria;o__Enterobacterales;f__Enterobacteriaceae;g__Enterobacter_s__Enterobacter_asburiae",-0.0111965401241709,0.0237997445895014
"X623","Mixture",-0.00367554273739947,NA,-0.0128553389387385,0.00550425346393956,0.439686951946669,40,-0.00100264009883677,NA,0.999191598814605,"Shigella flexneri","Species","Shigella flexneri","d__Bacteria;p__Pseudomonadota;c__Gammaproteobacteria;o__Enterobacterales;f__Enterobacteriaceae;g__Shigella_s__Shigella_flexneri",-0.0141097272300039,0.0121044470323304
"X674529","Mixture",0.0087244582390011,NA,0.000137952472119035,0.0173109640058832,0.0570342765091616,40,0.0146585612173534,NA,0.999191598814605,"Bacteroides faecis","Species","Bacteroides faecis","d__Bacteria;p__Bacteroidota;c__Bacteroidia;o__Bacteroidales;f__Bacteroidaceae;g__Bacteroides_s__Bacteroides_faecis",0.00366602775963183,0.0256510946750749
"X68892","Mixture",-0.000264766018750235,NA,-0.00625987986892713,0.00573034783142666,0.931685131004273,40,0.000729601367865876,NA,0.999191598814605,"Streptococcus infantis","Species","Streptococcus infantis","d__Bacteria;p__Bacillota;c__Bacilli;o__Lactobacillales;f__Streptococcaceae;g__Streptococcus_s__Streptococcus_infantis",-0.00799716272698314,0.00945636546271489
"X704125","Mixture",0.00100169740109368,NA,-0.00362982733239517,0.00563322213458253,0.675127297039179,40,2.63265807145824e-05,NA,0.999191598814605,"Clostridium gelidum","Species","Clostridium gelidum","d__Bacteria;p__Bacillota;c__Clostridia;o__Eubacteriales;f__Clostridiaceae;g__Clostridium_s__Clostridium_gelidum",-0.00717700617270562,0.00722965933413478
"X751585","Mixture",-0.00351028874550817,NA,-0.0119626283002069,0.00494205080919053,0.423048733644402,40,-0.00462498167291189,NA,0.999191598814605,"Coprococcus sp. ART55/1","Species","Coprococcus sp. ART55/1","d__Bacteria;p__Bacillota;c__Clostridia;o__Lachnospirales;f__Lachnospiraceae;g__Coprococcus_s__Coprococcus_sp._ART55/1",-0.0162650144937091,0.00701505114788534
"X820","Mixture",0.00451062901002081,NA,-0.00434169491921524,0.0133629529392569,0.327152454464872,40,0.0077173183552674,NA,0.999191598814605,"Bacteroides uniformis","Species","Bacteroides uniformis","d__Bacteria;p__Bacteroidota;c__Bacteroidia;o__Bacteroidales;f__Bacteroidaceae;g__Bacteroides_s__Bacteroides_uniformis",-0.00454764653417122,0.019982283244706
"X823","Mixture",-0.000246218862837843,NA,-0.00759712218463116,0.00710468445895547,0.948159397236703,40,-0.00578821026455897,NA,0.999191598814605,"Parabacteroides distasonis","Species","Parabacteroides distasonis","d__Bacteria;p__Bacteroidota;c__Bacteroidia;o__Bacteroidales;f__Tannerellaceae;g__Parabacteroides_s__Parabacteroides_distasonis",-0.0161381590064132,0.00456173847729522
"X84022","Mixture",-0.00162628135573077,NA,-0.0119768006264272,0.00872423791496564,0.760573179246887,40,-0.00399335132350723,NA,0.999191598814605,"Clostridium aceticum","Species","Clostridium aceticum","d__Bacteria;p__Bacillota;c__Clostridia;o__Eubacteriales;f__Clostridiaceae;g__Clostridium_s__Clostridium_aceticum",-0.0182562905455149,0.0102695878985004
"X84023","Mixture",0.0039655858136186,NA,-0.00437668875273152,0.0123078603799687,0.360068640481611,40,0.00236245207770024,NA,0.999191598814605,"Clostridium autoethanogenum","Species","Clostridium autoethanogenum","d__Bacteria;p__Bacillota;c__Clostridia;o__Eubacteriales;f__Clostridiaceae;g__Clostridium_s__Clostridium_autoethanogenum",-0.00819623239432368,0.0129211365497242
"X885040","Mixture",0.00267068135052183,NA,-0.00385084980672492,0.00919221250776858,0.429459333721834,40,0.0036098863040848,NA,0.999191598814605,"Enterobacter soli","Species","Enterobacter soli","d__Bacteria;p__Pseudomonadota;c__Gammaproteobacteria;o__Enterobacterales;f__Enterobacteriaceae;g__Enterobacter_s__Enterobacter_soli",-0.00584099819725357,0.0130607708054232
"X102115","PFOS",-0.000867572697838986,0.000896634938643959,-0.00269627171171216,0.000961126316034187,0.340739177170232,40,-0.000778650814899284,0.000804734320687281,0.808177571715998,"Stanieria","Genus","Stanieria","d__Bacteria;p__Cyanobacteriota;c__Cyanophyceae;o__Pleurocapsales;f__Dermocarpellaceae;g___g__Stanieria",NA,NA
"X102115","PFHxS",-0.00059448121110895,0.00101425153347381,-0.00266306085165695,0.00147409842943905,0.562033253616591,40,-0.00059052891479038,0.00100750847326106,0.936722089360985,"Stanieria","Genus","Stanieria","d__Bacteria;p__Cyanobacteriota;c__Cyanophyceae;o__Pleurocapsales;f__Dermocarpellaceae;g___g__Stanieria",NA,NA
"X102115","PFOA",0.00139209230776833,0.00071842339319066,-7.31418628497559e-05,0.00285732647838641,0.0618150828470207,40,0.00119577441034853,0.000617108725175224,0.694266482899823,"Stanieria","Genus","Stanieria","d__Bacteria;p__Cyanobacteriota;c__Cyanophyceae;o__Pleurocapsales;f__Dermocarpellaceae;g___g__Stanieria",NA,NA
"X102115","PFBS",-0.000209346492640431,0.000673252514544456,-0.00158245404887404,0.00116376106359318,0.757921499369698,40,-0.000207877257317919,0.000668527494493425,0.979960207463041,"Stanieria","Genus","Stanieria","d__Bacteria;p__Cyanobacteriota;c__Cyanophyceae;o__Pleurocapsales;f__Dermocarpellaceae;g___g__Stanieria",NA,NA
"X102115","PFNA",-0.000628093257400618,0.000609268767957639,-0.0018707051021196,0.000614518587318359,0.310565549291629,40,-0.000972486501710072,0.00094334025365028,0.847940722904685,"Stanieria","Genus","Stanieria","d__Bacteria;p__Cyanobacteriota;c__Cyanophyceae;o__Pleurocapsales;f__Dermocarpellaceae;g___g__Stanieria",NA,NA
"X1190","PFOS",0.000556776660675403,0.0007638114507279,-0.0010010270635957,0.0021145803849465,0.471506865247311,40,0.000499709824469678,0.000685524579116093,0.808177571715998,"Fischerella","Genus","Fischerella","d__Bacteria;p__Cyanobacteriota;c__Cyanophyceae;o__Nostocales;f__Hapalosiphonaceae;g___g__Fischerella",NA,NA
"X1190","PFOA",0.000216342351438728,0.00064270876317515,-0.00109447081317379,0.00152715551605125,0.738678892327702,40,0.000185832969754553,0.000552071646415198,0.903644618081016,"Fischerella","Genus","Fischerella","d__Bacteria;p__Cyanobacteriota;c__Cyanophyceae;o__Nostocales;f__Hapalosiphonaceae;g___g__Fischerella",NA,NA
"X1190","PFNA",0.000653372139018798,0.000511182874715994,-0.000389192207532043,0.00169593648556964,0.210681779528377,40,0.00101162618496944,0.000791472348587205,0.743582751276626,"Fischerella","Genus","Fischerella","d__Bacteria;p__Cyanobacteriota;c__Cyanophyceae;o__Nostocales;f__Hapalosiphonaceae;g___g__Fischerella",NA,NA
"X1190","PFHxS",-0.000159413447982162,0.000862779783551988,-0.00191906441781542,0.0016002375218511,0.854615087068764,40,-0.000158353617710293,0.000857043754727951,0.974514512658338,"Fischerella","Genus","Fischerella","d__Bacteria;p__Cyanobacteriota;c__Cyanophyceae;o__Nostocales;f__Hapalosiphonaceae;g___g__Fischerella",NA,NA
"X1190","PFBS",-0.000519105458518756,0.00056309458545521,-0.00166754443714767,0.000629333520110156,0.363710799492331,40,-0.000515462273165397,0.000559142675659963,0.979960207463041,"Fischerella","Genus","Fischerella","d__Bacteria;p__Cyanobacteriota;c__Cyanophyceae;o__Nostocales;f__Hapalosiphonaceae;g___g__Fischerella",NA,NA
"X1278221","PFNA",-0.00159800792892511,0.00269534928176087,-0.0070952090318113,0.00389919317396108,0.557564854186024,40,-0.00247422038398689,0.00417325096714818,0.847940722904685,"Auraticoccus","Genus","Auraticoccus","d__Bacteria;p__Actinomycetota;c__Actinomycetes;o__Propionibacteriales;f__Propionibacteriaceae;g___g__Auraticoccus",NA,NA
"X1278221","PFOS",-0.00620224828913601,0.00382215579128836,-0.0139975864196905,0.0015930898414185,0.114779021008583,40,-0.00556654871294686,0.00343040384854416,0.573895105042914,"Auraticoccus","Genus","Auraticoccus","d__Bacteria;p__Actinomycetota;c__Actinomycetes;o__Propionibacteriales;f__Propionibacteriaceae;g___g__Auraticoccus",NA,NA
"X1278221","PFHxS",-0.000274159576989036,0.00446115564595763,-0.00937274650338687,0.0088244273494088,0.951391497937092,40,-0.000272336878699188,0.00443149649322646,0.974514512658338,"Auraticoccus","Genus","Auraticoccus","d__Bacteria;p__Actinomycetota;c__Actinomycetes;o__Propionibacteriales;f__Propionibacteriaceae;g___g__Auraticoccus",NA,NA
"X1278221","PFOA",0.00182567189818193,0.00331148360245504,-0.00492814343654634,0.00857948723291021,0.585369715948816,40,0.00156820903711342,0.00284448619535327,0.90056879376741,"Auraticoccus","Genus","Auraticoccus","d__Bacteria;p__Actinomycetota;c__Actinomycetes;o__Propionibacteriales;f__Propionibacteriaceae;g___g__Auraticoccus",NA,NA
"X1278221","PFBS",-7.46943052981019e-05,0.00294974624445969,-0.00609074143433094,0.00594135282373474,0.979960207463041,40,-7.41700858074845e-05,0.00292904433863769,0.979960207463041,"Auraticoccus","Genus","Auraticoccus","d__Bacteria;p__Actinomycetota;c__Actinomycetes;o__Propionibacteriales;f__Propionibacteriaceae;g___g__Auraticoccus",NA,NA
"X1298","PFOS",0.000114778507748652,0.00091918110284373,-0.00175990371117462,0.00198946072667192,0.901432403602851,40,0.000103014282046942,0.000824969615286493,0.965820432431626,"Deinococcus","Genus","Deinococcus","d__Bacteria;p__Deinococcota;c__Deinococci;o__Deinococcales;f__Deinococcaceae;g___g__Deinococcus",NA,NA
"X1298","PFOA",0.00081752197668899,0.000754335778475575,-0.000720955986609847,0.00235599993998783,0.286826895776826,40,0.000702232067634502,0.00064795661586368,0.874265835131081,"Deinococcus","Genus","Deinococcus","d__Bacteria;p__Deinococcota;c__Deinococci;o__Deinococcales;f__Deinococcaceae;g___g__Deinococcus",NA,NA
"X1298","PFNA",0.00051491794684912,0.000619113109619559,-0.000747771565060265,0.0017776074587585,0.411937857232249,40,0.000797255418520817,0.000958582400053921,0.847940722904685,"Deinococcus","Genus","Deinococcus","d__Bacteria;p__Deinococcota;c__Deinococci;o__Deinococcales;f__Deinococcaceae;g___g__Deinococcus",NA,NA
"X1298","PFHxS",0.0016206558668596,0.000988349543505547,-0.000395096316859714,0.00363640805057892,0.111165332120585,40,0.00160988124169641,0.000981778687792596,0.741102214137234,"Deinococcus","Genus","Deinococcus","d__Bacteria;p__Deinococcota;c__Deinococci;o__Deinococcales;f__Deinococcaceae;g___g__Deinococcus",NA,NA
"X1298","PFBS",-0.000212479967661272,0.000680150994315183,-0.00159965706614697,0.00117469713082443,0.75682747158173,40,-0.000210988740987842,0.000675377559361074,0.979960207463041,"Deinococcus","Genus","Deinococcus","d__Bacteria;p__Deinococcota;c__Deinococci;o__Deinococcales;f__Deinococcaceae;g___g__Deinococcus",NA,NA
"X1395974","PFOS",0.000387261102964889,0.00116979237222951,-0.00199854616968916,0.00277306837561894,0.742833276533287,40,0.000347568767612798,0.0010498944770488,0.905142846932149,"Tardiphaga","Genus","Tardiphaga","d__Bacteria;p__Pseudomonadota;c__Alphaproteobacteria;o__Hyphomicrobiales;f__Nitrobacteraceae;g___g__Tardiphaga",NA,NA
"X1395974","PFOA",0.000443255028228826,0.000976260397853829,-0.00154784118037837,0.00243435123683602,0.652967617193925,40,0.000380745599308743,0.000838584621921892,0.903644618081016,"Tardiphaga","Genus","Tardiphaga","d__Bacteria;p__Pseudomonadota;c__Alphaproteobacteria;o__Hyphomicrobiales;f__Nitrobacteraceae;g___g__Tardiphaga",NA,NA
"X1395974","PFNA",0.00016507298495335,0.000797309441034187,-0.00146105034097468,0.00179119631088138,0.837334513033313,40,0.000255585054882591,0.0012344865351694,0.947925863811298,"Tardiphaga","Genus","Tardiphaga","d__Bacteria;p__Pseudomonadota;c__Alphaproteobacteria;o__Hyphomicrobiales;f__Nitrobacteraceae;g___g__Tardiphaga",NA,NA
"X1395974","PFHxS",0.00118469808467389,0.00129586711770096,-0.00145824032662017,0.00382763649596795,0.36766148051803,40,0.00117682184268142,0.00128725178933912,0.824405176385924,"Tardiphaga","Genus","Tardiphaga","d__Bacteria;p__Pseudomonadota;c__Alphaproteobacteria;o__Hyphomicrobiales;f__Nitrobacteraceae;g___g__Tardiphaga",NA,NA
"X1395974","PFBS",0.000639235629113426,0.000860641756442746,-0.00111605480568178,0.00239452606390863,0.463228882567912,40,0.000634749346330007,0.000854601601422014,0.979960207463041,"Tardiphaga","Genus","Tardiphaga","d__Bacteria;p__Pseudomonadota;c__Alphaproteobacteria;o__Hyphomicrobiales;f__Nitrobacteraceae;g___g__Tardiphaga",NA,NA
"X141450","PFOA",-0.00129015768353442,0.00406424197851931,-0.0095792338481333,0.00699891848106445,0.75303718173418,40,-0.00110821497588631,0.00349108785980479,0.903644618081016,"Oleiphilus","Genus","Oleiphilus","d__Bacteria;p__Pseudomonadota;c__Gammaproteobacteria;o__Oceanospirillales;f__Oleiphilaceae;g___g__Oleiphilus",NA,NA
"X141450","PFBS",-0.00158366624745099,0.00359731736240808,-0.00892044337903753,0.00575311088413555,0.662821088260338,40,-0.0015725517627492,0.00357207067368416,0.979960207463041,"Oleiphilus","Genus","Oleiphilus","d__Bacteria;p__Pseudomonadota;c__Gammaproteobacteria;o__Oceanospirillales;f__Oleiphilaceae;g___g__Oleiphilus",NA,NA
"X141450","PFOS",-0.00293686336257204,0.00484163789272679,-0.0128114489473707,0.00693772222222663,0.548543466530606,40,-0.00263584948697749,0.00434539410934603,0.816194813321567,"Oleiphilus","Genus","Oleiphilus","d__Bacteria;p__Pseudomonadota;c__Gammaproteobacteria;o__Oceanospirillales;f__Oleiphilaceae;g___g__Oleiphilus",NA,NA
"X141450","PFHxS",0.00217871577628469,0.00544374349252189,-0.00892387227544665,0.013281303828016,0.691736416677042,40,0.00216423099496459,0.00540755178963426,0.957409325773341,"Oleiphilus","Genus","Oleiphilus","d__Bacteria;p__Pseudomonadota;c__Gammaproteobacteria;o__Oceanospirillales;f__Oleiphilaceae;g___g__Oleiphilus",NA,NA
"X141450","PFNA",0.00229297193677603,0.00329026402467497,-0.00441756578374293,0.00900350965729499,0.491061212643414,40,0.00355024390254263,0.0050943666618885,0.847940722904685,"Oleiphilus","Genus","Oleiphilus","d__Bacteria;p__Pseudomonadota;c__Gammaproteobacteria;o__Oceanospirillales;f__Oleiphilaceae;g___g__Oleiphilus",NA,NA
"X1434026","PFOS",0.00351933697551293,0.00261210080242202,-0.00180807773436962,0.00884675168539547,0.187643119827989,40,0.0031586224540193,0.00234437347264523,0.731472892070185,"Oceanirhabdus","Genus","Oceanirhabdus","d__Bacteria;p__Bacillota;c__Clostridia;o__Eubacteriales;f__Clostridiaceae;g___g__Oceanirhabdus",NA,NA
"X1434026","PFOA",0.00421535812518317,0.00211491705210962,-9.8043640607449e-05,0.00852875989097379,0.0551092203972856,40,0.00362089306033837,0.00181666379219968,0.694266482899823,"Oceanirhabdus","Genus","Oceanirhabdus","d__Bacteria;p__Bacillota;c__Clostridia;o__Eubacteriales;f__Clostridiaceae;g___g__Oceanirhabdus",NA,NA
"X1434026","PFNA",-0.00233555307086143,0.00178104861169637,-0.00596802566310184,0.00129691952137898,0.199374514891093,40,-0.00361617293081613,0.00275762510320889,0.743582751276626,"Oceanirhabdus","Genus","Oceanirhabdus","d__Bacteria;p__Bacillota;c__Clostridia;o__Eubacteriales;f__Clostridiaceae;g___g__Oceanirhabdus",NA,NA
"X1434026","PFHxS",-0.000574184756121258,0.003009917693005,-0.00671295236355142,0.00556458285130891,0.849954130588999,40,-0.000570367396959369,0.00298990682235853,0.974514512658338,"Oceanirhabdus","Genus","Oceanirhabdus","d__Bacteria;p__Bacillota;c__Clostridia;o__Eubacteriales;f__Clostridiaceae;g___g__Oceanirhabdus",NA,NA
"X1434026","PFBS",-0.00109786983794246,0.00198145790902243,-0.00513907988686222,0.00294334021097729,0.583504902774505,40,-0.0010901647690632,0.00196755164332249,0.979960207463041,"Oceanirhabdus","Genus","Oceanirhabdus","d__Bacteria;p__Bacillota;c__Clostridia;o__Eubacteriales;f__Clostridiaceae;g___g__Oceanirhabdus",NA,NA
"X146918","PFOS",0.00436872308641469,0.00339396346641323,-0.00255331103991326,0.0112907572127426,0.207551470356323,40,0.00392095071661354,0.00304609910552018,0.731472892070185,"Salinibacter","Genus","Salinibacter","d__Bacteria;p__Rhodothermota;c__Rhodothermia;o__Rhodothermales;f__Salinibacteraceae;g___g__Salinibacter",NA,NA
"X146918","PFOA",-0.00358729624017333,0.00283949943352895,-0.0093784935158906,0.00220390103554394,0.215880705332415,40,-0.00308140273629945,0.00243906294278447,0.863522821329659,"Salinibacter","Genus","Salinibacter","d__Bacteria;p__Rhodothermota;c__Rhodothermia;o__Rhodothermales;f__Salinibacteraceae;g___g__Salinibacter",NA,NA
"X146918","PFNA",-0.00230060551103855,0.00233546079569864,-0.00706380920739757,0.00246259818532048,0.332213365945345,40,-0.00356206308359996,0.00361603005975487,0.847940722904685,"Salinibacter","Genus","Salinibacter","d__Bacteria;p__Rhodothermota;c__Rhodothermia;o__Rhodothermales;f__Salinibacteraceae;g___g__Salinibacter",NA,NA
"X146918","PFHxS",0.0046794631584845,0.00381214888259614,-0.00309546574723537,0.0124543920642044,0.228869800547621,40,0.0046483526293903,0.00378680452904387,0.75900033567624,"Salinibacter","Genus","Salinibacter","d__Bacteria;p__Rhodothermota;c__Rhodothermia;o__Rhodothermales;f__Salinibacteraceae;g___g__Salinibacter",NA,NA
"X146918","PFBS",-0.00238257721412112,0.00254529869127392,-0.00757374812006947,0.00280859369182722,0.356472684908624,40,-0.00236585581335893,0.00252743527882121,0.979960207463041,"Salinibacter","Genus","Salinibacter","d__Bacteria;p__Rhodothermota;c__Rhodothermia;o__Rhodothermales;f__Salinibacteraceae;g___g__Salinibacter",NA,NA
"X1511648","PFOS",0.00650950910908931,0.00286205919528812,0.0006723008959167,0.0123467173222619,0.0300133508209285,40,0.00584231682833269,0.00256871237448125,0.360160209851142,"Defluviitoga","Genus","Defluviitoga","d__Bacteria;p__Thermotogota;c__Thermotogae;o__Petrotogales;f__Petrotogaceae;g___g__Defluviitoga",NA,NA
"X1511648","PFOA",0.000859061851601551,0.00257955081419545,-0.00440196671961288,0.00612009042281598,0.741355269669222,40,0.000737913838988549,0.00221577321891355,0.903644618081016,"Defluviitoga","Genus","Defluviitoga","d__Bacteria;p__Thermotogota;c__Thermotogae;o__Petrotogales;f__Petrotogaceae;g___g__Defluviitoga",NA,NA
"X1511648","PFNA",-0.000573888511672162,0.00210242416651327,-0.00486181086930473,0.00371403384596041,0.786690240614858,40,-0.000888560455810923,0.00325521584368657,0.932082080181194,"Defluviitoga","Genus","Defluviitoga","d__Bacteria;p__Thermotogota;c__Thermotogae;o__Petrotogales;f__Petrotogaceae;g___g__Defluviitoga",NA,NA
"X1511648","PFHxS",-0.00150869407257868,0.00345397923750832,-0.00855313117105091,0.00553574302589355,0.665284779228596,40,-0.00149866380430867,0.00343101610735429,0.957409325773341,"Defluviitoga","Genus","Defluviitoga","d__Bacteria;p__Thermotogota;c__Thermotogae;o__Petrotogales;f__Petrotogaceae;g___g__Defluviitoga",NA,NA
"X1511648","PFBS",0.00067995530111722,0.00228743802694034,-0.00398530531262607,0.00534521591486051,0.768253720449727,40,0.000675183239576897,0.00227138433191612,0.979960207463041,"Defluviitoga","Genus","Defluviitoga","d__Bacteria;p__Thermotogota;c__Thermotogae;o__Petrotogales;f__Petrotogaceae;g___g__Defluviitoga",NA,NA
"X157","PFNA",-0.00489430160840171,0.00591824681732287,-0.0169646455714244,0.00717604235462103,0.414566073324511,40,-0.00757792285363239,0.00916331305235473,0.847940722904685,"Treponema","Genus","Treponema","d__Bacteria;p__Spirochaetota;c__Spirochaetia;o__Spirochaetales;f__Treponemataceae;g___g__Treponema",NA,NA
"X157","PFOA",0.00624940799231568,0.00725903467331135,-0.00855549083176057,0.0210543068163919,0.395895237042571,40,0.00536809385077234,0.00623533932178219,0.874265835131081,"Treponema","Genus","Treponema","d__Bacteria;p__Spirochaetota;c__Spirochaetia;o__Spirochaetales;f__Treponemataceae;g___g__Treponema",NA,NA
"X157","PFBS",0.00160256426990628,0.00650477965748445,-0.0116640213073791,0.0148691498471916,0.807022092954992,40,0.00159131715512424,0.0064591278201052,0.979960207463041,"Treponema","Genus","Treponema","d__Bacteria;p__Spirochaetota;c__Spirochaetia;o__Spirochaetales;f__Treponemataceae;g___g__Treponema",NA,NA
"X157","PFOS",-0.00169153715593408,0.00878253811690162,-0.0196036417388439,0.0162205674269758,0.848526675258072,40,-0.00151816301755606,0.00788237167748983,0.960596236141213,"Treponema","Genus","Treponema","d__Bacteria;p__Spirochaetota;c__Spirochaetia;o__Spirochaetales;f__Treponemataceae;g___g__Treponema",NA,NA
"X157","PFHxS",-0.00685986239146291,0.00977048744499831,-0.0267869029133843,0.0130671781304584,0.487855096147019,40,-0.00681425588890398,0.00970553020019747,0.915425764733509,"Treponema","Genus","Treponema","d__Bacteria;p__Spirochaetota;c__Spirochaetia;o__Spirochaetales;f__Treponemataceae;g___g__Treponema",NA,NA
"X1649479","PFNA",-0.000796621828794978,0.0010067245985236,-0.00284985018430189,0.00125660652671194,0.434781500442657,40,-0.0012334218945079,0.00155872726138698,0.847940722904685,"Permianibacter","Genus","Permianibacter","d__Bacteria;p__Pseudomonadota;c__Gammaproteobacteria;o__Pseudomonadales;f__Pseudomonadaceae;g___g__Permianibacter",NA,NA
"X1649479","PFOS",0.000593306291915383,0.00148967972733617,-0.00244491554281088,0.00363152812664164,0.693155331250258,40,0.000532495350344144,0.00133699497058692,0.884879146276925,"Permianibacter","Genus","Permianibacter","d__Bacteria;p__Pseudomonadota;c__Gammaproteobacteria;o__Pseudomonadales;f__Pseudomonadaceae;g___g__Permianibacter",NA,NA
"X1649479","PFHxS",0.00191311071499265,0.00163799426042617,-0.00142760060426666,0.00525382203425196,0.251727708752381,40,0.00190039175887665,0.00162710436422029,0.75900033567624,"Permianibacter","Genus","Permianibacter","d__Bacteria;p__Pseudomonadota;c__Gammaproteobacteria;o__Pseudomonadales;f__Pseudomonadaceae;g___g__Permianibacter",NA,NA
"X1649479","PFOA",-0.0018263721067002,0.00120446584811333,-0.00428289639965259,0.00063015218625219,0.139567027104492,40,-0.00156881049969129,0.00103460771335024,0.761274693297227,"Permianibacter","Genus","Permianibacter","d__Bacteria;p__Pseudomonadota;c__Gammaproteobacteria;o__Pseudomonadales;f__Pseudomonadaceae;g___g__Permianibacter",NA,NA
"X1649479","PFBS",-0.000950871364301965,0.00109331165306859,-0.00318069518183723,0.0012789524532333,0.391139855637938,40,-0.000944197959947408,0.00108563857443735,0.979960207463041,"Permianibacter","Genus","Permianibacter","d__Bacteria;p__Pseudomonadota;c__Gammaproteobacteria;o__Pseudomonadales;f__Pseudomonadaceae;g___g__Permianibacter",NA,NA
"X1649510","PFNA",-0.000661171335275395,0.000470342801070777,-0.001620441802475,0.000298099131924205,0.169750649343127,40,-0.00102370180112096,0.000728239031112684,0.743582751276626,"Variibacter","Genus","Variibacter","d__Bacteria;p__Pseudomonadota;c__Alphaproteobacteria;o__Hyphomicrobiales;f__Nitrobacteraceae;g___g__Variibacter",NA,NA
"X1649510","PFOA",0.000384026910917365,0.000591532412902533,-0.000822411399176664,0.00159046522101139,0.520985982235739,40,0.000329870045540542,0.000508112370345977,0.894016093967869,"Variibacter","Genus","Variibacter","d__Bacteria;p__Pseudomonadota;c__Alphaproteobacteria;o__Hyphomicrobiales;f__Nitrobacteraceae;g___g__Variibacter",NA,NA
"X1649510","PFBS",-0.000897323288312891,0.000502706368143773,-0.00192259968573122,0.000127953109105437,0.0840529705877189,40,-0.000891025695005862,0.000499178274868299,0.720454033609019,"Variibacter","Genus","Variibacter","d__Bacteria;p__Pseudomonadota;c__Alphaproteobacteria;o__Hyphomicrobiales;f__Nitrobacteraceae;g___g__Variibacter",NA,NA
"X1649510","PFOS",-0.00053282311227273,0.00070603789693704,-0.00197279689674126,0.000907150672195804,0.456144340620439,40,-0.000478211395542708,0.00063367252700457,0.808177571715998,"Variibacter","Genus","Variibacter","d__Bacteria;p__Pseudomonadota;c__Alphaproteobacteria;o__Hyphomicrobiales;f__Nitrobacteraceae;g___g__Variibacter",NA,NA
"X1649510","PFHxS",-0.000695325215885292,0.000788615127301531,-0.00230371637204838,0.000913065940277795,0.384722415646765,40,-0.000690702477202221,0.000783372168220304,0.824405176385924,"Variibacter","Genus","Variibacter","d__Bacteria;p__Pseudomonadota;c__Alphaproteobacteria;o__Hyphomicrobiales;f__Nitrobacteraceae;g___g__Variibacter",NA,NA
"X1658781","PFOS",-0.001075535629318,0.00114744416513162,-0.00341576343309304,0.00126469217445704,0.35583371975189,40,-0.000965298581096083,0.00102983684993391,0.808177571715998,"Aliiroseovarius","Genus","Aliiroseovarius","d__Bacteria;p__Pseudomonadota;c__Alphaproteobacteria;o__Rhodobacterales;f__Paracoccaceae;g___g__Aliiroseovarius",NA,NA
"X1658781","PFOA",-0.000174861556904386,0.000972083361941723,-0.00215743864460276,0.00180771553079398,0.858414900328133,40,-0.000150201947049882,0.000834996646737395,0.921006035461566,"Aliiroseovarius","Genus","Aliiroseovarius","d__Bacteria;p__Pseudomonadota;c__Alphaproteobacteria;o__Rhodobacterales;f__Paracoccaceae;g___g__Aliiroseovarius",NA,NA
"X1658781","PFNA",-0.00101321689777584,0.00077104756918129,-0.00258577878293234,0.00055934498738067,0.198461116611783,40,-0.00156877938870003,0.00119382487293109,0.743582751276626,"Aliiroseovarius","Genus","Aliiroseovarius","d__Bacteria;p__Pseudomonadota;c__Alphaproteobacteria;o__Rhodobacterales;f__Paracoccaceae;g___g__Aliiroseovarius",NA,NA
"X1658781","PFHxS",-0.0012339944825316,0.00128498153730336,-0.00385473160623292,0.00138674264116973,0.344324671497521,40,-0.0012257905027265,0.00127643857967171,0.824405176385924,"Aliiroseovarius","Genus","Aliiroseovarius","d__Bacteria;p__Pseudomonadota;c__Alphaproteobacteria;o__Rhodobacterales;f__Paracoccaceae;g___g__Aliiroseovarius",NA,NA
"X1658781","PFBS",-9.08560605839492e-05,0.000861985715097184,-0.00184888751712628,0.00166717539595838,0.916734948868837,40,-9.02184146803059e-05,0.000855936127907313,0.979960207463041,"Aliiroseovarius","Genus","Aliiroseovarius","d__Bacteria;p__Pseudomonadota;c__Alphaproteobacteria;o__Rhodobacterales;f__Paracoccaceae;g___g__Aliiroseovarius",NA,NA
"X1676142","PFNA",-0.00121482879919033,0.000564509900329979,-0.00236615433153721,-6.35032668434368e-05,0.0392973059936024,40,-0.00188093821288661,0.00087403940686223,0.589459589904036,"Wenzhouxiangella","Genus","Wenzhouxiangella","d__Bacteria;p__Pseudomonadota;c__Gammaproteobacteria;o__Chromatiales;f__Wenzhouxiangellaceae;g___g__Wenzhouxiangella",NA,NA
"X1676142","PFOA",-0.00109025780845385,0.000716722716047804,-0.0025520234251711,0.000371507808263401,0.138352671899021,40,-0.00093650570494262,0.000615647883680487,0.761274693297227,"Wenzhouxiangella","Genus","Wenzhouxiangella","d__Bacteria;p__Pseudomonadota;c__Gammaproteobacteria;o__Chromatiales;f__Wenzhouxiangellaceae;g___g__Wenzhouxiangella",NA,NA
"X1676142","PFBS",-0.000757412427036073,0.000644412488238874,-0.00207170036182502,0.000556875507752878,0.248802006831163,40,-0.000752096755980515,0.000639889873228481,0.979960207463041,"Wenzhouxiangella","Genus","Wenzhouxiangella","d__Bacteria;p__Pseudomonadota;c__Gammaproteobacteria;o__Chromatiales;f__Wenzhouxiangellaceae;g___g__Wenzhouxiangella",NA,NA
"X1676142","PFOS",0.000671760470501455,0.000880675410838325,-0.00112438887181399,0.0024679098128169,0.451361026511002,40,0.000602908366153036,0.000790410565038655,0.808177571715998,"Wenzhouxiangella","Genus","Wenzhouxiangella","d__Bacteria;p__Pseudomonadota;c__Gammaproteobacteria;o__Chromatiales;f__Wenzhouxiangellaceae;g___g__Wenzhouxiangella",NA,NA
"X1676142","PFHxS",0.00110651872188867,0.000976103725309858,-0.000884257950958411,0.00309729539473575,0.265650117486684,40,0.00109916224065894,0.000969614283611796,0.75900033567624,"Wenzhouxiangella","Genus","Wenzhouxiangella","d__Bacteria;p__Pseudomonadota;c__Gammaproteobacteria;o__Chromatiales;f__Wenzhouxiangellaceae;g___g__Wenzhouxiangella",NA,NA
"X1742989","PFHxS",0.0166572911868798,0.00929039585737406,-0.00229059608658011,0.0356051784603397,0.0827427023103005,40,0.0165465483250281,0.0092286304110336,0.741102214137234,"Glutamicibacter","Genus","Glutamicibacter","d__Bacteria;p__Actinomycetota;c__Actinomycetes;o__Micrococcales;f__Micrococcaceae;g___g__Glutamicibacter",NA,NA
"X1742989","PFOA",-0.00638141327276833,0.00718914181729888,-0.0210437646772001,0.00828093813166344,0.381566614410456,40,-0.00548148326864019,0.00617530300937711,0.874265835131081,"Glutamicibacter","Genus","Glutamicibacter","d__Bacteria;p__Actinomycetota;c__Actinomycetes;o__Micrococcales;f__Micrococcaceae;g___g__Glutamicibacter",NA,NA
"X1742989","PFBS",0.0120628152775132,0.00607863938912692,-0.000334651492406003,0.0244602820474324,0.0561168610986639,40,0.0119781560407086,0.00603597828890653,0.673402333183967,"Glutamicibacter","Genus","Glutamicibacter","d__Bacteria;p__Actinomycetota;c__Actinomycetes;o__Micrococcales;f__Micrococcaceae;g___g__Glutamicibacter",NA,NA
"X1742989","PFNA",0.0125329839955165,0.00548607935834329,0.00134405137617754,0.0237219166148554,0.0293440076568303,40,0.0194050128992455,0.00849418149365068,0.588563953233065,"Glutamicibacter","Genus","Glutamicibacter","d__Bacteria;p__Actinomycetota;c__Actinomycetes;o__Micrococcales;f__Micrococcaceae;g___g__Glutamicibacter",NA,NA
"X1742989","PFOS",0.00843189831700053,0.00857691186728722,-0.00906082876488868,0.0259246253988897,0.33317281554124,40,0.0075676707116697,0.00769782109489802,0.808177571715998,"Glutamicibacter","Genus","Glutamicibacter","d__Bacteria;p__Actinomycetota;c__Actinomycetes;o__Micrococcales;f__Micrococcaceae;g___g__Glutamicibacter",NA,NA
"X1747770","PFOS",-0.00471523431090155,0.00181610164571735,-0.00841919803736473,-0.00101127058443836,0.0142765867652367,40,-0.00423194626544824,0.00162996026719157,0.228444222910145,"Egibacter","Genus","Egibacter","d__Bacteria;p__Actinomycetota;c__Nitriliruptoria;o__Egibacterales;f__Egibacteraceae;g___g__Egibacter",NA,NA
"X1747770","PFOA",-0.00138928886989961,0.00165623651453277,-0.00476720551170192,0.0019886277719027,0.407990723061171,40,-0.00119336632343812,0.00142266804472043,0.874265835131081,"Egibacter","Genus","Egibacter","d__Bacteria;p__Actinomycetota;c__Nitriliruptoria;o__Egibacterales;f__Egibacteraceae;g___g__Egibacter",NA,NA
"X1747770","PFNA",0.0028821378889981,0.00126230962081906,0.000307640443822082,0.00545663533417412,0.0294281976616532,40,0.00446245865576944,0.00195445350314006,0.588563953233065,"Egibacter","Genus","Egibacter","d__Bacteria;p__Actinomycetota;c__Nitriliruptoria;o__Egibacterales;f__Egibacteraceae;g___g__Egibacter",NA,NA
"X1747770","PFHxS",-0.00142990379162913,0.00223084566002249,-0.00597974351208006,0.0031199359288218,0.526253116293703,40,-0.00142039734569618,0.00221601430299279,0.925545873576782,"Egibacter","Genus","Egibacter","d__Bacteria;p__Actinomycetota;c__Nitriliruptoria;o__Egibacterales;f__Egibacteraceae;g___g__Egibacter",NA,NA
"X1747770","PFBS",-0.00154930208552471,0.00145840851581906,-0.00452374586387671,0.00142514169282729,0.296294783387572,40,-0.00153842877534605,0.00144817311479051,0.979960207463041,"Egibacter","Genus","Egibacter","d__Bacteria;p__Actinomycetota;c__Nitriliruptoria;o__Egibacterales;f__Egibacteraceae;g___g__Egibacter",NA,NA
"X1763827","PFNA",-2.96874837718897e-05,0.00101557928911877,-0.00210097509981132,0.00204160013226755,0.976866890983148,40,-4.5965590137652e-05,0.00157243711574246,0.997216614253928,"Hankyongella","Genus","Hankyongella","d__Bacteria;p__Pseudomonadota;c__Alphaproteobacteria;o__Sphingomonadales;f__Sphingomonadaceae;g___g__Hankyongella",NA,NA
"X1763827","PFOA",0.00313562397288602,0.00111236300392465,0.00086694466910779,0.00540430327666425,0.00832146079450652,40,0.00269342692745952,0.000955493545714554,0.499287647670391,"Hankyongella","Genus","Hankyongella","d__Bacteria;p__Pseudomonadota;c__Alphaproteobacteria;o__Sphingomonadales;f__Sphingomonadaceae;g___g__Hankyongella",NA,NA
"X1763827","PFBS",8.09795702898949e-05,0.00110511628804586,-0.00217291995901133,0.00233487909959112,0.942056496007117,40,8.04112395594816e-05,0.00109736036213852,0.979960207463041,"Hankyongella","Genus","Hankyongella","d__Bacteria;p__Pseudomonadota;c__Alphaproteobacteria;o__Sphingomonadales;f__Sphingomonadaceae;g___g__Hankyongella",NA,NA
"X1763827","PFOS",-6.37185741600603e-05,0.00149160970505325,-0.00310587662439155,0.00297843947607143,0.966200302365497,40,-5.71877374859017e-05,0.00133872713519501,0.966200302365497,"Hankyongella","Genus","Hankyongella","d__Bacteria;p__Pseudomonadota;c__Alphaproteobacteria;o__Sphingomonadales;f__Sphingomonadaceae;g___g__Hankyongella",NA,NA
"X1763827","PFHxS",-0.00263026978421639,0.00160344879540312,-0.00590052516304917,0.000639985594616396,0.111035104855284,40,-0.00261278293115738,0.00159278856821231,0.741102214137234,"Hankyongella","Genus","Hankyongella","d__Bacteria;p__Pseudomonadota;c__Alphaproteobacteria;o__Sphingomonadales;f__Sphingomonadaceae;g___g__Hankyongella",NA,NA
"X1802983","PFOS",0.000618990428510928,0.00195468946886325,-0.00336762502676512,0.00460560588378698,0.753617142454658,40,0.00055554699078871,0.00175434352832515,0.905142846932149,"Fokinia","Genus","Fokinia","d__Bacteria;p__Pseudomonadota;c__Alphaproteobacteria;o__Rickettsiales;f__Candidatus Midichloriaceae;g___g__Fokinia",NA,NA
"X1802983","PFOA",0.000186029029251049,0.00163613191632435,-0.00315088401417079,0.00352294207267289,0.910208392853151,40,0.000159794542013518,0.00140539866974162,0.921006035461566,"Fokinia","Genus","Fokinia","d__Bacteria;p__Pseudomonadota;c__Alphaproteobacteria;o__Rickettsiales;f__Candidatus Midichloriaceae;g___g__Fokinia",NA,NA
"X1802983","PFNA",-0.000979267544953204,0.00132134813043014,-0.00367417482433623,0.00171563973442983,0.464202675796683,40,-0.00151621508081614,0.00204586374039603,0.847940722904685,"Fokinia","Genus","Fokinia","d__Bacteria;p__Pseudomonadota;c__Alphaproteobacteria;o__Rickettsiales;f__Candidatus Midichloriaceae;g___g__Fokinia",NA,NA
"X1802983","PFHxS",0.000995579307001537,0.00218672529122919,-0.00346427632803551,0.00545543494203858,0.652078357089999,40,0.000988960385568231,0.00217218726015816,0.957409325773341,"Fokinia","Genus","Fokinia","d__Bacteria;p__Pseudomonadota;c__Alphaproteobacteria;o__Rickettsiales;f__Candidatus Midichloriaceae;g___g__Fokinia",NA,NA
"X1802983","PFBS",-0.000108387655055316,0.00145049945411682,-0.00306670079571723,0.0028499254856066,0.940914144853882,40,-0.000107626968934794,0.00144031956045635,0.979960207463041,"Fokinia","Genus","Fokinia","d__Bacteria;p__Pseudomonadota;c__Alphaproteobacteria;o__Rickettsiales;f__Candidatus Midichloriaceae;g___g__Fokinia",NA,NA
"X1849828","PFOS",-0.00167557620204092,0.00363960848072988,-0.00909860663810791,0.00574745423402608,0.648461906888522,40,-0.00150383798198678,0.00326656672863699,0.864615875851362,"Paeniclostridium","Genus","Paeniclostridium","d__Bacteria;p__Bacillota;c__Clostridia;o__Peptostreptococcales;f__Peptostreptococcaceae;g___g__Paeniclostridium",NA,NA
"X1849828","PFOA",-0.00299786365089812,0.00300469708260112,-0.00912598375321116,0.00313025645141493,0.326137052787361,40,-0.00257509406485029,0.00258096382127357,0.874265835131081,"Paeniclostridium","Genus","Paeniclostridium","d__Bacteria;p__Bacillota;c__Clostridia;o__Peptostreptococcales;f__Peptostreptococcaceae;g___g__Paeniclostridium",NA,NA
"X1849828","PFNA",0.00173360657152687,0.00246691421959944,-0.00329769815045269,0.00676491129350643,0.487460028794737,40,0.00268416985888838,0.00381956142845027,0.847940722904685,"Paeniclostridium","Genus","Paeniclostridium","d__Bacteria;p__Bacillota;c__Clostridia;o__Peptostreptococcales;f__Peptostreptococcaceae;g___g__Paeniclostridium",NA,NA
"X1849828","PFHxS",0.00228499465141713,0.00407194471772545,-0.00601979135336676,0.010589780656201,0.578725655978683,40,0.00226980329502102,0.00404487316051464,0.938474036722189,"Paeniclostridium","Genus","Paeniclostridium","d__Bacteria;p__Bacillota;c__Clostridia;o__Peptostreptococcales;f__Peptostreptococcaceae;g___g__Paeniclostridium",NA,NA
"X1849828","PFBS",0.000374293170134326,0.00270506535086992,-0.0051427239863459,0.00589131032661455,0.89084488892386,40,0.000371666306222729,0.00268608066422399,0.979960207463041,"Paeniclostridium","Genus","Paeniclostridium","d__Bacteria;p__Bacillota;c__Clostridia;o__Peptostreptococcales;f__Peptostreptococcaceae;g___g__Paeniclostridium",NA,NA
"X1854","PFOS",0.00612070606208838,0.00178722445083289,0.00247563776288627,0.00976577436129048,0.00175229862062123,40,0.00549336415827208,0.00160404284103835,0.0549434823856643,"Frankia","Genus","Frankia","d__Bacteria;p__Actinomycetota;c__Actinomycetes;o__Frankiales;f__Frankiaceae;g___g__Frankia",NA,NA
"X1854","PFHxS",0.00144848874441401,0.00233692679947806,-0.00331770488636561,0.00621468237519363,0.539901759586456,40,0.00143885873992428,0.00232139018198073,0.925545873576782,"Frankia","Genus","Frankia","d__Bacteria;p__Actinomycetota;c__Actinomycetes;o__Frankiales;f__Frankiaceae;g___g__Frankia",NA,NA
"X1854","PFOA",0.00296419378249827,0.00167107197221837,-0.000443979974737258,0.0063723675397338,0.0859160049748856,40,0.00254617244319657,0.00143541135245028,0.736422899784734,"Frankia","Genus","Frankia","d__Bacteria;p__Actinomycetota;c__Actinomycetes;o__Frankiales;f__Frankiaceae;g___g__Frankia",NA,NA
"X1854","PFBS",-0.00268527255479094,0.00147795811996696,-0.00569958801367431,0.000329042904092434,0.0789153054402454,40,-0.00266642677792451,0.00146758551592826,0.720454033609019,"Frankia","Genus","Frankia","d__Bacteria;p__Actinomycetota;c__Actinomycetes;o__Frankiales;f__Frankiaceae;g___g__Frankia",NA,NA
"X1854","PFNA",-0.00121057356306336,0.00141195287592611,-0.00409027043919273,0.00166912331306601,0.39781753983778,40,-0.00187434976499881,0.00218614846873454,0.847940722904685,"Frankia","Genus","Frankia","d__Bacteria;p__Actinomycetota;c__Actinomycetes;o__Frankiales;f__Frankiaceae;g___g__Frankia",NA,NA
"X186831","PFOS",-0.000455283023283047,0.000975102722199888,-0.00244401813682746,0.00153345209026137,0.6438309328545,40,-0.000408618779696716,0.000875159547024341,0.864615875851362,"Acetoanaerobium","Genus","Acetoanaerobium","d__Bacteria;p__Bacillota;c__Clostridia;o__Peptostreptococcales;f__Filifactoraceae;g___g__Acetoanaerobium",NA,NA
"X186831","PFOA",-0.000216838613915939,0.000816975373428689,-0.00188307087339848,0.0014493936455666,0.792445851372878,40,-0.000186259247500471,0.000701762548344987,0.904847874070086,"Acetoanaerobium","Genus","Acetoanaerobium","d__Bacteria;p__Bacillota;c__Clostridia;o__Peptostreptococcales;f__Filifactoraceae;g___g__Acetoanaerobium",NA,NA
"X186831","PFNA",-0.000856399189831997,0.000648230802184509,-0.00217847462725563,0.000465676247591639,0.196126135037663,40,-0.0013259761068504,0.00100366577365603,0.743582751276626,"Acetoanaerobium","Genus","Acetoanaerobium","d__Bacteria;p__Bacillota;c__Clostridia;o__Peptostreptococcales;f__Filifactoraceae;g___g__Acetoanaerobium",NA,NA
"X186831","PFHxS",0.000240512042081322,0.00109571379657928,-0.00199421097944418,0.00247523506360682,0.827697498465426,40,0.000238913043087364,0.00108842914985958,0.974514512658338,"Acetoanaerobium","Genus","Acetoanaerobium","d__Bacteria;p__Bacillota;c__Clostridia;o__Peptostreptococcales;f__Filifactoraceae;g___g__Acetoanaerobium",NA,NA
"X186831","PFBS",2.09994456142566e-05,0.000725009687753916,-0.00145766756132752,0.00149966645255603,0.977078679476247,40,2.08520673283322e-05,0.000719921425567258,0.979960207463041,"Acetoanaerobium","Genus","Acetoanaerobium","d__Bacteria;p__Bacillota;c__Clostridia;o__Peptostreptococcales;f__Filifactoraceae;g___g__Acetoanaerobium",NA,NA
"X190972","PFOS",-0.00139417832295098,0.0021444149008122,-0.00576774134781029,0.00297938470190832,0.520388632172245,40,-0.00125128198476593,0.0019246230479114,0.816194813321567,"Sedimentibacter","Genus","Sedimentibacter","d__Bacteria;p__Bacillota;c__Tissierellia;o__;f__;g___g__Sedimentibacter",NA,NA
"X190972","PFOA",0.000505888389427949,0.00180230476186471,-0.0031699364068994,0.0041817131857553,0.780813253138547,40,0.000434546177142617,0.00154813721896218,0.904847874070086,"Sedimentibacter","Genus","Sedimentibacter","d__Bacteria;p__Bacillota;c__Tissierellia;o__;f__;g___g__Sedimentibacter",NA,NA
"X190972","PFNA",0.00127583889673208,0.00145197574817453,-0.00168548516551136,0.00423716295897551,0.386328775050538,40,0.00197540109021937,0.00224811650065123,0.847940722904685,"Sedimentibacter","Genus","Sedimentibacter","d__Bacteria;p__Bacillota;c__Tissierellia;o__;f__;g___g__Sedimentibacter",NA,NA
"X190972","PFHxS",-0.0055179978073939,0.00220712651397823,-0.0100194620105505,-0.00101653360423727,0.0179167811748235,40,-0.00548131243868501,0.00219245284922179,0.537503435244705,"Sedimentibacter","Genus","Sedimentibacter","d__Bacteria;p__Bacillota;c__Tissierellia;o__;f__;g___g__Sedimentibacter",NA,NA
"X190972","PFBS",0.0010107483465072,0.00158932425630205,-0.0022306998449048,0.00425219653791921,0.52946939469016,40,0.00100365471358253,0.00157817006256882,0.979960207463041,"Sedimentibacter","Genus","Sedimentibacter","d__Bacteria;p__Bacillota;c__Tissierellia;o__;f__;g___g__Sedimentibacter",NA,NA
"X2000","PFOA",-6.74157597229766e-05,0.000537760002610405,-0.00116418451598107,0.00102935299653511,0.901044848396536,40,-5.79085452028487e-05,0.000461923140040433,0.921006035461566,"Streptosporangium","Genus","Streptosporangium","d__Bacteria;p__Actinomycetota;c__Actinomycetes;o__Streptosporangiales;f__Streptosporangiaceae;g___g__Streptosporangium",NA,NA
"X2000","PFBS",-0.000682791117371513,0.000460771116550013,-0.00162254000528635,0.000256957770543324,0.14847625809584,40,-0.000677999153508698,0.000457537333210773,0.979960207463041,"Streptosporangium","Genus","Streptosporangium","d__Bacteria;p__Actinomycetota;c__Actinomycetes;o__Streptosporangiales;f__Streptosporangiaceae;g___g__Streptosporangium",NA,NA
"X2000","PFOS",0.000766963037322776,0.000628614018070941,-0.000515103705126183,0.00204902977977174,0.231633082488892,40,0.000688353143772908,0.000564184210322964,0.731472892070185,"Streptosporangium","Genus","Streptosporangium","d__Bacteria;p__Actinomycetota;c__Actinomycetes;o__Streptosporangiales;f__Streptosporangiaceae;g___g__Streptosporangium",NA,NA
"X2000","PFHxS",-8.47374945889261e-05,0.000720998445984713,-0.00155522352000566,0.00138574853082781,0.907199857225766,40,-8.4174133322581e-05,0.000716205023668734,0.974514512658338,"Streptosporangium","Genus","Streptosporangium","d__Bacteria;p__Actinomycetota;c__Actinomycetes;o__Streptosporangiales;f__Streptosporangiaceae;g___g__Streptosporangium",NA,NA
"X2000","PFNA",-0.000139779870114125,0.000437427942418755,-0.00103192004050669,0.000752360300278439,0.751453479167183,40,-0.000216423334107009,0.000677276446548001,0.932082080181194,"Streptosporangium","Genus","Streptosporangium","d__Bacteria;p__Actinomycetota;c__Actinomycetes;o__Streptosporangiales;f__Streptosporangiaceae;g___g__Streptosporangium",NA,NA
"X2019","PFOA",0.000106369717342684,0.00106393755200023,-0.00206354522608787,0.00227628466077323,0.921006035461566,40,9.13690746831961e-05,0.000913897226348624,0.921006035461566,"Thermomonospora","Genus","Thermomonospora","d__Bacteria;p__Actinomycetota;c__Actinomycetes;o__Streptosporangiales;f__Thermomonosporaceae;g___g__Thermomonospora",NA,NA
"X2019","PFBS",-0.000120569653892821,0.000943016933134455,-0.00204386536920004,0.0018027260614144,0.899089355286673,40,-0.000119723472081566,0.000936398652740007,0.979960207463041,"Thermomonospora","Genus","Thermomonospora","d__Bacteria;p__Actinomycetota;c__Actinomycetes;o__Streptosporangiales;f__Thermomonosporaceae;g___g__Thermomonospora",NA,NA
"X2019","PFOS",-0.000109418200854996,0.00127293026113391,-0.00270557658476249,0.0024867401830525,0.932052809285879,40,-9.82033799274405e-05,0.00114246124573854,0.966200302365497,"Thermomonospora","Genus","Thermomonospora","d__Bacteria;p__Actinomycetota;c__Actinomycetes;o__Streptosporangiales;f__Thermomonosporaceae;g___g__Thermomonospora",NA,NA
"X2019","PFHxS",-0.00227963833620749,0.00136663982433676,-0.00506691863432314,0.000507641961908149,0.105375400229439,40,-0.0022644825902638,0.00135755397697001,0.741102214137234,"Thermomonospora","Genus","Thermomonospora","d__Bacteria;p__Actinomycetota;c__Actinomycetes;o__Streptosporangiales;f__Thermomonosporaceae;g___g__Thermomonospora",NA,NA
"X2019","PFNA",0.00160853849517854,0.000817215282785706,-5.81830626635515e-05,0.00327526005302063,0.0580302351896793,40,0.00249052502253564,0.00126530705772785,0.696362822276152,"Thermomonospora","Genus","Thermomonospora","d__Bacteria;p__Actinomycetota;c__Actinomycetes;o__Streptosporangiales;f__Thermomonosporaceae;g___g__Thermomonospora",NA,NA
"X2029","PFOS",-0.000176186099002892,0.00080530926521506,-0.00181862517391662,0.00146625297591084,0.828254923667036,40,-0.000158127900871298,0.000722769074185442,0.955678758077349,"Kibdelosporangium","Genus","Kibdelosporangium","d__Bacteria;p__Actinomycetota;c__Actinomycetes;o__Pseudonocardiales;f__Pseudonocardiaceae;g___g__Kibdelosporangium",NA,NA
"X2029","PFOA",-0.00017258539206729,0.000672925890363072,-0.00154502679389105,0.00119985600975647,0.799282288761909,40,-0.000148246775219146,0.000578027444923624,0.904847874070086,"Kibdelosporangium","Genus","Kibdelosporangium","d__Bacteria;p__Actinomycetota;c__Actinomycetes;o__Pseudonocardiales;f__Pseudonocardiaceae;g___g__Kibdelosporangium",NA,NA
"X2029","PFNA",0.000233695130453299,0.000547110781718996,-0.000882144665531043,0.00134953492643764,0.672226650874376,40,0.000361833783762864,0.000847100082500019,0.876817370705708,"Kibdelosporangium","Genus","Kibdelosporangium","d__Bacteria;p__Actinomycetota;c__Actinomycetes;o__Pseudonocardiales;f__Pseudonocardiaceae;g___g__Kibdelosporangium",NA,NA
"X2029","PFHxS",-0.000740302983401029,0.000893309234653924,-0.00256221917926779,0.00108161321246573,0.413598439541817,40,-0.000735381218505441,0.000887370236526663,0.855720909396862,"Kibdelosporangium","Genus","Kibdelosporangium","d__Bacteria;p__Actinomycetota;c__Actinomycetes;o__Pseudonocardiales;f__Pseudonocardiaceae;g___g__Kibdelosporangium",NA,NA
"X2029","PFBS",-0.000355369296411197,0.000593717961878967,-0.00156626506303042,0.000855526470208027,0.553822398118071,40,-0.00035287524400918,0.00058955113113726,0.979960207463041,"Kibdelosporangium","Genus","Kibdelosporangium","d__Bacteria;p__Actinomycetota;c__Actinomycetes;o__Pseudonocardiales;f__Pseudonocardiaceae;g___g__Kibdelosporangium",NA,NA
"X204286","PFHxS",0.00319825536035629,0.0021098205090441,-0.00110475193732208,0.00750126265803465,0.13967888573976,40,0.00317699236221543,0.00209579376492685,0.75900033567624,"Cobetia","Genus","Cobetia","d__Bacteria;p__Pseudomonadota;c__Gammaproteobacteria;o__Oceanospirillales;f__Halomonadaceae;g___g__Cobetia",NA,NA
"X204286","PFOA",0.000976733617519036,0.00162148831348759,-0.00233031360101353,0.0042837808360516,0.551309924613519,40,0.000838991106436584,0.0013928201607952,0.894016093967869,"Cobetia","Genus","Cobetia","d__Bacteria;p__Pseudomonadota;c__Gammaproteobacteria;o__Oceanospirillales;f__Halomonadaceae;g___g__Cobetia",NA,NA
"X204286","PFBS",0.0004409568881855,0.00144356361548484,-0.00250321051632444,0.00338512429269544,0.762054470664073,40,0.000437862165041797,0.00143343239891936,0.979960207463041,"Cobetia","Genus","Cobetia","d__Bacteria;p__Pseudomonadota;c__Gammaproteobacteria;o__Oceanospirillales;f__Halomonadaceae;g___g__Cobetia",NA,NA
"X204286","PFNA",-0.000585130983334644,0.00132434048193294,-0.00328614120384396,0.00211587923717468,0.661680434590893,40,-0.000905967348511649,0.0020504968444941,0.876817370705708,"Cobetia","Genus","Cobetia","d__Bacteria;p__Pseudomonadota;c__Gammaproteobacteria;o__Oceanospirillales;f__Halomonadaceae;g___g__Cobetia",NA,NA
"X204286","PFOS",0.000481563820130958,0.00194932325800124,-0.00349410717593582,0.00445723481619774,0.806504848084535,40,0.000432205925687825,0.00174952732736466,0.94882923304063,"Cobetia","Genus","Cobetia","d__Bacteria;p__Pseudomonadota;c__Gammaproteobacteria;o__Oceanospirillales;f__Halomonadaceae;g___g__Cobetia",NA,NA
"X2044","PFOS",0.00139849908481037,0.00106729821087316,-0.000778269967580264,0.003575268137201,0.199714684311278,40,0.00125515989004254,0.000957905457037753,0.731472892070185,"Pimelobacter","Genus","Pimelobacter","d__Bacteria;p__Actinomycetota;c__Actinomycetes;o__Propionibacteriales;f__Nocardioidaceae;g___g__Pimelobacter",NA,NA
"X2044","PFOA",-0.000584359201588816,0.000910446328734929,-0.00244122673126595,0.00127250832808832,0.525696271154891,40,-0.000501950751262889,0.000782051891115088,0.894016093967869,"Pimelobacter","Genus","Pimelobacter","d__Bacteria;p__Actinomycetota;c__Actinomycetes;o__Propionibacteriales;f__Nocardioidaceae;g___g__Pimelobacter",NA,NA
"X2044","PFNA",0.000391051653338634,0.000743211463061742,-0.00112473811909174,0.001906841425769,0.602518152204383,40,0.000605471321117311,0.00115072579943767,0.847940722904685,"Pimelobacter","Genus","Pimelobacter","d__Bacteria;p__Actinomycetota;c__Actinomycetes;o__Propionibacteriales;f__Nocardioidaceae;g___g__Pimelobacter",NA,NA
"X2044","PFHxS",-0.000854548816820294,0.00121909812791639,-0.00334091584118246,0.00163181820754187,0.488551636092962,40,-0.000848867510027675,0.00121099318371815,0.915425764733509,"Pimelobacter","Genus","Pimelobacter","d__Bacteria;p__Actinomycetota;c__Actinomycetes;o__Propionibacteriales;f__Nocardioidaceae;g___g__Pimelobacter",NA,NA
"X2044","PFBS",-0.000255952282051439,0.000811096266237974,-0.00191019402336571,0.00139828945926283,0.754448626731774,40,-0.000254155958029361,0.000805403831321658,0.979960207463041,"Pimelobacter","Genus","Pimelobacter","d__Bacteria;p__Actinomycetota;c__Actinomycetes;o__Propionibacteriales;f__Nocardioidaceae;g___g__Pimelobacter",NA,NA
"X2055880","PFNA",-0.0017222275256553,0.00166500682891904,-0.00511803134157753,0.00167357629026692,0.308966946467032,40,-0.00266655150622808,0.00257795581675236,0.847940722904685,"Pseudescherichia","Genus","Pseudescherichia","d__Bacteria;p__Pseudomonadota;c__Gammaproteobacteria;o__Enterobacterales;f__Enterobacteriaceae;g___g__Pseudescherichia",NA,NA
"X2055880","PFOA",0.00245173262052089,0.00203186805608326,-0.00169228960116425,0.00659575484220602,0.236698627917918,40,0.00210598040968667,0.0017453266662783,0.864518898996427,"Pseudescherichia","Genus","Pseudescherichia","d__Bacteria;p__Pseudomonadota;c__Gammaproteobacteria;o__Enterobacterales;f__Enterobacteriaceae;g___g__Pseudescherichia",NA,NA
"X2055880","PFBS",-0.0022954971876712,0.00179622631374655,-0.00595892490732834,0.00136793053198594,0.210752044979259,40,-0.00227938693185408,0.00178362004022318,0.979960207463041,"Pseudescherichia","Genus","Pseudescherichia","d__Bacteria;p__Pseudomonadota;c__Gammaproteobacteria;o__Enterobacterales;f__Enterobacteriaceae;g___g__Pseudescherichia",NA,NA
"X2055880","PFOS",-0.00231218348738608,0.00245241090437286,-0.00731390850294371,0.00268954152817154,0.353062876909016,40,-0.00207519618947711,0.00220105099424442,0.808177571715998,"Pseudescherichia","Genus","Pseudescherichia","d__Bacteria;p__Pseudomonadota;c__Gammaproteobacteria;o__Enterobacterales;f__Enterobacteriaceae;g___g__Pseudescherichia",NA,NA
"X2055880","PFHxS",-0.00511496494423748,0.00263162772107704,-0.0104822050672836,0.000252275178808677,0.0610635724306692,40,-0.00508095906357892,0.00261413184003067,0.741102214137234,"Pseudescherichia","Genus","Pseudescherichia","d__Bacteria;p__Pseudomonadota;c__Gammaproteobacteria;o__Enterobacterales;f__Enterobacteriaceae;g___g__Pseudescherichia",NA,NA
"X2304691","PFOS",-0.00196959264226295,0.00103281252059241,-0.00407602766561773,0.000136842381091836,0.065822293382969,40,-0.00176771920063615,0.000926954378348493,0.49874554708072,"Thermoclostridium","Genus","Thermoclostridium","d__Bacteria;p__Bacillota;c__Clostridia;o__Eubacteriales;f__Oscillospiraceae;g___g__Thermoclostridium",NA,NA
"X2304691","PFOA",-0.000512386240440008,0.000907860110678243,-0.00236397914361522,0.0013392066627352,0.576550648213609,40,-0.000440127677678981,0.00077983039089236,0.90056879376741,"Thermoclostridium","Genus","Thermoclostridium","d__Bacteria;p__Bacillota;c__Clostridia;o__Eubacteriales;f__Oscillospiraceae;g___g__Thermoclostridium",NA,NA
"X2304691","PFNA",-0.000222305002997329,0.00074222125759268,-0.00173607523805885,0.00129146523206419,0.76654759240642,40,-0.000344198273314097,0.00114919264899984,0.932082080181194,"Thermoclostridium","Genus","Thermoclostridium","d__Bacteria;p__Bacillota;c__Clostridia;o__Eubacteriales;f__Oscillospiraceae;g___g__Thermoclostridium",NA,NA
"X2304691","PFHxS",-0.00107100117845502,0.00120819108690272,-0.00353512314600942,0.00139312078909938,0.382200416558999,40,-0.00106388082892051,0.00120015865611154,0.824405176385924,"Thermoclostridium","Genus","Thermoclostridium","d__Bacteria;p__Bacillota;c__Clostridia;o__Eubacteriales;f__Oscillospiraceae;g___g__Thermoclostridium",NA,NA
"X2304691","PFBS",-0.0010589290987406,0.00078620768734018,-0.00266241024873112,0.000544552051249918,0.187782744877428,40,-0.00105149732371403,0.000780689925420686,0.979960207463041,"Thermoclostridium","Genus","Thermoclostridium","d__Bacteria;p__Bacillota;c__Clostridia;o__Eubacteriales;f__Oscillospiraceae;g___g__Thermoclostridium",NA,NA
"X246875","PFOS",-0.00350477200256337,0.00485953295019086,-0.013415854797684,0.00640631079255729,0.476181232272067,40,-0.0031455503182958,0.00436145501249774,0.808177571715998,"Algoriphagus","Genus","Algoriphagus","d__Bacteria;p__Bacteroidota;c__Cytophagia;o__Cytophagales;f__Cyclobacteriaceae;g___g__Algoriphagus",NA,NA
"X246875","PFOA",0.00198293253013247,0.00408027590883443,-0.00633884505094267,0.0103047101112076,0.630399002505979,40,0.00170329220537197,0.00350486062721478,0.90057000357997,"Algoriphagus","Genus","Algoriphagus","d__Bacteria;p__Bacteroidota;c__Cytophagia;o__Cytophagales;f__Cyclobacteriaceae;g___g__Algoriphagus",NA,NA
"X246875","PFNA",0.00190209561581773,0.00331872133093803,-0.00486648116347296,0.00867067239510843,0.570683662700139,40,0.0029450440512607,0.00513842754916882,0.847940722904685,"Algoriphagus","Genus","Algoriphagus","d__Bacteria;p__Bacteroidota;c__Cytophagia;o__Cytophagales;f__Cyclobacteriaceae;g___g__Algoriphagus",NA,NA
"X246875","PFHxS",0.00381862648436732,0.00544823740263605,-0.00729312695746874,0.0149303799262034,0.488598375124162,40,0.0037932390657002,0.00541201582283377,0.915425764733509,"Algoriphagus","Genus","Algoriphagus","d__Bacteria;p__Bacteroidota;c__Cytophagia;o__Cytophagales;f__Cyclobacteriaceae;g___g__Algoriphagus",NA,NA
"X246875","PFBS",0.0030911985606416,0.00358795784949663,-0.00422648971851032,0.0104088868397935,0.395551655779809,40,0.00306950391433102,0.00356277684769585,0.979960207463041,"Algoriphagus","Genus","Algoriphagus","d__Bacteria;p__Bacteroidota;c__Cytophagia;o__Cytophagales;f__Cyclobacteriaceae;g___g__Algoriphagus",NA,NA
"X252306","PFBS",-0.000209865009296322,0.00117533365511121,-0.00260697380289787,0.00218724378430522,0.859446746593955,40,-0.00020839213492079,0.00116708492975619,0.979960207463041,"Robiginitalea","Genus","Robiginitalea","d__Bacteria;p__Bacteroidota;c__Flavobacteriia;o__Flavobacteriales;f__Flavobacteriaceae;g___g__Robiginitalea",NA,NA
"X252306","PFNA",-0.000651727825918412,0.00107422561536458,-0.00284262541291792,0.0015391697610811,0.548470858812238,40,-0.00100908026957253,0.00166324012943021,0.847940722904685,"Robiginitalea","Genus","Robiginitalea","d__Bacteria;p__Bacteroidota;c__Flavobacteriia;o__Flavobacteriales;f__Flavobacteriaceae;g___g__Robiginitalea",NA,NA
"X252306","PFOS",0.0019339254626245,0.00154863422476693,-0.00122453486233734,0.00509238578758633,0.221088878198061,40,0.00173570772936715,0.00138990692549374,0.731472892070185,"Robiginitalea","Genus","Robiginitalea","d__Bacteria;p__Bacteroidota;c__Flavobacteriia;o__Flavobacteriales;f__Flavobacteriaceae;g___g__Robiginitalea",NA,NA
"X252306","PFHxS",0.00225450933353083,0.00173185506892411,-0.00127763236674968,0.00578665103381133,0.202579542984956,40,0.00223952065302657,0.0017203411568184,0.75900033567624,"Robiginitalea","Genus","Robiginitalea","d__Bacteria;p__Bacteroidota;c__Flavobacteriia;o__Flavobacteriales;f__Flavobacteriaceae;g___g__Robiginitalea",NA,NA
"X252306","PFOA",-0.000469632619290746,0.00132390524561138,-0.00316975516946989,0.0022304899308884,0.725191734888875,40,-0.000403403326976993,0.0011372033345735,0.903644618081016,"Robiginitalea","Genus","Robiginitalea","d__Bacteria;p__Bacteroidota;c__Flavobacteriia;o__Flavobacteriales;f__Flavobacteriaceae;g___g__Robiginitalea",NA,NA
"X261963","PFOS",0.00105472961411665,0.00118891890328857,-0.00137008647581526,0.00347954570404857,0.381838248679215,40,0.000946625078885043,0.00106706063388203,0.808177571715998,"Kangiella","Genus","Kangiella","d__Bacteria;p__Pseudomonadota;c__Gammaproteobacteria;o__Kangiellales;f__Kangiellaceae;g___g__Kangiella",NA,NA
"X261963","PFHxS",9.37246331386661e-05,0.0013490395227668,-0.00265765961326442,0.00284510887954175,0.945057696825569,40,9.310152257505e-05,0.00134007068768875,0.974514512658338,"Kangiella","Genus","Kangiella","d__Bacteria;p__Pseudomonadota;c__Gammaproteobacteria;o__Kangiellales;f__Kangiellaceae;g___g__Kangiella",NA,NA
"X261963","PFOA",0.000703318143996705,0.000998336641729477,-0.0013328028608408,0.00273943914883421,0.486386930714448,40,0.000604133672912327,0.000857547593957441,0.894016093967869,"Kangiella","Genus","Kangiella","d__Bacteria;p__Pseudomonadota;c__Gammaproteobacteria;o__Kangiellales;f__Kangiellaceae;g___g__Kangiella",NA,NA
"X261963","PFBS",0.000436102703224214,0.000888572880051355,-0.00137615363374371,0.00224835904019214,0.627031375588421,40,0.000433042047716024,0.000882336698849885,0.979960207463041,"Kangiella","Genus","Kangiella","d__Bacteria;p__Pseudomonadota;c__Gammaproteobacteria;o__Kangiellales;f__Kangiellaceae;g___g__Kangiella",NA,NA
"X261963","PFNA",-0.00112350482674108,0.000794461181956418,-0.00274381908998118,0.000496809436499016,0.167276703974084,40,-0.00173953989433598,0.00123007653160087,0.743582751276626,"Kangiella","Genus","Kangiella","d__Bacteria;p__Pseudomonadota;c__Gammaproteobacteria;o__Kangiellales;f__Kangiellaceae;g___g__Kangiella",NA,NA
"X2698753","PFOS",-0.000582860897677279,0.000857149817423409,-0.00233102947588855,0.00116530768053399,0.501552158527832,40,-0.000523120557020538,0.000769296227843464,0.813327824639728,"Fluviispira","Genus","Fluviispira","d__Bacteria;p__Bdellovibrionota;c__Oligoflexia;o__Silvanigrellales;f__Silvanigrellaceae;g___g__Fluviispira",NA,NA
"X2698753","PFOA",-0.00143265650147857,0.000674350592503075,-0.00280800360247398,-5.73094004831618e-05,0.0417070567980316,40,-0.00123061809459593,0.0005792512304096,0.694266482899823,"Fluviispira","Genus","Fluviispira","d__Bacteria;p__Bdellovibrionota;c__Oligoflexia;o__Silvanigrellales;f__Silvanigrellaceae;g___g__Fluviispira",NA,NA
"X2698753","PFNA",-0.000304293506577329,0.000585381596859401,-0.00149818714464508,0.00088960013149042,0.606880867949716,40,-0.00047114234107393,0.000906355377306896,0.847940722904685,"Fluviispira","Genus","Fluviispira","d__Bacteria;p__Bdellovibrionota;c__Oligoflexia;o__Silvanigrellales;f__Silvanigrellaceae;g___g__Fluviispira",NA,NA
"X2698753","PFHxS",-0.000494581443768896,0.000963599469525782,-0.00245985551880717,0.00147069263126938,0.611405042879108,40,-0.000491293312230148,0.00095719316001622,0.957409325773341,"Fluviispira","Genus","Fluviispira","d__Bacteria;p__Bdellovibrionota;c__Oligoflexia;o__Silvanigrellales;f__Silvanigrellaceae;g___g__Fluviispira",NA,NA
"X2698753","PFBS",-6.76883203740077e-05,0.000639692110712817,-0.0013723489817265,0.00123697234097848,0.916411757823532,40,-6.72132702790159e-05,0.000635202624250743,0.979960207463041,"Fluviispira","Genus","Fluviispira","d__Bacteria;p__Bdellovibrionota;c__Oligoflexia;o__Silvanigrellales;f__Silvanigrellaceae;g___g__Fluviispira",NA,NA
"X2733","PFOS",0.00739927226451338,0.00744593023062885,-0.00778680256178366,0.0225853470908104,0.328046315831887,40,0.00664088368937388,0.00668275944621575,0.808177571715998,"Symbiobacterium","Genus","Symbiobacterium","d__Bacteria;p__Bacillota;c__Clostridia;o__Eubacteriales;f__Symbiobacteriaceae;g___g__Symbiobacterium",NA,NA
"X2733","PFOA",-0.00609190438688051,0.00622665304085635,-0.0187912469897521,0.0066074382159911,0.335470417280495,40,-0.00523280197402967,0.00534854788495387,0.874265835131081,"Symbiobacterium","Genus","Symbiobacterium","d__Bacteria;p__Bacillota;c__Clostridia;o__Eubacteriales;f__Symbiobacteriaceae;g___g__Symbiobacterium",NA,NA
"X2733","PFNA",-0.00363919500121939,0.00510803047290415,-0.01405709183531,0.00677870183287122,0.481517049228355,40,-0.00563462188787564,0.00790884255911471,0.847940722904685,"Symbiobacterium","Genus","Symbiobacterium","d__Bacteria;p__Bacillota;c__Clostridia;o__Eubacteriales;f__Symbiobacteriaceae;g___g__Symbiobacterium",NA,NA
"X2733","PFHxS",-0.0034536186631638,0.00845326579951572,-0.020694167927239,0.0137869306009114,0.685675311617387,40,-0.00343065793022036,0.008397065854631,0.957409325773341,"Symbiobacterium","Genus","Symbiobacterium","d__Bacteria;p__Bacillota;c__Clostridia;o__Eubacteriales;f__Symbiobacteriaceae;g___g__Symbiobacterium",NA,NA
"X2733","PFBS",-0.0113195911874472,0.00522231897861114,-0.0219705809656958,-0.000668601409198657,0.0379918973204401,40,-0.0112401480451274,0.00518566770534629,0.673402333183967,"Symbiobacterium","Genus","Symbiobacterium","d__Bacteria;p__Bacillota;c__Clostridia;o__Eubacteriales;f__Symbiobacteriaceae;g___g__Symbiobacterium",NA,NA
"X2755140","PFOS",0.00277371184920851,0.00148022322909717,-0.000245223330203469,0.0057926470286205,0.0704047319659993,40,0.00248942019160086,0.00132850771634502,0.49874554708072,"Pseudoleptotrichia","Genus","Pseudoleptotrichia","d__Bacteria;p__Fusobacteriota;c__Fusobacteriia;o__Fusobacteriales;f__Leptotrichiaceae;g___g__Pseudoleptotrichia",NA,NA
"X2755140","PFOA",0.00116540488956755,0.00128854995774691,-0.00146261007561079,0.0037934198547459,0.372742159833911,40,0.00100105527260183,0.00110683397741024,0.874265835131081,"Pseudoleptotrichia","Genus","Pseudoleptotrichia","d__Bacteria;p__Fusobacteriota;c__Fusobacteriia;o__Fusobacteriales;f__Leptotrichiaceae;g___g__Pseudoleptotrichia",NA,NA
"X2755140","PFNA",0.000917209362198585,0.00105051852349943,-0.001225337292167,0.00305975601656417,0.389320891477744,40,0.00142012943694331,0.00162653407254772,0.847940722904685,"Pseudoleptotrichia","Genus","Pseudoleptotrichia","d__Bacteria;p__Fusobacteriota;c__Fusobacteriia;o__Fusobacteriales;f__Leptotrichiaceae;g___g__Pseudoleptotrichia",NA,NA
"X2755140","PFHxS",-0.000372531051730972,0.00174892726515063,-0.00393949172577499,0.00319442962231304,0.83271729501555,40,-0.000370054349226678,0.00173729985176509,0.974514512658338,"Pseudoleptotrichia","Genus","Pseudoleptotrichia","d__Bacteria;p__Fusobacteriota;c__Fusobacteriia;o__Fusobacteriales;f__Leptotrichiaceae;g___g__Pseudoleptotrichia",NA,NA
"X2755140","PFBS",0.000519826971020591,0.00115341743756105,-0.00183258340219326,0.00287223734423444,0.655353744580474,40,0.000516178721948991,0.00114532252457974,0.979960207463041,"Pseudoleptotrichia","Genus","Pseudoleptotrichia","d__Bacteria;p__Fusobacteriota;c__Fusobacteriia;o__Fusobacteriales;f__Leptotrichiaceae;g___g__Pseudoleptotrichia",NA,NA
"X2767353","PFBS",0.00271941672144197,0.00359099066673621,-0.00460445702925054,0.0100432904721345,0.454594885975136,40,0.00270033131402301,0.00356578838002084,0.979960207463041,"Lancefieldella","Genus","Lancefieldella","d__Bacteria;p__Actinomycetota;c__Coriobacteriia;o__Coriobacteriales;f__Atopobiaceae;g___g__Lancefieldella",NA,NA
"X2767353","PFNA",-0.000883649786149653,0.00332640541304442,-0.00766789835421955,0.00590059878192024,0.792269768154015,40,-0.00136816862646468,0.00515032493230173,0.932082080181194,"Lancefieldella","Genus","Lancefieldella","d__Bacteria;p__Actinomycetota;c__Coriobacteriia;o__Coriobacteriales;f__Atopobiaceae;g___g__Lancefieldella",NA,NA
"X2767353","PFOS",-0.00741703356416496,0.00470631791934635,-0.0170156322436882,0.00218156511535829,0.125183464164069,40,-0.00665682454422307,0.00422394375964359,0.577769834603397,"Lancefieldella","Genus","Lancefieldella","d__Bacteria;p__Actinomycetota;c__Coriobacteriia;o__Coriobacteriales;f__Atopobiaceae;g___g__Lancefieldella",NA,NA
"X2767353","PFHxS",0.00218954267255166,0.00546712183494713,-0.00896072582291042,0.0133398111680137,0.69154041606778,40,0.00217498591065176,0.00543077470555489,0.957409325773341,"Lancefieldella","Genus","Lancefieldella","d__Bacteria;p__Actinomycetota;c__Coriobacteriia;o__Coriobacteriales;f__Atopobiaceae;g___g__Lancefieldella",NA,NA
"X2767353","PFOA",0.0014767788438229,0.00407972583555388,-0.00684387685540005,0.00979743454304585,0.719822938928524,40,0.0012685181444745,0.00350438812725984,0.903644618081016,"Lancefieldella","Genus","Lancefieldella","d__Bacteria;p__Actinomycetota;c__Coriobacteriia;o__Coriobacteriales;f__Atopobiaceae;g___g__Lancefieldella",NA,NA
"X2781120","PFOS",-0.00308542165703246,0.0035736712163461,-0.0103739721557701,0.00420312884170521,0.394561766231784,40,-0.0027691812957467,0.00320738770563114,0.808177571715998,"Thiosulfativibrio","Genus","Thiosulfativibrio","d__Bacteria;p__Pseudomonadota;c__Gammaproteobacteria;o__Thiotrichales;f__Piscirickettsiaceae;g___g__Thiosulfativibrio",NA,NA
"X2781120","PFOA",-0.00288229721325268,0.00297810442900389,-0.00895618124097881,0.00319158681447345,0.340620187399521,40,-0.00247582522465888,0.00255812135996739,0.874265835131081,"Thiosulfativibrio","Genus","Thiosulfativibrio","d__Bacteria;p__Pseudomonadota;c__Gammaproteobacteria;o__Thiotrichales;f__Piscirickettsiaceae;g___g__Thiosulfativibrio",NA,NA
"X2781120","PFNA",-9.72527448196446e-06,0.00246221516305409,-0.0050314462074519,0.00501199565848797,0.996873827102386,40,-1.50577928479551e-05,0.00381228580654655,0.997216614253928,"Thiosulfativibrio","Genus","Thiosulfativibrio","d__Bacteria;p__Pseudomonadota;c__Gammaproteobacteria;o__Thiotrichales;f__Piscirickettsiaceae;g___g__Thiosulfativibrio",NA,NA
"X2781120","PFHxS",-0.00541337596231318,0.0039342685475446,-0.0134373695667649,0.0026106176421385,0.178695612855261,40,-0.00537738615222822,0.00390811230440998,0.75900033567624,"Thiosulfativibrio","Genus","Thiosulfativibrio","d__Bacteria;p__Pseudomonadota;c__Gammaproteobacteria;o__Thiotrichales;f__Piscirickettsiaceae;g___g__Thiosulfativibrio",NA,NA
"X2781120","PFBS",0.00512548574689993,0.00251639010207087,-6.72570265243186e-06,0.0102576971964523,0.0502828503404772,40,0.0050895140685145,0.00249872957584685,0.673402333183967,"Thiosulfativibrio","Genus","Thiosulfativibrio","d__Bacteria;p__Pseudomonadota;c__Gammaproteobacteria;o__Thiotrichales;f__Piscirickettsiaceae;g___g__Thiosulfativibrio",NA,NA
"X2792240","PFOA",-0.00193435274842929,0.00163209784170276,-0.00526303824241662,0.00139433274555805,0.244947021382321,40,-0.00166156332037144,0.00140193349492885,0.864518898996427,"Thiospirochaeta","Genus","Thiospirochaeta","d__Bacteria;p__Spirochaetota;c__Spirochaetia;o__Spirochaetales;f__Spirochaetaceae;g___g__Thiospirochaeta",NA,NA
"X2792240","PFBS",0.000137201788500957,0.0014789612526195,-0.0028791595729158,0.00315356314991771,0.926684013946522,40,0.000136238879061037,0.00146858160839634,0.979960207463041,"Thiospirochaeta","Genus","Thiospirochaeta","d__Bacteria;p__Spirochaetota;c__Spirochaetia;o__Spirochaetales;f__Spirochaetaceae;g___g__Thiospirochaeta",NA,NA
"X2792240","PFOS",-8.73953155007948e-05,0.00199630107322708,-0.00415887819740301,0.00398408756640142,0.965361647441679,40,-7.8437730696896e-05,0.00179169015037524,0.966200302365497,"Thiospirochaeta","Genus","Thiospirochaeta","d__Bacteria;p__Spirochaetota;c__Spirochaetia;o__Spirochaetales;f__Spirochaetaceae;g___g__Thiospirochaeta",NA,NA
"X2792240","PFHxS",0.000245948803616304,0.00223674808973745,-0.0043159290016047,0.00480782660883731,0.913151285110127,40,0.000244313659337688,0.00222187749151594,0.974514512658338,"Thiospirochaeta","Genus","Thiospirochaeta","d__Bacteria;p__Spirochaetota;c__Spirochaetia;o__Spirochaetales;f__Spirochaetaceae;g___g__Thiospirochaeta",NA,NA
"X2792240","PFNA",0.000997643290422232,0.00134736259993753,-0.00175032084932199,0.00374560743016645,0.464603678640148,40,0.0015446665316428,0.00208614234575757,0.847940722904685,"Thiospirochaeta","Genus","Thiospirochaeta","d__Bacteria;p__Spirochaetota;c__Spirochaetia;o__Spirochaetales;f__Spirochaetaceae;g___g__Thiospirochaeta",NA,NA
"X2847307","PFOS",-0.00291137559357263,0.00113321393921471,-0.00522258066024488,-0.000600170526900388,0.0152296148606764,40,-0.00261297408742794,0.0010170651513385,0.228444222910145,"Thermophilibacter","Genus","Thermophilibacter","d__Bacteria;p__Actinomycetota;c__Coriobacteriia;o__Coriobacteriales;f__Atopobiaceae;g___g__Thermophilibacter",NA,NA
"X2847307","PFOA",-0.000198781379705135,0.00104256415210084,-0.00232510498664567,0.0019275422272354,0.850030581490655,40,-0.000170748509835694,0.000895537980687101,0.921006035461566,"Thermophilibacter","Genus","Thermophilibacter","d__Bacteria;p__Actinomycetota;c__Coriobacteriia;o__Coriobacteriales;f__Atopobiaceae;g___g__Thermophilibacter",NA,NA
"X2847307","PFNA",-0.000430007930895169,0.000846209778417757,-0.00215586415245031,0.00129584829065997,0.614939958485445,40,-0.000665787927981374,0.00131019968361394,0.847940722904685,"Thermophilibacter","Genus","Thermophilibacter","d__Bacteria;p__Actinomycetota;c__Coriobacteriia;o__Coriobacteriales;f__Atopobiaceae;g___g__Thermophilibacter",NA,NA
"X2847307","PFHxS",-0.0014553200357643,0.00137394583637243,-0.00425750104366622,0.00134686097213763,0.297680411095745,40,-0.00144564461472119,0.00136481141636127,0.765445781899552,"Thermophilibacter","Genus","Thermophilibacter","d__Bacteria;p__Actinomycetota;c__Coriobacteriia;o__Coriobacteriales;f__Atopobiaceae;g___g__Thermophilibacter",NA,NA
"X2847307","PFBS",-0.000746902180363272,0.000914926915852351,-0.00261290792771414,0.00111910356698759,0.420528136795325,40,-0.000741660272309259,0.000908505776786045,0.979960207463041,"Thermophilibacter","Genus","Thermophilibacter","d__Bacteria;p__Actinomycetota;c__Coriobacteriia;o__Coriobacteriales;f__Atopobiaceae;g___g__Thermophilibacter",NA,NA
"X2892397","PFHxS",-0.000311254576641422,0.00174631032801633,-0.00387287797221165,0.00325036881892881,0.859697660814065,40,-0.00030918525923591,0.00173470031284424,0.974514512658338,"Pusillibacter","Genus","Pusillibacter","d__Bacteria;p__Bacillota;c__Clostridia;o__Eubacteriales;f__Oscillospiraceae;g___g__Pusillibacter",NA,NA
"X2892397","PFOA",0.000802026364646942,0.00129521518576187,-0.00183958242269122,0.0034436351519851,0.540294273929484,40,0.00068892170290569,0.00111255925083856,0.894016093967869,"Pusillibacter","Genus","Pusillibacter","d__Bacteria;p__Bacillota;c__Clostridia;o__Eubacteriales;f__Oscillospiraceae;g___g__Pusillibacter",NA,NA
"X2892397","PFBS",-0.000249090586303273,0.00115433863504778,-0.0026033797541781,0.00210519858157155,0.830567804056925,40,-0.000247342419026686,0.00114623725691929,0.979960207463041,"Pusillibacter","Genus","Pusillibacter","d__Bacteria;p__Bacillota;c__Clostridia;o__Eubacteriales;f__Oscillospiraceae;g___g__Pusillibacter",NA,NA
"X2892397","PFNA",-0.000649789556142796,0.00105509787022863,-0.00280167584973831,0.00150209673745271,0.542484594348133,40,-0.00100607921651035,0.00163362434589221,0.847940722904685,"Pusillibacter","Genus","Pusillibacter","d__Bacteria;p__Bacillota;c__Clostridia;o__Eubacteriales;f__Oscillospiraceae;g___g__Pusillibacter",NA,NA
"X2892397","PFOS",0.00139947754493794,0.00153873291996235,-0.00173878893573808,0.00453774402561395,0.370103682794378,40,0.0012560380628776,0.00138102045514507,0.808177571715998,"Pusillibacter","Genus","Pusillibacter","d__Bacteria;p__Bacillota;c__Clostridia;o__Eubacteriales;f__Oscillospiraceae;g___g__Pusillibacter",NA,NA
"X2894574","PFOS",0.0003972843955341,0.00125810470236928,-0.0021686370619226,0.0029632058529908,0.754285705776791,40,0.000356564722587442,0.00112915523294887,0.905142846932149,"Saccharobesus","Genus","Saccharobesus","d__Bacteria;p__Pseudomonadota;c__Gammaproteobacteria;o__Alteromonadales;f__Alteromonadaceae;g___g__Saccharobesus",NA,NA
"X2894574","PFOA",-0.000737484030019995,0.00104491850003428,-0.00286860936122827,0.00139364130118828,0.485594538933586,40,-0.00063348136198837,0.000897560309950864,0.894016093967869,"Saccharobesus","Genus","Saccharobesus","d__Bacteria;p__Pseudomonadota;c__Gammaproteobacteria;o__Alteromonadales;f__Alteromonadaceae;g___g__Saccharobesus",NA,NA
"X2894574","PFNA",0.000425777735005575,0.000854543073517374,-0.00131707435395802,0.00216862982396917,0.621823196796769,40,0.000659238250280255,0.00132310225326209,0.847940722904685,"Saccharobesus","Genus","Saccharobesus","d__Bacteria;p__Pseudomonadota;c__Gammaproteobacteria;o__Alteromonadales;f__Alteromonadaceae;g___g__Saccharobesus",NA,NA
"X2894574","PFHxS",1.04914811162651e-05,0.00141213448136544,-0.00286957578174856,0.00289055874398109,0.994119761860083,40,1.04217304808921e-05,0.00140274617134363,0.994119761860083,"Saccharobesus","Genus","Saccharobesus","d__Bacteria;p__Pseudomonadota;c__Gammaproteobacteria;o__Alteromonadales;f__Alteromonadaceae;g___g__Saccharobesus",NA,NA
"X2894574","PFBS",-0.00181351109523489,0.000875009733716341,-0.00359810521287711,-2.89169775926708e-05,0.0466166018491147,40,-0.00180078351367725,0.000868868741373439,0.673402333183967,"Saccharobesus","Genus","Saccharobesus","d__Bacteria;p__Pseudomonadota;c__Gammaproteobacteria;o__Alteromonadales;f__Alteromonadaceae;g___g__Saccharobesus",NA,NA
"X349742","PFBS",-0.000961116720607507,0.00135285594622445,-0.00372028461396961,0.00179805117275459,0.482745038598255,40,-0.000954371412304686,0.00134336133412279,0.979960207463041,"Sedimenticola","Genus","Sedimenticola","d__Bacteria;p__Pseudomonadota;c__Gammaproteobacteria;o__;f__;g___g__Sedimenticola",NA,NA
"X349742","PFNA",0.000767838060540016,0.00124562476079253,-0.00177263038826065,0.00330830650934068,0.542112683240688,40,0.00118885554107792,0.00192862007638768,0.847940722904685,"Sedimenticola","Genus","Sedimenticola","d__Bacteria;p__Pseudomonadota;c__Gammaproteobacteria;o__;f__;g___g__Sedimenticola",NA,NA
"X349742","PFOS",-0.00185860666899515,0.00181016869734364,-0.00555047006747338,0.00183325672948308,0.31247950465103,40,-0.00166810873716419,0.00162463541649324,0.808177571715998,"Sedimenticola","Genus","Sedimenticola","d__Bacteria;p__Pseudomonadota;c__Gammaproteobacteria;o__;f__;g___g__Sedimenticola",NA,NA
"X349742","PFHxS",-0.00427567203696077,0.00191445792924068,-0.00818023472620736,-0.000371109347714185,0.0328803870813221,40,-0.00424724603705478,0.00190173001642459,0.657607741626442,"Sedimenticola","Genus","Sedimenticola","d__Bacteria;p__Pseudomonadota;c__Gammaproteobacteria;o__;f__;g___g__Sedimenticola",NA,NA
"X349742","PFOA",-0.0013969970059766,0.00151794963676549,-0.00449287570111236,0.00169888168915915,0.364513023591515,40,-0.00119998743025763,0.00130388288313427,0.874265835131081,"Sedimenticola","Genus","Sedimenticola","d__Bacteria;p__Pseudomonadota;c__Gammaproteobacteria;o__;f__;g___g__Sedimenticola",NA,NA
"X41707","PFOS",-0.000714506406574699,0.000865287630220365,-0.00247927216340962,0.00105025935026022,0.415258991692801,40,-0.000641273056558774,0.000776599955337001,0.808177571715998,"Lawsonia","Genus","Lawsonia","d__Bacteria;p__Thermodesulfobacteriota;c__Desulfovibrionia;o__Desulfovibrionales;f__Desulfovibrionaceae;g___g__Lawsonia",NA,NA
"X41707","PFOA",-0.000313910562555735,0.000728986898986377,-0.00180068914528527,0.0011728680201738,0.669729704739505,40,-0.000269641758486554,0.000626182527137635,0.903644618081016,"Lawsonia","Genus","Lawsonia","d__Bacteria;p__Thermodesulfobacteriota;c__Desulfovibrionia;o__Desulfovibrionales;f__Desulfovibrionaceae;g___g__Lawsonia",NA,NA
"X41707","PFNA",0.000491478632997872,0.000588997562262495,-0.000709789815131192,0.00169274708112694,0.410421757195807,40,0.000760963966477501,0.000911954032448829,0.847940722904685,"Lawsonia","Genus","Lawsonia","d__Bacteria;p__Thermodesulfobacteriota;c__Desulfovibrionia;o__Desulfovibrionales;f__Desulfovibrionaceae;g___g__Lawsonia",NA,NA
"X41707","PFHxS",-0.00174365563679852,0.000928902933618522,-0.00363816566031056,0.000150854386713527,0.0699417020115058,40,-0.00173206327084078,0.00092272729749034,0.741102214137234,"Lawsonia","Genus","Lawsonia","d__Bacteria;p__Thermodesulfobacteriota;c__Desulfovibrionia;o__Desulfovibrionales;f__Desulfovibrionaceae;g___g__Lawsonia",NA,NA
"X41707","PFBS",-0.000600416187657852,0.000639096468794136,-0.00190386202930795,0.000703029653992251,0.354749194393898,40,-0.000596202347435411,0.000634611162665515,0.979960207463041,"Lawsonia","Genus","Lawsonia","d__Bacteria;p__Thermodesulfobacteriota;c__Desulfovibrionia;o__Desulfovibrionales;f__Desulfovibrionaceae;g___g__Lawsonia",NA,NA
"X42255","PFOA",-0.00247960143237005,0.00151337462863058,-0.00556614933689729,0.000606946472157184,0.111437788963847,40,-0.00212991906078767,0.00129995305921072,0.742918593092315,"Rubrobacter","Genus","Rubrobacter","d__Bacteria;p__Actinomycetota;c__Rubrobacteria;o__Rubrobacterales;f__Rubrobacteraceae;g___g__Rubrobacter",NA,NA
"X42255","PFBS",-0.0013883754119616,0.00137597914008634,-0.00419470337012865,0.00141795254620545,0.320781584250582,40,-0.00137863151718489,0.00136632224481115,0.979960207463041,"Rubrobacter","Genus","Rubrobacter","d__Bacteria;p__Actinomycetota;c__Rubrobacteria;o__Rubrobacterales;f__Rubrobacteraceae;g___g__Rubrobacter",NA,NA
"X42255","PFOS",-0.0054860667546137,0.00160972061072649,-0.00876911358513182,-0.00220301992409558,0.00183144941285548,40,-0.00492377222071668,0.00144473226096723,0.0549434823856643,"Rubrobacter","Genus","Rubrobacter","d__Bacteria;p__Actinomycetota;c__Rubrobacteria;o__Rubrobacterales;f__Rubrobacteraceae;g___g__Rubrobacter",NA,NA
"X42255","PFHxS",-0.000661796678748878,0.00211167240276795,-0.00496858093857833,0.00364498758108058,0.756076335634443,40,-0.000657396848227436,0.00209763334668422,0.974514512658338,"Rubrobacter","Genus","Rubrobacter","d__Bacteria;p__Actinomycetota;c__Rubrobacteria;o__Rubrobacterales;f__Rubrobacteraceae;g___g__Rubrobacter",NA,NA
"X42255","PFNA",0.00173258426420706,0.00124675189333418,-0.000810182986568188,0.0042753515149823,0.174527015628214,40,0.00268258700465868,0.00193036523312911,0.743582751276626,"Rubrobacter","Genus","Rubrobacter","d__Bacteria;p__Actinomycetota;c__Rubrobacteria;o__Rubrobacterales;f__Rubrobacteraceae;g___g__Rubrobacter",NA,NA
"X44","PFBS",-0.00150473647021873,0.000662369818395795,-0.0028556486213241,-0.000153824319113362,0.030192578124973,40,-0.00149417593039199,0.000657721175270807,0.673402333183967,"Melittangium","Genus","Melittangium","d__Bacteria;p__Myxococcota;c__Myxococcia;o__Myxococcales;f__Archangiaceae;g___g__Melittangium",NA,NA
"X44","PFNA",-0.000105956641578349,0.000657099412966995,-0.00144611972994372,0.00123420644678702,0.872943580099938,40,-0.000164054306406531,0.00101739718085276,0.954837767415435,"Melittangium","Genus","Melittangium","d__Bacteria;p__Myxococcota;c__Myxococcia;o__Myxococcales;f__Archangiaceae;g___g__Melittangium",NA,NA
"X44","PFOS",0.00168433377328926,0.00091690428778678,-0.000185704850710402,0.00355437239728892,0.0758173256599004,40,0.00151169794577546,0.000822926162439388,0.49874554708072,"Melittangium","Genus","Melittangium","d__Bacteria;p__Myxococcota;c__Myxococcia;o__Myxococcales;f__Archangiaceae;g___g__Melittangium",NA,NA
"X44","PFHxS",0.000347564658445141,0.00108018857611393,-0.00185549446718301,0.00255062378407329,0.74979197116461,40,0.000345253940302384,0.0010730071458972,0.974514512658338,"Melittangium","Genus","Melittangium","d__Bacteria;p__Myxococcota;c__Myxococcia;o__Myxococcales;f__Archangiaceae;g___g__Melittangium",NA,NA
"X44","PFOA",0.00172513141013703,0.000745183928093093,0.000205318768752673,0.00324494405152139,0.02740006296466,40,0.00148184713270726,0.00064009539255712,0.694266482899823,"Melittangium","Genus","Melittangium","d__Bacteria;p__Myxococcota;c__Myxococcia;o__Myxococcales;f__Archangiaceae;g___g__Melittangium",NA,NA
"X441","PFNA",-0.00108114657093795,0.000827077144160523,-0.00276798152766047,0.000605688385784581,0.200761673402823,40,-0.00167395595195295,0.00128057633017385,0.743582751276626,"Gluconobacter","Genus","Gluconobacter","d__Bacteria;p__Pseudomonadota;c__Alphaproteobacteria;o__Rhodospirillales;f__Acetobacteraceae;g___g__Gluconobacter",NA,NA
"X441","PFOA",0.000753214677065993,0.0010341670967982,-0.00135598302267467,0.00286241237680666,0.471878055210084,40,0.000646993616233911,0.000888325108525428,0.894016093967869,"Gluconobacter","Genus","Gluconobacter","d__Bacteria;p__Pseudomonadota;c__Alphaproteobacteria;o__Rhodospirillales;f__Acetobacteraceae;g___g__Gluconobacter",NA,NA
"X441","PFBS",0.00103824092218755,0.00090553336924795,-0.000808606560554284,0.00288508840492939,0.260339996353866,40,0.00103095434089872,0.000899178155960007,0.979960207463041,"Gluconobacter","Genus","Gluconobacter","d__Bacteria;p__Pseudomonadota;c__Alphaproteobacteria;o__Rhodospirillales;f__Acetobacteraceae;g___g__Gluconobacter",NA,NA
"X441","PFOS",8.38409803919498e-05,0.0012477099671495,-0.00246088027481229,0.00262856223559619,0.946857284015374,40,7.5247697243998e-05,0.00111982590634638,0.966200302365497,"Gluconobacter","Genus","Gluconobacter","d__Bacteria;p__Pseudomonadota;c__Alphaproteobacteria;o__Rhodospirillales;f__Acetobacteraceae;g___g__Gluconobacter",NA,NA
"X441","PFHxS",-0.000159721013127614,0.0013980288943265,-0.00301101974155722,0.00269157771530199,0.909778517949993,40,-0.000158659138066828,0.00138873436264232,0.974514512658338,"Gluconobacter","Genus","Gluconobacter","d__Bacteria;p__Pseudomonadota;c__Alphaproteobacteria;o__Rhodospirillales;f__Acetobacteraceae;g___g__Gluconobacter",NA,NA
"X44249","PFOS",-0.00164085374750222,0.00206352340791313,-0.00584943748489479,0.00256772998989034,0.432560508289468,40,-0.00147267440619745,0.00185202253037417,0.808177571715998,"Paenibacillus","Genus","Paenibacillus","d__Bacteria;p__Bacillota;c__Bacilli;o__Bacillales;f__Paenibacillaceae;g___g__Paenibacillus",NA,NA
"X44249","PFOA",-0.00129015598684372,0.00172682549586792,-0.0048120398052465,0.00223172783155905,0.46061726635091,40,-0.00110821351846907,0.00148330231233481,0.894016093967869,"Paenibacillus","Genus","Paenibacillus","d__Bacteria;p__Bacillota;c__Bacilli;o__Bacillales;f__Paenibacillaceae;g___g__Paenibacillus",NA,NA
"X44249","PFNA",0.00104541414920871,0.00140673169510049,-0.00182363405842076,0.00391446235683818,0.462985360455867,40,0.00161863089091201,0.00217806443373486,0.847940722904685,"Paenibacillus","Genus","Paenibacillus","d__Bacteria;p__Bacillota;c__Bacilli;o__Bacillales;f__Paenibacillaceae;g___g__Paenibacillus",NA,NA
"X44249","PFHxS",0.00246087777869557,0.00229371439368203,-0.00221718356941191,0.00713893912680305,0.291606615513182,40,0.00244451709646804,0.00227846506572246,0.765445781899552,"Paenibacillus","Genus","Paenibacillus","d__Bacteria;p__Bacillota;c__Bacilli;o__Bacillales;f__Paenibacillaceae;g___g__Paenibacillus",NA,NA
"X44249","PFBS",0.0015259576264143,0.00151992953445206,-0.0015739590966757,0.0046258743495043,0.323167694496351,40,0.00151524815229268,0.00150926236667876,0.979960207463041,"Paenibacillus","Genus","Paenibacillus","d__Bacteria;p__Bacillota;c__Bacilli;o__Bacillales;f__Paenibacillaceae;g___g__Paenibacillus",NA,NA
"X447237","PFOS",0.00452659208456639,0.00640340749916798,-0.0085332436127423,0.0175864277818751,0.484906543029599,40,0.00406263892829233,0.00574709010527749,0.808177571715998,"Frondihabitans","Genus","Frondihabitans","d__Bacteria;p__Actinomycetota;c__Actinomycetes;o__Micrococcales;f__Microbacteriaceae;g___g__Frondihabitans",NA,NA
"X447237","PFOA",0.00554547513473063,0.00530254222796886,-0.00526913103929663,0.0163600813087579,0.303733234255563,40,0.00476343215340751,0.00455475852471474,0.874265835131081,"Frondihabitans","Genus","Frondihabitans","d__Bacteria;p__Actinomycetota;c__Actinomycetes;o__Micrococcales;f__Microbacteriaceae;g___g__Frondihabitans",NA,NA
"X447237","PFNA",0.00144943640704493,0.00438704561587337,-0.00749800211648322,0.0103968749305731,0.743327814641694,40,0.0022441847995182,0.0067925305574519,0.932082080181194,"Frondihabitans","Genus","Frondihabitans","d__Bacteria;p__Actinomycetota;c__Actinomycetes;o__Micrococcales;f__Microbacteriaceae;g___g__Frondihabitans",NA,NA
"X447237","PFHxS",0.000381519911184497,0.0072331319782591,-0.0143705500180348,0.0151335898404038,0.958272604114033,40,0.000378983447941827,0.00718504386318465,0.974514512658338,"Frondihabitans","Genus","Frondihabitans","d__Bacteria;p__Actinomycetota;c__Actinomycetes;o__Micrococcales;f__Microbacteriaceae;g___g__Frondihabitans",NA,NA
"X447237","PFBS",0.00554443842210838,0.00467774759370389,-0.00399589069409915,0.0150847675383159,0.244913756299418,40,0.00550552645052237,0.00464491823072874,0.979960207463041,"Frondihabitans","Genus","Frondihabitans","d__Bacteria;p__Actinomycetota;c__Actinomycetes;o__Micrococcales;f__Microbacteriaceae;g___g__Frondihabitans",NA,NA
"X543311","PFBS",-0.00031474907882417,0.000734637331741115,-0.00181305179513495,0.00118355363748661,0.671292106597947,40,-0.00031254010718818,0.000729481500834102,0.979960207463041,"Parvimonas","Genus","Parvimonas","d__Bacteria;p__Bacillota;c__Tissierellia;o__Tissierellales;f__Peptoniphilaceae;g___g__Parvimonas",NA,NA
"X543311","PFNA",0.000107117794426148,0.000676789854218336,-0.00127320421363681,0.00148743980248911,0.875267953464149,40,0.000165852137313965,0.00104788419548637,0.954837767415435,"Parvimonas","Genus","Parvimonas","d__Bacteria;p__Bacillota;c__Tissierellia;o__Tissierellales;f__Peptoniphilaceae;g___g__Parvimonas",NA,NA
"X543311","PFOS",0.000416512254305124,0.000991619543348014,-0.00160590913806262,0.00243893364667287,0.677358947324357,40,0.000373821821546548,0.000889983476221939,0.883511670423074,"Parvimonas","Genus","Parvimonas","d__Bacteria;p__Bacillota;c__Tissierellia;o__Tissierellales;f__Peptoniphilaceae;g___g__Parvimonas",NA,NA
"X543311","PFHxS",0.00123834566473418,0.00109197597437089,-0.000988754018137063,0.00346544534760542,0.265471062981629,40,0.00123011275691407,0.00108471617785785,0.75900033567624,"Parvimonas","Genus","Parvimonas","d__Bacteria;p__Bacillota;c__Tissierellia;o__Tissierellales;f__Peptoniphilaceae;g___g__Parvimonas",NA,NA
"X543311","PFOA",-0.00148108182915519,0.000787487959514005,-0.00308717411145927,0.000125010453148896,0.0694266482899823,40,-0.00127221430723594,0.000676433556302024,0.694266482899823,"Parvimonas","Genus","Parvimonas","d__Bacteria;p__Bacillota;c__Tissierellia;o__Tissierellales;f__Peptoniphilaceae;g___g__Parvimonas",NA,NA
"X60919","PFOS",-0.000231836746688124,0.00155110221743616,-0.00339533057588445,0.00293165708250821,0.882154260878312,40,-0.000208074634185652,0.0013921219611995,0.965820432431626,"Sanguibacter","Genus","Sanguibacter","d__Bacteria;p__Actinomycetota;c__Actinomycetes;o__Micrococcales;f__Sanguibacteraceae;g___g__Sanguibacter",NA,NA
"X60919","PFOA",0.000157167692092096,0.0012966529155646,-0.00248737336451102,0.00280170874869521,0.904306739815525,40,0.000135003335115433,0.0011137942267791,0.921006035461566,"Sanguibacter","Genus","Sanguibacter","d__Bacteria;p__Actinomycetota;c__Actinomycetes;o__Micrococcales;f__Sanguibacteraceae;g___g__Sanguibacter",NA,NA
"X60919","PFNA",-0.000874383138432503,0.00104471168069384,-0.00300508665881498,0.00125632038194997,0.409020399507979,40,-0.00135382093252775,0.00161754324804921,0.847940722904685,"Sanguibacter","Genus","Sanguibacter","d__Bacteria;p__Actinomycetota;c__Actinomycetes;o__Micrococcales;f__Sanguibacteraceae;g___g__Sanguibacter",NA,NA
"X60919","PFHxS",-0.00206103622210565,0.00169897901542642,-0.00552612676921316,0.00140405432500186,0.234253612054292,40,-0.00204733381112807,0.00168768367356781,0.75900033567624,"Sanguibacter","Genus","Sanguibacter","d__Bacteria;p__Actinomycetota;c__Actinomycetes;o__Micrococcales;f__Sanguibacteraceae;g___g__Sanguibacter",NA,NA
"X60919","PFBS",0.00037251016844399,0.00114772492442578,-0.00196829024768669,0.00271331058457467,0.747691162340535,40,0.000369895817992879,0.00113966996263384,0.979960207463041,"Sanguibacter","Genus","Sanguibacter","d__Bacteria;p__Actinomycetota;c__Actinomycetes;o__Micrococcales;f__Sanguibacteraceae;g___g__Sanguibacter",NA,NA
"X74385","PFOS",-0.00234432814908433,0.00202300473876484,-0.00647027351591886,0.00178161721775021,0.255372747882269,40,-0.00210404618336044,0.00181565682312043,0.766118243646807,"Gracilibacillus","Genus","Gracilibacillus","d__Bacteria;p__Bacillota;c__Bacilli;o__Bacillales;f__Bacillaceae;g___g__Gracilibacillus",NA,NA
"X74385","PFOA",0.00213376188633726,0.00168411701406443,-0.0013010174091521,0.00556854118182663,0.214594637258749,40,0.00183285105967536,0.00144661673526462,0.863522821329659,"Gracilibacillus","Genus","Gracilibacillus","d__Bacteria;p__Bacillota;c__Bacilli;o__Bacillales;f__Bacillaceae;g___g__Gracilibacillus",NA,NA
"X74385","PFNA",-0.000334813288745038,0.00140559523072807,-0.00320154366200559,0.00253191708451551,0.813293210806648,40,-0.000518396591686428,0.00217630482837556,0.93841524323844,"Gracilibacillus","Genus","Gracilibacillus","d__Bacteria;p__Bacillota;c__Bacilli;o__Bacillales;f__Bacillaceae;g___g__Gracilibacillus",NA,NA
"X74385","PFHxS",-0.00319863000304543,0.00224322732947152,-0.00777372230482651,0.00137646229873565,0.16388864686155,40,-0.00317736451416324,0.00222831365524548,0.75900033567624,"Gracilibacillus","Genus","Gracilibacillus","d__Bacteria;p__Bacillota;c__Bacilli;o__Bacillales;f__Bacillaceae;g___g__Gracilibacillus",NA,NA
"X74385","PFBS",-0.00154242951577356,0.00150575623583276,-0.00461343960574971,0.00152858057420259,0.313594889024569,40,-0.0015316044386563,0.00149518853908811,0.979960207463041,"Gracilibacillus","Genus","Gracilibacillus","d__Bacteria;p__Bacillota;c__Bacilli;o__Bacillales;f__Bacillaceae;g___g__Gracilibacillus",NA,NA
"X748770","PFOS",-0.00304300666182976,0.00159540159400109,-0.00629684966519724,0.000210836341537717,0.0657763734364188,40,-0.00273111362641963,0.00143188087217922,0.49874554708072,"Dolichospermum","Genus","Dolichospermum","d__Bacteria;p__Cyanobacteriota;c__Cyanophyceae;o__Nostocales;f__Aphanizomenonaceae;g___g__Dolichospermum",NA,NA
"X748770","PFOA",0.000576279615699908,0.00140579370063199,-0.0022908555395984,0.00344341477099822,0.684675115566775,40,0.000495010577828803,0.00120754358318359,0.903644618081016,"Dolichospermum","Genus","Dolichospermum","d__Bacteria;p__Cyanobacteriota;c__Cyanophyceae;o__Nostocales;f__Aphanizomenonaceae;g___g__Dolichospermum",NA,NA
"X748770","PFNA",0.00181210974295225,0.00110110685504541,-0.000433612493832122,0.00405783197973662,0.109925265397511,40,0.00280571753298467,0.00170486076845288,0.743582751276626,"Dolichospermum","Genus","Dolichospermum","d__Bacteria;p__Cyanobacteriota;c__Cyanophyceae;o__Nostocales;f__Aphanizomenonaceae;g___g__Dolichospermum",NA,NA
"X748770","PFHxS",-0.00447691711982876,0.00171026398081148,-0.00796502350558123,-0.000988810734076291,0.0135687104429158,40,-0.00444715317990838,0.00169889361298685,0.537503435244705,"Dolichospermum","Genus","Dolichospermum","d__Bacteria;p__Cyanobacteriota;c__Cyanophyceae;o__Nostocales;f__Aphanizomenonaceae;g___g__Dolichospermum",NA,NA
"X748770","PFBS",-7.53015526186612e-05,0.00124944719030864,-0.00262356589781535,0.00247296279257803,0.952329137782146,40,-7.4773071345572e-05,0.00124067832142309,0.979960207463041,"Dolichospermum","Genus","Dolichospermum","d__Bacteria;p__Cyanobacteriota;c__Cyanophyceae;o__Nostocales;f__Aphanizomenonaceae;g___g__Dolichospermum",NA,NA
"X76890","PFHxS",0.000224638378554892,0.0010009628087767,-0.0018168387292879,0.00226611548639768,0.823901369744801,40,0.000223144912621938,0.000994308096146209,0.974514512658338,"Asticcacaulis","Genus","Asticcacaulis","d__Bacteria;p__Pseudomonadota;c__Alphaproteobacteria;o__Caulobacterales;f__Caulobacteraceae;g___g__Asticcacaulis",NA,NA
"X76890","PFOA",-0.000988635093289018,0.000725797226253833,-0.00246890829559093,0.000491638109012889,0.182970998627521,40,-0.000849214193003266,0.000623442673602292,0.84448153212702,"Asticcacaulis","Genus","Asticcacaulis","d__Bacteria;p__Pseudomonadota;c__Alphaproteobacteria;o__Caulobacterales;f__Caulobacteraceae;g___g__Asticcacaulis",NA,NA
"X76890","PFBS",3.18286603021575e-05,0.000662322631822572,-0.00131898725315263,0.00138264457375695,0.961979787763904,40,3.16052804337185e-05,0.00065767431986234,0.979960207463041,"Asticcacaulis","Genus","Asticcacaulis","d__Bacteria;p__Pseudomonadota;c__Alphaproteobacteria;o__Caulobacterales;f__Caulobacteraceae;g___g__Asticcacaulis",NA,NA
"X76890","PFNA",-7.32267927643244e-05,0.000608497202721708,-0.00131426501980985,0.0011678114342812,0.904990089923295,40,-0.000113378175434551,0.000942145627265917,0.96963223920353,"Asticcacaulis","Genus","Asticcacaulis","d__Bacteria;p__Pseudomonadota;c__Alphaproteobacteria;o__Caulobacterales;f__Caulobacteraceae;g___g__Asticcacaulis",NA,NA
"X76890","PFOS",-0.000508801609252755,0.000889256447667287,-0.00232245209156489,0.00130484887305938,0.571336369325097,40,-0.000456651977008447,0.00079811208830719,0.816194813321567,"Asticcacaulis","Genus","Asticcacaulis","d__Bacteria;p__Pseudomonadota;c__Alphaproteobacteria;o__Caulobacterales;f__Caulobacteraceae;g___g__Asticcacaulis",NA,NA
"X773","PFHxS",0.00156081956548835,0.00130981393764945,-0.00111056357262513,0.00423220270360183,0.242447949366615,40,0.00155044275070034,0.00130110588648308,0.75900033567624,"Bartonella","Genus","Bartonella","d__Bacteria;p__Pseudomonadota;c__Alphaproteobacteria;o__Hyphomicrobiales;f__Bartonellaceae;g___g__Bartonella",NA,NA
"X773","PFOA",0.000506443391847167,0.000994936375557356,-0.00152274272441097,0.0025356295081053,0.614341751563123,40,0.000435022911111248,0.00085462684563184,0.90057000357997,"Bartonella","Genus","Bartonella","d__Bacteria;p__Pseudomonadota;c__Alphaproteobacteria;o__Hyphomicrobiales;f__Bartonellaceae;g___g__Bartonella",NA,NA
"X773","PFBS",0.000119551321524427,0.000885366033445221,-0.00168616460866975,0.00192526725171861,0.893460800503697,40,0.00011871228657227,0.000879152358531045,0.979960207463041,"Bartonella","Genus","Bartonella","d__Bacteria;p__Pseudomonadota;c__Alphaproteobacteria;o__Hyphomicrobiales;f__Bartonellaceae;g___g__Bartonella",NA,NA
"X773","PFNA",-0.00260077463980081,0.000666406462640524,-0.00395991958112162,-0.00124162969847999,0.000478413886869252,40,-0.00402681958673367,0.00103180742976342,0.0287048332121551,"Bartonella","Genus","Bartonella","d__Bacteria;p__Pseudomonadota;c__Alphaproteobacteria;o__Hyphomicrobiales;f__Bartonellaceae;g___g__Bartonella",NA,NA
"X773","PFOS",0.00175927593965392,0.00115276861103782,-0.000591811143141429,0.00411036302244926,0.137116398101276,40,0.00157895891313359,0.00103461556663866,0.587641706148324,"Bartonella","Genus","Bartonella","d__Bacteria;p__Pseudomonadota;c__Alphaproteobacteria;o__Hyphomicrobiales;f__Bartonellaceae;g___g__Bartonella",NA,NA
"X80865","PFBS",-0.000438679186100189,0.000444370701040903,-0.00134497920605771,0.000467620833857332,0.331191500836469,40,-0.000435600448322735,0.000441252019079604,0.979960207463041,"Delftia","Genus","Delftia","d__Bacteria;p__Pseudomonadota;c__Betaproteobacteria;o__Burkholderiales;f__Comamonadaceae;g___g__Delftia",NA,NA
"X80865","PFNA",0.000615013847399856,0.000399725227054647,-0.000200231128041953,0.00143025882284166,0.134050054929961,40,0.000952235448978327,0.00061890074940845,0.743582751276626,"Delftia","Genus","Delftia","d__Bacteria;p__Pseudomonadota;c__Betaproteobacteria;o__Burkholderiales;f__Comamonadaceae;g___g__Delftia",NA,NA
"X80865","PFOS",-0.000989111491785091,0.000582618554865478,-0.00217736986855328,0.000199146884983094,0.0995830045558492,40,-0.000887732487459679,0.000522903053140617,0.543180024850087,"Delftia","Genus","Delftia","d__Bacteria;p__Pseudomonadota;c__Betaproteobacteria;o__Burkholderiales;f__Comamonadaceae;g___g__Delftia",NA,NA
"X80865","PFHxS",-0.000262874207023876,0.000680941863927996,-0.00165166429471926,0.00112591588067151,0.702100172233783,40,-0.000261126537389827,0.00067641475025027,0.957409325773341,"Delftia","Genus","Delftia","d__Bacteria;p__Pseudomonadota;c__Betaproteobacteria;o__Burkholderiales;f__Comamonadaceae;g___g__Delftia",NA,NA
"X80865","PFOA",-0.000679718960177241,0.000494265042371345,-0.00168777916017729,0.000328341239822808,0.178923620125264,40,-0.000583862531437762,0.000424561996571166,0.84448153212702,"Delftia","Genus","Delftia","d__Bacteria;p__Pseudomonadota;c__Betaproteobacteria;o__Burkholderiales;f__Comamonadaceae;g___g__Delftia",NA,NA
"X81466","PFHxS",0.00289589562544112,0.00278331248080241,-0.00278070760467833,0.00857249885556058,0.306178312759821,40,0.00287664280902655,0.00276480815221179,0.765445781899552,"Aminobacterium","Genus","Aminobacterium","d__Bacteria;p__Synergistota;c__Synergistia;o__Synergistales;f__Aminobacteriaceae;g___g__Aminobacterium",NA,NA
"X81466","PFOA",0.00025045186784748,0.00211146759458401,-0.0040559146829369,0.00455681841863186,0.906345625037615,40,0.00021513223866319,0.00181370078966337,0.921006035461566,"Aminobacterium","Genus","Aminobacterium","d__Bacteria;p__Synergistota;c__Synergistia;o__Synergistales;f__Aminobacteriaceae;g___g__Aminobacterium",NA,NA
"X81466","PFBS",-0.000639535988280176,0.00186858038052562,-0.0044505308000347,0.00317145882347434,0.734466667377453,40,-0.000635047597516386,0.00185546631177102,0.979960207463041,"Aminobacterium","Genus","Aminobacterium","d__Bacteria;p__Synergistota;c__Synergistia;o__Synergistales;f__Aminobacteriaceae;g___g__Aminobacterium",NA,NA
"X81466","PFNA",-0.00262002207906496,0.00165469250148611,-0.00599478968549718,0.00075474552736726,0.123482885716644,40,-0.00405662069454103,0.00256198598411276,0.743582751276626,"Aminobacterium","Genus","Aminobacterium","d__Bacteria;p__Synergistota;c__Synergistia;o__Synergistales;f__Aminobacteriaceae;g___g__Aminobacterium",NA,NA
"X81466","PFOS",0.00150597005336193,0.00251217801103685,-0.0036176507798891,0.00662959088661297,0.553217429850321,40,0.00135161561928476,0.00225469226998305,0.816194813321567,"Aminobacterium","Genus","Aminobacterium","d__Bacteria;p__Synergistota;c__Synergistia;o__Synergistales;f__Aminobacteriaceae;g___g__Aminobacterium",NA,NA
"X816","PFOA",-0.00044116670858483,0.000714620327815569,-0.00189864447623289,0.00101631105906323,0.541516180313145,40,-0.000378951782061866,0.000613841981848622,0.894016093967869,"Bacteroides","Genus","Bacteroides","d__Bacteria;p__Bacteroidota;c__Bacteroidia;o__Bacteroidales;f__Bacteroidaceae;g___g__Bacteroides",NA,NA
"X816","PFBS",0.000271136921973139,0.00063548470913975,-0.00102494268729669,0.00156721653124297,0.67257433574733,40,0.000269234029128001,0.000631024751058731,0.979960207463041,"Bacteroides","Genus","Bacteroides","d__Bacteria;p__Bacteroidota;c__Bacteroidia;o__Bacteroidales;f__Bacteroidaceae;g___g__Bacteroides",NA,NA
"X816","PFOS",-0.000500222587658592,0.000855494335986017,-0.00224501478921804,0.00124456961390086,0.56296947779036,40,-0.000448952262423176,0.000767810425012777,0.816194813321567,"Bacteroides","Genus","Bacteroides","d__Bacteria;p__Bacteroidota;c__Bacteroidia;o__Bacteroidales;f__Bacteroidaceae;g___g__Bacteroides",NA,NA
"X816","PFHxS",0.000165445860501315,0.000963506756086135,-0.00179963912423014,0.00213053084523277,0.864779829653399,40,0.000164345924871454,0.000957101062964408,0.974514512658338,"Bacteroides","Genus","Bacteroides","d__Bacteria;p__Bacteroidota;c__Bacteroidia;o__Bacteroidales;f__Bacteroidaceae;g___g__Bacteroides",NA,NA
"X816","PFNA",0.00103579313516192,0.000555335221312212,-9.68205159618644e-05,0.0021684067862857,0.071648156553154,40,0.00160373452610786,0.000859834109484535,0.71648156553154,"Bacteroides","Genus","Bacteroides","d__Bacteria;p__Bacteroidota;c__Bacteroidia;o__Bacteroidales;f__Bacteroidaceae;g___g__Bacteroides",NA,NA
"X872","PFNA",-0.000429678099518922,0.000664935843658459,-0.00178582369365129,0.000926467494613446,0.522908614828136,40,-0.000665277244961835,0.00102953044765549,0.847940722904685,"Desulfovibrio","Genus","Desulfovibrio","d__Bacteria;p__Thermodesulfobacteriota;c__Desulfovibrionia;o__Desulfovibrionales;f__Desulfovibrionaceae;g___g__Desulfovibrio",NA,NA
"X872","PFOS",-0.000475324430798734,0.000979467248873301,-0.00247296105518073,0.00152231219358326,0.630883643332416,40,-0.000426606042703827,0.000879076731439396,0.864615875851362,"Desulfovibrio","Genus","Desulfovibrio","d__Bacteria;p__Thermodesulfobacteriota;c__Desulfovibrionia;o__Desulfovibrionales;f__Desulfovibrionaceae;g___g__Desulfovibrio",NA,NA
"X872","PFHxS",0.000740354217185002,0.0010937284306143,-0.00149031962375891,0.00297102805812892,0.50348417060343,40,0.000735432111671255,0.00108645698322614,0.915425764733509,"Desulfovibrio","Genus","Desulfovibrio","d__Bacteria;p__Thermodesulfobacteriota;c__Desulfovibrionia;o__Desulfovibrionales;f__Desulfovibrionaceae;g___g__Desulfovibrio",NA,NA
"X872","PFOA",0.000891795716145915,0.000806034137991002,-0.00075212174654127,0.0025357131788331,0.277065899504323,40,0.000766031455439369,0.000692364285542315,0.874265835131081,"Desulfovibrio","Genus","Desulfovibrio","d__Bacteria;p__Thermodesulfobacteriota;c__Desulfovibrionia;o__Desulfovibrionales;f__Desulfovibrionaceae;g___g__Desulfovibrio",NA,NA
"X872","PFBS",0.000555696734019548,0.000721599274458855,-0.000916014689149179,0.00202740815718828,0.447075346860108,40,0.000551796743817044,0.000716534947231003,0.979960207463041,"Desulfovibrio","Genus","Desulfovibrio","d__Bacteria;p__Thermodesulfobacteriota;c__Desulfovibrionia;o__Desulfovibrionales;f__Desulfovibrionaceae;g___g__Desulfovibrio",NA,NA
"X881616","PFOS",-0.000165635115654331,0.00131706186629488,-0.00285180050169869,0.00252053027039003,0.900733140831865,40,-0.000148658340795457,0.00118206958104808,0.965820432431626,"Herbiconiux","Genus","Herbiconiux","d__Bacteria;p__Actinomycetota;c__Actinomycetes;o__Micrococcales;f__Microbacteriaceae;g___g__Herbiconiux",NA,NA
"X881616","PFOA",-0.00175101881828831,0.00105528537887637,-0.0039032875382922,0.000401249901715569,0.107143420754439,40,-0.00150408380483368,0.000906465214004553,0.742918593092315,"Herbiconiux","Genus","Herbiconiux","d__Bacteria;p__Actinomycetota;c__Actinomycetes;o__Micrococcales;f__Microbacteriaceae;g___g__Herbiconiux",NA,NA
"X881616","PFNA",-1.33053318136545e-05,0.000896947927477619,-0.00184264269062165,0.00181603202699434,0.988259669275982,40,-2.06008509677402e-05,0.00138875834429225,0.997216614253928,"Herbiconiux","Genus","Herbiconiux","d__Bacteria;p__Actinomycetota;c__Actinomycetes;o__Micrococcales;f__Microbacteriaceae;g___g__Herbiconiux",NA,NA
"X881616","PFHxS",0.00183894031207455,0.00143889565953561,-0.00109570673350975,0.00477358735765886,0.210728876718644,40,0.001826714463907,0.00142932943286315,0.75900033567624,"Herbiconiux","Genus","Herbiconiux","d__Bacteria;p__Actinomycetota;c__Actinomycetes;o__Micrococcales;f__Microbacteriaceae;g___g__Herbiconiux",NA,NA
"X881616","PFBS",0.00030158336218721,0.000974596456462317,-0.00168611921557798,0.0022892859399524,0.75905400034895,40,0.000299466790169122,0.000967756544692267,0.979960207463041,"Herbiconiux","Genus","Herbiconiux","d__Bacteria;p__Actinomycetota;c__Actinomycetes;o__Micrococcales;f__Microbacteriaceae;g___g__Herbiconiux",NA,NA
"X896","PFOS",0.0022501113396772,0.00125660645367863,-0.000312754419428867,0.00481297709878327,0.0831242578467866,40,0.0020194861279267,0.00112781054729105,0.49874554708072,"Desulfococcus","Genus","Desulfococcus","d__Bacteria;p__Thermodesulfobacteriota;c__Desulfobacteria;o__Desulfobacterales;f__Desulfococcaceae;g___g__Desulfococcus",NA,NA
"X896","PFOA",-0.000539000062466551,0.00109906484295382,-0.00278055758813242,0.00170255746319932,0.627292261868793,40,-0.000462988322165931,0.000944070739550852,0.90057000357997,"Desulfococcus","Genus","Desulfococcus","d__Bacteria;p__Thermodesulfobacteriota;c__Desulfobacteria;o__Desulfobacterales;f__Desulfococcaceae;g___g__Desulfococcus",NA,NA
"X896","PFNA",3.16052710120315e-06,0.000898718101500854,-0.00182978712542964,0.00183610817963205,0.997216614253928,40,4.893492977347e-06,0.00139149913210201,0.997216614253928,"Desulfococcus","Genus","Desulfococcus","d__Bacteria;p__Thermodesulfobacteriota;c__Desulfobacteria;o__Desulfobacterales;f__Desulfococcaceae;g___g__Desulfococcus",NA,NA
"X896","PFHxS",0.0019889359466752,0.00143544273783008,-0.000938668818661318,0.00491654071201172,0.175760687942509,40,0.00197571288079352,0.00142589946725697,0.75900033567624,"Desulfococcus","Genus","Desulfococcus","d__Bacteria;p__Thermodesulfobacteriota;c__Desulfobacteria;o__Desulfobacterales;f__Desulfococcaceae;g___g__Desulfococcus",NA,NA
"X896","PFBS",0.00105753755717291,0.00095940254478628,-0.000899176833425642,0.00301425194777146,0.278821159009521,40,0.00105011554826182,0.000952669266910307,0.979960207463041,"Desulfococcus","Genus","Desulfococcus","d__Bacteria;p__Thermodesulfobacteriota;c__Desulfobacteria;o__Desulfobacterales;f__Desulfococcaceae;g___g__Desulfococcus",NA,NA
"X102115","Mixture",-0.00141594040598945,NA,-0.00476547724487027,0.00193359643289137,0.414911712969109,40,-0.0014811280735883,NA,0.836476958180443,"Stanieria","Genus","Stanieria","d__Bacteria;p__Cyanobacteriota;c__Cyanophyceae;o__Pleurocapsales;f__Dermocarpellaceae;g___g__Stanieria",-0.00606000818688267,0.00309775203970607
"X1190","Mixture",0.000899628218523389,NA,-0.00233381181176383,0.0041330682488106,0.590185781305965,40,0.00177325145844732,NA,0.882665201811949,"Fischerella","Genus","Fischerella","d__Bacteria;p__Cyanobacteriota;c__Cyanophyceae;o__Nostocales;f__Hapalosiphonaceae;g___g__Fischerella",-0.00285147772873051,0.00639798064562516
"X1278221","Mixture",-0.000849490444562022,NA,-0.0149921172655113,0.0132931363763872,0.907188653782804,40,-0.00746011234479362,NA,0.95493542503453,"Auraticoccus","Genus","Auraticoccus","d__Bacteria;p__Actinomycetota;c__Actinomycetes;o__Propionibacteriales;f__Propionibacteriaceae;g___g__Auraticoccus",-0.0263677427733215,0.0114475180837342
"X1298","Mixture",0.00271967807353044,NA,0.000146953601583514,0.00529240254547737,0.0483292928537278,40,0.00416783082989134,NA,0.483292928537278,"Deinococcus","Genus","Deinococcus","d__Bacteria;p__Deinococcota;c__Deinococci;o__Deinococcales;f__Deinococcaceae;g___g__Deinococcus",0.000156606452700307,0.00817905520708237
"X1395974","Mixture",0.00223212508819454,NA,-0.00256071111137071,0.00702496128775979,0.369736421353426,40,0.00323994036558892,NA,0.836476958180443,"Tardiphaga","Genus","Tardiphaga","d__Bacteria;p__Pseudomonadota;c__Alphaproteobacteria;o__Hyphomicrobiales;f__Nitrobacteraceae;g___g__Tardiphaga",-0.0035137634338368,0.00999364416501464
"X141450","Mixture",0.00596338190278786,NA,-0.0113332293116094,0.0232599931171851,0.505172152424243,40,0.00295667949060433,NA,0.841953587373738,"Oleiphilus","Genus","Oleiphilus","d__Bacteria;p__Pseudomonadota;c__Gammaproteobacteria;o__Oceanospirillales;f__Oleiphilaceae;g___g__Oleiphilus",-0.0247137290959248,0.0306270880771334
"X1434026","Mixture",0.00141804660772885,NA,-0.00883169331003143,0.0116677865254891,0.788409192496,40,0.000754593194984209,NA,0.892749931663251,"Oceanirhabdus","Genus","Oceanirhabdus","d__Bacteria;p__Bacillota;c__Clostridia;o__Eubacteriales;f__Clostridiaceae;g___g__Oceanirhabdus",-0.0124434632738169,0.0139526496637853
"X146918","Mixture",-0.00733615630246088,NA,-0.0200203595021698,0.00534804689724806,0.267314082604221,40,-0.00291972809891695,NA,0.836476958180443,"Salinibacter","Genus","Salinibacter","d__Bacteria;p__Rhodothermota;c__Rhodothermia;o__Rhodothermales;f__Salinibacteraceae;g___g__Salinibacter",-0.0217548779087567,0.0159154217109228
"X1511648","Mixture",0.00030693639910919,NA,-0.0115110766590812,0.0121249494572996,0.959791074433316,40,0.00395158163067631,NA,0.976058719762694,"Defluviitoga","Genus","Defluviitoga","d__Bacteria;p__Thermotogota;c__Thermotogae;o__Petrotogales;f__Petrotogaceae;g___g__Defluviitoga",-0.0128633232794325,0.0207664865407851
"X157","Mixture",-0.00420798844767162,NA,-0.036974677618979,0.0285587007236357,0.803248808676043,40,-0.0128876281258233,NA,0.892749931663251,"Treponema","Genus","Treponema","d__Bacteria;p__Spirochaetota;c__Spirochaetia;o__Spirochaetales;f__Treponemataceae;g___g__Treponema",-0.061576280191599,0.0358010239399524
"X1649479","Mixture",-0.0018473500406218,NA,-0.00760991060245208,0.00391521052120847,0.535274428498462,40,-0.00227803659599942,NA,0.865908271532308,"Permianibacter","Genus","Permianibacter","d__Bacteria;p__Pseudomonadota;c__Gammaproteobacteria;o__Pseudomonadales;f__Pseudomonadaceae;g___g__Permianibacter",-0.00964000428988478,0.00508393109788594
"X1649510","Mixture",-0.00235017727729802,NA,-0.00444912405804205,-0.00025123049655399,0.037325132244854,40,-0.00322012725379558,NA,0.479978267619974,"Variibacter","Genus","Variibacter","d__Bacteria;p__Pseudomonadota;c__Alphaproteobacteria;o__Hyphomicrobiales;f__Nitrobacteraceae;g___g__Variibacter",-0.00630934211104271,-0.000130912396548448
"X1658781","Mixture",-0.00337079280753663,NA,-0.00779180035300213,0.00105021473792887,0.147116910727275,40,-0.00523994880745762,NA,0.836476958180443,"Aliiroseovarius","Genus","Aliiroseovarius","d__Bacteria;p__Pseudomonadota;c__Alphaproteobacteria;o__Rhodobacterales;f__Paracoccaceae;g___g__Aliiroseovarius",-0.0117739896610406,0.00129409204612531
"X1676142","Mixture",-0.0020383009010049,NA,-0.00533691511757438,0.00126031331556458,0.236745699935023,40,-0.0031534934452701,NA,0.836476958180443,"Wenzhouxiangella","Genus","Wenzhouxiangella","d__Bacteria;p__Pseudomonadota;c__Gammaproteobacteria;o__Chromatiales;f__Wenzhouxiangellaceae;g___g__Wenzhouxiangella",-0.00736249260642047,0.00105550571588027
"X1742989","Mixture",0.0408813577783345,NA,0.0157475889277776,0.0660151266288913,0.00371162825993032,40,0.0607710914117767,NA,0.222697695595819,"Glutamicibacter","Genus","Glutamicibacter","d__Bacteria;p__Actinomycetota;c__Actinomycetes;o__Micrococcales;f__Micrococcaceae;g___g__Glutamicibacter",0.0223587438142932,0.0991834390092602
"X1747770","Mixture",-0.00270959509634032,NA,-0.00924137527384422,0.00382218508116357,0.42356859258736,40,-0.0014731939047416,NA,0.836476958180443,"Egibacter","Genus","Egibacter","d__Bacteria;p__Actinomycetota;c__Nitriliruptoria;o__Egibacterales;f__Egibacteraceae;g___g__Egibacter",-0.0105564666221464,0.00761007881266317
"X1763827","Mixture",0.000929569794445343,NA,-0.00446515333434172,0.0063242929232324,0.738283372409544,40,0.000695131303816867,NA,0.892749931663251,"Hankyongella","Genus","Hankyongella","d__Bacteria;p__Pseudomonadota;c__Alphaproteobacteria;o__Sphingomonadales;f__Sphingomonadaceae;g___g__Hankyongella",-0.00628458781057003,0.00767485041820376
"X1802983","Mixture",-0.0011611052810201,NA,-0.00779845652612787,0.00547624596408768,0.734455669213962,40,-0.00061409086199436,NA,0.892749931663251,"Fokinia","Genus","Fokinia","d__Bacteria;p__Pseudomonadota;c__Alphaproteobacteria;o__Rickettsiales;f__Candidatus Midichloriaceae;g___g__Fokinia",-0.0108378771156122,0.00960969539162351
"X1849828","Mixture",-0.00267515472030017,NA,-0.0162562642101052,0.0109059547695048,0.702588822581741,40,0.00225394131585161,NA,0.892749931663251,"Paeniclostridium","Genus","Paeniclostridium","d__Bacteria;p__Bacillota;c__Clostridia;o__Peptostreptococcales;f__Peptostreptococcaceae;g___g__Paeniclostridium",-0.0157719663007087,0.0202798489324119
"X1854","Mixture",0.00280332199903507,NA,-0.00364723859196473,0.00925388259003487,0.402118013762207,40,0.00536026376514334,NA,0.836476958180443,"Frankia","Genus","Frankia","d__Bacteria;p__Actinomycetota;c__Actinomycetes;o__Frankiales;f__Frankiaceae;g___g__Frankia",-0.00346990971071979,0.0141904372410065
"X186831","Mixture",-0.000716476110320421,NA,-0.00487202874626347,0.00343907652562263,0.738132674850288,40,-0.00251566613295521,NA,0.892749931663251,"Acetoanaerobium","Genus","Acetoanaerobium","d__Bacteria;p__Bacillota;c__Clostridia;o__Peptostreptococcales;f__Filifactoraceae;g___g__Acetoanaerobium",-0.00763074865221827,0.00259941638630785
"X190972","Mixture",-0.00115993571827254,NA,-0.0090004146633776,0.00668054322683252,0.774146138872255,40,-0.0030836865945832,NA,0.892749931663251,"Sedimentibacter","Genus","Sedimentibacter","d__Bacteria;p__Bacillota;c__Tissierellia;o__;f__;g___g__Sedimentibacter",-0.0138084272810712,0.00764105409190479
"X2000","Mixture",-0.000978818932769589,NA,-0.003417416325924,0.00145977846038482,0.438568556257883,40,-0.000447425567857317,NA,0.836476958180443,"Streptosporangium","Genus","Streptosporangium","d__Bacteria;p__Actinomycetota;c__Actinomycetes;o__Streptosporangiales;f__Streptosporangiaceae;g___g__Streptosporangium",-0.00391061555677055,0.00301576442105591
"X2019","Mixture",0.00100362455087224,NA,-0.00345431915704144,0.00546156825878592,0.662679707145055,40,0.00128067287096205,NA,0.892749931663251,"Thermomonospora","Genus","Thermomonospora","d__Bacteria;p__Actinomycetota;c__Actinomycetes;o__Streptosporangiales;f__Thermomonosporaceae;g___g__Thermomonospora",-0.00478602708519733,0.00734737282712142
"X2029","Mixture",-0.00149868635862217,NA,-0.00506448372505829,0.00206711100781396,0.417567034389152,40,-0.000952133467817795,NA,0.836476958180443,"Kibdelosporangium","Genus","Kibdelosporangium","d__Bacteria;p__Actinomycetota;c__Actinomycetes;o__Pseudonocardiales;f__Pseudonocardiaceae;g___g__Kibdelosporangium",-0.00586345504283616,0.00395918810720057
"X204286","Mixture",0.00190909414319065,NA,-0.00550144367447348,0.00931963196085478,0.617865641268364,40,0.0043251651482046,NA,0.882665201811949,"Cobetia","Genus","Cobetia","d__Bacteria;p__Pseudomonadota;c__Gammaproteobacteria;o__Oceanospirillales;f__Halomonadaceae;g___g__Cobetia",-0.00611224771674159,0.0147625780131508
"X2044","Mixture",-2.54442598893294e-05,NA,-0.00422027686590734,0.00416938834612868,0.990605409896447,40,0.000226969397085008,NA,0.990605409896447,"Pimelobacter","Genus","Pimelobacter","d__Bacteria;p__Actinomycetota;c__Actinomycetes;o__Propionibacteriales;f__Nocardioidaceae;g___g__Pimelobacter",-0.00537050493143113,0.00582444372560115
"X2055880","Mixture",-0.00506111068551242,NA,-0.0120398238081458,0.00191760243712095,0.167082839479339,40,-0.0112796517839277,NA,0.836476958180443,"Pseudescherichia","Genus","Pseudescherichia","d__Bacteria;p__Pseudomonadota;c__Gammaproteobacteria;o__Enterobacterales;f__Enterobacteriaceae;g___g__Pseudescherichia",-0.0214247815708756,-0.00113452199697972
"X2304691","Mixture",-0.00322799769094593,NA,-0.00615427531995134,-0.000301720061940517,0.0399981889683312,40,-0.00503603684980058,NA,0.479978267619974,"Thermoclostridium","Genus","Thermoclostridium","d__Bacteria;p__Bacillota;c__Clostridia;o__Eubacteriales;f__Oscillospiraceae;g___g__Thermoclostridium",-0.0101016711733833,2.95974737821595e-05
"X246875","Mixture",0.00220046760385487,NA,-0.0174729071213702,0.0218738423290799,0.828188985764205,40,0.0113774634416815,NA,0.903478893560951,"Algoriphagus","Genus","Algoriphagus","d__Bacteria;p__Bacteroidota;c__Cytophagia;o__Cytophagales;f__Cyclobacteriaceae;g___g__Algoriphagus",-0.017082765555162,0.0398376924385251
"X252306","Mixture",0.00261208703509959,NA,-0.00337824560352033,0.0086024196737195,0.400555444014416,40,0.00193963908129562,NA,0.836476958180443,"Robiginitalea","Genus","Robiginitalea","d__Bacteria;p__Bacteroidota;c__Flavobacteriia;o__Flavobacteriales;f__Flavobacteriaceae;g___g__Robiginitalea",-0.00698541938293308,0.0108646975455243
"X261963","Mixture",0.00132072880178278,NA,-0.00309564118267129,0.00573709878623684,0.562840376496,40,-0.000586746731180811,NA,0.865908271532308,"Kangiella","Genus","Kangiella","d__Bacteria;p__Pseudomonadota;c__Gammaproteobacteria;o__Kangiellales;f__Kangiellaceae;g___g__Kangiella",-0.00657370628367229,0.00540021282131066
"X2698753","Mixture",-0.00336610311964801,NA,-0.00610878781526899,-0.000623418424027025,0.0235620245370423,40,-0.00369040946648931,NA,0.471240490740845,"Fluviispira","Genus","Fluviispira","d__Bacteria;p__Bdellovibrionota;c__Oligoflexia;o__Silvanigrellales;f__Silvanigrellaceae;g___g__Fluviispira",-0.0077863492550837,0.000405530322105077
"X2733","Mixture",-0.0142194501504783,NA,-0.0477528151024695,0.0193139148015128,0.41348422226789,40,-0.0239167145765539,NA,0.836476958180443,"Symbiobacterium","Genus","Symbiobacterium","d__Bacteria;p__Bacillota;c__Clostridia;o__Eubacteriales;f__Symbiobacteriaceae;g___g__Symbiobacterium",-0.0674516403530996,0.0196182111999917
"X2755140","Mixture",0.00272827890547553,NA,-0.0033064844102555,0.00876304222120655,0.383692907427556,40,0.00612065449850105,NA,0.836476958180443,"Pseudoleptotrichia","Genus","Pseudoleptotrichia","d__Bacteria;p__Fusobacteriota;c__Fusobacteriia;o__Fusobacteriales;f__Leptotrichiaceae;g___g__Pseudoleptotrichia",-0.00210818754524983,0.0143494965422519
"X2767353","Mixture",0.00359066512057072,NA,-0.0148377855532838,0.0220191157944252,0.705649136991318,40,-0.00187689393500966,NA,0.892749931663251,"Lancefieldella","Genus","Lancefieldella","d__Bacteria;p__Actinomycetota;c__Coriobacteriia;o__Coriobacteriales;f__Atopobiaceae;g___g__Lancefieldella",-0.0287078526358547,0.0249540647658354
"X2781120","Mixture",-0.00425496977771792,NA,-0.0201017555987204,0.0115918160432846,0.603165809114749,40,-0.0084444773124935,NA,0.882665201811949,"Thiosulfativibrio","Genus","Thiosulfativibrio","d__Bacteria;p__Pseudomonadota;c__Gammaproteobacteria;o__Thiotrichales;f__Piscirickettsiaceae;g___g__Thiosulfativibrio",-0.0289947107469468,0.0121057561219598
"X2792240","Mixture",-0.00132417399786394,NA,-0.0106182567522806,0.00796990875655272,0.782265523580427,40,0.000448536813935775,NA,0.892749931663251,"Thiospirochaeta","Genus","Thiospirochaeta","d__Bacteria;p__Spirochaetota;c__Spirochaetia;o__Spirochaetales;f__Spirochaetaceae;g___g__Thiospirochaeta",-0.0123972132269262,0.0132942868547977
"X2847307","Mixture",-0.00476589431280334,NA,-0.00841279743427633,-0.00111899119133034,0.0165753448064563,40,-0.00617583031354706,NA,0.471240490740845,"Thermophilibacter","Genus","Thermophilibacter","d__Bacteria;p__Actinomycetota;c__Coriobacteriia;o__Coriobacteriales;f__Atopobiaceae;g___g__Thermophilibacter",-0.0119846554286702,-0.000367005198423886
"X2892397","Mixture",-0.00209877532219015,NA,-0.00801564837554658,0.00381809773116627,0.49308511518754,40,-2.4607167391017e-05,NA,0.841953587373738,"Pusillibacter","Genus","Pusillibacter","d__Bacteria;p__Bacillota;c__Clostridia;o__Eubacteriales;f__Oscillospiraceae;g___g__Pusillibacter",-0.00830913882899083,0.0082599244942088
"X2894574","Mixture",-0.000710724473418609,NA,-0.0060434658692084,0.00462201692237118,0.795984432824052,40,-0.000992065422793432,NA,0.892749931663251,"Saccharobesus","Genus","Saccharobesus","d__Bacteria;p__Pseudomonadota;c__Gammaproteobacteria;o__Alteromonadales;f__Alteromonadaceae;g___g__Saccharobesus",-0.00815006396550108,0.00616593311991421
"X349742","Mixture",-0.00288708432886948,NA,-0.00914701300872242,0.00337284435098346,0.374328457314611,40,-0.00727896703512602,NA,0.836476958180443,"Sedimenticola","Genus","Sedimenticola","d__Bacteria;p__Pseudomonadota;c__Gammaproteobacteria;o__;f__;g___g__Sedimenticola",-0.0158916066901626,0.00133367261991057
"X41707","Mixture",-0.00221263949395569,NA,-0.00589049492910767,0.00146521594119629,0.249021855078189,40,-0.0023364867856576,NA,0.836476958180443,"Lawsonia","Genus","Lawsonia","d__Bacteria;p__Thermodesulfobacteriota;c__Desulfovibrionia;o__Desulfovibrionales;f__Desulfovibrionaceae;g___g__Lawsonia",-0.00727704015283259,0.00260406658151739
"X42255","Mixture",-0.00326939183361023,NA,-0.00991249611148835,0.00337371244426788,0.34363556666253,40,-0.00533799159412593,NA,0.836476958180443,"Rubrobacter","Genus","Rubrobacter","d__Bacteria;p__Actinomycetota;c__Rubrobacteria;o__Rubrobacterales;f__Rubrobacteraceae;g___g__Rubrobacter",-0.015168663294935,0.00449268010668318
"X44","Mixture",0.00231309529017892,NA,-0.000900333082354164,0.00552652366271201,0.170150114532499,40,0.00248158172209724,NA,0.836476958180443,"Melittangium","Genus","Melittangium","d__Bacteria;p__Myxococcota;c__Myxococcia;o__Myxococcales;f__Archangiaceae;g___g__Melittangium",-0.00213131184959959,0.00709447529379408
"X441","Mixture",0.00065459841066222,NA,-0.00444861191126583,0.00575780873259027,0.803474938496926,40,-0.00105126666533237,NA,0.892749931663251,"Gluconobacter","Genus","Gluconobacter","d__Bacteria;p__Pseudomonadota;c__Alphaproteobacteria;o__Rhodospirillales;f__Acetobacteraceae;g___g__Gluconobacter",-0.00769103353947267,0.00558850020880793
"X44249","Mixture",0.00268154882158186,NA,-0.00623056639469983,0.0115936640378635,0.560462342199857,40,0.00383113997235569,NA,0.865908271532308,"Paenibacillus","Genus","Paenibacillus","d__Bacteria;p__Bacillota;c__Bacilli;o__Bacillales;f__Paenibacillaceae;g___g__Paenibacillus",-0.00818932354926875,0.0158516034939801
"X447237","Mixture",0.0134629565577878,NA,-0.0119645832912633,0.038890496406839,0.308951226223637,40,0.0194642269244161,NA,0.836476958180443,"Frondihabitans","Genus","Frondihabitans","d__Bacteria;p__Actinomycetota;c__Actinomycetes;o__Micrococcales;f__Microbacteriaceae;g___g__Frondihabitans",-0.0159637444802881,0.0548921983291202
"X543311","Mixture",0.000393364107541426,NA,-0.00399306300770956,0.00477979122279241,0.861840505958909,40,3.08087015965789e-06,NA,0.923400542098831,"Parvimonas","Genus","Parvimonas","d__Bacteria;p__Bacillota;c__Tissierellia;o__Tissierellales;f__Peptoniphilaceae;g___g__Parvimonas",-0.00559437871152876,0.00560054045184807
"X60919","Mixture",0.000162839043988675,NA,-0.00561324510496528,0.00593892319294262,0.956357575669087,40,-0.00435737491514238,NA,0.976058719762694,"Sanguibacter","Genus","Sanguibacter","d__Bacteria;p__Actinomycetota;c__Actinomycetes;o__Micrococcales;f__Sanguibacteraceae;g___g__Sanguibacter",-0.0122845530792567,0.00356980324897195
"X74385","Mixture",-0.00457751522327929,NA,-0.0121713281775096,0.003016297730951,0.248115368941818,40,-0.00529240483478516,NA,0.836476958180443,"Gracilibacillus","Genus","Gracilibacillus","d__Bacteria;p__Bacillota;c__Bacilli;o__Bacillales;f__Bacillaceae;g___g__Gracilibacillus",-0.0161649698046317,0.00558016013506132
"X748770","Mixture",-0.00253405514219516,NA,-0.00721008427159117,0.00214197398720084,0.297933079639825,40,-0.00271285155211848,NA,0.836476958180443,"Dolichospermum","Genus","Dolichospermum","d__Bacteria;p__Cyanobacteriota;c__Cyanophyceae;o__Nostocales;f__Aphanizomenonaceae;g___g__Dolichospermum",-0.00994509952143998,0.00451939641720301
"X76890","Mixture",-0.00136511761229871,NA,-0.00485883479294443,0.002128599568347,0.450676487878258,40,-0.00155308372652952,NA,0.836476958180443,"Asticcacaulis","Genus","Asticcacaulis","d__Bacteria;p__Pseudomonadota;c__Alphaproteobacteria;o__Caulobacterales;f__Caulobacteraceae;g___g__Asticcacaulis",-0.00664415204905605,0.00353798459599701
"X773","Mixture",-0.00179184604649008,NA,-0.00560913258698438,0.00202544049400421,0.366023539121011,40,-0.00247026976278769,NA,0.836476958180443,"Bartonella","Genus","Bartonella","d__Bacteria;p__Pseudomonadota;c__Alphaproteobacteria;o__Hyphomicrobiales;f__Bartonellaceae;g___g__Bartonella",-0.00800290059231193,0.00306236106673655
"X80865","Mixture",-0.000869895605519219,NA,-0.00272689244156972,0.000987101230531281,0.366990148948269,40,-0.000814756305068595,NA,0.836476958180443,"Delftia","Genus","Delftia","d__Bacteria;p__Pseudomonadota;c__Betaproteobacteria;o__Burkholderiales;f__Comamonadaceae;g___g__Delftia",-0.00385894561673886,0.00222943300660167
"X81466","Mixture",-0.00387450262847245,NA,-0.0137155738396757,0.00596656858273081,0.447277489329913,40,-0.00209133427310667,NA,0.836476958180443,"Aminobacterium","Genus","Aminobacterium","d__Bacteria;p__Synergistota;c__Synergistia;o__Synergistales;f__Aminobacteriaceae;g___g__Aminobacterium",-0.0160176662930498,0.0118349977468365
"X816","Mixture",0.00116585923251382,NA,-0.00185527107441062,0.00418698953943825,0.456236446057976,40,0.0020603059804649,NA,0.836476958180443,"Bacteroides","Genus","Bacteroides","d__Bacteria;p__Bacteroidota;c__Bacteroidia;o__Bacteroidales;f__Bacteroidaceae;g___g__Bacteroides",-0.00205314371833343,0.00617375567926324
"X872","Mixture",0.00119870553990775,NA,-0.00193437772190978,0.00433178880172528,0.460062326999244,40,0.000959201798505907,NA,0.836476958180443,"Desulfovibrio","Genus","Desulfovibrio","d__Bacteria;p__Thermodesulfobacteriota;c__Desulfovibrionia;o__Desulfovibrionales;f__Desulfovibrionaceae;g___g__Desulfovibrio",-0.00354184822825747,0.00546025182526928
"X881616","Mixture",-0.00163171424483153,NA,-0.00620585197969143,0.00294242349002837,0.490653602407384,40,9.29311900088996e-05,NA,0.841953587373738,"Herbiconiux","Genus","Herbiconiux","d__Bacteria;p__Actinomycetota;c__Actinomycetes;o__Micrococcales;f__Microbacteriaceae;g___g__Herbiconiux",-0.00644467510542653,0.00663053748544433
"X896","Mixture",0.00283241576807299,NA,-0.00192742983029096,0.00759226136643694,0.254078210098485,40,0.00451074580809107,NA,0.836476958180443,"Desulfococcus","Genus","Desulfococcus","d__Bacteria;p__Thermodesulfobacteriota;c__Desulfobacteria;o__Desulfobacterales;f__Desulfococcaceae;g___g__Desulfococcus",-0.00200765329254587,0.011029144908728
"X1096778","PFOS",-0.000182278016659987,0.00107697479735286,-0.00237878259729119,0.00201422656397121,0.866699575733703,40,-0.000163595427292786,0.000966590241571234,0.931712861612312,"Thioalkalispiraceae","Family","Thioalkalispiraceae","d__Bacteria;p__Pseudomonadota;c__Gammaproteobacteria;o__Chromatiales;f__;g___f__Thioalkalispiraceae",NA,NA
"X1096778","PFOA",0.00187122039886459,0.000835550460871083,0.0001671039987753,0.00357533679895388,0.0324360220261876,40,0.00160733412331793,0.000717718109703708,0.648720440523752,"Thioalkalispiraceae","Family","Thioalkalispiraceae","d__Bacteria;p__Pseudomonadota;c__Gammaproteobacteria;o__Chromatiales;f__;g___f__Thioalkalispiraceae",NA,NA
"X1096778","PFNA",0.00123953026209655,0.000699001508519413,-0.000186092713580161,0.00266515323777327,0.0860071827477788,40,0.00191918386982649,0.00108227484326667,0.633491122726302,"Thioalkalispiraceae","Family","Thioalkalispiraceae","d__Bacteria;p__Pseudomonadota;c__Gammaproteobacteria;o__Chromatiales;f__;g___f__Thioalkalispiraceae",NA,NA
"X1096778","PFHxS",-0.0010242449062862,0.00119335206188872,-0.00345810248279312,0.00140961267022073,0.397318907904407,40,-0.00101743540701728,0.00118541828555934,0.785943709193536,"Thioalkalispiraceae","Family","Thioalkalispiraceae","d__Bacteria;p__Pseudomonadota;c__Gammaproteobacteria;o__Chromatiales;f__;g___f__Thioalkalispiraceae",NA,NA
"X1096778","PFBS",-0.000599443026010447,0.000791039273478636,-0.00221277826089777,0.00101389220887688,0.454298016458608,40,-0.000595236015630001,0.000785487602526662,0.755346438192627,"Thioalkalispiraceae","Family","Thioalkalispiraceae","d__Bacteria;p__Pseudomonadota;c__Gammaproteobacteria;o__Chromatiales;f__;g___f__Thioalkalispiraceae",NA,NA
"X1106","PFNA",-0.000322767995885041,0.000524615173979904,-0.00139272769740065,0.000747191705630563,0.542882093428171,40,-0.000499746678512753,0.000812269785221285,0.847622877708406,"Chloroflexaceae","Family","Chloroflexaceae","d__Bacteria;p__Chloroflexota;c__Chloroflexia;o__Chloroflexales;f__;g___f__Chloroflexaceae",NA,NA
"X1106","PFHxS",-0.0010451582558293,0.000848210589428207,-0.00277509515834396,0.000684778646685349,0.227141819047404,40,-0.00103820971809649,0.000842571421146142,0.785943709193536,"Chloroflexaceae","Family","Chloroflexaceae","d__Bacteria;p__Chloroflexota;c__Chloroflexia;o__Chloroflexales;f__;g___f__Chloroflexaceae",NA,NA
"X1106","PFOA",0.000497819794961042,0.000641770593623991,-0.000811079960236894,0.00180671955015898,0.443805427010722,40,0.000427615445080406,0.00055126578093086,0.769333912646117,"Chloroflexaceae","Family","Chloroflexaceae","d__Bacteria;p__Chloroflexota;c__Chloroflexia;o__Chloroflexales;f__;g___f__Chloroflexaceae",NA,NA
"X1106","PFOS",-0.000435143833497428,0.00077126944177011,-0.00200815823078222,0.00113787056378736,0.576683223050646,40,-0.000390543756615603,0.000692218163200738,0.930514322656617,"Chloroflexaceae","Family","Chloroflexaceae","d__Bacteria;p__Chloroflexota;c__Chloroflexia;o__Chloroflexales;f__;g___f__Chloroflexaceae",NA,NA
"X1106","PFBS",0.000561643324397092,0.000565456430303739,-0.000591612668558696,0.00171489931735288,0.328275044113023,40,0.000557701599840594,0.000561487944611595,0.72950009802894,"Chloroflexaceae","Family","Chloroflexaceae","d__Bacteria;p__Chloroflexota;c__Chloroflexia;o__Chloroflexales;f__;g___f__Chloroflexaceae",NA,NA
"X1185","PFOS",-0.000212515422087091,0.000676559042011208,-0.00159236668555002,0.00116733584137584,0.755540040403775,40,-0.000190733649178861,0.000607215107969288,0.931712861612312,"Rivulariaceae","Family","Rivulariaceae","d__Bacteria;p__Cyanobacteriota;c__Cyanophyceae;o__Nostocales;f__;g___f__Rivulariaceae",NA,NA
"X1185","PFOA",-0.000472382202560415,0.000560012587023839,-0.00161453540394677,0.000669770998825943,0.405399378823289,40,-0.000405765154058894,0.000481037584432674,0.769333912646117,"Rivulariaceae","Family","Rivulariaceae","d__Bacteria;p__Cyanobacteriota;c__Cyanophyceae;o__Nostocales;f__;g___f__Rivulariaceae",NA,NA
"X1185","PFNA",-2.87455656073338e-06,0.000461367826495137,-0.000943840442432251,0.000938091329310784,0.995068728142641,40,-4.45072036799832e-06,0.000714342939210469,0.995068728142641,"Rivulariaceae","Family","Rivulariaceae","d__Bacteria;p__Cyanobacteriota;c__Cyanophyceae;o__Nostocales;f__;g___f__Rivulariaceae",NA,NA
"X1185","PFHxS",0.000948132003902714,0.000740038147693224,-0.000561185749163909,0.00245744975696934,0.20962725957609,40,0.000941828526923932,0.000735118143507939,0.785943709193536,"Rivulariaceae","Family","Rivulariaceae","d__Bacteria;p__Cyanobacteriota;c__Cyanophyceae;o__Nostocales;f__;g___f__Rivulariaceae",NA,NA
"X1185","PFBS",-0.000652033047615493,0.000488231907317671,-0.00164778858754965,0.000343722492318661,0.191436824703966,40,-0.000647456950003733,0.000484805398687116,0.58903638370451,"Rivulariaceae","Family","Rivulariaceae","d__Bacteria;p__Cyanobacteriota;c__Cyanophyceae;o__Nostocales;f__;g___f__Rivulariaceae",NA,NA
"X119060","PFOS",-0.000704691770059758,0.000609594769896441,-0.00194796850011647,0.000538584959996958,0.256512801186108,40,-0.000632464371431482,0.000547114340412656,0.729737438136427,"Burkholderiaceae","Family","Burkholderiaceae","d__Bacteria;p__Pseudomonadota;c__Betaproteobacteria;o__Burkholderiales;f__;g___f__Burkholderiaceae",NA,NA
"X119060","PFBS",-0.000381256157185589,0.000456189353752612,-0.00131166047826693,0.000549148163895752,0.409696190076449,40,-0.00037858042564599,0.000452987726135957,0.755346438192627,"Burkholderiaceae","Family","Burkholderiaceae","d__Bacteria;p__Pseudomonadota;c__Betaproteobacteria;o__Burkholderiales;f__;g___f__Burkholderiaceae",NA,NA
"X119060","PFHxS",9.33474546221238e-05,0.000697497501468671,-0.00132920807845113,0.00151590298769538,0.894400530763588,40,9.27268516588061e-05,0.000692860320754205,0.94147424290904,"Burkholderiaceae","Family","Burkholderiaceae","d__Bacteria;p__Pseudomonadota;c__Betaproteobacteria;o__Burkholderiales;f__;g___f__Burkholderiaceae",NA,NA
"X119060","PFNA",0.000660953268137724,0.000406932662682642,-0.000168991369181419,0.00149089790545687,0.114452319089286,40,0.00102336416440006,0.000630060133429189,0.633491122726302,"Burkholderiaceae","Family","Burkholderiaceae","d__Bacteria;p__Pseudomonadota;c__Betaproteobacteria;o__Burkholderiales;f__;g___f__Burkholderiaceae",NA,NA
"X119060","PFOA",-0.000331788219975543,0.000516974803514423,-0.00138616528319135,0.000722588843240264,0.525728423078518,40,-0.000284998243929574,0.000444069144975393,0.769333912646117,"Burkholderiaceae","Family","Burkholderiaceae","d__Bacteria;p__Pseudomonadota;c__Betaproteobacteria;o__Burkholderiales;f__;g___f__Burkholderiaceae",NA,NA
"X1706371","PFOS",-0.00172882871220308,0.000997668669755122,-0.00376358737921706,0.000305929954810912,0.0930579771059941,40,-0.00155163237493677,0.000895412597283558,0.729737438136427,"Cellvibrionaceae","Family","Cellvibrionaceae","d__Bacteria;p__Pseudomonadota;c__Gammaproteobacteria;o__Cellvibrionales;f__;g___f__Cellvibrionaceae",NA,NA
"X1706371","PFBS",0.000119625593024171,0.000773879489594481,-0.00145871203189416,0.0016979632179425,0.878155183930279,40,0.000118786036819857,0.000768448249418736,0.878155183930279,"Cellvibrionaceae","Family","Cellvibrionaceae","d__Bacteria;p__Pseudomonadota;c__Gammaproteobacteria;o__Cellvibrionales;f__;g___f__Cellvibrionaceae",NA,NA
"X1706371","PFHxS",-0.000715205873129906,0.00116384752161263,-0.003088888543014,0.00165847679675419,0.543357108968554,40,-0.000710450961643102,0.00115610990065996,0.790490449634833,"Cellvibrionaceae","Family","Cellvibrionaceae","d__Bacteria;p__Pseudomonadota;c__Gammaproteobacteria;o__Cellvibrionales;f__;g___f__Cellvibrionaceae",NA,NA
"X1706371","PFNA",0.00138139224998531,0.000666735376019056,2.15764854062748e-05,0.00274120801456434,0.0466847499389512,40,0.00213883097907666,0.0010323166914329,0.622463332519349,"Cellvibrionaceae","Family","Cellvibrionaceae","d__Bacteria;p__Pseudomonadota;c__Gammaproteobacteria;o__Cellvibrionales;f__;g___f__Cellvibrionaceae",NA,NA
"X1706371","PFOA",0.00142436836540706,0.000835050926253642,-0.000278729227113023,0.00312746595792714,0.0980610272454537,40,0.00122349878148107,0.000717289021266623,0.769333912646117,"Cellvibrionaceae","Family","Cellvibrionaceae","d__Bacteria;p__Pseudomonadota;c__Gammaproteobacteria;o__Cellvibrionales;f__;g___f__Cellvibrionaceae",NA,NA
"X1706373","PFOA",0.000136113179409664,0.00118806505934493,-0.00228696148431806,0.00255918784313739,0.909527092667813,40,0.000116918006040976,0.00102051982319429,0.954826626701691,"Microbulbiferaceae","Family","Microbulbiferaceae","d__Bacteria;p__Pseudomonadota;c__Gammaproteobacteria;o__Cellvibrionales;f__;g___f__Microbulbiferaceae",NA,NA
"X1706373","PFOS",0.00102697605008353,0.00140966550894578,-0.00184805571033262,0.00390200781049969,0.4717604961627,40,0.000921716117014091,0.00126518181128812,0.930514322656617,"Microbulbiferaceae","Family","Microbulbiferaceae","d__Bacteria;p__Pseudomonadota;c__Gammaproteobacteria;o__Cellvibrionales;f__;g___f__Microbulbiferaceae",NA,NA
"X1706373","PFNA",-0.00029674540875921,0.00096648442638808,-0.00226790339211042,0.001674412574592,0.760869146860416,40,-0.000459455504517068,0.00149642278069531,0.988089963680891,"Microbulbiferaceae","Family","Microbulbiferaceae","d__Bacteria;p__Pseudomonadota;c__Gammaproteobacteria;o__Cellvibrionales;f__;g___f__Microbulbiferaceae",NA,NA
"X1706373","PFHxS",0.000846488632369405,0.00158590855623652,-0.0023879931928301,0.00408097045756891,0.597317038990577,40,0.00084086091219439,0.00157536494202084,0.790490449634833,"Microbulbiferaceae","Family","Microbulbiferaceae","d__Bacteria;p__Pseudomonadota;c__Gammaproteobacteria;o__Cellvibrionales;f__;g___f__Microbulbiferaceae",NA,NA
"X1706373","PFBS",-0.000233552954263718,0.00105253208827783,-0.00238020630107005,0.00191310039254261,0.825849965413714,40,-0.000231913833179083,0.001045145208743,0.869315753067068,"Microbulbiferaceae","Family","Microbulbiferaceae","d__Bacteria;p__Pseudomonadota;c__Gammaproteobacteria;o__Cellvibrionales;f__;g___f__Microbulbiferaceae",NA,NA
"X1769717","PFOS",0.00231242300994698,0.00225842941457498,-0.00229367414881585,0.00691852016870981,0.31380300955968,40,0.00207541116216781,0.00202695164155302,0.776806034115481,"Mesoaciditogaceae","Family","Mesoaciditogaceae","d__Bacteria;p__Thermotogota;c__Thermotogae;o__Mesoaciditogales;f__;g___f__Mesoaciditogaceae",NA,NA
"X1769717","PFOA",-0.000109603275612122,0.00191926834179628,-0.00402397686594858,0.00380477031472434,0.954826626701691,40,-9.41466248581291e-05,0.00164860617137609,0.954826626701691,"Mesoaciditogaceae","Family","Mesoaciditogaceae","d__Bacteria;p__Thermotogota;c__Thermotogae;o__Mesoaciditogales;f__;g___f__Mesoaciditogaceae",NA,NA
"X1769717","PFNA",0.00109183169190738,0.00155109088694336,-0.00207163902859653,0.00425530241241129,0.486741713725603,40,0.00169049988995814,0.00240157800247775,0.847622877708406,"Mesoaciditogaceae","Family","Mesoaciditogaceae","d__Bacteria;p__Thermotogota;c__Thermotogae;o__Mesoaciditogales;f__;g___f__Mesoaciditogaceae",NA,NA
"X1769717","PFHxS",6.77177003053422e-05,0.0025732749776423,-0.00518051121787154,0.00531594661848222,0.979174158586564,40,6.72674919343836e-05,0.0025561670438157,0.979174158586564,"Mesoaciditogaceae","Family","Mesoaciditogaceae","d__Bacteria;p__Thermotogota;c__Thermotogae;o__Mesoaciditogales;f__;g___f__Mesoaciditogaceae",NA,NA
"X1769717","PFBS",-0.00128671925558431,0.00168563139375863,-0.00472458714882296,0.00215114863765433,0.451027911744397,40,-0.00127768880393157,0.00167380129738009,0.755346438192627,"Mesoaciditogaceae","Family","Mesoaciditogaceae","d__Bacteria;p__Thermotogota;c__Thermotogae;o__Mesoaciditogales;f__;g___f__Mesoaciditogaceae",NA,NA
"X1775411","PFOS",0.00124880967635241,0.00224229346573913,-0.00332437799778934,0.00582199735049417,0.581571451660386,40,0.00112081290083011,0.00201246954715159,0.930514322656617,"Rhodanobacteraceae","Family","Rhodanobacteraceae","d__Bacteria;p__Pseudomonadota;c__Gammaproteobacteria;o__Xanthomonadales;f__;g___f__Rhodanobacteraceae",NA,NA
"X1775411","PFOA",0.00197283913899985,0.00184995223705073,-0.00180016332365624,0.00574584160165593,0.294466022497925,40,0.00169462222080077,0.00158906527468609,0.769333912646117,"Rhodanobacteraceae","Family","Rhodanobacteraceae","d__Bacteria;p__Pseudomonadota;c__Gammaproteobacteria;o__Xanthomonadales;f__;g___f__Rhodanobacteraceae",NA,NA
"X1775411","PFNA",-0.00151225198014443,0.00151005330521235,-0.00459202600090035,0.00156752204061149,0.324359820518726,40,-0.00234144312257242,0.00233803888018022,0.763199577691119,"Rhodanobacteraceae","Family","Rhodanobacteraceae","d__Bacteria;p__Pseudomonadota;c__Gammaproteobacteria;o__Xanthomonadales;f__;g___f__Rhodanobacteraceae",NA,NA
"X1775411","PFHxS",-0.00271554547353166,0.0024777753505375,-0.00776900161810246,0.00233791067103915,0.281537303752184,40,-0.00269749168112007,0.00246130232798746,0.785943709193536,"Rhodanobacteraceae","Family","Rhodanobacteraceae","d__Bacteria;p__Pseudomonadota;c__Gammaproteobacteria;o__Xanthomonadales;f__;g___f__Rhodanobacteraceae",NA,NA
"X1775411","PFBS",-0.000854164038573816,0.00166261224334364,-0.00424508406501647,0.00253675598786884,0.611070761334072,40,-0.000848169345465449,0.00165094369994102,0.755346438192627,"Rhodanobacteraceae","Family","Rhodanobacteraceae","d__Bacteria;p__Pseudomonadota;c__Gammaproteobacteria;o__Xanthomonadales;f__;g___f__Rhodanobacteraceae",NA,NA
"X1783343","PFOS",-0.00241447638417265,0.00211744813718927,-0.00673304033201719,0.00190408756367189,0.262904648000985,40,-0.00216700457353492,0.00190042024332512,0.729737438136427,"Endomicrobiaceae","Family","Endomicrobiaceae","d__Bacteria;p__Elusimicrobiota;c__Endomicrobiia;o__Endomicrobiales;f__;g___f__Endomicrobiaceae",NA,NA
"X1783343","PFOA",0.00225810769776055,0.00176049878177582,-0.00133245324003573,0.00584866863555684,0.209121998466985,40,0.00193966117456807,0.00151222686954723,0.769333912646117,"Endomicrobiaceae","Family","Endomicrobiaceae","d__Bacteria;p__Elusimicrobiota;c__Endomicrobiia;o__Endomicrobiales;f__;g___f__Endomicrobiaceae",NA,NA
"X1783343","PFNA",0.0011852958927276,0.00145610936998688,-0.00178445874678443,0.00415505053223964,0.421844990852282,40,0.00183521195718674,0.00225451665121537,0.814604937984117,"Endomicrobiaceae","Family","Endomicrobiaceae","d__Bacteria;p__Elusimicrobiota;c__Endomicrobiia;o__Endomicrobiales;f__;g___f__Endomicrobiaceae",NA,NA
"X1783343","PFHxS",-0.00159676514234287,0.00240508948589787,-0.0065019774886182,0.00330844720393247,0.511655307120509,40,-0.00158614935016008,0.00238909970162325,0.790490449634833,"Endomicrobiaceae","Family","Endomicrobiaceae","d__Bacteria;p__Elusimicrobiota;c__Endomicrobiia;o__Endomicrobiales;f__;g___f__Endomicrobiaceae",NA,NA
"X1783343","PFBS",0.00171258307221368,0.00157162938595164,-0.00149277619318642,0.00491794233761378,0.28424979837684,40,0.00170056382359529,0.00156059937833788,0.66882305500433,"Endomicrobiaceae","Family","Endomicrobiaceae","d__Bacteria;p__Elusimicrobiota;c__Endomicrobiia;o__Endomicrobiales;f__;g___f__Endomicrobiaceae",NA,NA
"X186827","PFBS",-0.000229731597117126,0.000355241633523917,-0.000954251685408979,0.000494788491174727,0.522591582075836,40,-0.00022811929507698,0.000352748477085433,0.755346438192627,"Aerococcaceae","Family","Aerococcaceae","d__Bacteria;p__Bacillota;c__Bacilli;o__Lactobacillales;f__;g___f__Aerococcaceae",NA,NA
"X186827","PFHxS",-0.000342243649415699,0.000537397729894676,-0.0014382735455988,0.000753786246767397,0.528895489619886,40,-0.000339968306998877,0.000533824942345161,0.790490449634833,"Aerococcaceae","Family","Aerococcaceae","d__Bacteria;p__Bacillota;c__Bacilli;o__Lactobacillales;f__;g___f__Aerococcaceae",NA,NA
"X186827","PFNA",-0.00013442248294262,0.000327742531297184,-0.000802857782479222,0.000534012816593982,0.684519243095929,40,-0.000208128408716017,0.000507448828605254,0.944164473235764,"Aerococcaceae","Family","Aerococcaceae","d__Bacteria;p__Bacillota;c__Bacilli;o__Lactobacillales;f__;g___f__Aerococcaceae",NA,NA
"X186827","PFOA",0.00053556788270551,0.000391811643570226,-0.000263537232810642,0.00133467299822166,0.181487904186357,40,0.000460040160821266,0.000336556947009468,0.769333912646117,"Aerococcaceae","Family","Aerococcaceae","d__Bacteria;p__Bacillota;c__Bacilli;o__Lactobacillales;f__;g___f__Aerococcaceae",NA,NA
"X186827","PFOS",-0.000624341930495192,0.000469470212835271,-0.00158183274225531,0.000333148881264928,0.193258504578844,40,-0.000560349990458203,0.000421351852940591,0.729737438136427,"Aerococcaceae","Family","Aerococcaceae","d__Bacteria;p__Bacillota;c__Bacilli;o__Lactobacillales;f__;g___f__Aerococcaceae",NA,NA
"X188709","PFHxS",-0.00221366311553544,0.00191046265405414,-0.00611007738731703,0.00168275115624615,0.255424745190474,40,-0.00219894599341519,0.00189776130307234,0.785943709193536,"Thermotogaceae","Family","Thermotogaceae","d__Bacteria;p__Thermotogota;c__Thermotogae;o__Thermotogales;f__;g___f__Thermotogaceae",NA,NA
"X188709","PFNA",-0.00138503699396999,0.00115919941548545,-0.00374923978890742,0.00097916580096743,0.241218109104176,40,-0.00214447419254144,0.00179480637798149,0.763199577691119,"Thermotogaceae","Family","Thermotogaceae","d__Bacteria;p__Thermotogota;c__Thermotogae;o__Thermotogales;f__;g___f__Thermotogaceae",NA,NA
"X188709","PFOA",-0.000857642914015506,0.00144732756697463,-0.00380948694820045,0.00209420112016944,0.557767086668435,40,-0.000736695005118262,0.001243220193318,0.769333912646117,"Thermotogaceae","Family","Thermotogaceae","d__Bacteria;p__Thermotogota;c__Thermotogae;o__Thermotogales;f__;g___f__Thermotogaceae",NA,NA
"X188709","PFOS",-0.0019028908241824,0.00170746855958495,-0.00538529591075501,0.00157951426239022,0.27365153930116,40,-0.00170785398688166,0.00153246153163579,0.729737438136427,"Thermotogaceae","Family","Thermotogaceae","d__Bacteria;p__Thermotogota;c__Thermotogae;o__Thermotogales;f__;g___f__Thermotogaceae",NA,NA
"X188709","PFBS",-0.000418250246516186,0.00128802150085307,-0.00304518741675371,0.00220868692372134,0.747571929864916,40,-0.000415314883099868,0.00127898190978402,0.830635477627684,"Thermotogaceae","Family","Thermotogaceae","d__Bacteria;p__Thermotogota;c__Thermotogae;o__Thermotogales;f__;g___f__Thermotogaceae",NA,NA
"X1890438","PFOS",-0.00272804875953916,0.00174930871056173,-0.00629578739662817,0.000839689877549861,0.129029732126847,40,-0.00244843734132166,0.00157001327540865,0.729737438136427,"Leptolyngbyaceae","Family","Leptolyngbyaceae","d__Bacteria;p__Cyanobacteriota;c__Cyanophyceae;o__Leptolyngbyales;f__;g___f__Leptolyngbyaceae",NA,NA
"X1890438","PFOA",0.000269618974659628,0.00151766490339539,-0.00282567900293918,0.00336491695225844,0.860150621036279,40,0.00023159633067669,0.00130363830389493,0.954826626701691,"Leptolyngbyaceae","Family","Leptolyngbyaceae","d__Bacteria;p__Cyanobacteriota;c__Cyanophyceae;o__Leptolyngbyales;f__;g___f__Leptolyngbyaceae",NA,NA
"X1890438","PFNA",0.0010087776640047,0.00122351310064469,-0.00148659375660229,0.0035041490846117,0.415958780437046,40,0.00156190605441489,0.0018943842511009,0.814604937984117,"Leptolyngbyaceae","Family","Leptolyngbyaceae","d__Bacteria;p__Cyanobacteriota;c__Cyanophyceae;o__Leptolyngbyales;f__;g___f__Leptolyngbyaceae",NA,NA
"X1890438","PFHxS",-0.000914541470028322,0.00202913570335201,-0.00505299102157777,0.00322390808152113,0.655338936265996,40,-0.0009084613133848,0.00201564537696259,0.794350225776965,"Leptolyngbyaceae","Family","Leptolyngbyaceae","d__Bacteria;p__Cyanobacteriota;c__Cyanophyceae;o__Leptolyngbyales;f__;g___f__Leptolyngbyaceae",NA,NA
"X1890438","PFBS",0.00178174527924157,0.00130740424215511,-0.000884723252509493,0.00444821381099263,0.182760465996884,40,0.00176924063649851,0.00129822861915255,0.58903638370451,"Leptolyngbyaceae","Family","Leptolyngbyaceae","d__Bacteria;p__Cyanobacteriota;c__Cyanophyceae;o__Leptolyngbyales;f__;g___f__Leptolyngbyaceae",NA,NA
"X1892251","PFOS",0.0021712234425087,0.00194612303709621,-0.00179792065999084,0.00614036754500825,0.273139126664885,40,0.00194868384753112,0.0017466551131724,0.729737438136427,"Coleofasciculaceae","Family","Coleofasciculaceae","d__Bacteria;p__Cyanobacteriota;c__Cyanophyceae;o__Coleofasciculales;f__;g___f__Coleofasciculaceae",NA,NA
"X1892251","PFOA",0.00673091474401232,0.00113615532898988,0.00441371067334252,0.00904811881468212,1.52232204238563e-06,40,0.00578169677701213,0.000975930590957123,6.08928816954251e-05,"Coleofasciculaceae","Family","Coleofasciculaceae","d__Bacteria;p__Cyanobacteriota;c__Cyanophyceae;o__Coleofasciculales;f__;g___f__Coleofasciculaceae",NA,NA
"X1892251","PFNA",-0.0018986984951329,0.00130762274861399,-0.00456561267374497,0.000768215683479164,0.156541863589725,40,-0.00293978423677974,0.00202461251951481,0.695741615954332,"Coleofasciculaceae","Family","Coleofasciculaceae","d__Bacteria;p__Cyanobacteriota;c__Cyanophyceae;o__Coleofasciculales;f__;g___f__Coleofasciculaceae",NA,NA
"X1892251","PFHxS",-0.00209524880432302,0.00219217089302934,-0.00656621081745518,0.00237571320880913,0.346574393597669,40,-0.00208131893743898,0.0021775966579008,0.785943709193536,"Coleofasciculaceae","Family","Coleofasciculaceae","d__Bacteria;p__Cyanobacteriota;c__Cyanophyceae;o__Coleofasciculales;f__;g___f__Coleofasciculaceae",NA,NA
"X1892251","PFBS",0.000701078553828799,0.00146520525339726,-0.00228722726220556,0.00368938436986316,0.635662632865069,40,0.000696158245099718,0.00145492215151258,0.755346438192627,"Coleofasciculaceae","Family","Coleofasciculaceae","d__Bacteria;p__Cyanobacteriota;c__Cyanophyceae;o__Coleofasciculales;f__;g___f__Coleofasciculaceae",NA,NA
"X2066474","PFOS",0.00149025464829846,0.00150626780795767,-0.00158179879990524,0.00456230809650216,0.330142564499079,40,0.00133751096501241,0.00135188285551658,0.776806034115481,"Endozoicomonadaceae","Family","Endozoicomonadaceae","d__Bacteria;p__Pseudomonadota;c__Gammaproteobacteria;o__Oceanospirillales;f__;g___f__Endozoicomonadaceae",NA,NA
"X2066474","PFOA",-0.000645516559674379,0.0012734742343762,-0.003242784384324,0.00195175126497524,0.615815988832839,40,-0.000554483477286261,0.0010938842871321,0.821087985110452,"Endozoicomonadaceae","Family","Endozoicomonadaceae","d__Bacteria;p__Pseudomonadota;c__Gammaproteobacteria;o__Oceanospirillales;f__;g___f__Endozoicomonadaceae",NA,NA
"X2066474","PFNA",0.00254877288375213,0.000935624137804202,0.000640554873927415,0.00445699089357685,0.0104968305893951,40,0.00394630446381729,0.00144864131873391,0.419873223575804,"Endozoicomonadaceae","Family","Endozoicomonadaceae","d__Bacteria;p__Pseudomonadota;c__Gammaproteobacteria;o__Oceanospirillales;f__;g___f__Endozoicomonadaceae",NA,NA
"X2066474","PFHxS",0.00135946545773285,0.00169693519075956,-0.00210145668148452,0.00482038759695021,0.429154370862213,40,0.00135042730779065,0.00168565343688414,0.785943709193536,"Endozoicomonadaceae","Family","Endozoicomonadaceae","d__Bacteria;p__Pseudomonadota;c__Gammaproteobacteria;o__Oceanospirillales;f__;g___f__Endozoicomonadaceae",NA,NA
"X2066474","PFBS",-0.00134326832989338,0.00110755098236164,-0.0036021334509895,0.00091559679120273,0.234357365317548,40,-0.00133384100559003,0.00109977796928535,0.599799960440121,"Endozoicomonadaceae","Family","Endozoicomonadaceae","d__Bacteria;p__Pseudomonadota;c__Gammaproteobacteria;o__Oceanospirillales;f__;g___f__Endozoicomonadaceae",NA,NA
"X213121","PFOS",0.00307878128507081,0.00172907589336403,-0.000447692249285009,0.00660525481942662,0.0847821211562573,40,0.00276322152885678,0.00155185422125913,0.729737438136427,"Desulfobulbaceae","Family","Desulfobulbaceae","d__Bacteria;p__Thermodesulfobacteriota;c__Desulfobulbia;o__Desulfobulbales;f__;g___f__Desulfobulbaceae",NA,NA
"X213121","PFBS",0.0020306615255894,0.00129465249057791,-0.000609799637354849,0.00467112268853366,0.126916929940796,40,0.00201640993912224,0.00128556636190413,0.58903638370451,"Desulfobulbaceae","Family","Desulfobulbaceae","d__Bacteria;p__Thermodesulfobacteriota;c__Desulfobulbia;o__Desulfobulbales;f__;g___f__Desulfobulbaceae",NA,NA
"X213121","PFHxS",-0.000621786408742748,0.00203126167529344,-0.00476457190865342,0.00352099909116793,0.761568472550903,40,-0.000617652578962616,0.00201775721478015,0.895962908883415,"Desulfobulbaceae","Family","Desulfobulbaceae","d__Bacteria;p__Thermodesulfobacteriota;c__Desulfobulbia;o__Desulfobulbales;f__;g___f__Desulfobulbaceae",NA,NA
"X213121","PFNA",8.42553669579064e-05,0.00123588552249427,-0.0024363497743758,0.00260486050829161,0.946084891273238,40,0.000130453887376999,0.00191354066314705,0.988089963680891,"Desulfobulbaceae","Family","Desulfobulbaceae","d__Bacteria;p__Thermodesulfobacteriota;c__Desulfobulbia;o__Desulfobulbales;f__;g___f__Desulfobulbaceae",NA,NA
"X213121","PFOA",0.00105904432895856,0.00150539121074764,-0.00201122128744822,0.00412930994536535,0.486994189833055,40,0.000909694063336586,0.00129309549182222,0.769333912646117,"Desulfobulbaceae","Family","Desulfobulbaceae","d__Bacteria;p__Thermodesulfobacteriota;c__Desulfobulbia;o__Desulfobulbales;f__;g___f__Desulfobulbaceae",NA,NA
"X2162846","PFOS",0.000722656901020881,0.00112230878725133,-0.00156630696158706,0.00301162076362882,0.524374694112538,40,0.000648588165895616,0.00100727772316789,0.930514322656617,"Candidatus Nanopelagicaceae","Family","Candidatus Nanopelagicaceae","d__Bacteria;p__Actinomycetota;c__Actinomycetes;o__Candidatus Nanopelagicales;f__;g___f__Candidatus_Nanopelagicaceae",NA,NA
"X2162846","PFOA",-7.10193059540869e-05,0.000944251125350294,-0.00199683217288095,0.00185479356097278,0.94052907057511,40,-6.10039062975288e-05,0.000811089412918863,0.954826626701691,"Candidatus Nanopelagicaceae","Family","Candidatus Nanopelagicaceae","d__Bacteria;p__Actinomycetota;c__Actinomycetes;o__Candidatus Nanopelagicales;f__;g___f__Candidatus_Nanopelagicaceae",NA,NA
"X2162846","PFNA",0.000461072904775946,0.000764746997683182,-0.00109863888009019,0.00202078468964208,0.550954870510464,40,0.000713886307352708,0.00118406960066415,0.847622877708406,"Candidatus Nanopelagicaceae","Family","Candidatus Nanopelagicaceae","d__Bacteria;p__Actinomycetota;c__Actinomycetes;o__Candidatus Nanopelagicales;f__;g___f__Candidatus_Nanopelagicaceae",NA,NA
"X2162846","PFBS",0.000699861931724589,0.000827604071425719,-0.000988047700240578,0.00238777156368976,0.404229235874044,40,0.000694950161491411,0.000821795781449339,0.755346438192627,"Candidatus Nanopelagicaceae","Family","Candidatus Nanopelagicaceae","d__Bacteria;p__Actinomycetota;c__Actinomycetes;o__Candidatus Nanopelagicales;f__;g___f__Candidatus_Nanopelagicaceae",NA,NA
"X2162846","PFHxS",0.00127954847563812,0.00124504340710032,-0.00125973429449019,0.00381883124576643,0.312037008246766,40,0.00127104163869324,0.0012367659706021,0.785943709193536,"Candidatus Nanopelagicaceae","Family","Candidatus Nanopelagicaceae","d__Bacteria;p__Actinomycetota;c__Actinomycetes;o__Candidatus Nanopelagicales;f__;g___f__Candidatus_Nanopelagicaceae",NA,NA
"X2211325","PFHxS",0.000872060076172111,0.00115062408273329,-0.00147465321230997,0.0032187733646542,0.45423306945078,40,0.000866262349071202,0.00114297437532242,0.789970555566574,"Vicinamibacteraceae","Family","Vicinamibacteraceae","d__Bacteria;p__Acidobacteriota;c__Vicinamibacteria;o__Vicinamibacterales;f__;g___f__Vicinamibacteraceae",NA,NA
"X2211325","PFNA",0.000735487834263136,0.000693043899164543,-0.000677984517025945,0.00214896018555222,0.296777904275173,40,0.00113876718554975,0.00107305058458883,0.763199577691119,"Vicinamibacteraceae","Family","Vicinamibacteraceae","d__Bacteria;p__Acidobacteriota;c__Vicinamibacteria;o__Vicinamibacterales;f__;g___f__Vicinamibacteraceae",NA,NA
"X2211325","PFOA",-0.000625119417027221,0.000858831609869182,-0.00237671803354569,0.00112647919949125,0.472154319962355,40,-0.000536962813544644,0.000737716066778887,0.769333912646117,"Vicinamibacteraceae","Family","Vicinamibacteraceae","d__Bacteria;p__Acidobacteriota;c__Vicinamibacteria;o__Vicinamibacterales;f__;g___f__Vicinamibacteraceae",NA,NA
"X2211325","PFOS",-0.000577008116191983,0.00103103912403065,-0.00267982627341327,0.00152581004102931,0.579748279158512,40,-0.000517867656503608,0.000925362746106733,0.930514322656617,"Vicinamibacteraceae","Family","Vicinamibacteraceae","d__Bacteria;p__Acidobacteriota;c__Vicinamibacteria;o__Vicinamibacterales;f__;g___f__Vicinamibacteraceae",NA,NA
"X2211325","PFBS",-0.0010694088362676,0.000743364914871655,-0.00258551157572766,0.000446693903192466,0.160282812694261,40,-0.00106190351235873,0.000738147832050393,0.58903638370451,"Vicinamibacteraceae","Family","Vicinamibacteraceae","d__Bacteria;p__Acidobacteriota;c__Vicinamibacteria;o__Vicinamibacterales;f__;g___f__Vicinamibacteraceae",NA,NA
"X2448023","PFOS",-0.000416601533326274,0.000575434261470623,-0.0015902074471128,0.000757004380460248,0.474507954278317,40,-0.000373901949912441,0.000516455114056879,0.930514322656617,"Ilumatobacteraceae","Family","Ilumatobacteraceae","d__Bacteria;p__Actinomycetota;c__Acidimicrobiia;o__Acidimicrobiales;f__;g___f__Ilumatobacteraceae",NA,NA
"X2448023","PFBS",-0.000872826280962082,0.000400348248168759,-0.00168934191634351,-5.63106455806521e-05,0.0369595266859661,40,-0.000866700612524879,0.000397538524537392,0.58903638370451,"Ilumatobacteraceae","Family","Ilumatobacteraceae","d__Bacteria;p__Actinomycetota;c__Acidimicrobiia;o__Acidimicrobiales;f__;g___f__Ilumatobacteraceae",NA,NA
"X2448023","PFHxS",-0.00063265760031547,0.000640272992920662,-0.00193850297874163,0.000673187778110691,0.330750812518045,40,-0.000628451495466542,0.000636016258568907,0.785943709193536,"Ilumatobacteraceae","Family","Ilumatobacteraceae","d__Bacteria;p__Actinomycetota;c__Acidimicrobiia;o__Acidimicrobiales;f__;g___f__Ilumatobacteraceae",NA,NA
"X2448023","PFOA",0.000318115976059497,0.000481650456788813,-0.000664216607024259,0.00130044855914325,0.513830168551847,40,0.00027325410935199,0.000413726365519569,0.769333912646117,"Ilumatobacteraceae","Family","Ilumatobacteraceae","d__Bacteria;p__Actinomycetota;c__Acidimicrobiia;o__Acidimicrobiales;f__;g___f__Ilumatobacteraceae",NA,NA
"X2448023","PFNA",0.00011397476434714,0.000394552337046995,-0.000690720032367335,0.000918669561061614,0.774603001592862,40,0.000176468889861817,0.00061089148382886,0.988089963680891,"Ilumatobacteraceae","Family","Ilumatobacteraceae","d__Bacteria;p__Actinomycetota;c__Acidimicrobiia;o__Acidimicrobiales;f__;g___f__Ilumatobacteraceae",NA,NA
"X255474","PFNA",0.00493411333617194,0.00279847856783706,-0.0007734213323839,0.0106416480047278,0.0877331079235118,40,0.00763956396728888,0.0043329276353155,0.633491122726302,"Parvularculaceae","Family","Parvularculaceae","d__Bacteria;p__Pseudomonadota;c__Alphaproteobacteria;o__Parvularculales;f__;g___f__Parvularculaceae",NA,NA
"X255474","PFHxS",0.00337068284305774,0.00479344395132324,-0.00640561055021353,0.013146976236329,0.487187737752901,40,0.00334827349328732,0.00476157564240436,0.790490449634833,"Parvularculaceae","Family","Parvularculaceae","d__Bacteria;p__Pseudomonadota;c__Alphaproteobacteria;o__Parvularculales;f__;g___f__Parvularculaceae",NA,NA
"X255474","PFOA",-0.00215025428102144,0.0035829700844121,-0.00945776994621599,0.0051572613841731,0.552780542414414,40,-0.00184701763714918,0.00307768667068685,0.769333912646117,"Parvularculaceae","Family","Parvularculaceae","d__Bacteria;p__Pseudomonadota;c__Alphaproteobacteria;o__Parvularculales;f__;g___f__Parvularculaceae",NA,NA
"X255474","PFOS",-0.00547465129463247,0.00419781193083793,-0.0140361451730197,0.00308684258375475,0.201777198842023,40,-0.00491352678855984,0.00376755710372471,0.729737438136427,"Parvularculaceae","Family","Parvularculaceae","d__Bacteria;p__Pseudomonadota;c__Alphaproteobacteria;o__Parvularculales;f__;g___f__Parvularculaceae",NA,NA
"X255474","PFBS",0.00455505577876963,0.00308793670275049,-0.00174283264811098,0.0108529442056502,0.150267163341181,40,0.004523087491354,0.00306626494880734,0.58903638370451,"Parvularculaceae","Family","Parvularculaceae","d__Bacteria;p__Pseudomonadota;c__Alphaproteobacteria;o__Parvularculales;f__;g___f__Parvularculaceae",NA,NA
"X267890","PFOA",-0.000969753816365762,0.000716051675615185,-0.00243015083709761,0.000490643204366087,0.185428621498349,40,-0.000832995622112857,0.00061507147579923,0.769333912646117,"Shewanellaceae","Family","Shewanellaceae","d__Bacteria;p__Pseudomonadota;c__Gammaproteobacteria;o__Alteromonadales;f__;g___f__Shewanellaceae",NA,NA
"X267890","PFOS",0.00015294005965865,0.000881222792229794,-0.001644325674365,0.0019502057936823,0.863344042292886,40,0.000137264464846097,0.000790901842562244,0.931712861612312,"Shewanellaceae","Family","Shewanellaceae","d__Bacteria;p__Pseudomonadota;c__Gammaproteobacteria;o__Alteromonadales;f__;g___f__Shewanellaceae",NA,NA
"X267890","PFNA",-0.000614921229089114,0.000590024910025956,-0.00181828496679588,0.000588442508617655,0.305381079715034,40,-0.000952092046615786,0.000913544690875355,0.763199577691119,"Shewanellaceae","Family","Shewanellaceae","d__Bacteria;p__Pseudomonadota;c__Gammaproteobacteria;o__Alteromonadales;f__;g___f__Shewanellaceae",NA,NA
"X267890","PFHxS",-0.00144856877014452,0.000953133787722474,-0.00339249794641924,0.000495360406130208,0.138697015475985,40,-0.0014389382336188,0.000946797057326415,0.785943709193536,"Shewanellaceae","Family","Shewanellaceae","d__Bacteria;p__Pseudomonadota;c__Gammaproteobacteria;o__Alteromonadales;f__;g___f__Shewanellaceae",NA,NA
"X267890","PFBS",-0.000585348074859994,0.000644726827442028,-0.00190027710868051,0.000729580958960519,0.37093474622888,40,-0.000581239985650083,0.000640202006336588,0.755346438192627,"Shewanellaceae","Family","Shewanellaceae","d__Bacteria;p__Pseudomonadota;c__Gammaproteobacteria;o__Alteromonadales;f__;g___f__Shewanellaceae",NA,NA
"X2807496","PFOS",-0.0010017189677988,0.000700510063287225,-0.00243041866120909,0.000426980725611494,0.162723399422999,40,-0.000899047759939265,0.000628711268787504,0.729737438136427,"Natranaerofabaceae","Family","Natranaerofabaceae","d__Bacteria;p__Bacillota;c__Clostridia;o__Natranaerobiales;f__;g___f__Natranaerofabaceae",NA,NA
"X2807496","PFOA",0.000632531100034426,0.000593755698779629,-0.000578441631501122,0.00184350383156997,0.294965181737849,40,0.0005433292741796,0.000510022120399105,0.769333912646117,"Natranaerofabaceae","Family","Natranaerofabaceae","d__Bacteria;p__Bacillota;c__Clostridia;o__Natranaerobiales;f__;g___f__Natranaerofabaceae",NA,NA
"X2807496","PFNA",-0.000311496694142039,0.000489233347309585,-0.00130929468440546,0.000686301296121385,0.528991808148919,40,-0.000482295147752601,0.000757487555930797,0.847622877708406,"Natranaerofabaceae","Family","Natranaerofabaceae","d__Bacteria;p__Bacillota;c__Clostridia;o__Natranaerobiales;f__;g___f__Natranaerofabaceae",NA,NA
"X2807496","PFHxS",-0.000756351320294432,0.000799024752459437,-0.00238597304693902,0.000873270406350153,0.351166843968804,40,-0.000751322861054872,0.000793712586946753,0.785943709193536,"Natranaerofabaceae","Family","Natranaerofabaceae","d__Bacteria;p__Bacillota;c__Clostridia;o__Natranaerobiales;f__;g___f__Natranaerofabaceae",NA,NA
"X2807496","PFBS",-0.000345181257997266,0.000532276161637512,-0.00143076564685324,0.000740403130858709,0.52143664769396,40,-0.000342758707275149,0.00052854054167013,0.755346438192627,"Natranaerofabaceae","Family","Natranaerofabaceae","d__Bacteria;p__Bacillota;c__Clostridia;o__Natranaerobiales;f__;g___f__Natranaerofabaceae",NA,NA
"X28256","PFBS",-0.000215956739443059,0.00132264945949981,-0.00291351809696187,0.00248160461807575,0.871361025753975,40,-0.000214441112093766,0.00131336684252979,0.878155183930279,"Halomonadaceae","Family","Halomonadaceae","d__Bacteria;p__Pseudomonadota;c__Gammaproteobacteria;o__Oceanospirillales;f__;g___f__Halomonadaceae",NA,NA
"X28256","PFHxS",0.00354761069330211,0.00189717908286361,-0.000321711556420216,0.00741693294302444,0.0709621511337754,40,0.00352402507205648,0.00188456604520194,0.785943709193536,"Halomonadaceae","Family","Halomonadaceae","d__Bacteria;p__Pseudomonadota;c__Gammaproteobacteria;o__Oceanospirillales;f__;g___f__Halomonadaceae",NA,NA
"X28256","PFNA",0.00159956065657844,0.00118149505428743,-0.000810114393491622,0.0040092357066485,0.185574578038307,40,0.00247662449622008,0.00182932706026307,0.74229831215323,"Halomonadaceae","Family","Halomonadaceae","d__Bacteria;p__Pseudomonadota;c__Gammaproteobacteria;o__Oceanospirillales;f__;g___f__Halomonadaceae",NA,NA
"X28256","PFOA",-0.00128404769059767,0.00147481537187358,-0.00429195347248596,0.00172385809129061,0.390637877287151,40,-0.0011029666362752,0.00126683156844837,0.769333912646117,"Halomonadaceae","Family","Halomonadaceae","d__Bacteria;p__Pseudomonadota;c__Gammaproteobacteria;o__Oceanospirillales;f__;g___f__Halomonadaceae",NA,NA
"X28256","PFOS",0.000719475887657646,0.00178120513269297,-0.00291331593125997,0.00435226770657526,0.689039873139125,40,0.000645733190567718,0.00159864047304492,0.931712861612312,"Halomonadaceae","Family","Halomonadaceae","d__Bacteria;p__Pseudomonadota;c__Gammaproteobacteria;o__Oceanospirillales;f__;g___f__Halomonadaceae",NA,NA
"X2881384","PFOS",8.29451795851795e-06,0.00156828745249793,-0.00319024882922577,0.00320683786514281,0.995813976257481,40,7.44437115608195e-06,0.00140754579521181,0.995813976257481,"Thermostichaceae","Family","Thermostichaceae","d__Bacteria;p__Cyanobacteriota;c__Cyanophyceae;o__Thermostichales;f__;g___f__Thermostichaceae",NA,NA
"X2881384","PFOA",-0.000208661963394633,0.0013103221569603,-0.00288108162162632,0.00246375769483705,0.874509018789799,40,-0.000179235697839878,0.00112553578226263,0.954826626701691,"Thermostichaceae","Family","Thermostichaceae","d__Bacteria;p__Cyanobacteriota;c__Cyanophyceae;o__Thermostichales;f__;g___f__Thermostichaceae",NA,NA
"X2881384","PFNA",-0.000549828028431059,0.00106319365355248,-0.00271822578097466,0.00161856972411255,0.608723623833896,40,-0.000851307237597071,0.00164615917238564,0.901812776050216,"Thermostichaceae","Family","Thermostichaceae","d__Bacteria;p__Cyanobacteriota;c__Cyanophyceae;o__Thermostichales;f__;g___f__Thermostichaceae",NA,NA
"X2881384","PFHxS",-0.00220252026450071,0.00171237178270619,-0.00569492554055978,0.00128988501155835,0.207883478353319,40,-0.00218787722352601,0.00170098740155781,0.785943709193536,"Thermostichaceae","Family","Thermostichaceae","d__Bacteria;p__Cyanobacteriota;c__Cyanophyceae;o__Thermostichales;f__;g___f__Thermostichaceae",NA,NA
"X2881384","PFBS",-0.00210762366273621,0.00109860577522599,-0.00434824491359837,0.00013299758812595,0.0643035575704416,40,-0.00209283194068346,0.0010908955413925,0.58903638370451,"Thermostichaceae","Family","Thermostichaceae","d__Bacteria;p__Cyanobacteriota;c__Cyanophyceae;o__Thermostichales;f__;g___f__Thermostichaceae",NA,NA
"X2897348","PFBS",-0.000531950331520951,0.000813621645554425,-0.00219134261790837,0.00112744195486647,0.518057985863094,40,-0.00052821699829413,0.00080791148702379,0.755346438192627,"Candidatus Uabimicrobiaceae","Family","Candidatus Uabimicrobiaceae","d__Bacteria;p__Planctomycetota;c__Candidatus Uabimicrobiia;o__Candidatus Uabimicrobiales;f__;g___f__Candidatus_Uabimicrobiaceae",NA,NA
"X2897348","PFHxS",-0.000221332294696305,0.0012383897341322,-0.0027470448093382,0.00230438021994559,0.859315899112708,40,-0.000219860808638946,0.001230156533325,0.94147424290904,"Candidatus Uabimicrobiaceae","Family","Candidatus Uabimicrobiaceae","d__Bacteria;p__Planctomycetota;c__Candidatus Uabimicrobiia;o__Candidatus Uabimicrobiales;f__;g___f__Candidatus_Uabimicrobiaceae",NA,NA
"X2897348","PFNA",0.000135646697913541,0.00075238992497431,-0.00139886267100475,0.00167015606683183,0.858100081812308,40,0.000210023879683718,0.00116493695392988,0.988089963680891,"Candidatus Uabimicrobiaceae","Family","Candidatus Uabimicrobiaceae","d__Bacteria;p__Planctomycetota;c__Candidatus Uabimicrobiia;o__Candidatus Uabimicrobiales;f__;g___f__Candidatus_Uabimicrobiaceae",NA,NA
"X2897348","PFOA",-0.00100868688715097,0.000906231706128155,-0.0028569586373501,0.000839584863048159,0.274240978847687,40,-0.00086643821029573,0.00077843162984769,0.769333912646117,"Candidatus Uabimicrobiaceae","Family","Candidatus Uabimicrobiaceae","d__Bacteria;p__Planctomycetota;c__Candidatus Uabimicrobiia;o__Candidatus Uabimicrobiales;f__;g___f__Candidatus_Uabimicrobiaceae",NA,NA
"X2897348","PFOS",-0.000110935435466774,0.00110547306334035,-0.00236556261277845,0.0021436917418449,0.920711794936212,40,-9.95651055439761e-05,0.000992167577153198,0.944319789678166,"Candidatus Uabimicrobiaceae","Family","Candidatus Uabimicrobiaceae","d__Bacteria;p__Planctomycetota;c__Candidatus Uabimicrobiia;o__Candidatus Uabimicrobiales;f__;g___f__Candidatus_Uabimicrobiaceae",NA,NA
"X2931039","PFOS",-0.000237760178950555,0.000636213032347072,-0.00153532521319504,0.00105980485529393,0.711162668872918,40,-0.000213390944126746,0.000571004363462037,0.931712861612312,"Desulfococcaceae","Family","Desulfococcaceae","d__Bacteria;p__Thermodesulfobacteriota;c__Desulfobacteria;o__Desulfobacterales;f__;g___f__Desulfococcaceae",NA,NA
"X2931039","PFOA",-0.000177786453241715,0.000532019567779701,-0.00126284751547442,0.00090727460899099,0.740499468035004,40,-0.000152714363915907,0.000456992242113244,0.897575112769701,"Desulfococcaceae","Family","Desulfococcaceae","d__Bacteria;p__Thermodesulfobacteriota;c__Desulfobacteria;o__Desulfobacterales;f__;g___f__Desulfococcaceae",NA,NA
"X2931039","PFNA",0.000364224763988801,0.000429183866259144,-0.00051110150222312,0.00123955103020072,0.402584613914767,40,0.000563934833552469,0.000664512015964124,0.814604937984117,"Desulfococcaceae","Family","Desulfococcaceae","d__Bacteria;p__Thermodesulfobacteriota;c__Desulfobacteria;o__Desulfobacterales;f__;g___f__Desulfococcaceae",NA,NA
"X2931039","PFHxS",-0.00107210742949089,0.000688130341807313,-0.00247555851448026,0.000331343655498478,0.129384830043459,40,-0.00106497972525482,0.000683555436888875,0.785943709193536,"Desulfococcaceae","Family","Desulfococcaceae","d__Bacteria;p__Thermodesulfobacteriota;c__Desulfobacteria;o__Desulfobacterales;f__;g___f__Desulfococcaceae",NA,NA
"X2931039","PFBS",-0.000262034369095717,0.000470100534870043,-0.00122081073112131,0.000696741992929879,0.581256564352204,40,-0.00026019535977709,0.000466801275817495,0.755346438192627,"Desulfococcaceae","Family","Desulfococcaceae","d__Bacteria;p__Thermodesulfobacteriota;c__Desulfobacteria;o__Desulfobacterales;f__;g___f__Desulfococcaceae",NA,NA
"X2934961","PFHxS",0.00427644077216608,0.0044330212734417,-0.0047647657231796,0.0133176472675118,0.342171424743189,40,0.00424800966146893,0.00440354916678507,0.785943709193536,"Sirenicapillariaceae","Family","Sirenicapillariaceae","d__Bacteria;p__Cyanobacteriota;c__Cyanophyceae;o__Oscillatoriales;f__;g___f__Sirenicapillariaceae",NA,NA
"X2934961","PFNA",-0.00217444846024253,0.00270541280855011,-0.00769217426133355,0.00334327734084848,0.427667592441662,40,-0.00336673217127268,0.00418883248127338,0.814604937984117,"Sirenicapillariaceae","Family","Sirenicapillariaceae","d__Bacteria;p__Cyanobacteriota;c__Cyanophyceae;o__Oscillatoriales;f__;g___f__Sirenicapillariaceae",NA,NA
"X2934961","PFOA",-0.00503427422422716,0.00323164586376999,-0.0116252594173774,0.00155671096892306,0.129431147724938,40,-0.00432432264614584,0.00277590746363631,0.769333912646117,"Sirenicapillariaceae","Family","Sirenicapillariaceae","d__Bacteria;p__Cyanobacteriota;c__Cyanophyceae;o__Oscillatoriales;f__;g___f__Sirenicapillariaceae",NA,NA
"X2934961","PFOS",-0.00117245938876358,0.00400923974824082,-0.00934935776512769,0.00700443898760052,0.7718991595939,40,-0.00105228813766396,0.00359831263117237,0.931712861612312,"Sirenicapillariaceae","Family","Sirenicapillariaceae","d__Bacteria;p__Cyanobacteriota;c__Cyanophyceae;o__Oscillatoriales;f__;g___f__Sirenicapillariaceae",NA,NA
"X2934961","PFBS",-0.00155392296328572,0.00296154196159815,-0.00759402761603233,0.0044861816894609,0.603523679730589,40,-0.00154301722286788,0.0029407572710872,0.755346438192627,"Sirenicapillariaceae","Family","Sirenicapillariaceae","d__Bacteria;p__Cyanobacteriota;c__Cyanophyceae;o__Oscillatoriales;f__;g___f__Sirenicapillariaceae",NA,NA
"X2937911","PFOS",-0.000359214924752665,0.00109941517724545,-0.00260148696191705,0.00188305711241172,0.746065919417697,40,-0.000322397183059532,0.000986730594228184,0.931712861612312,"Thermincolaceae","Family","Thermincolaceae","d__Bacteria;p__Bacillota;c__Clostridia;o__Eubacteriales;f__;g___f__Thermincolaceae",NA,NA
"X2937911","PFOA",0.000750630104456412,0.000910604234162707,-0.00110655947546393,0.00260781968437676,0.416054907862791,40,0.000644773529411379,0.000782187528147732,0.769333912646117,"Thermincolaceae","Family","Thermincolaceae","d__Bacteria;p__Bacillota;c__Clostridia;o__Eubacteriales;f__;g___f__Thermincolaceae",NA,NA
"X2937911","PFNA",0.000859902840187823,0.000733747403849478,-0.000636584856221644,0.00235639053659729,0.250152270358822,40,0.00133140086286809,0.00113607245023058,0.763199577691119,"Thermincolaceae","Family","Thermincolaceae","d__Bacteria;p__Bacillota;c__Clostridia;o__Eubacteriales;f__;g___f__Thermincolaceae",NA,NA
"X2937911","PFHxS",0.000628615963011306,0.00122898218595682,-0.00187790973062928,0.00313514165665189,0.612630098466995,40,0.00062443672822646,0.00122081152946107,0.790490449634833,"Thermincolaceae","Family","Thermincolaceae","d__Bacteria;p__Bacillota;c__Clostridia;o__Eubacteriales;f__;g___f__Thermincolaceae",NA,NA
"X2937911","PFBS",-0.000325060062263405,0.000813900626302111,-0.00198502133363702,0.00133490120911021,0.692347550905494,40,-0.000322778726094875,0.000808188509829102,0.791254343891993,"Thermincolaceae","Family","Thermincolaceae","d__Bacteria;p__Bacillota;c__Clostridia;o__Eubacteriales;f__;g___f__Thermincolaceae",NA,NA
"X403","PFOS",0.000170936958144956,0.000899424877291142,-0.00166345217311377,0.00200532608940368,0.850507897445317,40,0.000153416770822216,0.000807238304510837,0.931712861612312,"Methylococcaceae","Family","Methylococcaceae","d__Bacteria;p__Pseudomonadota;c__Gammaproteobacteria;o__Methylococcales;f__;g___f__Methylococcaceae",NA,NA
"X403","PFBS",-0.00031730375324482,0.000664359824766305,-0.00167227454910126,0.00103766704261162,0.636279512525825,40,-0.000315076852395644,0.000659697215380814,0.755346438192627,"Methylococcaceae","Family","Methylococcaceae","d__Bacteria;p__Pseudomonadota;c__Gammaproteobacteria;o__Methylococcales;f__;g___f__Methylococcaceae",NA,NA
"X403","PFHxS",-0.000794379894418981,0.00099836643311059,-0.00283056165917885,0.00124180187034089,0.432269040056445,40,-0.000789098609369783,0.000991728981994504,0.785943709193536,"Methylococcaceae","Family","Methylococcaceae","d__Bacteria;p__Pseudomonadota;c__Gammaproteobacteria;o__Methylococcales;f__;g___f__Methylococcaceae",NA,NA
"X403","PFOA",0.000354015829106611,0.000749532554851984,-0.00117466589502586,0.00188269755323909,0.640009782265905,40,0.000304091235144193,0.000643830760225932,0.82581907389149,"Methylococcaceae","Family","Methylococcaceae","d__Bacteria;p__Pseudomonadota;c__Gammaproteobacteria;o__Methylococcales;f__;g___f__Methylococcaceae",NA,NA
"X403","PFNA",-7.14205806842798e-05,0.000612596349471659,-0.00132081907264508,0.00117797791127652,0.90793962143536,40,-0.000110581589344234,0.000948492399557906,0.988089963680891,"Methylococcaceae","Family","Methylococcaceae","d__Bacteria;p__Pseudomonadota;c__Gammaproteobacteria;o__Methylococcales;f__;g___f__Methylococcaceae",NA,NA
"X433","PFOS",0.000766276799885162,0.00131295837754815,-0.0019115194656831,0.00344407306545342,0.563694541858275,40,0.000687737242256708,0.00117838667947161,0.930514322656617,"Acetobacteraceae","Family","Acetobacteraceae","d__Bacteria;p__Pseudomonadota;c__Alphaproteobacteria;o__Rhodospirillales;f__;g___f__Acetobacteraceae",NA,NA
"X433","PFOA",-0.00122484442503867,0.00108130137763884,-0.00343017312434004,0.000980484274262704,0.266004619983281,40,-0.00105211242957535,0.000928812342428596,0.769333912646117,"Acetobacteraceae","Family","Acetobacteraceae","d__Bacteria;p__Pseudomonadota;c__Alphaproteobacteria;o__Rhodospirillales;f__;g___f__Acetobacteraceae",NA,NA
"X433","PFNA",-0.00191636568037336,0.000830314534364444,-0.00360980333794802,-0.000222928022798708,0.0278377173778641,40,-0.00296713861284909,0.00128558883148156,0.556754347557282,"Acetobacteraceae","Family","Acetobacteraceae","d__Bacteria;p__Pseudomonadota;c__Alphaproteobacteria;o__Rhodospirillales;f__;g___f__Acetobacteraceae",NA,NA
"X433","PFHxS",0.00277026770530635,0.00139322265958448,-7.12286427403644e-05,0.00561176405335307,0.0556596394709799,40,0.0027518501024477,0.00138396008124638,0.785943709193536,"Acetobacteraceae","Family","Acetobacteraceae","d__Bacteria;p__Pseudomonadota;c__Alphaproteobacteria;o__Rhodospirillales;f__;g___f__Acetobacteraceae",NA,NA
"X433","PFBS",0.00114577666377659,0.000956248651056827,-0.000804505318152232,0.00309605864570542,0.239919984176048,40,0.00113773537526539,0.000949537507834329,0.599799960440121,"Acetobacteraceae","Family","Acetobacteraceae","d__Bacteria;p__Pseudomonadota;c__Alphaproteobacteria;o__Rhodospirillales;f__;g___f__Acetobacteraceae",NA,NA
"X453228","PFNA",0.000551994378104223,0.00121000323923555,-0.0019158234984999,0.00301981225470835,0.651431614880273,40,0.00085466143029109,0.00187346672379814,0.930616592686105,"Desulfarculaceae","Family","Desulfarculaceae","d__Bacteria;p__Thermodesulfobacteriota;c__Desulfarculia;o__Desulfarculales;f__;g___f__Desulfarculaceae",NA,NA
"X453228","PFHxS",-0.00159171748451188,0.00197769467558413,-0.00562525236823228,0.00244181739920853,0.427044908314127,40,-0.00158113525073109,0.00196454634517519,0.785943709193536,"Desulfarculaceae","Family","Desulfarculaceae","d__Bacteria;p__Thermodesulfobacteriota;c__Desulfarculia;o__Desulfarculales;f__;g___f__Desulfarculaceae",NA,NA
"X453228","PFOA",-0.00118239418003819,0.00147524311040138,-0.00419117234040546,0.00182638398032909,0.428948432475057,40,-0.00101564867181924,0.00126719898574032,0.769333912646117,"Desulfarculaceae","Family","Desulfarculaceae","d__Bacteria;p__Thermodesulfobacteriota;c__Desulfarculia;o__Desulfarculales;f__;g___f__Desulfarculaceae",NA,NA
"X453228","PFOS",-0.00463184276966678,0.00157719886971614,-0.00784856107209407,-0.00141512446723949,0.00620402621089093,40,-0.00415710194208503,0.00141554383652426,0.248161048435637,"Desulfarculaceae","Family","Desulfarculaceae","d__Bacteria;p__Thermodesulfobacteriota;c__Desulfarculia;o__Desulfarculales;f__;g___f__Desulfarculaceae",NA,NA
"X453228","PFBS",0.000377688457616494,0.00131944716145544,-0.00231334176998146,0.00306871868521444,0.776592864304294,40,0.000375037764902055,0.00131018701885,0.83955985330194,"Desulfarculaceae","Family","Desulfarculaceae","d__Bacteria;p__Thermodesulfobacteriota;c__Desulfarculia;o__Desulfarculales;f__;g___f__Desulfarculaceae",NA,NA
"X45404","PFOS",0.000610633015958601,0.00186209076501171,-0.00318712613769336,0.00440839216961056,0.745170173887901,40,0.000548046171421609,0.00167123573068212,0.931712861612312,"Beijerinckiaceae","Family","Beijerinckiaceae","d__Bacteria;p__Pseudomonadota;c__Alphaproteobacteria;o__Hyphomicrobiales;f__;g___f__Beijerinckiaceae",NA,NA
"X45404","PFBS",-0.00167049806780133,0.00134911179823731,-0.00442202972099835,0.0010810335853957,0.224929667171767,40,-0.00165877418011424,0.0013396434633109,0.599799960440121,"Beijerinckiaceae","Family","Beijerinckiaceae","d__Bacteria;p__Pseudomonadota;c__Alphaproteobacteria;o__Hyphomicrobiales;f__;g___f__Beijerinckiaceae",NA,NA
"X45404","PFHxS",0.00333882289489904,0.00200246848293458,-0.000745238502031047,0.00742288429182914,0.105516981981473,40,0.00331662535999083,0.00198915544853541,0.785943709193536,"Beijerinckiaceae","Family","Beijerinckiaceae","d__Bacteria;p__Pseudomonadota;c__Alphaproteobacteria;o__Hyphomicrobiales;f__;g___f__Beijerinckiaceae",NA,NA
"X45404","PFOA",-0.00175144663901423,0.00152706765684301,-0.00486592165870261,0.00136302838067415,0.260184167601646,40,-0.00150445129273186,0.00131171504700796,0.769333912646117,"Beijerinckiaceae","Family","Beijerinckiaceae","d__Bacteria;p__Pseudomonadota;c__Alphaproteobacteria;o__Hyphomicrobiales;f__;g___f__Beijerinckiaceae",NA,NA
"X45404","PFNA",0.00077456125160112,0.00126236042924774,-0.00180003981804839,0.00334916232125063,0.543968184875422,40,0.00119926516174859,0.00195453217061577,0.847622877708406,"Beijerinckiaceae","Family","Beijerinckiaceae","d__Bacteria;p__Pseudomonadota;c__Alphaproteobacteria;o__Hyphomicrobiales;f__;g___f__Beijerinckiaceae",NA,NA
"X49546","PFOS",0.000422070155063415,0.00289749714571073,-0.00548741423450883,0.00633155454463566,0.885127218531696,40,0.000378810065143139,0.00260051811138797,0.931712861612312,"Flavobacteriaceae","Family","Flavobacteriaceae","d__Bacteria;p__Bacteroidota;c__Flavobacteriia;o__Flavobacteriales;f__;g___f__Flavobacteriaceae",NA,NA
"X49546","PFOA",0.00376495345539905,0.00232642823554456,-0.000979828213070348,0.00850973512386844,0.115720389903949,40,0.00323400608781229,0.00199834690275396,0.769333912646117,"Flavobacteriaceae","Family","Flavobacteriaceae","d__Bacteria;p__Bacteroidota;c__Flavobacteriia;o__Flavobacteriales;f__;g___f__Flavobacteriaceae",NA,NA
"X49546","PFNA",0.000299437259012457,0.00197270482397877,-0.00372392075526331,0.00432279527328822,0.880335969162529,40,0.000463623337884267,0.00305436937998215,0.988089963680891,"Flavobacteriaceae","Family","Flavobacteriaceae","d__Bacteria;p__Bacteroidota;c__Flavobacteriia;o__Flavobacteriales;f__;g___f__Flavobacteriaceae",NA,NA
"X49546","PFHxS",0.00259344121999307,0.00321456159609031,-0.00396270037950261,0.00914958281948875,0.42594040609047,40,0.00257619921470397,0.00319319018901363,0.785943709193536,"Flavobacteriaceae","Family","Flavobacteriaceae","d__Bacteria;p__Bacteroidota;c__Flavobacteriia;o__Flavobacteriales;f__;g___f__Flavobacteriaceae",NA,NA
"X49546","PFBS",0.0011865493998291,0.00213697933009581,-0.0031718486785725,0.0055449474782307,0.582711284038873,40,0.00117822196014694,0.00212198158413095,0.755346438192627,"Flavobacteriaceae","Family","Flavobacteriaceae","d__Bacteria;p__Bacteroidota;c__Flavobacteriia;o__Flavobacteriales;f__;g___f__Flavobacteriaceae",NA,NA
"X543372","PFOS",0.0011043442647401,0.00082034555524272,-0.000568761525868951,0.00277745005534916,0.188002094609977,40,0.000991154474790563,0.000736264219332658,0.729737438136427,"Thermoanaerobacterales Family IV. Incertae Sedis","Family","Thermoanaerobacterales Family IV. Incertae Sedis","d__Bacteria;p__Bacillota;c__Clostridia;o__Thermoanaerobacterales;f__;g___f__Thermoanaerobacterales_Family_IV._Incertae_Sedis",NA,NA
"X543372","PFOA",-0.000534442699236983,0.000698884847106338,-0.00195982774239306,0.000890942343919092,0.450227962630845,40,-0.000459073654799285,0.000600325575600536,0.769333912646117,"Thermoanaerobacterales Family IV. Incertae Sedis","Family","Thermoanaerobacterales Family IV. Incertae Sedis","d__Bacteria;p__Bacillota;c__Clostridia;o__Thermoanaerobacterales;f__;g___f__Thermoanaerobacterales_Family_IV._Incertae_Sedis",NA,NA
"X543372","PFNA",-5.12139777462103e-05,0.000574553005824189,-0.00122302255879212,0.0011205946032997,0.929546364163792,40,-7.92953935904177e-05,0.000889589302380595,0.988089963680891,"Thermoanaerobacterales Family IV. Incertae Sedis","Family","Thermoanaerobacterales Family IV. Incertae Sedis","d__Bacteria;p__Bacillota;c__Clostridia;o__Thermoanaerobacterales;f__;g___f__Thermoanaerobacterales_Family_IV._Incertae_Sedis",NA,NA
"X543372","PFHxS",-0.000197265992819758,0.000945129374064387,-0.00212487005980829,0.00173033807416878,0.83603339048956,40,-0.000195954507035798,0.000938845859504323,0.94147424290904,"Thermoanaerobacterales Family IV. Incertae Sedis","Family","Thermoanaerobacterales Family IV. Incertae Sedis","d__Bacteria;p__Bacillota;c__Clostridia;o__Thermoanaerobacterales;f__;g___f__Thermoanaerobacterales_Family_IV._Incertae_Sedis",NA,NA
"X543372","PFBS",-0.000917727213712372,0.00060321901013878,-0.00214800049601234,0.0003125460685876,0.13829961945269,40,-0.00091128642159873,0.000598985499150711,0.58903638370451,"Thermoanaerobacterales Family IV. Incertae Sedis","Family","Thermoanaerobacterales Family IV. Incertae Sedis","d__Bacteria;p__Bacillota;c__Clostridia;o__Thermoanaerobacterales;f__;g___f__Thermoanaerobacterales_Family_IV._Incertae_Sedis",NA,NA
"X689704","PFOA",0.00034348447792832,0.0027112161343981,-0.0051860772842635,0.00587304624012014,0.900003791063012,40,0.00029504505323864,0.00232887061895671,0.954826626701691,"Rhabdochlamydiaceae","Family","Rhabdochlamydiaceae","d__Bacteria;p__Chlamydiota;c__Chlamydiia;o__Parachlamydiales;f__;g___f__Rhabdochlamydiaceae",NA,NA
"X689704","PFOS",0.00545310742907452,0.00309313639296121,-0.000855385835907953,0.011761600694057,0.0877624682360583,40,0.00489419106198089,0.00277610530964504,0.729737438136427,"Rhabdochlamydiaceae","Family","Rhabdochlamydiaceae","d__Bacteria;p__Chlamydiota;c__Chlamydiia;o__Parachlamydiales;f__;g___f__Rhabdochlamydiaceae",NA,NA
"X689704","PFNA",-0.00241172435373065,0.00216613007292105,-0.00682957576409677,0.00200612705663548,0.274104431649963,40,-0.00373411010580639,0.00335385268356792,0.763199577691119,"Rhabdochlamydiaceae","Family","Rhabdochlamydiaceae","d__Bacteria;p__Chlamydiota;c__Chlamydiia;o__Parachlamydiales;f__;g___f__Rhabdochlamydiaceae",NA,NA
"X689704","PFHxS",0.00203385838919892,0.00361747911619598,-0.00534403891034097,0.00941175568873881,0.578001917160049,40,0.00202033666492251,0.0035934289879055,0.790490449634833,"Rhabdochlamydiaceae","Family","Rhabdochlamydiaceae","d__Bacteria;p__Chlamydiota;c__Chlamydiia;o__Parachlamydiales;f__;g___f__Rhabdochlamydiaceae",NA,NA
"X689704","PFBS",0.00112450384014546,0.00239544497877921,-0.0037610384041775,0.00601004608446841,0.642044472463733,40,0.00111661184854147,0.00237863326948536,0.755346438192627,"Rhabdochlamydiaceae","Family","Rhabdochlamydiaceae","d__Bacteria;p__Chlamydiota;c__Chlamydiia;o__Parachlamydiales;f__;g___f__Rhabdochlamydiaceae",NA,NA
"X75682","PFBS",0.00416453160417416,0.00282194100573573,-0.00159085502196128,0.00991991823030959,0.150092031052801,40,0.00413530409308764,0.00280213606249843,0.58903638370451,"Oxalobacteraceae","Family","Oxalobacteraceae","d__Bacteria;p__Pseudomonadota;c__Betaproteobacteria;o__Burkholderiales;f__;g___f__Oxalobacteraceae",NA,NA
"X75682","PFHxS",0.00028892144045556,0.0044151571773578,-0.00871585099071929,0.00929369387163041,0.948245031493777,40,0.000287000600697919,0.00438580383677799,0.972559006660284,"Oxalobacteraceae","Family","Oxalobacteraceae","d__Bacteria;p__Pseudomonadota;c__Betaproteobacteria;o__Burkholderiales;f__;g___f__Oxalobacteraceae",NA,NA
"X75682","PFNA",-0.0029638702673813,0.00262931464747618,-0.008326392845716,0.00239865231095341,0.268290654306238,40,-0.00458900616092698,0.00407100852188936,0.763199577691119,"Oxalobacteraceae","Family","Oxalobacteraceae","d__Bacteria;p__Pseudomonadota;c__Betaproteobacteria;o__Burkholderiales;f__;g___f__Oxalobacteraceae",NA,NA
"X75682","PFOA",-0.000353806732755208,0.00329278064162793,-0.00706947712738916,0.00636186366187875,0.915125010991313,40,-0.000303911626317315,0.00282842079377752,0.954826626701691,"Oxalobacteraceae","Family","Oxalobacteraceae","d__Bacteria;p__Pseudomonadota;c__Betaproteobacteria;o__Burkholderiales;f__;g___f__Oxalobacteraceae",NA,NA
"X75682","PFOS",0.001514735387793,0.00393075672824135,-0.0065020958139684,0.00953156658955439,0.702606283012585,40,0.00135948255056857,0.00352787373005139,0.931712861612312,"Oxalobacteraceae","Family","Oxalobacteraceae","d__Bacteria;p__Pseudomonadota;c__Betaproteobacteria;o__Burkholderiales;f__;g___f__Oxalobacteraceae",NA,NA
"X75787","PFOS",0.0049571581589671,0.00369885051408724,-0.00258669720072409,0.0125010135186583,0.189924688472445,40,0.00444907412333154,0.00331973674846922,0.729737438136427,"Rhodocyclaceae","Family","Rhodocyclaceae","d__Bacteria;p__Pseudomonadota;c__Betaproteobacteria;o__Rhodocyclales;f__;g___f__Rhodocyclaceae",NA,NA
"X75787","PFOA",-0.00302483333827329,0.00313324732019078,-0.00941513337868791,0.00336546670214132,0.341816417857463,40,-0.00259826038926598,0.00269138543893222,0.769333912646117,"Rhodocyclaceae","Family","Rhodocyclaceae","d__Bacteria;p__Pseudomonadota;c__Betaproteobacteria;o__Rhodocyclales;f__;g___f__Rhodocyclaceae",NA,NA
"X75787","PFNA",-0.00418229157244403,0.00247898659242716,-0.00923821806113564,0.000873634916247585,0.10162374547149,40,-0.00647550670620144,0.00383825326995668,0.633491122726302,"Rhodocyclaceae","Family","Rhodocyclaceae","d__Bacteria;p__Pseudomonadota;c__Betaproteobacteria;o__Rhodocyclales;f__;g___f__Rhodocyclaceae",NA,NA
"X75787","PFHxS",-0.000676321573819663,0.00426170141700153,-0.0093681189183209,0.00801547577068158,0.874936528131242,40,-0.000671825177270156,0.00423336829812996,0.94147424290904,"Rhodocyclaceae","Family","Rhodocyclaceae","d__Bacteria;p__Pseudomonadota;c__Betaproteobacteria;o__Rhodocyclales;f__;g___f__Rhodocyclaceae",NA,NA
"X75787","PFBS",0.00154306686720916,0.00280521058342512,-0.00417819783765988,0.0072643315720782,0.586212113535601,40,0.00153223731703276,0.00278552305761912,0.755346438192627,"Rhodocyclaceae","Family","Rhodocyclaceae","d__Bacteria;p__Pseudomonadota;c__Betaproteobacteria;o__Rhodocyclales;f__;g___f__Rhodocyclaceae",NA,NA
"X84642","PFOS",-0.00263910663667706,0.00183894349988648,-0.00638965663185881,0.0011114433585047,0.161265786396011,40,-0.00236861134331832,0.00165046094501016,0.729737438136427,"Aeromonadaceae","Family","Aeromonadaceae","d__Bacteria;p__Pseudomonadota;c__Gammaproteobacteria;o__Aeromonadales;f__;g___f__Aeromonadaceae",NA,NA
"X84642","PFOA",-0.00106662668817461,0.00157572264115304,-0.0042803342025975,0.00214708082624828,0.503481617179452,40,-0.000916207130803466,0.00135350852927144,0.769333912646117,"Aeromonadaceae","Family","Aeromonadaceae","d__Bacteria;p__Pseudomonadota;c__Gammaproteobacteria;o__Aeromonadales;f__;g___f__Aeromonadaceae",NA,NA
"X84642","PFNA",-5.98303459843885e-05,0.00129292399595846,-0.00269676622091024,0.00257710552894146,0.963387714588869,40,-9.2636249755742e-05,0.00200185421351318,0.988089963680891,"Aeromonadaceae","Family","Aeromonadaceae","d__Bacteria;p__Pseudomonadota;c__Gammaproteobacteria;o__Aeromonadales;f__;g___f__Aeromonadaceae",NA,NA
"X84642","PFBS",-0.00201977154621618,0.00135949705921588,-0.00479248407882333,0.000752940986390979,0.147464636069083,40,-0.00200559638779017,0.00134995583846238,0.58903638370451,"Aeromonadaceae","Family","Aeromonadaceae","d__Bacteria;p__Pseudomonadota;c__Gammaproteobacteria;o__Aeromonadales;f__;g___f__Aeromonadaceae",NA,NA
"X84642","PFHxS",-0.00404738117540479,0.00200012861573371,-0.00812667038171593,3.19080309063389e-05,0.0517092079379608,40,-0.00402047292427678,0.00198683113750074,0.785943709193536,"Aeromonadaceae","Family","Aeromonadaceae","d__Bacteria;p__Pseudomonadota;c__Gammaproteobacteria;o__Aeromonadales;f__;g___f__Aeromonadaceae",NA,NA
"X85017","PFOS",-0.000175058960984052,0.000817203752467638,-0.0018417570025874,0.0014916390806193,0.831780666453773,40,-0.00015711628888874,0.000733444435702809,0.931712861612312,"Promicromonosporaceae","Family","Promicromonosporaceae","d__Bacteria;p__Actinomycetota;c__Actinomycetes;o__Micrococcales;f__;g___f__Promicromonosporaceae",NA,NA
"X85017","PFOA",-0.000534929836831436,0.000676781895212126,-0.00191523561239421,0.00084537593873134,0.435298127231307,40,-0.000459492094486448,0.0005813396620079,0.769333912646117,"Promicromonosporaceae","Family","Promicromonosporaceae","d__Bacteria;p__Actinomycetota;c__Actinomycetes;o__Micrococcales;f__;g___f__Promicromonosporaceae",NA,NA
"X85017","PFNA",9.52235481209972e-05,0.00055654262083926,-0.00103985261057337,0.00123029970681537,0.865258332442,40,0.000147436091856569,0.000861703544840496,0.988089963680891,"Promicromonosporaceae","Family","Promicromonosporaceae","d__Bacteria;p__Actinomycetota;c__Actinomycetes;o__Micrococcales;f__;g___f__Promicromonosporaceae",NA,NA
"X85017","PFBS",-0.00115876881447321,0.000569076570811843,-0.00231940813267312,1.87050372670397e-06,0.0503480426579682,40,-0.00115063634446439,0.000565082678253599,0.58903638370451,"Promicromonosporaceae","Family","Promicromonosporaceae","d__Bacteria;p__Actinomycetota;c__Actinomycetes;o__Micrococcales;f__;g___f__Promicromonosporaceae",NA,NA
"X85017","PFHxS",0.000439346183561897,0.000913057272399112,-0.00142284640082612,0.00230153876794991,0.633766687956743,40,0.000436425273243082,0.000906986983163873,0.792208359945929,"Promicromonosporaceae","Family","Promicromonosporaceae","d__Bacteria;p__Actinomycetota;c__Actinomycetes;o__Micrococcales;f__;g___f__Promicromonosporaceae",NA,NA
"X85025","PFOS",-0.000446271368847107,0.00071697651867586,-0.00190855461943701,0.0010160118817428,0.538207677448809,40,-0.000400530774982398,0.000643489994465249,0.930514322656617,"Nocardiaceae","Family","Nocardiaceae","d__Bacteria;p__Actinomycetota;c__Actinomycetes;o__Mycobacteriales;f__;g___f__Nocardiaceae",NA,NA
"X85025","PFOA",0.000968673980881833,0.000577377199301257,-0.00020889458073578,0.00214624254249945,0.103458751077479,40,0.000832068068938499,0.000495953376216803,0.769333912646117,"Nocardiaceae","Family","Nocardiaceae","d__Bacteria;p__Actinomycetota;c__Actinomycetes;o__Mycobacteriales;f__;g___f__Nocardiaceae",NA,NA
"X85025","PFNA",-3.02578742233847e-05,0.000491164748794204,-0.00103199498378508,0.000971479235338308,0.951273407463629,40,-4.68487344928052e-05,0.000760477974711835,0.988089963680891,"Nocardiaceae","Family","Nocardiaceae","d__Bacteria;p__Actinomycetota;c__Actinomycetes;o__Mycobacteriales;f__;g___f__Nocardiaceae",NA,NA
"X85025","PFHxS",-0.000465278605635802,0.000804140109182475,-0.00210533317110014,0.00117477595982853,0.567036858754591,40,-0.000462185288495074,0.000798793935184464,0.790490449634833,"Nocardiaceae","Family","Nocardiaceae","d__Bacteria;p__Actinomycetota;c__Actinomycetes;o__Mycobacteriales;f__;g___f__Nocardiaceae",NA,NA
"X85025","PFBS",-0.000718505145885084,0.000518728171157281,-0.00177645822598498,0.000339447934214809,0.175900584568568,40,-0.000713462533866957,0.000515087633681664,0.58903638370451,"Nocardiaceae","Family","Nocardiaceae","d__Bacteria;p__Actinomycetota;c__Actinomycetes;o__Mycobacteriales;f__;g___f__Nocardiaceae",NA,NA
"X85034","PFOS",0.00024474758076396,0.000741991732322131,-0.00126855453442199,0.00175804969594991,0.743730323335442,40,0.000219662172036048,0.000665941273233087,0.931712861612312,"Glycomycetaceae","Family","Glycomycetaceae","d__Bacteria;p__Actinomycetota;c__Actinomycetes;o__Glycomycetales;f__;g___f__Glycomycetaceae",NA,NA
"X85034","PFOA",-0.000268157679438577,0.000619413633869905,-0.00153146011459751,0.000995144755720356,0.668068815939925,40,-0.000230341112598444,0.000532061680586404,0.835086019924906,"Glycomycetaceae","Family","Glycomycetaceae","d__Bacteria;p__Actinomycetota;c__Actinomycetes;o__Glycomycetales;f__;g___f__Glycomycetaceae",NA,NA
"X85034","PFNA",0.00076445746322855,0.000487090030087731,-0.000228969202741009,0.00175788412919811,0.12669822454526,40,0.00118362130999141,0.000754169024737258,0.633491122726302,"Glycomycetaceae","Family","Glycomycetaceae","d__Bacteria;p__Actinomycetota;c__Actinomycetes;o__Glycomycetales;f__;g___f__Glycomycetaceae",NA,NA
"X85034","PFHxS",-0.00136448240046012,0.000796088897078842,-0.0029881164105793,0.000259151609659067,0.0965158739792449,40,-0.0013554108963195,0.000790796250047475,0.785943709193536,"Glycomycetaceae","Family","Glycomycetaceae","d__Bacteria;p__Actinomycetota;c__Actinomycetes;o__Glycomycetales;f__;g___f__Glycomycetaceae",NA,NA
"X85034","PFBS",-0.00103406611902173,0.000518467410158251,-0.00209148737355781,2.33551355143414e-05,0.0549586055670698,40,-0.00102680883733185,0.000514828702755188,0.58903638370451,"Glycomycetaceae","Family","Glycomycetaceae","d__Bacteria;p__Actinomycetota;c__Actinomycetes;o__Glycomycetales;f__;g___f__Glycomycetaceae",NA,NA
"X1096778","Mixture",0.00187046160918958,NA,-0.00261967446192956,0.00636059768030873,0.421652480729945,40,0.00357716633161863,NA,0.88039888115997,"Thioalkalispiraceae","Family","Thioalkalispiraceae","d__Bacteria;p__Pseudomonadota;c__Gammaproteobacteria;o__Chromatiales;f__;g___f__Thioalkalispiraceae",-0.00166465736386928,0.00881899002710655
"X1106","Mixture",0.000292916660409831,NA,-0.00257878937687603,0.00316462269769569,0.843100035075665,40,-0.00134883414476519,NA,0.942523879395511,"Chloroflexaceae","Family","Chloroflexaceae","d__Bacteria;p__Chloroflexota;c__Chloroflexia;o__Chloroflexales;f__;g___f__Chloroflexaceae",-0.00515282245371478,0.0024551541641844
"X1185","Mixture",-0.000344870543035746,NA,-0.00256191492746809,0.00187217384139659,0.762884319025802,40,-0.000185901819618434,NA,0.942523879395511,"Rivulariaceae","Family","Rivulariaceae","d__Bacteria;p__Cyanobacteriota;c__Cyanophyceae;o__Nostocales;f__;g___f__Rivulariaceae",-0.00303069788315716,0.00265889424392029
"X119060","Mixture",0.000556730520806107,NA,-0.00171408396262175,0.00282754500423396,0.634876268621981,40,0.000448512452720604,NA,0.942523879395511,"Burkholderiaceae","Family","Burkholderiaceae","d__Bacteria;p__Pseudomonadota;c__Betaproteobacteria;o__Burkholderiales;f__;g___f__Burkholderiaceae",-0.00299355100581329,0.0038905759112545
"X1706371","Mixture",0.00208291361068166,NA,-0.00196825051427335,0.00613407773563666,0.322876249304321,40,0.00302206448543845,NA,0.877134274275498,"Cellvibrionaceae","Family","Cellvibrionaceae","d__Bacteria;p__Pseudomonadota;c__Gammaproteobacteria;o__Cellvibrionales;f__;g___f__Cellvibrionaceae",-0.00178433530610504,0.00782846427698193
"X1706373","Mixture",0.000300195146802906,NA,-0.00550446906717995,0.00610485936078576,0.920040844112536,40,0.00111381783694669,NA,0.942523879395511,"Microbulbiferaceae","Family","Microbulbiferaceae","d__Bacteria;p__Pseudomonadota;c__Gammaproteobacteria;o__Cellvibrionales;f__;g___f__Microbulbiferaceae",-0.00667066753379329,0.00889830320768668
"X1769717","Mixture",0.000690575104478255,NA,-0.00891145445325934,0.0102926046622158,0.888987978756931,40,0.00361115715882914,NA,0.942523879395511,"Mesoaciditogaceae","Family","Mesoaciditogaceae","d__Bacteria;p__Thermotogota;c__Thermotogae;o__Mesoaciditogales;f__;g___f__Mesoaciditogaceae",-0.0100864113643706,0.0173087256820289
"X1775411","Mixture",-0.00156225232599619,NA,-0.00928858894081204,0.00616408428881966,0.695116476946506,40,-0.00424373241900076,NA,0.942523879395511,"Rhodanobacteraceae","Family","Rhodanobacteraceae","d__Bacteria;p__Pseudomonadota;c__Gammaproteobacteria;o__Xanthomonadales;f__;g___f__Rhodanobacteraceae",-0.016195598707809,0.00770813386980747
"X1783343","Mixture",0.00382300235502309,NA,-0.00390492357668038,0.0115509282867266,0.341183092605542,40,0.00324554361638681,NA,0.877134274275498,"Endomicrobiaceae","Family","Endomicrobiaceae","d__Bacteria;p__Elusimicrobiota;c__Endomicrobiia;o__Endomicrobiales;f__;g___f__Endomicrobiaceae",-0.00797538531800131,0.0144664725507749
"X186827","Mixture",-8.17681333292883e-05,NA,-0.00169089680271694,0.00152736053605836,0.921429126939765,40,-0.000806785513705389,NA,0.942523879395511,"Aerococcaceae","Family","Aerococcaceae","d__Bacteria;p__Bacillota;c__Bacilli;o__Lactobacillales;f__;g___f__Aerococcaceae",-0.00307932188730125,0.00146575085989047
"X188709","Mixture",-0.00659006271291842,NA,-0.0132485234279245,6.83980020876607e-05,0.0633208922718871,40,-0.00917250200740476,NA,0.877134274275498,"Thermotogaceae","Family","Thermotogaceae","d__Bacteria;p__Thermotogota;c__Thermotogae;o__Thermotogales;f__;g___f__Thermotogaceae",-0.0180967734675944,-0.000248230547215088
"X1890438","Mixture",-0.000487568618936938,NA,-0.0076110784460313,0.00663594120815742,0.89431721517646,40,0.000933975379471405,NA,0.942523879395511,"Leptolyngbyaceae","Family","Leptolyngbyaceae","d__Bacteria;p__Cyanobacteriota;c__Cyanophyceae;o__Leptolyngbyales;f__;g___f__Leptolyngbyaceae",-0.00900428185332955,0.0108722326122724
"X1892251","Mixture",0.00494030981975841,NA,-0.00138395267452825,0.0112645723140451,0.137832244330947,40,0.00350494116770773,NA,0.877134274275498,"Coleofasciculaceae","Family","Coleofasciculaceae","d__Bacteria;p__Cyanobacteriota;c__Cyanophyceae;o__Coleofasciculales;f__;g___f__Coleofasciculaceae",-0.00398872696766894,0.0109986093030844
"X2066474","Mixture",0.00292550916630873,NA,-0.00298145891289082,0.00883247724550827,0.340642169717308,40,0.00741199042499611,NA,0.877134274275498,"Endozoicomonadaceae","Family","Endozoicomonadaceae","d__Bacteria;p__Pseudomonadota;c__Gammaproteobacteria;o__Oceanospirillales;f__;g___f__Endozoicomonadaceae",-1.10567959600754e-05,0.0148350376459523
"X213121","Mixture",0.00391718871980469,NA,-0.00288913195259207,0.0107235093922014,0.269620658289908,40,0.00510298858352852,NA,0.877134274275498,"Desulfobulbaceae","Family","Desulfobulbaceae","d__Bacteria;p__Thermodesulfobacteriota;c__Desulfobulbia;o__Desulfobulbales;f__;g___f__Desulfobulbaceae",-0.00356670927488878,0.0137726864419458
"X2162846","Mixture",0.00241440748737731,NA,-0.00208644019068501,0.00691525516543963,0.302753277018233,40,0.00379870799027915,NA,0.877134274275498,"Candidatus Nanopelagicaceae","Family","Candidatus Nanopelagicaceae","d__Bacteria;p__Actinomycetota;c__Actinomycetes;o__Candidatus Nanopelagicales;f__;g___f__Candidatus_Nanopelagicaceae",-0.00305336064980955,0.0106507766303678
"X2211325","Mixture",-0.000144843474567016,NA,-0.00404450199962333,0.0037548150504893,0.942523879395511,40,0.000739336037189364,NA,0.942523879395511,"Vicinamibacteraceae","Family","Vicinamibacteraceae","d__Bacteria;p__Acidobacteriota;c__Vicinamibacteria;o__Vicinamibacterales;f__;g___f__Vicinamibacteraceae",-0.00454184880184961,0.00602052087622834
"X2448023","Mixture",-0.00105642199645603,NA,-0.00324640887199986,0.0011335648790878,0.353127464245491,40,-0.00115144084746025,NA,0.877134274275498,"Ilumatobacteraceae","Family","Ilumatobacteraceae","d__Bacteria;p__Actinomycetota;c__Acidimicrobiia;o__Acidimicrobiales;f__;g___f__Ilumatobacteraceae",-0.00410870228521665,0.00180582059029614
"X255474","Mixture",0.00854215536046827,NA,-0.00558009169450141,0.022664402415438,0.246531226150359,40,0.0128929089079883,NA,0.877134274275498,"Parvularculaceae","Family","Parvularculaceae","d__Bacteria;p__Pseudomonadota;c__Alphaproteobacteria;o__Parvularculales;f__;g___f__Parvularculaceae",-0.00835404598478925,0.0341398638007658
"X267890","Mixture",-0.00255931919881606,NA,-0.00574691344776607,0.000628275050133945,0.127658539077975,40,-0.00483645823695872,NA,0.877134274275498,"Shewanellaceae","Family","Shewanellaceae","d__Bacteria;p__Pseudomonadota;c__Gammaproteobacteria;o__Alteromonadales;f__;g___f__Shewanellaceae",-0.00923698399211422,-0.000435932481803232
"X2807496","Mixture",-0.0016140670208726,NA,-0.00397843356787001,0.000750299526124816,0.192483273421626,40,-0.00204532476822365,NA,0.877134274275498,"Natranaerofabaceae","Family","Natranaerofabaceae","d__Bacteria;p__Bacillota;c__Clostridia;o__Natranaerobiales;f__;g___f__Natranaerofabaceae",-0.00571236864513849,0.00162171910869119
"X28256","Mixture",0.00133944818237079,NA,-0.00525005930021167,0.00792895566495324,0.693587086454209,40,0.00710721640274719,NA,0.942523879395511,"Halomonadaceae","Family","Halomonadaceae","d__Bacteria;p__Pseudomonadota;c__Gammaproteobacteria;o__Oceanospirillales;f__;g___f__Halomonadaceae",-0.00214159499906821,0.0163560278045626
"X2881384","Mixture",-0.00455584633977048,NA,-0.0100286740371669,0.000916981357625975,0.114825571007491,40,-0.00601171373466599,NA,0.877134274275498,"Thermostichaceae","Family","Thermostichaceae","d__Bacteria;p__Cyanobacteriota;c__Cyanophyceae;o__Thermostichales;f__;g___f__Thermostichaceae",-0.0142575203835401,0.00223409291420816
"X2897348","Mixture",-0.00155863503138037,NA,-0.00569661585072418,0.00257934578796343,0.466973847732132,40,-0.00170946612548227,NA,0.88039888115997,"Candidatus Uabimicrobiaceae","Family","Candidatus Uabimicrobiaceae","d__Bacteria;p__Planctomycetota;c__Candidatus Uabimicrobiia;o__Candidatus Uabimicrobiales;f__;g___f__Candidatus_Uabimicrobiaceae",-0.00739004617620682,0.00397111392524227
"X2931039","Mixture",-0.000891806296562826,NA,-0.00337188513617058,0.00158827254304493,0.487213488127839,40,-0.000999951975539995,NA,0.88039888115997,"Desulfococcaceae","Family","Desulfococcaceae","d__Bacteria;p__Thermodesulfobacteriota;c__Desulfobacteria;o__Desulfobacterales;f__;g___f__Desulfococcaceae",-0.00416552531390946,0.00216562136282947
"X2934961","Mixture",-0.00714257914761654,NA,-0.023318306391027,0.00903314809579392,0.394710423423974,40,-0.00893056751768992,NA,0.877134274275498,"Sirenicapillariaceae","Family","Sirenicapillariaceae","d__Bacteria;p__Cyanobacteriota;c__Cyanophyceae;o__Oscillatoriales;f__;g___f__Sirenicapillariaceae",-0.0321124855697138,0.0142513505343339
"X2937911","Mixture",0.00336870025001028,NA,-0.000558102794856088,0.00729550329487664,0.104660365551349,40,0.00327424651094468,NA,0.877134274275498,"Thermincolaceae","Family","Thermincolaceae","d__Bacteria;p__Bacillota;c__Clostridia;o__Eubacteriales;f__;g___f__Thermincolaceae",-0.00235012475247481,0.00889861777436417
"X403","Mixture",0.000954642791071594,NA,-0.00263465854332205,0.00454394412546524,0.606577231039004,40,-0.000804401432523508,NA,0.942523879395511,"Methylococcaceae","Family","Methylococcaceae","d__Bacteria;p__Pseudomonadota;c__Gammaproteobacteria;o__Methylococcales;f__;g___f__Methylococcaceae",-0.0060950068047318,0.00448620393968478
"X433","Mixture",0.000644200379492687,NA,-0.00371097368985936,0.00499937444884473,0.774184459273372,40,-0.00144937611357874,NA,0.942523879395511,"Acetobacteraceae","Family","Acetobacteraceae","d__Bacteria;p__Pseudomonadota;c__Alphaproteobacteria;o__Rhodospirillales;f__;g___f__Acetobacteraceae",-0.008465109016872,0.00556635678971452
"X453228","Mixture",-0.0034867830369683,NA,-0.0112823187563496,0.004308752682413,0.388704112921153,40,-0.00562059632591531,NA,0.877134274275498,"Desulfarculaceae","Family","Desulfarculaceae","d__Bacteria;p__Thermodesulfobacteriota;c__Desulfarculia;o__Desulfarculales;f__;g___f__Desulfarculaceae",-0.0153880196024084,0.0041468269505778
"X45404","Mixture",-0.000961992377174633,NA,-0.00771829034254333,0.00579430558819406,0.782400015169413,40,0.0028973752207903,NA,0.942523879395511,"Beijerinckiaceae","Family","Beijerinckiaceae","d__Bacteria;p__Pseudomonadota;c__Alphaproteobacteria;o__Hyphomicrobiales;f__;g___f__Beijerinckiaceae",-0.00613516236709989,0.0119299128086805
"X49546","Mixture",0.00484058903549134,NA,-0.00564476859267349,0.0153259466636562,0.373868196381642,40,0.00986481968764337,NA,0.877134274275498,"Flavobacteriaceae","Family","Flavobacteriaceae","d__Bacteria;p__Bacteroidota;c__Flavobacteriia;o__Flavobacteriales;f__;g___f__Flavobacteriaceae",-0.00445851216585066,0.0241881515411374
"X543372","Mixture",-0.000679292760419401,NA,-0.00423667743439502,0.00287809191355622,0.711245389480427,40,-0.000843958700878423,NA,0.942523879395511,"Thermoanaerobacterales Family IV. Incertae Sedis","Family","Thermoanaerobacterales Family IV. Incertae Sedis","d__Bacteria;p__Bacillota;c__Clostridia;o__Thermoanaerobacterales;f__;g___f__Thermoanaerobacterales_Family_IV._Incertae_Sedis",-0.0054231399103359,0.00373522250857905
"X689704","Mixture",0.00410240005876498,NA,-0.00640142288415474,0.0146062230016847,0.450874151648498,40,0.00236092028108572,NA,0.88039888115997,"Rhabdochlamydiaceae","Family","Rhabdochlamydiaceae","d__Bacteria;p__Chlamydiota;c__Chlamydiia;o__Parachlamydiales;f__;g___f__Rhabdochlamydiaceae",-0.0134859456484201,0.0182077862105915
"X75682","Mixture",0.00105196559447584,NA,-0.0156111241415615,0.0177150553305132,0.902476368404273,40,-0.00282621992610555,NA,0.942523879395511,"Oxalobacteraceae","Family","Oxalobacteraceae","d__Bacteria;p__Pseudomonadota;c__Betaproteobacteria;o__Burkholderiales;f__;g___f__Oxalobacteraceae",-0.0269307858869623,0.0212783460347511
"X75787","Mixture",-0.00492277431055288,NA,-0.019236960591573,0.00939141197046725,0.506229356666983,40,-0.00959566961039163,NA,0.88039888115997,"Rhodocyclaceae","Family","Rhodocyclaceae","d__Bacteria;p__Pseudomonadota;c__Betaproteobacteria;o__Rhodocyclales;f__;g___f__Rhodocyclaceae",-0.0283846735259236,0.00919333430514038
"X84642","Mixture",-0.00805178425640527,NA,-0.0141677505618236,-0.0019358179509869,0.0158703147784047,40,-0.0102306335076748,NA,0.634812591136189,"Aeromonadaceae","Family","Aeromonadaceae","d__Bacteria;p__Pseudomonadota;c__Gammaproteobacteria;o__Aeromonadales;f__;g___f__Aeromonadaceae",-0.0189006762370967,-0.00156059077825279
"X85017","Mixture",-0.00086868044800538,NA,-0.00420529601482385,0.00246793511881309,0.614165726788677,40,-0.00101043259029262,NA,0.942523879395511,"Promicromonosporaceae","Family","Promicromonosporaceae","d__Bacteria;p__Actinomycetota;c__Actinomycetes;o__Micrococcales;f__;g___f__Promicromonosporaceae",-0.00542079762844242,0.00339993244785718
"X85025","Mixture",0.000323719054405106,NA,-0.00239471539186222,0.00304215350067243,0.817280052167908,40,-0.000405817729215953,NA,0.942523879395511,"Nocardiaceae","Family","Nocardiaceae","d__Bacteria;p__Actinomycetota;c__Actinomycetes;o__Mycobacteriales;f__;g___f__Nocardiaceae",-0.0043077457306372,0.0034961102722053
"X85034","Mixture",-0.00142068287743523,NA,-0.00353276651225824,0.000691400757387782,0.198879731843856,40,-0.000677903429241407,NA,0.877134274275498,"Glycomycetaceae","Family","Glycomycetaceae","d__Bacteria;p__Actinomycetota;c__Actinomycetes;o__Glycomycetales;f__;g___f__Glycomycetaceae",-0.00364266356640193,0.00228685670791911
"X1161","PFOA",-0.0015939877242064,0.000806748313962799,-0.00323936175839116,5.13863099783642e-05,0.0571341907173911,40,-0.00136919780418246,0.00069297774583284,0.400909504936772,"Nostocales","Order","Nostocales","d__Bacteria;p__Cyanobacteriota;c__Cyanophyceae;o__;f__;g___o__Nostocales",NA,NA
"X1161","PFBS",-0.000912876978140842,0.000740900546975172,-0.00242395360613916,0.000598199649857476,0.227169014061863,40,-0.00090647022594511,0.000735700759577949,0.734890769259934,"Nostocales","Order","Nostocales","d__Bacteria;p__Cyanobacteriota;c__Cyanophyceae;o__;f__;g___o__Nostocales",NA,NA
"X1161","PFNA",-0.000827717969728063,0.000681262426767514,-0.00221716184964506,0.000561725910188931,0.233548241194867,40,-0.00128156853030821,0.00105480914871703,0.615242925464488,"Nostocales","Order","Nostocales","d__Bacteria;p__Cyanobacteriota;c__Cyanophyceae;o__;f__;g___o__Nostocales",NA,NA
"X1161","PFOS",1.84672970717074e-05,0.00102414598344647,-0.00207029220724024,0.00210722680138366,0.985728965074656,40,1.65744910480584e-05,0.00091917611811987,0.985728965074656,"Nostocales","Order","Nostocales","d__Bacteria;p__Cyanobacteriota;c__Cyanophyceae;o__;f__;g___o__Nostocales",NA,NA
"X1161","PFHxS",0.000291509325049912,0.00114649999492927,-0.00204679283090174,0.00262981148100156,0.800973563056212,40,0.000289571280229161,0.00113887770573909,0.950516599267109,"Nostocales","Order","Nostocales","d__Bacteria;p__Cyanobacteriota;c__Cyanophyceae;o__;f__;g___o__Nostocales",NA,NA
"X1643687","PFNA",-0.000285647413673902,0.000539341589043971,-0.00138564183672989,0.000814347009382082,0.600146542896409,40,-0.000442272307134608,0.000835070921357746,0.749320221289182,"Brevinematales","Order","Brevinematales","d__Bacteria;p__Spirochaetota;c__Spirochaetia;o__;f__;g___o__Brevinematales",NA,NA
"X1643687","PFOA",0.000169307998274339,0.00066442120168352,-0.00118578797663006,0.00152440397317874,0.80054483918123,40,0.000145431571364935,0.000570722118233549,0.927709659706743,"Brevinematales","Order","Brevinematales","d__Bacteria;p__Spirochaetota;c__Spirochaetia;o__;f__;g___o__Brevinematales",NA,NA
"X1643687","PFBS",0.000152264761810497,0.000588949386054337,-0.00104890543029423,0.00135343495391523,0.797701969867772,40,0.000151196137427999,0.000584816022126195,0.949645202223538,"Brevinematales","Order","Brevinematales","d__Bacteria;p__Spirochaetota;c__Spirochaetia;o__;f__;g___o__Brevinematales",NA,NA
"X1643687","PFOS",-0.00173072990270091,0.000732506927300611,-0.00322468763050903,-0.000236772174892801,0.0245952200395266,40,-0.00155333870287229,0.00065742861351297,0.557594851760043,"Brevinematales","Order","Brevinematales","d__Bacteria;p__Spirochaetota;c__Spirochaetia;o__;f__;g___o__Brevinematales",NA,NA
"X1643687","PFHxS",-0.000794733836719336,0.000880225577656025,-0.00258996573821084,0.00100049806477217,0.373554620350025,40,-0.000789450198551445,0.000874373563757063,0.950516599267109,"Brevinematales","Order","Brevinematales","d__Bacteria;p__Spirochaetota;c__Spirochaetia;o__;f__;g___o__Brevinematales",NA,NA
"X1643822","PFNA",0.000516817065369123,0.000517978677036762,-0.000539607411393977,0.00157324154213222,0.326121939114205,40,0.000800195853088597,0.000801994394393886,0.615242925464488,"Eggerthellales","Order","Eggerthellales","d__Bacteria;p__Actinomycetota;c__Coriobacteriia;o__;f__;g___o__Eggerthellales",NA,NA
"X1643822","PFHxS",-0.000459775830628536,0.000862190432280745,-0.00221822481061945,0.00129867314936238,0.597653086548073,40,-0.000456719097650599,0.000856458321647588,0.950516599267109,"Eggerthellales","Order","Eggerthellales","d__Bacteria;p__Actinomycetota;c__Coriobacteriia;o__;f__;g___o__Eggerthellales",NA,NA
"X1643822","PFBS",0.000381433597591437,0.000568553474874892,-0.000778138859411308,0.00154100605459418,0.507262415382109,40,0.000378756620739778,0.000564563253507973,0.845437358970182,"Eggerthellales","Order","Eggerthellales","d__Bacteria;p__Actinomycetota;c__Coriobacteriia;o__;f__;g___o__Eggerthellales",NA,NA
"X1643822","PFOA",0.00120822757470623,0.000608494598636525,-3.28053412725438e-05,0.00244926049068501,0.0559836859003017,40,0.00103783894763939,0.00052268248723485,0.400909504936772,"Eggerthellales","Order","Eggerthellales","d__Bacteria;p__Actinomycetota;c__Coriobacteriia;o__;f__;g___o__Eggerthellales",NA,NA
"X1643822","PFOS",0.000829704900348337,0.000758398928133717,-0.000717059911313001,0.00237646971200968,0.282373706472688,40,0.00074466427815374,0.000680666813145449,0.705934266181721,"Eggerthellales","Order","Eggerthellales","d__Bacteria;p__Actinomycetota;c__Coriobacteriia;o__;f__;g___o__Eggerthellales",NA,NA
"X1643946","PFHxS",0.00144694070286156,0.00136926349248002,-0.00134569060171115,0.00423957200743427,0.298801039524415,40,0.00143732099023441,0.00136016020214998,0.950516599267109,"Kosmotogales","Order","Kosmotogales","d__Bacteria;p__Thermotogota;c__Thermotogae;o__;f__;g___o__Kosmotogales",NA,NA
"X1643946","PFOA",0.000976115934363776,0.00102464469903992,-0.00111366070710695,0.0030658925758345,0.348142648825851,40,0.000838460531196248,0.000880145593775603,0.681633207313575,"Kosmotogales","Order","Kosmotogales","d__Bacteria;p__Thermotogota;c__Thermotogae;o__;f__;g___o__Kosmotogales",NA,NA
"X1643946","PFNA",-0.00123988574143599,0.000816954066139199,-0.00290607454441511,0.000426303061543123,0.139224830501157,40,-0.001919734263984,0.00126490261195526,0.497231537504134,"Kosmotogales","Order","Kosmotogales","d__Bacteria;p__Thermotogota;c__Thermotogae;o__;f__;g___o__Kosmotogales",NA,NA
"X1643946","PFOS",0.0020665114199345,0.00118700747257022,-0.000354406281345484,0.00448742912121449,0.0916118978074775,40,0.00185470428603703,0.00106534511529762,0.557594851760043,"Kosmotogales","Order","Kosmotogales","d__Bacteria;p__Thermotogota;c__Thermotogae;o__;f__;g___o__Kosmotogales",NA,NA
"X1643946","PFBS",-3.12559093649425e-05,0.000921464782764932,-0.00191059572419477,0.00184808390546488,0.973158564904905,40,-3.1036549176496e-05,0.000914997759648309,0.973158564904905,"Kosmotogales","Order","Kosmotogales","d__Bacteria;p__Thermotogota;c__Thermotogae;o__;f__;g___o__Kosmotogales",NA,NA
"X1663425","PFBS",-0.000583011553512553,0.000750284647443546,-0.00211322718059845,0.000947204073573347,0.443016542490009,40,-0.000578919862474171,0.000745019000562821,0.84200682679206,"Fimbriimonadales","Order","Fimbriimonadales","d__Bacteria;p__Armatimonadota;c__Fimbriimonadia;o__;f__;g___o__Fimbriimonadales",NA,NA
"X1663425","PFHxS",0.000129411766919751,0.00114553999016548,-0.00220693244640755,0.00246575598024705,0.910782674680815,40,0.000128551397171441,0.00113792408338608,0.973017660813848,"Fimbriimonadales","Order","Fimbriimonadales","d__Bacteria;p__Armatimonadota;c__Fimbriimonadia;o__;f__;g___o__Fimbriimonadales",NA,NA
"X1663425","PFOS",-0.000645046939730628,0.00101585387756605,-0.00271689458260051,0.00142680070313926,0.530100618556208,40,-0.000578932839312054,0.000911733911815885,0.828282216494075,"Fimbriimonadales","Order","Fimbriimonadales","d__Bacteria;p__Armatimonadota;c__Fimbriimonadia;o__;f__;g___o__Fimbriimonadales",NA,NA
"X1663425","PFOA",-0.000128481545822239,0.000854296737671146,-0.00187083122951513,0.00161386813787065,0.881427684603676,40,-0.000110362613052972,0.000733820718677075,0.927709659706743,"Fimbriimonadales","Order","Fimbriimonadales","d__Bacteria;p__Armatimonadota;c__Fimbriimonadia;o__;f__;g___o__Fimbriimonadales",NA,NA
"X1663425","PFNA",0.00120166666583831,0.000661825989983285,-0.00014813633990721,0.00255146967158384,0.0791030580704243,40,0.0018605590783111,0.00102471541312715,0.395515290352121,"Fimbriimonadales","Order","Fimbriimonadales","d__Bacteria;p__Armatimonadota;c__Fimbriimonadia;o__;f__;g___o__Fimbriimonadales",NA,NA
"X1769716","PFBS",-0.00224117095607156,0.00126759330316818,-0.00482644454244511,0.000344102630301986,0.0868940958865179,40,-0.00222544197255281,0.00125869708125347,0.734890769259934,"Mesoaciditogales","Order","Mesoaciditogales","d__Bacteria;p__Thermotogota;c__Thermotogae;o__;f__;g___o__Mesoaciditogales",NA,NA
"X1769716","PFNA",-0.000101905600114843,0.00122198917254397,-0.00259416894886908,0.0023903577486394,0.934075073603778,40,-0.000157782016273324,0.00189202472966031,0.934075073603778,"Mesoaciditogales","Order","Mesoaciditogales","d__Bacteria;p__Thermotogota;c__Thermotogae;o__;f__;g___o__Mesoaciditogales",NA,NA
"X1769716","PFHxS",-0.00176210882682805,0.00198647697454863,-0.00581355532737683,0.00228933767372074,0.38188124235641,40,-0.00175039377831339,0.0019732702566798,0.950516599267109,"Mesoaciditogales","Order","Mesoaciditogales","d__Bacteria;p__Thermotogota;c__Thermotogae;o__;f__;g___o__Mesoaciditogales",NA,NA
"X1769716","PFOA",-0.00201236545672686,0.00145617037970016,-0.0049822445263695,0.00095751361291577,0.176862849981761,40,-0.00172857439409382,0.00125081596057689,0.491285694393781,"Mesoaciditogales","Order","Mesoaciditogales","d__Bacteria;p__Thermotogota;c__Thermotogae;o__;f__;g___o__Mesoaciditogales",NA,NA
"X1769716","PFOS",0.000146477034343528,0.00179480626928376,-0.00351405448553727,0.00380700855422432,0.935480222283958,40,0.000131463867454236,0.00161084756083865,0.985728965074656,"Mesoaciditogales","Order","Mesoaciditogales","d__Bacteria;p__Thermotogota;c__Thermotogae;o__;f__;g___o__Mesoaciditogales",NA,NA
"X1779134","PFOA",-0.000157325459999351,0.00102710366657467,-0.00225211719882144,0.00193746627882274,0.879253872163734,40,-0.000135138854021197,0.000882257788805716,0.927709659706743,"Bradymonadales","Order","Bradymonadales","d__Bacteria;p__;c__Deltaproteobacteria;o__;f__;g___o__Bradymonadales",NA,NA
"X1779134","PFBS",-0.000658285460821924,0.000903100660949752,-0.00250017140227843,0.00118360048063458,0.471523823003554,40,-0.000653665482530732,0.00089676252089249,0.84200682679206,"Bradymonadales","Order","Bradymonadales","d__Bacteria;p__;c__Deltaproteobacteria;o__;f__;g___o__Bradymonadales",NA,NA
"X1779134","PFNA",7.88010836062159e-05,0.000836832461042334,-0.00162792997307062,0.00178553214028305,0.925583388530465,40,0.000122008936132064,0.00129568063813399,0.934075073603778,"Bradymonadales","Order","Bradymonadales","d__Bacteria;p__;c__Deltaproteobacteria;o__;f__;g___o__Bradymonadales",NA,NA
"X1779134","PFOS",0.00168055534112581,0.00119164164537748,-0.000749813817907497,0.00411092450015912,0.168410967396649,40,0.00150830678410055,0.00106950430846004,0.557594851760043,"Bradymonadales","Order","Bradymonadales","d__Bacteria;p__;c__Deltaproteobacteria;o__;f__;g___o__Bradymonadales",NA,NA
"X1779134","PFHxS",-0.000286572651364322,0.00137659985849814,-0.00309416657307867,0.00252102127035003,0.836454607355056,40,-0.00028466742708839,0.00136744779372096,0.950516599267109,"Bradymonadales","Order","Bradymonadales","d__Bacteria;p__;c__Deltaproteobacteria;o__;f__;g___o__Bradymonadales",NA,NA
"X1955042","PFHxS",0.000188698174842635,0.000660085983103924,-0.00115755606347561,0.00153495241316088,0.776880005875436,40,0.000187443650582128,0.000655697525820144,0.950516599267109,"Gloeomargaritales","Order","Gloeomargaritales","d__Bacteria;p__Cyanobacteriota;c__Cyanophyceae;o__;f__;g___o__Gloeomargaritales",NA,NA
"X1955042","PFNA",0.000361163471046658,0.000396296749420913,-0.000447089078160481,0.0011694160202538,0.369145755278693,40,0.000559194986357906,0.000613592384478664,0.615242925464488,"Gloeomargaritales","Order","Gloeomargaritales","d__Bacteria;p__Cyanobacteriota;c__Cyanophyceae;o__;f__;g___o__Gloeomargaritales",NA,NA
"X1955042","PFOA",-5.75774652593255e-05,0.000492883318309938,-0.00106281962045692,0.000947664689938274,0.907758111185089,40,-4.94576826447709e-05,0.000423375128239538,0.927709659706743,"Gloeomargaritales","Order","Gloeomargaritales","d__Bacteria;p__Cyanobacteriota;c__Cyanophyceae;o__;f__;g___o__Gloeomargaritales",NA,NA
"X1955042","PFBS",0.000498295546787341,0.000427743750568562,-0.000374093584109273,0.00137068467768396,0.252929862531923,40,0.00049479840953342,0.000424741759852631,0.734890769259934,"Gloeomargaritales","Order","Gloeomargaritales","d__Bacteria;p__Cyanobacteriota;c__Cyanophyceae;o__;f__;g___o__Gloeomargaritales",NA,NA
"X1955042","PFOS",1.5837050205905e-05,0.000589800119679751,-0.00118706822456716,0.00121874232497897,0.978750248196837,40,1.4213831393202e-05,0.000529348543309699,0.985728965074656,"Gloeomargaritales","Order","Gloeomargaritales","d__Bacteria;p__Cyanobacteriota;c__Cyanophyceae;o__;f__;g___o__Gloeomargaritales",NA,NA
"X1963360","PFBS",0.0004896673789158,0.000391309062229388,-0.000308412715197805,0.00128774747302941,0.220165387295227,40,0.000486230795860068,0.000388562777402758,0.734890769259934,"Parachlamydiales","Order","Parachlamydiales","d__Bacteria;p__Chlamydiota;c__Chlamydiia;o__;f__;g___o__Parachlamydiales",NA,NA
"X1963360","PFOA",0.000419401015531264,0.000446137785614753,-0.000490502997175544,0.00132930502823807,0.354449267803059,40,0.000360255565847097,0.00038322181981086,0.681633207313575,"Parachlamydiales","Order","Parachlamydiales","d__Bacteria;p__Chlamydiota;c__Chlamydiia;o__;f__;g___o__Parachlamydiales",NA,NA
"X1963360","PFNA",0.000695581810655117,0.00034672833817636,-1.15752973022508e-05,0.00140273891861249,0.0536352244230184,40,0.00107698007218965,0.000536844846945723,0.335220152643865,"Parachlamydiales","Order","Parachlamydiales","d__Bacteria;p__Chlamydiota;c__Chlamydiia;o__;f__;g___o__Parachlamydiales",NA,NA
"X1963360","PFOS",-0.000278639069861626,0.000538987789938189,-0.00137791191488404,0.000820633775160792,0.608847986762914,40,-0.000250079952205688,0.000483744224433886,0.845622203837381,"Parachlamydiales","Order","Parachlamydiales","d__Bacteria;p__Chlamydiota;c__Chlamydiia;o__;f__;g___o__Parachlamydiales",NA,NA
"X1963360","PFHxS",0.000155444186318876,0.00060596115737703,-0.00108042174214551,0.00139131011478326,0.799240309988446,40,0.000154410744935279,0.000601932538798774,0.950516599267109,"Parachlamydiales","Order","Parachlamydiales","d__Bacteria;p__Chlamydiota;c__Chlamydiia;o__;f__;g___o__Parachlamydiales",NA,NA
"X2024973","PFOA",0.00266293732299271,0.0011985300042497,0.000218519263415907,0.00510735538256952,0.033728117134947,40,0.00228740026033289,0.00102950896367944,0.400909504936772,"Silvanigrellales","Order","Silvanigrellales","d__Bacteria;p__Bdellovibrionota;c__Oligoflexia;o__;f__;g___o__Silvanigrellales",NA,NA
"X2024973","PFBS",-0.00156523534055708,0.00110880675564229,-0.00382666162814471,0.000696190947030548,0.168015214331299,40,-0.00155425020762562,0.00110102492929936,0.734890769259934,"Silvanigrellales","Order","Silvanigrellales","d__Bacteria;p__Bdellovibrionota;c__Oligoflexia;o__;f__;g___o__Silvanigrellales",NA,NA
"X2024973","PFNA",0.00223681070121454,0.000971332354583064,0.000255765303122498,0.00421785609930658,0.0281632171377248,40,0.0034632885931847,0.00150392890287595,0.234693476147707,"Silvanigrellales","Order","Silvanigrellales","d__Bacteria;p__Bdellovibrionota;c__Oligoflexia;o__;f__;g___o__Silvanigrellales",NA,NA
"X2024973","PFHxS",-0.00116218597272772,0.00171745235478793,-0.00466495314386287,0.00234058119840743,0.50361987237437,40,-0.00115445939826974,0.00170603419641336,0.950516599267109,"Silvanigrellales","Order","Silvanigrellales","d__Bacteria;p__Bdellovibrionota;c__Oligoflexia;o__;f__;g___o__Silvanigrellales",NA,NA
"X2024973","PFOS",-0.00102782359990833,0.00153277857583541,-0.00415394611567299,0.00209829891585633,0.50746476851705,40,-0.000922476797200767,0.00137567640165171,0.828282216494075,"Silvanigrellales","Order","Silvanigrellales","d__Bacteria;p__Bdellovibrionota;c__Oligoflexia;o__;f__;g___o__Silvanigrellales",NA,NA
"X2039638","PFBS",0.000837984981874257,0.000751329200805655,-0.000694361025839144,0.00237033098958766,0.273278039116562,40,0.000832103836603678,0.000746056223041682,0.734890769259934,"Candidatus Nanopelagicales","Order","Candidatus Nanopelagicales","d__Bacteria;p__Actinomycetota;c__Actinomycetes;o__;f__;g___o__Candidatus_Nanopelagicales",NA,NA
"X2039638","PFOS",-0.000956663938535214,0.00101980653656663,-0.00303657308258581,0.00112324520551538,0.355453168997969,40,-0.000858610646901029,0.00091528144294439,0.80784811135902,"Candidatus Nanopelagicales","Order","Candidatus Nanopelagicales","d__Bacteria;p__Actinomycetota;c__Actinomycetes;o__;f__;g___o__Candidatus_Nanopelagicales",NA,NA
"X2039638","PFHxS",-0.00212826538701962,0.00109408078533249,-0.00435965786014917,0.000103127086109927,0.0608622509292262,40,-0.00211411601560658,0.00108680699538037,0.473616579672343,"Candidatus Nanopelagicales","Order","Candidatus Nanopelagicales","d__Bacteria;p__Actinomycetota;c__Actinomycetes;o__;f__;g___o__Candidatus_Nanopelagicales",NA,NA
"X2039638","PFNA",0.000639609127384718,0.000694687770042888,-0.000777215920664888,0.00205643417543432,0.364309376613836,40,0.000990316701259312,0.00107559581528651,0.615242925464488,"Candidatus Nanopelagicales","Order","Candidatus Nanopelagicales","d__Bacteria;p__Actinomycetota;c__Actinomycetes;o__;f__;g___o__Candidatus_Nanopelagicales",NA,NA
"X2039638","PFOA",7.90558416473942e-05,0.000864305533890424,-0.00168370691651695,0.00184181859981174,0.927709659706743,40,6.79071006304643e-05,0.000742418038215887,0.927709659706743,"Candidatus Nanopelagicales","Order","Candidatus Nanopelagicales","d__Bacteria;p__Actinomycetota;c__Actinomycetes;o__;f__;g___o__Candidatus_Nanopelagicales",NA,NA
"X204441","PFBS",0.000115725426759532,0.000440804449247696,-0.000783301174712507,0.00101475202823157,0.794647917997147,40,0.000114913242697772,0.000437710795950778,0.949645202223538,"Rhodospirillales","Order","Rhodospirillales","d__Bacteria;p__Pseudomonadota;c__Alphaproteobacteria;o__;f__;g___o__Rhodospirillales",NA,NA
"X204441","PFHxS",-0.00116448578936523,0.0006338254678377,-0.00245718135368871,0.000128209774958259,0.0757786527475749,40,-0.00115674392500966,0.000629611598641603,0.473616579672343,"Rhodospirillales","Order","Rhodospirillales","d__Bacteria;p__Pseudomonadota;c__Alphaproteobacteria;o__;f__;g___o__Rhodospirillales",NA,NA
"X204441","PFNA",-0.000413568107598367,0.000398649794426202,-0.00122661972373377,0.000399483508537037,0.307563965898134,40,-0.000640333895386272,0.000617235640442007,0.615242925464488,"Rhodospirillales","Order","Rhodospirillales","d__Bacteria;p__Pseudomonadota;c__Alphaproteobacteria;o__;f__;g___o__Rhodospirillales",NA,NA
"X204441","PFOA",0.000389212193904793,0.000492896844689262,-0.000616057548525318,0.0013944819363349,0.43573528257221,40,0.000334324081147364,0.000423386747079876,0.726225470953684,"Rhodospirillales","Order","Rhodospirillales","d__Bacteria;p__Pseudomonadota;c__Alphaproteobacteria;o__;f__;g___o__Rhodospirillales",NA,NA
"X204441","PFOS",-0.000429059003872047,0.00059058807005002,-0.00163357131402037,0.000775453306276273,0.472986016671742,40,-0.00038508259173786,0.000530055732689262,0.828282216494075,"Rhodospirillales","Order","Rhodospirillales","d__Bacteria;p__Pseudomonadota;c__Alphaproteobacteria;o__;f__;g___o__Rhodospirillales",NA,NA
"X2497644","PFBS",0.000790426365999547,0.000998314434500971,-0.00124564934689681,0.0028265020788959,0.434517000255524,40,0.000784878996554164,0.00099130806524375,0.84200682679206,"Candidatus Babeliales","Order","Candidatus Babeliales","d__Bacteria;p__;c__Candidatus Babeliae;o__;f__;g___o__Candidatus_Babeliales",NA,NA
"X2497644","PFHxS",9.65372650206818e-05,0.00152500521340175,-0.0030137313735368,0.00320680590357817,0.949931723932336,40,9.58954552039605e-05,0.00151486650358536,0.973017660813848,"Candidatus Babeliales","Order","Candidatus Babeliales","d__Bacteria;p__;c__Candidatus Babeliae;o__;f__;g___o__Candidatus_Babeliales",NA,NA
"X2497644","PFNA",0.00141682870131633,0.000890965414854761,-0.000400307242554104,0.00323396464518677,0.121933710400554,40,0.00219369778457391,0.00137949552749954,0.497231537504134,"Candidatus Babeliales","Order","Candidatus Babeliales","d__Bacteria;p__;c__Candidatus Babeliae;o__;f__;g___o__Candidatus_Babeliales",NA,NA
"X2497644","PFOA",0.00115475169174627,0.00111847394368017,-0.00112639095583346,0.003435894339326,0.309856170513483,40,0.000991904427308027,0.000960742698620617,0.681633207313575,"Candidatus Babeliales","Order","Candidatus Babeliales","d__Bacteria;p__;c__Candidatus Babeliae;o__;f__;g___o__Candidatus_Babeliales",NA,NA
"X2497644","PFOS",-8.4680390369691e-05,0.00136084915601365,-0.00286015054257673,0.00269078976183735,0.950782230058479,40,-7.60010718774216e-05,0.0012213688915343,0.985728965074656,"Candidatus Babeliales","Order","Candidatus Babeliales","d__Bacteria;p__;c__Candidatus Babeliae;o__;f__;g___o__Candidatus_Babeliales",NA,NA
"X2800059","PFBS",0.000633784677122919,0.00052036908817782,-0.000427515075304783,0.00169508442955062,0.232431438435682,40,0.000629336650204715,0.000516717034420188,0.734890769259934,"Maricaulales","Order","Maricaulales","d__Bacteria;p__Pseudomonadota;c__Alphaproteobacteria;o__;f__;g___o__Maricaulales",NA,NA
"X2800059","PFNA",0.000485883444785635,0.000481638751943612,-0.000496425266108945,0.00146819215568022,0.320874111425039,40,0.000752300850058379,0.000745728726501669,0.615242925464488,"Maricaulales","Order","Maricaulales","d__Bacteria;p__Pseudomonadota;c__Alphaproteobacteria;o__;f__;g___o__Maricaulales",NA,NA
"X2800059","PFHxS",-0.00040238569164478,0.000802401391932994,-0.00203889411989932,0.00123412273660976,0.619578441853622,40,-0.000399710506192298,0.000797066777469004,0.950516599267109,"Maricaulales","Order","Maricaulales","d__Bacteria;p__Pseudomonadota;c__Alphaproteobacteria;o__;f__;g___o__Maricaulales",NA,NA
"X2800059","PFOA",-0.00084091224485256,0.000581626185411863,-0.0020271466707763,0.000345322181071184,0.158269587459212,40,-0.000722323755495362,0.000499603154922307,0.491285694393781,"Maricaulales","Order","Maricaulales","d__Bacteria;p__Pseudomonadota;c__Alphaproteobacteria;o__;f__;g___o__Maricaulales",NA,NA
"X2800059","PFOS",-0.00114895412994937,0.000688672637166233,-0.00255351123361518,0.000255602973716433,0.105315485083932,40,-0.00103119205087412,0.000618087119919773,0.557594851760043,"Maricaulales","Order","Maricaulales","d__Bacteria;p__Pseudomonadota;c__Alphaproteobacteria;o__;f__;g___o__Maricaulales",NA,NA
"X2805415","PFOS",0.000343869047426783,0.00041464571438487,-0.000501806462551804,0.00118954455740537,0.413270555859881,40,0.000308624181771102,0.000372146592676889,0.828282216494075,"Jatrophihabitantales","Order","Jatrophihabitantales","d__Bacteria;p__Actinomycetota;c__Actinomycetes;o__;f__;g___o__Jatrophihabitantales",NA,NA
"X2805415","PFBS",8.69789522003534e-05,0.000310219929321795,-0.00054571876499159,0.000719676669392297,0.781049884707166,40,8.63685166144687e-05,0.00030804274415782,0.949645202223538,"Jatrophihabitantales","Order","Jatrophihabitantales","d__Bacteria;p__Actinomycetota;c__Actinomycetes;o__;f__;g___o__Jatrophihabitantales",NA,NA
"X2805415","PFNA",0.000155187510871581,0.000284062068710924,-0.000424160897875528,0.000734535919618691,0.588759802602077,40,0.00024027922251733,0.000439817693016586,0.749320221289182,"Jatrophihabitantales","Order","Jatrophihabitantales","d__Bacteria;p__Actinomycetota;c__Actinomycetes;o__;f__;g___o__Jatrophihabitantales",NA,NA
"X2805415","PFHxS",0.000489837256337489,0.000461479364101628,-0.000451356111982246,0.00143103062465722,0.296685267152274,40,0.000486580665634967,0.000458411305502379,0.950516599267109,"Jatrophihabitantales","Order","Jatrophihabitantales","d__Bacteria;p__Actinomycetota;c__Actinomycetes;o__;f__;g___o__Jatrophihabitantales",NA,NA
"X2805415","PFOA",0.000534592580648448,0.000336994844005639,-0.000152712935067312,0.00122189809636421,0.122808615906351,40,0.000459202399391447,0.000289470610987959,0.491285694393781,"Jatrophihabitantales","Order","Jatrophihabitantales","d__Bacteria;p__Actinomycetota;c__Actinomycetes;o__;f__;g___o__Jatrophihabitantales",NA,NA
"X3031460","PFHxS",-0.000474639261653335,0.00140225409895997,-0.00333455535174666,0.00238527682843999,0.73728110169943,40,-0.00047148371195483,0.0013929314767989,0.950516599267109,"Candidatus Desulfofervidales","Order","Candidatus Desulfofervidales","d__Bacteria;p__Thermodesulfobacteriota;c__Candidatus Desulfofervidia;o__;f__;g___o__Candidatus_Desulfofervidales",NA,NA
"X3031460","PFOA",-0.00120973041091883,0.00102506692092685,-0.0033003681796053,0.000880907357767633,0.246918358928292,40,-0.00103912984844816,0.000880508272403346,0.61729589732073,"Candidatus Desulfofervidales","Order","Candidatus Desulfofervidales","d__Bacteria;p__Thermodesulfobacteriota;c__Candidatus Desulfofervidia;o__;f__;g___o__Candidatus_Desulfofervidales",NA,NA
"X3031460","PFNA",7.92057114899825e-05,0.000853408571870809,-0.00166133254611049,0.00181974396909045,0.92665092849491,40,0.000122635427740662,0.00132134568682159,0.934075073603778,"Candidatus Desulfofervidales","Order","Candidatus Desulfofervidales","d__Bacteria;p__Thermodesulfobacteriota;c__Candidatus Desulfofervidia;o__;f__;g___o__Candidatus_Desulfofervidales",NA,NA
"X3031460","PFBS",-0.000973869799139079,0.000912227038060808,-0.00283436910943047,0.000886629511152307,0.293956307703973,40,-0.00096703498719465,0.000905824847273825,0.734890769259934,"Candidatus Desulfofervidales","Order","Candidatus Desulfofervidales","d__Bacteria;p__Thermodesulfobacteriota;c__Candidatus Desulfofervidia;o__;f__;g___o__Candidatus_Desulfofervidales",NA,NA
"X3031460","PFOS",-0.000553290548395919,0.00124967391193481,-0.00310201729539777,0.00199543619860593,0.661022189186906,40,-0.00049658102134573,0.00112158855656729,0.852840770038831,"Candidatus Desulfofervidales","Order","Candidatus Desulfofervidales","d__Bacteria;p__Thermodesulfobacteriota;c__Candidatus Desulfofervidia;o__;f__;g___o__Candidatus_Desulfofervidales",NA,NA
"X3031655","PFBS",-0.000155402302804796,0.00039611620771434,-0.000963286634773744,0.000652482029164152,0.697509964805092,40,-0.000154311658535571,0.000393336185384598,0.949645202223538,"Desulfobaccales","Order","Desulfobaccales","d__Bacteria;p__Thermodesulfobacteriota;c__Desulfobaccia;o__;f__;g___o__Desulfobaccales",NA,NA
"X3031655","PFHxS",2.04787176070814e-05,0.000600585149879502,-0.00120442277127817,0.00124538020649233,0.973017660813848,40,2.03425687117168e-05,0.000596592272674134,0.973017660813848,"Desulfobaccales","Order","Desulfobaccales","d__Bacteria;p__Thermodesulfobacteriota;c__Desulfobaccia;o__;f__;g___o__Desulfobaccales",NA,NA
"X3031655","PFOA",-0.000812986270518622,0.000423506150236918,-0.00167673275855839,5.07602175211507e-05,0.0641455207898835,40,-0.000698336003170155,0.000363781779593601,0.400909504936772,"Desulfobaccales","Order","Desulfobaccales","d__Bacteria;p__Thermodesulfobacteriota;c__Desulfobaccia;o__;f__;g___o__Desulfobaccales",NA,NA
"X3031655","PFNA",0.000177161175104086,0.000363508718322633,-0.000564219743797249,0.00091854209400542,0.629428985882913,40,0.000274301386594774,0.000562826168976387,0.749320221289182,"Desulfobaccales","Order","Desulfobaccales","d__Bacteria;p__Thermodesulfobacteriota;c__Desulfobaccia;o__;f__;g___o__Desulfobaccales",NA,NA
"X3031655","PFOS",0.000381551478153473,0.000531546009271015,-0.000702543755133111,0.00146564671144006,0.47824655606175,40,0.000342444350923277,0.000477065189241527,0.828282216494075,"Desulfobaccales","Order","Desulfobaccales","d__Bacteria;p__Thermodesulfobacteriota;c__Desulfobaccia;o__;f__;g___o__Desulfobaccales",NA,NA
"X3031714","PFOA",-0.00010669414188003,0.000788511912009244,-0.00171487478906662,0.00150148650530656,0.893240981114647,40,-9.16477476976812e-05,0.000677313107309085,0.927709659706743,"Haliangiales","Order","Haliangiales","d__Bacteria;p__Myxococcota;c__;o__;f__;g___o__Haliangiales",NA,NA
"X3031714","PFBS",0.000544138772905859,0.000692308381796128,-0.000867833480820283,0.001956111026632,0.43784755374582,40,0.000540319898773226,0.000687449623878682,0.84200682679206,"Haliangiales","Order","Haliangiales","d__Bacteria;p__Myxococcota;c__;o__;f__;g___o__Haliangiales",NA,NA
"X3031714","PFNA",-0.00184583442900505,0.000550337972517243,-0.00296825612401651,-0.000723412733993599,0.00211368926092184,40,-0.00285793398583515,0.00085209679191022,0.0528422315230459,"Haliangiales","Order","Haliangiales","d__Bacteria;p__Myxococcota;c__;o__;f__;g___o__Haliangiales",NA,NA
"X3031714","PFHxS",0.000679474528736353,0.00105040680576085,-0.0014628442757992,0.00282179333327191,0.522478598543523,40,0.000674957170360169,0.00104342337403276,0.950516599267109,"Haliangiales","Order","Haliangiales","d__Bacteria;p__Myxococcota;c__;o__;f__;g___o__Haliangiales",NA,NA
"X3031714","PFOS",0.00038888411167499,0.000941052315309314,-0.00153040473916083,0.00230817296251081,0.682272616031065,40,0.000349025426009098,0.000844599137344508,0.852840770038831,"Haliangiales","Order","Haliangiales","d__Bacteria;p__Myxococcota;c__;o__;f__;g___o__Haliangiales",NA,NA
"X485256","PFHxS",-0.00173260065357159,0.00204489922965384,-0.00590320012897626,0.00243799882183308,0.403333640493803,40,-0.00172108178458683,0.00203130410243,0.950516599267109,"Natranaerobiales","Order","Natranaerobiales","d__Bacteria;p__Bacillota;c__Clostridia;o__;f__;g___o__Natranaerobiales",NA,NA
"X485256","PFOA",-0.00132668500542119,0.00152429190499434,-0.00443549884189035,0.00178212883104797,0.390792913495854,40,-0.0011395910825906,0.00130933074173482,0.697844488385453,"Natranaerobiales","Order","Natranaerobiales","d__Bacteria;p__Bacillota;c__Clostridia;o__;f__;g___o__Natranaerobiales",NA,NA
"X485256","PFBS",-6.65696406255418e-05,0.00136754578904504,-0.00285569766594568,0.00272255838469459,0.961488040653591,40,-6.61024416475202e-05,0.00135794808070478,0.973158564904905,"Natranaerobiales","Order","Natranaerobiales","d__Bacteria;p__Bacillota;c__Clostridia;o__;f__;g___o__Natranaerobiales",NA,NA
"X485256","PFNA",0.00078785934832475,0.00124871114631495,-0.00175890382524966,0.00333462252189916,0.532705619357977,40,0.00121985481051457,0.00193339877481226,0.739868915774969,"Natranaerobiales","Order","Natranaerobiales","d__Bacteria;p__Bacillota;c__Clostridia;o__;f__;g___o__Natranaerobiales",NA,NA
"X485256","PFOS",-0.00246700453369483,0.00179181256213065,-0.00612143034758229,0.00118742128019263,0.178430352563214,40,-0.00221414884920482,0.00160816069376671,0.557594851760043,"Natranaerobiales","Order","Natranaerobiales","d__Bacteria;p__Bacillota;c__Clostridia;o__;f__;g___o__Natranaerobiales",NA,NA
"X622452","PFBS",0.00113233148110683,0.000901833014036222,-0.000706969077424246,0.00297163203963791,0.21864691937526,40,0.00112438455356173,0.000895503770577122,0.734890769259934,"Kineosporiales","Order","Kineosporiales","d__Bacteria;p__Actinomycetota;c__Actinomycetes;o__;f__;g___o__Kineosporiales",NA,NA
"X622452","PFHxS",0.000293924366612936,0.00139724462768845,-0.0025557748394628,0.00314362357268867,0.8347632852905,40,0.0002919702658434,0.00138795531005324,0.950516599267109,"Kineosporiales","Order","Kineosporiales","d__Bacteria;p__Actinomycetota;c__Actinomycetes;o__;f__;g___o__Kineosporiales",NA,NA
"X622452","PFOA",0.000723419366205446,0.00103479166924131,-0.00138705215743119,0.00283389088984208,0.489704082405552,40,0.000621400147987156,0.000888861601501297,0.765162628758675,"Kineosporiales","Order","Kineosporiales","d__Bacteria;p__Actinomycetota;c__Actinomycetes;o__;f__;g___o__Kineosporiales",NA,NA
"X622452","PFNA",-0.0020343609471842,0.000766925053303762,-0.0035985149057755,-0.000470206988592893,0.0124787597718641,40,-0.00314983250883852,0.00118744191785755,0.155984497148301,"Kineosporiales","Order","Kineosporiales","d__Bacteria;p__Actinomycetota;c__Actinomycetes;o__;f__;g___o__Kineosporiales",NA,NA
"X622452","PFOS",-0.000214781198086167,0.00124713150378197,-0.00275832266947407,0.00232876027330174,0.864383867579262,40,-0.000192767194416573,0.00111930673259456,0.985728965074656,"Kineosporiales","Order","Kineosporiales","d__Bacteria;p__Actinomycetota;c__Actinomycetes;o__;f__;g___o__Kineosporiales",NA,NA
"X641854","PFBS",0.000164103520535913,0.000413937745231822,-0.000680128076835398,0.00100833511790722,0.694492713079441,40,0.000162951809390056,0.000411032647807236,0.949645202223538,"Elusimicrobiales","Order","Elusimicrobiales","d__Bacteria;p__Elusimicrobiota;c__Elusimicrobia;o__;f__;g___o__Elusimicrobiales",NA,NA
"X641854","PFOS",0.000784111380088438,0.000542092529412562,-0.000321493622839522,0.0018897163830164,0.158086340339064,40,0.000703743866765822,0.000486530743566856,0.557594851760043,"Elusimicrobiales","Order","Elusimicrobiales","d__Bacteria;p__Elusimicrobiota;c__Elusimicrobia;o__;f__;g___o__Elusimicrobiales",NA,NA
"X641854","PFNA",-0.00027138744487519,0.000378207659890832,-0.00104274705275266,0.000499972163002281,0.47840013770026,40,-0.000420193376962764,0.000585584767474414,0.703529614265088,"Elusimicrobiales","Order","Elusimicrobiales","d__Bacteria;p__Elusimicrobiota;c__Elusimicrobia;o__;f__;g___o__Elusimicrobiales",NA,NA
"X641854","PFHxS",-0.00048758602852399,0.000621511118437413,-0.00175516631166196,0.000779994254613985,0.438691023595747,40,-0.000484344404685405,0.000617379118873006,0.950516599267109,"Elusimicrobiales","Order","Elusimicrobiales","d__Bacteria;p__Elusimicrobiota;c__Elusimicrobia;o__;f__;g___o__Elusimicrobiales",NA,NA
"X641854","PFOA",-0.000180335842179874,0.000467028567131791,-0.00113284688469641,0.000772175200336662,0.702034574242306,40,-0.000154904228795746,0.000401166507681668,0.927709659706743,"Elusimicrobiales","Order","Elusimicrobiales","d__Bacteria;p__Elusimicrobiota;c__Elusimicrobia;o__;f__;g___o__Elusimicrobiales",NA,NA
"X742030","PFOA",0.00108482426776369,0.000770627637841789,-0.00048688116177934,0.00265652969730672,0.169164561580733,40,0.000931838421833143,0.000661950938236128,0.491285694393781,"Salinisphaerales","Order","Salinisphaerales","d__Bacteria;p__Pseudomonadota;c__Gammaproteobacteria;o__;f__;g___o__Salinisphaerales",NA,NA
"X742030","PFBS",0.00108588725833698,0.000677078940096342,-0.000295024344261335,0.0024667988609353,0.118903421918963,40,0.00107826628558462,0.000672327065429746,0.734890769259934,"Salinisphaerales","Order","Salinisphaerales","d__Bacteria;p__Pseudomonadota;c__Gammaproteobacteria;o__;f__;g___o__Salinisphaerales",NA,NA
"X742030","PFNA",-0.000737078811042557,0.000633795492040662,-0.00202971323932492,0.000555555617239801,0.253720070430712,40,-0.00114123051949624,0.000981315359768469,0.615242925464488,"Salinisphaerales","Order","Salinisphaerales","d__Bacteria;p__Pseudomonadota;c__Gammaproteobacteria;o__;f__;g___o__Salinisphaerales",NA,NA
"X742030","PFOS",0.000522772649178948,0.000946330955176103,-0.00140728205864387,0.00245282735700177,0.584621685851273,40,0.000469191054887013,0.000849336742900876,0.845622203837381,"Salinisphaerales","Order","Salinisphaerales","d__Bacteria;p__Pseudomonadota;c__Gammaproteobacteria;o__;f__;g___o__Salinisphaerales",NA,NA
"X742030","PFHxS",0.00207408870907073,0.000998466062946621,3.77037479206105e-05,0.00411047367022084,0.0461508157041428,40,0.00206029952109293,0.000991827949460343,0.473616579672343,"Salinisphaerales","Order","Salinisphaerales","d__Bacteria;p__Pseudomonadota;c__Gammaproteobacteria;o__;f__;g___o__Salinisphaerales",NA,NA
"X84996","PFBS",-9.65094199388867e-05,0.00072049447919256,-0.00156596759830649,0.00137294875842872,0.894308849173764,40,-9.58320976348874e-05,0.00071543790563762,0.973158564904905,"Rubrobacterales","Order","Rubrobacterales","d__Bacteria;p__Actinomycetota;c__Rubrobacteria;o__;f__;g___o__Rubrobacterales",NA,NA
"X84996","PFOA",0.000305311697643116,0.000811182248958522,-0.00134910540658587,0.0019597288018721,0.709199226428779,40,0.000262255536636771,0.00069678639126206,0.927709659706743,"Rubrobacterales","Order","Rubrobacterales","d__Bacteria;p__Actinomycetota;c__Rubrobacteria;o__;f__;g___o__Rubrobacterales",NA,NA
"X84996","PFNA",-0.000509362081848664,0.000655913882479921,-0.00184710726484454,0.000828383101147208,0.443298690730651,40,-0.000788653186838492,0.00101556160566952,0.692654204266643,"Rubrobacterales","Order","Rubrobacterales","d__Bacteria;p__Actinomycetota;c__Rubrobacteria;o__;f__;g___o__Rubrobacterales",NA,NA
"X84996","PFOS",0.00158166099716367,0.000930293446377441,-0.000315684995817577,0.00347900699014492,0.0991117234102356,40,0.00141954861811992,0.000834942998922835,0.557594851760043,"Rubrobacterales","Order","Rubrobacterales","d__Bacteria;p__Actinomycetota;c__Rubrobacteria;o__;f__;g___o__Rubrobacterales",NA,NA
"X84996","PFHxS",0.000777671460864693,0.00108105062413543,-0.00142714582329475,0.00298248874502413,0.477303632037404,40,0.000772501258687741,0.00107386346275486,0.950516599267109,"Rubrobacterales","Order","Rubrobacterales","d__Bacteria;p__Actinomycetota;c__Rubrobacteria;o__;f__;g___o__Rubrobacterales",NA,NA
"X85001","PFOA",-0.000672693604081082,0.00107521133520268,-0.00286560157994478,0.00152021437178262,0.536131331794529,40,-0.000577827916494131,0.000923581139826254,0.788428429109601,"Sphaerobacterales","Order","Sphaerobacterales","d__Bacteria;p__Thermomicrobiota;c__Thermomicrobia;o__;f__;g___o__Sphaerobacterales",NA,NA
"X85001","PFBS",0.000401635368209623,0.000956388785860491,-0.00154893242053558,0.00235220315695483,0.677418522505523,40,0.000398816611313813,0.000949676659144069,0.949645202223538,"Sphaerobacterales","Order","Sphaerobacterales","d__Bacteria;p__Thermomicrobiota;c__Thermomicrobia;o__;f__;g___o__Sphaerobacterales",NA,NA
"X85001","PFOS",0.00156152933235941,0.00126371280751794,-0.00101582993095679,0.00413888859567561,0.225864388381914,40,0.00140148034874703,0.00113418853523573,0.62740107883865,"Sphaerobacterales","Order","Sphaerobacterales","d__Bacteria;p__Thermomicrobiota;c__Thermomicrobia;o__;f__;g___o__Sphaerobacterales",NA,NA
"X85001","PFHxS",0.00385430904928005,0.00127477704221452,0.0012543841305261,0.006454233968034,0.00498225576655048,40,0.0038286844018035,0.00126630192724571,0.124556394163762,"Sphaerobacterales","Order","Sphaerobacterales","d__Bacteria;p__Thermomicrobiota;c__Thermomicrobia;o__;f__;g___o__Sphaerobacterales",NA,NA
"X85001","PFNA",-0.00018004949938358,0.000880740582810705,-0.00197633176081302,0.00161623276204586,0.839354015402802,40,-0.0002787734237346,0.00136366426195428,0.934075073603778,"Sphaerobacterales","Order","Sphaerobacterales","d__Bacteria;p__Thermomicrobiota;c__Thermomicrobia;o__;f__;g___o__Sphaerobacterales",NA,NA
"X85009","PFBS",-3.04707291795053e-05,0.000379699307491408,-0.000804872572395636,0.000743931114036625,0.936554562167151,40,-3.02568795417656e-05,0.000377034502232606,0.973158564904905,"Propionibacteriales","Order","Propionibacteriales","d__Bacteria;p__Actinomycetota;c__Actinomycetes;o__;f__;g___o__Propionibacteriales",NA,NA
"X85009","PFNA",-0.000385777771117944,0.00034199859114059,-0.00108328849639781,0.000311732954161918,0.26797065110491,40,-0.000597305687732779,0.00052952170648116,0.615242925464488,"Propionibacteriales","Order","Propionibacteriales","d__Bacteria;p__Actinomycetota;c__Actinomycetes;o__;f__;g___o__Propionibacteriales",NA,NA
"X85009","PFOS",-0.000785258783967107,0.000492728289238226,-0.00179018475528837,0.000219667187354155,0.1211507916939,40,-0.000704773667458455,0.000442226092285905,0.557594851760043,"Propionibacteriales","Order","Propionibacteriales","d__Bacteria;p__Actinomycetota;c__Actinomycetes;o__;f__;g___o__Propionibacteriales",NA,NA
"X85009","PFHxS",0.000357014420523779,0.000570750073940927,-0.000807038029810485,0.00152106687085804,0.536209386008212,40,0.000354640877418387,0.000566955549616344,0.950516599267109,"Propionibacteriales","Order","Propionibacteriales","d__Bacteria;p__Actinomycetota;c__Actinomycetes;o__;f__;g___o__Propionibacteriales",NA,NA
"X85009","PFOA",-0.00060738231356331,0.000414265219443095,-0.00145228179899186,0.000237517171865242,0.152673776078355,40,-0.000521727060629775,0.00035584403831783,0.491285694393781,"Propionibacteriales","Order","Propionibacteriales","d__Bacteria;p__Actinomycetota;c__Actinomycetes;o__;f__;g___o__Propionibacteriales",NA,NA
"X1161","Mixture",-0.00320570388443678,NA,-0.00684940920955399,0.000438001440680433,0.0965142844117153,40,-0.00446094872337886,NA,0.597455307019652,"Nostocales","Order","Nostocales","d__Bacteria;p__Cyanobacteriota;c__Cyanophyceae;o__;f__;g___o__Nostocales",-0.00973570365856356,0.000813806211805847
"X1643687","Mixture",-0.00152411065811292,NA,-0.00411597234756223,0.00106775103133639,0.259589718335828,40,-0.00281202756843308,NA,0.609890168693251,"Brevinematales","Order","Brevinematales","d__Bacteria;p__Spirochaetota;c__Spirochaetia;o__;f__;g___o__Brevinematales",-0.00649516449659832,0.000871109359732148
"X1643822","Mixture",0.00307796684725717,NA,0.000668064610841117,0.00548786908367321,0.0189157154519581,40,0.00328190215377303,NA,0.236446443149477,"Eggerthellales","Order","Eggerthellales","d__Bacteria;p__Actinomycetota;c__Coriobacteriia;o__;f__;g___o__Eggerthellales",-0.00029480290350691,0.00685860721105297
"X1643946","Mixture",0.00173339791719724,NA,-0.00269176910186835,0.00615856493626282,0.449555790245108,40,0.00154901978736415,NA,0.661111456242806,"Kosmotogales","Order","Kosmotogales","d__Bacteria;p__Thermotogota;c__Thermotogae;o__;f__;g___o__Kosmotogales",-0.00473304164131227,0.00783108121604056
"X1663425","Mixture",0.000382116457995358,NA,-0.00381878213422643,0.00458301505021715,0.859885242202068,40,0.00199212783218029,NA,0.859885242202068,"Fimbriimonadales","Order","Fimbriimonadales","d__Bacteria;p__Armatimonadota;c__Fimbriimonadia;o__;f__;g___o__Fimbriimonadales",-0.00356107084539939,0.00754532650975997
"X1769716","Mixture",-0.00529758523437796,NA,-0.0124872320621096,0.00189206159335366,0.160634454561321,40,-0.00658795962281031,NA,0.597455307019652,"Mesoaciditogales","Order","Mesoaciditogales","d__Bacteria;p__Thermotogota;c__Thermotogae;o__;f__;g___o__Mesoaciditogales",-0.0171407094824421,0.00396479023682147
"X1779134","Mixture",0.000756647034530208,NA,-0.0036981037921416,0.00521139786120201,0.741876830147906,40,0.000553756159916726,NA,0.843041852440802,"Bradymonadales","Order","Bradymonadales","d__Bacteria;p__;c__Deltaproteobacteria;o__;f__;g___o__Bradymonadales",-0.00560989930266589,0.00671741162249934
"X1955042","Mixture",0.000634276332949883,NA,-0.00156088663371398,0.00282943929961375,0.576034293682655,40,0.00149146084645861,NA,0.757939860108756,"Gloeomargaritales","Order","Gloeomargaritales","d__Bacteria;p__Cyanobacteriota;c__Cyanophyceae;o__;f__;g___o__Gloeomargaritales",-0.00176381802588176,0.00474673971879897
"X1963360","Mixture",0.00195137366197404,NA,9.09731743069021e-05,0.00381177414964117,0.0499714059548209,40,0.00262878914805565,NA,0.416428382956841,"Parachlamydiales","Order","Parachlamydiales","d__Bacteria;p__Chlamydiota;c__Chlamydiia;o__;f__;g___o__Parachlamydiales",1.64911767458584e-05,0.00524108711936545
"X2024973","Mixture",0.00275680468892147,NA,-0.00220386853649843,0.00771747791434136,0.286052348769407,40,0.0053883200332878,NA,0.609890168693251,"Silvanigrellales","Order","Silvanigrellales","d__Bacteria;p__Bdellovibrionota;c__Oligoflexia;o__;f__;g___o__Silvanigrellales",-0.00134466649710594,0.0121213065636815
"X2039638","Mixture",0.000366190043065459,NA,-0.00299887924452011,0.00373125933065103,0.832768161980487,40,-0.00094798231049523,NA,0.859885242202068,"Candidatus Nanopelagicales","Order","Candidatus Nanopelagicales","d__Bacteria;p__Actinomycetota;c__Actinomycetes;o__;f__;g___o__Candidatus_Nanopelagicales",-0.00576277040801695,0.00386680578702649
"X204441","Mixture",-0.0015247945417967,NA,-0.00396985035774006,0.000920261274146659,0.232567258361908,40,-0.00221946622976633,NA,0.609890168693251,"Rhodospirillales","Order","Rhodospirillales","d__Bacteria;p__Pseudomonadota;c__Alphaproteobacteria;o__;f__;g___o__Rhodospirillales",-0.00558120659764427,0.00114227413811162
"X2497644","Mixture",0.0021273629409687,NA,-0.00254034098238093,0.00679506686431833,0.379902689656759,40,0.00570669596966448,NA,0.633171149427932,"Candidatus Babeliales","Order","Candidatus Babeliales","d__Bacteria;p__;c__Candidatus Babeliae;o__;f__;g___o__Candidatus_Babeliales",-0.000971260994893235,0.0123846529342222
"X2800059","Mixture",-0.0009225913639238,NA,-0.00343373565562481,0.00158855292777721,0.477894671862782,40,-0.000754645186524192,NA,0.663742599809419,"Maricaulales","Order","Maricaulales","d__Bacteria;p__Pseudomonadota;c__Alphaproteobacteria;o__;f__;g___o__Maricaulales",-0.00401247569222833,0.00250318531917994
"X2805415","Mixture",0.000975779454693357,NA,-0.000805157546146123,0.00275671645553284,0.29274728097276,40,0.00200526763079818,NA,0.609890168693251,"Jatrophihabitantales","Order","Jatrophihabitantales","d__Bacteria;p__Actinomycetota;c__Actinomycetes;o__;f__;g___o__Jatrophihabitantales",-0.00023034475026624,0.00424088001186259
"X3031460","Mixture",-0.00243445666396695,NA,-0.00738448732408842,0.00251557399615452,0.343965030801731,40,-0.0031480766046216,NA,0.617252122593877,"Candidatus Desulfofervidales","Order","Candidatus Desulfofervidales","d__Bacteria;p__Thermodesulfobacteriota;c__Candidatus Desulfofervidia;o__;f__;g___o__Candidatus_Desulfofervidales",-0.00977277544496941,0.00347662223572621
"X3031655","Mixture",0.00022835594512504,NA,-0.00169680563177191,0.00215351752202199,0.817982379262599,40,-0.00034016909348204,NA,0.859885242202068,"Desulfobaccales","Order","Desulfobaccales","d__Bacteria;p__Thermodesulfobacteriota;c__Desulfobaccia;o__;f__;g___o__Desulfobaccales",-0.003045659757097,0.00236532157013292
"X3031714","Mixture",-0.00134840444891761,NA,-0.00468358909873041,0.00198678020089518,0.435294375858899,40,-0.00319688328438417,NA,0.661111456242806,"Haliangiales","Order","Haliangiales","d__Bacteria;p__Myxococcota;c__;o__;f__;g___o__Haliangiales",-0.00767360730196597,0.00127984073319764
"X485256","Mixture",-0.00407015840033734,NA,-0.0106872076172434,0.00254689081656868,0.238838116067254,40,-0.00388900827327603,NA,0.609890168693251,"Natranaerobiales","Order","Natranaerobiales","d__Bacteria;p__Bacillota;c__Clostridia;o__;f__;g___o__Natranaerobiales",-0.0127798708736023,0.00500185432705023
"X622452","Mixture",-0.000862420694654635,NA,-0.0050923544042949,0.00336751301498563,0.692709449177348,40,-0.00313045100103365,NA,0.843041852440802,"Kineosporiales","Order","Kineosporiales","d__Bacteria;p__Actinomycetota;c__Actinomycetes;o__;f__;g___o__Kineosporiales",-0.00928927699454672,0.00302837499247941
"X641854","Mixture",0.000386943385293301,NA,-0.00161927821148005,0.00239316498206665,0.708483304524804,40,-0.000683109232220414,NA,0.843041852440802,"Elusimicrobiales","Order","Elusimicrobiales","d__Bacteria;p__Elusimicrobiota;c__Elusimicrobia;o__;f__;g___o__Elusimicrobiales",-0.00339610966367811,0.00202989119923728
"X742030","Mixture",0.00284298615475381,NA,-0.00107913954272626,0.00676511185223388,0.167287485965502,40,0.00330594425188792,NA,0.597455307019652,"Salinisphaerales","Order","Salinisphaerales","d__Bacteria;p__Pseudomonadota;c__Gammaproteobacteria;o__;f__;g___o__Salinisphaerales",-0.00228332727299691,0.00889521577677276
"X84996","Mixture",0.00175393676423434,NA,-0.00182516013823591,0.0053330336667046,0.345661188652571,40,0.00129334235103769,NA,0.617252122593877,"Rubrobacterales","Order","Rubrobacterales","d__Bacteria;p__Actinomycetota;c__Rubrobacteria;o__;f__;g___o__Rubrobacterales",-0.00353995845744963,0.006126643159525
"X85001","Mixture",0.0035795205320168,NA,-0.00101668728238277,0.00817572834641637,0.13898025311698,40,0.00497299472405379,NA,0.597455307019652,"Sphaerobacterales","Order","Sphaerobacterales","d__Bacteria;p__Thermomicrobiota;c__Thermomicrobia;o__;f__;g___o__Sphaerobacterales",-0.001324311273986,0.0112703007220936
"X85009","Mixture",-0.00236343227045144,NA,-0.00409372570688261,-0.000633138834020264,0.0126892224593762,40,-0.00199889375805484,NA,0.236446443149477,"Propionibacteriales","Order","Propionibacteriales","d__Bacteria;p__Actinomycetota;c__Actinomycetes;o__;f__;g___o__Propionibacteriales",-0.00470573354013194,0.000707946024022262
"X1313211","PFBS",0.00119347164583916,0.000396839178178845,0.000384112805886502,0.00200283048579181,0.00518984530978325,40,0.00118509562445772,0.000394054081898591,0.0778476796467487,"Lentisphaeria","Class","Lentisphaeria","d__Bacteria;p__Lentisphaerota;c__;o__;f__;g___c__Lentisphaeria",NA,NA
"X1313211","PFHxS",0.000953058107504467,0.000660342199455981,-0.000393718687508986,0.00229983490251792,0.158971797926911,40,0.000946721880254077,0.000655952038766062,0.655757112739303,"Lentisphaeria","Class","Lentisphaeria","d__Bacteria;p__Lentisphaerota;c__;o__;f__;g___c__Lentisphaeria",NA,NA
"X1313211","PFNA",-9.34284571741397e-06,0.000414454632631831,-0.000854628641891316,0.000835942950456489,0.982159685549017,40,-1.44656724788714e-05,0.000641706515802609,0.982159685549017,"Lentisphaeria","Class","Lentisphaeria","d__Bacteria;p__Lentisphaerota;c__;o__;f__;g___c__Lentisphaeria",NA,NA
"X1313211","PFOA",0.0011344728961709,0.000466233816842036,0.000183582757556844,0.00208536303478495,0.0209250819273497,40,0.00097448542090565,0.00040048383595523,0.313876228910245,"Lentisphaeria","Class","Lentisphaeria","d__Bacteria;p__Lentisphaerota;c__;o__;f__;g___c__Lentisphaeria",NA,NA
"X1313211","PFOS",0.000535943838904023,0.000601076859549435,-0.000689960498464775,0.00176184817627282,0.379455069293302,40,0.000481012263228594,0.000539469473475907,0.569182603939952,"Lentisphaeria","Class","Lentisphaeria","d__Bacteria;p__Lentisphaerota;c__;o__;f__;g___c__Lentisphaeria",NA,NA
"X1497346","PFOA",-0.000639539817636182,0.000550091661694408,-0.00176145915841247,0.000482379523140106,0.253861622563343,40,-0.000549349597049549,0.00047251574391268,0.88541218281279,"Thermoleophilia","Class","Thermoleophilia","d__Bacteria;p__Actinomycetota;c__;o__;f__;g___c__Thermoleophilia",NA,NA
"X1497346","PFOS",-0.000979095979851001,0.000648909600203987,-0.00230255583496275,0.000344363875260748,0.141467070227012,40,-0.000878743515643786,0.00058239959631438,0.424401210681035,"Thermoleophilia","Class","Thermoleophilia","d__Bacteria;p__Actinomycetota;c__;o__;f__;g___c__Thermoleophilia",NA,NA
"X1497346","PFNA",0.000252917198147118,0.000455486439259675,-0.00067605351937421,0.00118188791566845,0.582696248300502,40,0.000391595608375595,0.000705236696418615,0.794585793137048,"Thermoleophilia","Class","Thermoleophilia","d__Bacteria;p__Actinomycetota;c__;o__;f__;g___c__Thermoleophilia",NA,NA
"X1497346","PFBS",0.000509262171480986,0.00048966936972473,-0.000489425092361056,0.00150794943532303,0.306378085002588,40,0.0005056880682738,0.000486232772697104,0.574458909379853,"Thermoleophilia","Class","Thermoleophilia","d__Bacteria;p__Actinomycetota;c__;o__;f__;g___c__Thermoleophilia",NA,NA
"X1497346","PFHxS",0.00163678253533273,0.000693696458926246,0.000221979279635079,0.00305158579103038,0.0247771536410668,40,0.00162590069505282,0.000689084548726923,0.327537682854309,"Thermoleophilia","Class","Thermoleophilia","d__Bacteria;p__Actinomycetota;c__;o__;f__;g___c__Thermoleophilia",NA,NA
"X1676648","PFBS",-0.00027515270743058,0.000503520976186277,-0.00130209050890514,0.000751785094043977,0.588663534036415,40,-0.000273221631004397,0.000499987165829542,0.630710929324731,"Limnochordia","Class","Limnochordia","d__Bacteria;p__Bacillota;c__;o__;f__;g___c__Limnochordia",NA,NA
"X1676648","PFHxS",0.000795911896264703,0.000751745047951373,-0.000737282237294035,0.00232910602982344,0.297892967678477,40,0.000790620425989898,0.000746747212645562,0.655757112739303,"Limnochordia","Class","Limnochordia","d__Bacteria;p__Bacillota;c__;o__;f__;g___c__Limnochordia",NA,NA
"X1676648","PFNA",-0.000465474448211968,0.000457336501098682,-0.00139821839173062,0.00046726949530668,0.31665378010523,40,-0.000720701285109253,0.000708101175768718,0.653687561199827,"Limnochordia","Class","Limnochordia","d__Bacteria;p__Bacillota;c__;o__;f__;g___c__Limnochordia",NA,NA
"X1676648","PFOA",0.000134408416181922,0.000570246534801213,-0.00102861705930611,0.00129743389166995,0.815213948978635,40,0.000115453654695838,0.00048982830384168,0.885494305509931,"Limnochordia","Class","Limnochordia","d__Bacteria;p__Bacillota;c__;o__;f__;g___c__Limnochordia",NA,NA
"X1676648","PFOS",0.0015517873760137,0.000623375870055111,0.00028040390687724,0.00282317084515016,0.0183725076545489,40,0.00139273689443341,0.000559482946404391,0.275587614818234,"Limnochordia","Class","Limnochordia","d__Bacteria;p__Bacillota;c__;o__;f__;g___c__Limnochordia",NA,NA
"X1853228","PFHxS",-0.00213081827583784,0.00101318144332606,-0.00419721545314066,-6.44210985350272e-05,0.0436716910472412,40,-0.00211665193202451,0.00100644549740603,0.327537682854309,"Chitinophagia","Class","Chitinophagia","d__Bacteria;p__Bacteroidota;c__;o__;f__;g___c__Chitinophagia",NA,NA
"X1853228","PFNA",0.000954664966348948,0.000635287332393007,-0.000341012090391895,0.00225034202308979,0.143028374799664,40,0.0014781225279699,0.000983625199252125,0.357570936999159,"Chitinophagia","Class","Chitinophagia","d__Bacteria;p__Bacteroidota;c__;o__;f__;g___c__Chitinophagia",NA,NA
"X1853228","PFOA",0.000343376543650559,0.000805466196544792,-0.00129938259482032,0.00198613568212143,0.672829318159933,40,0.000294952340243513,0.000691876437255126,0.88541218281279,"Chitinophagia","Class","Chitinophagia","d__Bacteria;p__Bacteroidota;c__;o__;f__;g___c__Chitinophagia",NA,NA
"X1853228","PFOS",-0.000917012432795639,0.000952329518683327,-0.0028593012915505,0.00102527642595923,0.343041722968102,40,-0.000823023223123162,0.000854720483508158,0.569182603939952,"Chitinophagia","Class","Chitinophagia","d__Bacteria;p__Bacteroidota;c__;o__;f__;g___c__Chitinophagia",NA,NA
"X1853228","PFBS",-0.000504171129930282,0.000710336412359576,-0.00195291179440262,0.000944569534542057,0.4831555844673,40,-0.000500632756665262,0.00070535113013802,0.630710929324731,"Chitinophagia","Class","Chitinophagia","d__Bacteria;p__Bacteroidota;c__;o__;f__;g___c__Chitinophagia",NA,NA
"X186801","PFNA",0.000145265773282246,0.000494876752038707,-0.000864042016809679,0.00115457356337417,0.771066242224982,40,0.000224917242802614,0.000766225326728514,0.963832802781228,"Clostridia","Class","Clostridia","d__Bacteria;p__Bacillota;c__;o__;f__;g___c__Clostridia",NA,NA
"X186801","PFOA",-0.000255612907862188,0.000606649250583649,-0.00149288221167384,0.000981656395949469,0.676405344153978,40,-0.000219565450129078,0.000521097376845617,0.88541218281279,"Clostridia","Class","Clostridia","d__Bacteria;p__Bacillota;c__;o__;f__;g___c__Clostridia",NA,NA
"X186801","PFHxS",0.000278040301271844,0.000814131894775752,-0.00138239264526349,0.00193847324780718,0.73501825762827,40,0.000276191802717818,0.000808719292273899,0.787519561744575,"Clostridia","Class","Clostridia","d__Bacteria;p__Bacillota;c__;o__;f__;g___c__Clostridia",NA,NA
"X186801","PFOS",0.000901293186053167,0.000709631047797252,-0.000546008877909701,0.00234859525001603,0.213504392961826,40,0.00080891512092479,0.000636897397787536,0.457509413489628,"Clostridia","Class","Clostridia","d__Bacteria;p__Bacillota;c__;o__;f__;g___c__Clostridia",NA,NA
"X186801","PFBS",0.000402673763694953,0.000534422533535095,-0.000687288179507108,0.00149263570689701,0.456849657644328,40,0.000399847719133099,0.00053067184990284,0.630710929324731,"Clostridia","Class","Clostridia","d__Bacteria;p__Bacillota;c__;o__;f__;g___c__Clostridia",NA,NA
"X200643","PFNA",0.000422666435060685,0.000444138237755257,-0.000483159472899966,0.00132849234302134,0.348633365973241,40,0.000654420976470155,0.000687666100568875,0.653687561199827,"Bacteroidia","Class","Bacteroidia","d__Bacteria;p__Bacteroidota;c__;o__;f__;g___c__Bacteroidia",NA,NA
"X200643","PFHxS",0.000341435015519839,0.000739080467261219,-0.00116592953542836,0.00184879956646803,0.647326718568485,40,0.00033916504915311,0.000734166830033837,0.787519561744575,"Bacteroidia","Class","Bacteroidia","d__Bacteria;p__Bacteroidota;c__;o__;f__;g___c__Bacteroidia",NA,NA
"X200643","PFOS",0.000356325705256971,0.000658686850162907,-0.000987074982614774,0.00169972639312872,0.592398962189925,40,0.000319804094180238,0.000591174726821541,0.683537264065298,"Bacteroidia","Class","Bacteroidia","d__Bacteria;p__Bacteroidota;c__;o__;f__;g___c__Bacteroidia",NA,NA
"X200643","PFOA",0.000323780968862378,0.000550092544758705,-0.00079814017293542,0.00144570211066018,0.560398452809225,40,0.000278120204359262,0.000472516502444053,0.88541218281279,"Bacteroidia","Class","Bacteroidia","d__Bacteria;p__Bacteroidota;c__;o__;f__;g___c__Bacteroidia",NA,NA
"X200643","PFBS",-0.00100017474405429,0.000456249352564849,-0.00193070143351996,-6.96480545886251e-05,0.0360017243727638,40,-0.000993155318774626,0.000453047303864597,0.120535190343362,"Bacteroidia","Class","Bacteroidia","d__Bacteria;p__Bacteroidota;c__;o__;f__;g___c__Bacteroidia",NA,NA
"X2008785","PFOS",-0.000364817453564344,0.00063726347545552,-0.00166452488065318,0.000934889973524496,0.571129088778877,40,-0.000327425480556188,0.000571947141380747,0.683537264065298,"Hydrogenophilia","Class","Hydrogenophilia","d__Bacteria;p__Pseudomonadota;c__;o__;f__;g___c__Hydrogenophilia",NA,NA
"X2008785","PFBS",-0.000496816360041892,0.00046619468074572,-0.00144762668006127,0.000453993959977485,0.294796465390771,40,-0.000493329604014747,0.000462922833754257,0.574458909379853,"Hydrogenophilia","Class","Hydrogenophilia","d__Bacteria;p__Pseudomonadota;c__;o__;f__;g___c__Hydrogenophilia",NA,NA
"X2008785","PFOA",-0.00040924893220224,0.000530397754775754,-0.00149100228500585,0.000672504420601375,0.446200174712909,40,-0.000351535166065537,0.000455599143051014,0.88541218281279,"Hydrogenophilia","Class","Hydrogenophilia","d__Bacteria;p__Pseudomonadota;c__;o__;f__;g___c__Hydrogenophilia",NA,NA
"X2008785","PFHxS",0.000288396230310772,0.00071603052512515,-0.00117195765371225,0.0017487501143338,0.689881025570268,40,0.000286478882313817,0.000711270131094938,0.787519561744575,"Hydrogenophilia","Class","Hydrogenophilia","d__Bacteria;p__Pseudomonadota;c__;o__;f__;g___c__Hydrogenophilia",NA,NA
"X2008785","PFNA",9.05283127978369e-05,0.000435865509042967,-0.00079842525371571,0.000979481879311383,0.836823385057938,40,0.000140166386410243,0.000674857306794673,0.965565444297621,"Hydrogenophilia","Class","Hydrogenophilia","d__Bacteria;p__Pseudomonadota;c__;o__;f__;g___c__Hydrogenophilia",NA,NA
"X2138243","PFBS",0.000450010027261088,0.000275172083380256,-0.000111207136865859,0.00101122719138803,0.112085176927048,40,0.000446851767386764,0.000273240870969805,0.28021294231762,"Coprothermobacteria","Class","Coprothermobacteria","d__Bacteria;p__Coprothermobacterota;c__;o__;f__;g___c__Coprothermobacteria",NA,NA
"X2138243","PFHxS",7.88754726734986e-05,0.000433537603093853,-0.000805330298354883,0.00096308124370188,0.856818551176631,40,7.83510839553229e-05,0.000430655310027814,0.856818551176631,"Coprothermobacteria","Class","Coprothermobacteria","d__Bacteria;p__Coprothermobacterota;c__;o__;f__;g___c__Coprothermobacteria",NA,NA
"X2138243","PFNA",-0.000437183415831976,0.000251571767838123,-0.000950267419071544,7.59005874075911e-05,0.0921710188187169,40,-0.000676897842252939,0.000389512457825779,0.276513056456151,"Coprothermobacteria","Class","Coprothermobacteria","d__Bacteria;p__Coprothermobacterota;c__;o__;f__;g___c__Coprothermobacteria",NA,NA
"X2138243","PFOA",-7.14793299825215e-05,0.000323283716432268,-0.000730820816647136,0.000587862156682093,0.826461351809269,40,-6.13990560719208e-05,0.000277693076267187,0.885494305509931,"Coprothermobacteria","Class","Coprothermobacteria","d__Bacteria;p__Coprothermobacterota;c__;o__;f__;g___c__Coprothermobacteria",NA,NA
"X2138243","PFOS",-0.000133193961233649,0.000386336038490609,-0.000921131506562766,0.000654743584095469,0.732601501355294,40,-0.000119542243217861,0.000346738517642361,0.78493018002353,"Coprothermobacteria","Class","Coprothermobacteria","d__Bacteria;p__Coprothermobacterota;c__;o__;f__;g___c__Coprothermobacteria",NA,NA
"X2907184","PFOA",-0.000590561652422653,0.000607595172565088,-0.0018297601768347,0.000648636871989391,0.338591024137331,40,-0.000507278510023683,0.00052190990148445,0.88541218281279,"Tichowtungiia","Class","Tichowtungiia","d__Bacteria;p__Kiritimatiellota;c__;o__;f__;g___c__Tichowtungiia",NA,NA
"X2907184","PFOS",-0.00108989338159604,0.000711471991892215,-0.00254095007579465,0.000361163312602569,0.135693410173134,40,-0.000978184735235403,0.000638549654276586,0.424401210681035,"Tichowtungiia","Class","Tichowtungiia","d__Bacteria;p__Kiritimatiellota;c__;o__;f__;g___c__Tichowtungiia",NA,NA
"X2907184","PFNA",0.000313115332906935,0.000499248874972581,-0.000705109460697924,0.00133134012651179,0.535138312053989,40,0.000484801311178905,0.000772994752266698,0.794585793137048,"Tichowtungiia","Class","Tichowtungiia","d__Bacteria;p__Kiritimatiellota;c__;o__;f__;g___c__Tichowtungiia",NA,NA
"X2907184","PFBS",0.00113387912093408,0.00050739627136106,9.90376028417999e-05,0.00216872063902636,0.0327828948399301,40,0.00112592133174486,0.000503835263412027,0.120535190343362,"Tichowtungiia","Class","Tichowtungiia","d__Bacteria;p__Kiritimatiellota;c__;o__;f__;g___c__Tichowtungiia",NA,NA
"X2907184","PFHxS",-0.00103493666187019,0.000805761486995394,-0.00267829804918566,0.000608424725445281,0.208510763075551,40,-0.00102805608047884,0.000800404533572497,0.655757112739303,"Tichowtungiia","Class","Tichowtungiia","d__Bacteria;p__Kiritimatiellota;c__;o__;f__;g___c__Tichowtungiia",NA,NA
"X3031419","PFOA",0.000205904303082135,0.00054535427364942,-0.000906353071075603,0.00131816167723987,0.708329746250232,40,0.000176866932768972,0.000468446439481877,0.88541218281279,"Bacteriovoracia","Class","Bacteriovoracia","d__Bacteria;p__Bdellovibrionota;c__;o__;f__;g___c__Bacteriovoracia",NA,NA
"X3031419","PFOS",-0.000452593931791537,0.000648879107151709,-0.00177599159591314,0.00087080373233007,0.49068781012522,40,-0.000406205306697372,0.000582372228648173,0.669119741079845,"Bacteriovoracia","Class","Bacteriovoracia","d__Bacteria;p__Bdellovibrionota;c__;o__;f__;g___c__Bacteriovoracia",NA,NA
"X3031419","PFNA",1.31544518959106e-05,0.000445236660248789,-0.000894911703510124,0.000921220607301946,0.976619439522176,40,2.03672412582644e-05,0.000689366805098893,0.982159685549017,"Bacteriovoracia","Class","Bacteriovoracia","d__Bacteria;p__Bdellovibrionota;c__;o__;f__;g___c__Bacteriovoracia",NA,NA
"X3031419","PFBS",-0.000144763968078526,0.00048383426952851,-0.00113155046660931,0.000842022530452255,0.766783053442838,40,-0.00014374798575828,0.000480438624394611,0.766783053442838,"Bacteriovoracia","Class","Bacteriovoracia","d__Bacteria;p__Bdellovibrionota;c__;o__;f__;g___c__Bacteriovoracia",NA,NA
"X3031419","PFHxS",-0.000441892545334459,0.000728526795635525,-0.0019277327410932,0.00104394765042428,0.5485620382657,40,-0.000438954706009191,0.0007236833225054,0.752301837419793,"Bacteriovoracia","Class","Bacteriovoracia","d__Bacteria;p__Bdellovibrionota;c__;o__;f__;g___c__Bacteriovoracia",NA,NA
"X3031449","PFBS",0.000683505478520463,0.000319129852391717,3.26358534210552e-05,0.00133437510361987,0.0401783967811206,40,0.000678708501129025,0.000316890135615533,0.120535190343362,"Desulfovibrionia","Class","Desulfovibrionia","d__Bacteria;p__Thermodesulfobacteriota;c__;o__;f__;g___c__Desulfovibrionia",NA,NA
"X3031449","PFHxS",-0.000632213068525139,0.00050453238820284,-0.00166121365840732,0.000396787521357046,0.219550749396901,40,-0.000628009919062059,0.000501178099685001,0.655757112739303,"Desulfovibrionia","Class","Desulfovibrionia","d__Bacteria;p__Thermodesulfobacteriota;c__;o__;f__;g___c__Desulfovibrionia",NA,NA
"X3031449","PFNA",-0.000202327474313563,0.00031209270466015,-0.000838844741990161,0.000434189793363036,0.521569002916403,40,-0.000313266756770055,0.000483217960053021,0.794585793137048,"Desulfovibrionia","Class","Desulfovibrionia","d__Bacteria;p__Thermodesulfobacteriota;c__;o__;f__;g___c__Desulfovibrionia",NA,NA
"X3031449","PFOA",0.000416340875726245,0.000378414635325313,-0.000355440861332925,0.00118812261278541,0.279705057943649,40,0.000357626978036855,0.000325049233372162,0.88541218281279,"Desulfovibrionia","Class","Desulfovibrionia","d__Bacteria;p__Thermodesulfobacteriota;c__;o__;f__;g___c__Desulfovibrionia",NA,NA
"X3031449","PFOS",-0.00067856055251147,0.000445099744709238,-0.00158634746683357,0.000229226361810629,0.13751858550672,40,-0.000609011473606358,0.000399479236486569,0.424401210681035,"Desulfovibrionia","Class","Desulfovibrionia","d__Bacteria;p__Thermodesulfobacteriota;c__;o__;f__;g___c__Desulfovibrionia",NA,NA
"X3031647","PFBS",-0.00137749930174015,0.000639139469605391,-0.00268103284412302,-7.39657593572904e-05,0.0390222741362526,40,-0.00136783173766814,0.000634653861688524,0.120535190343362,"Desulfobaccia","Class","Desulfobaccia","d__Bacteria;p__Thermodesulfobacteriota;c__;o__;f__;g___c__Desulfobaccia",NA,NA
"X3031647","PFHxS",-0.00106048940450441,0.00101892164106212,-0.0031385937922749,0.00101761498326608,0.306019985945008,40,-0.00105343894051836,0.00101214753251903,0.655757112739303,"Desulfobaccia","Class","Desulfobaccia","d__Bacteria;p__Thermodesulfobacteriota;c__;o__;f__;g___c__Desulfobaccia",NA,NA
"X3031647","PFNA",0.00142484608186068,0.000575441294062197,0.000251225825009075,0.00259846633871228,0.0189480194004202,40,0.00220611121883161,0.000890964652793791,0.0710550727515756,"Desulfobaccia","Class","Desulfobaccia","d__Bacteria;p__Thermodesulfobacteriota;c__;o__;f__;g___c__Desulfobaccia",NA,NA
"X3031647","PFOA",0.000347303597197179,0.000770634752916323,-0.00122441634363604,0.00191902353803039,0.655362330359566,40,0.000298325586480787,0.000661957049917091,0.88541218281279,"Desulfobaccia","Class","Desulfobaccia","d__Bacteria;p__Thermodesulfobacteriota;c__;o__;f__;g___c__Desulfobaccia",NA,NA
"X3031647","PFOS",-0.000249051448660677,0.000923907454379571,-0.00213337312509369,0.00163527022777233,0.789282573040776,40,-0.000223524914897072,0.000829211539316663,0.789282573040776,"Desulfobaccia","Class","Desulfobaccia","d__Bacteria;p__Thermodesulfobacteriota;c__;o__;f__;g___c__Desulfobaccia",NA,NA
"X388447","PFOS",0.000662915435037608,0.000684102685736567,-0.000732321191238017,0.00205815206131323,0.340030806278335,40,0.000594969902795564,0.00061398556576342,0.569182603939952,"Ktedonobacteria","Class","Ktedonobacteria","d__Bacteria;p__Chloroflexota;c__;o__;f__;g___c__Ktedonobacteria",NA,NA
"X388447","PFHxS",0.000701844336066,0.000767872448294152,-0.000864241847347254,0.00226793051947925,0.367765435325787,40,0.000697178256240754,0.000762767393005923,0.68956019123585,"Ktedonobacteria","Class","Ktedonobacteria","d__Bacteria;p__Chloroflexota;c__;o__;f__;g___c__Ktedonobacteria",NA,NA
"X388447","PFBS",-0.000283244830356039,0.000511970975023429,-0.001327416518081,0.000760926857368925,0.584064662067944,40,-0.000281256961801714,0.000508377860894226,0.630710929324731,"Ktedonobacteria","Class","Ktedonobacteria","d__Bacteria;p__Chloroflexota;c__;o__;f__;g___c__Ktedonobacteria",NA,NA
"X388447","PFOA",-0.000521206155032915,0.000572805949382164,-0.0016894515909737,0.00064703928090787,0.36988688606675,40,-0.000447703775982811,0.000492026780511866,0.88541218281279,"Ktedonobacteria","Class","Ktedonobacteria","d__Bacteria;p__Chloroflexota;c__;o__;f__;g___c__Ktedonobacteria",NA,NA
"X388447","PFNA",-0.00154431697061354,0.000382860260944379,-0.00232516562090044,-0.000763468320326641,0.000332673046105821,40,-0.00239108984308925,0.000592788461621907,0.00499009569158731,"Ktedonobacteria","Class","Ktedonobacteria","d__Bacteria;p__Chloroflexota;c__;o__;f__;g___c__Ktedonobacteria",NA,NA
"X641853","PFBS",-0.00045147468354566,0.000597484184769459,-0.00167005171239217,0.000767102345300846,0.455576899082077,40,-0.000448306144422224,0.000593290921926438,0.630710929324731,"Elusimicrobia","Class","Elusimicrobia","d__Bacteria;p__Elusimicrobiota;c__;o__;f__;g___c__Elusimicrobia",NA,NA
"X641853","PFHxS",0.000545631464565363,0.000906675988739481,-0.00130354640599357,0.00239480933512429,0.551688014107848,40,0.000542003936582308,0.000900648124266277,0.752301837419793,"Elusimicrobia","Class","Elusimicrobia","d__Bacteria;p__Elusimicrobiota;c__;o__;f__;g___c__Elusimicrobia",NA,NA
"X641853","PFNA",-0.00169943288740145,0.000462416177561014,-0.00264253689936837,-0.000756328875434536,0.000893032614645574,40,-0.00263125821537988,0.000715966117374868,0.0066977446098418,"Elusimicrobia","Class","Elusimicrobia","d__Bacteria;p__Elusimicrobiota;c__;o__;f__;g___c__Elusimicrobia",NA,NA
"X641853","PFOA",-8.34721798390933e-05,0.000680042726649302,-0.00147042846496442,0.00130348410528623,0.903100964736824,40,-7.17006308206746e-05,0.000584140639189711,0.903100964736824,"Elusimicrobia","Class","Elusimicrobia","d__Bacteria;p__Elusimicrobiota;c__;o__;f__;g___c__Elusimicrobia",NA,NA
"X641853","PFOS",0.00132921519136556,0.000777983880187035,-0.000257493393355553,0.00291592377608667,0.0975324662351911,40,0.00119297725079563,0.000698244405102947,0.424401210681035,"Elusimicrobia","Class","Elusimicrobia","d__Bacteria;p__Elusimicrobiota;c__;o__;f__;g___c__Elusimicrobia",NA,NA
"X795747","PFOS",-0.000473261590626882,0.000363471998389335,-0.00121456761873051,0.000268044437476741,0.202488627474782,40,-0.000424754633381218,0.000326217927839233,0.457509413489628,"Ignavibacteria","Class","Ignavibacteria","d__Bacteria;p__Ignavibacteriota;c__;o__;f__;g___c__Ignavibacteria",NA,NA
"X795747","PFBS",0.000160495517448024,0.000275067327809983,-0.000400507996284764,0.000721499031180813,0.563793496052647,40,0.000159369127985438,0.000273136850594959,0.630710929324731,"Ignavibacteria","Class","Ignavibacteria","d__Bacteria;p__Ignavibacteriota;c__;o__;f__;g___c__Ignavibacteria",NA,NA
"X795747","PFHxS",-0.000319625403436965,0.000414349473517987,-0.00116469672618417,0.000525445919310242,0.446315690643773,40,-0.000317500434166752,0.000411594749115963,0.743859484406288,"Ignavibacteria","Class","Ignavibacteria","d__Bacteria;p__Ignavibacteriota;c__;o__;f__;g___c__Ignavibacteria",NA,NA
"X795747","PFNA",0.00074091948979011,0.000216523100612225,0.000299317714636034,0.00118252126494419,0.00176541975782383,40,0.00114717710178381,0.000335246064454239,0.00882709878911915,"Ignavibacteria","Class","Ignavibacteria","d__Bacteria;p__Ignavibacteriota;c__;o__;f__;g___c__Ignavibacteria",NA,NA
"X795747","PFOA",-0.000334466625893702,0.000306168401279879,-0.000958901197165706,0.000289967945378303,0.283062782326939,40,-0.000287298931347777,0.000262991424824916,0.88541218281279,"Ignavibacteria","Class","Ignavibacteria","d__Bacteria;p__Ignavibacteriota;c__;o__;f__;g___c__Ignavibacteria",NA,NA
"X1313211","Mixture",0.00280346740700846,NA,0.000850039549861788,0.00475689526415514,0.00922382365645547,40,0.00396837495693338,NA,0.138357354846832,"Lentisphaeria","Class","Lentisphaeria","d__Bacteria;p__Lentisphaerota;c__;o__;f__;g___c__Lentisphaeria",0.00151208317002332,0.00642466674384343
"X1497346","Mixture",0.000173883135039166,NA,-0.00192207798892482,0.00226984425900315,0.872090021444726,40,0.0013798814075311,NA,0.953011238694189,"Thermoleophilia","Class","Thermoleophilia","d__Bacteria;p__Actinomycetota;c__;o__;f__;g___c__Thermoleophilia",-0.00146554358642438,0.00422530640148658
"X1676648","Mixture",0.000714742856905602,NA,-0.00192582389248518,0.00335530960629638,0.60025473096832,40,0.0010400411013526,NA,0.953011238694189,"Limnochordia","Class","Limnochordia","d__Bacteria;p__Bacillota;c__;o__;f__;g___c__Limnochordia",-0.0023611411529741,0.0044412233556793
"X1853228","Mixture",0.00121333258441998,NA,-0.00211469453021988,0.00454135969905983,0.481245522208732,40,-0.000906591443236278,NA,0.953011238694189,"Chitinophagia","Class","Chitinophagia","d__Bacteria;p__Bacteroidota;c__;o__;f__;g___c__Chitinophagia",-0.00593316567483423,0.00411998278836168
"X186801","Mixture",6.58665207795152e-05,NA,-0.00266525067053635,0.00279698371209538,0.962660392869515,40,0.00148539942542177,NA,0.962660392869515,"Clostridia","Class","Clostridia","d__Bacteria;p__Bacillota;c__;o__;f__;g___c__Clostridia",-0.00232817496197586,0.00529897381281939
"X200643","Mixture",0.000347062421071387,NA,-0.00174678625111312,0.00244091109325589,0.74787863300899,40,0.00135110799906819,NA,0.953011238694189,"Bacteroidia","Class","Bacteroidia","d__Bacteria;p__Bacteroidota;c__;o__;f__;g___c__Bacteroidia",-0.00159529290830752,0.0042975089064439
"X2008785","Mixture",-0.000609660431366806,NA,-0.0026753822070351,0.00145606134430149,0.567939049660619,40,-0.0006597365265656,NA,0.953011238694189,"Hydrogenophilia","Class","Hydrogenophilia","d__Bacteria;p__Pseudomonadota;c__;o__;f__;g___c__Hydrogenophilia",-0.0039464581714259,0.0026269851182947
"X2138243","Mixture",0.000204833113241755,NA,-0.00130016479620988,0.00170983102269339,0.79176225440118,40,-0.000838832565648441,NA,0.953011238694189,"Coprothermobacteria","Class","Coprothermobacteria","d__Bacteria;p__Coprothermobacterota;c__;o__;f__;g___c__Coprothermobacteria",-0.00289486617548296,0.00121720104418608
"X2907184","Mixture",-0.00059927998935073,NA,-0.00336382529288501,0.00216526531418355,0.674428362981664,40,-0.00116867967075607,NA,0.953011238694189,"Tichowtungiia","Class","Tichowtungiia","d__Bacteria;p__Kiritimatiellota;c__;o__;f__;g___c__Tichowtungiia",-0.00478117926593808,0.00244381992442594
"X3031419","Mixture",0.000196044728127281,NA,-0.00254198670055821,0.00293407615681277,0.889477156114576,40,-0.000745016450354023,NA,0.953011238694189,"Bacteriovoracia","Class","Bacteriovoracia","d__Bacteria;p__Bdellovibrionota;c__;o__;f__;g___c__Bacteriovoracia",-0.00454975970320763,0.00305972680249958
"X3031449","Mixture",-0.000345585998483995,NA,-0.00174655042224826,0.00105537842528027,0.632802912409418,40,-0.000761054092406074,NA,0.953011238694189,"Desulfovibrionia","Class","Desulfovibrionia","d__Bacteria;p__Thermodesulfobacteriota;c__;o__;f__;g___c__Desulfovibrionia",-0.00283452764761236,0.00131241946280021
"X3031647","Mixture",-0.000615784162719379,NA,-0.00377170401387027,0.00254013568843151,0.705251675047574,40,0.00140782642687647,NA,0.953011238694189,"Desulfobaccia","Class","Desulfobaccia","d__Bacteria;p__Thermodesulfobacteriota;c__;o__;f__;g___c__Desulfobaccia",-0.00307392714210012,0.00588957999585305
"X388447","Mixture",-0.00177308768911728,NA,-0.00403397921534634,0.000487803837111776,0.136353717605585,40,-0.00337538338761946,NA,0.681768588027923,"Ktedonobacteria","Class","Ktedonobacteria","d__Bacteria;p__Chloroflexota;c__;o__;f__;g___c__Ktedonobacteria",-0.00629350146688257,-0.000457265308356344
"X641853","Mixture",-0.00229175210777921,NA,-0.00497582417255237,0.000392319956993955,0.106223036695645,40,-0.00297917885089509,NA,0.681768588027923,"Elusimicrobia","Class","Elusimicrobia","d__Bacteria;p__Elusimicrobiota;c__;o__;f__;g___c__Elusimicrobia",-0.00681978656425687,0.000861428862466684
"X795747","Mixture",0.000515917612226936,NA,-0.000710971703112602,0.00174280692756647,0.417333200697389,40,0.000801841670299989,NA,0.953011238694189,"Ignavibacteria","Class","Ignavibacteria","d__Bacteria;p__Ignavibacteriota;c__;o__;f__;g___c__Ignavibacteria",-0.000921178449087045,0.00252486178968702
"X1134404","PFHxS",-7.80328982588967e-05,0.00116862368326841,-0.00246145661406211,0.00230539081754431,0.947190953822384,40,-7.75141112379567e-05,0.0011608543089049,0.947190953822384,"Ignavibacteriota","Phylum","Ignavibacteriota","d__Bacteria;p__;c__;o__;f__;g___p__Ignavibacteriota",NA,NA
"X1134404","PFOA",-0.000994895118850382,0.000853201965197456,-0.00273501199936243,0.000745221761661669,0.252478424433523,40,-0.000854591407095057,0.000732880334981333,0.533201200021407,"Ignavibacteriota","Phylum","Ignavibacteriota","d__Bacteria;p__;c__;o__;f__;g___p__Ignavibacteriota",NA,NA
"X1134404","PFNA",0.00108715862686078,0.000682685811786938,-0.000305188265942732,0.00247950551966428,0.121425514036779,40,0.0016832645110938,0.0010570129977503,0.323801370764744,"Ignavibacteriota","Phylum","Ignavibacteriota","d__Bacteria;p__;c__;o__;f__;g___p__Ignavibacteriota",NA,NA
"X1134404","PFBS",0.000662601270936781,0.000763499228911276,-0.000894565672741056,0.00221976821461462,0.392146353400765,40,0.000657951003431827,0.000758140839469547,0.939732575695788,"Ignavibacteriota","Phylum","Ignavibacteriota","d__Bacteria;p__;c__;o__;f__;g___p__Ignavibacteriota",NA,NA
"X1134404","PFOS",0.000301820260521887,0.00104149251050222,-0.00182231771896853,0.00242595824001231,0.773901948130395,40,0.000270885186214214,0.000934744712499653,0.88445936929188,"Ignavibacteriota","Phylum","Ignavibacteriota","d__Bacteria;p__;c__;o__;f__;g___p__Ignavibacteriota",NA,NA
"X142182","PFBS",-0.000448564216429381,0.000563043427525021,-0.00159689885777178,0.000699770424913021,0.431697596898484,40,-0.000445416103543033,0.000559091876766303,0.939732575695788,"Gemmatimonadota","Phylum","Gemmatimonadota","d__Bacteria;p__;c__;o__;f__;g___p__Gemmatimonadota",NA,NA
"X142182","PFHxS",-0.00046544220300882,0.000856184319467344,-0.00221164163515623,0.00128075722913859,0.590588764478533,40,-0.000462347798221783,0.000850492139343541,0.947190953822384,"Gemmatimonadota","Phylum","Gemmatimonadota","d__Bacteria;p__;c__;o__;f__;g___p__Gemmatimonadota",NA,NA
"X142182","PFOA",2.02164115380494e-05,0.000641635075917853,-0.00128840695347599,0.00132883977655209,0.975066680780356,40,1.73654199878656e-05,0.000551149374422294,0.975066680780356,"Gemmatimonadota","Phylum","Gemmatimonadota","d__Bacteria;p__;c__;o__;f__;g___p__Gemmatimonadota",NA,NA
"X142182","PFNA",-0.000716476115541361,0.000506568329778353,-0.00174962903564288,0.00031667680456016,0.167218488028269,40,-0.00110933104750275,0.000784327577312375,0.334436976056538,"Gemmatimonadota","Phylum","Gemmatimonadota","d__Bacteria;p__;c__;o__;f__;g___p__Gemmatimonadota",NA,NA
"X142182","PFOS",0.000548565986360957,0.000761304633950216,-0.0010041250513844,0.00210125702410632,0.476578806447977,40,0.000492340703401506,0.00068327469857973,0.88445936929188,"Gemmatimonadota","Phylum","Gemmatimonadota","d__Bacteria;p__;c__;o__;f__;g___p__Gemmatimonadota",NA,NA
"X1936987","PFBS",-8.13296652805477e-05,0.000303343767912508,-0.00070000335881866,0.000537344028257564,0.79039025909181,40,-8.07588775138592e-05,0.000301214841016911,0.939732575695788,"Balneolota","Phylum","Balneolota","d__Bacteria;p__;c__;o__;f__;g___p__Balneolota",NA,NA
"X1936987","PFOS",-0.000287277684850527,0.000406622990520406,-0.00111659074163082,0.000542035371929761,0.485156129401813,40,-0.00025783315215938,0.000364946158073153,0.88445936929188,"Balneolota","Phylum","Balneolota","d__Bacteria;p__;c__;o__;f__;g___p__Balneolota",NA,NA
"X1936987","PFNA",-0.000210954775857686,0.000276485435117184,-0.000774850538511944,0.000352940986796572,0.45123865073607,40,-0.00032662454114202,0.000428086674077123,0.45123865073607,"Balneolota","Phylum","Balneolota","d__Bacteria;p__;c__;o__;f__;g___p__Balneolota",NA,NA
"X1936987","PFHxS",0.00024529964973796,0.000457209981170222,-0.000687186254685355,0.00117778555416128,0.595432839305919,40,0.00024366882123659,0.000454170306758945,0.947190953822384,"Balneolota","Phylum","Balneolota","d__Bacteria;p__;c__;o__;f__;g___p__Balneolota",NA,NA
"X1936987","PFOA",0.000450559207941383,0.000332908078928924,-0.000228411295448155,0.00112952971133092,0.185713627692505,40,0.000387019717152885,0.000285960176318813,0.533201200021407,"Balneolota","Phylum","Balneolota","d__Bacteria;p__;c__;o__;f__;g___p__Balneolota",NA,NA
"X200783","PFOA",-0.000390265577372823,0.000353687576465275,-0.00111161614539711,0.000331084990651463,0.278337424704946,40,-0.000335228912664876,0.000303809273878803,0.533201200021407,"Aquificota","Phylum","Aquificota","d__Bacteria;p__;c__;o__;f__;g___p__Aquificota",NA,NA
"X200783","PFNA",-0.000331711809572068,0.000287596111928934,-0.000918267946982454,0.000254844327838318,0.257564154429524,40,-0.000513594523529334,0.000445289506772711,0.343418872572699,"Aquificota","Phylum","Aquificota","d__Bacteria;p__;c__;o__;f__;g___p__Aquificota",NA,NA
"X200783","PFBS",6.25210721672731e-05,0.000319421933224959,-0.000588944255718966,0.000713986400053512,0.846097359256477,40,6.20822868479161e-05,0.000317180166567395,0.939732575695788,"Aquificota","Phylum","Aquificota","d__Bacteria;p__;c__;o__;f__;g___p__Aquificota",NA,NA
"X200783","PFOS",-0.000322719345249767,0.000427463546458242,-0.00119453699609565,0.000549098305596113,0.455968703076809,40,-0.000289642218788599,0.000383650660767129,0.88445936929188,"Aquificota","Phylum","Aquificota","d__Bacteria;p__;c__;o__;f__;g___p__Aquificota",NA,NA
"X200783","PFHxS",0.00077352374774293,0.000463018464403726,-0.000170808636338285,0.00171785613182415,0.104866219717416,40,0.000768381120855146,0.000459940173386119,0.78215069945933,"Aquificota","Phylum","Aquificota","d__Bacteria;p__;c__;o__;f__;g___p__Aquificota",NA,NA
"X200918","PFOA",0.000210952011156558,0.000392665055814508,-0.000589893650107126,0.00101179767242024,0.594943300921104,40,0.000181202794775121,0.000337290007969216,0.793257734561473,"Thermotogota","Phylum","Thermotogota","d__Bacteria;p__;c__;o__;f__;g___p__Thermotogota",NA,NA
"X200918","PFBS",-0.000366470527500078,0.000343439034752668,-0.00106691905689555,0.000333978001895392,0.294184032475259,40,-0.000363898564450343,0.000341028711299794,0.939732575695788,"Thermotogota","Phylum","Thermotogota","d__Bacteria;p__;c__;o__;f__;g___p__Thermotogota",NA,NA
"X200918","PFOS",0.000247485352209303,0.000469861765851736,-0.000710804037192872,0.00120577474161148,0.602137342805365,40,0.000222119335536276,0.000421703273721934,0.88445936929188,"Thermotogota","Phylum","Thermotogota","d__Bacteria;p__;c__;o__;f__;g___p__Thermotogota",NA,NA
"X200918","PFNA",-0.000261097481569386,0.000317893744858151,-0.000909446048732893,0.000387251085594122,0.417727092595781,40,-0.00040426126767791,0.000492199800284487,0.45123865073607,"Thermotogota","Phylum","Thermotogota","d__Bacteria;p__;c__;o__;f__;g___p__Thermotogota",NA,NA
"X200918","PFHxS",0.000555263273753992,0.00051940462108721,-0.000504069435073804,0.00161459598258179,0.293306512297249,40,0.000551571710502394,0.000515951457331299,0.78215069945933,"Thermotogota","Phylum","Thermotogota","d__Bacteria;p__;c__;o__;f__;g___p__Thermotogota",NA,NA
"X203691","PFBS",-2.26332587442571e-05,0.000296940106807267,-0.000628246599352063,0.000582980081863549,0.939732575695788,40,-2.24744140328353e-05,0.000294856122078938,0.939732575695788,"Spirochaetota","Phylum","Spirochaetota","d__Bacteria;p__;c__;o__;f__;g___p__Spirochaetota",NA,NA
"X203691","PFNA",-0.000456817928848599,0.000260261289829051,-0.000987624329031422,7.39884713342239e-05,0.0890995379811462,40,-0.000707298262335999,0.000402966579077555,0.323801370764744,"Spirochaetota","Phylum","Spirochaetota","d__Bacteria;p__;c__;o__;f__;g___p__Spirochaetota",NA,NA
"X203691","PFHxS",-0.000139976047173345,0.000448448780604874,-0.00105459336523706,0.000774641270890368,0.757028677056206,40,-0.000139045442798314,0.000445467353384751,0.947190953822384,"Spirochaetota","Phylum","Spirochaetota","d__Bacteria;p__;c__;o__;f__;g___p__Spirochaetota",NA,NA
"X203691","PFOA",0.000324280399188724,0.000329911440567772,-0.000348578419969256,0.000997139218346705,0.333250750013379,40,0.000278549203212761,0.000283386134748912,0.533201200021407,"Spirochaetota","Phylum","Spirochaetota","d__Bacteria;p__;c__;o__;f__;g___p__Spirochaetota",NA,NA
"X203691","PFOS",0.000163976907188637,0.000399720406131788,-0.000651258235916178,0.000979212050293451,0.684459423116561,40,0.000147170090443294,0.000358751054224799,0.88445936929188,"Spirochaetota","Phylum","Spirochaetota","d__Bacteria;p__;c__;o__;f__;g___p__Spirochaetota",NA,NA
"X40117","PFHxS",-0.000940705936995519,0.000796338588398583,-0.00256484919591876,0.000683437321927725,0.24647155318529,40,-0.000934451830823334,0.000791044281341524,0.78215069945933,"Nitrospirota","Phylum","Nitrospirota","d__Bacteria;p__;c__;o__;f__;g___p__Nitrospirota",NA,NA
"X40117","PFBS",8.58610705126989e-05,0.000538016843431599,-0.0010114315160538,0.0011831536570792,0.874240850476115,40,8.52584804428348e-05,0.000534240934217614,0.939732575695788,"Nitrospirota","Phylum","Nitrospirota","d__Bacteria;p__;c__;o__;f__;g___p__Nitrospirota",NA,NA
"X40117","PFNA",0.0012026576063399,0.00044493276898439,0.00029521124125385,0.00211010397142595,0.0110495637251322,40,0.00186209336681115,0.000688896285555602,0.0883965098010573,"Nitrospirota","Phylum","Nitrospirota","d__Bacteria;p__;c__;o__;f__;g___p__Nitrospirota",NA,NA
"X40117","PFOA",-0.000217471628824583,0.000605934880279422,-0.00145328396479506,0.0010183407071459,0.722100892809494,40,-0.000186802992354819,0.000520483749628125,0.82525816321085,"Nitrospirota","Phylum","Nitrospirota","d__Bacteria;p__;c__;o__;f__;g___p__Nitrospirota",NA,NA
"X40117","PFOS",-0.000611873811999045,0.000718074033154223,-0.00207639545812518,0.000852647834127093,0.40069156723882,40,-0.000549159792044321,0.000644475019172769,0.88445936929188,"Nitrospirota","Phylum","Nitrospirota","d__Bacteria;p__;c__;o__;f__;g___p__Nitrospirota",NA,NA
"X95818","PFBS",0.000108014254337202,0.000275096973678388,-0.00045304972254283,0.000669078231217233,0.697271822064659,40,0.000107256188817185,0.000273166288402763,0.939732575695788,"Candidatus Saccharibacteria","Phylum","Candidatus Saccharibacteria","d__Bacteria;p__;c__;o__;f__;g___p__Candidatus_Saccharibacteria",NA,NA
"X95818","PFHxS",5.00704142015467e-05,0.000417010272422135,-0.000800427643688827,0.000900568472091921,0.905202527714644,40,4.97375304871078e-05,0.000414237858199951,0.947190953822384,"Candidatus Saccharibacteria","Phylum","Candidatus Saccharibacteria","d__Bacteria;p__;c__;o__;f__;g___p__Candidatus_Saccharibacteria",NA,NA
"X95818","PFNA",-0.000312758121811194,0.0002471137760995,-0.000816749990955915,0.000191233747333527,0.215070446493599,40,-0.000484248235716344,0.000382610080289539,0.343418872572699,"Candidatus Saccharibacteria","Phylum","Candidatus Saccharibacteria","d__Bacteria;p__;c__;o__;f__;g___p__Candidatus_Saccharibacteria",NA,NA
"X95818","PFOS",-3.99776641807762e-05,0.000372138502498345,-0.000798959143947973,0.000719003815586421,0.915142622388221,40,-3.58801526023915e-05,0.000333996158417047,0.915142622388221,"Candidatus Saccharibacteria","Phylum","Candidatus Saccharibacteria","d__Bacteria;p__;c__;o__;f__;g___p__Candidatus_Saccharibacteria",NA,NA
"X95818","PFOA",0.000596624295223252,0.000292074282009509,9.34869718282054e-07,0.00119231372072822,0.0496631106067266,40,0.000512486176986273,0.000250884909282907,0.397304884853813,"Candidatus Saccharibacteria","Phylum","Candidatus Saccharibacteria","d__Bacteria;p__;c__;o__;f__;g___p__Candidatus_Saccharibacteria",NA,NA
"X1134404","Mixture",0.000446222332232122,NA,-0.00287168686080695,0.00376413152527119,0.794170988259038,40,0.00222292773009478,NA,0.967675410261668,"Ignavibacteriota","Phylum","Ignavibacteriota","d__Bacteria;p__;c__;o__;f__;g___p__Ignavibacteriota",-0.00272960730407309,0.00717546276426264
"X142182","Mixture",-0.00173378806535279,NA,-0.00450056876773734,0.00103299263703176,0.230374219821517,40,-0.00224032665550086,NA,0.967675410261668,"Gemmatimonadota","Phylum","Gemmatimonadota","d__Bacteria;p__;c__;o__;f__;g___p__Gemmatimonadota",-0.00612012963637497,0.00163947632537324
"X1936987","Mixture",-2.64427935011631e-05,NA,-0.00129310777180831,0.00124022218480599,0.967675410261668,40,6.15868370210973e-06,NA,0.967675410261668,"Balneolota","Phylum","Balneolota","d__Bacteria;p__;c__;o__;f__;g___p__Balneolota",-0.00181444688478388,0.0018267642521881
"X200783","Mixture",-0.000181589765383237,NA,-0.0016451456438272,0.00128196611306073,0.809773347396458,40,-0.00062380510950618,NA,0.967675410261668,"Aquificota","Phylum","Aquificota","d__Bacteria;p__;c__;o__;f__;g___p__Aquificota",-0.00270811552804632,0.00146050530903396
"X200918","Mixture",0.000309624206362549,NA,-0.00140779644041544,0.00202704485314054,0.726674339337284,40,0.000172653275916042,NA,0.967675410261668,"Thermotogota","Phylum","Thermotogota","d__Bacteria;p__;c__;o__;f__;g___p__Thermotogota",-0.00206352291388638,0.00240882946571846
"X203691","Mixture",-0.000203047043234597,NA,-0.00164086321699651,0.00123476913052731,0.784134325907484,40,-0.000795588318965378,NA,0.967675410261668,"Spirochaetota","Phylum","Spirochaetota","d__Bacteria;p__;c__;o__;f__;g___p__Spirochaetota",-0.00278181202119375,0.00119063538326299
"X40117","Mixture",0.00135717235453945,NA,-0.000991381522997523,0.00370572623207642,0.267713029642095,40,0.00119160308752002,NA,0.967675410261668,"Nitrospirota","Phylum","Nitrospirota","d__Bacteria;p__;c__;o__;f__;g___p__Nitrospirota",-0.00221145073884185,0.00459465691388189
"X95818","Mixture",3.18487743384154e-05,NA,-0.00136710319435416,0.00143080074303099,0.964750451558811,40,6.63773067407494e-05,NA,0.967675410261668,"Candidatus Saccharibacteria","Phylum","Candidatus Saccharibacteria","d__Bacteria;p__;c__;o__;f__;g___p__Candidatus_Saccharibacteria",-0.00173196295625481,0.00186471756973631
