"","merge_id_dyad","mode_of_delivery_cat","baby_birthweight_kg","gestational_age_cat","breastmilk_per_day","SES_index_final","age_of_solid_foods","PFBS_pgmL","PFHxS_pgmL","PFNA_pgmL","PFOA_pgmL","PFOS_pgmL","X1216932","X238834","X1155388","X2058152","X102684","X68892","X59310","X1316412","X2725997","X2697371","X571","X704125","X254785","X151276","X33043","X2598457","X2849865","X1259973","X1680","X2507159","X2742673","X1977566","X33038","X1912897","X1349","X29466","X1502","X36839","X2682455","X1329812","X1501","X1686399","X1338","X2850492","X197614","X1303","X1827481","X1328","X885040","X39778","X246787","X42895","X823","X182773","X400065","X1334","X2027919","X1343","X2742672","X332101","X376805","X299767","X1691","X2798729","X2715212","X371601","X2420308","X623","X2897413","X1839799","X550","X2781599","X360422","X2742639","X2912630","X576","X28116","X2912629","X2686210","X1940319","X2212991","X248315","X1302","X1463165","X333367","X137838","X2857061","X2565914","X2382163","X2985571","X1548","X2873296","X2500132","X564","X1156431","X158836","X2596949","X45634","X1314","X1322","X2860337","X2044467","X1307","X438033","X2785531","X1561","X84023","X2843318","X36745","X166486","X1519","X1310","X2894203","X1494","X2763062","X548","X84022","X2976431","X2587529","X2021971","X2972764","X674529","X1345","X820","X29341","X418240","X2912628","X2923088","X2755405","X2479767","X1443109","X2912631","X2850493","X2742643","X751585","X2478464","X290053","X211595","X113107","X61645","X223919","X1304","X2831966","X1814128","X1702238","X1340","X2020965","X1316411","X1346","X1520"
"1","MM-0001-01","Vaginal",2.9,"Late",0,0.46,4.7,8.38267157529082,3.87823487911234,4.36239975116586,6.07249172553341,5.01145091173575,0.0233073824138432,0.0225826241238507,0.0171327871345091,0.014897596114413,0.0140960930683657,0.0134816553652019,0.0130135123532676,0.0126748761171758,0.0123386381547107,0.0119232571625641,0.0121117614696237,0.0121074445770956,0.0117884741847429,0.0108579440175784,0.0106747159124975,0.0106708786746948,0.0103595827579475,0.0102108897930913,0.0100751475058194,0.00994228314689954,0.00983340152424679,0.00987800941370364,0.00987705010425296,0.00976145331544541,0.00956719315168169,0.00920409452459741,0.00867983190979805,0.00880550144783779,0.00874458529771929,0.00850140035197064,0.00835558531546651,0.00822176164709595,0.00818147065016718,0.00792389606265826,0.00741881963687259,0.00744424133731575,0.00718714640453216,0.00689743495042529,0.00684467293063761,0.00654728700092525,0.0064259343554136,0.00620721180065742,0.0062340724652766,0.00621392696681221,0.00621632524043892,0.00607434744173754,0.00610312672525809,0.00613094669932796,0.00610024879690604,0.00604221057513959,0.00616260391120056,0.00583739800741834,0.00573043500366696,0.00558222169353613,0.00539659531482857,0.00522631788733198,0.00525653613502856,0.00531697263042172,0.00526516992008473,0.00523015512513472,0.00524598373107103,0.00516348311831211,0.00514957313127718,0.00513470383479156,0.00502486290268813,0.00505076425785662,0.00510496524182033,0.00507810457720115,0.00502534255741347,0.00509585180203882,0.00502917979521621,0.00501526980818128,0.00496682468092169,0.00492125748201415,0.00481909102551619,0.0048349196314525,0.00478503554001687,0.00457350780614083,0.00463346464680864,0.00460804294636549,0.00455815885492987,0.00451690854855041,0.00445551274370657,0.00433751768127231,0.00433895664544834,0.00437301213094766,0.0043159332186319,0.0041907433353175,0.00409577169969969,0.00414901337421271,0.00411639685288942,0.00408857687881955,0.00416819956322641,0.00406363483310174,0.0040631551783764,0.00405931794057366,0.00399120696957502,0.00400655592078598,0.00386889501461268,0.0038420343499935,0.00387896776384487,0.0038262057440572,0.00379550784163528,0.00370964964579897,0.00368806518315856,0.00370053620601746,0.00362954730666677,0.00356959046599896,0.00359117492863937,0.00359645113061814,0.0035091539706058,0.00354033152775306,0.00342713301257223,0.00348085434181059,0.00344535989213525,0.0034098654424599,0.00334511205453866,0.0033748506475099,0.00334415274508798,0.00320745114836536,0.00305588025515713,0.00310240676351535,0.00310384572769138,0.00304149061339685,0.00300119961646808,0.00299256583141192,0.00292733278876534,0.00286353871029478,0.00289855350524478,0.0028975941957941,0.00286785560282286,0.00277192465775436,0.00270813057928381,0.00272395918522011,0.00275177915928998,0.00271004919818518,0.00271292712653723,0.00275849432544477,0.00268462749774203,0.00261171997948996
"2","MM-0002-01","Vaginal",3.14,"Ontime",0,1.71,5.5,7.2094923568599,3.18253340164722,4.78967709226078,4.41913434086173,3.20429725071852,0.0234193001470599,0.0229253466120884,0.0169913026121676,0.0147607451397807,0.0139611772714581,0.013299077603906,0.0131138450282917,0.0127942508779131,0.0125041696745926,0.0120839985072662,0.0121364228211193,0.0121084631870643,0.0119220656266977,0.010693783369532,0.0106242726126453,0.0105668000315323,0.0103772958451595,0.0101303190776738,0.0100876029700898,0.00988023568418195,0.00999052090739886,0.00990275872272625,0.0100336253432336,0.00973111763588868,0.00965345198573593,0.00910008422839759,0.00886902891919316,0.00871253263413537,0.00871408594713843,0.00851487355449663,0.00845312936262519,0.0081991626866257,0.00818712451085203,0.00799529035497474,0.00743182606311654,0.0073529954282115,0.00730678436637062,0.00686331350399842,0.00681943241166212,0.00658371716344853,0.00653867108635993,0.0063258672049414,0.00621674696647679,0.00624004666152261,0.00618723401941874,0.00616432265262368,0.00619383559968173,0.00610918004101523,0.0059884099550277,0.00614257627058091,0.006060250681419,0.00580084740990882,0.00564823440735867,0.00561095489528535,0.0053694147233103,0.00539543271611147,0.00526534275210561,0.00529136074490678,0.00525330457633194,0.00522029667501702,0.00524592633956743,0.00512903953608754,0.00515233923113336,0.00508438178724971,0.00512709789483372,0.00511428306255852,0.00505370385543937,0.00508632342850353,0.00505991710745159,0.00501991929762293,0.00505176221418555,0.00501875431287064,0.00491662398291977,0.00492866215869345,0.00479857219468759,0.00476672927812496,0.00485565644754986,0.00470886836876117,0.00466537560467563,0.00464595919213744,0.00448091968556285,0.00446266825777695,0.00440558400491468,0.00433218996552033,0.00437762437085969,0.00433063665251728,0.00430617197271916,0.00419045015399157,0.004110842862585,0.00420598328402212,0.00409530973255445,0.00411161951908653,0.00408482486978383,0.00405065198371662,0.00404560371645669,0.00399240274610206,0.00405531192272578,0.00402851727342309,0.00388328250763745,0.00381338342249997,0.00374969758937472,0.00381105345299539,0.00375086257412701,0.00376290074990068,0.00365106221368073,0.00368290513024335,0.00361222938860435,0.0036192192971181,0.00351631231066571,0.00351941893667182,0.00352446720393175,0.00351475899766265,0.00340758040045186,0.00335321444534493,0.00339864885068429,0.00342350185873317,0.00333768131531438,0.00330739171175481,0.00327904374944906,0.00315672035045848,0.00310895597561454,0.00309924776934545,0.0030922578608317,0.00300371901965756,0.00298857421787778,0.00302740704295415,0.0029283833390094,0.0028619792081288,0.00290896692647121,0.00287595902515629,0.00279829337500354,0.00285071768885665,0.0028126615202818,0.00279945835975583,0.00267325167825762,0.00269033812129122,0.00271790942709545,0.00268140657152366,0.0026926680907958,0.00261500244064306
"3","MM-0003-01","C-Section",3.75,"Ontime",2,2.32,5.9,7.06446255026682,3.25353551719705,4.34155885122287,5.38225222803847,5.38708677001591,0.0231940080431807,0.0228017788621807,0.0168807495620226,0.0147075303747101,0.0140798218300718,0.0134329628552582,0.0128804374809382,0.0124988474278135,0.0124002581761698,0.0122066260488407,0.0119243345225514,0.0119151139450595,0.0120101568207449,0.0107136017703509,0.0106809751115335,0.0106632432317415,0.0104313102440616,0.0101100085822298,0.010167459872756,0.00981778720325699,0.00983197270709062,0.00979296257154814,0.0100326975863365,0.0098986445751087,0.00966387448666208,0.00925320415067842,0.00904467724432403,0.00877657122186837,0.00885317294256999,0.00841058522296066,0.00826731163424097,0.00826731163424097,0.00822049947158998,0.00795877692585946,0.00736724141599699,0.00738851967174744,0.00722538637766067,0.00678634503400975,0.00688635283603685,0.00657001610054685,0.00642248686067707,0.006197646624914,0.00625013298909844,0.0063019100780912,0.00609763882288689,0.00609763882288689,0.0061167892530623,0.0060664307144529,0.00613452113285434,0.00619126314818887,0.0059699692883842,0.00583166062600628,0.00574300122704608,0.00568129428536978,0.00536850392583819,0.00531530828646206,0.00522239323635177,0.00534155146855428,0.00524721786806063,0.00522381178673514,0.00530041350743675,0.00518763875195937,0.00510394427934094,0.00523161381384363,0.0051096184808744,0.00523799729056877,0.00503372603536446,0.00510252572895758,0.00509188660108235,0.00510110717857422,0.00500109937654711,0.00501315705480569,0.00503798168651455,0.0050514579151565,0.00479115391980935,0.00480817652440971,0.00475923653618367,0.00464504323032293,0.00468830901701551,0.0046230556993808,0.00451099021909511,0.00449254906411138,0.00438686706055082,0.00433296214598302,0.0042719644794984,0.00428473143294867,0.00430246331274071,0.00428260360737362,0.00417337522785466,0.0041485505961458,0.00409748278234472,0.00411592393732844,0.00401095120895956,0.00401520686010965,0.00400456773223443,0.004063437573144,0.00405421699565214,0.00396839469745867,0.00386484051947315,0.00386413124428147,0.00382370255835562,0.00376696054302109,0.0036584414386938,0.00381164488009703,0.00372936895786196,0.0036697898417607,0.00372227620594514,0.0036697898417607,0.00361375710161786,0.0035116214740157,0.00359035102029236,0.00344494960599763,0.00347544843923994,0.00344069395484754,0.00346835568732312,0.00345417018348949,0.00349034321826525,0.00327685138556909,0.00335274383107902,0.0032456432771351,0.00308534708381505,0.00308038215747328,0.00310591606437382,0.00306761520402301,0.00303853492116406,0.00290377263474455,0.00294916624701218,0.00290164480916951,0.00292788799126173,0.00287611090226897,0.00287823872784402,0.00278106802658363,0.00274205789104114,0.00282007816212612,0.00267538602302307,0.00267396747263971,0.00259878430232146,0.00264063153863067,0.00266120051918944,0.00265268921688926
"4","MM-0004-01","Vaginal",3.09,"Ontime",5,0.12,4.4,8.29155291106107,3.12051783412047,4.48220292629596,6.66033824667366,4.74211403157908,0.0233063571625713,0.0229419772854371,0.0170653826712301,0.0146015544807354,0.0140371533093446,0.0132887532212732,0.0131543719899896,0.0126530266271241,0.0124214774286048,0.0120875917539542,0.0120322887087721,0.0120948276664079,0.0119004917319363,0.01080011618808,0.0107437794411188,0.0105039606283666,0.0104290172493816,0.0101933332437458,0.0100832440042713,0.0100124354324026,0.00990389674559669,0.00980879618191911,0.00988322271001461,0.00965219036238483,0.00966511163462363,0.00916583367531634,0.00883711650956122,0.00875080241100603,0.0087564877707911,0.00843655707015837,0.0084546468512927,0.00823756947768083,0.00823808632857038,0.00784372909984215,0.00746074259068407,0.00747366386292287,0.00734083318430799,0.00676351074067834,0.00692373451643948,0.0064802764532038,0.00651128750657693,0.00633452450235012,0.00621461509597404,0.00626268222870238,0.00618567144615913,0.00624976095646358,0.00605284076754424,0.00621099713974718,0.00610245845294124,0.00602182971417112,0.00615569409456511,0.00585075206972939,0.00579596587543687,0.00565744983703691,0.00533183377661911,0.00535405836486985,0.00535509206664896,0.00527187907343107,0.00523880061649974,0.00515610447417141,0.00518866608021319,0.0051788459133117,0.0051907334837714,0.00517057629907887,0.0050289591553416,0.00503567821690578,0.00505118374359234,0.00512302601724008,0.0050398130240222,0.00511889121012366,0.00497055500482222,0.00489819588028493,0.0049664201977058,0.00489147681872075,0.00482893786108495,0.0048165334397357,0.00477053371056557,0.00471471381449395,0.00471006215648798,0.00460565827679846,0.00447231074729403,0.00443458063235673,0.00443768173769404,0.0043410306213478,0.00432449139288214,0.00425730077724037,0.00433327785800452,0.0041771888893598,0.00414979579221354,0.00412240269506728,0.00404280765807626,0.00407278500967028,0.0040769198167867,0.00410431291393296,0.00396011151574793,0.00401696511359866,0.00403608859651208,0.00395804411218972,0.00394202173461361,0.00385932559228528,0.00383141564424947,0.00377921370440471,0.00380505624888231,0.00371925900121667,0.00373114657167636,0.00369806811474503,0.00369238275495996,0.00367946148272116,0.00361123716530029,0.00358642832260179,0.00350631643472122,0.00354714765499583,0.00345618189843467,0.00343033935395706,0.00347117057423168,0.00337555315966454,0.00341069902015408,0.00325874485862578,0.00332541862337799,0.00321636308568251,0.00307319538927658,0.00310007163553329,0.00310679069709747,0.00302099344943183,0.00305355505547361,0.00304631914301988,0.002913488464405,0.002978094825599,0.00291658956974231,0.00285353376121696,0.00285353376121696,0.00280805088293637,0.00277807353134235,0.00266901799364687,0.00269847849435134,0.00270519755591551,0.00270519755591551,0.00263645638760509,0.00260441163245286,0.00258735555309764
"5","MM-0005-01","Vaginal",3.2,"Ontime",2,-0.53,5.5,8.53801040326122,4.1632571894566,3.26648672875681,5.04330075436418,3.84458651552164,0.0234313576215289,0.0226318931420122,0.0170613430302313,0.014710068540547,0.0139526606434891,0.0134366886827684,0.0129654991941102,0.0127003090769398,0.0125464910207249,0.0121224204809326,0.012006764879171,0.0119576988663025,0.011917978760647,0.0106948331541385,0.010627854152445,0.0105184291554921,0.0104308112753698,0.0101056515869156,0.0101749670654124,0.00998415479314587,0.0098665521273816,0.0097797130728603,0.00985525915616583,0.00969209519273792,0.00960097259741064,0.00925244814092382,0.00881241167630918,0.00871311141217047,0.00870610198176068,0.00845064718460386,0.00834083277485047,0.00829059852358031,0.00819441356184596,0.00798880360315876,0.00743583742638638,0.00746114925842173,0.00737119490149609,0.00689260656962759,0.00687079945279713,0.00660833522523052,0.00654096681073642,0.00623255187270563,0.00627032491435839,0.00620957651747354,0.00615778461500119,0.0060549796356576,0.00615817402780174,0.00614026103897672,0.00617180347582078,0.00603979253643638,0.0060355089956304,0.00583145668814538,0.00570879165597404,0.00562312083985437,0.00538441079312094,0.00526096693534852,0.00529562467459693,0.00533534478025241,0.00526953401696049,0.00521579505048542,0.00526758695295777,0.00516750786321798,0.00515465724080002,0.00506236640707111,0.00512895599596413,0.00508495234950266,0.0051083171175353,0.00503978046463957,0.00507950057029505,0.00508027939589613,0.00498020030615634,0.0049833156085607,0.00501368980700312,0.00491516836846551,0.00478588331868492,0.00487505885000948,0.00474966792823434,0.00467606890893153,0.00470371721777015,0.00463479115207388,0.00452030378871396,0.0043956916925399,0.00442295058857798,0.00426796429396149,0.00432092443483547,0.00431002087642024,0.00430690557401589,0.00417333698342932,0.00425160895633865,0.00418852408265053,0.00411103093534229,0.00408766616730965,0.00407247906808844,0.00406352257367593,0.00406741670168137,0.00408377203930421,0.00401250949680467,0.00396383289673668,0.00392294455267957,0.00382208663733869,0.00378197711888267,0.00385362907418275,0.00377457827567233,0.00378119829328158,0.00374225701322718,0.00368540274434777,0.00371967107079564,0.0035518341537612,0.00356040123537317,0.00357909304979928,0.00355066591535957,0.0035234070193215,0.00345370212802413,0.00339412196954091,0.00344201974400781,0.00347434100645296,0.00336686307350283,0.00329949465900873,0.00334622419507401,0.00311530240435145,0.00308765409551284,0.00313087891637321,0.00319357437726078,0.00299419502338229,0.00295642198172953,0.00299769973858719,0.00293695134170233,0.0028719194040115,0.00289684182324631,0.0028719194040115,0.002836482839162,0.0028524487639843,0.00272472136540589,0.00263827172368514,0.00275159084864342,0.00272160606300154,0.00264255526449112,0.00272082723740045,0.0026211375604612,0.00263398818287915
"6","MM-0006-01","Vaginal",3.79,"Late",1,0.39,4.2,5.39125218326657,4.54163873443614,3.14714385719302,6.20443420398365,5.63165726769178,0.0234064541321695,0.0229709441183847,0.0168847442735693,0.0149007542107717,0.0139981754865509,0.0133324973785243,0.0131355711114216,0.01273624840313,0.0122069038646359,0.0119552758566713,0.012062996207907,0.0119089897682498,0.0118479762880577,0.0107880248632036,0.0106104545967135,0.0105755296390863,0.0102759324122121,0.0101379157121914,0.0100924711890139,0.00996287014143346,0.00993972709722267,0.00979077004902959,0.0098113883975083,0.00985809526855188,0.00961614526089364,0.0091305621150891,0.00863151392538009,0.00888187958547862,0.00874470445070195,0.00839797957016214,0.00838072748265955,0.00818169730244677,0.00811984225701066,0.008012542688397,0.00746257980142427,0.00754463241271706,0.00734896849348039,0.00691598317542764,0.00694165091537052,0.00662900942721386,0.00643544942108727,0.00639337115888584,0.00627302732898973,0.00622716202319017,0.00608662062743738,0.00608241280121724,0.00612070401982054,0.00607568027926501,0.00602602792986732,0.00607862575761911,0.0060811504533512,0.00587328383807611,0.00568098617981556,0.00566541722280103,0.00536539921330481,0.00537339408312308,0.00529681164591647,0.00526609451450943,0.00522191233919792,0.00524295147029864,0.00540663591026221,0.00517688859864239,0.00514406755412527,0.00514869616296743,0.00500478850623852,0.00503003546355938,0.00517773016388642,0.00501614963703291,0.00506369807332053,0.00500899633245867,0.00496944276598932,0.00513438955381894,0.00483310919645667,0.00492904763427594,0.00477462041199668,0.00477630354248474,0.00477419962937467,0.00469509249643597,0.00459705014550663,0.0046605883214308,0.00448428040280679,0.00446239970646204,0.00445903344548593,0.00431807126711113,0.00434037274607789,0.00434415978967601,0.00426547343935933,0.00421245482898553,0.00422465752502394,0.00418847021953071,0.00411399169543417,0.00403993395395965,0.00408285378140511,0.00405045351951001,0.00401426621401677,0.00399953882224627,0.0039885984740739,0.00398817769145189,0.00391075368900125,0.00393053047223592,0.00382828029508644,0.00378956829386112,0.00385815586124946,0.00381018664233982,0.00371971837860674,0.00373739124873134,0.0036599672462807,0.00364481907188819,0.00356192489535136,0.00359348359200244,0.0035160595895518,0.00347313976210634,0.00346051628344591,0.00339908202063181,0.0033662609761147,0.00343021993466087,0.00339024558556951,0.00334522184501398,0.00336205314989455,0.003199210275175,0.00313693444711688,0.0030700300102166,0.0030906483586953,0.0030317387916133,0.00304520383551776,0.00300775418215848,0.00304688696600581,0.00297114609404323,0.00286468809067361,0.00285206461201318,0.00282218904585016,0.00277211591383045,0.00279063034919908,0.00272751295589693,0.00269805817235593,0.00270773617266226,0.00266355399735075,0.00267196964979104,0.00263325764856572,0.00260590677813479
"7","MM-0007-01","C-Section",3.57,"Ontime",8,-0.47,5.3,8.60304395721772,3.92219784839637,5.08414932684686,5.28976070587685,4.85663717062581,0.0233815396721978,0.0226942307840169,0.0171459498418287,0.0148707434736578,0.0140319993100168,0.0133259699462823,0.0130237679837747,0.0126453469422276,0.0124046551136818,0.0120218882474526,0.0120422801940377,0.0119653925265856,0.0119697383512677,0.0106546249436296,0.0106977488962441,0.0106780255380716,0.0104112587614333,0.0103066246748571,0.0100642613752797,0.00983326407871692,0.00985098167165155,0.00987337938347457,0.00979983465808556,0.00973698734729858,0.00950498716811689,0.00923320597838387,0.00877722868097201,0.00870268107296406,0.00885077340636102,0.00843357423688154,0.00832693438506748,0.00822664612317337,0.00815577575143487,0.00791675539392059,0.00746846686325395,0.00745208644714458,0.00726922751629099,0.00698140020465491,0.00692289871855002,0.00650904249113368,0.00655316932636709,0.00627135931044466,0.00622455812156074,0.00618544569942204,0.00617675405005788,0.00616806240069373,0.00616137651656745,0.00603969342546927,0.0060306674818988,0.00607746867078272,0.00602632165721673,0.00580067306795499,0.00575721482113421,0.00559474783686576,0.00538180242744395,0.00538013095641238,0.00529488593380239,0.00531394070356227,0.00525577351166369,0.00526981386832887,0.00529120869753294,0.00520161785024088,0.00513074747850238,0.00522200979682601,0.00511135841453618,0.00511771000445614,0.00509297223318893,0.00510032670572783,0.00500572144534106,0.00500806150478525,0.00500505285692843,0.00499101250026326,0.0049529029607435,0.00494120266352252,0.0047623552631447,0.00480213627369603,0.00473494313822698,0.00460757704562146,0.00465136958664856,0.00466273558966322,0.00447753659936544,0.00447385936309599,0.0044618247716687,0.004388614340486,0.00436387656921879,0.00429902349319394,0.00425255659851634,0.00418770352249148,0.00414558245249596,0.00416564010487478,0.00409109249686683,0.00404061407171346,0.00407705214020165,0.00406401466615542,0.00403927689488821,0.00402122500774727,0.00405565731099758,0.003980441114577,0.00388717303101548,0.00391191080228269,0.00384170901895682,0.00384739202046415,0.00383702890006843,0.00382064848395906,0.00365851579389692,0.00365885008810324,0.0036775705636568,0.00367389332738735,0.0035796223612069,0.00354585864636921,0.00351309781415047,0.00354184711589345,0.00346228509479079,0.0034428960308246,0.00339843490138488,0.00337904583741869,0.00336600836337245,0.00332455588178956,0.00339074613463967,0.00313400818419076,0.003112947649193,0.00310124735197202,0.00307918393435532,0.00299761614801478,0.00298925879285694,0.00301399656412415,0.00297254408254125,0.00296351813897078,0.00294880919389298,0.00291303971381742,0.00286790999596507,0.00287192152644083,0.00276394449780151,0.00274221537439112,0.00267034212003368,0.00266465911852635,0.00270076289280823,0.00260983486869091,0.00261551787019824,0.00262019798908663
"8","MM-0008-01","Vaginal",3.3,"Ontime",1,0.85,5.7,7.2791462440543,2.10835717809042,5.16317666619361,5.59788867516543,2.76553474636298,0.0232850289059682,0.0227172607369569,0.0170729367163742,0.014832814455357,0.0139961215691035,0.0133671403570371,0.0131164419953114,0.0127072087299428,0.0124991531622555,0.0120912954708882,0.0119984442258046,0.0120386797653408,0.0118000176761259,0.0106366259645783,0.0106803004391176,0.0105626888620117,0.0102270488057095,0.0101727136326605,0.0102071029826915,0.00985839497337748,0.00990482059591929,0.00982916402585116,0.00985358046437315,0.00973700056776817,0.00960494546364925,0.00915100604324048,0.00878510335891098,0.00875759187888621,0.00874830675437785,0.00850448626265829,0.00838962583355486,0.00826926310844647,0.00826616806694368,0.0079257135016371,0.00739061521515525,0.00727747425355337,0.00727128417054779,0.00691638607822821,0.00695008764125855,0.00658005823492534,0.00646279055131974,0.00625232772913022,0.00625783002513518,0.00617735894606271,0.00615672533604413,0.0062371964151166,0.00613918676752834,0.00610995582000202,0.00605458896645216,0.00604874277694689,0.00608038097897538,0.00585822577777533,0.00571035157264217,0.00558173540352635,0.00536061188282723,0.0054342050918935,0.00527119957274672,0.00526604117024207,0.00524678313422473,0.0052708556792464,0.00527360682724888,0.00515290020864019,0.0052031086596854,0.0051463662321343,0.00506520736606122,0.00504870047804635,0.0051212620066117,0.00509478220708785,0.00508549708257949,0.00512160590011201,0.00499608477249897,0.00502841076152808,0.00492145988293177,0.00497854620398318,0.0048654052423813,0.00480419219932618,0.00472268943975278,0.00468382947421779,0.00462502368566483,0.00466457143820045,0.00458994654863325,0.00442522156198491,0.00444757463950504,0.00437294974993784,0.00434956499191678,0.00424020685881831,0.00426221604283813,0.00419790795828022,0.00413669491522509,0.00419756406477991,0.0041370388087254,0.00406275781265851,0.00411674909220713,0.00411502962470558,0.00408545478367895,0.00400051308910246,0.0040159882966164,0.00397575275708016,0.00383785146345599,0.00383303695445165,0.00381962510793957,0.00379417698891666,0.00379142584091418,0.00377251169839715,0.003721271566851,0.00371164254884233,0.00364905393178597,0.00358061912522435,0.00357408514871846,0.00355070039069741,0.0035788996577228,0.00350358698115498,0.00340282618556424,0.00347057320512525,0.00342655483708561,0.00337703417304102,0.00334298871651036,0.00338597540404907,0.00329518751996732,0.00317104196635552,0.00314387437983106,0.00313734040332518,0.00305790100475364,0.00303210899223041,0.00294132110814866,0.00301904103921865,0.0029285970486372,0.00295542074166136,0.00293306766414123,0.00287426187558827,0.00287770081059137,0.00280789043002851,0.00278760071351023,0.00275114800247741,0.00278037895000373,0.00267755479341114,0.00260602494534673,0.00266826966890278,0.00259880318184022,0.0026441971238811
"9","MM-0009-01","Vaginal",2.78,"Ontime",6,0.71,4.8,6.4982668264555,2.73552217729654,4.52769593503718,6.13101321308385,3.8082820708894,0.0234118794900857,0.022602524300292,0.016897765462526,0.0148351049788321,0.0140028692836728,0.0133588001326386,0.0130104700509552,0.0126160374584608,0.0123776704025637,0.0121307658446646,0.0120969573367365,0.0120412928236832,0.0118954722894883,0.0106339709936662,0.0106315804931056,0.0105772819803726,0.0104225824440956,0.0102139258951656,0.0102460269026933,0.00997726633966896,0.0100336138528824,0.00986662031372246,0.00980446729914758,0.00960059175133877,0.00964054726070833,0.00920889115948498,0.00875196405233557,0.00879089506146489,0.00863585402510777,0.00845588348290468,0.00834831095767892,0.00826566793829913,0.00815741241291321,0.00790231185309213,0.00741738173937602,0.00747611975315008,0.00724833919973554,0.00698572563815266,0.00697548063575021,0.00659641554685945,0.00648850152155361,0.00624364596413498,0.0062450119644553,0.0062900899750261,0.0061159249341844,0.00619617745300361,0.00611421743378399,0.00603396491496477,0.00608518992697704,0.00615178244259298,0.00611250993338358,0.00580891636219089,0.00570066083680497,0.00564499632375164,0.0052129987224482,0.00534447625327968,0.0053140827461524,0.00533013324991625,0.00528027423822431,0.00526968773574177,0.00523075672661245,0.00523485472757343,0.00515630970915463,0.00517167721275831,0.00509552269490007,0.00500400067343816,0.00511772020010539,0.0051006451961013,0.00506103118681181,0.00504054118200691,0.00498146166815276,0.00504361468272764,0.00500809867439914,0.00494355515926369,0.00480080812578951,0.00484110513523915,0.00479841762522893,0.00464405958903197,0.00468401509840154,0.00460683608030306,0.00454673206620867,0.00447672454979191,0.00455253756757006,0.00435071102024173,0.00428548450494612,0.00432236651359495,0.0043756405260877,0.00418849848220289,0.00422572199093181,0.00421411098820903,0.00407102245465477,0.0040628264527328,0.0040423364479279,0.00404131194768765,0.00399076993583555,0.00403653094656651,0.00397096293119081,0.00400306393871849,0.00387056190764677,0.0039112004171765,0.00379474888986861,0.00389071041237159,0.00384973040276178,0.00376094038194052,0.00371381337088924,0.00370800786952785,0.0036489283556737,0.00363321935198994,0.0035065228222796,0.00349047231851576,0.00350413232171903,0.00351437732412148,0.00349866832043772,0.00346588431274987,0.00347339731451167,0.00348125181635355,0.00340441429833515,0.00329615877294923,0.00328215726966588,0.00316673024259824,0.00312984823394941,0.00307554972121641,0.0030813552225778,0.00295090219198656,0.00297992969879351,0.00297070919663131,0.00295056069190648,0.00288738317709135,0.00292426518574019,0.00283547516491893,0.00288499267653078,0.00282830366323721,0.00272892713993341,0.00274634364401758,0.00268589812984311,0.00262169611478774,0.00268999613080409,0.00265584612279592,0.00262647711590888,0.00262545261566864
"10","MM-0010-01","Vaginal",3.84,"Ontime",2,-0.95,4.5,6.23083705103019,3.45272720572556,3.91475584967165,6.35936303316387,4.49729300866279,0.0233357214175114,0.022746599721969,0.0169603592388892,0.0147456690350351,0.0139865481268163,0.0133273115486262,0.0131126581648781,0.0127182129870781,0.0123558874761893,0.0120182392703665,0.0119837693839252,0.0119872947132203,0.0119081706557073,0.010713475727912,0.0106754805121755,0.0106124162881181,0.0103041458264214,0.0100710823896875,0.0102050449029026,0.00994926267737792,0.00985956263197952,0.00982156741624307,0.0098619128515096,0.00960965595528002,0.00955207557679284,0.00916428935432811,0.00882076559968006,0.00880118043692931,0.00880509746947946,0.00842945404792019,0.00832996142114641,0.00821793429021216,0.00824770373759329,0.00794922585727195,0.00737498888542014,0.00751952738652063,0.00732759279156334,0.00694411530490377,0.00685167333672026,0.00657826446471988,0.00650070722022693,0.00631268965781979,0.00625824290537272,0.00622377301893141,0.00621319703104601,0.00612310528239259,0.00615875027859894,0.00619361186829526,0.00624923373050738,0.00604868166393976,0.00608550176991116,0.00592137810605992,0.00567107972610542,0.00563034258758387,0.00536633459370384,0.00544585035447186,0.00533930706910781,0.00522336290562341,0.00518771790941706,0.00531384635753185,0.00526331663763493,0.00522297120236839,0.00508509165660316,0.00508469995334814,0.00511799473002441,0.0050756907784828,0.00510271830307883,0.00508940039240832,0.0050572807254971,0.00503338682694119,0.00497384793217893,0.00502868638788101,0.00498442392006433,0.00493898634248261,0.00476977053631618,0.00480619893903256,0.00470788142202383,0.00466910279977736,0.0046730198323275,0.00465891851514697,0.00450497913592612,0.00445758304206932,0.00444974897696902,0.0044070533221724,0.00431617816700895,0.00426799866664212,0.00430051003680835,0.00420806806862484,0.00413286104366199,0.00422099427604033,0.00404707803081373,0.00409486582792554,0.00412698549483676,0.00406313786426934,0.00394288496497977,0.00401417495739248,0.00398871424581651,0.00395032732682505,0.00397343781887093,0.00394445177799983,0.00377092723602824,0.00388334607021751,0.00377562767508842,0.00377797789461851,0.00375721762210272,0.00370120405663559,0.00370198746314562,0.00361659615355238,0.00358016775083599,0.00355431533600501,0.00345364759946619,0.00349477644124275,0.0034646152906066,0.00348420045335735,0.00342426985534007,0.00343680435950055,0.00332360211880125,0.00328952393561495,0.00328247327702468,0.00315086098333969,0.00312892560105885,0.00317553828840562,0.00307917928767196,0.0029589263883824,0.00301415654733949,0.00300710588874922,0.00298321199019332,0.00284924947697823,0.00290526304244536,0.00281752151332202,0.00284180711513295,0.00275994113483484,0.00275289047624457,0.00278736036268588,0.00273330531349382,0.00266867427641637,0.00263772971927019,0.00268708432940207,0.00265653147551091,0.00262088647930455
"11","MM-0011-01","Vaginal",2.78,"Ontime",0,-1.32,5.6,6.9122187163038,3.82313791929853,3.84478735007906,5.01694196751994,4.46237957184102,0.0233322706942291,0.0226926847710467,0.0171959303592254,0.0148378327288572,0.0139315190506094,0.0133608177728793,0.0131289328326648,0.0127472638378039,0.012413253405785,0.0121469261428443,0.0119626997654718,0.0119867292929552,0.0117612522267362,0.010661901344372,0.0106262575452716,0.0105709896320599,0.0103871637468121,0.0102177555780543,0.0102373796921657,0.00989575990977713,0.00972474977252047,0.00990937664201771,0.00983969101231593,0.00975278422125107,0.00947003678119674,0.00919850312063464,0.00885608235399659,0.00888491778697664,0.00873633520870446,0.00838910853656974,0.00841514052467672,0.00824292891104589,0.00822290430480975,0.00803347152981584,0.0073862762562637,0.00741230824437068,0.00723328826461956,0.00700901267477476,0.00691729997821323,0.00658449102256853,0.00646354240090223,0.00622364761819324,0.00621844122057184,0.00618359840572095,0.00612913147675864,0.00611992015789002,0.00616637724435787,0.00617278511835343,0.00608828128003691,0.00607706750054467,0.00605423944943547,0.00581354368247703,0.00574986543464609,0.00565735175383511,0.00534777134142434,0.00531933640056902,0.00536899742403465,0.00539583039639109,0.00526446897948199,0.00523002665675582,0.00522562124338387,0.00508624998398031,0.00505661356675082,0.00507583718873752,0.00509586179497366,0.00512669968857732,0.00514992823181125,0.00512309525945482,0.00503098207076856,0.00496650283868818,0.00499173384254572,0.00502177075189993,0.00499293531891989,0.00488360096887055,0.00472060067410834,0.00487959604762332,0.0047093868946161,0.0046689371900191,0.0046829544143844,0.00469977508362276,0.00449992951338605,0.00445507439541709,0.00451594919837496,0.00438418728934114,0.00435695382485999,0.00429287508490433,0.00426323866767484,0.00421918453395532,0.00418314024273027,0.00414108856963437,0.00406739801868536,0.00406179112893924,0.00405097784157172,0.00394845185764267,0.00404256750695254,0.00406259211318869,0.00403335618808392,0.00404937587307283,0.0039280267592818,0.00380067026361994,0.0038963878814287,0.00382389880685386,0.00379025746837714,0.00378865549987825,0.00371456445680452,0.00373779300003845,0.00360763305950352,0.00359641928001128,0.00361203847287547,0.00358039959502236,0.00345704802060772,0.00354836022504453,0.00347186622922247,0.00348668443783721,0.00339417075702623,0.00339096682002845,0.00336893975316869,0.00331887823757834,0.00330085609196581,0.00317790500967589,0.00309540363198298,0.00311422676184496,0.003109821348473,0.00303012341565315,0.00305775737225903,0.00300128798267311,0.00294201514821413,0.00291958758922965,0.00287353099488652,0.00287753591613375,0.00283668571941201,0.00280384536518474,0.00272855284573684,0.00275979123146522,0.00269851593638263,0.00267088197977675,0.00269330953876123,0.00264124556254726,0.00263964359404837,0.00268249625139371
"12","MM-0012-01","Vaginal",3.06,"Ontime",3,1.41,6,7.57333665278011,3.58700487235718,0.871843648509318,5.78264445144459,4.61712213221935,0.023400962402604,0.0227283396508296,0.0170285096655251,0.0148499029748253,0.0139526970820341,0.013374714717444,0.0130243199506067,0.0126532695437094,0.0123314171158642,0.0120159491585831,0.0119348288267108,0.0121350007567475,0.0118585907370345,0.0107056304645904,0.0106815948107023,0.0107127660493384,0.0102756175942489,0.0102234151584607,0.0101306525567363,0.00987039149197941,0.0098110534714432,0.00986025145049538,0.00996503187916375,0.00980692234343119,0.00963416608111057,0.00929428691284935,0.00883723393188371,0.00875611360001142,0.00876212251348344,0.00854542607139866,0.00833849411370592,0.00832234515874986,0.00815860226663727,0.00787843667600427,0.00740110361207055,0.0073853302142065,0.00734401893408635,0.00700639310837714,0.00685842361412861,0.00653995120011147,0.00647610649447124,0.00622898992793435,0.00625227446763843,0.00621246541588629,0.006132096198198,0.00613735399748602,0.00605548255142973,0.00609078491807785,0.0060765137485818,0.00609040936098585,0.00610806054430992,0.00587258624762507,0.00562058743889217,0.00558791397188805,0.00524765924653483,0.00536783751597526,0.00537422198653928,0.00520822575187469,0.00529347721175899,0.0053787286716433,0.005294603883035,0.00527582602843493,0.00513874768985444,0.00503734727501407,0.00512447652035839,0.00508203856896223,0.00503021169026605,0.00497312701228184,0.00505875402925815,0.00504936510195812,0.00510832756540233,0.00497200034100584,0.00497725814029386,0.0049889004101459,0.00474215940070102,0.00486797102652147,0.00475567945601306,0.00467117911031276,0.00469709254966085,0.00466629686811674,0.00454611859867631,0.00439176463386376,0.00444321595546794,0.00428360419136737,0.00434068886935157,0.00424567292507523,0.00424679959635124,0.00421525280062312,0.00413300579747483,0.00414840363824688,0.00411760795670277,0.00414915475243089,0.00408643671806666,0.00409019228898668,0.00402221645533443,0.00401808532732242,0.00397865183266228,0.00394710503693416,0.00392382049723008,0.00387574918945391,0.00385960023449785,0.00385246464974982,0.00378298658772957,0.00377547544588955,0.00371501075407733,0.00371163074024932,0.00363689487894105,0.00364665936333308,0.00352723220807666,0.00358131242932485,0.00352610553680065,0.00351934550914463,0.00348930094178452,0.00343597183472033,0.00343672294890433,0.00339578722587618,0.00336123597341206,0.00338226717056414,0.00332743583513194,0.00320124865221949,0.00322453319192357,0.00316857518521537,0.00311674830651918,0.00300783674983879,0.00299732115126275,0.00300671007856279,0.0029537565285906,0.00294061203037055,0.00289216516550238,0.00290117853571041,0.00283470493042617,0.00272166224573377,0.00276522686840592,0.00273443118686181,0.0027040110624097,0.0026476774986095,0.00261688181706539,0.00268673543617764,0.00269199323546566,0.00264016635676947
"13","MM-0013-01","Vaginal",3.35,"Ontime",3,0.4,5,7.72696060702773,3.16075887605024,5.40667271575583,5.3394581065642,4.48188013962029,0.0233767532564942,0.0229175638877141,0.0169885980885186,0.0149166117036243,0.0140950712148482,0.0133844545383157,0.0130513309624982,0.0127245458902375,0.0123371928951009,0.0119899837558239,0.0120361139761538,0.0119804760004888,0.0118558187638721,0.0108060921470519,0.0106388260809702,0.0105687504027591,0.010410639952926,0.0102060471436766,0.0101669597050765,0.00992468801357285,0.00989088266127002,0.00989405191304841,0.00987257142877265,0.00980812997594538,0.0096109320875122,0.00921724058881881,0.008763333306336,0.00873551431850346,0.00875347341191434,0.0084309140086915,0.00832773725635056,0.00825625302179354,0.00809779043287401,0.00783403825709463,0.00739316012081188,0.00736921466293071,0.00725899512886002,0.00696777610433459,0.00694770417640478,0.00659943861986832,0.00639590222787836,0.00632547441058079,0.00624589097703454,0.00618673161050459,0.00613461502570439,0.00612475513128273,0.00617370246430454,0.00618708374959108,0.00617405460339103,0.00618461877598566,0.00606770859927171,0.00583811391488164,0.00576064331585432,0.0056775384914432,0.00537716385066908,0.00535955689634469,0.00531694806687966,0.00526060581304161,0.00525109805770644,0.00529124191356605,0.00519123441300351,0.00519792505564678,0.00519546008204136,0.00513277932464653,0.0050384060494678,0.00509545258147882,0.00509967825051668,0.00507714134898146,0.00502537690326775,0.00504333599667862,0.00503065898956506,0.00500424855807848,0.00494156780068364,0.00489614185852671,0.00481761484223993,0.00478838729806144,0.00479296510618578,0.0046911969101908,0.00468063273759616,0.00465985653149338,0.0044686450075305,0.00439504793845454,0.0045147752278604,0.00430771744500556,0.00432743723384888,0.00422602117694038,0.00428940621250819,0.00417284817488072,0.00415559335964282,0.00421087919622141,0.00410065966215072,0.00404361313013969,0.00412530939820487,0.00405699441542623,0.00403375323571803,0.00405699441542623,0.00401368130778823,0.00392282942347437,0.00394536632500959,0.00381683555844153,0.00383127326098753,0.0038235262010848,0.00377176175537109,0.00376542325181431,0.00375943688734402,0.00369605185177621,0.00363970959793816,0.00363055398168947,0.00361435558371103,0.00354216707098103,0.00350695316233225,0.00348652909531595,0.00347702133998078,0.00345025876940771,0.00339673362826156,0.003427369728786,0.00331820661197477,0.00331644591654233,0.00332419297644506,0.00310304963013071,0.00309530257022798,0.00308931620575769,0.00307135711234681,0.00299670362601139,0.00294071351125982,0.00295444693563285,0.00295233410111392,0.00297451886356265,0.00289775254270831,0.00288296270107582,0.0028660600249244,0.00280866135382689,0.00271217524412923,0.00277344744517811,0.00270478032331298,0.00266815785831825,0.002660762937502,0.00265583299029117,0.00269492042889132,0.00261674555169102
"14","MM-0014-01","Vaginal",3.07,"Ontime",4,-0.73,4.2,8.94987338972215,4.36239975116586,3.55593882799576,5.31802755016881,4.15153414134792,0.0232423238559363,0.0227180326073565,0.017046652338777,0.0148964422116056,0.0140785204856881,0.0133930404785698,0.0130973566412506,0.0125932567658211,0.0124570505537227,0.0120087336244541,0.0120371384375299,0.0120542497707081,0.0118201667328305,0.0107640552490726,0.010635035796909,0.0104752159450247,0.0103937659990965,0.0102308661072401,0.0100713884820194,0.00986981697718033,0.00989890624358325,0.00982874977755267,0.00988350604372288,0.00973018849844629,0.00954538610012183,0.00923635542292371,0.00872849105419501,0.008806176506824,0.00876545153385991,0.0085224706027296,0.0082746984983094,0.00830857893800222,0.00823739579198094,0.00790475147499692,0.00746841247895306,0.00742084297271769,0.00727676554735733,0.00700743316313261,0.00689518281748368,0.0066159258600156,0.00648245746122572,0.00626480130319913,0.00622031183693584,0.00617548014400898,0.0061535776375409,0.00609095015810872,0.00607144323828558,0.00615836881083079,0.00612859509110074,0.00604611846518186,0.00607452327825766,0.00585960493353958,0.00572442540143188,0.0055861658293521,0.00541813253754227,0.00539486112441993,0.00537022080464333,0.00524804588575105,0.00533018028500637,0.00524838811241461,0.0052665261255835,0.00514503566001834,0.00519739633954361,0.00516385812651435,0.00512997768682154,0.0051227909268867,0.0051067062736992,0.00510123064708218,0.00510020396709148,0.00500746054126569,0.00498761139477899,0.00494038411520718,0.00499582483470452,0.00490581922218724,0.00482265814294123,0.00485551190264336,0.00475079054359283,0.00465804711776704,0.0047463415969665,0.00462382445141066,0.00452936989226705,0.0043585987871487,0.00445031553298381,0.00437536789366333,0.00433156288072716,0.0042148635884519,0.00423847722823781,0.00419569889529233,0.00420528124187212,0.00410295546946654,0.00409029308291468,0.00404683029664207,0.00410466660278436,0.00407899960301707,0.00401021204364074,0.00400644755034154,0.00406086158984819,0.00396366921739607,0.00392431315108623,0.00384080984517666,0.00379734705890405,0.00379495147225911,0.00387400583154235,0.00381069389878304,0.00371144816634954,0.00366901206006762,0.00364505619361816,0.00362623372712215,0.00361596692721523,0.00358550875415805,0.00353109471465141,0.00352322350138944,0.00348352520841604,0.00343937796881631,0.00345375148868599,0.00339659963587083,0.00337640826272056,0.00329256273014743,0.00328469151688546,0.00311939603838414,0.00310433806518734,0.0031170004517392,0.0030762754787751,0.00301159463936154,0.00302939042586686,0.00303007487919399,0.00291850898687219,0.00292740688012484,0.00291748230688149,0.00285143256081368,0.00285827709408495,0.00280454750790544,0.00272207088198656,0.00276245362828709,0.00273096877523922,0.00267142133577911,0.00263069636281502,0.00271830638868736,0.00263856757607699,0.00262042956290811
"15","MM-0015-01","Vaginal",2.93,"Ontime",8,2.78,5.8,6.85146172288607,3.29219277390189,5.44261180368934,6.03172601123083,4.39951292418296,0.0233825395601975,0.0227962597708034,0.0170669753059121,0.0148103035303562,0.0141524234793263,0.0134044113342372,0.0131100079055112,0.0126045942939646,0.0123944264671631,0.0120233686406859,0.0119568225151656,0.0120894935881966,0.0118746928032892,0.0107130838527511,0.0107320368631841,0.010559353879239,0.0103192824137543,0.0101428088277226,0.0101360699795687,0.00986567369739118,0.00983829712676574,0.00989136555597814,0.00981934411633274,0.00977385689129353,0.00966435060879175,0.00914840754700452,0.00870785534893966,0.00888811953705798,0.00882325812357616,0.00848168275777252,0.00843872260079106,0.00825635252262463,0.0082424536483071,0.00802765286339976,0.0073672457443121,0.00739462231493754,0.00727121715811823,0.0070092444361332,0.00678517773501417,0.0066322901175213,0.00649793433245181,0.00625322990886129,0.0062250109822166,0.0061871049613506,0.0061037117154454,0.00617615433310042,0.00611087174160898,0.00604179854803093,0.00618752613936022,0.00606622687258902,0.00604769504016564,0.0058556378677779,0.00573602331304519,0.00562398996248567,0.00537802200486629,0.00535022425623122,0.00541929744980927,0.00524577210984491,0.00527483339250884,0.00526935807838375,0.0051451105655452,0.00515311294772802,0.00514805881161255,0.00510257158657335,0.00510931043472731,0.00510551983264071,0.00513079051321804,0.00506466556570735,0.00512742108914106,0.00499222294805233,0.00504571255527435,0.0050259171888221,0.00504613373328397,0.00499475001611006,0.00479763870760685,0.00482712116828041,0.00467507590680678,0.00466328292253736,0.00470624307951883,0.00466665234661434,0.00459336737294007,0.00445816923185133,0.00437730305400387,0.0042888556719832,0.00432002284469524,0.00434908412735918,0.00429390980809866,0.00420462007005875,0.00413428334245184,0.00421093774020308,0.00408079373522981,0.00403067355208477,0.00411827857808619,0.00403909711227721,0.00406815839494115,0.00399866402335348,0.00397886865690123,0.00393338143186203,0.00391653431147714,0.00382513868338912,0.00384788229590872,0.0038398799137259,0.0038019738928599,0.00381460923314856,0.00370131234856018,0.00363518740104949,0.00366593339575191,0.00361286496653951,0.00352525994053809,0.00352610229655733,0.00350167397199924,0.00355347886718278,0.00346166206108513,0.00348651156365284,0.00342291368419989,0.00338416530731464,0.00339132533347822,0.00333615101421771,0.00333320276815035,0.0032186423495331,0.00306870297810759,0.00306828180009797,0.0031352491036279,0.00299710271647181,0.00297435910395221,0.00301647690491443,0.00301605572690481,0.0029343471930381,0.00284632098902705,0.00280041258597823,0.0028113632142284,0.00278272310957409,0.00277640543942976,0.00271701934007302,0.0027241793662366,0.00266689915692798,0.0025915082932056,0.00259951067538842,0.00262225428790802,0.00267068975901458
"16","MM-0016-01","Vaginal",3.69,"Early",8,-0.03,5.6,7.37891039008466,3.36890800303177,2.4494293141032,4.47177274540788,4.23273749384733,0.0233131933033548,0.0226955429767676,0.0170508037494664,0.0147965627942062,0.0139314868634181,0.0134421177585068,0.0130514265164229,0.0127228657805638,0.012371280210045,0.0120291969522428,0.01207086093877,0.0120090959061113,0.0118731397395489,0.0107606382045599,0.0107058171696558,0.0106312605621861,0.0103896825350416,0.0101148464133886,0.0101290998824637,0.009831969873283,0.00995440351790236,0.00978518925683143,0.00990433363935653,0.00968504949973978,0.00954361122968698,0.00916863535094234,0.00879621778715989,0.00884299840361146,0.00878123337095275,0.00840443012437796,0.00843878463958459,0.00819684113887411,0.00810364537953699,0.00782990567858208,0.00748380221155364,0.00736977445895293,0.00732409026319944,0.00689977545304103,0.00690123734730514,0.00640638613890335,0.00649409979475004,0.00630990111747198,0.00627810491722755,0.00630551543467964,0.00615749864043833,0.00612935717585418,0.00615749864043833,0.00614178327709913,0.00605370414768641,0.00607892182374233,0.00605370414768641,0.00587242925893656,0.00571637204624264,0.00561001923852852,0.0053702685792142,0.00537575068270462,0.00536588289642187,0.00529315365678231,0.00519301389969066,0.00526647408646227,0.00525550987948144,0.00523760167474607,0.00512978697276783,0.0051071276116741,0.00514440591540895,0.00511480255656069,0.0050219722707896,0.00513015244633386,0.0050979907725234,0.0050468244732795,0.00505559583886417,0.00493827882416921,0.00496495839448924,0.00488601610422721,0.0046934115349305,0.00479208939775804,0.00488820894562338,0.00467659975089322,0.00464151428855454,0.00460496693195175,0.00451104022548257,0.00445183350778605,0.0044576810848425,0.00437362216465607,0.00433013081029875,0.00432318681254422,0.00425155399360275,0.00413789171456807,0.00413387150534176,0.00417919022752922,0.00409184204524855,0.00404396500809889,0.00404871616445726,0.00402898059189175,0.0040662588956266,0.00407101005198496,0.0039222623106116,0.00400157007443966,0.00390471957944226,0.00384295454678354,0.00382943202484051,0.00384734022957588,0.00376620509791768,0.00382248802708598,0.00378009309342674,0.00366679628795808,0.00370334364456088,0.00366277607873178,0.00359223968048839,0.00351439381092444,0.00354582453760284,0.00351549023162253,0.00343033489073802,0.00337478290870178,0.00344531930694517,0.0034588418288882,0.00340073153188976,0.00326696820672354,0.00334773786481571,0.0031774271830467,0.00309665752495454,0.00315001666559461,0.00310981457333154,0.00293329084094006,0.00303489249229582,0.00297787861599546,0.00295192999280748,0.0029351182087702,0.00283972960803691,0.00291501716263866,0.00287116033471531,0.00285288665641391,0.00273264585319073,0.00277394436615188,0.00272679827613428,0.00267526650332435,0.00268586523673916,0.00270560080930466,0.00262629304547661,0.00260107536942068
"17","MM-0017-01","Vaginal",4.06,"Late",4,-2.38,4.6,7.3265013953634,3.93234469203627,3.64904056563445,4.83243435430701,3.68706068833989,0.0234442776582029,0.0229708499579039,0.0169980742675541,0.0148541019973131,0.0139914881542084,0.0131830647866841,0.0128805834048073,0.0125086396860499,0.0124106041893179,0.0121199461839313,0.0121411297334765,0.0119204267056575,0.0117179513832612,0.0106183773696633,0.0108233158954951,0.0104695998821603,0.0103779687143605,0.0101533245610448,0.0101444570286771,0.00989025443413566,0.0100572596270611,0.00986069599290991,0.00995873148964198,0.00982029945656806,0.00954146482767182,0.00929415920274972,0.00871333583266375,0.00874634275869917,0.00889807609032468,0.00847588302148357,0.00830789254718389,0.0082251289117518,0.0082477903833582,0.00804285185752634,0.00741030121529531,0.00745808736194361,0.00721570814389246,0.00690189602621243,0.00686642589674153,0.006503842351039,0.00650926139859706,0.00627328650947816,0.00629299213696199,0.00620776529809442,0.00619939040641379,0.00615357482251388,0.00609495058074947,0.00607228910914307,0.006174758372059,0.00597770209722067,0.00592942330988528,0.0058210423587242,0.00579443976162102,0.00554417829257635,0.00532741639025419,0.00538604063201859,0.0053259384681929,0.00529884323040263,0.00521066054741248,0.00532741639025419,0.00527963024360589,0.0052195280797802,0.00515745535320613,0.00507715492120951,0.00514316877328035,0.00507124323296436,0.00502148652356768,0.00508011076533209,0.00507272115502565,0.00502986141524831,0.00501360427257415,0.00494167873225816,0.0050544934496031,0.00491753933859047,0.00483920946934223,0.00474117397261016,0.00479240860406813,0.00468550557496834,0.00463771942832004,0.00465102072687163,0.00450667700555255,0.00450421380211707,0.00447022159470746,0.00428794454048201,0.00435100254843027,0.0042066588271112,0.00428646661842072,0.00428843718116911,0.00419385016924671,0.00415197571084356,0.0040647783092276,0.00406231510579212,0.00408152809258886,0.00408054281121467,0.00404901380724054,0.0040066467081503,0.00401403631845673,0.00390319216386017,0.00394408134088913,0.00398102939242131,0.00380959043331197,0.0037824951955217,0.00373372376749921,0.00376574541216044,0.00368002593260577,0.00371549606207667,0.00367214368161224,0.00362731337908652,0.00354356446228023,0.00357213762213178,0.00350169000387708,0.00349380775288355,0.00344158784005139,0.00337655926935474,0.00340759563264178,0.00334010385850965,0.00328985450842588,0.00330660429178714,0.00328197225743235,0.00316373849252935,0.00310363632870366,0.00316718697733902,0.00313664325473908,0.00295682940394911,0.00298441728242647,0.0030159462864006,0.00301299044227803,0.00295288827845234,0.00291446230485887,0.00284401468660416,0.00287603633126539,0.00281150040125584,0.00276469953598174,0.00275041295605596,0.00272331771826569,0.00276469953598174,0.00266764932062386,0.00266863460199805,0.0027336631726947,0.00256123893221116
"18","MM-0018-01","C-Section",2.42,"Ontime",0,-2.09,5.8,7.38457655687056,1.89141918684608,3.85429493045532,5.57730796893868,4.80658184262093,0.0233861193930434,0.0226668236242369,0.0170544733535898,0.014738232057299,0.014123667763275,0.0134014395131746,0.0130298522406461,0.0125686148257038,0.0124680726099125,0.0120696740798397,0.0120868500417041,0.0119075497568764,0.0119808617892241,0.0106340150235206,0.0107022999450788,0.0106679480213501,0.0104115653710825,0.0101840886078548,0.0101421960179418,0.00992728703168797,0.00988204303458191,0.00989377295975756,0.00984266400006368,0.0097194997857194,0.00957957853540992,0.00912839534204671,0.00878236254936518,0.00865794155732352,0.00864286022495483,0.00843214049769235,0.00827211080422462,0.00829724635817243,0.00818874455029771,0.00791895627125787,0.00737351475059037,0.0073739336764895,0.00730229734773824,0.00699899499676799,0.00694579140757845,0.00659556935590562,0.00652100054586045,0.00630315907831275,0.00633792992794056,0.0062704828581806,0.00622230637978062,0.00603504650286943,0.00613265623736677,0.00609579075824331,0.00603839791006247,0.00593953139786775,0.00603588435466769,0.00582474570150608,0.00569529759867485,0.00568859478428877,0.00542173898654284,0.00533166991822985,0.00525123614559686,0.00520347859309602,0.00527218244055337,0.00526170929307511,0.0052281952211447,0.00521939777726296,0.0051963568528108,0.00512262589456389,0.00507821974925609,0.00515488318879692,0.00507528726796218,0.00515278855930127,0.00514147756002475,0.00504177319603177,0.00504386782552742,0.00497893431116224,0.00493033890686314,0.00495966371980225,0.00483063454287015,0.0048243506543832,0.00483147239466841,0.00467563196019199,0.0047091460321224,0.00464211788826157,0.00450135878615383,0.00443181708689822,0.00446281760343385,0.00445862834444255,0.00436143753584435,0.00431828816823394,0.00426801706033832,0.0042386922473992,0.00420308354597314,0.00425754391286006,0.0040929060345019,0.00406693262875583,0.00401917507625499,0.00396597148706545,0.00403551318632106,0.00398524207842544,0.00392952493384113,0.00395759296908285,0.00394209271081503,0.00389475408421332,0.00383652338423423,0.00385034793890552,0.00380342823820294,0.00371503487348647,0.00369911568931953,0.00370665635550387,0.00357678932677351,0.00366853409868302,0.00353741029225528,0.0035876814001509,0.003485044554864,0.00351813970089529,0.0034892338138553,0.00343854378006055,0.00344943585343794,0.00343896270595968,0.00336774530310755,0.00329987930744846,0.00327935193839108,0.00319556675856504,0.00309837594996684,0.00316414731613028,0.00316121483483637,0.00300369869676342,0.00295887362555649,0.00311555191183118,0.00298065777231126,0.0029312245162139,0.0029228459982313,0.00288179126011654,0.00279214111770268,0.00285372322487481,0.00275150530548705,0.00276281630476356,0.00269034212421404,0.00265431449688885,0.00266143623717406,0.00269788279039839,0.00267819327313927,0.00262876001704191
"19","MM-0019-01","Vaginal",3.27,"Late",2,-0.68,5.8,8.25370568980906,2.45206823022381,2.0232553523003,5.7198953011051,4.26115467261557,0.02343713706611,0.0228828524973033,0.0171898217825563,0.0147073142017125,0.0140703005927854,0.0132232824973988,0.0129820955265862,0.0128987301092342,0.0123323543730252,0.0120816217437373,0.0120943492883712,0.0121185316231756,0.0119187091724232,0.0106943193786413,0.0107089560549703,0.0106230451286914,0.0103907674391226,0.0100668514281896,0.0101145797205668,0.00981357328997483,0.00992175741936305,0.00979257284132888,0.00989821146179032,0.00969711625657457,0.00943174695095759,0.00919756012969368,0.00870182226620296,0.00869800400281279,0.00858472885557101,0.00833081434012454,0.00845808978646362,0.0082385396415287,0.00822963036028497,0.00789998695426675,0.0073113380149485,0.00745515926931166,0.00732915657743597,0.00701733173390522,0.00685187365366442,0.00664123278997324,0.00656741303109657,0.00619576872778646,0.00628931618084568,0.00624858803801718,0.00607422067653264,0.00622376932598106,0.00611431244212945,0.00610858504704419,0.00613340375908031,0.00610031214303215,0.00609394837071519,0.0058572160405245,0.00571594029508812,0.00559311948937091,0.00542638865466671,0.00533984135115614,0.00535129614132666,0.00524056650301166,0.00529529494493746,0.00516929225306177,0.00515783746289125,0.00519602009679298,0.00508401770401459,0.00519792922848806,0.00502037998084505,0.00511138192497749,0.00515274644503769,0.00503501665717404,0.00505347159689321,0.00502101635807674,0.00503438027994234,0.0049440147130416,0.0049707425567728,0.00486255842738458,0.00484219435597033,0.00472319181364329,0.00480273896760522,0.00461564406148677,0.00460991666640151,0.00466528148555901,0.00446991367542852,0.00444700409508749,0.00443809481384375,0.0043617295460403,0.00436427505496708,0.00426118194343243,0.0042923644277855,0.00425800005727395,0.00425863643450565,0.00413263374262996,0.00418545305286067,0.00405626847482651,0.00414472491003217,0.00402826787663191,0.00401108569137613,0.0039181746155486,0.00405881398375329,0.00405117745697294,0.0039608118900722,0.00387999198164688,0.00385771877853754,0.00380362671384343,0.00389717416690266,0.0037947174325997,0.00371389752417438,0.00364325965145619,0.00363307761574906,0.00364389602868789,0.00357580366489648,0.0035172569595805,0.00352934812698271,0.00348671085245912,0.00348161983460556,0.00342625501544806,0.00336325366951021,0.00348289258906895,0.00337152657352225,0.00338361774092447,0.00333207118515714,0.00316852223661142,0.00315834020090429,0.00315197642858734,0.00306670187954015,0.00303170113179691,0.00299351849789518,0.00296933616309076,0.00292860802026225,0.00290697119438461,0.0028522427524588,0.00289551640421409,0.00282296939980081,0.00278733227482587,0.00277651386188705,0.00281215098686199,0.00276124080832636,0.00275105877261923,0.00260469200932929,0.0026307834758288,0.00269696670792512,0.00262123781735337
"20","MM-0020-01","Vaginal",3.6,"Ontime",8,1.08,5.6,5.15987133677839,3.5935928058646,4.27560307933685,6.33908392437964,6.06858483104465,0.0234525758687782,0.0227146490802581,0.0170002514175341,0.014700851227937,0.013832680724039,0.0133820882602523,0.013046502085532,0.0126038911307658,0.0124649403146383,0.0120266829102468,0.0121289913440535,0.0120872698196288,0.0119138533963679,0.0106186721598798,0.0107608881387883,0.0105218056640416,0.0104151436798602,0.0101662657167703,0.0101452235566257,0.00980528383153066,0.0099006991439106,0.0098687731078291,0.00981544211573841,0.00967068656577797,0.00967866807479835,0.00905248241256348,0.00871290548333298,0.00867190955063741,0.00880868359157748,0.0084262967503286,0.00826739216165023,0.00827102012029585,0.00818612588798823,0.00793108039520079,0.00747468319758117,0.00742316618481329,0.00740901714609535,0.00689094465150011,0.00690255411916611,0.00662175011999473,0.00643962659598436,0.00633332740766755,0.00626693576445261,0.00626693576445261,0.00621360477236192,0.00612399419381498,0.0061780507776348,0.00611311031787811,0.00608299826111942,0.00605977932578742,0.00606050491751655,0.00590196312470273,0.00572419315106711,0.00557580964246105,0.00550542724473592,0.00534978781883861,0.00527940542111349,0.00519052043429567,0.00537082997898324,0.00525546089405236,0.0052434886305218,0.00509038877567642,0.00507587694109392,0.00510344942680067,0.0050345182125338,0.00520140431023255,0.0050054945433688,0.00502907627456536,0.0050751513493648,0.0050635418816988,0.00495180075541355,0.00500186658472317,0.00496304742721499,0.00492676784075874,0.0047704028231323,0.00479180777914149,0.00477294239418424,0.00460750747994374,0.00464451265812911,0.00467680149007518,0.0045672371389773,0.00447581258110755,0.00442030481382949,0.00435862951685386,0.00435500155820824,0.00430493572889861,0.00437713210594655,0.00422004149659099,0.0041841247059993,0.00413950081465811,0.00409016057707761,0.00412172381729455,0.0040244945255918,0.00408399304738005,0.00401687581243599,0.00409052337294218,0.00407818831354705,0.00400054999853068,0.00394286545606524,0.00386812950796536,0.00388010177149593,0.00381080776136449,0.00378287247979318,0.00378468645911599,0.00366968017004968,0.00373607181326462,0.00370196900199574,0.00362904703321868,0.00358115797909643,0.00358478593774205,0.0035456039843693,0.00353907365880718,0.0035165803152043,0.00344910028439568,0.00344293275469812,0.00341028112688749,0.00336094088930699,0.00331450301864299,0.00337835509080599,0.00309537431644724,0.00308775560329143,0.00310843496757149,0.00305982032172012,0.00297238651836055,0.00294408844092468,0.00299306588264062,0.00291687875108249,0.00293465574844605,0.00290744605860387,0.00291143681311405,0.00282835656012924,0.00284722194508649,0.00277429997630943,0.00276414169210168,0.00270246639512606,0.00266546121694068,0.00266147046243049,0.00271552704625031,0.00262120012146406,0.00265203776995187
"21","MM-0021-01","Vaginal",2.56,"Late",0,-0.78,5.8,5.57537284514985,2.69510298564048,3.04036644350822,6.05536921154049,2.82252621903883,0.0231871689898413,0.0226308754626301,0.0169500638669087,0.0147372977921282,0.0139080275155049,0.0133882687552605,0.0130677278752689,0.0127623523702447,0.0122412149395487,0.0120854251785206,0.0119785782185234,0.012061298445618,0.0119613448378787,0.0108439324368759,0.0107322601302981,0.0107246774428145,0.010364844454953,0.010032584876123,0.0102469681313432,0.00997812739328574,0.00995193265470578,0.00988782447870747,0.00988093112644959,0.009667926541681,0.009667926541681,0.00923984936646646,0.00874904268570519,0.00886416166841183,0.00885313230479922,0.00856430084519392,0.00837335498765056,0.00826581869242758,0.00814242768701148,0.00784187752856778,0.00750892861451202,0.00743861642148162,0.00739174162612801,0.00693333370097879,0.00684578812730367,0.00662106484369668,0.00643011898615332,0.00618264764009532,0.0062191824070621,0.00617161827648271,0.00619023032757899,0.00619367700370793,0.00608476203803338,0.00617506495261165,0.00619988102074003,0.00619919168551424,0.00596895372010095,0.00583108667494329,0.00565117018101254,0.00567943292526986,0.00528857985224789,0.00537543609069721,0.00534234799985938,0.00524032638644271,0.00519069425018595,0.00523825838076534,0.00520310228425014,0.00510314867651083,0.00521068497173381,0.00519827693766962,0.00501215642670678,0.00508660463109191,0.00515967416502547,0.00508798330154349,0.00513830477302604,0.0050459338527704,0.00508936197199507,0.00493012553483797,0.00497493232451421,0.00488256140425858,0.00478812247832558,0.00472263563187569,0.00484533730206601,0.00469713022852152,0.00472952898413357,0.00456822454129911,0.00457856456968593,0.00434763726904685,0.00448688298465609,0.0043800360246589,0.00432833588272478,0.00414910872401982,0.00423527562724336,0.00422011025227601,0.0042090808886634,0.00412842866724617,0.00410568060479515,0.00405673780376418,0.00402571771860371,0.00409051522982781,0.00398573627550799,0.00404501910492578,0.00398642561073378,0.00390784139499391,0.00392093876428389,0.00391956009383231,0.00377135302028783,0.00377686770209413,0.00377962504299728,0.00379134374183569,0.00361487392403388,0.00370448750338636,0.00370448750338636,0.00362590328764649,0.00356179511164818,0.00352594967990719,0.0034901042481662,0.00345908416300572,0.00345494815165099,0.00338808263474953,0.00339083997565268,0.00345012280507047,0.00334396518029908,0.00327503165772024,0.00326469162933342,0.00320471946468984,0.00311028053875684,0.00316887403294884,0.00309235782288634,0.00296758814701866,0.00299929756740492,0.00299033620946967,0.00299102554469546,0.00286901320973093,0.00289520794831089,0.00288762526082722,0.00290279063579456,0.00276009824405638,0.00283316777798994,0.0028117983859905,0.00268496070444545,0.00262498853980187,0.0026291245511566,0.00265945530109129,0.0026884073805744,0.00262154186367293
"22","MM-0022-01","C-Section",3.41,"Late",3,-1.35,5.7,6.17040581965736,3.44281082813601,4.0800606801968,5.72669500449962,4.82868235131275,0.0232397363690576,0.0226171044502616,0.017023615462527,0.0148476242566661,0.0140301514874193,0.0133372051019318,0.0131713488408043,0.0127338962426847,0.0123640743529861,0.0120554421518589,0.0121203891020091,0.0120795959762949,0.0119185704800546,0.0107484518740416,0.0106754536490793,0.0108091048109588,0.0102702061502078,0.0102004284351703,0.0101435327598321,0.00992400133329111,0.00991487655517082,0.00992292782998284,0.00974311602584781,0.00977639462840415,0.00961214862223902,0.00919777634524725,0.00869376654201504,0.00875227247231569,0.00868893577712783,0.00853113079081231,0.00831857713577509,0.00829012929810596,0.00816882342427159,0.00788219804096381,0.00735510791660382,0.00741200359194207,0.00736047543314517,0.00692463308998803,0.006944492901191,0.00659023680946229,0.00641686602517687,0.00627623709179366,0.00617693803577879,0.00618069529735773,0.00612326287036535,0.00605294840367374,0.00610984407901199,0.00608461675126767,0.00608622700623008,0.00608891076450075,0.00600034674156857,0.00588762889420034,0.00570889059337359,0.00565038466307294,0.0053143781275848,0.0054174344451786,0.00532940717390056,0.00529612857134422,0.00525157818405107,0.00520595429344964,0.00532672341562989,0.00515013212141967,0.00513402957179563,0.00514530135653246,0.00507498688984085,0.00506854586999124,0.00515657314126928,0.00509538345269796,0.00502721599262289,0.00498749637021694,0.00507445013818671,0.00501433395292366,0.00495904853254782,0.00489034432081861,0.00479050851314961,0.00476903844698423,0.00485169820172093,0.0046375342917213,0.00462304199705967,0.00453501472578163,0.00450710363976664,0.00446201650081935,0.00445933274254868,0.00431494654758652,0.00433910037202257,0.00427576367683471,0.00437935674608265,0.00420437570683483,0.00422208851142127,0.00416733984269956,0.00407018779330123,0.00404173995563211,0.00404335021059451,0.00403637243909076,0.004021343392775,0.00403207842585769,0.00396069045585781,0.00393922038969244,0.00394888191946686,0.00388178796270005,0.00377765814179798,0.00374008552600857,0.0038388478303693,0.00379805470465509,0.00370949068172291,0.00369929240029435,0.00364830099315159,0.00361287538397871,0.00357422926488104,0.00356134722518181,0.00345775415593387,0.00351733358954279,0.00345453364600906,0.00349640027503155,0.00337724140781371,0.00346258492082108,0.00335952860322727,0.00334396280525737,0.00326774407037029,0.00313033564691188,0.00305304340871652,0.00313946042503217,0.00305465366367893,0.00309705704435555,0.00302727932931807,0.00304284512728797,0.00296286913082194,0.00290275294555889,0.00293066403157388,0.0029419358163107,0.00284585727022064,0.00281043166104777,0.00282438720405527,0.00264940616480745,0.00269019929052166,0.00267087623097282,0.00269127279382993,0.00265906769458187,0.00263491387014582,0.00257748144315344
"23","MM-0023-01","Vaginal",3.42,"Late",5,2.68,5.1,5.26419861165422,4.27805911110695,5.55250003679201,5.81721392425833,3.1138671594827,0.0234086105925801,0.0228445648332412,0.0170836130238118,0.0147429891578925,0.0140755271028968,0.0134279892883488,0.0131163172413466,0.0126101466566413,0.0123914543983947,0.01203234368366,0.0121813011003399,0.0120636532043634,0.0117334800769455,0.0106827135866716,0.0106476089725496,0.0104369812878175,0.0104421995412681,0.0101841331888035,0.010104436227013,0.00992511806298432,0.0099459910767866,0.00977189116620849,0.009816483513877,0.00955319890796187,0.00966989803058371,0.00925718162131135,0.00880983498459429,0.00882643851830065,0.00871211132906543,0.00850812505781588,0.00839284909522601,0.00833070444049649,0.00817036174356079,0.00804227734068316,0.00746162804763791,0.00742415150012927,0.00730413167076616,0.00690659563516818,0.00688145314126998,0.00654653614707885,0.00648866097244525,0.00627566135432652,0.00621446547295166,0.00617366821870175,0.00614425624470762,0.00607452140314091,0.00612622955096929,0.00609776635032982,0.00611342111068153,0.0060588666427892,0.00609397125691122,0.00584491825131583,0.00575952864939741,0.00560772491265355,0.00532404167961347,0.00530648937255246,0.00540421302808132,0.0052609482515293,0.00527802617191299,0.00519548289005852,0.00527850055859031,0.00525098613130549,0.00514662106229409,0.00523533137095378,0.00506692410050356,0.00520829133034628,0.00516891723612834,0.00514567228893944,0.00502944755299492,0.00506834726053553,0.00508779711430584,0.00497631624513457,0.00499054784545431,0.00501521595267519,0.0049189154571783,0.00481217845478028,0.00474244361321357,0.00463618099749287,0.00467840141177475,0.004683145278548,0.0044146424191823,0.00451473800809778,0.00439898765883059,0.00434870267103419,0.00429319942978721,0.00431644437697612,0.00431170051020287,0.00421824633476993,0.00409490579866555,0.00416843573365086,0.00406596821134875,0.00408921315853766,0.00414566517313928,0.00406359627796213,0.00401188813013375,0.00399054072965415,0.00400714426336051,0.00394452522195367,0.00390515112773573,0.00392270343479674,0.00381454327236674,0.00380979940559349,0.00382308223255858,0.00372156348361113,0.00373864140399481,0.00370353678987279,0.00375666809773314,0.0036110313877945,0.00356359272006205,0.00346397151782389,0.00352611617255341,0.0034312388370885,0.00349765297191394,0.00346349713114657,0.00340135247641705,0.00349622981188196,0.00327231930018477,0.00328749967385916,0.00327184491350745,0.00312004117676359,0.00309679622957469,0.00308398778928693,0.00309774500292934,0.00297630201353425,0.00299859818736851,0.00293787669267096,0.00289280995832513,0.00293740230599364,0.00295827531979592,0.00285343586410719,0.00285865411755776,0.00279935578289219,0.00280220210295614,0.00275428904854636,0.00266984821998259,0.0026817078869157,0.0026855029803343,0.00264992397953496,0.00260675479189842,0.00263616676589255
"24","MM-0024-01","C-Section",3.69,"Late",8,1.71,5.6,7.25461293822375,5.03597574366513,3.66026692957217,5.73430317000738,5.91358357839563,0.0235055499445296,0.0225883612315019,0.0169070938374364,0.0147885287613644,0.0140652173372694,0.0132963364649211,0.0133725617238177,0.0127478460150346,0.0123866045706985,0.0121819563212696,0.0121073881332186,0.0120228775200941,0.0119110252380175,0.0107137915520871,0.0108264723695865,0.0106259667972715,0.0103798917767031,0.010113103370565,0.0102564399987075,0.00980737379955574,0.00992336875874623,0.00984548642900404,0.00999710841137447,0.00971706343847172,0.00958366923540266,0.00905672070650873,0.00892332650343967,0.0089440398890094,0.00872696360823863,0.00844691863533588,0.00825138427555763,0.00822735674829674,0.00813207517467598,0.00789014283122154,0.0074477049154521,0.00744521930918374,0.00731596778322862,0.00682050360040068,0.00679813314398537,0.006504831604318,0.00636315204702104,0.00624798562325334,0.00631178285080811,0.00626207072544076,0.00615104697878701,0.00609636364088292,0.00608724975123224,0.00598533989422917,0.00624715708783055,0.00609636364088292,0.00608310707411829,0.00581217599086623,0.00564481183546281,0.00558515728502199,0.00536476686256006,0.00535482443748659,0.00530096963500529,0.00537139514594237,0.005215630486458,0.00519740270715664,0.00521811609272637,0.00511786330656888,0.0051924314946199,0.00515846154228555,0.00506483703951037,0.00500352541822397,0.00497204107215798,0.00501015370160628,0.00508057921254336,0.00503583829971275,0.00497286960758077,0.00502258173294812,0.00501015370160628,0.0049703840013124,0.00480633398760014,0.00486018879008144,0.0046861963512957,0.00468702488671849,0.00469945291806033,0.00453954558146202,0.00443763572445895,0.00445503496833752,0.00443515011819058,0.00439703748874228,0.00424541550637185,0.00433904000914703,0.0043647246072535,0.00427524278159226,0.00410539301992048,0.0042189023728426,0.00403165336729224,0.00404076725694292,0.00404739554032523,0.0040879937760419,0.00404822407574802,0.00394382861247658,0.00398691245446162,0.00399188366699836,0.00389825916422318,0.00397199881685142,0.00378474981130106,0.00378392127587827,0.0038659462827344,0.0036820114188752,0.00371349576494119,0.00366212656872826,0.00366046949788268,0.00357181620764423,0.00356601645968471,0.00356270231799355,0.0035287323656592,0.00344339321711191,0.00350387630297552,0.0033365121475721,0.00338456720209387,0.00340610912308639,0.00350056216128436,0.0032445447156425,0.00332491265165305,0.00318737577147005,0.00310949344172786,0.00311860733137854,0.00304569621417309,0.00304238207248194,0.00302581136402615,0.0029454434280156,0.00287750352334689,0.00290650226314451,0.00295124317597512,0.00291064494025845,0.00285264746066321,0.00294295782174723,0.0028460191772809,0.00281039215410096,0.0025692883460693,0.00264965628207986,0.00279464998106797,0.00272422447013088,0.00269108305321932,0.00259331587333019
"25","MM-0025-01","C-Section",3.12,"Ontime",0,0.28,5.9,7.13096174909874,3.17328736863307,6.02812708231714,5.40057208389158,3.65007520892099,0.0233601896603905,0.0228976173225602,0.0173054788741436,0.0149100763960857,0.0140342269137999,0.0133188734099434,0.0130213826499262,0.0127107082916808,0.0123673615378266,0.0121157267716463,0.0120171363848969,0.0119483523941414,0.011849188807469,0.0108346249438264,0.0107589625539954,0.0106506277685556,0.0103640278070747,0.0101123930408944,0.0101697130331906,0.00988024707209479,0.00988368627163256,0.00980171868264901,0.00985502627548447,0.0097145922943588,0.00946868952740813,0.00905311958326073,0.00867824683364363,0.00885307281014701,0.00872066362794281,0.00853609325274907,0.00845985766299513,0.00818644129974229,0.00817898970074378,0.00794111173271458,0.00748025899465319,0.00753815218687235,0.00727505342223282,0.00693399946807047,0.00684114108055064,0.00646798793070242,0.00639289874079441,0.0063298467492686,0.00633156634903748,0.00627138035712648,0.00619399836752662,0.00605241798655502,0.0061521547731504,0.00613209277584673,0.00602490439025285,0.00611718957784972,0.00610859157900529,0.00591370360519824,0.00569875363408751,0.0056477388409439,0.00533477168300669,0.00518688610288251,0.00532216128470152,0.00529808688793712,0.00520064290103359,0.00522643689756688,0.00520236250080248,0.00518917890257436,0.00519376450195805,0.00517370250465438,0.00510663811366784,0.00502696332437613,0.00505562332052423,0.00510205251428414,0.00508371011674936,0.0050470253216798,0.00511294331282042,0.005059062520062,0.00485500334748755,0.00481946495226391,0.00477934095765658,0.00484640534864312,0.00479539055549951,0.00471800856589965,0.00462572337830278,0.00464521217568348,0.00449044819648376,0.00447726459825564,0.00437007621266176,0.00440848060750021,0.0042806570246797,0.00440504140796243,0.00430817062098187,0.00411098984748296,0.00413793024386217,0.00417920063831543,0.00410468464833038,0.00403246145803718,0.00403131505819126,0.00404335225657346,0.00398087346497061,0.00403704705742088,0.00404048625695865,0.00394017627044031,0.00390693067490852,0.0039373102708255,0.00379458349000798,0.00382668268569385,0.0038438786833827,0.00375617909516953,0.00364268551042307,0.00362778231242606,0.00359797591643204,0.00357275511982171,0.00362491631281125,0.00364612470996084,0.00352976512559957,0.00350167832937443,0.00352976512559957,0.00341799114062199,0.00344607793684713,0.00336009794840284,0.00335264634940433,0.00323972596458083,0.00332685235287104,0.00317495437328613,0.00308668158515,0.00308094958592038,0.00319100397112907,0.00303566679200638,0.0029284784064125,0.00310043838330108,0.00296401680163614,0.00296630960132799,0.00294796720379321,0.00288950081165109,0.0028562552161193,0.00283504681896971,0.00278460522574906,0.00277830002659648,0.00272098003430028,0.00266366004200409,0.00261551124847529,0.00265792804277447,0.00263442684593303,0.0026619404422352
"26","MM-0026-01","Vaginal",3.85,"Late",8,0.45,4.9,6.68032435684402,2.8751902851598,4.62970632194555,5.30151448577045,3.84959901115145,0.0234663166938135,0.0228433171355707,0.017068968320862,0.0146623403373073,0.014066442445546,0.0133262281797708,0.0130057509736274,0.0127215222464029,0.0123902043736669,0.0120626129800721,0.0120741311883268,0.0119796141264726,0.0118563015439819,0.0105977679067486,0.0107695247180749,0.0106990603852231,0.0103545304500774,0.0100977421601654,0.0101980183261469,0.00979691366222109,0.0100415062022164,0.00995410332781363,0.00977015076657064,0.0097565999333299,0.0096370138299804,0.0092409907285199,0.00881312316894366,0.00883344941880476,0.00872334889872378,0.00842421425493454,0.00843607123402018,0.00827820402676561,0.00821519265219618,0.00802751361181199,0.00741467717849971,0.00742788924090942,0.00727984638775438,0.0070186540770392,0.00688179066130776,0.0064718779557755,0.00646340868500004,0.00624286887400706,0.00625777479057187,0.00619916743680569,0.0061625801870557,0.00614360902051867,0.00610566668744461,0.00610871562492378,0.00608872814589369,0.0060355411254238,0.00604672056284741,0.00584786208503961,0.00579907908537296,0.00559784921174803,0.00538340727571338,0.00532751008859535,0.00525535190158843,0.00533089779690553,0.00532784885942637,0.00533970583851201,0.00527262921397037,0.00515101048563476,0.0051388147357181,0.00513237808992875,0.00518082231876438,0.00505547711128757,0.00515947975641022,0.00503887734056767,0.00511577831920885,0.00511171306923663,0.00500059623666259,0.00493860117458623,0.0049640089869126,0.00495553971613715,0.00474617934256777,0.00480309284217887,0.00466826205143354,0.00461134855182245,0.00466182540564419,0.00463506250999374,0.00456053292716969,0.00441689409481789,0.00445551396955399,0.00434913992861421,0.00434642976196606,0.0043047609497508,0.00437353142844754,0.00424174957518138,0.00417670557562584,0.00410725755526707,0.00408625376374393,0.00409844951366059,0.00408252728460273,0.00401951591003331,0.00401985468086433,0.00412046961767679,0.00391754588989677,0.00394668018136435,0.00385046926535513,0.00388468511928799,0.00388028109848475,0.00381523709892921,0.00377763353668617,0.00375222572435979,0.00372681791203341,0.00364686799591307,0.0036492393917302,0.00366075759998482,0.00355709372569319,0.00361095828782512,0.00345309108057054,0.00351881262178811,0.0034927272677997,0.00339583881012843,0.0033768676435914,0.00345207476807749,0.00338499814353585,0.00326575081101737,0.00323932668619793,0.00319867418647573,0.00312787108279288,0.00310043064548039,0.00310178572880446,0.00298050577129988,0.0029550979589735,0.0030086237502744,0.00294154712573276,0.00291207406343416,0.00296763247972118,0.00288632748027676,0.00282975275149669,0.00280773264748049,0.00279519812673281,0.00268475883582081,0.00269526073158239,0.0027138931272884,0.00268543637748285,0.0026972933565685,0.00262615148205463,0.00261395573213797
"27","MM-0027-01","Vaginal",3.93,"Late",4,-2.06,4.4,6.79195729189963,3.77841886647074,5.68035249024835,4.26183165875214,3.89694992081678,0.0233344659154963,0.0226596302544775,0.0171069661659082,0.0146719799827559,0.0141255909231068,0.013444077610029,0.013003745377199,0.0127547082357054,0.0124451794226188,0.0120849790144964,0.0119290361987662,0.0121140464411061,0.0118901486955992,0.0107655535282553,0.0107117395087212,0.0105070891132667,0.0102533383350257,0.0101708496919442,0.0101107508234134,0.00995480800768323,0.00992809739944733,0.00983461027062167,0.0098707481523526,0.00970773488150114,0.00955886252089221,0.00917391551984539,0.00893273443959769,0.00879328935248379,0.00875361624319223,0.00839537985038131,0.00836984765133229,0.00822411771522171,0.00813612982926815,0.00796997413391835,0.00739451764765958,0.00741219378546275,0.00742515628651841,0.00700367860067837,0.00697343276488183,0.00651228196975024,0.00650010507481916,0.00622553573427658,0.00630802437735805,0.00623731982614536,0.00624753270576497,0.00617525694230312,0.00613008459013947,0.00610494519415273,0.00604327511337278,0.00606487928179888,0.00597335616828469,0.00580602206374801,0.00562690386734255,0.00561472697241148,0.0054363943821306,0.00533112316143617,0.00535233452679997,0.00518775004369934,0.00531580384200675,0.00522113830399422,0.00529852050726587,0.00520542618150251,0.0051417920854111,0.00506205306376568,0.00511272465880144,0.00508994208118846,0.00509504852099827,0.00510369018836871,0.00511586708329978,0.00513590003947671,0.00505655382089359,0.00501020305954305,0.00501059586260535,0.00490100380822569,0.0047772708436035,0.00475213144761677,0.00482322880189174,0.00461150795131599,0.00460168787475867,0.00464882424223379,0.00461386476968974,0.0045411962031656,0.00444535225596619,0.00432790414034068,0.00428548140961307,0.00434911550570448,0.00430119353210478,0.00429058784942287,0.00411696889588951,0.00423323860232814,0.00412168253263702,0.00414092988268937,0.00408436624171922,0.00397438138427727,0.00404430032936537,0.00397516699040186,0.00397752380877561,0.00394727797297908,0.00389503516569415,0.00392763781986444,0.00380704727974059,0.00382943705429128,0.00375873250307859,0.00375441166939337,0.00374302038058689,0.00371316734785264,0.00365738931300708,0.00367624385999713,0.00360514650572216,0.00356390218418143,0.00343899081037236,0.00351362339220797,0.00344802528080509,0.00347002225229348,0.0033561093642286,0.00342799232462816,0.00331682905799934,0.00332311390699602,0.00325280215884563,0.00315970783308227,0.00317816957701002,0.00310825063192193,0.00312160593603988,0.00302536918577817,0.00303243964089944,0.00298726728873578,0.00299355213773247,0.00289731538747076,0.00290634985790349,0.00286903356698569,0.00287139038535944,0.00282700363932037,0.00268873696139335,0.0027720112105994,0.00268912976445564,0.00266124074703286,0.00267263203583935,0.00267852408177374,0.00260192748462667,0.00258464414988579
"28","MM-0028-01","Vaginal",3.93,"Late",8,0.25,5.7,6.16049670536237,4.65225702218969,2.8133194549222,6.25380022147642,5.65119523578289,0.0234534166425479,0.0227277241488897,0.0171399628854044,0.0148337788219805,0.0139254217954611,0.0133469249933319,0.0129798224855429,0.0126350653477933,0.0123052051234032,0.0120501841542242,0.0121402750112082,0.0120416716323045,0.0118238929465243,0.0107261323072907,0.0106892447123051,0.0105998632321478,0.0103402313135956,0.0101767199550539,0.0101111025985892,0.0099688725448468,0.00999724761791262,0.00995645845038051,0.00985856444830345,0.00962979042171034,0.00962411540709717,0.00913854696925845,0.00892218703713162,0.00884167276730738,0.00868028953924556,0.00844513112121264,0.008355394952642,0.00827204317551118,0.00821706647144616,0.00799148464057295,0.00746441765837547,0.00735730175755203,0.00727182184994126,0.00692458189329838,0.00682207694184813,0.00653300588499015,0.00648689639125821,0.00615384397114823,0.00625883174149173,0.00624180669765225,0.00609035474516347,0.00616235649306797,0.00608822661468353,0.00602189988139219,0.0061737065222943,0.00606765468671082,0.00609673913660328,0.00589669487148929,0.00565302393153662,0.00562252072799087,0.00537317477342504,0.00532387308397319,0.0053036558444138,0.00519866807407029,0.0052394572416024,0.00520647121916339,0.00525399946654863,0.00524690569828217,0.00514652887731186,0.0051142522316995,0.00503302858504861,0.0050564380203279,0.00508623184704701,0.00504118641855503,0.00503054576615535,0.00504437861427493,0.00500075193943624,0.00499897849736963,0.00496528309810398,0.00491207983610558,0.00482092491388165,0.0047638200793367,0.00476311070251006,0.00469394646191214,0.00471451838988485,0.0046776307948993,0.00446730056579896,0.00438997849169462,0.0044492114567195,0.00436834249848193,0.00431088297552366,0.00428144383721788,0.00441303323856059,0.00419064360340728,0.00423923591603248,0.00418354983514083,0.004111193398823,0.00409133084767693,0.00408175426051722,0.00408884802878367,0.00403706352043857,0.00406331046302444,0.00406721203557099,0.00391469601784225,0.00397605711334707,0.00394945548234787,0.00385652711805733,0.00383701925532458,0.00380403323288557,0.00376147062328686,0.00370081890460868,0.00375189403612714,0.00368166573028926,0.00367244383154287,0.00361143742445137,0.00352418407477399,0.00353163253145377,0.00355929822769294,0.00346140422561588,0.00349864650901476,0.00343551197144333,0.00344863544273626,0.00336244615829886,0.00331669135298023,0.00329044441039436,0.00310068610926673,0.00311380958055967,0.00309465640624025,0.0030375515716953,0.00299037801272338,0.00309110952210702,0.00297938267191038,0.00300953118704281,0.00291447469227233,0.00287084801743364,0.0028513401547009,0.00291731219957891,0.00286304487234055,0.00280984161034215,0.00268108971630602,0.00271017416619848,0.00271017416619848,0.0026683209334264,0.00263214271526749,0.00263604428781404,0.002582131648989
"29","MM-0029-01","Vaginal",3.65,"Ontime",4,0.43,5.2,5.75234719236697,3.98029955079386,2.33799646351502,3.34950682236164,4.77462894737121,0.0232910791607086,0.0226501940420477,0.016978092589129,0.0148469484550043,0.0140317640362891,0.013378812043009,0.013127418821777,0.0126876482801017,0.0126581514754771,0.0119622950391067,0.0119777138233423,0.012174135726865,0.0117196167828774,0.0107321442098778,0.010551811472514,0.0105973974432974,0.0104137127963172,0.010108018639299,0.0102796364116601,0.00987137382037921,0.00989617795154077,0.00987338496614906,0.00987874802153535,0.00980969868343694,0.00965752198685113,0.00920166227901698,0.00877596975773068,0.00885641558852494,0.00862178191537501,0.00841731542877293,0.00836703678452651,0.0082195527614037,0.00812435852829716,0.00789508791053351,0.00746671386155407,0.0073909607042228,0.00731319640112168,0.0069330898506188,0.00694046405177494,0.00649197854509693,0.00647186708739836,0.00623187035886215,0.00623321112270872,0.00627410442002913,0.00616885445807331,0.00611120161267075,0.00607701213458319,0.00622449615770601,0.00615946911114731,0.00600930356033136,0.00611522390421047,0.0058544453360524,0.00568148679984474,0.00560975593405319,0.00540998212091411,0.00535903309474441,0.00540260791975797,0.0053268547624267,0.00528864299279943,0.00534428469243213,0.0052068563981586,0.00525244236894201,0.00512439942159448,0.00509892490850963,0.00514249973352319,0.00522227518239416,0.00522227518239416,0.0050493166461865,0.00501110487655922,0.00506071313888235,0.00507747268696449,0.00506607619426864,0.0049058549146034,0.00488976574844455,0.00479591227918457,0.00491121796998968,0.00472217026762317,0.00460552381297149,0.0046511097837549,0.00464775787413848,0.00446273246331167,0.00452574836410051,0.00437223090366813,0.00431860034980529,0.00424955101170688,0.00424619910209045,0.00428239972594787,0.00415033448706062,0.00424485833824388,0.00411279309935663,0.00419122778438104,0.00412754150166892,0.00403368803240894,0.00411346348127992,0.00409670393319778,0.00393246036199283,0.00408530744050193,0.00390899699467784,0.00393983456314897,0.00393715303545583,0.00371525661884832,0.00371927891038804,0.00383391421926986,0.0037393903680866,0.00373402731270032,0.00376620564501802,0.00369380439730319,0.00360732512919936,0.00363078849651435,0.00359190634496379,0.00350877898647639,0.00349939363955039,0.00345447805069026,0.00338140642105214,0.00343972964837798,0.00339816596913428,0.00334989847065772,0.00336196534527686,0.003355261526044,0.0032211851413869,0.00308911990249965,0.00311526479750779,0.00313001319982007,0.0030314670570971,0.00294498778899327,0.00295638428168912,0.00296040657322883,0.00295169160822612,0.00295504351784255,0.00288599417974414,0.00284778241011687,0.00281024102241288,0.00273247671931176,0.0027304655735419,0.00269627609545434,0.00262521561158608,0.00261180797312037,0.00267616463775578,0.0025595181831041,0.00259840033465466
"30","MM-0030-01","Vaginal",3.42,"Ontime",2,-0.5,5.2,7.76025421856994,4.02272289426108,4.69460165335612,3.01667459546527,4.36254002292493,0.0234067666719353,0.0226886381149548,0.0169752918013304,0.0147927442261936,0.0140084351943541,0.0134209074680794,0.0131002137840552,0.0125471843904197,0.012437352964058,0.0121624223743513,0.0119677532116012,0.0120371019006821,0.0118734108325469,0.0107884734734224,0.0107032837132316,0.0105174151455425,0.0104716520512251,0.0101016750348592,0.0101256126534252,0.00995241694262399,0.00988482837255524,0.00981547968347428,0.00987567575369176,0.00967502218630015,0.00953562076053334,0.00926737862307298,0.00879179446597461,0.0087407510146206,0.00872103768168388,0.00844469899676737,0.00836690173642781,0.00832641899914705,0.00809725150375768,0.00793989686406636,0.00740939699378713,0.00741854961265061,0.00724112961622013,0.0069918967640916,0.00691339545614716,0.00659516593874011,0.00649765534546384,0.00622518892237417,0.0062220207081522,0.00622307677955953,0.00609986844870503,0.00616288070934204,0.00610444475813677,0.0060622019018438,0.00610831701996362,0.00604002440228998,0.00601679083132885,0.00595589071350648,0.00572566714670979,0.00559295417318937,0.00545883310445919,0.0053331606069876,0.00533632882120957,0.00524515465637725,0.00521558465697217,0.00529514203632393,0.00520713608571357,0.00516313311040839,0.00509624858794452,0.00520044763346718,0.00514271572986679,0.00515433251534736,0.00511455382567148,0.00505858204108329,0.0050867439452786,0.00510927346863485,0.00504133287476366,0.00502689989886356,0.00497268823328758,0.00488045799704793,0.0047952682368571,0.00478013121335212,0.004807941093745,0.00469212526274177,0.00466748359657087,0.00463016907351207,0.00451646538532349,0.00447070229100611,0.00443092360133023,0.004354182412398,0.00439008884024702,0.00431229157990747,0.00430419503245131,0.00423167812914838,0.00413416753587211,0.00412360682179886,0.00411832646476224,0.00408523622733275,0.00407115527523509,0.00407045122763021,0.00405496218032278,0.00401870372867132,0.0040032146813639,0.00399265396729065,0.00389725551682903,0.0038553646843385,0.0038673334936215,0.0037916483760966,0.0037729911145672,0.00377651135259162,0.00375715004345734,0.00370012218746183,0.00361739659388809,0.00363042147457843,0.00362549314134424,0.00357973004702686,0.00349876457246533,0.00347799516812129,0.00354206350016563,0.00349278016782383,0.0033973817173622,0.00344842516871621,0.00334035386136669,0.00331078386196161,0.00329142255282733,0.00319496803095838,0.00311717077061883,0.00309675339007722,0.00310696208034802,0.00303338910563777,0.00300769136805954,0.00297530517823493,0.00298551386850573,0.00293200625053464,0.00292109351265895,0.00283555172866569,0.00284998470456578,0.00281407827671676,0.00274015327820406,0.00273416887356255,0.00272572030230396,0.00267784506517193,0.00264721899435952,0.00267010054151822,0.00263525018507651,0.002578222329081
"31","MM-0031-01","Vaginal",3.07,"Late",1,2.11,5.2,6.89251245977913,4.5478199565777,5.54021329943647,7.05215501683373,4.52035938462784,0.023397090906464,0.0228489720287803,0.0171406796312885,0.0149527191030716,0.0140361776519201,0.0132510221920421,0.0130370120206895,0.0127092242898835,0.0123936270118762,0.0122098672233941,0.0121985797670991,0.0119330987950415,0.0119547707111278,0.0107443038980553,0.0106887696130841,0.0105271332389401,0.0104214826480192,0.0101650316409975,0.0101271057878464,0.00990632314271679,0.00989729317768082,0.00990903213222758,0.00982008697662323,0.00965167812870229,0.00973610830178866,0.00915909353598983,0.00881956685063715,0.00872520371601121,0.00877125653769469,0.00850532406738521,0.00837529257086717,0.00822629814777357,0.00822900713728436,0.00801048198341376,0.00731246568613286,0.00754092380154304,0.00725377091339902,0.00697474499378738,0.00684245600601034,0.00651647426821163,0.00659368046926922,0.00615166368075823,0.00628079218077268,0.00615888765278701,0.00617288409859277,0.00604646458808912,0.00617152960383737,0.00621577643251365,0.00609567789753518,0.00606587901291646,0.00594623197618979,0.00582071546218973,0.00573989727511775,0.00559270884503135,0.00529517149709596,0.00536741121738377,0.00534754529430462,0.00526401811772185,0.00529426850059237,0.00519674487820383,0.00524866717716069,0.00518410292715347,0.005135792614211,0.00508703080301673,0.00498318620510301,0.00512585965267142,0.0051710094778513,0.00507213136070737,0.00508522481000954,0.00505678042014621,0.00500305212818216,0.0049872496893692,0.00494887233796631,0.00486173317536914,0.00482967679949143,0.00483915826277921,0.00482290432571445,0.00466623443234028,0.00466487993758488,0.00460167018233305,0.0045113705319733,0.00441971638685815,0.00436869708440489,0.00433257722426099,0.00439668997601641,0.00426801297425376,0.00428200942005953,0.00420660921200913,0.00417590733088681,0.00413211200046233,0.00409644363857023,0.00406709625220331,0.00401697994625365,0.00405309980639755,0.0041443024532609,0.00412940301095154,0.00401652844800185,0.00396460614904499,0.00395015820498743,0.00382780217874996,0.0038160632242032,0.00381786921721039,0.00381154824168521,0.00373253604762042,0.00374833848643338,0.00360611653711677,0.00367609876614558,0.00362869144970671,0.00354245528361314,0.00354380977836854,0.00354380977836854,0.003522589360534,0.00348962998815269,0.00342009925737568,0.00342912922241165,0.00338217340422458,0.00333431458953391,0.00331986664547635,0.00329774323113821,0.00313746135174965,0.00312933438321727,0.00314378232727483,0.00314694281503742,0.00304896769439709,0.00299027292166325,0.00295686205103014,0.00290629424682868,0.00288055884647615,0.00286701389892218,0.0028981672782963,0.00284534198283584,0.00280199815066316,0.00274826985869911,0.00272930693212356,0.00274556086918831,0.00270131404051203,0.00270086254226024,0.00270898951079261,0.0026390072817638,0.00262320484295085
"32","MM-0032-01","Vaginal",3.62,"Ontime",8,0.21,5.1,7.37984619230615,2.84839759952819,2.66083736769628,5.52716419273721,3.98212655672522,0.0231879388045003,0.0227345547623478,0.0169481217919335,0.0147215931524941,0.0140871277962086,0.0133886712988386,0.0129902016401701,0.0127011069105894,0.012541355976818,0.0121905392955528,0.0120557494451832,0.0119214134326936,0.0118043232596452,0.0106896974262854,0.0107800111644118,0.0105653458471565,0.0102585514402545,0.0101968294885701,0.0100792854776417,0.00995402622275271,0.00992951897723095,0.00980970577690237,0.00992997281511099,0.00981605950722283,0.00958550986416632,0.00922788561470072,0.0088743459061554,0.00872821010878494,0.00870188751174305,0.00856392079621318,0.0084037160245617,0.00824532660443037,0.00813504399958247,0.00794670127936898,0.00735761971108681,0.00740572652637025,0.00731858965340401,0.00683162160812914,0.0069468964296574,0.0065280040663874,0.00651438892998643,0.00626795496112879,0.00625343214896775,0.00627703171872944,0.00625433982472781,0.00610684251371725,0.00619715625184372,0.00611183473039761,0.00614314954411985,0.00605465115751351,0.00610457332431709,0.00585314713877908,0.00580594799925571,0.00563984333516381,0.00536844828290438,0.00534893325406298,0.0053602792010638,0.00516467507476979,0.00521958945825372,0.00524591205529561,0.00521142037641314,0.00514152934288813,0.00512473734132693,0.0051437985322883,0.00504622338808131,0.00508843031092433,0.00502443916983975,0.00500810100615858,0.0050866149594042,0.00507753820180355,0.00499493970763764,0.00501717776375923,0.00496453256967546,0.0049609018666352,0.00490961818619153,0.00481295071774461,0.00487512650730906,0.00469903740985645,0.00462370032177106,0.00464412302637252,0.00452204063664378,0.00446667241527981,0.00442083478939653,0.0043672819195527,0.00434095932251081,0.00431554440122899,0.00425654547682477,0.00423203823130301,0.00414853206137704,0.00412901703253564,0.00411222503097444,0.00410723281429408,0.0040573106474905,0.00409543302941323,0.00409452535365317,0.00403598026712898,0.00398378891092524,0.00398378891092524,0.00388258306367799,0.00390890566071988,0.00379136164979146,0.00383946846507491,0.00384173765447507,0.00372419364354665,0.0036633793676223,0.00371057850714568,0.00357715017041612,0.00369060964042425,0.00356398887189518,0.00357351946737586,0.0035712502779757,0.0034999977308106,0.00352768184149258,0.00338608442292244,0.00339425350476303,0.00344190648216644,0.00336157717740069,0.00334251598643932,0.00327852484535474,0.00316960375414694,0.0031201354252234,0.00308700525998103,0.00315099640106561,0.00304025995833768,0.00300440676581512,0.00301302968553573,0.00287551680788589,0.00291500070344871,0.00284057129112339,0.00288050902456624,0.00283694058808312,0.0027988182061604,0.00279564134100017,0.00265722078759026,0.00271531203623442,0.00268490489827224,0.00262681364962808,0.00267945884371185,0.00269262014223279,0.0026313520284284
"33","MM-0033-01","Vaginal",3.27,"Ontime",7,-1.05,6,8.04443237212892,3.47690008320375,3.1644644993886,6.54877567983962,4.56040926636212,0.0234502438054845,0.0228167610688741,0.0169753235052303,0.0148126388342867,0.0139979108641195,0.0132689898161193,0.0131323992053228,0.0125750920016566,0.0124323723249911,0.0120252272351171,0.0120401121093706,0.0119867016782258,0.011859304666233,0.0107950361571107,0.0105883990792392,0.0106356804445149,0.0102797568336895,0.0102162772229027,0.0102460469714097,0.00994046925879455,0.00996454773185162,0.00982095247434767,0.00989887916896872,0.00968830197732421,0.00959505261803049,0.00909290700718589,0.00886613157003027,0.00878864266582844,0.00870108458198457,0.00850583005501274,0.00824271801306192,0.00833465400109798,0.00819806339030154,0.00806497510285886,0.00741573191115656,0.00743937259379441,0.0072695099111373,0.00695430080929937,0.00686017586916721,0.00653883770146021,0.00654277781523318,0.00631512679723912,0.00619298327027692,0.00616627805470454,0.00619342106069614,0.00608090892295677,0.00613213040200543,0.00606339730618799,0.00606339730618799,0.00616452689302766,0.0060612083540919,0.00572542310255065,0.0057219207791969,0.0055362976414479,0.00540933841987428,0.00528456815039677,0.00546012210850373,0.00532790940189948,0.00530207976716554,0.00523903794679796,0.0052377245755403,0.00523422225218654,0.00522065074919074,0.00505297701862973,0.00506217061743334,0.00507442874917148,0.00512302348570483,0.00506654852162553,0.00509500489887479,0.0049820549707162,0.00495841428807835,0.00498161718029698,0.00495666312640148,0.00486428934794619,0.00475484174314136,0.00479380509045188,0.0047762934736831,0.00462525577905243,0.00460993311437975,0.00459154591677254,0.00450486341376711,0.00449172970119053,0.00444007043172264,0.00432887166524093,0.00433543852152922,0.0043621437371016,0.0043371896832061,0.00426101415026193,0.00420322581492498,0.00410910087479282,0.00424569148558925,0.00401804046759519,0.0040364276652024,0.00401191140172612,0.00413755725204207,0.00397688816818857,0.00406707299454776,0.00396287887477355,0.00394317830590868,0.00386306265919154,0.00378644933582816,0.00381490571307741,0.00373741680887559,0.00379126503043957,0.00379301619211645,0.00368838428192302,0.00364022733580889,0.00363015815616685,0.00356930528789536,0.00361965118610558,0.00348787626992056,0.00350276114417402,0.00344716176093316,0.00345460419805989,0.00346598674895959,0.00339462691062684,0.0033644193717007,0.00336266821002382,0.00333333625193613,0.00309605384471924,0.0031131276710688,0.00312713696448381,0.00310393407226519,0.00305008585070121,0.00300805797045615,0.00302863412015946,0.00298748182075284,0.0029480806830231,0.00291043070697024,0.00279003834168492,0.00288066095846332,0.00281543018599964,0.00281017670096901,0.002760268593178,0.00271517617999841,0.00268847096442603,0.00266439249136896,0.00265125877879238,0.00268190410813774,0.00266833260514194
"34","MM-0034-01","Vaginal",3.38,"Late",0.5,-0.26,5.2,7.04881379333226,4.17640256551352,3.11669744320102,5.4406864838672,4.40653667020517,0.0230288061384061,0.0228918418981137,0.0171054790211422,0.0147394593976283,0.0141577376517707,0.0132524190744529,0.0129205441845134,0.0126872534455537,0.0123493581494476,0.0122229296199468,0.0122086311553009,0.0119798557209662,0.0117698940559025,0.010747177558334,0.0109225218879392,0.0107178280782713,0.0103686445206026,0.0100774073722884,0.0101090145046636,0.0098268079655994,0.0100442951383715,0.0097252136115363,0.0098207875594327,0.00962738201132739,0.00960932079282729,0.00918111940422061,0.00872808384017628,0.00893127254830247,0.00886504808046875,0.0084436196487996,0.00834955080244489,0.00823290543296504,0.00834729315013237,0.00799058408475528,0.00745552048668963,0.00730802053560543,0.0072335180092925,0.00704763796889557,0.00682262528841508,0.00672404113743534,0.00663448759570564,0.00631540606887044,0.00637034227514159,0.00612651582539016,0.00602868422518125,0.00610168164995251,0.00598955158509769,0.00611748521614011,0.00607760002528571,0.00607910512682738,0.00608437298222325,0.00590225569568051,0.00566670730440829,0.00560876089505378,0.00532354415290628,0.00523399061117658,0.00535740893759397,0.00526710284509344,0.00537622270686492,0.00520388858034307,0.00530548293440617,0.00531451354365622,0.00517980695567627,0.00510304677705081,0.00521367174036396,0.00503080190305039,0.00511358248784254,0.0051226130970926,0.00496156723213332,0.00514970492484275,0.00497812334909175,0.00502929680150871,0.00495253662288326,0.0049314652012998,0.00483062339800755,0.00479751116409069,0.00467258773613162,0.00459131225288114,0.00450853166808899,0.00452960308967244,0.00456497297590182,0.00442274088021348,0.0044430597510261,0.00436103171700479,0.00435275365852557,0.00428652919069185,0.00424513889829577,0.00422707767979567,0.00417816187969121,0.00413150373189927,0.00413902923960765,0.00410441190414911,0.00409161854104487,0.00413526648575346,0.00404797059633628,0.00400507520239853,0.00395916960537743,0.00395164409766905,0.00390724360218962,0.00392605737146057,0.00381392730660574,0.00388165687598114,0.00381166965429323,0.00367621051554243,0.0037334043741261,0.00374920794031369,0.00360471819231284,0.00354526668141666,0.00362202686004211,0.0035061340413331,0.0035339784198541,0.00358364677072939,0.00355128708758336,0.00346098099508283,0.00336766469949895,0.00346775395202037,0.00334057287174879,0.00326682289620669,0.00329316217318601,0.00319758822528962,0.00310728213278909,0.00319758822528962,0.00306212908653882,0.00293871076012143,0.00296956534172578,0.00299289441562175,0.00301471838797604,0.00305385102805961,0.00283335365220415,0.00285291997224593,0.00290635107697541,0.00285818782764179,0.0027347695012244,0.00270165726730754,0.00269488431037,0.0026828434980366,0.00261210372557785,0.00261210372557785,0.00261661903020287,0.00264295830718219
"35","MM-0035-01","C-Section",3.49,"Late",3,-0.39,5.9,7.45954637390603,3.84116804354865,3.4838802538141,4.11902410314227,4.18038659279099,0.0233394782509501,0.0226571668028026,0.0169815954680559,0.0147090684426912,0.0140118593646714,0.0133108194675417,0.0131988744202162,0.0127574789294308,0.0123173603783487,0.0120249411862855,0.0120594185582755,0.0120189821343366,0.01188234958608,0.0107403398447326,0.0107820532083749,0.0106930930757093,0.010337678191615,0.0102516975849239,0.010205727755604,0.00997162214332627,0.00994906287523405,0.00981200468040966,0.00989585705426185,0.0097332600653708,0.0095391652304642,0.00919779668310656,0.00885387425634224,0.00878023740011671,0.00878534515893004,0.00842397122288684,0.00826052294086024,0.00818858867090582,0.0081851834983636,0.00796810374879702,0.00736240868284947,0.00741263497784722,0.0073521931652228,0.00683035047312744,0.00683801211134744,0.00653878257419977,0.00645918666602536,0.00636213924857206,0.00620294743222323,0.00627488170217765,0.00619060368175768,0.00625317372722099,0.00616293665485214,0.00610802824760882,0.00603354009824774,0.00606035583201773,0.00600374483850331,0.00587392263533113,0.00568280732639898,0.00565471465292566,0.00540400882450464,0.00525801205175692,0.00536016722802355,0.00526439675027358,0.00529589459628913,0.00524737088756248,0.00519501635972583,0.00527376097476469,0.00512563596917808,0.00522693985230915,0.00516266722057473,0.00506689674282477,0.00510009717511142,0.0050187986806659,0.00499879329198035,0.0050873277780781,0.00499921893854813,0.00501241398214923,0.00500262411109035,0.00487790966673151,0.00479405729287932,0.00480171893109931,0.00474468229101711,0.00473616935966156,0.00473446677339045,0.00467870707301158,0.00459144952661717,0.00445907344403833,0.00447737624645277,0.00439224693289724,0.00432712300802727,0.00427264024735173,0.00428413270468173,0.00422028571951509,0.00420113162396509,0.00414622321672178,0.00416410037256844,0.00407386330019959,0.00404406804045515,0.00401044196160072,0.00406662730854737,0.00405513485121737,0.0039423385107563,0.00396191825287407,0.00390786113876631,0.00391594842355409,0.00381336760071968,0.0037559053140697,0.00382358311834635,0.00376399259885748,0.00369078138919973,0.00365587837064196,0.00365587837064196,0.00362012405894864,0.00356181047916311,0.00354350767674867,0.00355116931496867,0.00350605077878424,0.00340261866281428,0.00343624474166871,0.0034345421553976,0.00345199366467649,0.00332557663404653,0.00328854538264988,0.00322129322494102,0.00311105076388661,0.0031170098158355,0.00304252166647442,0.00306210140859219,0.00301655722583998,0.00298974149206999,0.00291823286868335,0.00292546886033557,0.0030067673547811,0.00296505399113889,0.00294930506813112,0.00283608308110227,0.00275776411263119,0.00276585139741896,0.00271775333526009,0.0027100916970401,0.00266752704026233,0.00268072208386344,0.00267220915250789,0.00269902488627788,0.00259346453746903
"36","MM-0036-01","C-Section",3.6,"Ontime",3,-0.09,5.2,5.21338616786816,2.84579110371371,3.30990375572274,5.82199076847272,5.49457561650212,0.023334771253823,0.0228253257117849,0.0169262426567756,0.0147346010967325,0.0139989252636552,0.0134017228832794,0.0129504020004,0.0127686199781292,0.012414173527181,0.0121463442153712,0.0120352235434502,0.0120329441450518,0.011845463626785,0.0107809845747412,0.0106892387892064,0.0106875292404076,0.0103393511350549,0.0101131208440156,0.0100681027256476,0.0100304926520743,0.00990740513856178,0.00982762619461845,0.00987720310978324,0.00975696484426865,0.00956036673240832,0.009172299155084,0.00878537127695887,0.00879733811855037,0.00876599639057264,0.00840756099242727,0.0084269358788135,0.00824458400694305,0.00811237889983697,0.00798245319112927,0.0073049020172106,0.00743995637231465,0.00726672209403772,0.00688435301270936,0.00693222037907535,0.00667920715685509,0.0064187858898401,0.00628999988033158,0.00626264709955102,0.00618742695240445,0.00611163695565829,0.00615551537482712,0.00605522184529837,0.00619939379399595,0.00621819883078259,0.00593213433178581,0.00600792432853197,0.00575377140711252,0.00578853223268783,0.0054848023961036,0.00528877413384285,0.00535943548419266,0.0052124142874971,0.00523007962508455,0.00524660526347281,0.00526199120266188,0.00523292887308253,0.00511610970516552,0.00523235902348293,0.00519759819790763,0.00515485947793799,0.00501467647643757,0.00505000715161247,0.0051292162459562,0.00501353677723838,0.00514289263634649,0.00505000715161247,0.00500213978524648,0.00489443821092299,0.00484771054375619,0.00471835468464808,0.00483232460456712,0.00481522911657926,0.00476223310381691,0.00470923709105456,0.00458500987834281,0.00460837371192621,0.00439866905927519,0.00446591131202742,0.00438955146568166,0.00431889011533186,0.00435137154250879,0.00435593033930555,0.004301794627344,0.00415591312984764,0.00415477343064845,0.00410291711708529,0.00402883666913791,0.00405220050272132,0.00403681456353225,0.00402655727073953,0.00412400155227031,0.00399122659556463,0.00397299140837759,0.00387212802924924,0.00380944457329377,0.00377126465012089,0.00376955510132211,0.00380887472369418,0.00369319525497635,0.00374049277174275,0.00365900427900064,0.00366527262459619,0.00360828766463667,0.00356269969666906,0.00354959315587837,0.00358492383105327,0.00350457503751035,0.00352565947269537,0.00341054985357715,0.00342593579276622,0.00343733278475812,0.00335470459281682,0.00332222316563989,0.00331994376724151,0.00314670948896458,0.00315297783456012,0.00320141505052571,0.0030851657322083,0.0029791737066836,0.00303046017064716,0.00306864009382004,0.00296264806829533,0.00294498273070788,0.00296948626349048,0.0028486781483763,0.00290509325873622,0.00285437664437225,0.00279568213561395,0.00275237356604471,0.00273470822845726,0.00268114236609532,0.00265264988611556,0.00272673033406293,0.00266974537410341,0.0026121905645443
"37","MM-0037-01","Vaginal",3.91,"Ontime",6,1.13,5.9,6.95224036600524,2.59191872937568,4.21077847665466,5.48368681551921,4.70077260935687,0.0234271337011345,0.0227306776169136,0.0170956842848606,0.014780420266671,0.0140122406011106,0.0135121864732677,0.0129611884932585,0.0126521738110392,0.012414212396315,0.0120287819358463,0.0118823183608682,0.0121755806677465,0.0118119354072173,0.0107411090409585,0.0107729489485625,0.0105993376628905,0.010262504956133,0.0102286541069962,0.0101622930364111,0.00987841512335283,0.00988143153565215,0.00999270363380486,0.00980803216970202,0.00965821702550243,0.00954694492734971,0.00916654182071317,0.00878245198793301,0.00878546840023233,0.00876535898490353,0.00842852627814606,0.00834909408759728,0.00826396422937201,0.00824821185403112,0.00792243932570449,0.00747869156078222,0.00741635237326292,0.0073674194626295,0.00690858963621062,0.00688010129782815,0.00660058042475777,0.00641021129297843,0.006274472739509,0.00620140853048101,0.00615783813060194,0.00619604601972667,0.00621112808122327,0.0060844387646518,0.0060485769739821,0.00609281768770547,0.00610387786613631,0.00612901463529732,0.00586055394065779,0.00570470597185955,0.00559008230448537,0.00539468581887383,0.00530754501911567,0.00523917300699774,0.00527168322844597,0.00521068466861527,0.00526799650230236,0.00524855740081785,0.00517951507485562,0.00513326341959937,0.00519325650866364,0.00505919373980495,0.00512186808424638,0.00513661498882084,0.00504679293368552,0.00511214853350413,0.00511684073041418,0.00501495302608158,0.00505550701366133,0.00491842783250332,0.00494591070011935,0.00483430344504449,0.00474247044837628,0.00473911887915481,0.004730404799179,0.00464091790096582,0.00457388651653648,0.00452931064589096,0.00438787442474504,0.0044478675138093,0.00435804545867398,0.00428900313271175,0.00428464609272384,0.00425615775434137,0.00419415372374423,0.00423638349593471,0.00418543964376841,0.00411204027781828,0.00408556288096868,0.0040993043147767,0.00411036449320754,0.0040527175025983,0.00403562449956882,0.00402020728115007,0.00393641805061339,0.00391563832144029,0.00387441402001624,0.00381978344170632,0.0037909599464017,0.00382950299244858,0.00381542640171842,0.00369342928205701,0.00363645260529206,0.00363913386066923,0.00367432533749464,0.00355366884552182,0.00355702041474329,0.00350942813179845,0.00354327898093527,0.00344608347351272,0.00342664437202821,0.00346217100577576,0.00345513271041068,0.0033505637507009,0.00331738321540837,0.00334587155379084,0.00320678143109995,0.00313338206514981,0.003149804754335,0.00310556404061163,0.00297451768405226,0.00302479122237427,0.00296814970253147,0.0029704958009865,0.00295574889641204,0.00292089257650878,0.00287430576433039,0.0028629104289774,0.00277409384460852,0.00276437429386626,0.00273555079856164,0.00275599537081259,0.00270237026326911,0.00266516784491083,0.00264807484188134,0.00266248658953365,0.00264472327265988
"38","MM-0038-01","Vaginal",3.95,"Late",1,0.67,4.9,8.70497222495871,4.60181534972849,2.67310409759017,7.08596633005148,4.09491164702547,0.0234541815101316,0.0228581245279187,0.0169865807194693,0.0147094622133258,0.0139207473733848,0.0133153009287917,0.0129797145881643,0.0126660369930907,0.01231619257996,0.0120063403214117,0.0120320744034909,0.0119840838179919,0.0118644551121102,0.0106813828521987,0.0107095512393395,0.0105631451777808,0.0103127595143075,0.0101913920190961,0.0101580072639663,0.00985997877285986,0.00998412833099872,0.00977303930637607,0.00980572854577398,0.00968714311349008,0.00955151754577537,0.00918811057587312,0.00877879956766742,0.00880175158681914,0.00881740069078622,0.00833679932006382,0.00836670649653425,0.00833888586725943,0.00815700850337534,0.00798869369626272,0.00741072012307846,0.00742323940625213,0.00734812370721013,0.00696419902321771,0.00686960888368334,0.00660983375782977,0.00650341985085361,0.0062245180423736,0.0062502521244528,0.00622625683170328,0.00612227722978866,0.00617583194114268,0.00605689875099285,0.00613931736521948,0.00607532991788741,0.00608054628587644,0.00601342901775095,0.00586841398765599,0.00565419514223992,0.00561524626125518,0.00537598884949179,0.00533877875783672,0.00540937360462156,0.00529078817233767,0.00528835386727612,0.00522123659915064,0.00525427359641448,0.00519793682213298,0.0051200390601635,0.00511969130229757,0.00505987694935672,0.00509778255674365,0.00511934354443163,0.00507969914771502,0.00507830811625128,0.00496667784128609,0.0049934551969631,0.00502718770995881,0.0048926054158419,0.00482757469491202,0.00484426707247691,0.00489295317370784,0.00473820092336669,0.00463526459504988,0.00467908208615771,0.00462796167986524,0.00453580584539242,0.00446799306153506,0.00444399776878553,0.00428994103417625,0.00439565942542054,0.00429550516003121,0.00434836435565336,0.00420960896714523,0.00425899058410802,0.00418387488506603,0.0041609228659143,0.00407363564156458,0.00411258452254932,0.00407606994662612,0.00398495738575111,0.00405277016960847,0.00396374415592906,0.00394948608342572,0.00392479527494432,0.00386046006974632,0.00380725311625824,0.00380933966345385,0.00379229952802302,0.00377317284539659,0.00371266297672387,0.0036931885362315,0.0036931885362315,0.00368171252665564,0.00359059996578063,0.00351826632966611,0.00354713023253873,0.00353669749656067,0.0034963575841122,0.00341359121201962,0.00339620331872287,0.00339759435018661,0.00341115690695808,0.00332595622980396,0.0033075250629094,0.0031305163091484,0.00309956585908017,0.00310930307932635,0.0030999136169461,0.00298480576332156,0.00300845329820515,0.00298758782624904,0.00302166809711069,0.00293055553623567,0.00293055553623567,0.0028982140547037,0.00286448154170799,0.00281544768261113,0.00279388669492315,0.00277371673869891,0.0027024263761822,0.00266695507385682,0.00271390238575806,0.00275424229820654,0.00267530126263926,0.00262313758274898
"39","MM-0039-01","C-Section",3.97,"Ontime",4,-0.19,5.9,6.65892551149237,2.89646561618943,3.00162211964968,6.53286238696942,3.50868217947054,0.0235107426463883,0.0226534333098267,0.017105113851933,0.0147127926703707,0.014044836268884,0.0133030879147578,0.0129699799021352,0.0126876908757643,0.012402617247407,0.012186462518213,0.0120921341259239,0.0119891038524272,0.011922621480002,0.0106987889069811,0.0106984408317328,0.0105644318611375,0.0103179945853414,0.0101432608106951,0.0101568357453788,0.0099459021449093,0.00990378503986506,0.00989125433092628,0.00988986202993308,0.00973462046919151,0.00960269995008601,0.00916621358871846,0.00877323663338835,0.00877776161161625,0.00882057486715708,0.00845996890991882,0.0082737486520786,0.00834858483046299,0.00810353985566016,0.00790861771661245,0.00735691844805777,0.00752155804050343,0.00726815925974141,0.0068762265301562,0.00685081703703033,0.00655077617299618,0.00649334375702677,0.00629563701599267,0.00627684095258449,0.00625491221194163,0.00611811863935993,0.00613413010078171,0.00603771325700275,0.0061390031542579,0.00609027261949597,0.00609549374822047,0.00605476894416943,0.00584070266646525,0.0057397608444584,0.00565691893536312,0.00533286087919631,0.00530501485933235,0.00537741451097864,0.00525384779783233,0.00529422452663507,0.00522182487498877,0.00527647268897179,0.00523261520768606,0.00517344241547515,0.00519571923136631,0.00504709110034244,0.00509791008659416,0.00512505995596152,0.00509129665687647,0.00508711975389688,0.00499348751210432,0.00496912224472335,0.00504465457360434,0.00496703379323356,0.00481596913547158,0.00477037127794435,0.0048051788027743,0.00477454818092395,0.00472233689367902,0.00462522389940347,0.00467813133714499,0.00453124358236261,0.00438087507509724,0.00437983084935234,0.00436869244140675,0.0043359733680666,0.0042719275223795,0.0043342329918251,0.00421101435392709,0.00418212410831823,0.00422528543910737,0.00409336492000187,0.00407700538333179,0.00410485140319575,0.00405542471793722,0.00405333626644743,0.00398963849600862,0.00403906518126715,0.00396770975536575,0.00389983508194736,0.00391897922060383,0.00385458529966842,0.00386537563236571,0.00381490472136228,0.00379262790547112,0.00368402842800168,0.00371083022212074,0.00358552313273293,0.00357542895053224,0.00359039618620912,0.0035374887484676,0.00350546582562405,0.00353157146924651,0.0035381848989642,0.00342366814227367,0.00341740278780428,0.0034020874768791,0.00344072382944034,0.00330462640735525,0.0032033365101001,0.00316678860902865,0.00302686235921226,0.00309647740887216,0.00312188690199802,0.00302790658495716,0.00302581813346737,0.00298091642643673,0.00294158392337889,0.00291547827975643,0.00296351266402176,0.0028705765727258,0.00285839393903532,0.00276615399823595,0.00276615399823595,0.00263841038211005,0.00272125229120532,0.00274318103184819,0.00266277564949101,0.00265790259601482,0.0026707813802019,0.00261195666323929
"40","MM-0040-01","Vaginal",2.87,"Ontime",4,-1.28,4.1,7.05914974469906,4.77726189156459,2.94110631094643,3.8758783359503,4.08159528090502,0.0234077369883763,0.0227944308830391,0.016987294353121,0.0147883181077444,0.0140228688119983,0.0134190293940644,0.0130904001027812,0.0126515515224462,0.0124128557614936,0.0120707026310629,0.0121024836530594,0.0120166072744731,0.0117670924422025,0.0106371756814324,0.0106946519978091,0.0105127563612758,0.0103795465456734,0.010150317472124,0.0101577555836551,0.00985279301087993,0.00990621217551239,0.00973310703442493,0.00982709771649976,0.0098385929797751,0.00973851657008391,0.00923610594575588,0.00876074299972276,0.00883850507482064,0.00883377173111903,0.00847268522588192,0.00842535178886582,0.0082191132418671,0.00807508435494668,0.00784315051356779,0.00740227335736069,0.00721970152887002,0.00726230162218451,0.00691879610783909,0.00685996740754765,0.0065624429463036,0.00643126170657326,0.00620879455259759,0.00623584223089251,0.00616957541906997,0.00618512783408954,0.00606882281742141,0.00625274702982683,0.00610533718311954,0.00605259421044446,0.00604312752304124,0.00617971829843056,0.00586799380608167,0.00569083151324998,0.00568136482584676,0.00529728779405898,0.00530134494580321,0.00537775463698635,0.00518368754522034,0.00534800219086194,0.00528511633882627,0.00521073522351525,0.00519180184870881,0.00522493525462008,0.00509375401488975,0.0051248588449289,0.00514108745190585,0.0050450681939589,0.00514582079560746,0.00505385868940475,0.00500720144434602,0.00508225875161441,0.00503695389047043,0.00504912534570314,0.0049504013199267,0.00478270571449823,0.00484762014240603,0.00479217240190145,0.00456091475247993,0.00466775308174485,0.00462785775625985,0.0045169622752507,0.00436887623658604,0.00438104769181875,0.00440606679424155,0.00436143812505494,0.00421132351051817,0.00432221899152732,0.00411598044452859,0.0041382947791219,0.00412544713193181,0.00415249481022673,0.00414438050673825,0.00398479920479826,0.00403010406594224,0.0040733803512141,0.00408825657427631,0.00399426589220148,0.0039239419286347,0.00391718000906097,0.00392326573667733,0.00376977016235369,0.00370012239074428,0.00374677963580301,0.0038292750546025,0.00368862712746895,0.00365211276177081,0.00372378910925233,0.00369538904704267,0.00348103619655548,0.00365955087330191,0.00351822675421099,0.00347089331719489,0.00350605529897827,0.00349320765178819,0.00348036000459811,0.00341138842494607,0.00337014071554633,0.00333633111767769,0.00334038826942192,0.0031517307133149,0.00311454015565939,0.00305638764732532,0.00307599721408914,0.00301378755401083,0.00300432086660761,0.00294549216631617,0.00296442554112261,0.00301108278618134,0.00281566331050058,0.0028427109887955,0.00284338718075287,0.0027953775517794,0.00273790123540271,0.00271220594102254,0.00280484423918262,0.00276359652978287,0.0027879394402483,0.00262768194635093,0.00257088182193161,0.00261415810720347
